0.sledgehammer initialize Params for sledgehammer: {abduce = SOME 0, cache_dir = NONE, compress = NONE, debug = false, expect =
0.sledgehammer initialize  "", fact_filter = NONE, fact_thresholds = (0.45, 0.85), falsify =
0.sledgehammer initialize  SOME false, induction_rules = NONE, instantiate = NONE, isar_proofs = NONE,
0.sledgehammer initialize  lam_trans = NONE, learn = true, max_facts = NONE, max_mono_iters = NONE,
0.sledgehammer initialize  max_new_mono_instances = NONE, max_proofs = 4, minimize = true, overlord =
0.sledgehammer initialize  false, preplay_timeout = 1.000, provers = ["cvc5_proof"], slices = 144,
0.sledgehammer initialize  smt_proofs = true, spy = false, strict = false, timeout = 30.000, try0 =
0.sledgehammer initialize  false, type_enc = NONE, uncurried_aliases = NONE, verbose = false}
0.sledgehammer goal.by         7051ms Ordered_Resolution_Prover.Clausal_Logic 35:979  some (SH 7048ms, ATP 1106ms): Try this: by (smt (z3) literal.collapse(1) literal.disc(1)) (79 ms)
0.sledgehammer goal.by         6429ms Ordered_Resolution_Prover.Clausal_Logic 38:1061  some (SH 6428ms, ATP 722ms): Try this: by (smt (z3) literal.collapse(2) literal.disc(2)) (29 ms)
0.sledgehammer goal.by        39139ms Ordered_Resolution_Prover.Clausal_Logic 41:1138  some (SH 39138ms, ATP 917ms): Try this: by (smt (z3) literal.exhaust_sel literal.simps(15,16)) (38 ms)
0.sledgehammer goal.by         8865ms Ordered_Resolution_Prover.Clausal_Logic 44:1222  some (SH 8865ms, ATP 229ms): Try this: by (smt (z3) literal.exhaust_sel) (229 ms)
0.sledgehammer goal.unfolding 38049ms Ordered_Resolution_Prover.Clausal_Logic 59:1522  some (SH 38046ms, ATP 741ms): Try this: apply (smt (z3) literal.disc(1) literal.sel(1) uminus_literal_def) (100 ms)
0.sledgehammer goal.by         6404ms Ordered_Resolution_Prover.Clausal_Logic 59:1551  some (SH 6404ms, ATP 738ms): Try this: apply (smt (verit, ccfv_threshold) Neg_atm_of_iff literal.sel(1)) (68 ms)
0.sledgehammer goal.by        33396ms Ordered_Resolution_Prover.Clausal_Logic 62:1618  some (SH 33395ms, ATP 728ms): Try this: by (smt (z3) literal.sel(1,2) uminus_literal_def) (65 ms)
0.sledgehammer goal.by        55528ms Ordered_Resolution_Prover.Clausal_Logic 65:1706  some (SH 55528ms, ATP 870ms): Try this: by (smt (verit, best) Neg_atm_of_iff Pos_atm_of_iff atm_of_uminus uminus_literal_def) (600 ms)
0.sledgehammer goal.by        26261ms Ordered_Resolution_Prover.Clausal_Logic 68:1795  some (SH 26260ms, ATP 895ms): Try this: by (smt (z3) Neg_atm_of_iff Pos_atm_of_iff uminus_literal_def) (139 ms)
0.sledgehammer goal.by         3425ms Ordered_Resolution_Prover.Clausal_Logic 71:1872  some (SH 3424ms, ATP 683ms): Try this: by (smt (verit) uminus_not_id) (20 ms)
0.sledgehammer goal.by        62900ms Ordered_Resolution_Prover.Clausal_Logic 74:1957  some (SH 62899ms, ATP 875ms): Try this: by (smt (z3) atm_of_uminus literal.exhaust_sel uminus_not_id) (202 ms)
0.sledgehammer goal.by         4905ms Ordered_Resolution_Prover.Clausal_Logic 77:2051  some (SH 4904ms, ATP 726ms): Try this: by (smt (z3) uminus_of_uminus_id) (37 ms)
0.sledgehammer goal.by        51760ms Ordered_Resolution_Prover.Clausal_Logic 80:2119  some (SH 51759ms, ATP 971ms): Try this: by (smt (verit, ccfv_SIG) atm_of_uminus literal.expand uminus_not_id) (112 ms)
0.sledgehammer goal.apply      1532ms Ordered_Resolution_Prover.Clausal_Logic 93:2516  none (SH 1531ms): Prover error:
0.sledgehammer goal.apply      1532ms Ordered_Resolution_Prover.Clausal_Logic 93:2516  none cannot atomize goal
0.sledgehammer goal.unfolding  9750ms Ordered_Resolution_Prover.Clausal_Logic 94:2538  some (SH 9694ms, ATP 1064ms): Try this: apply (smt (z3) less_eq_literal_def less_le_not_le less_literal_def) (288 ms)
0.sledgehammer goal.by        10634ms Ordered_Resolution_Prover.Clausal_Logic 94:2585  some (SH 10633ms, ATP 694ms): Try this: apply (smt (z3) less_le_not_le) (440 ms)
0.sledgehammer goal.by         1564ms Ordered_Resolution_Prover.Clausal_Logic 102:2698  none (SH 1563ms): Prover error:
0.sledgehammer goal.by         1564ms Ordered_Resolution_Prover.Clausal_Logic 102:2698  none cannot atomize goal
0.sledgehammer goal.unfolding 138463ms Ordered_Resolution_Prover.Clausal_Logic 107:2820  some (SH 138404ms, ATP 182ms): Try this: by (smt (z3) cvc_arith_rewrite_defs(5) le_boolE less_literal_def literal.disc(1,2) literal.sel(1,2) order_refl) (354 ms)
0.sledgehammer goal.by        35523ms Ordered_Resolution_Prover.Clausal_Logic 107:2847  some (SH 35522ms, ATP 649ms): Try this: by (smt (z3) Neg_atm_of_iff less_bool_def literal.disc(1) literal.sel(1,2) order_refl) (146 ms)
0.sledgehammer goal.unfolding 59173ms Ordered_Resolution_Prover.Clausal_Logic 110:2912  some (SH 59173ms, ATP 906ms): Try this: by (smt (z3) less_literal_def literal.disc(1) literal.sel(1) order_less_irrefl) (187 ms)
0.sledgehammer goal.by        11218ms Ordered_Resolution_Prover.Clausal_Logic 110:2939  some (SH 11217ms, ATP 622ms): Try this: by (smt (z3) less_bool_def literal.disc(1) literal.sel(1)) (109 ms)
0.sledgehammer goal.unfolding 152316ms Ordered_Resolution_Prover.Clausal_Logic 113:3004  timeout (SH 152315ms):
0.sledgehammer goal.by        45693ms Ordered_Resolution_Prover.Clausal_Logic 113:3031  some (SH 45692ms, ATP 575ms): Try this: by (smt (z3) Neg_atm_of_iff less_bool_def less_le_not_le literal.disc(1) literal.sel(1,2)) (274 ms)
0.sledgehammer goal.unfolding 141194ms Ordered_Resolution_Prover.Clausal_Logic 116:3119  some (SH 141193ms, ATP 618ms): Try this: by (smt (z3) le_boolE less_literal_def literal.disc(1,2) literal.sel(1,2) order_less_imp_le) (198 ms)
0.sledgehammer goal.by        14786ms Ordered_Resolution_Prover.Clausal_Logic 116:3146  some (SH 14785ms, ATP 631ms): Try this: by (smt (z3) le_boolE less_le_not_le literal.disc(1) literal.sel(1,2)) (262 ms)
0.sledgehammer goal.unfolding 63055ms Ordered_Resolution_Prover.Clausal_Logic 119:3211  some (SH 63055ms, ATP 557ms): Try this: by (smt (z3) less_le_not_le less_literal_def literal.disc(2) literal.sel(2)) (136 ms)
0.sledgehammer goal.by         8430ms Ordered_Resolution_Prover.Clausal_Logic 119:3238  some (SH 8429ms, ATP 617ms): Try this: by (smt (z3) Neg_atm_of_iff less_bool_def literal.sel(2)) (112 ms)
0.sledgehammer goal.unfolding  6302ms Ordered_Resolution_Prover.Clausal_Logic 122:3289  some (SH 6301ms, ATP 531ms): Try this: by (smt (verit, ccfv_SIG) order_less_imp_le pos_less_neg) (28 ms)
0.sledgehammer goal.by        29215ms Ordered_Resolution_Prover.Clausal_Logic 122:3319  some (SH 29215ms, ATP 558ms): Try this: by (smt (z3) le_boolE literal.disc(1) literal.sel(1,2) nle_le order_refl) (338 ms)
0.sledgehammer goal.unfolding 97905ms Ordered_Resolution_Prover.Clausal_Logic 125:3382  some (SH 97904ms, ATP 651ms): Try this: by (smt (z3) less_eq_literal_def literal.disc(1) literal.sel(1) order_less_imp_le order_refl) (276 ms)
0.sledgehammer goal.by        13396ms Ordered_Resolution_Prover.Clausal_Logic 125:3412  some (SH 13395ms, ATP 557ms): Try this: by (smt (z3) less_le_not_le literal.disc(1) literal.sel(1) order_refl) (195 ms)
0.sledgehammer goal.unfolding 56844ms Ordered_Resolution_Prover.Clausal_Logic 128:3498  some (SH 56843ms, ATP 569ms): Try this: by (smt (z3) le_boolE less_eq_literal_def literal.disc(2) literal.sel(1,2) nle_le order_less_imp_le) (401 ms)
0.sledgehammer goal.by        26515ms Ordered_Resolution_Prover.Clausal_Logic 128:3528  some (SH 26514ms, ATP 589ms): Try this: by (smt (z3) le_boolE less_le_not_le literal.disc(1) literal.sel(1,2) nle_le) (262 ms)
0.sledgehammer goal.unfolding 120566ms Ordered_Resolution_Prover.Clausal_Logic 131:3611  some (SH 120565ms, ATP 559ms): Try this: by (smt (z3) le_boolE less_eq_literal_def literal.disc(1,2) literal.sel(1,2)) (184 ms)
0.sledgehammer goal.by        11679ms Ordered_Resolution_Prover.Clausal_Logic 131:3641  some (SH 11679ms, ATP 628ms): Try this: by (smt (z3) le_boolE literal.disc(1,2) literal.sel(1,2)) (165 ms)
0.sledgehammer goal.unfolding 140249ms Ordered_Resolution_Prover.Clausal_Logic 134:3704  some (SH 140248ms, ATP 590ms): Try this: by (smt (z3) less_eq_literal_def literal.disc(2) literal.sel(2) order_less_imp_le order_refl) (159 ms)
0.sledgehammer goal.by        10922ms Ordered_Resolution_Prover.Clausal_Logic 134:3734  some (SH 10921ms, ATP 498ms): Try this: by (smt (z3) Neg_atm_of_iff less_le_not_le literal.sel(2) order_refl) (199 ms)
0.sledgehammer goal.unfolding 92123ms Ordered_Resolution_Prover.Clausal_Logic 137:3825  some (SH 92122ms, ATP 529ms): Try this: by (smt (z3) less_eq_literal_def order_less_imp_le) (60 ms)
0.sledgehammer goal.using      4230ms Ordered_Resolution_Prover.Clausal_Logic 137:3855  some (SH 4229ms, ATP 606ms): Try this: by (smt (z3) order_less_imp_le) (38 ms)
0.sledgehammer goal.by         3240ms Ordered_Resolution_Prover.Clausal_Logic 137:3873  some (SH 3239ms, ATP 515ms): Try this: by (smt (z3)) (146 ms)
0.sledgehammer goal.apply      1496ms Ordered_Resolution_Prover.Clausal_Logic 143:3946  none (SH 1496ms): Prover error:
0.sledgehammer goal.apply      1496ms Ordered_Resolution_Prover.Clausal_Logic 143:3946  none cannot atomize goal
0.sledgehammer goal.unfolding 20351ms Ordered_Resolution_Prover.Clausal_Logic 144:3968  some (SH 20307ms, ATP 197ms): Try this: by (smt (z3) less_eq_literal_def less_le_not_le nle_le) (242 ms)
0.sledgehammer goal.by        12709ms Ordered_Resolution_Prover.Clausal_Logic 144:4015  some (SH 12709ms, ATP 598ms): Try this: by (smt (z3) less_le_not_le nle_le) (208 ms)
0.sledgehammer goal.proof      1499ms Ordered_Resolution_Prover.Clausal_Logic 152:4092  none (SH 1498ms): Prover error:
0.sledgehammer goal.proof      1499ms Ordered_Resolution_Prover.Clausal_Logic 152:4092  none cannot atomize goal
0.sledgehammer goal.by        79603ms Ordered_Resolution_Prover.Clausal_Logic 156:4285  some (SH 79556ms, ATP 370ms): Try this: by (smt (verit) ih less_literal_def literal.exhaust_sel literal.sel(2) not_less_iff_gr_or_eq pos_less_neg) (1.0 s)
0.sledgehammer goal.by        21893ms Ordered_Resolution_Prover.Clausal_Logic 159:4434  timeout (SH 21892ms): Timed out
0.sledgehammer goal.by         7870ms Ordered_Resolution_Prover.Clausal_Logic 161:4484  some (SH 7868ms, ATP 972ms): Try this: by (smt (z3) literal.exhaust_sel) (50 ms)
0.sledgehammer goal.by         3846ms Ordered_Resolution_Prover.Clausal_Logic 185:5100  some (SH 3840ms, ATP 499ms): Try this: by (smt (verit, ccfv_threshold) Max_in_mset) (32 ms)
0.sledgehammer goal.by        241176ms Ordered_Resolution_Prover.Clausal_Logic 188:5206  some (SH 241175ms, ATP 3829ms): Try this: by (smt (verit, ccfv_SIG) Max_ge Max_in finite_imageI image_iff image_is_empty leq_imp_less_eq_atm_of multiset.set_finite nle_le set_mset_eq_empty_iff) (260 ms)
0.sledgehammer goal.proof     152175ms Ordered_Resolution_Prover.Clausal_Logic 193:5394  some (SH 152174ms, ATP 938ms): Try this: by (smt (verit) Max_less_iff empty_iff ex_gt_imp_less_multiset max multiset.set_finite neg pos_less_neg) (366 ms)
0.sledgehammer goal.using      3217ms Ordered_Resolution_Prover.Clausal_Logic 195:5434  some (SH 3216ms, ATP 447ms): Try this: by (smt (verit) max pos_less_neg) (19 ms)
0.sledgehammer goal.by         3119ms Ordered_Resolution_Prover.Clausal_Logic 195:5444  some (SH 3119ms, ATP 526ms): Try this: by (smt (verit) pos_less_neg) (19 ms)
0.sledgehammer goal.using     67672ms Ordered_Resolution_Prover.Clausal_Logic 197:5476  some (SH 67671ms, ATP 834ms): Try this: by (smt (cvc5, best) Max_less_iff empty_iff ex_gt_imp_less_multiset multiset.set_finite neg) (468 ms)
0.sledgehammer goal.by        55003ms Ordered_Resolution_Prover.Clausal_Logic 197:5486  some (SH 55003ms, ATP 607ms): Try this: by (smt (verit, ccfv_SIG) Max_less_iff empty_iff ex_gt_imp_less_multiset multiset.set_finite) (335 ms)
0.sledgehammer goal.using     126595ms Ordered_Resolution_Prover.Clausal_Logic 201:5641  some (SH 126594ms, ATP 562ms): Try this: by (smt (z3) Max_ge cvc_arith_rewrite_defs(5) multiset.set_finite pos_less_neg) (110 ms)
0.sledgehammer goal.by        130570ms Ordered_Resolution_Prover.Clausal_Logic 201:5673  some (SH 130569ms, ATP 598ms): Try this: by (smt (z3) Max_ge cvc_arith_rewrite_defs(5) multiset.set_finite pos_less_neg) (80 ms)
0.sledgehammer goal.proof      7665ms Ordered_Resolution_Prover.Clausal_Logic 204:5750  some (SH 7664ms, ATP 693ms): Try this: by (smt (z3) Max_lt_imp_lt_mset cvc_arith_rewrite_defs(5)) (40 ms)
0.sledgehammer goal.by         3596ms Ordered_Resolution_Prover.Clausal_Logic 209:5927  some (SH 3592ms, ATP 522ms): Try this: by (smt (verit, ccfv_SIG) Max_in_mset) (23 ms)
0.sledgehammer goal.using     32302ms Ordered_Resolution_Prover.Clausal_Logic 211:6004  some (SH 32302ms, ATP 1421ms): Try this: by (smt (z3) count_greater_zero_iff count_gt_imp_in_mset ex_gt not_less_iff_gr_or_eq) (417 ms)
0.sledgehammer goal.by        28239ms Ordered_Resolution_Prover.Clausal_Logic 211:6016  some (SH 28238ms, ATP 1533ms): Try this: by (smt (verit, ccfv_SIG) count_greater_zero_iff count_gt_imp_in_mset not_less_iff_gr_or_eq) (189 ms)
0.sledgehammer goal.by        74196ms Ordered_Resolution_Prover.Clausal_Logic 213:6117  some (SH 74195ms, ATP 625ms): Try this: by (smt (verit, best) Max_less_iff empty_iff multiset.set_finite) (237 ms)
0.sledgehammer goal.by         3060ms Ordered_Resolution_Prover.Clausal_Logic 215:6201  some (SH 3060ms, ATP 446ms): Try this: by (smt (z3) cvc_arith_rewrite_defs(5)) (16 ms)
0.sledgehammer goal.unfolding 59609ms Ordered_Resolution_Prover.Clausal_Logic 222:6348  some (SH 59609ms, ATP 1128ms): Try this: by (smt (verit, best) Collect_empty_eq atms_of_def empty_iff image_def set_mset_empty) (255 ms)
0.sledgehammer goal.by         3733ms Ordered_Resolution_Prover.Clausal_Logic 222:6370  some (SH 3732ms, ATP 458ms): Try this: by (smt (z3) image_empty set_mset_empty) (22 ms)
0.sledgehammer goal.unfolding 44950ms Ordered_Resolution_Prover.Clausal_Logic 225:6441  some (SH 44949ms, ATP 751ms): Try this: by (smt (z3) atms_of_def atms_of_empty image_insert set_mset_add_mset_insert) (39 ms)
0.sledgehammer goal.by        22623ms Ordered_Resolution_Prover.Clausal_Logic 225:6463  some (SH 22622ms, ATP 579ms): Try this: by (smt (cvc5, quant_saturate) atms_of_def atms_of_empty image_insert set_mset_add_mset_insert) (51 ms)
0.sledgehammer goal.unfolding 20692ms Ordered_Resolution_Prover.Clausal_Logic 228:6561  some (SH 20691ms, ATP 584ms): Try this: by (smt (verit, del_insts) atms_of_def image_insert set_mset_add_mset_insert) (46 ms)
0.sledgehammer goal.by        22804ms Ordered_Resolution_Prover.Clausal_Logic 228:6583  some (SH 22804ms, ATP 624ms): Try this: by (smt (verit, del_insts) image_insert set_mset_add_mset_insert) (27 ms)
0.sledgehammer goal.unfolding 28309ms Ordered_Resolution_Prover.Clausal_Logic 231:6669  some (SH 28308ms, ATP 517ms): Try this: by (smt (verit, del_insts) atms_of_def image_Un set_mset_sup) (55 ms)
0.sledgehammer goal.by        26917ms Ordered_Resolution_Prover.Clausal_Logic 231:6691  some (SH 26916ms, ATP 534ms): Try this: by (smt (verit, best) image_Un set_mset_sup) (29 ms)
0.sledgehammer goal.by         8249ms Ordered_Resolution_Prover.Clausal_Logic 234:6750  some (SH 8248ms, ATP 726ms): Try this: by (smt (verit, ccfv_threshold) atms_of_def finite_imageI multiset.set_finite) (37 ms)
0.sledgehammer goal.by        21362ms Ordered_Resolution_Prover.Clausal_Logic 237:6841  some (SH 21361ms, ATP 749ms): Try this: by (smt (z3) atms_of_def image_eqI) (91 ms)
0.sledgehammer goal.unfolding 54790ms Ordered_Resolution_Prover.Clausal_Logic 240:6939  some (SH 54789ms, ATP 615ms): Try this: by (smt (z3) atms_of_def image_Un set_mset_union) (27 ms)
0.sledgehammer goal.by        25296ms Ordered_Resolution_Prover.Clausal_Logic 240:6961  some (SH 25295ms, ATP 638ms): Try this: by (smt (z3) image_Un set_mset_union) (30 ms)
0.sledgehammer goal.by        82432ms Ordered_Resolution_Prover.Clausal_Logic 243:7035  some (SH 82431ms, ATP 935ms): Try this: by (smt (cvc5, best) atms_of_def image_iff in_diffD) (119 ms)
0.sledgehammer goal.unfolding  4750ms Ordered_Resolution_Prover.Clausal_Logic 246:7136  some (SH 4749ms, ATP 635ms): Try this: by (smt (z3) atm_of_lit_in_atms_of literal.sel(1)) (33 ms)
0.sledgehammer goal.by        19301ms Ordered_Resolution_Prover.Clausal_Logic 246:7158  some (SH 19301ms, ATP 785ms): Try this: by (smt (verit, best) image_iff literal.sel(1)) (267 ms)
0.sledgehammer goal.unfolding 17554ms Ordered_Resolution_Prover.Clausal_Logic 249:7225  some (SH 17553ms, ATP 670ms): Try this: by (smt (verit, del_insts) atm_of_lit_in_atms_of literal.sel(2)) (49 ms)
0.sledgehammer goal.by        18760ms Ordered_Resolution_Prover.Clausal_Logic 249:7247  some (SH 18759ms, ATP 709ms): Try this: by (smt (cvc5, best) image_iff literal.sel(2)) (260 ms)
0.sledgehammer goal.unfolding 112659ms Ordered_Resolution_Prover.Clausal_Logic 252:7331  some (SH 112658ms, ATP 997ms): Try this: by (smt (verit, best) atms_of_def image_iff literal.exhaust_sel) (393 ms)
0.sledgehammer goal.by         8239ms Ordered_Resolution_Prover.Clausal_Logic 252:7378  some (SH 8239ms, ATP 585ms): Try this: by (smt (z3) literal.exhaust_sel) (110 ms)
0.sledgehammer goal.by        24988ms Ordered_Resolution_Prover.Clausal_Logic 255:7494  some (SH 24988ms, ATP 593ms): Try this: by (smt (z3) atm_imp_pos_or_neg_lit neg_lit_in_atms_of pos_lit_in_atms_of) (80 ms)
0.sledgehammer goal.by        50285ms Ordered_Resolution_Prover.Clausal_Logic 258:7649  some (SH 50284ms, ATP 775ms): Try this: by (smt (verit, del_insts) atm_of_uminus literal.collapse(1,2) uminus_literal_def) (366 ms)
0.sledgehammer goal.by        116158ms Ordered_Resolution_Prover.Clausal_Logic 261:7779  some (SH 116157ms, ATP 943ms): Try this: by (smt (z3) atm_of_eq_atm_of f_inv_into_f image_eqI inv_into_into) (167 ms)
0.sledgehammer goal.unfolding 12902ms Ordered_Resolution_Prover.Clausal_Logic 264:7925  some (SH 12901ms, ATP 674ms): Try this: by (smt (z3) atms_of_def image_mono) (41 ms)
0.sledgehammer goal.by         4468ms Ordered_Resolution_Prover.Clausal_Logic 264:7947  some (SH 4467ms, ATP 618ms): Try this: by (smt (z3) image_mono) (19 ms)
0.sledgehammer goal.unfolding 24222ms Ordered_Resolution_Prover.Clausal_Logic 267:8019  some (SH 24218ms, ATP 739ms): Try this: by (smt (z3) atms_of_def image_is_empty set_mset_eq_empty_iff) (92 ms)
0.sledgehammer goal.by         8769ms Ordered_Resolution_Prover.Clausal_Logic 267:8068  some (SH 8768ms, ATP 270ms): Try this: by (smt (z3) empty_iff multiset_nonemptyE set_mset_empty) (92 ms)
0.sledgehammer goal.unfolding 150499ms Ordered_Resolution_Prover.Clausal_Logic 272:8201  some (SH 150499ms, ATP 1135ms): Try this: apply (smt (z3) atms_of_def image_cong image_ident image_image literal.sel(1) multiset.set_map) (276 ms)
0.sledgehammer goal.by        22464ms Ordered_Resolution_Prover.Clausal_Logic 272:8233  timeout (SH 22463ms): Timed out
0.sledgehammer goal.unfolding 16640ms Ordered_Resolution_Prover.Clausal_Logic 275:8325  some (SH 16637ms, ATP 989ms): Try this: by (smt (z3) Max_atm_of_set_mset_commute atms_of_def leq_imp_less_eq_atm_of less_eq_Max_lit less_eq_multiset_empty_right) (320 ms)
0.sledgehammer goal.by        73694ms Ordered_Resolution_Prover.Clausal_Logic 276:8349  some (SH 73693ms, ATP 818ms): Try this: by (smt (z3) Max_atm_of_set_mset_commute leq_imp_less_eq_atm_of less_eq_Max_lit less_eq_multiset_empty_right) (342 ms)
0.sledgehammer goal.by        85535ms Ordered_Resolution_Prover.Clausal_Logic 281:8569  some (SH 85534ms, ATP 971ms): Try this: by (smt (verit, ccfv_SIG) Max.boundedE Max_eqI atms_empty_iff_empty empty_iff finite_atms_of less_eq_Max_atms_of) (408 ms)
0.sledgehammer goal.unfolding  6755ms Ordered_Resolution_Prover.Clausal_Logic 285:8800  some (SH 6754ms, ATP 721ms): Try this: by (smt (verit, best) Max_atm_of_set_mset_commute atms_of_def) (60 ms)
0.sledgehammer goal.by        49797ms Ordered_Resolution_Prover.Clausal_Logic 289:8979  some (SH 49796ms, ATP 775ms): Try this: by (smt (verit, best) Max_atm_of_set_mset_commute atms_of_def literal.exhaust_sel) (170 ms)
0.sledgehammer goal.unfolding 24966ms Ordered_Resolution_Prover.Clausal_Logic 292:9123  some (SH 24965ms, ATP 652ms): Try this: by (smt (z3) atm_of_lit_in_atms_of less_literal_def literal.sel(1)) (159 ms)
0.sledgehammer goal.by        28640ms Ordered_Resolution_Prover.Clausal_Logic 292:9162  some (SH 28639ms, ATP 833ms): Try this: by (smt (z3) image_eqI literal.sel(1)) (129 ms)
0.sledgehammer goal.unfolding 153670ms Ordered_Resolution_Prover.Clausal_Logic 295:9265  timeout (SH 153670ms):
0.sledgehammer goal.by        64301ms Ordered_Resolution_Prover.Clausal_Logic 295:9295  some (SH 64300ms, ATP 774ms): Try this: by (smt (z3) atm_of_lit_in_atms_of le_boolE literal.disc(2) literal.sel(2) nle_le) (571 ms)
0.sledgehammer goal.unfolding 53090ms Ordered_Resolution_Prover.Herbrand_Interpretation 29:849  some (SH 53089ms, ATP 846ms): Try this: apply (smt (z3) literal.disc(1) literal.sel(1) true_lit_def) (109 ms)
0.sledgehammer goal.by        22963ms Ordered_Resolution_Prover.Herbrand_Interpretation 29:872  some (SH 22962ms, ATP 772ms): Try this: apply (smt (z3) Pos_atm_of_iff literal.sel(1)) (118 ms)
0.sledgehammer goal.by        136916ms Ordered_Resolution_Prover.Herbrand_Interpretation 32:963  some (SH 136915ms, ATP 1108ms): Try this: by (smt (z3) Neg_atm_of_iff Pos_atm_of_iff true_lit_simps(1,2)) (299 ms)
0.sledgehammer goal.unfolding 34649ms Ordered_Resolution_Prover.Herbrand_Interpretation 38:1130  some (SH 34648ms, ATP 627ms): Try this: by (smt (verit, ccfv_SIG) empty_iff set_mset_empty true_cls_def) (189 ms)
0.sledgehammer goal.by         5354ms Ordered_Resolution_Prover.Herbrand_Interpretation 38:1153  some (SH 5353ms, ATP 563ms): Try this: by (smt (z3) empty_iff set_mset_empty) (30 ms)
0.sledgehammer goal.unfolding 118058ms Ordered_Resolution_Prover.Herbrand_Interpretation 41:1216  some (SH 118056ms, ATP 892ms): Try this: by (smt (verit, ccfv_threshold) multi_member_last set_mset_add_mset_insert set_mset_empty singletonD true_cls_def) (355 ms)
0.sledgehammer goal.by        65624ms Ordered_Resolution_Prover.Herbrand_Interpretation 41:1239  some (SH 65623ms, ATP 1063ms): Try this: by (smt (z3) empty_iff insert_DiffM insert_noteq_member multi_member_last set_mset_empty) (168 ms)
0.sledgehammer goal.unfolding 152294ms Ordered_Resolution_Prover.Herbrand_Interpretation 44:1316  timeout (SH 152294ms):
0.sledgehammer goal.by        152483ms Ordered_Resolution_Prover.Herbrand_Interpretation 44:1339  timeout (SH 152482ms):
0.sledgehammer goal.unfolding 23859ms Ordered_Resolution_Prover.Herbrand_Interpretation 47:1405  some (SH 23858ms, ATP 1674ms): Try this: by (smt (z3) true_cls_def union_iff) (350 ms)
0.sledgehammer goal.by        10978ms Ordered_Resolution_Prover.Herbrand_Interpretation 47:1428  some (SH 10977ms, ATP 1513ms): Try this: by (smt (verit, best) union_iff) (364 ms)
0.sledgehammer goal.unfolding  7541ms Ordered_Resolution_Prover.Herbrand_Interpretation 50:1502  some (SH 7539ms, ATP 973ms): Try this: by (smt (z3) in_mono true_cls_def) (345 ms)
0.sledgehammer goal.by         4294ms Ordered_Resolution_Prover.Herbrand_Interpretation 50:1535  some (SH 4293ms, ATP 698ms): Try this: by (smt (z3)) (205 ms)
0.sledgehammer goal.using     86032ms Ordered_Resolution_Prover.Herbrand_Interpretation 57:1721  some (SH 86030ms, ATP 1098ms): Try this: apply (smt (verit, ccfv_threshold) assms subset_eq true_cls_def true_lit_iff) (2.1 s)
0.sledgehammer goal.unfolding 45090ms Ordered_Resolution_Prover.Herbrand_Interpretation 57:1733  some (SH 45089ms, ATP 1102ms): Try this: apply (smt (verit, ccfv_threshold) subset_eq true_cls_def true_lit_iff) (1.7 s)
0.sledgehammer goal.by        30679ms Ordered_Resolution_Prover.Herbrand_Interpretation 57:1767  some (SH 30678ms, ATP 1004ms): Try this: apply (smt (z3) true_lit_iff) (1.3 s)
0.sledgehammer goal.by        237487ms Ordered_Resolution_Prover.Herbrand_Interpretation 60:1892  some (SH 237486ms, ATP 868ms): Try this: by (smt (z3) multi_member_last replicate_mset_0 set_mset_add_mset_insert set_mset_replicate_mset_subset singletonD true_cls_def true_cls_empty) (632 ms)
0.sledgehammer goal.using     36825ms Ordered_Resolution_Prover.Herbrand_Interpretation 63:1994  some (SH 36823ms, ATP 1886ms): Try this: by (smt (z3) literal.disc(1) literal.sel(1) true_cls_def true_lit_def) (568 ms)
0.sledgehammer goal.by        31833ms Ordered_Resolution_Prover.Herbrand_Interpretation 63:2013  some (SH 31832ms, ATP 1013ms): Try this: by (smt (cvc5, quant_saturate) literal.disc(1) literal.sel(1) true_lit_def) (382 ms)
0.sledgehammer goal.using     32482ms Ordered_Resolution_Prover.Herbrand_Interpretation 66:2099  some (SH 32482ms, ATP 953ms): Try this: by (smt (cvc5, quant_saturate) literal.disc(2) literal.sel(2) true_cls_def true_lit_def) (413 ms)
0.sledgehammer goal.by        33766ms Ordered_Resolution_Prover.Herbrand_Interpretation 66:2118  some (SH 33766ms, ATP 951ms): Try this: by (smt (z3) literal.disc(2) literal.sel(2) true_lit_def) (423 ms)
0.sledgehammer goal.using      8031ms Ordered_Resolution_Prover.Herbrand_Interpretation 69:2191  some (SH 8030ms, ATP 2747ms): Try this: by (smt (cvc5, best) true_cls_def true_lit_simps(1,2)) (132 ms)
0.sledgehammer goal.by         8375ms Ordered_Resolution_Prover.Herbrand_Interpretation 69:2210  some (SH 8371ms, ATP 2668ms): Try this: by (smt (verit, del_insts) true_lit_simps(1,2)) (153 ms)
0.sledgehammer goal.by         7093ms Ordered_Resolution_Prover.Herbrand_Interpretation 75:2373  some (SH 7092ms, ATP 757ms): Try this: by (smt (verit, ccfv_threshold) empty_iff true_clss_def) (151 ms)
0.sledgehammer goal.unfolding 23986ms Ordered_Resolution_Prover.Herbrand_Interpretation 78:2456  some (SH 23985ms, ATP 810ms): Try this: by (smt (verit, best) singletonD singletonI true_clss_def) (343 ms)
0.sledgehammer goal.by         7315ms Ordered_Resolution_Prover.Herbrand_Interpretation 78:2480  some (SH 7314ms, ATP 862ms): Try this: by (smt (z3) singletonD singletonI) (69 ms)
0.sledgehammer goal.unfolding 20947ms Ordered_Resolution_Prover.Herbrand_Interpretation 81:2558  some (SH 20945ms, ATP 495ms): Try this: by (smt (z3) insert_iff true_clss_def) (376 ms)
0.sledgehammer goal.by        38820ms Ordered_Resolution_Prover.Herbrand_Interpretation 81:2582  some (SH 38819ms, ATP 1180ms): Try this: by (smt (z3) insert_iff) (382 ms)
0.sledgehammer goal.unfolding 18051ms Ordered_Resolution_Prover.Herbrand_Interpretation 84:2657  some (SH 18051ms, ATP 303ms): Try this: by (smt (z3) Un_iff true_clss_def) (147 ms)
0.sledgehammer goal.by         9783ms Ordered_Resolution_Prover.Herbrand_Interpretation 84:2681  some (SH 9782ms, ATP 1407ms): Try this: by (smt (verit, ccfv_threshold) Un_iff) (768 ms)
0.sledgehammer goal.unfolding 26056ms Ordered_Resolution_Prover.Herbrand_Interpretation 87:2757  some (SH 26055ms, ATP 842ms): Try this: by (smt (verit, best) Union_iff true_clss_def) (390 ms)
0.sledgehammer goal.by         8044ms Ordered_Resolution_Prover.Herbrand_Interpretation 87:2781  some (SH 8044ms, ATP 778ms): Try this: by (smt (verit, best) Union_iff) (729 ms)
0.sledgehammer goal.by        18498ms Ordered_Resolution_Prover.Herbrand_Interpretation 90:2844  some (SH 18497ms, ATP 524ms): Try this: by (smt (cvc5, best) subset_Un_eq true_clss_union) (54 ms)
0.sledgehammer goal.unfolding 28827ms Ordered_Resolution_Prover.Herbrand_Interpretation 93:2962  some (SH 28826ms, ATP 319ms): Try this: by (smt (verit, del_insts) set_mset_mono true_cls_mono true_clss_def) (141 ms)
0.sledgehammer goal.by        27423ms Ordered_Resolution_Prover.Herbrand_Interpretation 93:3012  some (SH 27423ms, ATP 1218ms): Try this: by (smt (z3) mset_subset_eqD) (592 ms)
0.sledgehammer goal.by         7032ms Ordered_Resolution_Prover.Herbrand_Interpretation 96:3100  some (SH 7031ms, ATP 690ms): Try this: by (smt (verit, ccfv_SIG) set_mset_mono true_cls_mono true_clss_singleton) (122 ms)
0.sledgehammer goal.using      4906ms Ordered_Resolution_Prover.Herbrand_Interpretation 102:3315  some (SH 4905ms, ATP 1255ms): Try this: by (smt (z3) true_clss_mono) (57 ms)
0.sledgehammer goal.by         4570ms Ordered_Resolution_Prover.Herbrand_Interpretation 102:3336  some (SH 4569ms, ATP 1241ms): Try this: by (smt (z3)) (89 ms)
0.sledgehammer goal.using      4641ms Ordered_Resolution_Prover.Herbrand_Interpretation 105:3422  some (SH 4640ms, ATP 676ms): Try this: by (smt (z3) true_clss_mono) (133 ms)
0.sledgehammer goal.by         4050ms Ordered_Resolution_Prover.Herbrand_Interpretation 105:3449  some (SH 4049ms, ATP 625ms): Try this: by (smt (verit, ccfv_threshold)) (443 ms)
0.sledgehammer goal.unfolding 35339ms Ordered_Resolution_Prover.Herbrand_Interpretation 111:3627  some (SH 35338ms, ATP 580ms): Try this: by (smt (verit, ccfv_threshold) empty_iff set_mset_empty true_cls_mset_def) (112 ms)
0.sledgehammer goal.by         4228ms Ordered_Resolution_Prover.Herbrand_Interpretation 111:3655  some (SH 4227ms, ATP 445ms): Try this: by (smt (z3) empty_iff set_mset_empty) (40 ms)
0.sledgehammer goal.by        118793ms Ordered_Resolution_Prover.Herbrand_Interpretation 114:3723  some (SH 118793ms, ATP 694ms): Try this: by (smt (verit, best) set_mset_add_mset_insert set_mset_empty singletonD true_cls_mset_def union_single_eq_member) (455 ms)
0.sledgehammer goal.unfolding 74414ms Ordered_Resolution_Prover.Herbrand_Interpretation 117:3826  some (SH 74414ms, ATP 195ms): Try this: by (smt (cvc5, term_relev) ball_Un set_mset_union true_cls_mset_def) (655 ms)
0.sledgehammer goal.by        66474ms Ordered_Resolution_Prover.Herbrand_Interpretation 117:3854  some (SH 66473ms, ATP 991ms): Try this: by (smt (cvc5, quant_saturate) ball_Un set_mset_union) (1.3 s)
0.sledgehammer goal.unfolding 30189ms Ordered_Resolution_Prover.Herbrand_Interpretation 120:3936  some (SH 30188ms, ATP 1453ms): Try this: by (smt (verit, ccfv_threshold) in_Union_mset_iff true_cls_mset_def) (280 ms)
0.sledgehammer goal.by         8125ms Ordered_Resolution_Prover.Herbrand_Interpretation 120:3964  some (SH 8124ms, ATP 851ms): Try this: by (smt (verit) in_Union_mset_iff) (498 ms)
0.sledgehammer goal.unfolding 40508ms Ordered_Resolution_Prover.Herbrand_Interpretation 123:4049  some (SH 40507ms, ATP 590ms): Try this: by (smt (cvc5, best) add_mset_add_single true_cls_mset_singleton true_cls_mset_union) (217 ms)
0.sledgehammer goal.by        81790ms Ordered_Resolution_Prover.Herbrand_Interpretation 123:4077  some (SH 81789ms, ATP 1808ms): Try this: by (smt (z3) insert_iff set_mset_add_mset_insert) (215 ms)
0.sledgehammer goal.unfolding 39203ms Ordered_Resolution_Prover.Herbrand_Interpretation 126:4168  some (SH 39202ms, ATP 256ms): Try this: by (smt (verit, ccfv_threshold) image_iff multiset.set_map true_cls_mset_def) (464 ms)
0.sledgehammer goal.by        35432ms Ordered_Resolution_Prover.Herbrand_Interpretation 126:4196  some (SH 35431ms, ATP 2780ms): Try this: by (smt (verit) image_iff in_image_mset) (298 ms)
0.sledgehammer goal.unfolding  7621ms Ordered_Resolution_Prover.Herbrand_Interpretation 129:4281  some (SH 7620ms, ATP 741ms): Try this: by (smt (z3) in_mono true_cls_mset_def) (247 ms)
0.sledgehammer goal.by         4240ms Ordered_Resolution_Prover.Herbrand_Interpretation 129:4320  some (SH 4237ms, ATP 1019ms): Try this: by (smt (z3)) (166 ms)
0.sledgehammer goal.unfolding 31886ms Ordered_Resolution_Prover.Herbrand_Interpretation 132:4415  some (SH 31886ms, ATP 249ms): Try this: by (smt (verit) set_mset_mono true_cls_mono true_cls_mset_def) (164 ms)
0.sledgehammer goal.by        16983ms Ordered_Resolution_Prover.Herbrand_Interpretation 132:4469  some (SH 16982ms, ATP 1158ms): Try this: by (smt (verit, ccfv_threshold) mset_subset_eqD) (450 ms)
0.sledgehammer goal.unfolding  5147ms Ordered_Resolution_Prover.Herbrand_Interpretation 135:4559  some (SH 5146ms, ATP 544ms): Try this: by (smt (cvc5, trigger_last) true_cls_mset_def true_clss_def) (267 ms)
0.sledgehammer goal.by         2268ms Ordered_Resolution_Prover.Herbrand_Interpretation 135:4601  some (SH 2267ms, ATP 279ms): Try this: by (smt (z3)) (33 ms)
0.sledgehammer goal.unfolding  6189ms Ordered_Resolution_Prover.Herbrand_Interpretation 138:4685  some (SH 6189ms, ATP 504ms): Try this: by (smt (verit, ccfv_SIG) finite_set_mset_mset_set true_clss_set_mset) (79 ms)
0.sledgehammer goal.by         7194ms Ordered_Resolution_Prover.Herbrand_Interpretation 138:4727  some (SH 7194ms, ATP 530ms): Try this: by (smt (z3) finite_set_mset_mset_set) (172 ms)
0.sledgehammer goal.using      4130ms Ordered_Resolution_Prover.Herbrand_Interpretation 141:4796  some (SH 4129ms, ATP 513ms): Try this: by (smt (verit, best) true_cls_mset_def) (83 ms)
0.sledgehammer goal.by         3425ms Ordered_Resolution_Prover.Herbrand_Interpretation 141:4820  some (SH 3424ms, ATP 491ms): Try this: by (smt (verit, best)) (227 ms)
0.sledgehammer goal.by         3315ms Ordered_Resolution_Prover.Ground_Resolution_Model 46:1664  some (SH 3314ms, ATP 352ms): Try this: apply (smt (z3)) (125 ms)
0.sledgehammer goal.by        10131ms Ordered_Resolution_Prover.Ground_Resolution_Model 47:1684  some (SH 10130ms, ATP 868ms): Try this: by (smt (verit, ccfv_SIG) "termination" case_prodI mem_Collect_eq wf) (257 ms)
0.sledgehammer goal.unfolding 98027ms Ordered_Resolution_Prover.Ground_Resolution_Model 56:1981  some (SH 98026ms, ATP 828ms): Try this: by (smt (z3) Collect_cong interp_def production.simps) (801 ms)
0.sledgehammer goal.by        43384ms Ordered_Resolution_Prover.Ground_Resolution_Model 56:2002  some (SH 43383ms, ATP 1406ms): Try this: by (smt (verit, ccfv_threshold) Collect_cong production.simps) (566 ms)
0.sledgehammer goal.unfolding 20878ms Ordered_Resolution_Prover.Ground_Resolution_Model 65:2316  some (SH 20877ms, ATP 726ms): Try this: by (smt (z3) mem_Collect_eq production_unfold singletonI) (311 ms)
0.sledgehammer goal.by         7281ms Ordered_Resolution_Prover.Ground_Resolution_Model 65:2344  some (SH 7280ms, ATP 736ms): Try this: by (smt (z3) mem_Collect_eq singletonI) (130 ms)
0.sledgehammer goal.by        28005ms Ordered_Resolution_Prover.Ground_Resolution_Model 71:2504  some (SH 28004ms, ATP 578ms): Try this: by (smt (verit, best) Interp_def UnCI subsetI) (161 ms)
0.sledgehammer goal.unfolding 24244ms Ordered_Resolution_Prover.Ground_Resolution_Model 74:2601  timeout (SH 24244ms): Timed out
0.sledgehammer goal.by        24266ms Ordered_Resolution_Prover.Ground_Resolution_Model 74:2654  timeout (SH 24264ms): Timed out
0.sledgehammer goal.unfolding  8594ms Ordered_Resolution_Prover.Ground_Resolution_Model 77:2718  some (SH 8592ms, ATP 648ms): Try this: by (smt (z3) Collect_empty_eq production_unfold) (230 ms)
0.sledgehammer goal.by         5829ms Ordered_Resolution_Prover.Ground_Resolution_Model 77:2746  some (SH 5828ms, ATP 554ms): Try this: by (smt (z3) Collect_empty_eq) (254 ms)
0.sledgehammer goal.unfolding 118129ms Ordered_Resolution_Prover.Ground_Resolution_Model 80:2850  some (SH 118129ms, ATP 1242ms): Try this: by (smt (verit, del_insts) Collect_cong Pos_atm_of_iff ground_resolution_with_selection.production.elims ground_resolution_with_selection_axioms literal.discI(1) literal.inject(1) productive_not_empty singleton_conv) (1.3 s)
0.sledgehammer goal.by        41858ms Ordered_Resolution_Prover.Ground_Resolution_Model 80:2878  some (SH 41857ms, ATP 598ms): Try this: by (smt (verit, ccfv_threshold) Collect_cong Collect_empty_eq literal.sel(1) singleton_conv) (628 ms)
0.sledgehammer goal.unfolding  9602ms Ordered_Resolution_Prover.Ground_Resolution_Model 83:3002  some (SH 9601ms, ATP 608ms): Try this: by (smt (z3) atm_of_Max_lit productive_imp_produces_Max_literal productive_not_empty) (82 ms)
0.sledgehammer goal.by         4490ms Ordered_Resolution_Prover.Ground_Resolution_Model 84:3079  some (SH 4489ms, ATP 572ms): Try this: by (smt (verit, ccfv_threshold) productive_imp_produces_Max_literal) (77 ms)
0.sledgehammer goal.using     25144ms Ordered_Resolution_Prover.Ground_Resolution_Model 87:3201  some (SH 25143ms, ATP 905ms): Try this: by (smt (z3) Max_singleton producesD productive_imp_produces_Max_literal) (309 ms)
0.sledgehammer goal.by        14457ms Ordered_Resolution_Prover.Ground_Resolution_Model 87:3243  some (SH 14456ms, ATP 794ms): Try this: by (smt (z3) Max_singleton producesD) (294 ms)
0.sledgehammer goal.using     20806ms Ordered_Resolution_Prover.Ground_Resolution_Model 90:3320  some (SH 20806ms, ATP 744ms): Try this: by (smt (z3) Max_singleton atm_of_Max_lit producesD productive_imp_produces_Max_literal) (281 ms)
0.sledgehammer goal.by         8211ms Ordered_Resolution_Prover.Ground_Resolution_Model 90:3361  some (SH 8210ms, ATP 810ms): Try this: by (smt (z3) atm_of_Max_lit) (149 ms)
0.sledgehammer goal.by        11725ms Ordered_Resolution_Prover.Ground_Resolution_Model 93:3432  some (SH 11725ms, ATP 852ms): Try this: by (smt (z3) Max_in_mset producesD) (98 ms)
0.sledgehammer goal.unfolding 13223ms Ordered_Resolution_Prover.Ground_Resolution_Model 96:3506  some (SH 13222ms, ATP 751ms): Try this: by (smt (z3) producesD productive_imp_produces_Max_literal) (194 ms)
0.sledgehammer goal.by         5778ms Ordered_Resolution_Prover.Ground_Resolution_Model 96:3534  some (SH 5777ms, ATP 567ms): Try this: by (smt (verit, ccfv_threshold) Collect_empty_eq) (329 ms)
0.sledgehammer goal.using     31388ms Ordered_Resolution_Prover.Ground_Resolution_Model 99:3613  some (SH 31387ms, ATP 1742ms): Try this: by (smt (z3) Max.coboundedI Max_singleton finite_atms_of producesD productive_imp_produces_Max_atom) (288 ms)
0.sledgehammer goal.by        17628ms Ordered_Resolution_Prover.Ground_Resolution_Model 99:3656  some (SH 17628ms, ATP 1043ms): Try this: by (smt (z3) finite_atms_of) (33 ms)
0.sledgehammer goal.by        10143ms Ordered_Resolution_Prover.Ground_Resolution_Model 102:3733  some (SH 10142ms, ATP 1569ms): Try this: by (smt (z3) pos_Max_imp_neg_notin producesD) (144 ms)
0.sledgehammer goal.unfolding 85519ms Ordered_Resolution_Prover.Ground_Resolution_Model 105:3855  some (SH 85518ms, ATP 1229ms): Try this: by (smt (verit, del_insts) SUP_least SUP_upper interp_def mem_Collect_eq order.strict_trans2) (161 ms)
0.sledgehammer goal.by        38861ms Ordered_Resolution_Prover.Ground_Resolution_Model 105:3876  some (SH 38860ms, ATP 2010ms): Try this: by (smt (verit, ccfv_SIG) SUP_least SUP_upper mem_Collect_eq order.strict_trans2) (104 ms)
0.sledgehammer goal.unfolding 29763ms Ordered_Resolution_Prover.Ground_Resolution_Model 108:3987  some (SH 29762ms, ATP 579ms): Try this: by (smt (z3) Interp_def le_supI1 less_eq_imp_interp_subseteq_interp) (90 ms)
0.sledgehammer goal.using     16316ms Ordered_Resolution_Prover.Ground_Resolution_Model 108:4008  some (SH 16316ms, ATP 575ms): Try this: by (smt (z3) le_supI1 less_eq_imp_interp_subseteq_interp) (32 ms)
0.sledgehammer goal.by         4091ms Ordered_Resolution_Prover.Ground_Resolution_Model 108:4049  some (SH 4090ms, ATP 646ms): Try this: by (smt (z3) le_supI1) (34 ms)
0.sledgehammer goal.unfolding  7552ms Ordered_Resolution_Prover.Ground_Resolution_Model 111:4138  some (SH 7551ms, ATP 1255ms): Try this: by (smt (z3) SUP_upper interp_def mem_Collect_eq) (81 ms)
0.sledgehammer goal.by         4549ms Ordered_Resolution_Prover.Ground_Resolution_Model 111:4159  some (SH 4545ms, ATP 750ms): Try this: by (smt (z3) SUP_upper mem_Collect_eq) (43 ms)
0.sledgehammer goal.unfolding 136526ms Ordered_Resolution_Prover.Ground_Resolution_Model 114:4250  some (SH 136525ms, ATP 770ms): Try this: by (smt (verit, ccfv_SIG) Interp_def UnI2 le_supI1 less_imp_production_subseteq_interp order_le_imp_less_or_eq subsetI) (352 ms)
0.sledgehammer goal.using     79893ms Ordered_Resolution_Prover.Ground_Resolution_Model 114:4271  some (SH 79892ms, ATP 1349ms): Try this: by (smt (z3) dual_order.refl le_supI1 less_imp_production_subseteq_interp order_le_imp_less_or_eq sup.coboundedI2) (151 ms)
0.sledgehammer goal.by        64192ms Ordered_Resolution_Prover.Ground_Resolution_Model 115:4315  some (SH 64191ms, ATP 559ms): Try this: by (smt (z3) dual_order.refl le_supI1 order_le_imp_less_or_eq sup.coboundedI2) (139 ms)
0.sledgehammer goal.by        62521ms Ordered_Resolution_Prover.Ground_Resolution_Model 118:4433  some (SH 62520ms, ATP 643ms): Try this: by (smt (cvc5, best) Interp_def Un_least less_eq_imp_interp_subseteq_interp less_imp_production_subseteq_interp order_less_imp_le) (237 ms)
0.sledgehammer goal.using     46850ms Ordered_Resolution_Prover.Ground_Resolution_Model 121:4605  some (SH 46849ms, ATP 581ms): Try this: by (smt (verit, ccfv_SIG) Interp_def le_sup_iff less_eq_imp_interp_subseteq_Interp less_eq_imp_production_subseteq_Interp) (99 ms)
0.sledgehammer goal.by        30654ms Ordered_Resolution_Prover.Ground_Resolution_Model 121:4696  some (SH 30653ms, ATP 693ms): Try this: by (smt (verit, ccfv_threshold) le_sup_iff) (122 ms)
0.sledgehammer goal.using     70899ms Ordered_Resolution_Prover.Ground_Resolution_Model 124:4782  some (SH 70898ms, ATP 622ms): Try this: by (smt (z3) less_eq_imp_interp_subseteq_Interp linorder_not_less subsetD) (75 ms)
0.sledgehammer goal.by         4576ms Ordered_Resolution_Prover.Ground_Resolution_Model 124:4832  some (SH 4575ms, ATP 762ms): Try this: by (smt (z3) subsetD) (115 ms)
0.sledgehammer goal.using      6568ms Ordered_Resolution_Prover.Ground_Resolution_Model 127:4919  some (SH 6568ms, ATP 755ms): Try this: by (smt (z3) interp_subseteq_Interp less_imp_Interp_subseteq_interp linorder_less_linear subsetD) (104 ms)
0.sledgehammer goal.by         5188ms Ordered_Resolution_Prover.Ground_Resolution_Model 127:4969  some (SH 5187ms, ATP 793ms): Try this: by (smt (z3) subsetD) (82 ms)
0.sledgehammer goal.using      6863ms Ordered_Resolution_Prover.Ground_Resolution_Model 130:5056  some (SH 6862ms, ATP 817ms): Try this: by (smt (z3) less_eq_imp_Interp_subseteq_Interp linorder_not_less subsetD) (90 ms)
0.sledgehammer goal.by         5275ms Ordered_Resolution_Prover.Ground_Resolution_Model 130:5106  some (SH 5275ms, ATP 781ms): Try this: by (smt (z3) subsetD) (104 ms)
0.sledgehammer goal.using      7070ms Ordered_Resolution_Prover.Ground_Resolution_Model 133:5191  some (SH 7070ms, ATP 816ms): Try this: by (smt (verit, best) less_imp_Interp_subseteq_interp linorder_not_less subsetD) (88 ms)
0.sledgehammer goal.by         5344ms Ordered_Resolution_Prover.Ground_Resolution_Model 133:5238  some (SH 5344ms, ATP 752ms): Try this: by (smt (z3) subsetD) (125 ms)
0.sledgehammer goal.unfolding 82301ms Ordered_Resolution_Prover.Ground_Resolution_Model 139:5376  some (SH 82300ms, ATP 927ms): Try this: by (smt (verit, del_insts) INTERP_def UN_iff empty_iff interp_def productive_in_N subsetI) (244 ms)
0.sledgehammer goal.by        34401ms Ordered_Resolution_Prover.Ground_Resolution_Model 139:5408  some (SH 34400ms, ATP 783ms): Try this: by (smt (verit, del_insts) SUP_least SUP_upper empty_subsetI productive_in_N) (132 ms)
0.sledgehammer goal.unfolding  7520ms Ordered_Resolution_Prover.Ground_Resolution_Model 142:5503  some (SH 7519ms, ATP 654ms): Try this: by (smt (verit, best) INTERP_def SUP_upper empty_subsetI productive_in_N) (76 ms)
0.sledgehammer goal.using     122928ms Ordered_Resolution_Prover.Ground_Resolution_Model 142:5524  some (SH 122925ms, ATP 641ms): Try this: by (smt (z3) SUP_upper empty_subsetI productive_in_N) (28 ms)
0.sledgehammer goal.by        41597ms Ordered_Resolution_Prover.Ground_Resolution_Model 142:5548  some (SH 41595ms, ATP 599ms): Try this: by (smt (verit, del_insts) SUP_upper empty_subsetI productive_in_N) (36 ms)
0.sledgehammer goal.by        42885ms Ordered_Resolution_Prover.Ground_Resolution_Model 145:5610  some (SH 42884ms, ATP 627ms): Try this: by (smt (z3) Interp_def Un_least interp_subseteq_INTERP production_subseteq_INTERP) (60 ms)
0.sledgehammer goal.by        158665ms Ordered_Resolution_Prover.Ground_Resolution_Model 150:5795  timeout (SH 158664ms):
0.sledgehammer goal.using     52072ms Ordered_Resolution_Prover.Ground_Resolution_Model 154:6015  some (SH 52072ms, ATP 900ms): Try this: by (smt (z3) linorder_not_less not_Interp_to_interp_imp_less produces_imp_in_interp) (135 ms)
0.sledgehammer goal.by        22030ms Ordered_Resolution_Prover.Ground_Resolution_Model 154:6079  some (SH 22029ms, ATP 888ms): Try this: by (smt (verit) linorder_not_less not_Interp_to_interp_imp_less) (126 ms)
0.sledgehammer goal.using     37322ms Ordered_Resolution_Prover.Ground_Resolution_Model 157:6159  some (SH 37321ms, ATP 907ms): Try this: by (smt (z3) insert_absorb productive_imp_produces_Max_literal singletonD) (167 ms)
0.sledgehammer goal.by        68835ms Ordered_Resolution_Prover.Ground_Resolution_Model 157:6198  some (SH 68833ms, ATP 883ms): Try this: by (smt (z3) insert_absorb singletonD) (199 ms)
0.sledgehammer goal.using      3633ms Ordered_Resolution_Prover.Ground_Resolution_Model 160:6291  some (SH 3632ms, ATP 513ms): Try this: by (smt (verit, del_insts) in_production_imp_produces) (49 ms)
0.sledgehammer goal.by         3019ms Ordered_Resolution_Prover.Ground_Resolution_Model 160:6324  some (SH 3019ms, ATP 503ms): Try this: by (smt (z3)) (120 ms)
0.sledgehammer goal.unfolding 34785ms Ordered_Resolution_Prover.Ground_Resolution_Model 163:6411  some (SH 34784ms, ATP 705ms): Try this: by (smt (z3) UN_E in_production_imp_produces interp_def) (69 ms)
0.sledgehammer goal.by        13934ms Ordered_Resolution_Prover.Ground_Resolution_Model 163:6432  some (SH 13933ms, ATP 221ms): Try this: by (smt (z3) UN_E in_production_imp_produces) (241 ms)
0.sledgehammer goal.proof     157581ms Ordered_Resolution_Prover.Ground_Resolution_Model 176:6735  timeout (SH 157576ms):
0.sledgehammer goal.by         2987ms Ordered_Resolution_Prover.Ground_Resolution_Model 179:6867  some (SH 2986ms, ATP 446ms): Try this: by (smt (z3)) (86 ms)
0.sledgehammer goal.using      5068ms Ordered_Resolution_Prover.Ground_Resolution_Model 181:6915  some (SH 5067ms, ATP 613ms): Try this: by (smt (verit, ccfv_threshold) d_lt_d' linorder_not_less not_interp_to_Interp_imp_le) (37 ms)
0.sledgehammer goal.by        18139ms Ordered_Resolution_Prover.Ground_Resolution_Model 181:6961  some (SH 18139ms, ATP 593ms): Try this: by (smt (z3) linorder_not_less not_interp_to_Interp_imp_le) (119 ms)
0.sledgehammer goal.using      7546ms Ordered_Resolution_Prover.Ground_Resolution_Model 183:6994  some (SH 7545ms, ATP 674ms): Try this: by (smt (z3) a_in_c pos_literal_in_imp_true_cls subs subsetD) (77 ms)
0.sledgehammer goal.by         7687ms Ordered_Resolution_Prover.Ground_Resolution_Model 183:7012  some (SH 7681ms, ATP 844ms): Try this: by (smt (verit, ccfv_threshold) pos_literal_in_imp_true_cls subsetD) (70 ms)
0.sledgehammer goal.using     48519ms Ordered_Resolution_Prover.Ground_Resolution_Model 187:7128  some (SH 48517ms, ATP 845ms): Try this: by (smt (verit, ccfv_SIG) c_at_d true_cls_def true_lit_iff) (1.3 s)
0.sledgehammer goal.unfolding 19662ms Ordered_Resolution_Prover.Ground_Resolution_Model 187:7141  some (SH 19662ms, ATP 835ms): Try this: by (smt (verit, ccfv_threshold) true_cls_def true_lit_iff) (1.6 s)
0.sledgehammer goal.by        89013ms Ordered_Resolution_Prover.Ground_Resolution_Model 187:7164  some (SH 89013ms, ATP 656ms): Try this: by (smt (verit, best) true_lit_iff) (775 ms)
0.sledgehammer goal.using      5829ms Ordered_Resolution_Prover.Ground_Resolution_Model 189:7214  some (SH 5828ms, ATP 529ms): Try this: by (smt (z3) c_le_d neg_notin_Interp_not_produce) (61 ms)
0.sledgehammer goal.by         4619ms Ordered_Resolution_Prover.Ground_Resolution_Model 189:7256  some (SH 4618ms, ATP 493ms): Try this: by (smt (z3)) (191 ms)
0.sledgehammer goal.using     81842ms Ordered_Resolution_Prover.Ground_Resolution_Model 191:7288  some (SH 81842ms, ATP 281ms): Try this: by (smt (verit, del_insts) UN_iff a_in_c in_production_imp_produces true_cls_def true_lit_iff) (325 ms)
0.sledgehammer goal.by        84515ms Ordered_Resolution_Prover.Ground_Resolution_Model 191:7340  some (SH 84515ms, ATP 1210ms): Try this: by (smt (cvc5, trigger_last) UN_iff true_cls_def true_lit_iff) (861 ms)
0.sledgehammer goal.using      7725ms Ordered_Resolution_Prover.Ground_Resolution_Model 195:7428  some (SH 7725ms, ATP 735ms): Try this: by (smt (verit, ccfv_threshold) Interp_imp_general dual_order.refl interp_def) (102 ms)
0.sledgehammer goal.by         9431ms Ordered_Resolution_Prover.Ground_Resolution_Model 195:7464  some (SH 9428ms, ATP 744ms): Try this: by (smt (verit) dual_order.refl) (266 ms)
0.sledgehammer goal.using     13337ms Ordered_Resolution_Prover.Ground_Resolution_Model 198:7548  some (SH 13336ms, ATP 716ms): Try this: by (smt (z3) Interp_as_UNION Interp_imp_general interp_subseteq_Interp order_le_imp_less_or_eq) (249 ms)
0.sledgehammer goal.by         7651ms Ordered_Resolution_Prover.Ground_Resolution_Model 198:7612  some (SH 7650ms, ATP 630ms): Try this: by (smt (z3) order_le_imp_less_or_eq) (375 ms)
0.sledgehammer goal.using     49666ms Ordered_Resolution_Prover.Ground_Resolution_Model 201:7701  some (SH 49665ms, ATP 1689ms): Try this: by (smt (verit, ccfv_threshold) INTERP_def Interp_imp_general Interp_subseteq_INTERP Orderings.order_eq_iff SUP_least interp_subseteq_INTERP less_eq_imp_production_subseteq_Interp linorder_not_less) (141 ms)
0.sledgehammer goal.by        87765ms Ordered_Resolution_Prover.Ground_Resolution_Model 201:7790  some (SH 87764ms, ATP 3780ms): Try this: by (smt (z3) Interp_def Interp_imp_general Interp_subseteq_INTERP Orderings.order_eq_iff SUP_least SUP_upper less_induct linorder_not_less mem_Collect_eq) (32 ms)
0.sledgehammer goal.proof     22020ms Ordered_Resolution_Prover.Ground_Resolution_Model 210:8002  timeout (SH 22019ms): Timed out
0.sledgehammer goal.by         3427ms Ordered_Resolution_Prover.Ground_Resolution_Model 213:8134  some (SH 3425ms, ATP 458ms): Try this: by (smt (z3)) (101 ms)
0.sledgehammer goal.using     42059ms Ordered_Resolution_Prover.Ground_Resolution_Model 215:8182  some (SH 42058ms, ATP 662ms): Try this: by (smt (z3) d_le_d' linorder_not_less not_interp_to_interp_imp_less) (67 ms)
0.sledgehammer goal.by         5290ms Ordered_Resolution_Prover.Ground_Resolution_Model 215:8231  some (SH 5289ms, ATP 648ms): Try this: by (smt (verit, ccfv_threshold) linorder_not_less not_interp_to_interp_imp_less) (68 ms)
0.sledgehammer goal.using      8208ms Ordered_Resolution_Prover.Ground_Resolution_Model 217:8264  some (SH 8207ms, ATP 970ms): Try this: by (smt (verit, del_insts) a_in_c pos_literal_in_imp_true_cls subs subsetD) (54 ms)
0.sledgehammer goal.by         7592ms Ordered_Resolution_Prover.Ground_Resolution_Model 217:8282  some (SH 7591ms, ATP 788ms): Try this: by (smt (verit, best) pos_literal_in_imp_true_cls subsetD) (60 ms)
0.sledgehammer goal.using     49354ms Ordered_Resolution_Prover.Ground_Resolution_Model 221:8398  some (SH 49352ms, ATP 905ms): Try this: by (smt (verit, ccfv_threshold) c_at_d true_cls_def true_lit_iff) (1.3 s)
0.sledgehammer goal.unfolding 17418ms Ordered_Resolution_Prover.Ground_Resolution_Model 221:8411  some (SH 17417ms, ATP 942ms): Try this: by (smt (verit, best) true_cls_def true_lit_iff) (1.2 s)
0.sledgehammer goal.by        12154ms Ordered_Resolution_Prover.Ground_Resolution_Model 221:8434  some (SH 12153ms, ATP 853ms): Try this: by (smt (verit, best) true_lit_iff) (791 ms)
0.sledgehammer goal.using     12068ms Ordered_Resolution_Prover.Ground_Resolution_Model 223:8484  some (SH 12067ms, ATP 919ms): Try this: by (smt (verit, ccfv_threshold) c_le_d less_eq_imp_interp_subseteq_interp produces_imp_in_interp subsetD) (192 ms)
0.sledgehammer goal.by        12129ms Ordered_Resolution_Prover.Ground_Resolution_Model 223:8497  some (SH 12128ms, ATP 947ms): Try this: by (smt (z3) less_eq_imp_interp_subseteq_interp produces_imp_in_interp subsetD) (211 ms)
0.sledgehammer goal.using     157632ms Ordered_Resolution_Prover.Ground_Resolution_Model 225:8595  timeout (SH 157631ms):
0.sledgehammer goal.by        46926ms Ordered_Resolution_Prover.Ground_Resolution_Model 225:8647  some (SH 46926ms, ATP 279ms): Try this: by (smt (verit) UN_E neg_literal_notin_imp_true_cls) (107 ms)
0.sledgehammer goal.using      7693ms Ordered_Resolution_Prover.Ground_Resolution_Model 229:8735  some (SH 7692ms, ATP 689ms): Try this: by (smt (verit, ccfv_threshold) dual_order.refl interp_def interp_imp_general) (146 ms)
0.sledgehammer goal.by         5972ms Ordered_Resolution_Prover.Ground_Resolution_Model 229:8771  some (SH 5969ms, ATP 593ms): Try this: by (smt (verit, best) dual_order.refl) (309 ms)
0.sledgehammer goal.using      8091ms Ordered_Resolution_Prover.Ground_Resolution_Model 232:8855  some (SH 8091ms, ATP 731ms): Try this: by (smt (z3) Interp_as_UNION interp_imp_general interp_subseteq_Interp) (147 ms)
0.sledgehammer goal.by         5400ms Ordered_Resolution_Prover.Ground_Resolution_Model 232:8926  some (SH 5400ms, ATP 678ms): Try this: by (smt (z3)) (228 ms)
0.sledgehammer goal.using      8187ms Ordered_Resolution_Prover.Ground_Resolution_Model 235:8998  some (SH 8186ms, ATP 616ms): Try this: by (smt (z3) INTERP_def dual_order.refl interp_imp_general interp_subseteq_INTERP) (105 ms)
0.sledgehammer goal.by         4786ms Ordered_Resolution_Prover.Ground_Resolution_Model 235:9064  some (SH 4785ms, ATP 768ms): Try this: by (smt (verit)) (296 ms)
0.sledgehammer goal.unfolding 12868ms Ordered_Resolution_Prover.Ground_Resolution_Model 238:9141  some (SH 12868ms, ATP 736ms): Try this: by (smt (z3) producesD productive_imp_produces_Max_literal) (196 ms)
0.sledgehammer goal.by         5730ms Ordered_Resolution_Prover.Ground_Resolution_Model 238:9169  some (SH 5730ms, ATP 683ms): Try this: by (smt (z3) Collect_empty_eq) (341 ms)
0.sledgehammer goal.proof     152427ms Ordered_Resolution_Prover.Ground_Resolution_Model 247:9296  timeout (SH 152426ms):
0.sledgehammer goal.using      5636ms Ordered_Resolution_Prover.Ground_Resolution_Model 249:9343  some (SH 5635ms, ATP 711ms): Try this: by (smt (z3) assms productive_imp_produces_Max_literal) (27 ms)
0.sledgehammer goal.by         4615ms Ordered_Resolution_Prover.Ground_Resolution_Model 249:9388  some (SH 4614ms, ATP 637ms): Try this: by (smt (z3)) (95 ms)
0.sledgehammer goal.by         4003ms Ordered_Resolution_Prover.Ground_Resolution_Model 251:9434  some (SH 4002ms, ATP 543ms): Try this: by (smt (z3) produces_imp_Pos_in_lits) (31 ms)
0.sledgehammer goal.using     37360ms Ordered_Resolution_Prover.Ground_Resolution_Model 253:9504  some (SH 37360ms, ATP 636ms): Try this: by (smt (z3) Interp_def UnCI a singletonI) (111 ms)
0.sledgehammer goal.by        24826ms Ordered_Resolution_Prover.Ground_Resolution_Model 253:9551  some (SH 24825ms, ATP 634ms): Try this: by (smt (z3) Interp_def UnCI singletonI) (103 ms)
0.sledgehammer goal.by         4325ms Ordered_Resolution_Prover.Ground_Resolution_Model 255:9590  some (SH 4324ms, ATP 559ms): Try this: by (smt (verit, del_insts) pos_literal_in_imp_true_cls) (62 ms)
0.sledgehammer goal.by         7597ms Ordered_Resolution_Prover.Ground_Resolution_Model 259:9662  some (SH 7597ms, ATP 721ms): Try this: by (smt (z3) Interp_imp_INTERP dual_order.refl productive_imp_Interp) (83 ms)
0.sledgehammer goal.proof     299068ms Ordered_Resolution_Prover.Ground_Resolution_Model 268:9883  some (SH 299065ms, ATP 2279ms): Try this: by (smt (z3) Interp_def assms(1,2,3,4) ground_resolution_with_selection.production.elims ground_resolution_with_selection_axioms interp_def mem_Collect_eq productive_imp_Interp productive_not_empty sup_bot.right_neutral) (295 ms)
0.sledgehammer goal.by         3751ms Ordered_Resolution_Prover.Ground_Resolution_Model 271:9948  some (SH 3750ms, ATP 479ms): Try this: by (smt (verit, del_insts) productive_imp_Interp) (26 ms)
0.sledgehammer goal.using     157150ms Ordered_Resolution_Prover.Ground_Resolution_Model 275:10036  timeout (SH 157149ms):
0.sledgehammer goal.unfolding 91416ms Ordered_Resolution_Prover.Ground_Resolution_Model 275:10048  some (SH 91415ms, ATP 1117ms): Try this: by (smt (z3) ground_resolution_with_selection.production.elims ground_resolution_with_selection_axioms interp_def mem_Collect_eq productive_not_empty) (187 ms)
0.sledgehammer goal.by        35882ms Ordered_Resolution_Prover.Ground_Resolution_Model 275:10076  some (SH 35881ms, ATP 1505ms): Try this: by (smt (z3) insert_absorb insert_not_empty mem_Collect_eq) (28 ms)
0.sledgehammer goal.unfolding  5815ms Ordered_Resolution_Prover.Ground_Resolution_Model 277:10108  some (SH 5814ms, ATP 1467ms): Try this: by (smt (verit, ccfv_threshold) dual_order.refl interp_imp_Interp) (124 ms)
0.sledgehammer goal.using      7509ms Ordered_Resolution_Prover.Ground_Resolution_Model 277:10129  some (SH 7508ms, ATP 509ms): Try this: by (smt (z3) False sup_bot.right_neutral) (28 ms)
0.sledgehammer goal.by         4022ms Ordered_Resolution_Prover.Ground_Resolution_Model 277:10141  some (SH 4019ms, ATP 1177ms): Try this: by (smt (z3) sup_bot.right_neutral) (17 ms)
0.sledgehammer goal.proof     74389ms Ordered_Resolution_Prover.Ground_Resolution_Model 291:10385  some (SH 74388ms, ATP 834ms): Try this: by (smt (verit, best) Max_in_mset Max_lit_eq_pos_or_neg_Max_atm c_in_n empty_iff max_atm max_pos_imp_Interp pos_in pos_neg_in_imp_true s_c_e set_mset_empty) (581 ms)
0.sledgehammer goal.using     19249ms Ordered_Resolution_Prover.Ground_Resolution_Model 294:10448  some (SH 19248ms, ATP 534ms): Try this: by (smt (z3) pos_in pos_neg_in_imp_true) (82 ms)
0.sledgehammer goal.by         3380ms Ordered_Resolution_Prover.Ground_Resolution_Model 294:10481  some (SH 3380ms, ATP 488ms): Try this: by (smt (z3)) (96 ms)
0.sledgehammer goal.using      4521ms Ordered_Resolution_Prover.Ground_Resolution_Model 298:10542  some (SH 4521ms, ATP 460ms): Try this: by (smt (z3) empty_iff pos_in set_mset_empty) (23 ms)
0.sledgehammer goal.by         4482ms Ordered_Resolution_Prover.Ground_Resolution_Model 298:10555  some (SH 4481ms, ATP 482ms): Try this: by (smt (verit, best) empty_iff set_mset_empty) (31 ms)
0.sledgehammer goal.using      6826ms Ordered_Resolution_Prover.Ground_Resolution_Model 300:10606  some (SH 6824ms, ATP 521ms): Try this: by (smt (z3) Max_in_mset Max_lit_eq_pos_or_neg_Max_atm max_atm) (68 ms)
0.sledgehammer goal.using      6015ms Ordered_Resolution_Prover.Ground_Resolution_Model 300:10620  some (SH 6014ms, ATP 507ms): Try this: by (smt (z3) Max_in_mset Max_lit_eq_pos_or_neg_Max_atm) (89 ms)
0.sledgehammer goal.by         4458ms Ordered_Resolution_Prover.Ground_Resolution_Model 300:10668  some (SH 4457ms, ATP 590ms): Try this: by (smt (z3)) (148 ms)
0.sledgehammer goal.using     25739ms Ordered_Resolution_Prover.Ground_Resolution_Model 302:10701  some (SH 25738ms, ATP 552ms): Try this: by (smt (z3) c_in_n max_pos_imp_Interp ne s_c_e) (86 ms)
0.sledgehammer goal.by         5743ms Ordered_Resolution_Prover.Ground_Resolution_Model 302:10723  some (SH 5742ms, ATP 519ms): Try this: by (smt (z3) max_pos_imp_Interp) (111 ms)
0.sledgehammer goal.proof     22760ms Ordered_Resolution_Prover.Ground_Resolution_Model 313:11061  timeout (SH 22759ms): Timed out
0.sledgehammer goal.using     57243ms Ordered_Resolution_Prover.Ground_Resolution_Model 317:11178  some (SH 57242ms, ATP 671ms): Try this: by (smt (verit, ccfv_threshold) d_lt_c le_supI1 less_imp_Interp_subseteq_interp subs subset_Un_eq) (82 ms)
0.sledgehammer goal.by        19950ms Ordered_Resolution_Prover.Ground_Resolution_Model 317:11228  some (SH 19949ms, ATP 705ms): Try this: by (smt (z3) le_supI1 subset_Un_eq) (117 ms)
0.sledgehammer goal.using     86170ms Ordered_Resolution_Prover.Ground_Resolution_Model 319:11334  some (SH 86170ms, ATP 715ms): Try this: by (smt (verit) cc_blw_d' d'_at_d false_to_true_imp_ex_pos) (120 ms)
0.sledgehammer goal.by         6197ms Ordered_Resolution_Prover.Ground_Resolution_Model 319:11383  some (SH 6197ms, ATP 1225ms): Try this: by (smt (verit, ccfv_SIG)) (450 ms)
0.sledgehammer goal.using      5313ms Ordered_Resolution_Prover.Ground_Resolution_Model 321:11443  some (SH 5311ms, ATP 458ms): Try this: by (smt (z3) d'_at_d pos_literal_in_imp_true_cls) (50 ms)
0.sledgehammer goal.by         3968ms Ordered_Resolution_Prover.Ground_Resolution_Model 321:11457  some (SH 3968ms, ATP 501ms): Try this: by (smt (z3) pos_literal_in_imp_true_cls) (46 ms)
0.sledgehammer goal.by        47645ms Ordered_Resolution_Prover.Ground_Resolution_Model 323:11536  some (SH 47644ms, ATP 757ms): Try this: by (smt (verit, ccfv_SIG) UN_E in_production_imp_produces) (136 ms)
0.sledgehammer goal.using      5271ms Ordered_Resolution_Prover.Ground_Resolution_Model 325:11627  some (SH 5270ms, ATP 577ms): Try this: by (smt (verit, del_insts) prod_c' produces_imp_Max_atom) (65 ms)
0.sledgehammer goal.by         3798ms Ordered_Resolution_Prover.Ground_Resolution_Model 325:11674  some (SH 3797ms, ATP 524ms): Try this: by (smt (verit, ccfv_threshold) produces_imp_Max_atom) (44 ms)
0.sledgehammer goal.using     142343ms Ordered_Resolution_Prover.Ground_Resolution_Model 327:11716  some (SH 142342ms, ATP 876ms): Try this: by (smt (z3) Interp_def Un_iff a_at_d insertCI less_imp_production_subseteq_interp linorder_not_less prod_c' subsetD) (118 ms)
0.sledgehammer goal.by        76111ms Ordered_Resolution_Prover.Ground_Resolution_Model 327:11745  some (SH 76110ms, ATP 2086ms): Try this: by (smt (z3) insertCI less_eq_imp_production_subseteq_Interp linorder_linear subsetD) (88 ms)
0.sledgehammer goal.using      4378ms Ordered_Resolution_Prover.Ground_Resolution_Model 329:11837  some (SH 4377ms, ATP 443ms): Try this: by (smt (z3) d'_le_d order_trans) (36 ms)
0.sledgehammer goal.by         3116ms Ordered_Resolution_Prover.Ground_Resolution_Model 329:11863  some (SH 3116ms, ATP 576ms): Try this: by (smt (z3)) (98 ms)
0.sledgehammer goal.using      7829ms Ordered_Resolution_Prover.Ground_Resolution_Model 331:11923  some (SH 7828ms, ATP 668ms): Try this: by (smt (z3) a_in_d' le_multiset_Max_in_imp_Max max_c' pos_lit_in_atms_of) (108 ms)
0.sledgehammer goal.by         6723ms Ordered_Resolution_Prover.Ground_Resolution_Model 331:11944  some (SH 6722ms, ATP 761ms): Try this: by (smt (z3) le_multiset_Max_in_imp_Max pos_lit_in_atms_of) (46 ms)
0.sledgehammer goal.using     19134ms Ordered_Resolution_Prover.Ground_Resolution_Model 336:12090  some (SH 19133ms, ATP 498ms): Try this: by (smt (z3) a_in_d' ground_resolution_with_selection.max_atm_imp_Interp ground_resolution_with_selection_axioms max_d') (62 ms)
0.sledgehammer goal.by         8601ms Ordered_Resolution_Prover.Ground_Resolution_Model 336:12111  some (SH 8601ms, ATP 1303ms): Try this: by (smt (z3) ground_resolution_with_selection.max_atm_imp_Interp ground_resolution_with_selection_axioms) (132 ms)
0.sledgehammer goal.using     11156ms Ordered_Resolution_Prover.Ground_Resolution_Model 338:12188  some (SH 11155ms, ATP 1570ms): Try this: by (smt (verit, best) Interp_as_UNION Interp_imp_general d'_le_d dual_order.refl interp_subseteq_Interp order_le_imp_less_or_eq) (318 ms)
0.sledgehammer goal.by        11069ms Ordered_Resolution_Prover.Ground_Resolution_Model 338:12202  some (SH 11068ms, ATP 1347ms): Try this: by (smt (z3) Interp_as_UNION Interp_imp_general dual_order.refl interp_subseteq_Interp order_le_imp_less_or_eq) (215 ms)
0.sledgehammer goal.using      2710ms Ordered_Resolution_Prover.Ground_Resolution_Model 340:12294  some (SH 2709ms, ATP 355ms): Try this: by (smt (verit) d'_at_d) (10 ms)
0.sledgehammer goal.by         2241ms Ordered_Resolution_Prover.Ground_Resolution_Model 340:12308  some (SH 2241ms, ATP 339ms): Try this: by (smt (verit, best)) (7 ms)
0.sledgehammer goal.using     22595ms Ordered_Resolution_Prover.Ground_Resolution_Model 346:12421  some (SH 22595ms, ATP 742ms): Try this: by (smt (z3) cvc_arith_rewrite_defs(5) d'_le_d le_multiset_empty_left leq_dc' less_eq_Max_atms_of linorder_neq_iff max_c' max_d') (75 ms)
0.sledgehammer goal.by        13863ms Ordered_Resolution_Prover.Ground_Resolution_Model 347:12465  some (SH 13862ms, ATP 808ms): Try this: by (smt (z3) le_multiset_empty_left less_eq_Max_atms_of linorder_neq_iff linorder_not_less) (119 ms)
0.sledgehammer goal.using      3359ms Ordered_Resolution_Prover.Ground_Resolution_Model 350:12594  some (SH 3358ms, ATP 372ms): Try this: by (smt (verit, ccfv_threshold) in_n_or_max_gt) (22 ms)
0.sledgehammer goal.by         2724ms Ordered_Resolution_Prover.Ground_Resolution_Model 350:12615  some (SH 2724ms, ATP 387ms): Try this: by (smt (verit, best)) (42 ms)
0.sledgehammer goal.by         2628ms Ordered_Resolution_Prover.Ground_Resolution_Model 353:12651  some (SH 2628ms, ATP 413ms): Try this: by (smt (z3)) (18 ms)
0.sledgehammer goal.using     103461ms Ordered_Resolution_Prover.Ground_Resolution_Model 359:12816  some (SH 103460ms, ATP 670ms): Try this: by (smt (z3) INTERP_def interp_imp_INTERP interp_subseteq_INTERP not_Interp_imp_general order_less_imp_le order_trans) (331 ms)
0.sledgehammer goal.by        107461ms Ordered_Resolution_Prover.Ground_Resolution_Model 359:12856  some (SH 107460ms, ATP 666ms): Try this: by (smt (z3) INTERP_def interp_imp_INTERP interp_subseteq_INTERP order_less_imp_le order_trans) (312 ms)
0.sledgehammer goal.using     41312ms Ordered_Resolution_Prover.Ground_Resolution_Model 364:13017  some (SH 41311ms, ATP 659ms): Try this: by (smt (z3) Interp_as_UNION interp_subseteq_Interp not_Interp_imp_general) (263 ms)
0.sledgehammer goal.by         7286ms Ordered_Resolution_Prover.Ground_Resolution_Model 364:13085  some (SH 7285ms, ATP 873ms): Try this: by (smt (z3)) (512 ms)
0.sledgehammer goal.using     53858ms Ordered_Resolution_Prover.Ground_Resolution_Model 369:13237  some (SH 53858ms, ATP 3282ms): Try this: by (smt (verit, ccfv_threshold) INTERP_def Interp_subseteq_INTERP Orderings.order_eq_iff SUP_le_iff interp_subseteq_INTERP less_eq_imp_production_subseteq_Interp linorder_not_less not_Interp_imp_general) (227 ms)
0.sledgehammer goal.by        100419ms Ordered_Resolution_Prover.Ground_Resolution_Model 370:13336  some (SH 100418ms, ATP 5915ms): Try this: by (smt (z3)) (54 ms)
0.sledgehammer goal.using     15321ms Ordered_Resolution_Prover.Ground_Resolution_Model 385:13779  some (SH 15319ms, ATP 511ms): Try this: apply (smt (z3) insertCI n) (48 ms)
0.sledgehammer goal.unfolding  5278ms Ordered_Resolution_Prover.Ground_Resolution_Model 385:13787  some (SH 5277ms, ATP 655ms): Try this: apply (smt (z3) insertCI) (101 ms)
0.sledgehammer goal.by         4257ms Ordered_Resolution_Prover.Ground_Resolution_Model 385:13812  some (SH 4256ms, ATP 478ms): Try this: apply (smt (z3) insert_iff) (62 ms)
0.sledgehammer goal.unfolding 46843ms Ordered_Resolution_Prover.Inference_System 50:1674  some (SH 46843ms, ATP 180ms): Try this: by (smt (verit, best) infer_from_def inferences_from_def mem_Collect_eq order_trans subsetI) (124 ms)
0.sledgehammer goal.by         8575ms Ordered_Resolution_Prover.Inference_System 50:1719  some (SH 8574ms, ATP 1325ms): Try this: by (smt (z3) Collect_mono order_trans) (319 ms)
0.sledgehammer goal.proof     206714ms Ordered_Resolution_Prover.Inference_System 62:1996  some (SH 206713ms, ATP 914ms): Try this: by (smt (z3) add.right_neutral cc_subs_n d_in_n image_subset_iff inf infer_from_def inference.sel(1,2,3) inferences_from_def insert_subset mem_Collect_eq satur saturated_def set_mset_add_mset_insert union_mset_add_mset_right) (186 ms)
0.sledgehammer goal.unfolding 101449ms Ordered_Resolution_Prover.Inference_System 64:2050  some (SH 101448ms, ATP 439ms): Try this: by (smt (z3) add.right_neutral cc_subs_n d_in_n inf infer_from_def inference.sel(1,2) inferences_from_def insert_subset mem_Collect_eq set_mset_add_mset_insert union_mset_add_mset_right) (62 ms)
0.sledgehammer goal.using     115656ms Ordered_Resolution_Prover.Inference_System 64:2095  some (SH 115655ms, ATP 848ms): Try this: by (smt (z3) cc_subs_n d_in_n inf inference.sel(1,2) insert_subset le_sup_iff mem_Collect_eq set_mset_add_mset_insert set_mset_empty set_mset_union sup_bot.right_neutral) (97 ms)
0.sledgehammer goal.by        119044ms Ordered_Resolution_Prover.Inference_System 64:2122  some (SH 119043ms, ATP 863ms): Try this: by (smt (z3) Un_mono bot.extremum dual_order.refl inference.sel(1,2) insert_subset mem_Collect_eq set_mset_add_mset_insert set_mset_empty set_mset_union subset_Un_eq) (96 ms)
0.sledgehammer goal.unfolding 17126ms Ordered_Resolution_Prover.Inference_System 66:2182  some (SH 17125ms, ATP 639ms): Try this: by (smt (verit, best) image_eqI inference.sel(3)) (49 ms)
0.sledgehammer goal.by         3935ms Ordered_Resolution_Prover.Inference_System 66:2202  some (SH 3934ms, ATP 660ms): Try this: by (smt (verit, best) inference.sel(3)) (57 ms)
0.sledgehammer goal.using     67481ms Ordered_Resolution_Prover.Inference_System 68:2254  some (SH 67481ms, ATP 638ms): Try this: by (smt (cvc5, best) inference_system.saturated_def insert_subset mk_disjoint_insert satur) (107 ms)
0.sledgehammer goal.unfolding 38762ms Ordered_Resolution_Prover.Inference_System 68:2266  some (SH 38761ms, ATP 636ms): Try this: by (smt (verit, ccfv_threshold) inference_system.saturated_def insert_subset mk_disjoint_insert) (108 ms)
0.sledgehammer goal.by         3877ms Ordered_Resolution_Prover.Inference_System 68:2290  some (SH 3876ms, ATP 474ms): Try this: by (smt (z3) subsetD) (39 ms)
0.sledgehammer goal.proof     22226ms Ordered_Resolution_Prover.Inference_System 87:2779  timeout (SH 22225ms): Timed out
0.sledgehammer goal.using      3327ms Ordered_Resolution_Prover.Inference_System 89:2820  some (SH 3325ms, ATP 337ms): Try this: by (smt (z3) sat_n) (26 ms)
0.sledgehammer goal.by         2587ms Ordered_Resolution_Prover.Inference_System 89:2832  some (SH 2586ms, ATP 353ms): Try this: by (smt (z3)) (53 ms)
0.sledgehammer goal.using     10135ms Ordered_Resolution_Prover.Inference_System 91:2919  some (SH 10134ms, ATP 767ms): Try this: by (smt (z3) \<Gamma>_sound true_clss_def true_clss_mono true_clss_set_mset) (730 ms)
0.sledgehammer goal.unfolding  9335ms Ordered_Resolution_Prover.Inference_System 91:2933  some (SH 9334ms, ATP 840ms): Try this: by (smt (z3) true_clss_def true_clss_mono true_clss_set_mset) (388 ms)
0.sledgehammer goal.by        21606ms Ordered_Resolution_Prover.Inference_System 91:2975  some (SH 21606ms, ATP 801ms): Try this: by (smt (verit, best) true_clss_def true_clss_mono) (1.0 s)
0.sledgehammer goal.unfolding 96732ms Ordered_Resolution_Prover.Inference_System 93:3062  some (SH 96731ms, ATP 881ms): Try this: by (smt (z3) infer_from_def inference.exhaust_sel insert_subset le_sup_iff set_mset_add_mset_insert set_mset_union) (172 ms)
0.sledgehammer goal.by        144393ms Ordered_Resolution_Prover.Inference_System 93:3087  some (SH 144392ms, ATP 714ms): Try this: by (smt (z3) inference.collapse insert_subset le_sup_iff set_mset_add_mset_insert set_mset_union) (252 ms)
0.sledgehammer goal.unfolding 42241ms Ordered_Resolution_Prover.Inference_System 95:3165  some (SH 42240ms, ATP 693ms): Try this: by (smt (cvc5, term_relev) image_iff inference_system.inferences_from_def mem_Collect_eq true_clss_def) (331 ms)
0.sledgehammer goal.by        36550ms Ordered_Resolution_Prover.Inference_System 95:3234  some (SH 36549ms, ATP 882ms): Try this: by (smt (z3) mem_Collect_eq) (537 ms)
0.sledgehammer goal.using      8111ms Ordered_Resolution_Prover.Inference_System 97:3300  some (SH 8110ms, ATP 437ms): Try this: by (smt (cvc5, trigger_last) i true_clss_union) (26 ms)
0.sledgehammer goal.by         3027ms Ordered_Resolution_Prover.Inference_System 97:3308  some (SH 3026ms, ATP 468ms): Try this: by (smt (z3) true_clss_union) (23 ms)
0.sledgehammer goal.by         2599ms Ordered_Resolution_Prover.Inference_System 99:3340  some (SH 2599ms, ATP 513ms): Try this: by (smt (z3)) (17 ms)
0.sledgehammer goal.by        19359ms Ordered_Resolution_Prover.Inference_System 103:3398  some (SH 19358ms, ATP 619ms): Try this: by (smt (cvc5, best) \<Gamma>_sat_preserving sat_preserving_inference_system_def) (353 ms)
0.sledgehammer goal.proof     22853ms Ordered_Resolution_Prover.Inference_System 131:4388  timeout (SH 22852ms): Timed out
0.sledgehammer goal.using      6542ms Ordered_Resolution_Prover.Inference_System 133:4439  some (SH 6541ms, ATP 582ms): Try this: by (smt (verit, ccfv_SIG) assms true_clss_def) (150 ms)
0.sledgehammer goal.unfolding  5637ms Ordered_Resolution_Prover.Inference_System 133:4451  some (SH 5637ms, ATP 1105ms): Try this: by (smt (verit, best) true_clss_def) (184 ms)
0.sledgehammer goal.by         3118ms Ordered_Resolution_Prover.Inference_System 133:4475  some (SH 3117ms, ATP 446ms): Try this: by (smt (z3)) (115 ms)
0.sledgehammer goal.by         7845ms Ordered_Resolution_Prover.Inference_System 135:4528  some (SH 7844ms, ATP 150ms): Try this: by (smt (cvc5, term_relev) mem_Collect_eq) (120 ms)
0.sledgehammer goal.using     22460ms Ordered_Resolution_Prover.Inference_System 137:4556  timeout (SH 22454ms): Timed out
0.sledgehammer goal.by        42416ms Ordered_Resolution_Prover.Inference_System 137:4627  some (SH 42413ms, ATP 458ms): Try this: by (smt (verit, del_insts) case_prodI mem_Collect_eq) (150 ms)
0.sledgehammer goal.proof     79732ms Ordered_Resolution_Prover.Inference_System 147:4805  some (SH 79731ms, ATP 1117ms): Try this: by (smt (verit) \<Gamma>_counterex_reducing ec_ni_n ex_min_counterex linorder_not_less satur saturatedD) (512 ms)
0.sledgehammer goal.by         9538ms Ordered_Resolution_Prover.Inference_System 154:4978  some (SH 9537ms, ATP 583ms): Try this: by (smt (verit, ccfv_SIG) ex_min_counterex) (717 ms)
0.sledgehammer goal.using     70757ms Ordered_Resolution_Prover.Inference_System 160:5168  some (SH 70757ms, ATP 792ms): Try this: by (smt (verit) counterex_reducing_inference_system.\<Gamma>_counterex_reducing counterex_reducing_inference_system_axioms ec_ni_n linorder_not_less) (777 ms)
0.sledgehammer goal.by        10554ms Ordered_Resolution_Prover.Inference_System 160:5216  some (SH 10553ms, ATP 760ms): Try this: by (smt (verit, ccfv_threshold)) (820 ms)
0.sledgehammer goal.using      6623ms Ordered_Resolution_Prover.Inference_System 162:5269  some (SH 6622ms, ATP 507ms): Try this: by (smt (verit, ccfv_threshold) d_in_n satur saturatedD) (77 ms)
0.sledgehammer goal.by         5226ms Ordered_Resolution_Prover.Inference_System 162:5288  some (SH 5225ms, ATP 486ms): Try this: by (smt (verit, del_insts) saturatedD) (84 ms)
0.sledgehammer goal.using      5500ms Ordered_Resolution_Prover.Inference_System 164:5342  some (SH 5500ms, ATP 461ms): Try this: by (smt (verit, ccfv_threshold) d_min e_cex e_lt_d) (50 ms)
0.sledgehammer goal.by         3382ms Ordered_Resolution_Prover.Inference_System 164:5376  some (SH 3382ms, ATP 432ms): Try this: by (smt (z3)) (61 ms)
0.sledgehammer goal.by         2756ms Ordered_Resolution_Prover.Inference_System 167:5413  some (SH 2755ms, ATP 327ms): Try this: by (smt (z3)) (18 ms)
0.sledgehammer goal.using      5476ms Ordered_Resolution_Prover.Inference_System 175:5530  some (SH 5475ms, ATP 578ms): Try this: by (smt (verit, ccfv_threshold) saturated_model) (63 ms)
0.sledgehammer goal.by         3484ms Ordered_Resolution_Prover.Inference_System 175:5552  some (SH 3483ms, ATP 536ms): Try this: by (smt (z3)) (133 ms)
0.sledgehammer goal.by        24063ms Ordered_Resolution_Prover.Inference_System 197:6164  timeout (SH 24063ms): Timed out
0.sledgehammer goal.unfolding 23639ms Ordered_Resolution_Prover.Inference_System 200:6295  timeout (SH 23637ms): Timed out
0.sledgehammer goal.by        163064ms Ordered_Resolution_Prover.Inference_System 201:6366  some (SH 163061ms, ATP 609ms): Try this: by (smt (verit) inference.collapse inference_system.saturate.simps insert_subset le_sup_iff mem_Collect_eq set_mset_add_mset_insert set_mset_union subset_eq) (543 ms)
0.sledgehammer goal.proof     22269ms Ordered_Resolution_Prover.Inference_System 204:6518  timeout (SH 22268ms): Timed out
0.sledgehammer goal.by        13449ms Ordered_Resolution_Prover.Inference_System 207:6638  some (SH 13447ms, ATP 704ms): Try this: apply (smt (verit, del_insts) empty_subsetI insert_subsetI) (63 ms)
0.sledgehammer goal.by         3641ms Ordered_Resolution_Prover.Inference_System 209:6693  some (SH 3640ms, ATP 503ms): Try this: by (smt (z3)) (93 ms)
0.sledgehammer goal.using     24070ms Ordered_Resolution_Prover.Inference_System 214:6832  timeout (SH 24070ms): Timed out
0.sledgehammer goal.by        23170ms Ordered_Resolution_Prover.Inference_System 214:6846  timeout (SH 23168ms): Timed out
0.sledgehammer goal.by        34697ms Ordered_Resolution_Prover.Inference_System 218:7008  some (SH 34693ms, ATP 657ms): Try this: apply (smt (cvc5, trigger_last) SUP_least) (133 ms)
0.sledgehammer goal.by         4693ms Ordered_Resolution_Prover.Inference_System 221:7153  some (SH 4692ms, ATP 549ms): Try this: by (smt (z3)) (105 ms)
0.sledgehammer goal.using     14815ms Ordered_Resolution_Prover.Inference_System 224:7261  some (SH 14815ms, ATP 431ms): Try this: by (smt (z3) step.hyps(5)) (25 ms)
0.sledgehammer goal.by         3704ms Ordered_Resolution_Prover.Inference_System 224:7275  some (SH 3703ms, ATP 403ms): Try this: by (smt (z3)) (130 ms)
0.sledgehammer goal.using     13127ms Ordered_Resolution_Prover.Inference_System 226:7310  some (SH 13126ms, ATP 472ms): Try this: by (smt (z3) d_sub e_sub le_sup_iff) (18 ms)
0.sledgehammer goal.by         3000ms Ordered_Resolution_Prover.Inference_System 226:7336  some (SH 2999ms, ATP 416ms): Try this: by (smt (z3) le_sup_iff) (16 ms)
0.sledgehammer goal.using     12872ms Ordered_Resolution_Prover.Inference_System 228:7383  some (SH 12871ms, ATP 436ms): Try this: by (smt (cvc5, trigger_max) d_fin e_fin finite_Un) (29 ms)
0.sledgehammer goal.by         2825ms Ordered_Resolution_Prover.Inference_System 228:7401  some (SH 2824ms, ATP 466ms): Try this: by (smt (z3) finite_Un) (20 ms)
0.sledgehammer goal.using     122823ms Ordered_Resolution_Prover.Inference_System 230:7454  some (SH 122821ms, ATP 1205ms): Try this: by (smt (cvc5, quant_saturate) in_sat_d in_sat_ee inference_system.saturate.step saturate_mono step.hyps(1) subset_eq sup_ge1 sup_ge2) (228 ms)
0.sledgehammer goal.by        90941ms Ordered_Resolution_Prover.Inference_System 231:7496  some (SH 90940ms, ATP 1038ms): Try this: by (smt (verit, ccfv_SIG) inference_system.saturate.step saturate_mono subsetD sup_ge1 sup_ge2) (229 ms)
0.sledgehammer goal.by         3654ms Ordered_Resolution_Prover.Inference_System 233:7587  some (SH 3654ms, ATP 498ms): Try this: by (smt (z3)) (93 ms)
0.sledgehammer goal.by        23258ms Ordered_Resolution_Prover.Inference_System 242:7706  timeout (SH 23257ms): Timed out
0.sledgehammer goal.proof     22358ms Ordered_Resolution_Prover.Inference_System 275:8850  timeout (SH 22356ms): Timed out
0.sledgehammer goal.using     115750ms Ordered_Resolution_Prover.Inference_System 278:8918  some (SH 115748ms, ATP 1616ms): Try this: by (smt (z3) Collect_mem_eq Collect_mono inference_system.saturate_def insert_subset mk_disjoint_insert saturated_model saturated_saturate saturatep.base true_clss_def) (253 ms)
0.sledgehammer goal.unfolding 24651ms Ordered_Resolution_Prover.Inference_System 278:8976  some (SH 24650ms, ATP 1150ms): Try this: by (smt (verit, ccfv_threshold) true_clss_def) (168 ms)
0.sledgehammer goal.by        10995ms Ordered_Resolution_Prover.Inference_System 278:9000  some (SH 10994ms, ATP 1894ms): Try this: by (smt (z3)) (217 ms)
0.sledgehammer goal.using     20228ms Ordered_Resolution_Prover.Inference_System 280:9066  some (SH 20228ms, ATP 1281ms): Try this: by (smt (verit, best) saturate_finite) (230 ms)
0.sledgehammer goal.by         4251ms Ordered_Resolution_Prover.Inference_System 280:9088  some (SH 4250ms, ATP 613ms): Try this: by (smt (verit, best)) (397 ms)
0.sledgehammer goal.using     17144ms Ordered_Resolution_Prover.Inference_System 282:9157  some (SH 17143ms, ATP 754ms): Try this: by (smt (verit, ccfv_threshold) saturate_sound true_cls_empty) (138 ms)
0.sledgehammer goal.by        12085ms Ordered_Resolution_Prover.Inference_System 282:9178  some (SH 12084ms, ATP 685ms): Try this: by (smt (verit, del_insts) true_cls_empty) (239 ms)
0.sledgehammer goal.by         5688ms Ordered_Resolution_Prover.Inference_System 286:9274  some (SH 5688ms, ATP 597ms): Try this: by (smt (z3) true_clss_mono) (124 ms)
0.sledgehammer goal.using     76964ms Ordered_Resolution_Prover.Ordered_Ground_Resolution 46:1532  some (SH 76963ms, ATP 608ms): Try this: by (smt (verit, best) eligible.cases eligible.intros) (689 ms)
0.sledgehammer goal.by        13133ms Ordered_Resolution_Prover.Ordered_Ground_Resolution 46:1642  some (SH 13132ms, ATP 699ms): Try this: by (smt (verit, best)) (1.6 s)
0.sledgehammer goal.using     23198ms Ordered_Resolution_Prover.Ordered_Ground_Resolution 71:2355  timeout (SH 23198ms): Timed out
0.sledgehammer goal.proof     23131ms Ordered_Resolution_Prover.Ordered_Ground_Resolution 72:2367  timeout (SH 23130ms): Timed out
0.sledgehammer goal.proof     23432ms Ordered_Resolution_Prover.Ordered_Ground_Resolution 78:2614  timeout (SH 23431ms): Timed out
0.sledgehammer goal.unfolding 60194ms Ordered_Resolution_Prover.Ordered_Ground_Resolution 81:2706  some (SH 60192ms, ATP 2405ms): Try this: by (smt (verit, ccfv_threshold) imageE multiset.set_map set_mset_mset true_cls_def true_lit_simps(2)) (156 ms)
0.sledgehammer goal.by        133779ms Ordered_Resolution_Prover.Ordered_Ground_Resolution 81:2729  some (SH 133778ms, ATP 985ms): Try this: by (smt (z3) imageE in_image_mset set_mset_mset true_lit_simps(2)) (267 ms)
0.sledgehammer goal.using     13039ms Ordered_Resolution_Prover.Ordered_Ground_Resolution 83:2770  some (SH 13038ms, ATP 619ms): Try this: by (smt (cvc5, trigger_max) DA d_true true_cls_union) (21 ms)
0.sledgehammer goal.by         3401ms Ordered_Resolution_Prover.Ordered_Ground_Resolution 83:2786  some (SH 3400ms, ATP 619ms): Try this: by (smt (cvc5, noematch) true_cls_union) (48 ms)
0.sledgehammer goal.unfolding  9347ms Ordered_Resolution_Prover.Ordered_Ground_Resolution 85:2822  some (SH 9346ms, ATP 585ms): Try this: by (smt (z3) e true_cls_union) (20 ms)
0.sledgehammer goal.by         3277ms Ordered_Resolution_Prover.Ordered_Ground_Resolution 85:2834  some (SH 3277ms, ATP 529ms): Try this: by (smt (cvc5, noematch) true_cls_union) (37 ms)
0.sledgehammer goal.using      7824ms Ordered_Resolution_Prover.Ordered_Ground_Resolution 91:2950  some (SH 7823ms, ATP 713ms): Try this: by (smt (verit, best) as_len in_set_conv_nth) (229 ms)
0.sledgehammer goal.by         7411ms Ordered_Resolution_Prover.Ordered_Ground_Resolution 91:2971  some (SH 7403ms, ATP 1529ms): Try this: by (smt (verit, best) in_set_conv_nth) (285 ms)
0.sledgehammer goal.using     149366ms Ordered_Resolution_Prover.Ordered_Ground_Resolution 93:3036  some (SH 149365ms, ATP 1863ms): Try this: by (smt (verit) a_eq a_false a_in_aa imageE literal.distinct(1) literal.sel(1) multiset.set_map true_cls_def true_lit_iff) (422 ms)
0.sledgehammer goal.unfolding 81427ms Ordered_Resolution_Prover.Ordered_Ground_Resolution 93:3070  some (SH 81426ms, ATP 1745ms): Try this: by (smt (verit, ccfv_threshold) imageE literal.distinct(1) literal.sel(1) multiset.set_map true_cls_def true_lit_iff) (703 ms)
0.sledgehammer goal.by        98416ms Ordered_Resolution_Prover.Ordered_Ground_Resolution 93:3093  some (SH 98415ms, ATP 2521ms): Try this: by (smt (verit, ccfv_threshold) imageE in_image_mset literal.distinct(1) literal.sel(1) true_lit_iff) (736 ms)
0.sledgehammer goal.using     20029ms Ordered_Resolution_Prover.Ordered_Ground_Resolution 95:3139  some (SH 20028ms, ATP 1454ms): Try this: by (smt (verit, best) a_in_aa cas_len cc_true nth_mem_mset true_cls_mset_def) (108 ms)
0.sledgehammer goal.unfolding  6859ms Ordered_Resolution_Prover.Ordered_Ground_Resolution 95:3161  some (SH 6852ms, ATP 776ms): Try this: by (smt (z3) cas_len nth_mem_mset true_cls_mset_true_cls) (76 ms)
0.sledgehammer goal.using     11033ms Ordered_Resolution_Prover.Ordered_Ground_Resolution 95:3189  some (SH 11032ms, ATP 689ms): Try this: by (smt (verit, best) cas_len nth_mem_mset) (56 ms)
0.sledgehammer goal.by         7697ms Ordered_Resolution_Prover.Ordered_Ground_Resolution 95:3203  some (SH 7696ms, ATP 662ms): Try this: by (smt (z3) nth_mem_mset) (65 ms)
0.sledgehammer goal.using     29168ms Ordered_Resolution_Prover.Ordered_Ground_Resolution 97:3250  some (SH 29168ms, ATP 668ms): Try this: by (smt (z3) a_in_aa cas true_cls_union) (43 ms)
0.sledgehammer goal.by         4225ms Ordered_Resolution_Prover.Ordered_Ground_Resolution 97:3268  some (SH 4224ms, ATP 705ms): Try this: by (smt (z3) true_cls_union) (67 ms)
0.sledgehammer goal.using     113473ms Ordered_Resolution_Prover.Ordered_Ground_Resolution 99:3304  some (SH 113473ms, ATP 2331ms): Try this: by (smt (cvc5) a_in_aa add_right_cancel cas in_Union_mset_iff local.ord_resolve(5) nth_mem_mset ord_resolve.simps res_e true_cls_def union_iff)
0.sledgehammer goal.unfolding 65809ms Ordered_Resolution_Prover.Ordered_Ground_Resolution 99:3325  some (SH 65808ms, ATP 1095ms): Try this: by (smt (z3) e less_subset_eq_Union_mset mset_subset_eqD true_cls_def union_iff) (122 ms)
0.sledgehammer goal.by        81342ms Ordered_Resolution_Prover.Ordered_Ground_Resolution 100:3356  some (SH 81341ms, ATP 946ms): Try this: by (smt (z3) Un_iff less_subset_eq_Union_mset mset_subset_eqD set_mset_union) (218 ms)
0.sledgehammer goal.by        36855ms Ordered_Resolution_Prover.Ordered_Ground_Resolution 105:3485  some (SH 36854ms, ATP 736ms): Try this: by (smt (verit, ccfv_threshold) S_selects_neg_lits literal.collapse(2) multiset.map_ident_strong) (53 ms)
0.sledgehammer goal.using     23183ms Ordered_Resolution_Prover.Ordered_Ground_Resolution 114:3650  timeout (SH 23182ms): Timed out
0.sledgehammer goal.proof     23329ms Ordered_Resolution_Prover.Ordered_Ground_Resolution 115:3662  timeout (SH 23327ms): Timed out
0.sledgehammer goal.proof     23473ms Ordered_Resolution_Prover.Ordered_Ground_Resolution 121:3906  timeout (SH 23471ms): Timed out
0.sledgehammer goal.using     35070ms Ordered_Resolution_Prover.Ordered_Ground_Resolution 124:3995  some (SH 35068ms, ATP 553ms): Try this: by (smt (verit) ai_len image_mset_is_empty_iff nz size_empty size_mset) (57 ms)
0.sledgehammer goal.by         7678ms Ordered_Resolution_Prover.Ordered_Ground_Resolution 124:4011  some (SH 7677ms, ATP 557ms): Try this: by (smt (z3) image_mset_is_empty_iff size_empty size_mset) (65 ms)
0.sledgehammer goal.unfolding 83421ms Ordered_Resolution_Prover.Ordered_Ground_Resolution 126:4048  some (SH 83419ms, ATP 653ms): Try this: by (smt (z3) DA True add_0 e le_multiset_empty_left less_add_same_cancel1) (20 ms)
0.sledgehammer goal.by        15832ms Ordered_Resolution_Prover.Ordered_Ground_Resolution 126:4068  some (SH 15831ms, ATP 588ms): Try this: by (smt (verit, ccfv_threshold) add_0 le_multiset_plus_right_nonempty) (24 ms)
0.sledgehammer goal.using     75987ms Ordered_Resolution_Prover.Ordered_Ground_Resolution 136:4319  some (SH 75987ms, ATP 670ms): Try this: apply (smt (z3) False Max_in_mset atm_of_Max_lit atm_of_lit_in_atms_of max_A_of_Cs_def) (68 ms)
0.sledgehammer goal.by        14398ms Ordered_Resolution_Prover.Ordered_Ground_Resolution 136:4347  some (SH 14397ms, ATP 646ms): Try this: apply (smt (z3) Max_in atms_empty_iff_empty finite_atms_of) (105 ms)
0.sledgehammer goal.by        113834ms Ordered_Resolution_Prover.Ordered_Ground_Resolution 139:4425  some (SH 113834ms, ATP 1652ms): Try this: by (smt (z3) atm_imp_pos_or_neg_lit in_Union_mset_iff neg_lit_in_atms_of pos_lit_in_atms_of set_mset_mset) (342 ms)
0.sledgehammer goal.using     43771ms Ordered_Resolution_Prover.Ordered_Ground_Resolution 144:4668  some (SH 43770ms, ATP 669ms): Try this: by (smt (verit, del_insts) cas_len cs_len in_set_conv_nth) (225 ms)
0.sledgehammer goal.by        64839ms Ordered_Resolution_Prover.Ordered_Ground_Resolution 144:4700  some (SH 64839ms, ATP 628ms): Try this: by (smt (z3) cas_len cs_len in_set_conv_nth) (431 ms)
0.sledgehammer goal.using     30534ms Ordered_Resolution_Prover.Ordered_Ground_Resolution 151:4926  some (SH 30533ms, ATP 674ms): Try this: by (smt (verit, ccfv_SIG) A_max_def cas_len cm_in_cas maxim mc_in_cm strictly_maximal_wrt_def) (104 ms)
0.sledgehammer goal.unfolding 11512ms Ordered_Resolution_Prover.Ordered_Ground_Resolution 151:4965  some (SH 11511ms, ATP 824ms): Try this: by (smt (verit, best) A_max_def strictly_maximal_wrt_def) (67 ms)
0.sledgehammer goal.by         4186ms Ordered_Resolution_Prover.Ordered_Ground_Resolution 151:5010  some (SH 4185ms, ATP 559ms): Try this: by (smt (z3)) (100 ms)
0.sledgehammer goal.using     152054ms Ordered_Resolution_Prover.Ordered_Ground_Resolution 154:5088  timeout (SH 152053ms):
0.sledgehammer goal.unfolding 94410ms Ordered_Resolution_Prover.Ordered_Ground_Resolution 154:5141  some (SH 94409ms, ATP 640ms): Try this: by (smt (z3) A_max_def atms_of_negs cvc_arith_rewrite_defs(5) nth_mem_mset) (102 ms)
0.sledgehammer goal.by         7924ms Ordered_Resolution_Prover.Ordered_Ground_Resolution 155:5167  some (SH 7923ms, ATP 575ms): Try this: by (smt (z3) atms_of_negs cvc_arith_rewrite_defs(5) nth_mem_mset) (57 ms)
0.sledgehammer goal.using     13903ms Ordered_Resolution_Prover.Ordered_Ground_Resolution 157:5295  some (SH 13900ms, ATP 673ms): Try this: by (smt (z3) cvc_arith_rewrite_defs(5) mc_lt_ma mc_max order_trans) (60 ms)
0.sledgehammer goal.by         7552ms Ordered_Resolution_Prover.Ordered_Ground_Resolution 157:5317  some (SH 7547ms, ATP 697ms): Try this: by (smt (z3) cvc_arith_rewrite_defs(5) order_trans) (126 ms)
0.sledgehammer goal.using     48983ms Ordered_Resolution_Prover.Ordered_Ground_Resolution 159:5385  some (SH 48979ms, ATP 617ms): Try this: by (smt (z3) atm_of_lit_in_atms_of cvc_arith_rewrite_defs(5) literal.sel(2) mc_lt_ma mc_max) (88 ms)
0.sledgehammer goal.by         7671ms Ordered_Resolution_Prover.Ordered_Ground_Resolution 159:5447  some (SH 7670ms, ATP 649ms): Try this: by (smt (z3) cvc_arith_rewrite_defs(5) mc_lt_ma mc_max) (25 ms)
0.sledgehammer goal.using     121333ms Ordered_Resolution_Prover.Ordered_Ground_Resolution 161:5509  some (SH 121330ms, ATP 762ms): Try this: by (smt (z3) A_max_def ai_len cas_len cm_in_cas image_eqI multiset.set_map nth_mem_mset) (260 ms)
0.sledgehammer goal.by        50519ms Ordered_Resolution_Prover.Ordered_Ground_Resolution 161:5550  some (SH 50518ms, ATP 624ms): Try this: by (smt (z3) image_eqI multiset.set_map nth_mem_mset) (166 ms)
0.sledgehammer goal.unfolding 65860ms Ordered_Resolution_Prover.Ordered_Ground_Resolution 163:5617  some (SH 65859ms, ATP 1297ms): Try this: by (smt (verit, ccfv_threshold) atm_of_lit_in_atms_of ex_gt_imp_less_multiset less_literal_def literal.sel(2)) (168 ms)
0.sledgehammer goal.by        134935ms Ordered_Resolution_Prover.Ordered_Ground_Resolution 164:5651  some (SH 134934ms, ATP 2738ms): Try this: by (smt (verit) atm_of_lit_in_atms_of count_greater_zero_iff count_gt_imp_in_mset less_literal_def literal.sel(2) not_in_iff) (193 ms)
0.sledgehammer goal.unfolding 48033ms Ordered_Resolution_Prover.Ordered_Ground_Resolution 167:5820  some (SH 48032ms, ATP 715ms): Try this: by (smt (z3) DA e union_commute union_le_mono2) (45 ms)
0.sledgehammer goal.by        18184ms Ordered_Resolution_Prover.Ordered_Ground_Resolution 167:5835  some (SH 18183ms, ATP 646ms): Try this: by (smt (verit, ccfv_threshold) add.commute add_less_cancel_left) (24 ms)
0.sledgehammer goal.proof     22904ms Ordered_Resolution_Prover.Ordered_Ground_Resolution 188:6266  timeout (SH 22904ms): Timed out
0.sledgehammer goal.using      3391ms Ordered_Resolution_Prover.Ordered_Ground_Resolution 190:6302  some (SH 3388ms, ATP 547ms): Try this: by (smt (verit, del_insts) d_in_n ec_ni_n) (19 ms)
0.sledgehammer goal.by         2800ms Ordered_Resolution_Prover.Ordered_Ground_Resolution 190:6323  some (SH 2800ms, ATP 615ms): Try this: by (smt (verit, ccfv_threshold)) (10 ms)
0.sledgehammer goal.proof     22714ms Ordered_Resolution_Prover.Ordered_Ground_Resolution 192:6396  timeout (SH 22714ms): Timed out
0.sledgehammer goal.unfolding 154599ms Ordered_Resolution_Prover.Ordered_Ground_Resolution 200:6606  timeout (SH 154596ms):
0.sledgehammer goal.using     152595ms Ordered_Resolution_Prover.Ordered_Ground_Resolution 200:6622  timeout (SH 152594ms):
0.sledgehammer goal.by        153434ms Ordered_Resolution_Prover.Ordered_Ground_Resolution 201:6664  timeout (SH 153433ms):
0.sledgehammer goal.unfolding 63502ms Ordered_Resolution_Prover.Ordered_Ground_Resolution 203:6805  some (SH 63501ms, ATP 901ms): Try this: by (smt (z3) As_def D_def add.right_neutral add_mset_remove_trivial image_mset_add_mset image_mset_is_empty_iff mset_single_iff_right multi_member_split union_mset_add_mset_right) (69 ms)
0.sledgehammer goal.by        89722ms Ordered_Resolution_Prover.Ordered_Ground_Resolution 203:6828  some (SH 89721ms, ATP 689ms): Try this: by (smt (z3) image_mset_single insert_DiffM2 mset_single_iff_right) (143 ms)
0.sledgehammer goal.by        21271ms Ordered_Resolution_Prover.Ordered_Ground_Resolution 205:6896  some (SH 21270ms, ATP 1148ms): Try this: by (smt (cvc5, trigger_max) das mset_subset_eq_add_right) (23 ms)
0.sledgehammer goal.using     43651ms Ordered_Resolution_Prover.Ordered_Ground_Resolution 207:6992  some (SH 43651ms, ATP 1051ms): Try this: by (smt (verit) A_def As_def das insert_DiffM length_greater_0_conv mset_single_iff_right mset_zero_iff multi_self_add_other_not_self nth_mem_mset single_eq_add_mset) (101 ms)
0.sledgehammer goal.by         3659ms Ordered_Resolution_Prover.Ordered_Ground_Resolution 207:7015  some (SH 3658ms, ATP 561ms): Try this: by (smt (verit, ccfv_SIG) nth_Cons_0) (31 ms)
0.sledgehammer goal.using     23346ms Ordered_Resolution_Prover.Ordered_Ground_Resolution 209:7060  timeout (SH 23346ms): Timed out
0.sledgehammer goal.by        29007ms Ordered_Resolution_Prover.Ordered_Ground_Resolution 209:7108  some (SH 29004ms, ATP 1601ms): Try this: by (smt (z3) One_nat_def Suc_eq_plus1_left add.commute list.size(3,4)) (44 ms)
0.sledgehammer goal.using     117911ms Ordered_Resolution_Prover.Ordered_Ground_Resolution 211:7150  some (SH 117910ms, ATP 539ms): Try this: by (smt (verit) As_def neq_Nil_conv) (181 ms)
0.sledgehammer goal.by        160369ms Ordered_Resolution_Prover.Ordered_Ground_Resolution 211:7163  some (SH 160368ms, ATP 597ms): Try this: by (smt (z3) not_Cons_self2) (115 ms)
0.sledgehammer goal.unfolding 22564ms Ordered_Resolution_Prover.Ordered_Ground_Resolution 220:7394  timeout (SH 22563ms): Timed out
0.sledgehammer goal.using     15823ms Ordered_Resolution_Prover.Ordered_Ground_Resolution 220:7411  some (SH 15822ms, ATP 707ms): Try this: by (smt (z3) image_mset_is_empty_iff list_of_mset_empty s_d_e) (81 ms)
0.sledgehammer goal.by        14078ms Ordered_Resolution_Prover.Ordered_Ground_Resolution 221:7429  some (SH 14077ms, ATP 703ms): Try this: by (smt (z3) image_mset_is_empty_iff list_of_mset_empty) (38 ms)
0.sledgehammer goal.using     22539ms Ordered_Resolution_Prover.Ordered_Ground_Resolution 223:7555  timeout (SH 22538ms): Timed out
0.sledgehammer goal.by        22851ms Ordered_Resolution_Prover.Ordered_Ground_Resolution 223:7580  timeout (SH 22850ms): Timed out
0.sledgehammer goal.unfolding  7865ms Ordered_Resolution_Prover.Ordered_Ground_Resolution 225:7659  some (SH 7862ms, ATP 558ms): Try this: by (smt (z3) \<open>As \<equiv> list_of_mset (image_mset atm_of (S DA))\<close> mset_list_of_mset) (23 ms)
0.sledgehammer goal.by         3170ms Ordered_Resolution_Prover.Ordered_Ground_Resolution 225:7676  some (SH 3167ms, ATP 520ms): Try this: by (smt (z3) mset_list_of_mset) (14 ms)
0.sledgehammer goal.using     51500ms Ordered_Resolution_Prover.Ordered_Ground_Resolution 227:7739  some (SH 51499ms, ATP 595ms): Try this: by (smt (z3) D_def \<open>As \<equiv> list_of_mset (image_mset atm_of (S DA))\<close> add.commute da_sub_as mset_list_of_mset subset_mset.add_diff_inverse) (27 ms)
0.sledgehammer goal.unfolding 33865ms Ordered_Resolution_Prover.Ordered_Ground_Resolution 227:7755  some (SH 33864ms, ATP 487ms): Try this: by (smt (z3) \<open>As \<equiv> list_of_mset (image_mset atm_of (S DA))\<close> \<open>D \<equiv> DA - negs (image_mset atm_of (S DA))\<close> mset_list_of_mset subset_mset.diff_add) (31 ms)
0.sledgehammer goal.by        16511ms Ordered_Resolution_Prover.Ordered_Ground_Resolution 227:7778  some (SH 16510ms, ATP 598ms): Try this: by (smt (z3) mset_list_of_mset subset_mset.diff_add) (79 ms)
0.sledgehammer goal.by        44912ms Ordered_Resolution_Prover.Ordered_Ground_Resolution 229:7848  some (SH 44912ms, ATP 256ms): Try this: by (smt (verit, ccfv_SIG) filter_neg_atm_of_S image_mset_cong2 multiset.map_comp o_apply) (99 ms)
0.sledgehammer goal.unfolding  4516ms Ordered_Resolution_Prover.Ordered_Ground_Resolution 231:7928  some (SH 4515ms, ATP 621ms): Try this: by (smt (z3) \<open>As \<equiv> list_of_mset (image_mset atm_of (S DA))\<close> mset_list_of_mset) (17 ms)
0.sledgehammer goal.by         3574ms Ordered_Resolution_Prover.Ordered_Ground_Resolution 231:7945  some (SH 3574ms, ATP 596ms): Try this: by (smt (verit) mset_list_of_mset) (39 ms)
0.sledgehammer goal.unfolding  8033ms Ordered_Resolution_Prover.Ordered_Ground_Resolution 233:7990  some (SH 8033ms, ATP 609ms): Try this: by (smt (verit, ccfv_threshold) eligible.intros) (135 ms)
0.sledgehammer goal.using      7983ms Ordered_Resolution_Prover.Ordered_Ground_Resolution 233:8004  some (SH 7980ms, ATP 1135ms): Try this: by (smt (verit) eligible.intros) (162 ms)
0.sledgehammer goal.by         5677ms Ordered_Resolution_Prover.Ordered_Ground_Resolution 233:8019  some (SH 5670ms, ATP 1040ms): Try this: by (smt (z3)) (171 ms)
0.sledgehammer goal.by         4505ms Ordered_Resolution_Prover.Ordered_Ground_Resolution 235:8061  some (SH 4504ms, ATP 499ms): Try this: by (smt (z3)) (60 ms)
0.sledgehammer goal.by         5229ms Ordered_Resolution_Prover.Ordered_Ground_Resolution 241:8212  some (SH 5229ms, ATP 400ms): Try this: by (smt (z3)) (81 ms)
0.sledgehammer goal.using     158915ms Ordered_Resolution_Prover.Ordered_Ground_Resolution 247:8316  timeout (SH 158914ms):
0.sledgehammer goal.by        122183ms Ordered_Resolution_Prover.Ordered_Ground_Resolution 247:8341  some (SH 122183ms, ATP 729ms): Try this: by (smt (verit, ccfv_threshold) image_eqI multiset.set_map neg_literal_notin_imp_true_cls set_mset_mset subsetI subset_mset.diff_add union_iff) (271 ms)
0.sledgehammer goal.unfolding 114076ms Ordered_Resolution_Prover.Ordered_Ground_Resolution 249:8409  some (SH 114076ms, ATP 1045ms): Try this: by (smt (verit, del_insts) INTERP_def UN_E in_production_imp_produces subsetD) (316 ms)
0.sledgehammer goal.by        91542ms Ordered_Resolution_Prover.Ordered_Ground_Resolution 250:8434  some (SH 91541ms, ATP 841ms): Try this: by (smt (verit, best) UN_E in_production_imp_produces subset_eq) (534 ms)
0.sledgehammer goal.using     33627ms Ordered_Resolution_Prover.Ordered_Ground_Resolution 252:8578  some (SH 33627ms, ATP 662ms): Try this: by (smt (z3) d_cex empty_iff productive_imp_INTERP singletonI) (152 ms)
0.sledgehammer goal.by        34963ms Ordered_Resolution_Prover.Ordered_Ground_Resolution 252:8592  some (SH 34962ms, ATP 677ms): Try this: by (smt (z3) d_cex empty_iff productive_imp_INTERP singletonI) (109 ms)
0.sledgehammer goal.using      9626ms Ordered_Resolution_Prover.Ordered_Ground_Resolution 254:8679  some (SH 9625ms, ATP 1179ms): Try this: by (smt (z3) prod_ex) (259 ms)
0.sledgehammer goal.by         8200ms Ordered_Resolution_Prover.Ordered_Ground_Resolution 254:8693  some (SH 8199ms, ATP 1336ms): Try this: by (smt (z3)) (291 ms)
0.sledgehammer goal.by        23144ms Ordered_Resolution_Prover.Ordered_Ground_Resolution 256:8781  timeout (SH 23142ms): Timed out
0.sledgehammer goal.by         3639ms Ordered_Resolution_Prover.Ordered_Ground_Resolution 258:8853  some (SH 3637ms, ATP 540ms): Try this: by (smt (z3)) (93 ms)
0.sledgehammer goal.by        76606ms Ordered_Resolution_Prover.Ordered_Ground_Resolution 266:9119  some (SH 76605ms, ATP 793ms): Try this: by (smt (verit, del_insts) image_filter_cong literal.sel(1) multiset.map_ident) (387 ms)
0.sledgehammer goal.using     22381ms Ordered_Resolution_Prover.Ordered_Ground_Resolution 268:9272  timeout (SH 22380ms): Timed out
0.sledgehammer goal.by        22498ms Ordered_Resolution_Prover.Ordered_Ground_Resolution 268:9301  timeout (SH 22496ms): Timed out
0.sledgehammer goal.unfolding 23361ms Ordered_Resolution_Prover.Ordered_Ground_Resolution 280:9632  timeout (SH 23358ms): Timed out
0.sledgehammer goal.using     77373ms Ordered_Resolution_Prover.Ordered_Ground_Resolution 280:9652  some (SH 77371ms, ATP 2543ms): Try this: by (smt (z3) c_of0 filter_mset_eq_mempty_iff image_mset_is_empty_iff produces_imp_Pos_in_lits) (92 ms)
0.sledgehammer goal.by        18695ms Ordered_Resolution_Prover.Ordered_Ground_Resolution 281:9695  some (SH 18694ms, ATP 2592ms): Try this: by (smt (verit) filter_mset_eq_mempty_iff image_mset_is_empty_iff) (142 ms)
0.sledgehammer goal.proof     23080ms Ordered_Resolution_Prover.Ordered_Ground_Resolution 284:9834  timeout (SH 23080ms): Timed out
0.sledgehammer goal.using      7412ms Ordered_Resolution_Prover.Ordered_Ground_Resolution 286:9904  some (SH 7410ms, ATP 663ms): Try this: by (smt (verit, best) ca_in in_set_conv_nth) (225 ms)
0.sledgehammer goal.by         5251ms Ordered_Resolution_Prover.Ordered_Ground_Resolution 286:9916  some (SH 5250ms, ATP 688ms): Try this: by (smt (verit, best) in_set_conv_nth) (388 ms)
0.sledgehammer goal.using     33893ms Ordered_Resolution_Prover.Ordered_Ground_Resolution 288:10001  some (SH 33892ms, ATP 1227ms): Try this: by (smt (verit, del_insts) CAs_def c_of0 i_p(1) length_map nth_mem) (36 ms)
0.sledgehammer goal.by        13014ms Ordered_Resolution_Prover.Ordered_Ground_Resolution 288:10027  some (SH 13014ms, ATP 662ms): Try this: by (smt (z3) length_map nth_mem) (54 ms)
0.sledgehammer goal.using     77230ms Ordered_Resolution_Prover.Ordered_Ground_Resolution 290:10073  some (SH 77229ms, ATP 836ms): Try this: by (smt (z3) CAs_def i_p(1,2) length_map nth_map producesD productive_not_empty) (96 ms)
0.sledgehammer goal.by        64758ms Ordered_Resolution_Prover.Ordered_Ground_Resolution 290:10091  some (SH 64757ms, ATP 821ms): Try this: by (smt (z3) length_map nth_map producesD productive_not_empty) (54 ms)
0.sledgehammer goal.using      9608ms Ordered_Resolution_Prover.Ordered_Ground_Resolution 293:10146  some (SH 9607ms, ATP 1747ms): Try this: by (smt (verit, del_insts) productive_in_N subsetI) (92 ms)
0.sledgehammer goal.by         7854ms Ordered_Resolution_Prover.Ordered_Ground_Resolution 293:10168  some (SH 7854ms, ATP 1444ms): Try this: by (smt (verit, best) subsetI) (230 ms)
0.sledgehammer goal.unfolding 22135ms Ordered_Resolution_Prover.Ordered_Ground_Resolution 295:10219  some (SH 22132ms, ATP 869ms): Try this: by (smt (verit, del_insts) prod_c productive_imp_INTERP set_mset_mset true_cls_mset_def) (159 ms)
0.sledgehammer goal.using      7154ms Ordered_Resolution_Prover.Ordered_Ground_Resolution 295:10247  some (SH 7153ms, ATP 799ms): Try this: by (smt (z3) count_mset_0_iff not_in_iff prod_c productive_imp_INTERP) (83 ms)
0.sledgehammer goal.by         6280ms Ordered_Resolution_Prover.Ordered_Ground_Resolution 295:10282  some (SH 6279ms, ATP 745ms): Try this: by (smt (z3) count_mset_0_iff not_in_iff) (159 ms)
0.sledgehammer goal.using     59595ms Ordered_Resolution_Prover.Ordered_Ground_Resolution 298:10340  some (SH 59595ms, ATP 662ms): Try this: by (smt (verit, ccfv_threshold) c_of0 produces_imp_neg_notin_lits) (61 ms)
0.sledgehammer goal.by         3919ms Ordered_Resolution_Prover.Ordered_Ground_Resolution 298:10382  some (SH 3919ms, ATP 673ms): Try this: by (smt (z3)) (172 ms)
0.sledgehammer goal.unfolding 54925ms Ordered_Resolution_Prover.Ordered_Ground_Resolution 300:10455  some (SH 54925ms, ATP 1163ms): Try this: by (smt (z3) C_of_def atm_imp_pos_or_neg_lit count_filter_mset not_in_iff) (144 ms)
0.sledgehammer goal.using     34362ms Ordered_Resolution_Prover.Ordered_Ground_Resolution 300:10474  some (SH 34361ms, ATP 929ms): Try this: by (smt (z3) atm_imp_pos_or_neg_lit mem_Collect_eq set_mset_filter) (223 ms)
0.sledgehammer goal.by        25140ms Ordered_Resolution_Prover.Ordered_Ground_Resolution 300:10503  some (SH 25140ms, ATP 1064ms): Try this: by (smt (z3) mem_Collect_eq set_mset_filter) (109 ms)
0.sledgehammer goal.unfolding 23378ms Ordered_Resolution_Prover.Ordered_Ground_Resolution 302:10555  some (SH 23377ms, ATP 1321ms): Try this: by (smt (z3) add.right_neutral ca_of_c_of_aj_of le_multiset_plus_right_nonempty order_class.order_eq_iff order_less_imp_le) (33 ms)
0.sledgehammer goal.by        127237ms Ordered_Resolution_Prover.Ordered_Ground_Resolution 302:10574  some (SH 127235ms, ATP 3085ms): Try this: by (smt (cvc5) add.right_neutral le_multiset_plus_right_nonempty order_class.order_eq_iff order_less_imp_le union_filter_mset_complement)
0.sledgehammer goal.using     14731ms Ordered_Resolution_Prover.Ordered_Ground_Resolution 304:10684  some (SH 14731ms, ATP 614ms): Try this: by (smt (z3) c_of0 produces_imp_Max_atom) (25 ms)
0.sledgehammer goal.by        26508ms Ordered_Resolution_Prover.Ordered_Ground_Resolution 304:10737  some (SH 26507ms, ATP 572ms): Try this: by (smt (verit, ccfv_threshold) produces_imp_Max_atom) (88 ms)
0.sledgehammer goal.using     40001ms Ordered_Resolution_Prover.Ordered_Ground_Resolution 306:10822  some (SH 40001ms, ATP 604ms): Try this: by (smt (z3) c'_le_c less_eq_Max_atms_of) (31 ms)
0.sledgehammer goal.by        24552ms Ordered_Resolution_Prover.Ordered_Ground_Resolution 306:10836  some (SH 24551ms, ATP 633ms): Try this: by (smt (z3) less_eq_Max_atms_of) (79 ms)
0.sledgehammer goal.using     18083ms Ordered_Resolution_Prover.Ordered_Ground_Resolution 308:10948  some (SH 18083ms, ATP 632ms): Try this: by (smt (z3) Max_in a_ni_c' atms_empty_iff_empty finite_atms_of) (77 ms)
0.sledgehammer goal.by        11141ms Ordered_Resolution_Prover.Ordered_Ground_Resolution 308:10969  some (SH 11140ms, ATP 718ms): Try this: by (smt (z3) atms_empty_iff_empty finite_atms_of) (81 ms)
0.sledgehammer goal.by        35970ms Ordered_Resolution_Prover.Ordered_Ground_Resolution 310:11123  some (SH 35969ms, ATP 621ms): Try this: by (smt (z3) antisym_conv2) (156 ms)
0.sledgehammer goal.unfolding  6167ms Ordered_Resolution_Prover.Ordered_Ground_Resolution 313:11204  some (SH 6166ms, ATP 459ms): Try this: by (smt (verit) CAs_def length_map) (15 ms)
0.sledgehammer goal.by         4420ms Ordered_Resolution_Prover.Ordered_Ground_Resolution 313:11222  some (SH 4419ms, ATP 511ms): Try this: by (smt (verit) length_map) (17 ms)
0.sledgehammer goal.by         3299ms Ordered_Resolution_Prover.Ordered_Ground_Resolution 316:11259  some (SH 3299ms, ATP 496ms): Try this: by (smt (verit) le_cs_as n_def) (10 ms)
0.sledgehammer goal.by        21858ms Ordered_Resolution_Prover.Ordered_Ground_Resolution 318:11325  some (SH 21858ms, ATP 569ms): Try this: by (smt (verit, ccfv_threshold) Cs_def length_map n_def) (21 ms)
0.sledgehammer goal.by        20347ms Ordered_Resolution_Prover.Ordered_Ground_Resolution 320:11390  some (SH 20346ms, ATP 492ms): Try this: by (smt (verit) AAs_def length_map n_def) (25 ms)
0.sledgehammer goal.using      3209ms Ordered_Resolution_Prover.Ordered_Ground_Resolution 322:11455  some (SH 3209ms, ATP 320ms): Try this: by (smt (verit) n_def) (9 ms)
0.sledgehammer goal.by         2381ms Ordered_Resolution_Prover.Ordered_Ground_Resolution 322:11467  some (SH 2380ms, ATP 366ms): Try this: by (smt (verit, del_insts)) (13 ms)
0.sledgehammer goal.by         8064ms Ordered_Resolution_Prover.Ordered_Ground_Resolution 324:11503  some (SH 8063ms, ATP 451ms): Try this: by (smt (verit, best) as_ne length_0_conv n_def) (32 ms)
0.sledgehammer goal.using     23373ms Ordered_Resolution_Prover.Ordered_Ground_Resolution 326:11602  timeout (SH 23371ms): Timed out
0.sledgehammer goal.by        254523ms Ordered_Resolution_Prover.Ordered_Ground_Resolution 326:11626  some (SH 254521ms, ATP 1730ms): Try this: by (smt (z3) calculation(3) count_filter_mset imageE literal.sel(1) multiset.set_map n_def not_in_iff nth_map) (163 ms)
0.sledgehammer goal.by        112494ms Ordered_Resolution_Prover.Ordered_Ground_Resolution 329:11725  some (SH 112493ms, ATP 809ms): Try this: by (smt (verit) antisym atm_of_lit_in_atms_of ground_resolution_with_selection.produces_imp_atms_leq ground_resolution_with_selection_axioms linorder_not_less literal.exhaust_sel produces_imp_neg_notin_lits) (155 ms)
0.sledgehammer goal.using      9115ms Ordered_Resolution_Prover.Ordered_Ground_Resolution 333:12007  some (SH 9115ms, ATP 630ms): Try this: by (smt (z3) c_of0) (77 ms)
0.sledgehammer goal.by         5165ms Ordered_Resolution_Prover.Ordered_Ground_Resolution 333:12021  some (SH 5165ms, ATP 640ms): Try this: by (smt (z3)) (300 ms)
0.sledgehammer goal.unfolding 47948ms Ordered_Resolution_Prover.Ordered_Ground_Resolution 335:12077  some (SH 47947ms, ATP 783ms): Try this: by (smt (z3) AAs_def calculation(3) m_nz n_def nth_map nth_mem) (102 ms)
0.sledgehammer goal.using     51887ms Ordered_Resolution_Prover.Ordered_Ground_Resolution 335:12095  some (SH 51886ms, ATP 756ms): Try this: by (smt (z3) AAs_def calculation(3) m_nz n_def nth_map nth_mem) (84 ms)
0.sledgehammer goal.by        55553ms Ordered_Resolution_Prover.Ordered_Ground_Resolution 335:12106  some (SH 55552ms, ATP 648ms): Try this: by (smt (z3) AAs_def calculation(3) n_def nth_map nth_mem) (195 ms)
0.sledgehammer goal.unfolding 104332ms Ordered_Resolution_Prover.Ordered_Ground_Resolution 337:12169  some (SH 104331ms, ATP 669ms): Try this: by (smt (z3) AAs_def CAs_def Cs_def ca_of_c_of_aj_of n_def nth_map) (33 ms)
0.sledgehammer goal.using     45043ms Ordered_Resolution_Prover.Ordered_Ground_Resolution 337:12202  some (SH 45043ms, ATP 665ms): Try this: by (smt (z3) ca_of_c_of_aj_of n_def nth_map) (163 ms)
0.sledgehammer goal.by        27549ms Ordered_Resolution_Prover.Ordered_Ground_Resolution 337:12225  some (SH 27548ms, ATP 657ms): Try this: by (smt (z3) n_def nth_map) (98 ms)
0.sledgehammer goal.using      5469ms Ordered_Resolution_Prover.Ordered_Ground_Resolution 340:12291  some (SH 5468ms, ATP 511ms): Try this: by (smt (z3) \<open>\<forall>i<length AAs. AAs ! i \<noteq> {#}\<close> calculation(3)) (52 ms)
0.sledgehammer goal.by         3401ms Ordered_Resolution_Prover.Ordered_Ground_Resolution 340:12345  some (SH 3400ms, ATP 576ms): Try this: by (smt (z3)) (89 ms)
0.sledgehammer goal.by         6630ms Ordered_Resolution_Prover.Ordered_Ground_Resolution 342:12410  some (SH 6629ms, ATP 489ms): Try this: by (smt (z3) \<open>\<forall>i<length AAs. \<forall>A\<in>#AAs ! i. A = As ! i\<close> calculation(3)) (111 ms)
0.sledgehammer goal.using      3146ms Ordered_Resolution_Prover.Ordered_Ground_Resolution 344:12522  some (SH 3145ms, ATP 357ms): Try this: by (smt (verit) s_d) (9 ms)
0.sledgehammer goal.by         2510ms Ordered_Resolution_Prover.Ordered_Ground_Resolution 344:12532  some (SH 2509ms, ATP 399ms): Try this: by (smt (verit)) (14 ms)
0.sledgehammer goal.using     23181ms Ordered_Resolution_Prover.Ordered_Ground_Resolution 346:12591  some (SH 23180ms, ATP 560ms): Try this: by (smt (verit, del_insts) \<open>D \<equiv> DA - negs (mset As)\<close> negs_as_le_d subset_mset.diff_add) (40 ms)
0.sledgehammer goal.by         4051ms Ordered_Resolution_Prover.Ordered_Ground_Resolution 346:12616  some (SH 4050ms, ATP 562ms): Try this: by (smt (verit) subset_mset.diff_add) (104 ms)
0.sledgehammer goal.by        155625ms Ordered_Resolution_Prover.Ordered_Ground_Resolution 348:12708  some (SH 155625ms, ATP 1825ms): Try this: by (smt (z3) Cs_def Max_ge atms_empty_iff_empty calculation(3) empty_iff finite_atms_of linorder_not_less max_c'_lt_a n_def nth_map nth_mem order_trans strictly_maximal_wrt_def) (540 ms)
0.sledgehammer goal.by         4818ms Ordered_Resolution_Prover.Ordered_Ground_Resolution 351:12945  some (SH 4818ms, ATP 501ms): Try this: by (smt (z3) \<open>\<And>i. i < length AAs \<Longrightarrow> strictly_maximal_wrt (As ! i) (Cs ! i)\<close> calculation(3)) (44 ms)
0.sledgehammer goal.using     33646ms Ordered_Resolution_Prover.Ordered_Ground_Resolution 353:13085  some (SH 33646ms, ATP 948ms): Try this: by (smt (z3) ground_resolution_with_selection.productive_imp_produces_Max_atom ground_resolution_with_selection_axioms prod_c producesD) (130 ms)
0.sledgehammer goal.by         8717ms Ordered_Resolution_Prover.Ordered_Ground_Resolution 353:13144  some (SH 8717ms, ATP 857ms): Try this: by (smt (z3)) (294 ms)
0.sledgehammer goal.using      3673ms Ordered_Resolution_Prover.Ordered_Ground_Resolution 355:13190  some (SH 3672ms, ATP 392ms): Try this: by (smt (verit) \<open>\<forall>CA\<in>set CAs. S CA = {#}\<close>) (10 ms)
0.sledgehammer goal.by         2737ms Ordered_Resolution_Prover.Ordered_Ground_Resolution 355:13222  some (SH 2737ms, ATP 438ms): Try this: by (smt (verit, best)) (14 ms)
0.sledgehammer goal.using     28459ms Ordered_Resolution_Prover.Ordered_Ground_Resolution 357:13274  some (SH 28458ms, ATP 637ms): Try this: by (smt (z3) calculation(1) nth_mem) (51 ms)
0.sledgehammer goal.by         4065ms Ordered_Resolution_Prover.Ordered_Ground_Resolution 357:13305  some (SH 4064ms, ATP 623ms): Try this: by (smt (z3)) (171 ms)
0.sledgehammer goal.using     38231ms Ordered_Resolution_Prover.Ordered_Ground_Resolution 359:13409  some (SH 38230ms, ATP 1611ms): Try this: by (smt (cvc5) le_cs_as ord_resolve)
0.sledgehammer goal.by        33899ms Ordered_Resolution_Prover.Ordered_Ground_Resolution 359:13427  some (SH 33897ms, ATP 1522ms): Try this: by (smt (cvc5) le_cs_as)
0.sledgehammer goal.by        53258ms Ordered_Resolution_Prover.Ordered_Ground_Resolution 362:13497  some (SH 53257ms, ATP 817ms): Try this: by (smt (z3) c_of0 producesD) (179 ms)
0.sledgehammer goal.unfolding 98745ms Ordered_Resolution_Prover.Ordered_Ground_Resolution 364:13595  some (SH 98744ms, ATP 3987ms): Try this: by (smt (verit, ccfv_threshold) C_of_def Interp_def Un_iff c_of0 in_production_imp_produces mem_Collect_eq producesD set_mset_filter true_cls_def true_lit_iff) (1.6 s)
0.sledgehammer goal.using     129784ms Ordered_Resolution_Prover.Ordered_Ground_Resolution 364:13646  some (SH 129784ms, ATP 5057ms): Try this: by (smt (z3) Un_iff c_of0 count_filter_mset not_in_iff singletonD true_lit_iff) (751 ms)
0.sledgehammer goal.by        107146ms Ordered_Resolution_Prover.Ordered_Ground_Resolution 365:13689  some (SH 107145ms, ATP 1650ms): Try this: by (smt (z3) Un_iff count_filter_mset not_in_iff singletonD true_lit_iff) (917 ms)
0.sledgehammer goal.using     153218ms Ordered_Resolution_Prover.Ordered_Ground_Resolution 367:13761  timeout (SH 153217ms):
0.sledgehammer goal.unfolding 101049ms Ordered_Resolution_Prover.Ordered_Ground_Resolution 367:13821  some (SH 101048ms, ATP 749ms): Try this: by (smt (verit, best) empty_iff set_mset_empty true_cls_def) (390 ms)
0.sledgehammer goal.by        98506ms Ordered_Resolution_Prover.Ordered_Ground_Resolution 368:13848  some (SH 98505ms, ATP 1062ms): Try this: by (smt (verit, ccfv_threshold) empty_iff set_mset_empty) (952 ms)
0.sledgehammer goal.unfolding 232988ms Ordered_Resolution_Prover.Ordered_Ground_Resolution 371:13928  some (SH 232988ms, ATP 1225ms): Try this: by (smt (verit) Cs_def \<open>length Cs = n\<close> c'_at_n in_Union_mset_iff in_set_conv_nth n_def nth_map set_mset_mset true_cls_def) (337 ms)
0.sledgehammer goal.using     153723ms Ordered_Resolution_Prover.Ordered_Ground_Resolution 371:13958  timeout (SH 153722ms):
0.sledgehammer goal.by        126263ms Ordered_Resolution_Prover.Ordered_Ground_Resolution 371:13972  some (SH 126263ms, ATP 938ms): Try this: by (smt (verit, ccfv_threshold) imageE in_Union_mset_iff list.set_map neg_literal_notin_imp_true_cls pos_literal_in_imp_true_cls set_mset_mset true_lit_iff) (967 ms)
0.sledgehammer goal.using     65057ms Ordered_Resolution_Prover.Ordered_Ground_Resolution 373:14022  some (SH 65056ms, ATP 510ms): Try this: by (smt (z3) \<open>D \<equiv> DA - negs (mset As)\<close> d_cex negs_as_le_d subset_mset.diff_add true_cls_union) (46 ms)
0.sledgehammer goal.by        48328ms Ordered_Resolution_Prover.Ordered_Ground_Resolution 373:14034  some (SH 48327ms, ATP 528ms): Try this: by (smt (z3) \<open>D \<equiv> DA - negs (mset As)\<close> negs_as_le_d subset_mset.diff_add true_cls_union) (19 ms)
0.sledgehammer goal.by         3820ms Ordered_Resolution_Prover.Ordered_Ground_Resolution 376:14208  some (SH 3819ms, ATP 451ms): Try this: by (smt (verit, best) true_cls_union) (38 ms)
0.sledgehammer goal.by         3255ms Ordered_Resolution_Prover.Ordered_Ground_Resolution 379:14242  some (SH 3254ms, ATP 369ms): Try this: by (smt (verit) cs_subs_n) (5 ms)
0.sledgehammer goal.by         3111ms Ordered_Resolution_Prover.Ordered_Ground_Resolution 381:14310  some (SH 3111ms, ATP 451ms): Try this: by (smt (verit, del_insts) cs_true) (14 ms)
0.sledgehammer goal.by         3805ms Ordered_Resolution_Prover.Ordered_Ground_Resolution 383:14391  some (SH 3804ms, ATP 497ms): Try this: by (smt (verit) prod_c) (18 ms)
0.sledgehammer goal.using     37775ms Ordered_Resolution_Prover.Ordered_Ground_Resolution 385:14481  some (SH 37774ms, ATP 508ms): Try this: by (smt (z3) \<open>D \<equiv> DA - negs (mset As)\<close> negs_as_le_d res_e subset_mset.diff_add) (14 ms)
0.sledgehammer goal.by         4142ms Ordered_Resolution_Prover.Ordered_Ground_Resolution 385:14512  some (SH 4141ms, ATP 539ms): Try this: by (smt (z3) subset_mset.diff_add) (109 ms)
0.sledgehammer goal.using      3034ms Ordered_Resolution_Prover.Ordered_Ground_Resolution 387:14573  some (SH 3033ms, ATP 362ms): Try this: by (smt (verit) e_cex) (10 ms)
0.sledgehammer goal.by         3289ms Ordered_Resolution_Prover.Ordered_Ground_Resolution 387:14585  some (SH 3289ms, ATP 358ms): Try this: by (smt (verit, best)) (6 ms)
0.sledgehammer goal.using      8388ms Ordered_Resolution_Prover.Ordered_Ground_Resolution 389:14638  some (SH 8388ms, ATP 490ms): Try this: by (smt (z3) calculation(4) ord_resolve_reductive) (9 ms)
0.sledgehammer goal.by         4115ms Ordered_Resolution_Prover.Ordered_Ground_Resolution 389:14681  some (SH 4113ms, ATP 544ms): Try this: by (smt (z3)) (102 ms)
0.sledgehammer goal.using     23479ms Ordered_Resolution_Prover.Ordered_Ground_Resolution 397:14869  timeout (SH 23477ms): Timed out
0.sledgehammer goal.proof     23102ms Ordered_Resolution_Prover.Ordered_Ground_Resolution 398:14881  timeout (SH 23099ms): Timed out
0.sledgehammer goal.using     28115ms Ordered_Resolution_Prover.Ordered_Ground_Resolution 403:15105  some (SH 28113ms, ATP 1294ms): Try this: by (smt (z3) cas subsetI union_iff) (63 ms)
0.sledgehammer goal.by        14041ms Ordered_Resolution_Prover.Ordered_Ground_Resolution 403:15115  some (SH 14040ms, ATP 590ms): Try this: by (smt (z3) subsetI union_iff) (177 ms)
0.sledgehammer goal.by        149393ms Ordered_Resolution_Prover.Ordered_Ground_Resolution 405:15174  some (SH 149392ms, ATP 1316ms): Try this: by (smt (z3) cas cas_len less_subset_eq_sum_list mset_subset_eq_add_left subset_mset.dual_order.trans sum_mset_sum_list) (119 ms)
0.sledgehammer goal.using     15246ms Ordered_Resolution_Prover.Ordered_Ground_Resolution 407:15313  some (SH 15245ms, ATP 666ms): Try this: by (smt (verit, ccfv_SIG) cs_len in_set_conv_nth) (152 ms)
0.sledgehammer goal.by         8271ms Ordered_Resolution_Prover.Ordered_Ground_Resolution 407:15351  some (SH 8270ms, ATP 742ms): Try this: by (smt (verit, ccfv_SIG)) (616 ms)
0.sledgehammer goal.by        120710ms Ordered_Resolution_Prover.Ordered_Ground_Resolution 409:15430  some (SH 120709ms, ATP 1792ms): Try this: by (smt (verit, del_insts) count_mset_0_iff in_Union_mset_iff mset_subset_eqD not_in_iff subsetI) (160 ms)
0.sledgehammer goal.by         4463ms Ordered_Resolution_Prover.Ordered_Ground_Resolution 411:15549  some (SH 4463ms, ATP 1028ms): Try this: by (smt (z3) lits_subseteq_imp_atms_subseteq) (42 ms)
0.sledgehammer goal.by        23371ms Ordered_Resolution_Prover.Ordered_Ground_Resolution 413:15693  timeout (SH 23371ms): Timed out
0.sledgehammer goal.by         3194ms Ordered_Resolution_Prover.Ordered_Ground_Resolution 417:15988  some (SH 3191ms, ATP 578ms): Try this: by (smt (z3)) (12 ms)
0.sledgehammer goal.using     110511ms Ordered_Resolution_Prover.Ordered_Ground_Resolution 419:16041  some (SH 110510ms, ATP 1893ms): Try this: by (smt (z3) DA lits_subseteq_imp_atms_subseteq set_mset_union sup_ge1) (51 ms)
0.sledgehammer goal.by        69765ms Ordered_Resolution_Prover.Ordered_Ground_Resolution 419:16050  some (SH 69764ms, ATP 1317ms): Try this: by (smt (cvc5, quant_saturate) Un_iff atms_of_plus subsetI) (131 ms)
0.sledgehammer goal.unfolding 72438ms Ordered_Resolution_Prover.Ordered_Ground_Resolution 421:16088  some (SH 72437ms, ATP 537ms): Try this: by (smt (z3) atms_of_plus e sup_mono) (35 ms)
0.sledgehammer goal.by        56165ms Ordered_Resolution_Prover.Ordered_Ground_Resolution 421:16100  some (SH 56164ms, ATP 642ms): Try this: by (smt (verit, best) atms_of_plus sup_mono) (45 ms)
0.sledgehammer goal.proof     22746ms Ordered_Resolution_Prover.Ordered_Ground_Resolution 440:16743  timeout (SH 22746ms): Timed out
0.sledgehammer goal.using     15774ms Ordered_Resolution_Prover.Ordered_Ground_Resolution 449:17117  some (SH 15773ms, ATP 1107ms): Try this: by (smt (verit, best) ord_resolve_counterex_reducing) (2.1 s)
0.sledgehammer goal.by        12311ms Ordered_Resolution_Prover.Ordered_Ground_Resolution 449:17170  some (SH 12310ms, ATP 732ms): Try this: by (smt (z3)) (616 ms)
0.sledgehammer goal.using     32525ms Ordered_Resolution_Prover.Ordered_Ground_Resolution 452:17222  some (SH 32524ms, ATP 773ms): Try this: by (smt (verit, ccfv_SIG) mem_Collect_eq ord_\<Gamma>_def res_e) (558 ms)
0.sledgehammer goal.unfolding  8922ms Ordered_Resolution_Prover.Ordered_Ground_Resolution 452:17234  some (SH 8921ms, ATP 926ms): Try this: by (smt (z3) mem_Collect_eq ord_\<Gamma>_def) (369 ms)
0.sledgehammer goal.by         8778ms Ordered_Resolution_Prover.Ordered_Ground_Resolution 452:17254  some (SH 8777ms, ATP 857ms): Try this: by (smt (verit, best) mem_Collect_eq) (278 ms)
0.sledgehammer goal.using      8962ms Ordered_Resolution_Prover.Ordered_Ground_Resolution 455:17413  some (SH 8959ms, ATP 1360ms): Try this: by (smt (z3) dd_sset_n dd_true e_cex e_lt_c set_mset_mset) (95 ms)
0.sledgehammer goal.by         6107ms Ordered_Resolution_Prover.Ordered_Ground_Resolution 455:17450  some (SH 6106ms, ATP 1470ms): Try this: by (smt (z3) set_mset_mset) (130 ms)
0.sledgehammer goal.by        22852ms Ordered_Resolution_Prover.Unordered_Ground_Resolution 31:901  timeout (SH 22851ms): Timed out
0.sledgehammer goal.using     156257ms Ordered_Resolution_Prover.Unordered_Ground_Resolution 37:1161  some (SH 156256ms, ATP 1344ms): Try this: by (smt (z3) add_mset_remove_trivial in_remove1_mset_neq literal.disc(1,2) literal.sel(1,2) set_mset_empty set_mset_replicate_mset_subset singletonD true_cls_def true_cls_empty true_lit_def union_iff unord_resolve.cases) (337 ms)
0.sledgehammer goal.by        150787ms Ordered_Resolution_Prover.Unordered_Ground_Resolution 37:1187  some (SH 150786ms, ATP 1110ms): Try this: by (smt (verit, ccfv_threshold) add_mset_remove_trivial in_remove1_mset_neq in_replicate_mset literal.disc(1,2) literal.sel(1,2) true_cls_def true_lit_def union_iff) (1.0 s)
0.sledgehammer goal.proof     22982ms Ordered_Resolution_Prover.Unordered_Ground_Resolution 57:1709  timeout (SH 22981ms): Timed out
0.sledgehammer goal.using      3272ms Ordered_Resolution_Prover.Unordered_Ground_Resolution 59:1744  some (SH 3270ms, ATP 481ms): Try this: by (smt (verit) c_in_n ec_ni_n) (19 ms)
0.sledgehammer goal.by         2559ms Ordered_Resolution_Prover.Unordered_Ground_Resolution 59:1765  some (SH 2558ms, ATP 460ms): Try this: by (smt (verit, best)) (11 ms)
0.sledgehammer goal.using      7272ms Ordered_Resolution_Prover.Unordered_Ground_Resolution 61:1827  some (SH 7272ms, ATP 654ms): Try this: by (smt (z3) Max_in atms_empty_iff_empty c_ne finite_atms_of) (75 ms)
0.sledgehammer goal.by         6329ms Ordered_Resolution_Prover.Unordered_Ground_Resolution 61:1838  some (SH 6328ms, ATP 677ms): Try this: by (smt (z3) Max_in atms_empty_iff_empty finite_atms_of) (87 ms)
0.sledgehammer goal.using     66625ms Ordered_Resolution_Prover.Unordered_Ground_Resolution 63:1938  some (SH 66624ms, ATP 1267ms): Try this: by (smt (z3) Interp_imp_INTERP assms(3,4) atm_imp_pos_or_neg_lit c_in_n max_atm_imp_Interp) (74 ms)
0.sledgehammer goal.by        11696ms Ordered_Resolution_Prover.Unordered_Ground_Resolution 64:2054  some (SH 11695ms, ATP 678ms): Try this: by (smt (z3)) (595 ms)
0.sledgehammer goal.by         3879ms Ordered_Resolution_Prover.Unordered_Ground_Resolution 66:2114  some (SH 3878ms, ATP 432ms): Try this: by (smt (z3)) (75 ms)
0.sledgehammer goal.using     17450ms Ordered_Resolution_Prover.Unordered_Ground_Resolution 68:2179  some (SH 17449ms, ATP 643ms): Try this: by (smt (verit) multi_member_split) (113 ms)
0.sledgehammer goal.by         4281ms Ordered_Resolution_Prover.Unordered_Ground_Resolution 68:2198  some (SH 4280ms, ATP 650ms): Try this: by (smt (z3)) (83 ms)
0.sledgehammer goal.using     24709ms Ordered_Resolution_Prover.Unordered_Ground_Resolution 70:2233  some (SH 24708ms, ATP 507ms): Try this: by (smt (z3) c_cex neg_a_in_c neg_literal_notin_imp_true_cls) (33 ms)
0.sledgehammer goal.by         6046ms Ordered_Resolution_Prover.Unordered_Ground_Resolution 70:2279  some (SH 6045ms, ATP 1121ms): Try this: by (smt (z3) c_cex neg_literal_notin_imp_true_cls) (40 ms)
0.sledgehammer goal.unfolding 87293ms Ordered_Resolution_Prover.Unordered_Ground_Resolution 72:2334  some (SH 87292ms, ATP 1071ms): Try this: by (smt (verit, ccfv_SIG) INTERP_def UN_E in_production_imp_produces) (184 ms)
0.sledgehammer goal.by        184928ms Ordered_Resolution_Prover.Unordered_Ground_Resolution 72:2355  some (SH 184927ms, ATP 190ms): Try this: by (smt (z3) UN_E in_production_imp_produces) (161 ms)
0.sledgehammer goal.unfolding 12768ms Ordered_Resolution_Prover.Unordered_Ground_Resolution 74:2441  some (SH 12767ms, ATP 543ms): Try this: by (smt (z3) d0 insert_not_empty) (9 ms)
0.sledgehammer goal.by         3769ms Ordered_Resolution_Prover.Unordered_Ground_Resolution 74:2454  some (SH 3769ms, ATP 1016ms): Try this: by (smt (verit, best) empty_not_insert) (21 ms)
0.sledgehammer goal.using      4545ms Ordered_Resolution_Prover.Unordered_Ground_Resolution 76:2494  some (SH 4544ms, ATP 524ms): Try this: by (smt (verit, del_insts) productive_in_N) (31 ms)
0.sledgehammer goal.by         4119ms Ordered_Resolution_Prover.Unordered_Ground_Resolution 76:2516  some (SH 4119ms, ATP 1242ms): Try this: by (smt (z3)) (96 ms)
0.sledgehammer goal.using      5155ms Ordered_Resolution_Prover.Unordered_Ground_Resolution 78:2558  some (SH 5155ms, ATP 477ms): Try this: by (smt (z3) prod_d productive_imp_INTERP) (20 ms)
0.sledgehammer goal.by         3367ms Ordered_Resolution_Prover.Unordered_Ground_Resolution 78:2593  some (SH 3366ms, ATP 520ms): Try this: by (smt (z3)) (82 ms)
0.sledgehammer goal.using      8162ms Ordered_Resolution_Prover.Unordered_Ground_Resolution 84:2734  some (SH 8161ms, ATP 743ms): Try this: by (smt (z3) union_filter_mset_complement) (520 ms)
0.sledgehammer goal.by        36169ms Ordered_Resolution_Prover.Unordered_Ground_Resolution 84:2773  some (SH 36169ms, ATP 738ms): Try this: by (smt (z3) union_filter_mset_complement) (371 ms)
0.sledgehammer goal.unfolding 27888ms Ordered_Resolution_Prover.Unordered_Ground_Resolution 86:2829  some (SH 27888ms, ATP 672ms): Try this: by (smt (z3) d mset_subset_eq_add_left set_mset_mono) (87 ms)
0.sledgehammer goal.by        56898ms Ordered_Resolution_Prover.Unordered_Ground_Resolution 86:2842  some (SH 56897ms, ATP 624ms): Try this: by (smt (z3) \<open>\<And>thesis. (\<And>D' AAA. \<lbrakk>D = D' + AAA; D' = {#L \<in># D. L \<noteq> Pos A#}; AAA = {#L \<in># D. L = Pos A#}\<rbrakk> \<Longrightarrow> thesis) \<Longrightarrow> thesis\<close> mset_subset_eq_add_left set_mset_mono) (58 ms)
0.sledgehammer goal.using      8041ms Ordered_Resolution_Prover.Unordered_Ground_Resolution 88:2876  some (SH 8040ms, ATP 514ms): Try this: by (smt (z3) d0 produces_imp_neg_notin_lits) (13 ms)
0.sledgehammer goal.by         3794ms Ordered_Resolution_Prover.Unordered_Ground_Resolution 88:2885  some (SH 3792ms, ATP 513ms): Try this: by (smt (verit) produces_imp_neg_notin_lits) (33 ms)
0.sledgehammer goal.using     10435ms Ordered_Resolution_Prover.Unordered_Ground_Resolution 90:2975  some (SH 10434ms, ATP 487ms): Try this: by (smt (z3) d union_iff) (22 ms)
0.sledgehammer goal.by        11099ms Ordered_Resolution_Prover.Unordered_Ground_Resolution 90:2989  some (SH 11098ms, ATP 462ms): Try this: by (smt (z3) d union_iff) (12 ms)
0.sledgehammer goal.using     59544ms Ordered_Resolution_Prover.Unordered_Ground_Resolution 92:3034  some (SH 59543ms, ATP 309ms): Try this: by (smt (verit, del_insts) atm_imp_pos_or_neg_lit d' mem_Collect_eq neg_a_ni_d' set_mset_filter) (108 ms)
0.sledgehammer goal.by        46315ms Ordered_Resolution_Prover.Unordered_Ground_Resolution 92:3055  some (SH 46314ms, ATP 2376ms): Try this: by (smt (z3) atm_imp_pos_or_neg_lit mem_Collect_eq set_mset_filter) (81 ms)
0.sledgehammer goal.using     23170ms Ordered_Resolution_Prover.Unordered_Ground_Resolution 94:3148  timeout (SH 23169ms): Timed out
0.sledgehammer goal.by        24577ms Ordered_Resolution_Prover.Unordered_Ground_Resolution 95:3212  timeout (SH 24575ms): Timed out
0.sledgehammer goal.unfolding 22941ms Ordered_Resolution_Prover.Unordered_Ground_Resolution 97:3329  some (SH 22937ms, ATP 488ms): Try this: by (smt (z3) c d ground_resolution_without_selection.unord_resolve.intros) (20 ms)
0.sledgehammer goal.by         4633ms Ordered_Resolution_Prover.Unordered_Ground_Resolution 97:3343  some (SH 4632ms, ATP 1109ms): Try this: by (smt (z3) ground_resolution_without_selection.unord_resolve.intros) (33 ms)
0.sledgehammer goal.unfolding  7508ms Ordered_Resolution_Prover.Unordered_Ground_Resolution 100:3416  some (SH 7508ms, ATP 459ms): Try this: by (smt (verit) d less_eq_multiset_plus_right) (27 ms)
0.sledgehammer goal.by         2890ms Ordered_Resolution_Prover.Unordered_Ground_Resolution 100:3428  some (SH 2889ms, ATP 443ms): Try this: by (smt (verit) less_eq_multiset_plus_right) (17 ms)
0.sledgehammer goal.using      9233ms Ordered_Resolution_Prover.Unordered_Ground_Resolution 102:3478  some (SH 9232ms, ATP 558ms): Try this: by (smt (z3) d0 ground_resolution_with_selection.produces_imp_Max_atom ground_resolution_with_selection_axioms) (68 ms)
0.sledgehammer goal.by         5072ms Ordered_Resolution_Prover.Unordered_Ground_Resolution 102:3520  some (SH 5072ms, ATP 512ms): Try this: by (smt (verit, ccfv_SIG) ground_resolution_with_selection.produces_imp_Max_atom ground_resolution_with_selection_axioms) (93 ms)
0.sledgehammer goal.using      6365ms Ordered_Resolution_Prover.Unordered_Ground_Resolution 104:3578  some (SH 6364ms, ATP 487ms): Try this: by (smt (z3) d'_le_d less_eq_Max_atms_of) (69 ms)
0.sledgehammer goal.by         4700ms Ordered_Resolution_Prover.Unordered_Ground_Resolution 104:3592  some (SH 4699ms, ATP 532ms): Try this: by (smt (verit, ccfv_SIG) less_eq_Max_atms_of) (77 ms)
0.sledgehammer goal.using     55357ms Ordered_Resolution_Prover.Unordered_Ground_Resolution 106:3684  some (SH 55357ms, ATP 639ms): Try this: by (smt (verit, del_insts) Max_in a_ni_d' atms_empty_iff_empty finite_atms_of) (74 ms)
0.sledgehammer goal.by         4964ms Ordered_Resolution_Prover.Unordered_Ground_Resolution 106:3705  some (SH 4963ms, ATP 721ms): Try this: by (smt (verit) atms_empty_iff_empty finite_atms_of) (70 ms)
0.sledgehammer goal.using      7731ms Ordered_Resolution_Prover.Unordered_Ground_Resolution 108:3825  some (SH 7730ms, ATP 383ms): Try this: by (smt (z3) antisym_conv2) (45 ms)
0.sledgehammer goal.by         3052ms Ordered_Resolution_Prover.Unordered_Ground_Resolution 108:3859  some (SH 3047ms, ATP 576ms): Try this: by (smt (z3)) (79 ms)
0.sledgehammer goal.using      4604ms Ordered_Resolution_Prover.Unordered_Ground_Resolution 111:3899  some (SH 4603ms, ATP 482ms): Try this: by (smt (z3) prod_d productive_imp_not_interp) (38 ms)
0.sledgehammer goal.by         4250ms Ordered_Resolution_Prover.Unordered_Ground_Resolution 111:3934  some (SH 4250ms, ATP 524ms): Try this: by (smt (z3) prod_d) (54 ms)
0.sledgehammer goal.unfolding 80697ms Ordered_Resolution_Prover.Unordered_Ground_Resolution 113:3979  some (SH 80696ms, ATP 2935ms): Try this: by (smt (z3) Interp_def Un_iff d' d0 insert_iff mem_Collect_eq set_mset_filter sup_bot.right_neutral true_cls_def true_lit_iff) (353 ms)
0.sledgehammer goal.by        133832ms Ordered_Resolution_Prover.Unordered_Ground_Resolution 113:4019  some (SH 133831ms, ATP 4894ms): Try this: by (smt (verit, best) Un_iff a_ni_d' atm_of_lit_in_atms_of d' d'_subs literal.sel(1) singletonD subsetD true_lit_iff) (370 ms)
0.sledgehammer goal.using     11790ms Ordered_Resolution_Prover.Unordered_Ground_Resolution 115:4104  some (SH 11789ms, ATP 489ms): Try this: by (smt (z3) a_max_d d'_le_d ground_resolution_with_selection.not_Interp_imp_not_INTERP ground_resolution_with_selection_axioms max_d'_lt_a true_cls_empty) (98 ms)
0.sledgehammer goal.by         5446ms Ordered_Resolution_Prover.Unordered_Ground_Resolution 115:4164  some (SH 5445ms, ATP 592ms): Try this: by (smt (z3) true_cls_empty) (152 ms)
0.sledgehammer goal.using     24364ms Ordered_Resolution_Prover.Unordered_Ground_Resolution 117:4211  some (SH 24364ms, ATP 989ms): Try this: by (smt (cvc5, best) c c_cex true_cls_add_mset) (25 ms)
0.sledgehammer goal.unfolding  9140ms Ordered_Resolution_Prover.Unordered_Ground_Resolution 117:4223  some (SH 9138ms, ATP 471ms): Try this: by (smt (z3) c true_cls_add_mset) (15 ms)
0.sledgehammer goal.by         3753ms Ordered_Resolution_Prover.Unordered_Ground_Resolution 117:4235  some (SH 3753ms, ATP 468ms): Try this: by (smt (z3) true_cls_add_mset) (38 ms)
0.sledgehammer goal.by         4410ms Ordered_Resolution_Prover.Unordered_Ground_Resolution 119:4295  some (SH 4409ms, ATP 1171ms): Try this: by (smt (z3) true_cls_union) (76 ms)
0.sledgehammer goal.using     95368ms Ordered_Resolution_Prover.Unordered_Ground_Resolution 122:4344  some (SH 95367ms, ATP 670ms): Try this: by (smt (z3) Max.coboundedI \<open>D' \<noteq> {#} \<Longrightarrow> Max (atms_of D') \<le> A\<close> atms_of_empty dual_order.trans empty_iff finite_atms_of) (228 ms)
0.sledgehammer goal.by        25499ms Ordered_Resolution_Prover.Unordered_Ground_Resolution 122:4430  some (SH 25498ms, ATP 674ms): Try this: by (smt (z3)) (180 ms)
0.sledgehammer goal.using     50052ms Ordered_Resolution_Prover.Unordered_Ground_Resolution 124:4481  some (SH 50051ms, ATP 560ms): Try this: by (smt (verit, ccfv_SIG) atms_less_eq_imp_lit_less_eq_neg neg_a_ni_d' order_le_imp_less_or_eq) (132 ms)
0.sledgehammer goal.by         5153ms Ordered_Resolution_Prover.Unordered_Ground_Resolution 124:4546  some (SH 5152ms, ATP 616ms): Try this: by (smt (verit, ccfv_threshold)) (383 ms)
0.sledgehammer goal.by        65414ms Ordered_Resolution_Prover.Unordered_Ground_Resolution 126:4593  some (SH 65413ms, ATP 958ms): Try this: by (smt (verit) add.commute add_less_cancel_left add_mset_add_single c mset_lt_single_right_iff) (103 ms)
0.sledgehammer goal.proof     22360ms Ordered_Resolution_Prover.Unordered_Ground_Resolution 144:5134  timeout (SH 22359ms): Timed out
0.sledgehammer goal.using     14364ms Ordered_Resolution_Prover.Unordered_Ground_Resolution 153:5470  some (SH 14362ms, ATP 989ms): Try this: by (smt (verit, best) unord_resolve_counterex_reducing) (1.7 s)
0.sledgehammer goal.by        13684ms Ordered_Resolution_Prover.Unordered_Ground_Resolution 153:5509  some (SH 13683ms, ATP 815ms): Try this: by (smt (verit, best)) (1.7 s)
0.sledgehammer goal.by        79959ms Ordered_Resolution_Prover.Unordered_Ground_Resolution 155:5575  some (SH 79958ms, ATP 729ms): Try this: by (smt (cvc5, best) set_mset_add_mset_insert set_mset_empty singletonD subsetI) (122 ms)
0.sledgehammer goal.unfolding 24673ms Ordered_Resolution_Prover.Unordered_Ground_Resolution 157:5631  some (SH 24673ms, ATP 743ms): Try this: by (smt (verit, ccfv_SIG) mem_Collect_eq res_e unord_\<Gamma>_def) (155 ms)
0.sledgehammer goal.using     26855ms Ordered_Resolution_Prover.Unordered_Ground_Resolution 157:5653  some (SH 26855ms, ATP 835ms): Try this: by (smt (verit, best) mem_Collect_eq res_e) (96 ms)
0.sledgehammer goal.by         8072ms Ordered_Resolution_Prover.Unordered_Ground_Resolution 157:5665  some (SH 8071ms, ATP 842ms): Try this: by (smt (verit, best) mem_Collect_eq) (212 ms)
0.sledgehammer goal.using     115030ms Ordered_Resolution_Prover.Unordered_Ground_Resolution 160:5792  some (SH 115028ms, ATP 656ms): Try this: by (smt (z3) c_true e_cex e_lt_d true_cls_mset_singleton) (102 ms)
0.sledgehammer goal.by         5358ms Ordered_Resolution_Prover.Unordered_Ground_Resolution 160:5825  some (SH 5358ms, ATP 655ms): Try this: by (smt (z3) true_cls_mset_singleton) (159 ms)
0.sledgehammer goal.by        153453ms Ordered_Resolution_Prover.Unordered_Ground_Resolution 165:5957  timeout (SH 153453ms):
0.sledgehammer goal.by        116101ms Ordered_Resolution_Prover.Lazy_List_Liminf 25:924  some (SH 116091ms, ATP 715ms): Try this: by (smt (verit, ccfv_SIG) llength_ltake min_less_iff_conj) (58 ms)
0.sledgehammer goal.unfolding 23744ms Ordered_Resolution_Prover.Lazy_List_Liminf 34:1154  timeout (SH 23744ms): Timed out
0.sledgehammer goal.by        16012ms Ordered_Resolution_Prover.Lazy_List_Liminf 34:1178  some (SH 16010ms, ATP 874ms): Try this: by (smt (z3) SUP_upper mem_Collect_eq) (78 ms)
0.sledgehammer goal.unfolding 23366ms Ordered_Resolution_Prover.Lazy_List_Liminf 37:1284  timeout (SH 23366ms): Timed out
0.sledgehammer goal.by        13991ms Ordered_Resolution_Prover.Lazy_List_Liminf 37:1308  some (SH 13989ms, ATP 809ms): Try this: by (smt (verit, ccfv_threshold) UN_iff mem_Collect_eq) (242 ms)
0.sledgehammer goal.unfolding 21875ms Ordered_Resolution_Prover.Lazy_List_Liminf 40:1410  some (SH 21874ms, ATP 620ms): Try this: by (smt (verit, del_insts) lnth_subset_Sup_llist subsetD) (52 ms)
0.sledgehammer goal.by        54209ms Ordered_Resolution_Prover.Lazy_List_Liminf 40:1434  some (SH 54208ms, ATP 1051ms): Try this: by (smt (verit, del_insts) Collect_cong Sup_llist_def lnth_subset_Sup_llist subsetD) (271 ms)
0.sledgehammer goal.unfolding 24547ms Ordered_Resolution_Prover.Lazy_List_Liminf 43:1495  timeout (SH 24546ms): Timed out
0.sledgehammer goal.by        41083ms Ordered_Resolution_Prover.Lazy_List_Liminf 43:1519  some (SH 41080ms, ATP 663ms): Try this: by (smt (cvc5, trigger_last) Collect_empty_eq Sup_empty image_is_empty llength_LNil zero_order(3)) (156 ms)
0.sledgehammer goal.unfolding 22624ms Ordered_Resolution_Prover.Lazy_List_Liminf 46:1603  timeout (SH 22623ms): Timed out
0.sledgehammer goal.proof     22574ms Ordered_Resolution_Prover.Lazy_List_Liminf 47:1627  timeout (SH 22572ms): Timed out
0.sledgehammer goal.by        17647ms Ordered_Resolution_Prover.Lazy_List_Liminf 51:1848  some (SH 17645ms, ATP 1690ms): Try this: by (smt (verit, ccfv_threshold) UN_iff mem_Collect_eq) (265 ms)
0.sledgehammer goal.by        33026ms Ordered_Resolution_Prover.Lazy_List_Liminf 53:1915  some (SH 33025ms, ATP 764ms): Try this: by (smt (verit) bot_nat_0.not_eq_extremum lnth_LCons') (71 ms)
0.sledgehammer goal.by        101237ms Ordered_Resolution_Prover.Lazy_List_Liminf 55:2016  some (SH 101237ms, ATP 1132ms): Try this: by (smt (z3) One_nat_def Suc_pred eSuc_enat eSuc_ile_mono len linorder_not_less llength_LCons) (112 ms)
0.sledgehammer goal.by        52479ms Ordered_Resolution_Prover.Lazy_List_Liminf 57:2180  some (SH 52478ms, ATP 856ms): Try this: by (smt (z3) Collect_cong Sup_llist_def Un_iff exists_index_imp_Sup_llist) (167 ms)
0.sledgehammer goal.by        80164ms Ordered_Resolution_Prover.Lazy_List_Liminf 61:2339  some (SH 80163ms, ATP 643ms): Try this: by (smt (cvc5, best) Sup_llist_LCons Un_iff lhd_LCons_ltl subsetI) (87 ms)
0.sledgehammer goal.unfolding 23684ms Ordered_Resolution_Prover.Lazy_List_Liminf 70:2639  timeout (SH 23683ms): Timed out
0.sledgehammer goal.by        153933ms Ordered_Resolution_Prover.Lazy_List_Liminf 71:2684  timeout (SH 153931ms):
0.sledgehammer goal.proof     22758ms Ordered_Resolution_Prover.Lazy_List_Liminf 75:2888  timeout (SH 22757ms): Timed out
0.sledgehammer goal.unfolding 153315ms Ordered_Resolution_Prover.Lazy_List_Liminf 78:2949  timeout (SH 153313ms):
0.sledgehammer goal.by        144990ms Ordered_Resolution_Prover.Lazy_List_Liminf 78:2978  some (SH 144990ms, ATP 674ms): Try this: by (smt (verit) Collect_empty_eq Sup_empty image_is_empty llength_LNil lnull_def not_less_zero) (348 ms)
0.sledgehammer goal.unfolding 22798ms Ordered_Resolution_Prover.Lazy_List_Liminf 82:3023  timeout (SH 22797ms): Timed out
0.sledgehammer goal.by        23456ms Ordered_Resolution_Prover.Lazy_List_Liminf 82:3062  timeout (SH 23454ms): Timed out
0.sledgehammer goal.unfolding 22654ms Ordered_Resolution_Prover.Lazy_List_Liminf 88:3279  timeout (SH 22652ms): Timed out
0.sledgehammer goal.by        23228ms Ordered_Resolution_Prover.Lazy_List_Liminf 88:3318  timeout (SH 23226ms): Timed out
0.sledgehammer goal.unfolding 40771ms Ordered_Resolution_Prover.Lazy_List_Liminf 91:3434  some (SH 40767ms, ATP 212ms): Try this: by (smt (verit) Collect_cong Sup_llist_def Sup_upto_llist_def enat_ord_code(3)) (91 ms)
0.sledgehammer goal.by         7395ms Ordered_Resolution_Prover.Lazy_List_Liminf 91:3477  some (SH 7395ms, ATP 820ms): Try this: by (smt (verit, best) Collect_cong enat_ord_code(3)) (81 ms)
0.sledgehammer goal.unfolding  5027ms Ordered_Resolution_Prover.Lazy_List_Liminf 94:3576  some (SH 5025ms, ATP 561ms): Try this: by (smt (z3) Sup_upto_llist_enat_0 zero_enat_def) (13 ms)
0.sledgehammer goal.by         4048ms Ordered_Resolution_Prover.Lazy_List_Liminf 94:3600  some (SH 4046ms, ATP 610ms): Try this: by (smt (z3) Sup_upto_llist_enat_0) (27 ms)
0.sledgehammer goal.by        150164ms Ordered_Resolution_Prover.Lazy_List_Liminf 101:3787  some (SH 150163ms, ATP 5124ms): Try this: by (smt (z3) Sup_upto_llist_infinity eSuc_def enat.simps(4,5) enat_the_enat) (45 ms)
0.sledgehammer goal.unfolding 102698ms Ordered_Resolution_Prover.Lazy_List_Liminf 104:3919  some (SH 102697ms, ATP 681ms): Try this: by (smt (z3) Sup_upto_llist_def UN_iff mem_Collect_eq order_trans subsetI) (168 ms)
0.sledgehammer goal.by        57253ms Ordered_Resolution_Prover.Lazy_List_Liminf 104:3948  some (SH 57252ms, ATP 1407ms): Try this: by (smt (z3) SUP_least SUP_upper mem_Collect_eq order_trans) (390 ms)
0.sledgehammer goal.unfolding  5493ms Ordered_Resolution_Prover.Lazy_List_Liminf 107:4035  some (SH 5492ms, ATP 744ms): Try this: by (smt (verit, ccfv_threshold) Sup_upto_llist_infinity Sup_upto_llist_mono enat_ord_code(3)) (38 ms)
0.sledgehammer goal.by        167559ms Ordered_Resolution_Prover.Lazy_List_Liminf 107:4078  some (SH 167559ms, ATP 1213ms): Try this: by (smt (verit) Collect_cong SUP_least Sup_llist_def exists_index_imp_Sup_llist mem_Collect_eq subset_eq) (224 ms)
0.sledgehammer goal.unfolding 23373ms Ordered_Resolution_Prover.Lazy_List_Liminf 111:4201  timeout (SH 23372ms): Timed out
0.sledgehammer goal.by        46146ms Ordered_Resolution_Prover.Lazy_List_Liminf 111:4244  some (SH 46144ms, ATP 839ms): Try this: by (smt (z3) UN_iff le_cases3 mem_Collect_eq) (192 ms)
0.sledgehammer goal.unfolding 137754ms Ordered_Resolution_Prover.Lazy_List_Liminf 114:4341  some (SH 137753ms, ATP 208ms): Try this: by (smt (z3) SUP_upper Sup_upto_llist_def dual_order.refl mem_Collect_eq) (46 ms)
0.sledgehammer goal.by         5379ms Ordered_Resolution_Prover.Lazy_List_Liminf 114:4370  some (SH 5378ms, ATP 727ms): Try this: by (smt (z3) SUP_upper dual_order.refl mem_Collect_eq) (49 ms)
0.sledgehammer goal.using     23437ms Ordered_Resolution_Prover.Lazy_List_Liminf 119:4513  timeout (SH 23436ms): Timed out
0.sledgehammer goal.proof     22980ms Ordered_Resolution_Prover.Lazy_List_Liminf 120:4525  timeout (SH 22977ms): Timed out
0.sledgehammer goal.by        11745ms Ordered_Resolution_Prover.Lazy_List_Liminf 123:4622  some (SH 11743ms, ATP 423ms): Try this: apply (smt (cvc5, best) insert_subset) (17 ms)
0.sledgehammer goal.using      5631ms Ordered_Resolution_Prover.Lazy_List_Liminf 125:4695  some (SH 5630ms, ATP 608ms): Try this: by (smt (verit) elem_Sup_llist_imp_Sup_upto_llist) (86 ms)
0.sledgehammer goal.by         5063ms Ordered_Resolution_Prover.Lazy_List_Liminf 125:4735  some (SH 5063ms, ATP 714ms): Try this: by (smt (verit, best)) (188 ms)
0.sledgehammer goal.using      5350ms Ordered_Resolution_Prover.Lazy_List_Liminf 127:4810  some (SH 5348ms, ATP 1294ms): Try this: by (smt (z3) insert.hyps(3)) (67 ms)
0.sledgehammer goal.by         2983ms Ordered_Resolution_Prover.Lazy_List_Liminf 127:4831  some (SH 2983ms, ATP 431ms): Try this: by (smt (z3)) (83 ms)
0.sledgehammer goal.using     154395ms Ordered_Resolution_Prover.Lazy_List_Liminf 129:4894  timeout (SH 154395ms):
0.sledgehammer goal.by        200460ms Ordered_Resolution_Prover.Lazy_List_Liminf 129:4905  some (SH 200460ms, ATP 1369ms): Try this: by (smt (verit, best) Set.set_insert Sup_upto_llist_mono insert_subset max_enat_simps(1) order_trans sup_ge1 sup_ge2 sup_max) (247 ms)
0.sledgehammer goal.by         3161ms Ordered_Resolution_Prover.Lazy_List_Liminf 132:5049  some (SH 3160ms, ATP 451ms): Try this: by (smt (z3)) (14 ms)
0.sledgehammer goal.unfolding 135684ms Ordered_Resolution_Prover.Lazy_List_Liminf 143:5312  some (SH 135684ms, ATP 824ms): Try this: by (smt (cvc5, quant_saturate) Collect_empty_eq Liminf_llist_def Sup.SUP_cong Sup_llist_LNil Sup_llist_def empty_iff llength_LNil zero_order(3)) (800 ms)
0.sledgehammer goal.by        72718ms Ordered_Resolution_Prover.Lazy_List_Liminf 143:5339  some (SH 72717ms, ATP 650ms): Try this: by (smt (verit) Collect_empty_eq Sup_empty image_is_empty llength_LNil zero_order(3)) (123 ms)
0.sledgehammer goal.proof     22782ms Ordered_Resolution_Prover.Lazy_List_Liminf 147:5467  timeout (SH 22782ms): Timed out
0.sledgehammer goal.proof     22668ms Ordered_Resolution_Prover.Lazy_List_Liminf 150:5529  timeout (SH 22666ms): Timed out
0.sledgehammer goal.by        23590ms Ordered_Resolution_Prover.Lazy_List_Liminf 157:5792  timeout (SH 23588ms): Timed out
0.sledgehammer goal.by        22848ms Ordered_Resolution_Prover.Lazy_List_Liminf 162:6116  timeout (SH 22846ms): Timed out
0.sledgehammer goal.by        23651ms Ordered_Resolution_Prover.Lazy_List_Liminf 165:6239  timeout (SH 23648ms): Timed out
0.sledgehammer goal.by         5325ms Ordered_Resolution_Prover.Lazy_List_Liminf 173:6540  some (SH 5321ms, ATP 440ms): Try this: by (smt (verit, best)) (465 ms)
0.sledgehammer goal.using     10529ms Ordered_Resolution_Prover.Lazy_List_Liminf 176:6597  some (SH 10528ms, ATP 494ms): Try this: by (smt (z3) Suc_ile_eq i) (24 ms)
0.sledgehammer goal.by         3312ms Ordered_Resolution_Prover.Lazy_List_Liminf 176:6605  some (SH 3311ms, ATP 437ms): Try this: by (smt (verit, best) Suc_ile_eq) (19 ms)
0.sledgehammer goal.using     182543ms Ordered_Resolution_Prover.Lazy_List_Liminf 178:6723  some (SH 182542ms, ATP 2647ms): Try this: by (smt (z3) One_nat_def Suc_ile_eq Suc_pred j lnth_LCons' nat.simps(3) not_less_eq_eq order_less_le_trans zero_less_Suc) (192 ms)
0.sledgehammer goal.by        127890ms Ordered_Resolution_Prover.Lazy_List_Liminf 178:6751  some (SH 127889ms, ATP 1348ms): Try this: by (smt (verit, ccfv_SIG) One_nat_def Suc_less_eq2 diff_Suc_1' linorder_not_less lnth_LCons' nat.distinct(1)) (441 ms)
0.sledgehammer goal.by         4764ms Ordered_Resolution_Prover.Lazy_List_Liminf 181:6886  some (SH 4763ms, ATP 675ms): Try this: by (smt (verit)) (476 ms)
0.sledgehammer goal.by        22954ms Ordered_Resolution_Prover.Lazy_List_Liminf 184:6935  timeout (SH 22952ms): Timed out
0.sledgehammer goal.proof     23519ms Ordered_Resolution_Prover.Lazy_List_Liminf 189:7145  timeout (SH 23517ms): Timed out
0.sledgehammer goal.by        14030ms Ordered_Resolution_Prover.Lazy_List_Liminf 193:7257  some (SH 14028ms, ATP 658ms): Try this: by (smt (verit, ccfv_threshold) not_lnull_conv) (126 ms)
0.sledgehammer goal.unfolding 153131ms Ordered_Resolution_Prover.Lazy_List_Liminf 195:7300  timeout (SH 153131ms):
0.sledgehammer goal.by        153428ms Ordered_Resolution_Prover.Lazy_List_Liminf 195:7313  timeout (SH 153427ms):
0.sledgehammer goal.by        66231ms Ordered_Resolution_Prover.Lazy_List_Liminf 199:7514  some (SH 66230ms, ATP 649ms): Try this: by (smt (z3) Liminf_llist_LCons lhd_LCons_ltl lnull_ltlI) (68 ms)
0.sledgehammer goal.unfolding 23583ms Ordered_Resolution_Prover.Lazy_List_Liminf 202:7642  timeout (SH 23582ms): Timed out
0.sledgehammer goal.by        39605ms Ordered_Resolution_Prover.Lazy_List_Liminf 202:7683  some (SH 39603ms, ATP 533ms): Try this: by (smt (verit) INT_iff SUP_least UN_I dual_order.refl mem_Collect_eq subsetI) (200 ms)
0.sledgehammer goal.unfolding 22712ms Ordered_Resolution_Prover.Lazy_List_Liminf 205:7782  timeout (SH 22711ms): Timed out
0.sledgehammer goal.by        23430ms Ordered_Resolution_Prover.Lazy_List_Liminf 205:7809  timeout (SH 23428ms): Timed out
0.sledgehammer goal.unfolding  8447ms Ordered_Resolution_Prover.Lazy_List_Liminf 209:7923  some (SH 8445ms, ATP 747ms): Try this: by (smt (z3) Liminf_llist_subset_Sup_llist Sup_llist_imp_exists_index subsetD) (91 ms)
0.sledgehammer goal.by        56291ms Ordered_Resolution_Prover.Lazy_List_Liminf 209:7950  some (SH 56290ms, ATP 981ms): Try this: by (smt (cvc5, trigger_max) INT_iff UN_iff dual_order.refl mem_Collect_eq) (202 ms)
0.sledgehammer goal.unfolding 23345ms Ordered_Resolution_Prover.Lazy_List_Liminf 214:8116  timeout (SH 23344ms): Timed out
0.sledgehammer goal.by        69619ms Ordered_Resolution_Prover.Lazy_List_Liminf 214:8143  some (SH 69617ms, ATP 611ms): Try this: by (smt (z3) INT_I UN_iff mem_Collect_eq) (215 ms)
0.sledgehammer goal.proof     23572ms Ordered_Resolution_Prover.Lazy_List_Liminf 222:8389  timeout (SH 23572ms): Timed out
0.sledgehammer goal.proof     22720ms Ordered_Resolution_Prover.Lazy_List_Liminf 224:8414  timeout (SH 22719ms): Timed out
0.sledgehammer goal.using     90472ms Ordered_Resolution_Prover.Lazy_List_Liminf 227:8479  some (SH 90470ms, ATP 612ms): Try this: by (smt (z3) empty_subsetI enat_defs(1) i0_less llength_eq_0 nnil) (75 ms)
0.sledgehammer goal.by         7787ms Ordered_Resolution_Prover.Lazy_List_Liminf 227:8490  some (SH 7786ms, ATP 579ms): Try this: by (smt (z3) empty_subsetI enat_defs(1) i0_less llength_eq_0) (58 ms)
0.sledgehammer goal.using     23227ms Ordered_Resolution_Prover.Lazy_List_Liminf 233:8700  timeout (SH 23225ms): Timed out
0.sledgehammer goal.by        20401ms Ordered_Resolution_Prover.Lazy_List_Liminf 233:8748  some (SH 20399ms, ATP 1741ms): Try this: by (smt (verit, ccfv_threshold) UN_iff mem_Collect_eq) (198 ms)
0.sledgehammer goal.using     24412ms Ordered_Resolution_Prover.Lazy_List_Liminf 237:8931  timeout (SH 24411ms): Timed out
0.sledgehammer goal.by        27612ms Ordered_Resolution_Prover.Lazy_List_Liminf 237:8957  some (SH 27611ms, ATP 1327ms): Try this: by (smt (verit, del_insts)) (96 ms)
0.sledgehammer goal.by        95996ms Ordered_Resolution_Prover.Lazy_List_Liminf 243:9056  some (SH 95993ms, ATP 583ms): Try this: by (smt (z3) Max_in fin finite_imageI i_max_def image_is_empty nemp) (94 ms)
0.sledgehammer goal.unfolding 12755ms Ordered_Resolution_Prover.Lazy_List_Liminf 247:9193  some (SH 12754ms, ATP 590ms): Try this: by (smt (verit, best) image_iff) (184 ms)
0.sledgehammer goal.by        10410ms Ordered_Resolution_Prover.Lazy_List_Liminf 247:9213  some (SH 10410ms, ATP 525ms): Try this: by (smt (verit, best) image_iff) (239 ms)
0.sledgehammer goal.unfolding 98395ms Ordered_Resolution_Prover.Lazy_List_Liminf 249:9272  some (SH 98394ms, ATP 663ms): Try this: by (smt (z3) Max_ge fin finite_imageI i_max_def image_eqI) (60 ms)
0.sledgehammer goal.by        62720ms Ordered_Resolution_Prover.Lazy_List_Liminf 249:9292  some (SH 62718ms, ATP 642ms): Try this: by (smt (z3) Max_ge fin finite_imageI image_eqI) (194 ms)
0.sledgehammer goal.using      5642ms Ordered_Resolution_Prover.Lazy_List_Liminf 251:9352  some (SH 5641ms, ATP 557ms): Try this: by (smt (z3) i_max_is i_of_lt x_max_in) (43 ms)
0.sledgehammer goal.by         3462ms Ordered_Resolution_Prover.Lazy_List_Liminf 251:9384  some (SH 3461ms, ATP 609ms): Try this: by (smt (verit, ccfv_threshold)) (89 ms)
0.sledgehammer goal.proof     23476ms Ordered_Resolution_Prover.Lazy_List_Liminf 253:9475  timeout (SH 23476ms): Timed out
0.sledgehammer goal.using      8185ms Ordered_Resolution_Prover.Lazy_List_Liminf 257:9618  some (SH 8183ms, ATP 1116ms): Try this: by (smt (verit, ccfv_threshold) Collect_cong in_inter) (197 ms)
0.sledgehammer goal.by         7822ms Ordered_Resolution_Prover.Lazy_List_Liminf 257:9633  some (SH 7821ms, ATP 1220ms): Try this: by (smt (verit, ccfv_SIG) Collect_cong) (216 ms)
0.sledgehammer goal.using     48171ms Ordered_Resolution_Prover.Lazy_List_Liminf 260:9756  some (SH 48169ms, ATP 730ms): Try this: by (smt (z3) Collect_mono le_i_max order_trans x_in) (165 ms)
0.sledgehammer goal.by        10879ms Ordered_Resolution_Prover.Lazy_List_Liminf 260:9776  some (SH 10879ms, ATP 844ms): Try this: by (smt (z3) Collect_mono order_trans) (278 ms)
0.sledgehammer goal.by        24442ms Ordered_Resolution_Prover.Lazy_List_Liminf 262:9875  some (SH 24441ms, ATP 268ms): Try this: by (smt (cvc5, term_relev) INT_iff subsetD) (114 ms)
0.sledgehammer goal.by        11872ms Ordered_Resolution_Prover.Lazy_List_Liminf 265:9925  some (SH 11871ms, ATP 454ms): Try this: by (smt (verit, best) Collect_cong) (82 ms)
0.sledgehammer goal.proof     22939ms Ordered_Resolution_Prover.Lazy_List_Liminf 272:10124  timeout (SH 22936ms): Timed out
0.sledgehammer goal.proof     23569ms Ordered_Resolution_Prover.Lazy_List_Liminf 274:10153  timeout (SH 23567ms): Timed out
0.sledgehammer goal.unfolding 23101ms Ordered_Resolution_Prover.Lazy_List_Liminf 280:10365  timeout (SH 23099ms): Timed out
0.sledgehammer goal.by        166600ms Ordered_Resolution_Prover.Lazy_List_Liminf 280:10392  some (SH 166598ms, ATP 2446ms): Try this: by (smt (verit, best) InterE UN_iff image_eqI llength_lmap lnth_lmap mem_Collect_eq) (335 ms)
0.sledgehammer goal.using     36391ms Ordered_Resolution_Prover.Lazy_List_Liminf 283:10460  some (SH 36390ms, ATP 684ms): Try this: by (smt (verit, del_insts) dual_order.refl i_lt imageE x_in_fgj) (77 ms)
0.sledgehammer goal.unfolding 21035ms Ordered_Resolution_Prover.Lazy_List_Liminf 283:10486  some (SH 21034ms, ATP 769ms): Try this: by (smt (verit, ccfv_threshold) dual_order.refl imageE) (104 ms)
0.sledgehammer goal.by        20362ms Ordered_Resolution_Prover.Lazy_List_Liminf 283:10521  some (SH 20362ms, ATP 770ms): Try this: by (smt (z3) dual_order.refl imageE) (220 ms)
0.sledgehammer goal.apply     22775ms Ordered_Resolution_Prover.Lazy_List_Liminf 285:10612  timeout (SH 22774ms): Timed out
0.sledgehammer goal.using     23225ms Ordered_Resolution_Prover.Lazy_List_Liminf 286:10679  timeout (SH 23220ms): Timed out
0.sledgehammer goal.unfolding 120362ms Ordered_Resolution_Prover.Lazy_List_Liminf 286:10736  some (SH 120360ms, ATP 783ms): Try this: by (smt (verit, best) exists_index_imp_Sup_llist image_iff inj_on_def llength_lmap lnth_lmap) (604 ms)
0.sledgehammer goal.by        153604ms Ordered_Resolution_Prover.Lazy_List_Liminf 287:10777  timeout (SH 153603ms):
0.sledgehammer goal.using     156255ms Ordered_Resolution_Prover.Lazy_List_Liminf 289:10875  timeout (SH 156254ms):
0.sledgehammer goal.unfolding 154450ms Ordered_Resolution_Prover.Lazy_List_Liminf 289:10886  timeout (SH 154450ms):
0.sledgehammer goal.by        61134ms Ordered_Resolution_Prover.Lazy_List_Liminf 289:10913  some (SH 61133ms, ATP 1447ms): Try this: by (smt (z3) INT_I UN_iff dual_order.refl image_eqI llength_lmap lnth_lmap mem_Collect_eq) (326 ms)
0.sledgehammer goal.using     37229ms Ordered_Resolution_Prover.Lazy_List_Liminf 293:10957  some (SH 37228ms, ATP 4748ms): Try this: by (smt (verit, del_insts) image_Liminf_llist_subset llist.map_comp llist.map_cong o_apply) (133 ms)
0.sledgehammer goal.by         8949ms Ordered_Resolution_Prover.Lazy_List_Liminf 293:11032  some (SH 8949ms, ATP 938ms): Try this: by (smt (verit, ccfv_threshold) comp_apply llist.map_cong) (295 ms)
0.sledgehammer goal.proof     23388ms Ordered_Resolution_Prover.Lazy_List_Liminf 300:11257  timeout (SH 23387ms): Timed out
0.sledgehammer goal.using     26183ms Ordered_Resolution_Prover.Lazy_List_Liminf 306:11466  timeout (SH 26180ms): Timed out
0.sledgehammer goal.by         6045ms Ordered_Resolution_Prover.Lazy_List_Liminf 306:11516  some (SH 6043ms, ATP 484ms): Try this: by (smt (verit)) (494 ms)
0.sledgehammer goal.using     22709ms Ordered_Resolution_Prover.Lazy_List_Liminf 310:11721  timeout (SH 22708ms): Timed out
0.sledgehammer goal.by        41178ms Ordered_Resolution_Prover.Lazy_List_Liminf 310:11766  some (SH 41176ms, ATP 745ms): Try this: by (smt (cvc5, noematch) in_lset_conv_lnth) (406 ms)
0.sledgehammer goal.unfolding 22830ms Ordered_Resolution_Prover.Lazy_List_Liminf 312:11822  timeout (SH 22829ms): Timed out
0.sledgehammer goal.by        23338ms Ordered_Resolution_Prover.Lazy_List_Liminf 312:11849  timeout (SH 23336ms): Timed out
0.sledgehammer goal.using     23843ms Ordered_Resolution_Prover.Lazy_List_Liminf 316:11903  timeout (SH 23840ms): Timed out
0.sledgehammer goal.unfolding 23339ms Ordered_Resolution_Prover.Lazy_List_Liminf 316:11915  timeout (SH 23337ms): Timed out
0.sledgehammer goal.by        23497ms Ordered_Resolution_Prover.Lazy_List_Liminf 316:11942  timeout (SH 23495ms): Timed out
0.sledgehammer goal.unfolding 23598ms Ordered_Resolution_Prover.Lazy_List_Liminf 321:12065  timeout (SH 23595ms): Timed out
0.sledgehammer goal.by        23543ms Ordered_Resolution_Prover.Lazy_List_Liminf 321:12092  timeout (SH 23541ms): Timed out
0.sledgehammer goal.unfolding 23470ms Ordered_Resolution_Prover.Lazy_List_Liminf 333:12457  timeout (SH 23465ms): Timed out
0.sledgehammer goal.by        23459ms Ordered_Resolution_Prover.Lazy_List_Liminf 334:12508  timeout (SH 23457ms): Timed out
0.sledgehammer goal.proof     23736ms Ordered_Resolution_Prover.Lazy_List_Liminf 339:12713  timeout (SH 23731ms): Timed out
0.sledgehammer goal.unfolding 97175ms Ordered_Resolution_Prover.Lazy_List_Liminf 342:12785  some (SH 97173ms, ATP 3622ms): Try this: by (smt (verit, best) Liminf_upto_llist_eq_Liminf_llist_ltake eSuc_enat eSuc_ile_mono i0_less iless_Suc_eq lfinite_Liminf_llist lfinite_conv_llength_enat linorder_not_less llast_conv_lnth llength_eq_0 llength_ltake lnth_ltake min.absorb3 min.idem not_less_iff_gr_or_eq) (200 ms)
0.sledgehammer goal.by        23307ms Ordered_Resolution_Prover.Lazy_List_Liminf 342:12817  timeout (SH 23306ms): Timed out
0.sledgehammer goal.proof     88887ms Ordered_Resolution_Prover.Lazy_List_Liminf 346:12865  some (SH 88885ms, ATP 2567ms): Try this: by (smt (z3) Liminf_upto_llist_eq_Liminf_llist_ltake Suc_ile_eq eSuc_enat enat_ord_code(4) k_ge le_cases3 lfinite_Liminf_llist llength_eq_infty_conv_lfinite ltake_all) (101 ms)
0.sledgehammer goal.unfolding 191766ms Ordered_Resolution_Prover.Lazy_List_Liminf 349:12931  some (SH 191765ms, ATP 577ms): Try this: by (smt (z3) Liminf_llist_LNil Liminf_upto_llist_eq_Liminf_llist_ltake k_ge ltake.ctr(1)) (69 ms)
0.sledgehammer goal.by        152112ms Ordered_Resolution_Prover.Lazy_List_Liminf 349:12963  some (SH 152111ms, ATP 729ms): Try this: by (smt (z3) Collect_empty_eq Sup_empty image_is_empty llength_eq_0 not_less_zero) (492 ms)
0.sledgehammer goal.using     153715ms Ordered_Resolution_Prover.Lazy_List_Liminf 354:13057  timeout (SH 153714ms):
0.sledgehammer goal.by        153877ms Ordered_Resolution_Prover.Lazy_List_Liminf 354:13068  timeout (SH 153876ms):
0.sledgehammer goal.using     30004ms Ordered_Resolution_Prover.Lazy_List_Liminf 357:13175  some (SH 30003ms, ATP 1126ms): Try this: by (smt (verit, best) enat_ord_code(4) k_ge llength_eq_infty_conv_lfinite) (60 ms)
0.sledgehammer goal.by        26205ms Ordered_Resolution_Prover.Lazy_List_Liminf 357:13206  some (SH 26204ms, ATP 614ms): Try this: by (smt (verit, best) eSuc_infinity eSuc_inject j llength_eq_enat_lfiniteD) (59 ms)
0.sledgehammer goal.using     66809ms Ordered_Resolution_Prover.Lazy_List_Liminf 359:13294  some (SH 66808ms, ATP 644ms): Try this: by (smt (z3) enat_ord_simps(1) iless_Suc_eq j k_ge linorder_linear order_trans) (53 ms)
0.sledgehammer goal.by        17374ms Ordered_Resolution_Prover.Lazy_List_Liminf 359:13333  some (SH 17373ms, ATP 623ms): Try this: by (smt (verit, best) enat_ord_simps(1)) (89 ms)
0.sledgehammer goal.using     154085ms Ordered_Resolution_Prover.Lazy_List_Liminf 361:13400  timeout (SH 154084ms):
0.sledgehammer goal.unfolding 155574ms Ordered_Resolution_Prover.Lazy_List_Liminf 362:13451  some (SH 155574ms, ATP 895ms): Try this: by (smt (z3) Liminf_upto_llist_eq_Liminf_llist_ltake Suc_ile_eq eSuc_enat k_ge linorder_not_less ltake_all order_less_le) (141 ms)
0.sledgehammer goal.using     38048ms Ordered_Resolution_Prover.Lazy_List_Liminf 362:13500  some (SH 38047ms, ATP 1703ms): Try this: by (smt (verit, best) Collect_cong Sup.SUP_cong enat_ord_simps(1) le_k) (1.1 s)
0.sledgehammer goal.by        42598ms Ordered_Resolution_Prover.Lazy_List_Liminf 363:13543  some (SH 42597ms, ATP 1895ms): Try this: by (smt (verit, best) Collect_cong Sup.SUP_cong enat_ord_simps(1) le_k) (1.1 s)
0.sledgehammer goal.using      5638ms Ordered_Resolution_Prover.Lazy_List_Liminf 365:13587  some (SH 5637ms, ATP 414ms): Try this: by (smt (z3) k_ge nnil) (33 ms)
0.sledgehammer goal.by         4114ms Ordered_Resolution_Prover.Lazy_List_Liminf 365:13603  some (SH 4113ms, ATP 516ms): Try this: by (smt (z3)) (57 ms)
0.sledgehammer goal.unfolding 44162ms Ordered_Resolution_Prover.Lazy_List_Liminf 370:13707  some (SH 44161ms, ATP 226ms): Try this: by (smt (verit) Liminf_upto_llist_eq_Liminf_llist_ltake eSuc_infinity enat_ord_code(3) ltake_all) (31 ms)
0.sledgehammer goal.by        42234ms Ordered_Resolution_Prover.Lazy_List_Liminf 370:13756  some (SH 42233ms, ATP 1706ms): Try this: by (smt (z3) Collect_cong Sup.SUP_cong enat_ord_code(3)) (392 ms)
0.sledgehammer goal.unfolding 29589ms Ordered_Resolution_Prover.Lazy_List_Liminf 374:13863  some (SH 29588ms, ATP 1467ms): Try this: by (smt (z3) Liminf_upto_llist_enat i0_less lhd_conv_lnth llength_eq_0 zero_enat_def) (183 ms)
0.sledgehammer goal.by        25678ms Ordered_Resolution_Prover.Lazy_List_Liminf 375:13907  timeout (SH 25677ms): Timed out
0.sledgehammer goal.by        155300ms Ordered_Resolution_Prover.Lazy_List_Liminf 382:14142  some (SH 155298ms, ATP 2786ms): Try this: by (smt (z3) Liminf_upto_llist_infinity eSuc_enat eSuc_infinity enat.simps(4,5) enat_the_enat) (54 ms)
0.sledgehammer goal.unfolding 22796ms Ordered_Resolution_Prover.Lazy_List_Liminf 387:14345  timeout (SH 22795ms): Timed out
0.sledgehammer goal.using     23291ms Ordered_Resolution_Prover.Lazy_List_Liminf 387:14394  timeout (SH 23290ms): Timed out
0.sledgehammer goal.by        22532ms Ordered_Resolution_Prover.Lazy_List_Liminf 387:14418  timeout (SH 22530ms): Timed out
0.sledgehammer goal.by        43505ms Ordered_Resolution_Prover.Lazy_List_Chain 33:1087  some (SH 43503ms, ATP 723ms): Try this: apply (smt (verit, best) chain.cases llist.distinct(1)) (452 ms)
0.sledgehammer goal.proof     23460ms Ordered_Resolution_Prover.Lazy_List_Chain 41:1268  timeout (SH 23460ms): Timed out
0.sledgehammer goal.using     22916ms Ordered_Resolution_Prover.Lazy_List_Chain 44:1331  timeout (SH 22914ms): Timed out
0.sledgehammer goal.proof     23594ms Ordered_Resolution_Prover.Lazy_List_Chain 45:1348  timeout (SH 23592ms): Timed out
0.sledgehammer goal.proof     123348ms Ordered_Resolution_Prover.Lazy_List_Chain 49:1512  some (SH 123346ms, ATP 1593ms): Try this: by (smt (verit, best) chain.simps[of R] eq_LConsD[of "LCons _ _"] ih lappend.ctr(2)[of LNil xs] lappend_code(1)[of ys] lappend_code(1)[of xs] lappend_code(2)[of "lhd xs" "lappend undefined ys" undefined] lappend_code(2)[of undefined "LCons x LNil" LNil] lappend_code(2)[of x LNil LNil] lappend_code(2)[of x LNil undefined] lappend_code(2)[of x xs ys] lappend_code(2)[of "lhd xs" "lappend (lappend undefined undefined) undefined" undefined] lappend_code(2)[of "lhd xs" undefined undefined] lappend_code(2)[of "case LNil of LNil \<Rightarrow> lhd xs | LCons P Q \<Rightarrow> P" "case LNil of LNil \<Rightarrow> case xs of LCons Q P \<Rightarrow> P | LCons Q R \<Rightarrow> lappend R xs" ys] lappend_code(2)[of "case LNil of LNil \<Rightarrow> lhd xs | LCons P Q \<Rightarrow> P" "case LNil of LNil \<Rightarrow> case xs of LCons Q P \<Rightarrow> P | LCons Q R \<Rightarrow> lappend R xs" LNil] lappend_code(2)[of x xs LNil] llast_LCons[of undefined "LCons _ LNil"] llast_LCons[of undefined "lappend (LCons x LNil) LNil"] llast_LCons[of x xs] llist.disc(2)[of "lhd xs" "lappend (lappend (lappend undefined ys) undefined) undefined"] llist.disc(2) mid r_xxs r_ys) (548 ms)
0.sledgehammer goal.using     98708ms Ordered_Resolution_Prover.Lazy_List_Chain 52:1586  some (SH 98707ms, ATP 853ms): Try this: by (smt (z3) chain_cons lappend_code(1,2) llast_singleton mid r_ys) (54 ms)
0.sledgehammer goal.by        71294ms Ordered_Resolution_Prover.Lazy_List_Chain 52:1601  some (SH 71294ms, ATP 841ms): Try this: by (smt (z3) chain_cons lappend_code(1,2) llast_singleton) (29 ms)
0.sledgehammer goal.by        123148ms Ordered_Resolution_Prover.Lazy_List_Chain 56:1700  some (SH 123146ms, ATP 990ms): Try this: by (smt (verit, del_insts) chain.cases eq_LConsD r_xxs xs_nnil) (258 ms)
0.sledgehammer goal.by        97018ms Ordered_Resolution_Prover.Lazy_List_Chain 58:1799  some (SH 97018ms, ATP 672ms): Try this: by (smt (z3) chain_not_lnull llast_LCons mid r_xs) (21 ms)
0.sledgehammer goal.by        291432ms Ordered_Resolution_Prover.Lazy_List_Chain 60:1898  some (SH 291431ms, ATP 1179ms): Try this: by (smt (verit, del_insts) chain.cases chain_not_lnull eq_LConsD lhd_lappend r_xs r_xxs) (362 ms)
0.sledgehammer goal.unfolding 79852ms Ordered_Resolution_Prover.Lazy_List_Chain 63:2036  some (SH 79851ms, ATP 687ms): Try this: by (smt (verit) chain_cons ih lappend_code(2) mid' r_xs start) (35 ms)
0.sledgehammer goal.using     42562ms Ordered_Resolution_Prover.Lazy_List_Chain 63:2062  some (SH 42561ms, ATP 1114ms): Try this: by (smt (z3) chain_cons ih mid' r_xs start) (61 ms)
0.sledgehammer goal.by         5038ms Ordered_Resolution_Prover.Lazy_List_Chain 63:2091  some (SH 5037ms, ATP 621ms): Try this: by (smt (z3) chain_cons) (42 ms)
0.sledgehammer goal.by         8156ms Ordered_Resolution_Prover.Lazy_List_Chain 69:2221  some (SH 8155ms, ATP 560ms): Try this: by (smt (verit, del_insts) chain_not_lnull i0_less llength_eq_0) (71 ms)
0.sledgehammer goal.using     22710ms Ordered_Resolution_Prover.Lazy_List_Chain 74:2345  timeout (SH 22707ms): Timed out
0.sledgehammer goal.by        23302ms Ordered_Resolution_Prover.Lazy_List_Chain 75:2359  timeout (SH 23300ms): Timed out
0.sledgehammer goal.using     47831ms Ordered_Resolution_Prover.Lazy_List_Chain 79:2567  some (SH 47828ms, ATP 1413ms): Try this: by (smt (verit, best) chain_ldropn ldropn_eq_LNil lfinite_LNil lfinite_ldropn linorder_not_less) (58 ms)
0.sledgehammer goal.by        51538ms Ordered_Resolution_Prover.Lazy_List_Chain 79:2594  some (SH 51537ms, ATP 703ms): Try this: by (smt (verit) chain_ldropn ldropn_eq_LNil lfinite_LNil lfinite_ldropn linorder_not_less) (132 ms)
0.sledgehammer goal.by        142160ms Ordered_Resolution_Prover.Lazy_List_Chain 82:2719  some (SH 142159ms, ATP 850ms): Try this: by (smt (verit, ccfv_SIG) chain.cases eq_LConsD lfinite_LNil lfinite_code(2)) (142 ms)
0.sledgehammer goal.proof     23661ms Ordered_Resolution_Prover.Lazy_List_Chain 89:2913  timeout (SH 23660ms): Timed out
0.sledgehammer goal.unfolding 163066ms Ordered_Resolution_Prover.Lazy_List_Chain 92:2986  timeout (SH 163064ms):
0.sledgehammer goal.using     152542ms Ordered_Resolution_Prover.Lazy_List_Chain 92:3003  timeout (SH 152541ms):
0.sledgehammer goal.by        257593ms Ordered_Resolution_Prover.Lazy_List_Chain 93:3017  some (SH 257592ms, ATP 1634ms): Try this: by (smt (z3) Suc_ile_eq add.commute add_diff_cancel_right' enat_llength_ldropn lappend_ltake_enat_ldropn llength_lappend llength_ltake min.absorb3 of_nat_Suc of_nat_eq_enat one_enat_def order_less_le plus_1_eq_Suc) (232 ms)
0.sledgehammer goal.unfolding 143591ms Ordered_Resolution_Prover.Lazy_List_Chain 97:3197  some (SH 143591ms, ATP 951ms): Try this: by (smt (z3) ldropn_LNil ldropn_Suc_conv_ldropn ldropn_eq_LNil ldropn_ldropn len linorder_not_less plus_1_eq_Suc ys_def) (142 ms)
0.sledgehammer goal.by        152485ms Ordered_Resolution_Prover.Lazy_List_Chain 97:3214  timeout (SH 152484ms):
0.sledgehammer goal.unfolding 112942ms Ordered_Resolution_Prover.Lazy_List_Chain 99:3314  some (SH 112941ms, ATP 799ms): Try this: by (smt (z3) chain chain_ldropn eq_LConsD ldropn_eq_LNil linorder_not_less ys ys_def) (180 ms)
0.sledgehammer goal.using     76658ms Ordered_Resolution_Prover.Lazy_List_Chain 99:3331  some (SH 76657ms, ATP 1019ms): Try this: by (smt (z3) chain chain_ldropn ldropn_eq_LNil linorder_not_less llist.distinct(1) ys ys_def) (85 ms)
0.sledgehammer goal.by         4189ms Ordered_Resolution_Prover.Lazy_List_Chain 99:3383  some (SH 4188ms, ATP 733ms): Try this: by (smt (z3)) (33 ms)
0.sledgehammer goal.unfolding 152864ms Ordered_Resolution_Prover.Lazy_List_Chain 101:3418  timeout (SH 152863ms):
0.sledgehammer goal.by        140050ms Ordered_Resolution_Prover.Lazy_List_Chain 101:3431  some (SH 140049ms, ATP 3167ms): Try this: by (smt (verit, ccfv_threshold) chain.cases eq_LConsD) (280 ms)
0.sledgehammer goal.using     145937ms Ordered_Resolution_Prover.Lazy_List_Chain 103:3483  some (SH 145936ms, ATP 3949ms): Try this: by (smt (z3) One_nat_def Suc_ile_eq add.commute eq_LConsD len lhd_ldropn lnth_0 lnth_Suc_LCons lnth_ldropn order_less_imp_le plus_1_eq_Suc ys ys_def) (61 ms)
0.sledgehammer goal.unfolding 152363ms Ordered_Resolution_Prover.Lazy_List_Chain 103:3496  timeout (SH 152362ms):
0.sledgehammer goal.by        129333ms Ordered_Resolution_Prover.Lazy_List_Chain 103:3509  some (SH 129332ms, ATP 2880ms): Try this: by (smt (z3) One_nat_def Suc_ile_eq add.commute eq_LConsD len lhd_ldropn lnth_0 lnth_Suc_LCons lnth_ldropn order_less_imp_le plus_1_eq_Suc) (121 ms)
0.sledgehammer goal.using     109391ms Ordered_Resolution_Prover.Lazy_List_Chain 109:3691  some (SH 109390ms, ATP 2407ms): Try this: by (smt (verit, best) assms(1,2) chain_LNil chain_lnth_rel inf_chain_ldropn_chain ldropn_eq_LNil linorder_not_less) (67 ms)
0.sledgehammer goal.by        48773ms Ordered_Resolution_Prover.Lazy_List_Chain 109:3744  some (SH 48772ms, ATP 794ms): Try this: by (smt (verit, ccfv_threshold) enat_ord_simps(4) llength_eq_infty_conv_lfinite) (274 ms)
0.sledgehammer goal.using     23818ms Ordered_Resolution_Prover.Lazy_List_Chain 116:3900  timeout (SH 23817ms): Timed out
0.sledgehammer goal.proof     24665ms Ordered_Resolution_Prover.Lazy_List_Chain 117:3912  timeout (SH 24663ms): Timed out
0.sledgehammer goal.proof     24315ms Ordered_Resolution_Prover.Lazy_List_Chain 122:4042  timeout (SH 24313ms): Timed out
0.sledgehammer goal.using     19307ms Ordered_Resolution_Prover.Lazy_List_Chain 125:4129  some (SH 19304ms, ATP 1024ms): Try this: by (smt (z3) True lhd_LCons_ltl lnull_def nnul) (56 ms)
0.sledgehammer goal.by        16949ms Ordered_Resolution_Prover.Lazy_List_Chain 125:4145  some (SH 16949ms, ATP 719ms): Try this: by (smt (z3) lhd_LCons_ltl lnull_def) (90 ms)
0.sledgehammer goal.by         8619ms Ordered_Resolution_Prover.Lazy_List_Chain 127:4201  some (SH 8619ms, ATP 644ms): Try this: by (smt (z3)) (156 ms)
0.sledgehammer goal.using     15754ms Ordered_Resolution_Prover.Lazy_List_Chain 131:4294  some (SH 15753ms, ATP 670ms): Try this: by (smt (verit) lhd_LCons_ltl nnul) (26 ms)
0.sledgehammer goal.by         4619ms Ordered_Resolution_Prover.Lazy_List_Chain 131:4305  some (SH 4618ms, ATP 618ms): Try this: by (smt (verit) lhd_LCons_ltl) (33 ms)
0.sledgehammer goal.using     158885ms Ordered_Resolution_Prover.Lazy_List_Chain 134:4427  some (SH 158884ms, ATP 2737ms): Try this: by (smt (z3) add.commute ldropn_Suc_conv_ldropn ldropn_eq_LConsD ldropn_ltl lnth_ltl nnul nth_chain plus_1_eq_Suc) (133 ms)
0.sledgehammer goal.by        125947ms Ordered_Resolution_Prover.Lazy_List_Chain 135:4454  some (SH 125946ms, ATP 2056ms): Try this: by (smt (z3) add.commute ldropn_Suc_conv_ldropn ldropn_eq_LConsD ldropn_ltl lnth_ltl plus_1_eq_Suc) (107 ms)
0.sledgehammer goal.using     165790ms Ordered_Resolution_Prover.Lazy_List_Chain 137:4594  timeout (SH 165789ms):
0.sledgehammer goal.by        240536ms Ordered_Resolution_Prover.Lazy_List_Chain 138:4658  some (SH 240535ms, ATP 266ms): Try this: by (smt (verit, ccfv_SIG) ldropn_0 ldropn_Suc_conv_ldropn ldropn_eq_LConsD lhd_LCons_ltl lhd_conv_lnth lnth_Suc_LCons ltl_simps(2)) (155 ms)
0.sledgehammer goal.by        10108ms Ordered_Resolution_Prover.Lazy_List_Chain 141:4818  some (SH 10107ms, ATP 1164ms): Try this: by (smt (verit, ccfv_SIG)) (1.1 s)
0.sledgehammer goal.using     160202ms Ordered_Resolution_Prover.Lazy_List_Chain 148:4947  timeout (SH 160201ms):
0.sledgehammer goal.proof     153779ms Ordered_Resolution_Prover.Lazy_List_Chain 149:4959  timeout (SH 153778ms):
0.sledgehammer goal.using     33320ms Ordered_Resolution_Prover.Lazy_List_Chain 152:5103  some (SH 33319ms, ATP 1263ms): Try this: by (smt (verit, best) chain.cases) (904 ms)
0.sledgehammer goal.by         6229ms Ordered_Resolution_Prover.Lazy_List_Chain 152:5130  some (SH 6229ms, ATP 804ms): Try this: by (smt (z3)) (407 ms)
0.sledgehammer goal.proof     54272ms Ordered_Resolution_Prover.Lazy_List_Chain 154:5158  some (SH 54271ms, ATP 1168ms): Try this: by (smt (verit, del_insts) chain(1) chain.cases lhd_LCons llist.simps(12,13)) (1.0 s)
0.sledgehammer goal.using     154304ms Ordered_Resolution_Prover.Lazy_List_Chain 158:5372  timeout (SH 154303ms):
0.sledgehammer goal.by        121568ms Ordered_Resolution_Prover.Lazy_List_Chain 159:5390  some (SH 121566ms, ATP 3633ms): Try this: by (smt (verit, best) chain_not_lnull llist.map_sel(1) llist.simps(13)) (1.1 s)
0.sledgehammer goal.by        17125ms Ordered_Resolution_Prover.Lazy_List_Chain 162:5564  some (SH 17124ms, ATP 1840ms): Try this: by (smt (verit)) (2.8 s)
0.sledgehammer goal.using     192275ms Ordered_Resolution_Prover.Lazy_List_Chain 169:5680  some (SH 192273ms, ATP 2835ms): Try this: by (smt (verit, best) add.commute assms(1,2) chain_lnth_rel chain_not_lnull lnth_rel_chain plus_1_eq_Suc) (478 ms)
0.sledgehammer goal.by        154672ms Ordered_Resolution_Prover.Lazy_List_Chain 169:5692  timeout (SH 154671ms):
0.sledgehammer goal.proof     24979ms Ordered_Resolution_Prover.Lazy_List_Chain 176:5945  timeout (SH 24978ms): Timed out
0.sledgehammer goal.using     95240ms Ordered_Resolution_Prover.Lazy_List_Chain 178:6008  some (SH 95237ms, ATP 1328ms): Try this: by (smt (z3) Suc_ile_eq ldropn_eq_LNil linorder_not_less lnull_def order_less_imp_le si_lt) (119 ms)
0.sledgehammer goal.by        82985ms Ordered_Resolution_Prover.Lazy_List_Chain 178:6020  some (SH 82984ms, ATP 1327ms): Try this: by (smt (cvc5, best) Suc_ile_eq ldropn_eq_LNil linorder_not_less lnull_def order_less_imp_le) (86 ms)
0.sledgehammer goal.using     153842ms Ordered_Resolution_Prover.Lazy_List_Chain 182:6180  timeout (SH 153841ms):
0.sledgehammer goal.by        161236ms Ordered_Resolution_Prover.Lazy_List_Chain 183:6194  timeout (SH 161235ms):
0.sledgehammer goal.proof     154742ms Ordered_Resolution_Prover.Lazy_List_Chain 192:6573  timeout (SH 154741ms):
0.sledgehammer goal.using     148755ms Ordered_Resolution_Prover.Lazy_List_Chain 194:6625  some (SH 148754ms, ATP 639ms): Try this: by (smt (verit) Suc_ile_eq chain_ldropnI ldropn_lmap llength_lmap lnth_lmap order_less_imp_le rel si_lt) (414 ms)
0.sledgehammer goal.by         4902ms Ordered_Resolution_Prover.Lazy_List_Chain 195:6722  some (SH 4901ms, ATP 441ms): Try this: by (smt (verit, ccfv_SIG)) (98 ms)
0.sledgehammer goal.by         6959ms Ordered_Resolution_Prover.Lazy_List_Chain 197:6749  some (SH 6958ms, ATP 898ms): Try this: by (smt (verit, best) ldropn_lmap) (39 ms)
0.sledgehammer goal.proof     25331ms Ordered_Resolution_Prover.Lazy_List_Chain 201:6860  timeout (SH 25330ms): Timed out
0.sledgehammer goal.proof     155458ms Ordered_Resolution_Prover.Lazy_List_Chain 205:7002  timeout (SH 155454ms):
0.sledgehammer goal.using     50541ms Ordered_Resolution_Prover.Lazy_List_Chain 208:7091  some (SH 50539ms, ATP 1702ms): Try this: by (smt (verit, ccfv_threshold) chain.cases eq_LConsD r_x_xs) (327 ms)
0.sledgehammer goal.by        62394ms Ordered_Resolution_Prover.Lazy_List_Chain 208:7104  some (SH 62394ms, ATP 1573ms): Try this: by (smt (verit, del_insts) chain.cases eq_LConsD) (675 ms)
0.sledgehammer goal.using     141211ms Ordered_Resolution_Prover.Lazy_List_Chain 210:7161  some (SH 141209ms, ATP 1794ms): Try this: by (smt (verit, ccfv_threshold) chain.cases chain_not_lnull converse_rtranclp_into_rtranclp ih lhd_LCons llast_LCons ltl_simps(2) r_x_xs xs_nnil) (1.0 s)
0.sledgehammer goal.by        116067ms Ordered_Resolution_Prover.Lazy_List_Chain 211:7200  some (SH 116066ms, ATP 1694ms): Try this: by (smt (verit, ccfv_SIG) chain.cases chain_not_lnull converse_rtranclp_into_rtranclp lhd_LCons llast_LCons ltl_simps(2)) (826 ms)
0.sledgehammer goal.proof     25228ms Ordered_Resolution_Prover.Lazy_List_Chain 218:7436  timeout (SH 25226ms): Timed out
0.sledgehammer goal.by        64598ms Ordered_Resolution_Prover.Lazy_List_Chain 221:7551  some (SH 64594ms, ATP 1959ms): Try this: by (smt (z3) append.simps(1) chain.chain_singleton chain_cons lhd_llist_of list.sel(1) llist_of.simps(1,2)) (114 ms)
0.sledgehammer goal.by         6594ms Ordered_Resolution_Prover.Lazy_List_Chain 223:7603  some (SH 6593ms, ATP 1278ms): Try this: by (smt (z3)) (23 ms)
0.sledgehammer goal.using     14144ms Ordered_Resolution_Prover.Lazy_List_Chain 230:7780  some (SH 14142ms, ATP 882ms): Try this: by (smt (z3) ih) (35 ms)
0.sledgehammer goal.by         5478ms Ordered_Resolution_Prover.Lazy_List_Chain 230:7789  some (SH 5477ms, ATP 1051ms): Try this: by (smt (z3)) (109 ms)
0.sledgehammer goal.unfolding 25939ms Ordered_Resolution_Prover.Lazy_List_Chain 235:7884  timeout (SH 25937ms): Timed out
0.sledgehammer goal.using     24345ms Ordered_Resolution_Prover.Lazy_List_Chain 235:7901  timeout (SH 24339ms): Timed out
0.sledgehammer goal.by        81905ms Ordered_Resolution_Prover.Lazy_List_Chain 236:7959  some (SH 81899ms, ATP 4137ms): Try this: by (smt (verit, del_insts) Cons_eq_appendI lappend_llist_of_llist_of lhd_LCons llast_llist_of llist_of.simps(1,2) snoc_eq_iff_butlast) (432 ms)
0.sledgehammer goal.by         6517ms Ordered_Resolution_Prover.Lazy_List_Chain 238:8032  some (SH 6515ms, ATP 1283ms): Try this: by (smt (z3)) (23 ms)
0.sledgehammer goal.by        69658ms Ordered_Resolution_Prover.Lazy_List_Chain 252:8372  some (SH 69657ms, ATP 268ms): Try this: by (smt (z3) eq_LConsD list.exhaust lnull_def prepend.simps(1,2)) (123 ms)
0.sledgehammer goal.by        98160ms Ordered_Resolution_Prover.Lazy_List_Chain 255:8480  some (SH 98158ms, ATP 1860ms): Try this: by (smt (z3) eq_LConsD list.collapse prepend.simps(1,2)) (337 ms)
0.sledgehammer goal.by        25608ms Ordered_Resolution_Prover.Lazy_List_Chain 258:8561  timeout (SH 25606ms): Timed out
0.sledgehammer goal.by        25980ms Ordered_Resolution_Prover.Lazy_List_Chain 261:8652  timeout (SH 25978ms): Timed out
0.sledgehammer goal.by        28246ms Ordered_Resolution_Prover.Lazy_List_Chain 264:8755  timeout (SH 28243ms): Timed out
0.sledgehammer goal.by        26458ms Ordered_Resolution_Prover.Lazy_List_Chain 267:8898  timeout (SH 26453ms): Timed out
0.sledgehammer goal.by        26531ms Ordered_Resolution_Prover.Lazy_List_Chain 270:9016  timeout (SH 26528ms): Timed out
0.sledgehammer goal.by        26190ms Ordered_Resolution_Prover.Lazy_List_Chain 274:9150  timeout (SH 26187ms): Timed out
0.sledgehammer goal.by        25864ms Ordered_Resolution_Prover.Lazy_List_Chain 278:9355  timeout (SH 25859ms): Timed out
0.sledgehammer goal.by        24770ms Ordered_Resolution_Prover.Lazy_List_Chain 281:9446  timeout (SH 24766ms): Timed out
0.sledgehammer goal.by        48155ms Ordered_Resolution_Prover.Lazy_List_Chain 284:9540  some (SH 48152ms, ATP 2974ms): Try this: by (smt (z3) prepend.simps(1,2) prepend_prepend) (49 ms)
0.sledgehammer goal.by        25222ms Ordered_Resolution_Prover.Lazy_List_Chain 288:9674  timeout (SH 25221ms): Timed out
0.sledgehammer goal.using     25328ms Ordered_Resolution_Prover.Lazy_List_Chain 294:9918  timeout (SH 25322ms): Timed out
0.sledgehammer goal.proof     24141ms Ordered_Resolution_Prover.Lazy_List_Chain 294:9928  timeout (SH 24133ms): Timed out
0.sledgehammer goal.using     178769ms Ordered_Resolution_Prover.Lazy_List_Chain 297:10033  some (SH 178762ms, ATP 1057ms): Try this: by (smt (verit, best) less.hyps less.prems less_enatE lfinite_conv_llength_enat local.step the_enat.simps) (434 ms)
0.sledgehammer goal.by        92151ms Ordered_Resolution_Prover.Lazy_List_Chain 297:10047  some (SH 92149ms, ATP 3428ms): Try this: by (smt (verit, best) enat_ord_code(4) enat_ord_simps(2) length_list_of length_list_of_conv_the_enat less.hyps llength_eq_infty_conv_lfinite local.step not_less_iff_gr_or_eq) (303 ms)
0.sledgehammer goal.using     25259ms Ordered_Resolution_Prover.Lazy_List_Chain 306:10412  timeout (SH 25258ms): Timed out
0.sledgehammer goal.proof     25110ms Ordered_Resolution_Prover.Lazy_List_Chain 306:10427  timeout (SH 25108ms): Timed out
0.sledgehammer goal.by        25560ms Ordered_Resolution_Prover.Lazy_List_Chain 309:10518  timeout (SH 25557ms): Timed out
0.sledgehammer goal.proof     25477ms Ordered_Resolution_Prover.Lazy_List_Chain 324:11000  timeout (SH 25474ms): Timed out
0.sledgehammer goal.using     25513ms Ordered_Resolution_Prover.Lazy_List_Chain 326:11053  timeout (SH 25511ms): Timed out
0.sledgehammer goal.by        24850ms Ordered_Resolution_Prover.Lazy_List_Chain 327:11069  timeout (SH 24848ms): Timed out
0.sledgehammer goal.using     25364ms Ordered_Resolution_Prover.Lazy_List_Chain 331:11243  timeout (SH 25361ms): Timed out
0.sledgehammer goal.proof     24995ms Ordered_Resolution_Prover.Lazy_List_Chain 332:11257  timeout (SH 24992ms): Timed out
0.sledgehammer goal.by        25397ms Ordered_Resolution_Prover.Lazy_List_Chain 335:11387  timeout (SH 25393ms): Timed out
0.sledgehammer goal.by        25404ms Ordered_Resolution_Prover.Lazy_List_Chain 346:11780  timeout (SH 25401ms): Timed out
0.sledgehammer goal.proof     25753ms Ordered_Resolution_Prover.Lazy_List_Chain 355:12230  timeout (SH 25750ms): Timed out
0.sledgehammer goal.by        75782ms Ordered_Resolution_Prover.Lazy_List_Chain 359:12358  some (SH 75778ms, ATP 3137ms): Try this: by (smt (verit, ccfv_threshold) assms lfinite_prepend prepend_cong1_alt prepend_prepend) (1.1 s)
0.sledgehammer goal.by        60874ms Ordered_Resolution_Prover.Lazy_List_Chain 363:12506  some (SH 60873ms, ATP 1826ms): Try this: by (smt (verit, del_insts) emb.simps lfinite_prepend prepend_prepend) (1.7 s)
0.sledgehammer goal.by        101651ms Ordered_Resolution_Prover.Lazy_List_Chain 367:12693  some (SH 101651ms, ATP 1324ms): Try this: by (smt (verit, ccfv_SIG) emb_prepend prepend_cong1.simps prepend_cong1_alt) (1.2 s)
0.sledgehammer goal.unfolding 100317ms Ordered_Resolution_Prover.Lazy_List_Chain 372:12899  some (SH 100315ms, ATP 844ms): Try this: by (smt (verit) prepend_cong1_alt sup1CI sup1E) (836 ms)
0.sledgehammer goal.by        89682ms Ordered_Resolution_Prover.Lazy_List_Chain 372:12927  some (SH 89681ms, ATP 2300ms): Try this: by (smt (z3) le_boolD sup.idem sup.orderI sup_apply sup_commute) (1.0 s)
0.sledgehammer goal.using     79987ms Ordered_Resolution_Prover.Lazy_List_Chain 380:13206  some (SH 79987ms, ATP 5839ms): Try this: by (smt (verit) assms(1,2) emb_prepend_coinduct_cong prepend_cong1_emb prepend_cong_distrib) (1.1 s)
0.sledgehammer goal.unfolding 63685ms Ordered_Resolution_Prover.Lazy_List_Chain 380:13218  some (SH 63683ms, ATP 5308ms): Try this: by (smt (verit, ccfv_threshold) emb_prepend_coinduct_cong prepend_cong1_emb prepend_cong_distrib) (916 ms)
0.sledgehammer goal.by        40647ms Ordered_Resolution_Prover.Lazy_List_Chain 381:13269  some (SH 40644ms, ATP 1608ms): Try this: by (smt (verit, best) emb_prepend_coinduct_cong) (2.1 s)
0.sledgehammer goal.by        50637ms Ordered_Resolution_Prover.Lazy_List_Chain 389:13585  some (SH 50636ms, ATP 4640ms): Try this: by (smt (verit, best) assms emb_prepend emb_prepend_coinduct_cong prepend_cong1_alt) (1.9 s)
0.sledgehammer goal.proof     27250ms Ordered_Resolution_Prover.Lazy_List_Chain 401:13912  timeout (SH 27250ms): Timed out
0.sledgehammer goal.proof     26090ms Ordered_Resolution_Prover.Lazy_List_Chain 404:14002  timeout (SH 26085ms): Timed out
0.sledgehammer goal.by        40729ms Ordered_Resolution_Prover.Lazy_List_Chain 407:14089  some (SH 40723ms, ATP 4793ms): Try this: by (smt (cvc5, best) append_Nil chain.chain_cons chain.chain_singleton lhd_llist_of list.sel(1) llist_of.simps(1,2) prepend.simps(1)) (424 ms)
0.sledgehammer goal.proof     24628ms Ordered_Resolution_Prover.Lazy_List_Chain 413:14259  timeout (SH 24626ms): Timed out
0.sledgehammer goal.proof     24758ms Ordered_Resolution_Prover.Lazy_List_Chain 416:14347  timeout (SH 24756ms): Timed out
0.sledgehammer goal.by        25269ms Ordered_Resolution_Prover.Lazy_List_Chain 419:14429  timeout (SH 25264ms): Timed out
0.sledgehammer goal.unfolding 24585ms Ordered_Resolution_Prover.Lazy_List_Chain 426:14660  timeout (SH 24582ms): Timed out
0.sledgehammer goal.by         7710ms Ordered_Resolution_Prover.Lazy_List_Chain 426:14681  some (SH 7707ms, ATP 885ms): Try this: by (smt (z3) chain'_imp_chain chain_imp_chain') (33 ms)
0.sledgehammer goal.by        37398ms Ordered_Resolution_Prover.Lazy_List_Chain 433:14953  some (SH 37397ms, ATP 2038ms): Try this: by (smt (verit, best) chain'.coinduct chain_chain') (1.6 s)
0.sledgehammer goal.unfolding 24620ms Ordered_Resolution_Prover.Lazy_List_Chain 447:15269  timeout (SH 24619ms): Timed out
0.sledgehammer goal.using     38585ms Ordered_Resolution_Prover.Lazy_List_Chain 447:15288  some (SH 38582ms, ATP 1526ms): Try this: by (smt (verit, best) assms some_eq_imp tranclp_imp_exists_finite_chain_list) (168 ms)
0.sledgehammer goal.by         4529ms Ordered_Resolution_Prover.Lazy_List_Chain 447:15356  some (SH 4528ms, ATP 833ms): Try this: by (smt (verit)) (22 ms)
0.sledgehammer goal.by        66703ms Ordered_Resolution_Prover.Lazy_List_Chain 452:15535  some (SH 66703ms, ATP 4451ms): Try this: apply (smt (z3) lhd_LCons_ltl list.case_eq_if list.collapse llist.case_eq_if lnull_def prepend.simps(1,2)) (212 ms)
0.sledgehammer goal.by        21998ms Ordered_Resolution_Prover.Lazy_List_Chain 463:15950  some (SH 21997ms, ATP 1177ms): Try this: apply (smt (verit) llist.simps(4) wit.code) (34 ms)
0.sledgehammer goal.by        36659ms Ordered_Resolution_Prover.Lazy_List_Chain 466:16039  some (SH 36658ms, ATP 424ms): Try this: by (smt (verit) llist.simps(4) lnull_def not_lnull_conv wit.code wit_LCons2 wit_lsingleton) (387 ms)
0.sledgehammer goal.by        66261ms Ordered_Resolution_Prover.Lazy_List_Chain 469:16173  some (SH 66260ms, ATP 601ms): Try this: by (smt (z3) chain.cases eq_LConsD wit_LCons2 wit_lsingleton) (1.2 s)
0.sledgehammer goal.by         7467ms Ordered_Resolution_Prover.Lazy_List_Chain 472:16312  some (SH 7465ms, ATP 1111ms): Try this: by (smt (verit) lnull_def) (114 ms)
0.sledgehammer goal.proof     25808ms Ordered_Resolution_Prover.Lazy_List_Chain 475:16388  timeout (SH 25806ms): Timed out
0.sledgehammer goal.proof     25682ms Ordered_Resolution_Prover.Lazy_List_Chain 478:16485  timeout (SH 25679ms): Timed out
0.sledgehammer goal.by        34029ms Ordered_Resolution_Prover.Lazy_List_Chain 481:16572  some (SH 34023ms, ATP 837ms): Try this: by (smt (verit) chain_not_lnull lhd_LCons_ltl prepend.simps(1) wit_LCons2) (392 ms)
0.sledgehammer goal.using     31493ms Ordered_Resolution_Prover.Lazy_List_Chain 490:16891  some (SH 31492ms, ATP 2888ms): Try this: by (smt (verit, ccfv_SIG) assms emb_lfinite emb_wit) (49 ms)
0.sledgehammer goal.by         5827ms Ordered_Resolution_Prover.Lazy_List_Chain 490:16923  some (SH 5827ms, ATP 1178ms): Try this: by (smt (verit, best)) (60 ms)
0.sledgehammer goal.proof     25928ms Ordered_Resolution_Prover.Lazy_List_Chain 495:17027  timeout (SH 25927ms): Timed out
0.sledgehammer goal.proof     25173ms Ordered_Resolution_Prover.Lazy_List_Chain 498:17099  timeout (SH 25169ms): Timed out
0.sledgehammer goal.by        173198ms Ordered_Resolution_Prover.Lazy_List_Chain 501:17192  timeout (SH 173195ms):
0.sledgehammer goal.proof     26077ms Ordered_Resolution_Prover.Lazy_List_Chain 508:17444  timeout (SH 26076ms): Timed out
0.sledgehammer goal.by        133334ms Ordered_Resolution_Prover.Lazy_List_Chain 511:17574  some (SH 133331ms, ATP 5364ms): Try this: by (smt (verit, best) chain.cases chain_not_lnull lhd_LCons_ltl lhd_wit pick wit_LCons2 wit_lsingleton) (1.7 s)
0.sledgehammer goal.by        26603ms Ordered_Resolution_Prover.Lazy_List_Chain 515:17740  timeout (SH 26602ms): Timed out
0.sledgehammer goal.using     10017ms Ordered_Resolution_Prover.Lazy_List_Chain 520:17926  some (SH 10014ms, ATP 1192ms): Try this: by (smt (z3) assms emb_lset_mono) (42 ms)
0.sledgehammer goal.by         9787ms Ordered_Resolution_Prover.Lazy_List_Chain 520:17956  some (SH 9785ms, ATP 3000ms): Try this: by (smt (z3)) (82 ms)
0.sledgehammer goal.by         7866ms Ordered_Resolution_Prover.Lazy_List_Chain 523:18043  some (SH 7864ms, ATP 1345ms): Try this: by (smt (verit, ccfv_threshold) emb_lfinite) (90 ms)
0.sledgehammer goal.using     25816ms Ordered_Resolution_Prover.Lazy_List_Chain 529:18336  timeout (SH 25814ms): Timed out
0.sledgehammer goal.proof     25043ms Ordered_Resolution_Prover.Lazy_List_Chain 529:18348  timeout (SH 25038ms): Timed out
0.sledgehammer goal.proof     25877ms Ordered_Resolution_Prover.Lazy_List_Chain 532:18436  timeout (SH 25871ms): Timed out
0.sledgehammer goal.using     24669ms Ordered_Resolution_Prover.Lazy_List_Chain 535:18491  timeout (SH 24663ms): Timed out
0.sledgehammer goal.unfolding 96365ms Ordered_Resolution_Prover.Lazy_List_Chain 536:18552  some (SH 96361ms, ATP 1162ms): Try this: by (smt (z3) enat_ord_code(4) in_lset_conv_lnth less(3) llength_eq_infty_conv_lfinite zero_order(1)) (438 ms)
0.sledgehammer goal.by        12567ms Ordered_Resolution_Prover.Lazy_List_Chain 538:18701  some (SH 12566ms, ATP 1842ms): Try this: by (smt (verit, ccfv_SIG) zero_le) (414 ms)
0.sledgehammer goal.by        26636ms Ordered_Resolution_Prover.Lazy_List_Chain 543:18872  some (SH 26635ms, ATP 1457ms): Try this: by (smt (verit, ccfv_SIG) emb.cases less.prems(3)) (1.0 s)
0.sledgehammer goal.using     155774ms Ordered_Resolution_Prover.Lazy_List_Chain 545:18978  timeout (SH 155773ms):
0.sledgehammer goal.by        109667ms Ordered_Resolution_Prover.Lazy_List_Chain 545:19025  some (SH 109666ms, ATP 1084ms): Try this: by (smt (verit, best) \<open>Xs = LCons b xs\<close> \<open>emb xs bs\<close> emb_lfinite lfinite_code(2)) (673 ms)
0.sledgehammer goal.by        23876ms Ordered_Resolution_Prover.Lazy_List_Chain 547:19099  timeout (SH 23875ms): Timed out
0.sledgehammer goal.by        47408ms Ordered_Resolution_Prover.Lazy_List_Chain 550:19230  some (SH 47406ms, ATP 3511ms): Try this: by (smt (verit, best) One_nat_def Suc Suc_le_D \<open>Xs = LCons b xs\<close> diff_Suc_1' less_Suc_eq_le less_imp_diff_less lnth_LCons' not_less_eq_eq zero_le) (238 ms)
0.sledgehammer goal.proof     24282ms Ordered_Resolution_Prover.Lazy_List_Chain 557:19387  timeout (SH 24281ms): Timed out
0.sledgehammer goal.using      5189ms Ordered_Resolution_Prover.Lazy_List_Chain 559:19432  some (SH 5187ms, ATP 759ms): Try this: by (smt (verit, best) emb_lfinite) (57 ms)
0.sledgehammer goal.by         4612ms Ordered_Resolution_Prover.Lazy_List_Chain 559:19459  some (SH 4611ms, ATP 947ms): Try this: by (smt (z3)) (104 ms)
0.sledgehammer goal.unfolding 24221ms Ordered_Resolution_Prover.Lazy_List_Chain 561:19498  timeout (SH 24221ms): Timed out
0.sledgehammer goal.by        23669ms Ordered_Resolution_Prover.Lazy_List_Chain 561:19525  timeout (SH 23666ms): Timed out
0.sledgehammer goal.proof     24195ms Ordered_Resolution_Prover.Lazy_List_Chain 565:19656  timeout (SH 24190ms): Timed out
0.sledgehammer goal.proof     83290ms Ordered_Resolution_Prover.Lazy_List_Chain 568:19738  some (SH 83287ms, ATP 2603ms): Try this: by (smt (verit, best) emb emb.cases lfinite_lmap llist.simps(13) lmap_eq_LNil lmap_prepend) (779 ms)
0.sledgehammer goal.using     58351ms Ordered_Resolution_Prover.Lazy_List_Chain 574:19894  some (SH 58350ms, ATP 921ms): Try this: by (smt (z3) emb emb_LConsE xs) (357 ms)
0.sledgehammer goal.by         5938ms Ordered_Resolution_Prover.Lazy_List_Chain 574:19932  some (SH 5937ms, ATP 1007ms): Try this: by (smt (z3)) (166 ms)
0.sledgehammer goal.unfolding 10073ms Ordered_Resolution_Prover.Lazy_List_Chain 582:20090  some (SH 10072ms, ATP 898ms): Try this: by (smt (verit) llist.simps(13) xs) (26 ms)
0.sledgehammer goal.by         5678ms Ordered_Resolution_Prover.Lazy_List_Chain 582:20103  some (SH 5678ms, ATP 1703ms): Try this: by (smt (verit) llist.simps(13)) (24 ms)
0.sledgehammer goal.unfolding 39048ms Ordered_Resolution_Prover.Lazy_List_Chain 584:20178  some (SH 39047ms, ATP 1203ms): Try this: by (smt (z3) llist.simps(13) lmap_prepend ys) (58 ms)
0.sledgehammer goal.by        28569ms Ordered_Resolution_Prover.Lazy_List_Chain 584:20191  some (SH 28568ms, ATP 1238ms): Try this: by (smt (z3) llist.simps(13) lmap_prepend) (86 ms)
0.sledgehammer goal.using      7012ms Ordered_Resolution_Prover.Lazy_List_Chain 586:20287  some (SH 7011ms, ATP 898ms): Try this: by (smt (z3) emb') (115 ms)
0.sledgehammer goal.by         5306ms Ordered_Resolution_Prover.Lazy_List_Chain 586:20298  some (SH 5304ms, ATP 966ms): Try this: by (smt (z3)) (176 ms)
0.sledgehammer goal.by        10551ms Ordered_Resolution_Prover.Lazy_List_Chain 588:20341  some (SH 10550ms, ATP 991ms): Try this: by (smt (verit, ccfv_SIG)) (1.1 s)
0.sledgehammer goal.using     92184ms Ordered_Resolution_Prover.Lazy_List_Chain 597:20546  some (SH 92184ms, ATP 1538ms): Try this: by (smt (cvc5, quant_saturate) One_nat_def add.right_neutral add_Suc_right assms conversep_iff inf_llist_inj inf_llist_lnth lfinite_inf_llist lnth_rel_chain lnull_inf_llist) (226 ms)
0.sledgehammer goal.by        105237ms Ordered_Resolution_Prover.Lazy_List_Chain 597:20558  some (SH 105236ms, ATP 1237ms): Try this: by (smt (verit) One_nat_def add.right_neutral add_Suc_right conversep_iff inf_llist_inj inf_llist_lnth lfinite_inf_llist lnth_rel_chain lnull_inf_llist) (169 ms)
0.sledgehammer goal.using     56073ms Ordered_Resolution_Prover.Lazy_List_Chain 601:20715  some (SH 56072ms, ATP 467ms): Try this: by (smt (verit, del_insts) chain_inf_llist_if_infinite_chain_function conversepD infinite_chain_lnth_rel lfinite_inf_llist) (210 ms)
0.sledgehammer goal.by        57780ms Ordered_Resolution_Prover.Lazy_List_Chain 601:20788  some (SH 57779ms, ATP 843ms): Try this: by (smt (verit, ccfv_threshold) conversepD lfinite_inf_llist) (224 ms)
0.sledgehammer goal.proof     26032ms Ordered_Resolution_Prover.Lazy_List_Chain 604:20884  timeout (SH 26031ms): Timed out
0.sledgehammer goal.unfolding  5330ms Ordered_Resolution_Prover.Lazy_List_Chain 606:20933  some (SH 5326ms, ATP 926ms): Try this: by (smt (z3) wfp_def) (36 ms)
0.sledgehammer goal.by         4904ms Ordered_Resolution_Prover.Lazy_List_Chain 606:20951  some (SH 4903ms, ATP 641ms): Try this: by (smt (z3)) (16 ms)
0.sledgehammer goal.using     15105ms Ordered_Resolution_Prover.Lazy_List_Chain 608:21026  some (SH 15104ms, ATP 984ms): Try this: by (smt (cvc5, term_relev) wf_iff_no_infinite_down_chain) (154 ms)
0.sledgehammer goal.by         9028ms Ordered_Resolution_Prover.Lazy_List_Chain 608:21062  some (SH 9028ms, ATP 861ms): Try this: by (smt (cvc5, noematch)) (97 ms)
0.sledgehammer goal.by        24096ms Ordered_Resolution_Prover.Lazy_List_Chain 610:21123  timeout (SH 24095ms): Timed out
0.sledgehammer goal.using     61664ms Ordered_Resolution_Prover.Lazy_List_Chain 612:21184  some (SH 61660ms, ATP 783ms): Try this: by (smt (cvc5, best) infinite_chain_function_iff_infinite_chain_llist) (171 ms)
0.sledgehammer goal.by        22902ms Ordered_Resolution_Prover.Lazy_List_Chain 612:21239  some (SH 22902ms, ATP 3019ms): Try this: by (smt (cvc5, best)) (194 ms)
0.sledgehammer goal.by         4178ms Ordered_Resolution_Prover.Lazy_List_Chain 614:21275  some (SH 4178ms, ATP 558ms): Try this: by (smt (verit, best)) (17 ms)
0.sledgehammer goal.by        69296ms Ordered_Resolution_Prover.Lazy_List_Chain 627:21675  some (SH 69296ms, ATP 967ms): Try this: apply (smt (verit) full_chain.cases lstrict_prefix_code(1,2)) (967 ms)
0.sledgehammer goal.using     23998ms Ordered_Resolution_Prover.Lazy_List_Chain 632:21833  timeout (SH 23998ms): Timed out
0.sledgehammer goal.by        23909ms Ordered_Resolution_Prover.Lazy_List_Chain 633:21847  timeout (SH 23907ms): Timed out
0.sledgehammer goal.proof     24217ms Ordered_Resolution_Prover.Lazy_List_Chain 638:22077  timeout (SH 24215ms): Timed out
0.sledgehammer goal.using     34609ms Ordered_Resolution_Prover.Lazy_List_Chain 642:22192  some (SH 34605ms, ATP 1981ms): Try this: by (smt (verit, ccfv_threshold) chain.coinduct full full_chain.cases) (1.1 s)
0.sledgehammer goal.by        30040ms Ordered_Resolution_Prover.Lazy_List_Chain 642:22203  some (SH 30039ms, ATP 1692ms): Try this: by (smt (verit, ccfv_SIG) chain.coinduct full_chain.cases) (1.0 s)
0.sledgehammer goal.by        71756ms Ordered_Resolution_Prover.Lazy_List_Chain 649:22367  some (SH 71756ms, ATP 2973ms): Try this: by (smt (verit, ccfv_SIG) Suc_le_D chain chain_not_lnull eSuc_enat enat_ord_simps(2) ldropn_0 ldropn_Suc_LCons ldropn_eq_LNil lfinite_conv_llength_enat linorder_not_less llength_LCons llength_LNil not_lnull_conv order_less_imp_le zero_enat_def) (376 ms)
0.sledgehammer goal.by        88193ms Ordered_Resolution_Prover.Lazy_List_Chain 652:22489  some (SH 88192ms, ATP 1033ms): Try this: by (smt (verit, best) Suc_n_not_le_n enat_ord_simps(1) full full_chain_ldropn linorder_not_less suc_n) (73 ms)
0.sledgehammer goal.using     155840ms Ordered_Resolution_Prover.Lazy_List_Chain 654:22620  timeout (SH 155839ms):
0.sledgehammer goal.by        153745ms Ordered_Resolution_Prover.Lazy_List_Chain 654:22632  timeout (SH 153745ms):
0.sledgehammer goal.by        24369ms Ordered_Resolution_Prover.Lazy_List_Chain 657:22835  some (SH 24368ms, ATP 3140ms): Try this: by (smt (verit, ccfv_threshold) eq_LConsD full_chain.cases) (900 ms)
0.sledgehammer goal.by        26519ms Ordered_Resolution_Prover.Lazy_List_Chain 664:22983  timeout (SH 26519ms): Timed out
0.sledgehammer goal.using      6710ms Ordered_Resolution_Prover.Lazy_List_Chain 668:23140  some (SH 6707ms, ATP 1039ms): Try this: by (smt (verit, ccfv_SIG) full_chain_iff_chain) (86 ms)
0.sledgehammer goal.by         5118ms Ordered_Resolution_Prover.Lazy_List_Chain 668:23167  some (SH 5117ms, ATP 1055ms): Try this: by (smt (verit, best)) (95 ms)
0.sledgehammer goal.by         8700ms Ordered_Resolution_Prover.Lazy_List_Chain 671:23243  some (SH 8699ms, ATP 847ms): Try this: by (smt (z3) full_chain_not_lnull i0_less llength_eq_0) (57 ms)
0.sledgehammer goal.by         8636ms Ordered_Resolution_Prover.Lazy_List_Chain 675:23407  some (SH 8635ms, ATP 1416ms): Try this: by (smt (verit, ccfv_SIG) chain_lnth_rel full_chain_imp_chain) (46 ms)
0.sledgehammer goal.proof     109762ms Ordered_Resolution_Prover.Lazy_List_Chain 682:23595  some (SH 109761ms, ATP 585ms): Try this: by (smt (verit, ccfv_threshold) eSuc_enat enat.distinct(2) full full_chain_iff_chain llast_conv_lnth llength_eq_infty_conv_lfinite sj) (161 ms)
0.sledgehammer goal.by         5959ms Ordered_Resolution_Prover.Lazy_List_Chain 684:23627  some (SH 5958ms, ATP 698ms): Try this: by (smt (verit, best) llength_eq_enat_lfiniteD sj) (39 ms)
0.sledgehammer goal.using      6659ms Ordered_Resolution_Prover.Lazy_List_Chain 686:23697  some (SH 6658ms, ATP 987ms): Try this: by (smt (verit) full full_chain_iff_chain) (103 ms)
0.sledgehammer goal.by         5692ms Ordered_Resolution_Prover.Lazy_List_Chain 686:23729  some (SH 5691ms, ATP 1012ms): Try this: by (smt (verit, best)) (191 ms)
0.sledgehammer goal.by        32311ms Ordered_Resolution_Prover.Lazy_List_Chain 688:23757  some (SH 32310ms, ATP 946ms): Try this: by (smt (verit, best) eSuc_enat llast_conv_lnth sj) (47 ms)
0.sledgehammer goal.proof     24363ms Ordered_Resolution_Prover.Lazy_List_Chain 697:24109  timeout (SH 24362ms): Timed out
0.sledgehammer goal.using     53766ms Ordered_Resolution_Prover.Lazy_List_Chain 700:24212  some (SH 53762ms, ATP 1242ms): Try this: by (smt (verit) chain_tranclp_imp_exists_chain full full_chain_imp_chain) (265 ms)
0.sledgehammer goal.by         8790ms Ordered_Resolution_Prover.Lazy_List_Chain 700:24279  some (SH 8789ms, ATP 2064ms): Try this: by (smt (verit, ccfv_threshold)) (290 ms)
0.sledgehammer goal.using     76882ms Ordered_Resolution_Prover.Lazy_List_Chain 702:24317  some (SH 76881ms, ATP 2188ms): Try this: by (smt (verit) emb_lfinite full full_chain_iff_chain tranclp.r_into_trancl ys(1,2,4)) (352 ms)
0.sledgehammer goal.unfolding 31623ms Ordered_Resolution_Prover.Lazy_List_Chain 702:24358  some (SH 31622ms, ATP 2756ms): Try this: by (smt (verit) full_chain_iff_chain tranclp.r_into_trancl) (406 ms)
0.sledgehammer goal.by        33304ms Ordered_Resolution_Prover.Lazy_List_Chain 702:24389  some (SH 33303ms, ATP 1870ms): Try this: by (smt (verit) tranclp.r_into_trancl) (78 ms)
0.sledgehammer goal.using     10059ms Ordered_Resolution_Prover.Lazy_List_Chain 704:24421  some (SH 10058ms, ATP 936ms): Try this: by (smt (z3) ys(2,3,4)) (26 ms)
0.sledgehammer goal.by         7438ms Ordered_Resolution_Prover.Lazy_List_Chain 704:24435  some (SH 7437ms, ATP 1030ms): Try this: by (smt (z3)) (128 ms)
0.sledgehammer goal.by        154468ms Ordered_Resolution_Prover.Proving_Process 42:1498  timeout (SH 154467ms):
0.sledgehammer goal.proof     24338ms Ordered_Resolution_Prover.Proving_Process 55:1833  timeout (SH 24337ms): Timed out
0.sledgehammer goal.using      8581ms Ordered_Resolution_Prover.Proving_Process 57:1877  some (SH 8579ms, ATP 611ms): Try this: by (smt (verit) assms(1) chain_length_pos) (45 ms)
0.sledgehammer goal.by         5002ms Ordered_Resolution_Prover.Proving_Process 57:1889  some (SH 4999ms, ATP 517ms): Try this: by (smt (verit, del_insts) chain_length_pos) (45 ms)
0.sledgehammer goal.using      7058ms Ordered_Resolution_Prover.Proving_Process 63:2068  some (SH 7057ms, ATP 917ms): Try this: by (smt (verit, ccfv_threshold) finite_Sup_llist_imp_Sup_upto_llist) (107 ms)
0.sledgehammer goal.by         5578ms Ordered_Resolution_Prover.Proving_Process 63:2110  some (SH 5577ms, ATP 841ms): Try this: by (smt (verit, ccfv_threshold)) (228 ms)
0.sledgehammer goal.proof     24359ms Ordered_Resolution_Prover.Proving_Process 65:2168  timeout (SH 24359ms): Timed out
0.sledgehammer goal.using     13661ms Ordered_Resolution_Prover.Proving_Process 68:2228  some (SH 13658ms, ATP 1015ms): Try this: by (smt (z3) Sup_upto_llist_enat_0 i0_less len_ns llength_eq_0 sat_n0) (200 ms)
0.sledgehammer goal.unfolding  8448ms Ordered_Resolution_Prover.Proving_Process 69:2256  some (SH 8447ms, ATP 708ms): Try this: by (smt (z3) Sup_upto_llist_enat_0 chain_not_lnull deriv) (65 ms)
0.sledgehammer goal.by        24132ms Ordered_Resolution_Prover.Proving_Process 70:2351  timeout (SH 24130ms): Timed out
0.sledgehammer goal.proof     23924ms Ordered_Resolution_Prover.Proving_Process 74:2410  timeout (SH 23920ms): Timed out
0.sledgehammer goal.unfolding 138565ms Ordered_Resolution_Prover.Proving_Process 77:2562  some (SH 138562ms, ATP 3247ms): Try this: by (smt (verit, ccfv_SIG) Collect_cong Suc_ile_eq Sup_upto_llist_def linorder_less_linear linorder_not_less order_less_imp_le) (246 ms)
0.sledgehammer goal.using     153401ms Ordered_Resolution_Prover.Proving_Process 77:2591  timeout (SH 153400ms):
0.sledgehammer goal.by        96813ms Ordered_Resolution_Prover.Proving_Process 77:2607  some (SH 96812ms, ATP 2289ms): Try this: by (smt (verit, best) Collect_cong eSuc_enat enat_ord_simps(1) iless_Suc_eq order_less_le_trans) (381 ms)
0.sledgehammer goal.using      6271ms Ordered_Resolution_Prover.Proving_Process 79:2651  some (SH 6270ms, ATP 611ms): Try this: by (smt (z3) Suc) (25 ms)
0.sledgehammer goal.by         4665ms Ordered_Resolution_Prover.Proving_Process 79:2661  some (SH 4664ms, ATP 737ms): Try this: by (smt (z3)) (128 ms)
0.sledgehammer goal.using     25084ms Ordered_Resolution_Prover.Proving_Process 83:2757  some (SH 25083ms, ATP 967ms): Try this: by (smt (z3) chain_lnth_rel deriv linorder_not_less) (63 ms)
0.sledgehammer goal.by        16316ms Ordered_Resolution_Prover.Proving_Process 83:2769  some (SH 16314ms, ATP 888ms): Try this: by (smt (verit, del_insts) chain_lnth_rel linorder_not_less) (46 ms)
0.sledgehammer goal.by         5990ms Ordered_Resolution_Prover.Proving_Process 85:2900  some (SH 5989ms, ATP 600ms): Try this: by (smt (verit, ccfv_threshold) derive_subset) (53 ms)
0.sledgehammer goal.unfolding 76391ms Ordered_Resolution_Prover.Proving_Process 87:2990  some (SH 76390ms, ATP 809ms): Try this: by (smt (verit) False Suc_ile_eq linorder_linear lnth_subset_Sup_upto_llist) (55 ms)
0.sledgehammer goal.using     142510ms Ordered_Resolution_Prover.Proving_Process 87:3019  some (SH 142508ms, ATP 1760ms): Try this: by (smt (z3) False SUP_upper Suc_ile_eq linorder_linear mem_Collect_eq) (102 ms)
0.sledgehammer goal.by        36062ms Ordered_Resolution_Prover.Proving_Process 87:3049  some (SH 36061ms, ATP 1888ms): Try this: by (smt (z3) SUP_upper mem_Collect_eq) (154 ms)
0.sledgehammer goal.by        79117ms Ordered_Resolution_Prover.Proving_Process 90:3194  some (SH 79115ms, ATP 4148ms): Try this: by (smt (cvc5, term_relev) UnCI UnE image_iff inferences_from_mono subset_eq) (489 ms)
0.sledgehammer goal.unfolding 51456ms Ordered_Resolution_Prover.Proving_Process 92:3364  some (SH 51456ms, ATP 1813ms): Try this: by (smt (z3) False Sup_upto_llist_Suc linorder_not_less) (124 ms)
0.sledgehammer goal.using     67432ms Ordered_Resolution_Prover.Proving_Process 92:3393  some (SH 67431ms, ATP 2038ms): Try this: by (smt (z3) Collect_cong False Sup_upto_llist_Suc Sup_upto_llist_def linorder_not_less) (236 ms)
0.sledgehammer goal.by        53719ms Ordered_Resolution_Prover.Proving_Process 92:3405  some (SH 53718ms, ATP 974ms): Try this: by (smt (z3) Collect_cong Sup_upto_llist_Suc Sup_upto_llist_def linorder_not_less) (216 ms)
0.sledgehammer goal.using     11248ms Ordered_Resolution_Prover.Proving_Process 95:3560  some (SH 11247ms, ATP 774ms): Try this: by (smt (z3) Suc \<Gamma>_sat_preserving) (194 ms)
0.sledgehammer goal.unfolding  5436ms Ordered_Resolution_Prover.Proving_Process 95:3587  some (SH 5435ms, ATP 788ms): Try this: by (smt (z3)) (259 ms)
0.sledgehammer goal.by         5539ms Ordered_Resolution_Prover.Proving_Process 95:3633  some (SH 5537ms, ATP 799ms): Try this: by (smt (z3)) (362 ms)
0.sledgehammer goal.by        39166ms Ordered_Resolution_Prover.Proving_Process 97:3683  some (SH 39165ms, ATP 2029ms): Try this: by (smt (z3) true_clss_mono true_clss_union) (47 ms)
0.sledgehammer goal.using      7746ms Ordered_Resolution_Prover.Proving_Process 101:3776  some (SH 7745ms, ATP 832ms): Try this: by (smt (verit, best) dd_sset unsatisfiable_mono) (211 ms)
0.sledgehammer goal.unfolding  6383ms Ordered_Resolution_Prover.Proving_Process 101:3790  some (SH 6382ms, ATP 890ms): Try this: by (smt (verit, del_insts) unsatisfiable_mono) (346 ms)
0.sledgehammer goal.by        11426ms Ordered_Resolution_Prover.Proving_Process 101:3819  some (SH 11425ms, ATP 978ms): Try this: by (smt (verit) unsatisfiable_mono) (467 ms)
0.sledgehammer goal.using     27811ms Ordered_Resolution_Prover.Proving_Process 104:3880  some (SH 27811ms, ATP 781ms): Try this: by (smt (verit, del_insts) clausal_logic_compact) (190 ms)
0.sledgehammer goal.by        24166ms Ordered_Resolution_Prover.Proving_Process 104:3956  some (SH 24163ms, ATP 591ms): Try this: by (smt (verit, del_insts)) (151 ms)
0.sledgehammer goal.proof     25351ms Ordered_Resolution_Prover.Proving_Process 117:4283  timeout (SH 25350ms): Timed out
0.sledgehammer goal.using     50140ms Ordered_Resolution_Prover.Proving_Process 126:4524  some (SH 50137ms, ATP 1448ms): Try this: by (smt (verit, ccfv_SIG) Rf_mono lnth_subset_Sup_llist subsetD) (87 ms)
0.sledgehammer goal.by        28672ms Ordered_Resolution_Prover.Proving_Process 126:4574  some (SH 28672ms, ATP 234ms): Try this: by (smt (z3) subsetD) (50 ms)
0.sledgehammer goal.using     25549ms Ordered_Resolution_Prover.Proving_Process 128:4635  timeout (SH 25548ms): Timed out
0.sledgehammer goal.proof     24003ms Ordered_Resolution_Prover.Proving_Process 129:4650  timeout (SH 24001ms): Timed out
0.sledgehammer goal.using      6299ms Ordered_Resolution_Prover.Proving_Process 132:4710  some (SH 6297ms, ATP 703ms): Try this: by (smt (z3) c_in le_zero_eq) (36 ms)
0.sledgehammer goal.by         4803ms Ordered_Resolution_Prover.Proving_Process 132:4721  some (SH 4802ms, ATP 628ms): Try this: by (smt (z3) le_zero_eq) (46 ms)
0.sledgehammer goal.proof     24265ms Ordered_Resolution_Prover.Proving_Process 136:4786  timeout (SH 24265ms): Timed out
0.sledgehammer goal.using     10519ms Ordered_Resolution_Prover.Proving_Process 139:4861  some (SH 10516ms, ATP 726ms): Try this: by (smt (cvc5, quant_saturate) True less_Suc_eq_le) (27 ms)
0.sledgehammer goal.by         4280ms Ordered_Resolution_Prover.Proving_Process 139:4872  some (SH 4279ms, ATP 651ms): Try this: by (smt (verit, ccfv_SIG) less_Suc_eq_le) (26 ms)
0.sledgehammer goal.using     48503ms Ordered_Resolution_Prover.Proving_Process 141:4938  some (SH 48502ms, ATP 901ms): Try this: by (smt (z3) Suc.prems(2) Suc_ile_eq order_less_imp_le) (20 ms)
0.sledgehammer goal.by        17722ms Ordered_Resolution_Prover.Proving_Process 141:4968  some (SH 17722ms, ATP 954ms): Try this: by (smt (z3) order_less_imp_le) (49 ms)
0.sledgehammer goal.using      4350ms Ordered_Resolution_Prover.Proving_Process 143:5076  some (SH 4349ms, ATP 497ms): Try this: by (smt (verit) Suc.hyps) (18 ms)
0.sledgehammer goal.by         3490ms Ordered_Resolution_Prover.Proving_Process 143:5091  some (SH 3490ms, ATP 472ms): Try this: by (smt (verit, best)) (15 ms)
0.sledgehammer goal.using     18806ms Ordered_Resolution_Prover.Proving_Process 145:5158  some (SH 18805ms, ATP 787ms): Try this: by (smt (verit, ccfv_threshold) Suc.prems(2) chain_lnth_rel deriv) (47 ms)
0.sledgehammer goal.by         6082ms Ordered_Resolution_Prover.Proving_Process 145:5180  some (SH 6081ms, ATP 574ms): Try this: by (smt (verit) chain_lnth_rel) (83 ms)
0.sledgehammer goal.using     185354ms Ordered_Resolution_Prover.Proving_Process 147:5247  some (SH 185354ms, ATP 1843ms): Try this: by (smt (verit) DiffI Suc(1) Suc.prems(2) Un_iff \<open>enat k < llength Ns\<close> \<open>i \<le> k\<close> c_ni' derive.cases le_iff_sup) (306 ms)
0.sledgehammer goal.by        118226ms Ordered_Resolution_Prover.Proving_Process 147:5279  some (SH 118225ms, ATP 4604ms): Try this: by (smt (verit, best) DiffI Un_iff derive.cases le_iff_sup) (613 ms)
0.sledgehammer goal.using      8786ms Ordered_Resolution_Prover.Proving_Process 151:5359  some (SH 8785ms, ATP 552ms): Try this: by (smt (z3) Suc.prems(1) c_in le_neq_implies_less) (29 ms)
0.sledgehammer goal.by         5584ms Ordered_Resolution_Prover.Proving_Process 151:5374  some (SH 5582ms, ATP 700ms): Try this: by (smt (verit, best) le_neq_implies_less) (92 ms)
0.sledgehammer goal.unfolding 51425ms Ordered_Resolution_Prover.Proving_Process 156:5480  some (SH 51424ms, ATP 1019ms): Try this: by (smt (verit) Diff_iff Sup_llist_imp_exists_index chain_not_lnull deriv not_Liminf_llist_imp_exists_index subsetI) (242 ms)
0.sledgehammer goal.by        24039ms Ordered_Resolution_Prover.Proving_Process 156:5521  timeout (SH 24038ms): Timed out
0.sledgehammer goal.using     17198ms Ordered_Resolution_Prover.Proving_Process 158:5608  some (SH 17194ms, ATP 562ms): Try this: by (smt (z3) Rf_mono lu_ll) (24 ms)
0.sledgehammer goal.by         4440ms Ordered_Resolution_Prover.Proving_Process 158:5628  some (SH 4440ms, ATP 716ms): Try this: by (smt (z3)) (87 ms)
0.sledgehammer goal.using      6540ms Ordered_Resolution_Prover.Proving_Process 160:5714  some (SH 6539ms, ATP 560ms): Try this: by (smt (verit, best) Ri_mono lu_ll) (53 ms)
0.sledgehammer goal.by         4459ms Ordered_Resolution_Prover.Proving_Process 160:5734  some (SH 4458ms, ATP 738ms): Try this: by (smt (z3)) (92 ms)
0.sledgehammer goal.using     60810ms Ordered_Resolution_Prover.Proving_Process 162:5796  some (SH 60809ms, ATP 1033ms): Try this: by (smt (z3) Rf_indep dual_order.refl order_trans rf) (107 ms)
0.sledgehammer goal.by        46872ms Ordered_Resolution_Prover.Proving_Process 162:5814  some (SH 46872ms, ATP 724ms): Try this: by (smt (verit, ccfv_SIG) dual_order.refl order_trans) (135 ms)
0.sledgehammer goal.using     76890ms Ordered_Resolution_Prover.Proving_Process 164:5877  some (SH 76889ms, ATP 789ms): Try this: by (smt (verit, ccfv_threshold) Ri_indep dual_order.refl dual_order.trans ri) (101 ms)
0.sledgehammer goal.by        81515ms Ordered_Resolution_Prover.Proving_Process 164:5895  some (SH 81514ms, ATP 891ms): Try this: by (smt (verit, best) dual_order.refl dual_order.trans) (87 ms)
0.sledgehammer goal.proof     24170ms Ordered_Resolution_Prover.Proving_Process 167:5969  timeout (SH 24169ms): Timed out
0.sledgehammer goal.using      9141ms Ordered_Resolution_Prover.Proving_Process 170:6058  some (SH 9138ms, ATP 767ms): Try this: by (smt (verit, ccfv_threshold) deriv sat_preserving_redundancy_criterion.deriv_sat_preserving sat_preserving_redundancy_criterion_axioms) (343 ms)
0.sledgehammer goal.by         5605ms Ordered_Resolution_Prover.Proving_Process 170:6091  some (SH 5604ms, ATP 911ms): Try this: by (smt (z3)) (417 ms)
0.sledgehammer goal.using      8805ms Ordered_Resolution_Prover.Proving_Process 172:6151  some (SH 8804ms, ATP 1258ms): Try this: by (smt (verit, best) Liminf_llist_subset_Sup_llist unsatisfiable_mono) (269 ms)
0.sledgehammer goal.by         5264ms Ordered_Resolution_Prover.Proving_Process 172:6206  some (SH 5262ms, ATP 775ms): Try this: by (smt (z3)) (64 ms)
0.sledgehammer goal.using      8152ms Ordered_Resolution_Prover.Proving_Process 176:6334  some (SH 8151ms, ATP 975ms): Try this: by (smt (verit, best) lu_ll true_clss_mono) (127 ms)
0.sledgehammer goal.by         7694ms Ordered_Resolution_Prover.Proving_Process 176:6365  some (SH 7693ms, ATP 1124ms): Try this: by (smt (z3)) (105 ms)
0.sledgehammer goal.using      7358ms Ordered_Resolution_Prover.Proving_Process 178:6423  some (SH 7356ms, ATP 964ms): Try this: by (smt (z3) Rf_sat) (90 ms)
0.sledgehammer goal.by         5400ms Ordered_Resolution_Prover.Proving_Process 178:6436  some (SH 5399ms, ATP 944ms): Try this: by (smt (z3)) (283 ms)
0.sledgehammer goal.using     23202ms Ordered_Resolution_Prover.Proving_Process 180:6488  some (SH 23201ms, ATP 2115ms): Try this: by (smt (z3) chain_not_lnull deriv lhd_subset_Sup_llist true_clss_mono) (45 ms)
0.sledgehammer goal.by         7061ms Ordered_Resolution_Prover.Proving_Process 180:6552  some (SH 7060ms, ATP 1924ms): Try this: by (smt (z3)) (296 ms)
0.sledgehammer goal.using     84112ms Ordered_Resolution_Prover.Proving_Process 189:6739  some (SH 84112ms, ATP 855ms): Try this: apply (smt (z3) Liminf_llist_subset_Sup_llist Rf_Sup_subset_Rf_Liminf assms redundancy_criterion.Rf_mono redundancy_criterion_axioms subset_antisym) (194 ms)
0.sledgehammer goal.by        62847ms Ordered_Resolution_Prover.Proving_Process 190:6753  some (SH 62846ms, ATP 968ms): Try this: apply (smt (z3) Liminf_llist_subset_Sup_llist Rf_Sup_subset_Rf_Liminf redundancy_criterion.Rf_mono redundancy_criterion_axioms subset_antisym) (163 ms)
0.sledgehammer goal.unfolding 126311ms Ordered_Resolution_Prover.Proving_Process 226:7756  some (SH 126310ms, ATP 2221ms): Try this: by (smt (z3) Diff_iff Ri_indep Ri_limit_Sup Ri_mono deriv effective_redundancy_criterion.Ri_effective effective_redundancy_criterion_axioms fair fair_clss_seq_def image_subset_iff inference_system.inferences_from_def mem_Collect_eq saturated_upto_def subsetI subset_antisym) (757 ms)
0.sledgehammer goal.proof     154665ms Ordered_Resolution_Prover.Proving_Process 227:7785  timeout (SH 154664ms):
0.sledgehammer goal.proof     154739ms Ordered_Resolution_Prover.Proving_Process 232:7926  timeout (SH 154739ms):
0.sledgehammer goal.using     156310ms Ordered_Resolution_Prover.Proving_Process 235:7995  some (SH 156309ms, ATP 1062ms): Try this: by (smt (z3) Diff_subset Rf_Sup_subset_Rf_Liminf Rf_limit_Sup Ri_indep Ri_mono deriv subset_antisym) (177 ms)
0.sledgehammer goal.by        139948ms Ordered_Resolution_Prover.Proving_Process 235:8009  some (SH 139947ms, ATP 1110ms): Try this: by (smt (z3) Diff_subset Rf_Sup_subset_Rf_Liminf Rf_limit_Sup Ri_indep deriv subset_antisym) (142 ms)
0.sledgehammer goal.using      6222ms Ordered_Resolution_Prover.Proving_Process 239:8133  some (SH 6221ms, ATP 586ms): Try this: by (smt (z3) fair fair_clss_seq_def) (41 ms)
0.sledgehammer goal.unfolding  4951ms Ordered_Resolution_Prover.Proving_Process 239:8144  some (SH 4951ms, ATP 552ms): Try this: by (smt (z3) fair_clss_seq_def) (46 ms)
0.sledgehammer goal.using     92223ms Ordered_Resolution_Prover.Proving_Process 241:8250  some (SH 92222ms, ATP 1362ms): Try this: by (smt (cvc5, noematch) Diff_iff False \<gamma> image_subset_iff) (368 ms)
0.sledgehammer goal.by        29491ms Ordered_Resolution_Prover.Proving_Process 241:8264  some (SH 29490ms, ATP 1326ms): Try this: by (smt (cvc5, trigger_relev) Diff_iff image_subset_iff) (275 ms)
0.sledgehammer goal.using     55540ms Ordered_Resolution_Prover.Proving_Process 246:8380  some (SH 55539ms, ATP 2500ms): Try this: by (smt (z3) Ri_effective \<gamma> calculation inference_system.inferences_from_def mem_Collect_eq) (105 ms)
0.sledgehammer goal.by        18463ms Ordered_Resolution_Prover.Proving_Process 246:8421  some (SH 18462ms, ATP 2313ms): Try this: by (smt (verit, del_insts) calculation mem_Collect_eq) (79 ms)
0.sledgehammer goal.using      7053ms Ordered_Resolution_Prover.Proving_Process 248:8481  some (SH 7052ms, ATP 664ms): Try this: by (smt (verit) Ri_limit_Sup deriv) (45 ms)
0.sledgehammer goal.by         5029ms Ordered_Resolution_Prover.Proving_Process 248:8517  some (SH 5029ms, ATP 646ms): Try this: by (smt (verit, del_insts) Ri_limit_Sup) (40 ms)
0.sledgehammer goal.using      6760ms Ordered_Resolution_Prover.Proving_Process 254:8656  some (SH 6759ms, ATP 709ms): Try this: by (smt (verit, ccfv_SIG) Rf_limit_Sup deriv) (39 ms)
0.sledgehammer goal.by         5115ms Ordered_Resolution_Prover.Proving_Process 254:8692  some (SH 5114ms, ATP 614ms): Try this: by (smt (verit, best) Rf_limit_Sup) (31 ms)
0.sledgehammer goal.using     80030ms Ordered_Resolution_Prover.Proving_Process 256:8752  some (SH 80029ms, ATP 1538ms): Try this: by (smt (z3) Ri_effective Ri_limit_Sup \<gamma> calculation(1) deriv inference_system.inferences_from_def mem_Collect_eq) (221 ms)
0.sledgehammer goal.by        39149ms Ordered_Resolution_Prover.Proving_Process 256:8793  some (SH 39149ms, ATP 1155ms): Try this: by (smt (verit, best) Ri_limit_Sup calculation(1) deriv mem_Collect_eq) (213 ms)
0.sledgehammer goal.by        25545ms Ordered_Resolution_Prover.Proving_Process 259:8860  some (SH 25544ms, ATP 576ms): Try this: by (smt (z3) Un_iff) (26 ms)
0.sledgehammer goal.by        24516ms Ordered_Resolution_Prover.Proving_Process 280:9264  timeout (SH 24515ms): Timed out
0.sledgehammer goal.unfolding 210812ms Ordered_Resolution_Prover.Proving_Process 283:9393  some (SH 210810ms, ATP 1375ms): Try this: by (smt (z3) Diff_empty image_subset_iff inferences_from_def mem_Collect_eq saturated_upto_def subset_eq trivial_redundancy_criterion.Rf_def trivial_redundancy_criterion.Ri_def) (849 ms)
0.sledgehammer goal.by        26182ms Ordered_Resolution_Prover.Proving_Process 283:9456  some (SH 26181ms, ATP 580ms): Try this: by (smt (verit) Diff_empty image_subset_iff mem_Collect_eq subset_eq) (353 ms)
0.sledgehammer goal.using     58853ms Ordered_Resolution_Prover.Proving_Process 295:9762  some (SH 58851ms, ATP 628ms): Try this: by (smt (cvc5) Diff_subset Un_iff assms(1,2) redundancy_criterion_def subset_eq)
0.sledgehammer goal.unfolding 53852ms Ordered_Resolution_Prover.Proving_Process 295:9774  some (SH 53851ms, ATP 601ms): Try this: by (smt (cvc5) Diff_subset Un_iff redundancy_criterion_def subset_eq)
0.sledgehammer goal.by        86023ms Ordered_Resolution_Prover.Proving_Process 295:9809  some (SH 86023ms, ATP 4613ms): Try this: by (smt (cvc5) Diff_subset set_eq_subset sup.boundedI sup.mono sup_ge2)
0.sledgehammer goal.using     24847ms Ordered_Resolution_Prover.Proving_Process 301:10112  timeout (SH 24846ms): Timed out
0.sledgehammer goal.unfolding 23544ms Ordered_Resolution_Prover.Proving_Process 303:10250  timeout (SH 23541ms): Timed out
0.sledgehammer goal.by        23694ms Ordered_Resolution_Prover.Proving_Process 303:10297  timeout (SH 23692ms): Timed out
0.sledgehammer goal.using     46848ms Ordered_Resolution_Prover.Proving_Process 308:10499  some (SH 46844ms, ATP 967ms): Try this: by (smt (cvc5) Diff_partition Un_iff assms(1,2) effective_redundancy_criterion_axioms_def effective_redundancy_criterion_def redundancy_criterion_def set_eq_subset sup.mono)
0.sledgehammer goal.unfolding 53968ms Ordered_Resolution_Prover.Proving_Process 309:10559  some (SH 53967ms, ATP 1135ms): Try this: by (smt (cvc5) Diff_partition Un_iff effective_redundancy_criterion_axioms_def effective_redundancy_criterion_def redundancy_criterion_def subset_Un_eq sup.mono sup_idem)
0.sledgehammer goal.by        46246ms Ordered_Resolution_Prover.Proving_Process 309:10646  some (SH 46244ms, ATP 629ms): Try this: by (smt (cvc5) Diff_idemp Diff_partition Diff_subset Diff_subset_conv Un_iff redundancy_criterion_def sup.mono)
0.sledgehammer goal.using     23595ms Ordered_Resolution_Prover.Proving_Process 315:10925  timeout (SH 23594ms): Timed out
0.sledgehammer goal.unfolding 23775ms Ordered_Resolution_Prover.Proving_Process 318:11162  timeout (SH 23772ms): Timed out
0.sledgehammer goal.by        23887ms Ordered_Resolution_Prover.Proving_Process 318:11217  timeout (SH 23885ms): Timed out
0.sledgehammer goal.proof     55388ms Ordered_Resolution_Prover.Proving_Process 328:11691  some (SH 55385ms, ATP 2314ms): Try this: by (smt (verit, ccfv_SIG) deriv effective_redundancy_criterion_def fair red red' redundancy_criterion.saturated_upto_def redundancy_criterion_standard_extension redundancy_criterion_standard_extension_saturated_upto_iff sat_preserving_effective_redundancy_criterion.fair_derive_saturated_upto sat_preserving_effective_redundancy_criterion_def subs) (174 ms)
0.sledgehammer goal.by         9732ms Ordered_Resolution_Prover.Proving_Process 330:11794  some (SH 9731ms, ATP 665ms): Try this: by (smt (z3) deriv fair red' sat_preserving_effective_redundancy_criterion.fair_derive_saturated_upto) (132 ms)
0.sledgehammer goal.by        65228ms Ordered_Resolution_Prover.Proving_Process 333:11930  some (SH 65228ms, ATP 512ms): Try this: by (smt (verit) effective_redundancy_criterion_def red red' redundancy_criterion.saturated_upto_def redundancy_criterion_standard_extension redundancy_criterion_standard_extension_saturated_upto_iff sat_preserving_effective_redundancy_criterion_def subs) (200 ms)
0.sledgehammer goal.proof     155002ms Ordered_Resolution_Prover.Standard_Redundancy 38:1203  timeout (SH 155001ms):
0.sledgehammer goal.using     127731ms Ordered_Resolution_Prover.Standard_Redundancy 40:1291  some (SH 127731ms, ATP 907ms): Try this: by (smt (z3) assms(1,2) empty_iff empty_subsetI pos_neg_in_imp_true set_mset_empty) (204 ms)
0.sledgehammer goal.by        110814ms Ordered_Resolution_Prover.Standard_Redundancy 40:1303  some (SH 110811ms, ATP 1177ms): Try this: by (smt (z3) empty_iff empty_subsetI pos_neg_in_imp_true set_mset_empty) (389 ms)
0.sledgehammer goal.unfolding 47047ms Ordered_Resolution_Prover.Standard_Redundancy 42:1338  some (SH 47045ms, ATP 3180ms): Try this: by (smt (cvc5, trigger_last) Rf_def mem_Collect_eq) (1.4 s)
0.sledgehammer goal.by        22227ms Ordered_Resolution_Prover.Standard_Redundancy 42:1355  some (SH 22227ms, ATP 1848ms): Try this: by (smt (cvc5, quant_saturate) mem_Collect_eq) (1.1 s)
0.sledgehammer goal.by        155370ms Ordered_Resolution_Prover.Standard_Redundancy 50:1510  timeout (SH 155369ms):
0.sledgehammer goal.unfolding 23769ms Ordered_Resolution_Prover.Standard_Redundancy 53:1667  timeout (SH 23768ms): Timed out
0.sledgehammer goal.by        23181ms Ordered_Resolution_Prover.Standard_Redundancy 53:1684  timeout (SH 23179ms): Timed out
0.sledgehammer goal.unfolding 100595ms Ordered_Resolution_Prover.Standard_Redundancy 61:1854  some (SH 100591ms, ATP 284ms): Try this: by (smt (cvc5, trigger_relev) Rf_def dual_order.trans mem_Collect_eq subsetI) (588 ms)
0.sledgehammer goal.by        98252ms Ordered_Resolution_Prover.Standard_Redundancy 61:1871  some (SH 98251ms, ATP 1497ms): Try this: by (smt (verit, ccfv_SIG) Collect_mono order_trans) (1.9 s)
0.sledgehammer goal.proof     23678ms Ordered_Resolution_Prover.Standard_Redundancy 66:2086  timeout (SH 23678ms): Timed out
0.sledgehammer goal.by        46811ms Ordered_Resolution_Prover.Standard_Redundancy 69:2220  some (SH 46807ms, ATP 2705ms): Try this: by (smt (verit, best) mem_Collect_eq) (392 ms)
0.sledgehammer goal.using     23940ms Ordered_Resolution_Prover.Standard_Redundancy 73:2425  timeout (SH 23939ms): Timed out
0.sledgehammer goal.unfolding 24175ms Ordered_Resolution_Prover.Standard_Redundancy 74:2499  timeout (SH 24172ms): Timed out
0.sledgehammer goal.by        23738ms Ordered_Resolution_Prover.Standard_Redundancy 74:2527  timeout (SH 23734ms): Timed out
0.sledgehammer goal.by        12482ms Ordered_Resolution_Prover.Standard_Redundancy 81:2800  some (SH 12478ms, ATP 688ms): Try this: by (smt (verit, best)) (1.2 s)
0.sledgehammer goal.proof     24557ms Ordered_Resolution_Prover.Standard_Redundancy 84:2847  timeout (SH 24555ms): Timed out
0.sledgehammer goal.unfolding 50128ms Ordered_Resolution_Prover.Standard_Redundancy 94:3109  some (SH 50125ms, ATP 1152ms): Try this: by (smt (cvc5, quant_saturate) Rf_def mem_Collect_eq) (1.2 s)
0.sledgehammer goal.by        23213ms Ordered_Resolution_Prover.Standard_Redundancy 94:3126  some (SH 23213ms, ATP 921ms): Try this: by (smt (verit, best) mem_Collect_eq) (1.6 s)
0.sledgehammer goal.unfolding 100012ms Ordered_Resolution_Prover.Standard_Redundancy 100:3224  some (SH 100011ms, ATP 1447ms): Try this: by (smt (cvc5, fmf) DDa_def Orderings.order_eq_iff \<open>\<exists>DD. set_mset DD \<subseteq> N \<and> (\<forall>I. I \<Turnstile>m DD + CC \<longrightarrow> I \<Turnstile> E) \<and> (\<forall>D'. D' \<in># DD \<longrightarrow> D' < D) \<and> (\<forall>DD'. set_mset DD' \<subseteq> N \<and> (\<forall>I. I \<Turnstile>m DD' + CC \<longrightarrow> I \<Turnstile> E) \<and> (\<forall>D'. D' \<in># DD' \<longrightarrow> D' < D) \<longrightarrow> DD \<le> DD')\<close> add.right_neutral da_in_dd dd'_subs_n dd_lt_d dd_subs_n ddcc_imp_e insert_DiffM subset_eq union_iff union_mset_add_mset_right) (136 ms)
0.sledgehammer goal.using     153273ms Ordered_Resolution_Prover.Standard_Redundancy 100:3242  timeout (SH 153272ms):
0.sledgehammer goal.by        70150ms Ordered_Resolution_Prover.Standard_Redundancy 101:3275  some (SH 70149ms, ATP 1152ms): Try this: by (smt (z3) in_diffD subset_eq union_iff) (484 ms)
0.sledgehammer goal.using     155600ms Ordered_Resolution_Prover.Standard_Redundancy 103:3380  some (SH 155600ms, ATP 997ms): Try this: by (smt (verit, ccfv_threshold) DDa_def da_in_dd dd'_imp_da ddcc_imp_e insert_DiffM2 true_cls_mset_add_mset true_cls_mset_empty true_cls_mset_union) (279 ms)
0.sledgehammer goal.unfolding 71072ms Ordered_Resolution_Prover.Standard_Redundancy 103:3417  some (SH 71071ms, ATP 1023ms): Try this: by (smt (z3) DDa_def single_subset_iff subset_mset.add_diff_inverse true_cls_mset_add_mset true_cls_mset_empty true_cls_mset_union) (109 ms)
0.sledgehammer goal.by        113036ms Ordered_Resolution_Prover.Standard_Redundancy 104:3459  some (SH 113035ms, ATP 3441ms): Try this: by (smt (cvc5, trigger_last) single_subset_iff subset_mset.add_diff_inverse true_cls_mset_singleton true_cls_mset_true_cls union_iff) (576 ms)
0.sledgehammer goal.using     220340ms Ordered_Resolution_Prover.Standard_Redundancy 106:3550  some (SH 220339ms, ATP 813ms): Try this: by (smt (z3) DDa_def da_in_dd dd'_lt_da dd_lt_d mset_le_trans single_subset_iff subset_mset.add_diff_inverse union_iff) (158 ms)
0.sledgehammer goal.unfolding 139250ms Ordered_Resolution_Prover.Standard_Redundancy 106:3583  some (SH 139249ms, ATP 1166ms): Try this: by (smt (z3) DDa_def mset_le_trans single_subset_iff subset_mset.add_diff_inverse union_iff) (337 ms)
0.sledgehammer goal.by        113639ms Ordered_Resolution_Prover.Standard_Redundancy 107:3607  some (SH 113638ms, ATP 1148ms): Try this: by (smt (z3) mset_le_trans single_subset_iff subset_mset.add_diff_inverse union_iff) (264 ms)
0.sledgehammer goal.unfolding 24333ms Ordered_Resolution_Prover.Standard_Redundancy 109:3696  timeout (SH 24332ms): Timed out
0.sledgehammer goal.by        82901ms Ordered_Resolution_Prover.Standard_Redundancy 110:3720  some (SH 82897ms, ATP 2420ms): Try this: by (smt (cvc5, trigger_last) da_in_dd dd'_lt_da insert_DiffM2 mset_lt_single_right_iff union_le_mono2) (152 ms)
0.sledgehammer goal.using     15757ms Ordered_Resolution_Prover.Standard_Redundancy 112:3844  some (SH 15756ms, ATP 978ms): Try this: by (smt (verit, best) d_min linorder_not_le) (261 ms)
0.sledgehammer goal.unfolding 14981ms Ordered_Resolution_Prover.Standard_Redundancy 112:3856  some (SH 14981ms, ATP 1001ms): Try this: by (smt (verit, ccfv_threshold) linorder_not_le) (518 ms)
0.sledgehammer goal.by        22634ms Ordered_Resolution_Prover.Standard_Redundancy 112:3887  some (SH 22633ms, ATP 981ms): Try this: by (smt (verit, del_insts) d_min linorder_not_le) (381 ms)
0.sledgehammer goal.using     125206ms Ordered_Resolution_Prover.Standard_Redundancy 115:3943  some (SH 125204ms, ATP 1024ms): Try this: by (smt (cvc5, noematch) Diff_iff dd_lt_d dd_subs_n ddcc_imp_e subset_eq) (678 ms)
0.sledgehammer goal.by        81142ms Ordered_Resolution_Prover.Standard_Redundancy 115:3978  some (SH 81141ms, ATP 1097ms): Try this: by (smt (cvc5, trigger_last) Diff_iff subset_eq) (363 ms)
0.sledgehammer goal.using     23956ms Ordered_Resolution_Prover.Standard_Redundancy 121:4127  timeout (SH 23955ms): Timed out
0.sledgehammer goal.by        23224ms Ordered_Resolution_Prover.Standard_Redundancy 121:4139  timeout (SH 23221ms): Timed out
0.sledgehammer goal.proof     158807ms Ordered_Resolution_Prover.Standard_Redundancy 124:4255  timeout (SH 158802ms):
0.sledgehammer goal.using     10863ms Ordered_Resolution_Prover.Standard_Redundancy 131:4442  some (SH 10862ms, ATP 1009ms): Try this: by (smt (verit) Rf_imp_ex_non_Rf) (854 ms)
0.sledgehammer goal.by        10832ms Ordered_Resolution_Prover.Standard_Redundancy 131:4465  some (SH 10832ms, ATP 1186ms): Try this: by (smt (verit, best)) (1.3 s)
0.sledgehammer goal.using     36199ms Ordered_Resolution_Prover.Standard_Redundancy 133:4510  some (SH 36198ms, ATP 957ms): Try this: by (smt (cvc5, best) Diff_iff cc_subs subset_eq) (303 ms)
0.sledgehammer goal.by        25763ms Ordered_Resolution_Prover.Standard_Redundancy 133:4524  some (SH 25761ms, ATP 1191ms): Try this: by (smt (z3) Diff_iff subset_eq) (477 ms)
0.sledgehammer goal.unfolding 51158ms Ordered_Resolution_Prover.Standard_Redundancy 136:4660  some (SH 51157ms, ATP 2367ms): Try this: by (smt (verit, best) mem_Collect_eq standard_redundancy_criterion.Rf_def) (1.6 s)
0.sledgehammer goal.by        29493ms Ordered_Resolution_Prover.Standard_Redundancy 136:4677  some (SH 29492ms, ATP 4001ms): Try this: by (smt (verit, ccfv_threshold) mem_Collect_eq) (1.3 s)
0.sledgehammer goal.using     46951ms Ordered_Resolution_Prover.Standard_Redundancy 138:4720  some (SH 46950ms, ATP 844ms): Try this: by (smt (cvc5, best) Diff_subset cc_subs order_trans) (101 ms)
0.sledgehammer goal.by        24599ms Ordered_Resolution_Prover.Standard_Redundancy 138:4734  some (SH 24598ms, ATP 710ms): Try this: by (smt (verit, ccfv_SIG) Diff_subset order_trans) (132 ms)
0.sledgehammer goal.using     154546ms Ordered_Resolution_Prover.Standard_Redundancy 141:4856  timeout (SH 154546ms):
0.sledgehammer goal.by        87251ms Ordered_Resolution_Prover.Standard_Redundancy 141:4868  some (SH 87250ms, ATP 386ms): Try this: by (smt (cvc5, best) Collect_cong cc_subs standard_redundancy_criterion.Rf_def) (1.3 s)
0.sledgehammer goal.using     153771ms Ordered_Resolution_Prover.Standard_Redundancy 143:4913  timeout (SH 153770ms):
0.sledgehammer goal.unfolding 153341ms Ordered_Resolution_Prover.Standard_Redundancy 143:4936  timeout (SH 153340ms):
0.sledgehammer goal.by        23608ms Ordered_Resolution_Prover.Standard_Redundancy 143:4953  some (SH 23607ms, ATP 2313ms): Try this: by (smt (verit, best) mem_Collect_eq) (1.1 s)
0.sledgehammer goal.by        95688ms Ordered_Resolution_Prover.Standard_Redundancy 147:5015  some (SH 95688ms, ATP 727ms): Try this: by (smt (verit, ccfv_threshold) Diff_subset Rf_mono Rf_subs_Rf_diff_Rf subset_antisym) (188 ms)
0.sledgehammer goal.unfolding 79369ms Ordered_Resolution_Prover.Standard_Redundancy 154:5179  some (SH 79368ms, ATP 400ms): Try this: by (smt (cvc5, quant_saturate) Collect_mono dual_order.trans redundant_infer_def standard_redundancy_criterion.Ri_def) (803 ms)
0.sledgehammer goal.by        58864ms Ordered_Resolution_Prover.Standard_Redundancy 154:5216  some (SH 58863ms, ATP 962ms): Try this: by (smt (cvc5, best) Collect_mono order_trans) (2.2 s)
0.sledgehammer goal.proof     24789ms Ordered_Resolution_Prover.Standard_Redundancy 157:5274  timeout (SH 24788ms): Timed out
0.sledgehammer goal.by         9217ms Ordered_Resolution_Prover.Standard_Redundancy 161:5367  some (SH 9215ms, ATP 179ms): Try this: by (smt (z3) inference.collapse) (140 ms)
0.sledgehammer goal.unfolding  5806ms Ordered_Resolution_Prover.Standard_Redundancy 163:5470  some (SH 5803ms, ATP 674ms): Try this: apply (smt (verit) \<gamma> inference.sel(1)) (31 ms)
0.sledgehammer goal.by         4607ms Ordered_Resolution_Prover.Standard_Redundancy 163:5482  some (SH 4606ms, ATP 641ms): Try this: apply (smt (verit) inference.sel(1)) (29 ms)
0.sledgehammer goal.using     188664ms Ordered_Resolution_Prover.Standard_Redundancy 166:5595  some (SH 188663ms, ATP 1431ms): Try this: by (smt (cvc5, best) \<gamma>_ri cc d e mem_Collect_eq redundant_infer_def standard_redundancy_criterion.Ri_def) (571 ms)
0.sledgehammer goal.unfolding 153015ms Ordered_Resolution_Prover.Standard_Redundancy 166:5606  timeout (SH 153014ms):
0.sledgehammer goal.by        25904ms Ordered_Resolution_Prover.Standard_Redundancy 166:5650  some (SH 25903ms, ATP 750ms): Try this: by (smt (cvc5, best) mem_Collect_eq) (1.3 s)
0.sledgehammer goal.using     23552ms Ordered_Resolution_Prover.Standard_Redundancy 169:5779  timeout (SH 23550ms): Timed out
0.sledgehammer goal.by        23154ms Ordered_Resolution_Prover.Standard_Redundancy 169:5797  timeout (SH 23148ms): Timed out
0.sledgehammer goal.using     154436ms Ordered_Resolution_Prover.Standard_Redundancy 171:5855  timeout (SH 154433ms):
0.sledgehammer goal.unfolding 154300ms Ordered_Resolution_Prover.Standard_Redundancy 171:5866  timeout (SH 154299ms):
0.sledgehammer goal.by        13855ms Ordered_Resolution_Prover.Standard_Redundancy 171:5910  some (SH 13854ms, ATP 1223ms): Try this: by (smt (cvc5, term_relev) mem_Collect_eq) (2.0 s)
0.sledgehammer goal.by        64691ms Ordered_Resolution_Prover.Standard_Redundancy 175:5973  some (SH 64691ms, ATP 932ms): Try this: by (smt (z3) Diff_subset Ri_mono Ri_subs_Ri_diff_Rf subset_antisym) (128 ms)
0.sledgehammer goal.unfolding  8979ms Ordered_Resolution_Prover.Standard_Redundancy 178:6071  some (SH 8978ms, ATP 1172ms): Try this: by (smt (verit) Ri_def mem_Collect_eq subsetI) (157 ms)
0.sledgehammer goal.by         8632ms Ordered_Resolution_Prover.Standard_Redundancy 178:6088  some (SH 8629ms, ATP 875ms): Try this: by (smt (verit, best) mem_Collect_eq subsetI) (140 ms)
0.sledgehammer goal.by        30034ms Ordered_Resolution_Prover.Standard_Redundancy 181:6149  some (SH 30031ms, ATP 1574ms): Try this: by (smt (verit, del_insts) Diff_mono Rf_eq_Rf_diff_Rf Rf_mono dual_order.refl) (53 ms)
0.sledgehammer goal.by        60827ms Ordered_Resolution_Prover.Standard_Redundancy 184:6277  some (SH 60826ms, ATP 1219ms): Try this: by (smt (verit, best) Diff_mono Ri_eq_Ri_diff_Rf Ri_mono dual_order.refl) (200 ms)
0.sledgehammer goal.proof     141239ms Ordered_Resolution_Prover.Standard_Redundancy 189:6394  some (SH 141238ms, ATP 1121ms): Try this: by (smt (z3) Diff_iff Rf_imp_ex_non_Rf assms true_clss_def true_clss_mono true_clss_set_mset) (251 ms)
0.sledgehammer goal.unfolding 135228ms Ordered_Resolution_Prover.Standard_Redundancy 191:6434  some (SH 135226ms, ATP 1280ms): Try this: by (smt (verit, del_insts) Rf_eq_Rf_diff_Rf Rf_imp_ex_non_Rf assms true_clss_def true_clss_mono true_clss_set_mset) (423 ms)
0.sledgehammer goal.by        112995ms Ordered_Resolution_Prover.Standard_Redundancy 192:6462  some (SH 112994ms, ATP 1423ms): Try this: by (smt (verit) Rf_eq_Rf_diff_Rf Rf_imp_ex_non_Rf assms true_clss_mono true_clss_set_mset) (245 ms)
0.sledgehammer goal.using      4797ms Ordered_Resolution_Prover.Standard_Redundancy 194:6574  some (SH 4796ms, ATP 603ms): Try this: by (smt (verit) Rf_eq_Rf_diff_Rf) (28 ms)
0.sledgehammer goal.by         4929ms Ordered_Resolution_Prover.Standard_Redundancy 194:6614  some (SH 4928ms, ATP 668ms): Try this: by (smt (verit, best)) (93 ms)
0.sledgehammer goal.using     41885ms Ordered_Resolution_Prover.Standard_Redundancy 196:6647  some (SH 41884ms, ATP 918ms): Try this: by (smt (cvc5, trigger_last) Diff_iff assms true_clss_def) (386 ms)
0.sledgehammer goal.by        28954ms Ordered_Resolution_Prover.Standard_Redundancy 196:6659  some (SH 28953ms, ATP 974ms): Try this: by (smt (cvc5, trigger_max) Diff_iff true_clss_def) (265 ms)
0.sledgehammer goal.by         8615ms Ordered_Resolution_Prover.Standard_Redundancy 200:6763  some (SH 8614ms, ATP 836ms): Try this: by (smt (verit, ccfv_threshold) Rf_model) (46 ms)
0.sledgehammer goal.by        154937ms Ordered_Resolution_Prover.Standard_Redundancy 207:6877  timeout (SH 154936ms):
0.sledgehammer goal.proof     23829ms Ordered_Resolution_Prover.Standard_Redundancy 224:7261  timeout (SH 23828ms): Timed out
0.sledgehammer goal.by         8444ms Ordered_Resolution_Prover.Standard_Redundancy 227:7321  some (SH 8442ms, ATP 798ms): Try this: by (smt (verit, ccfv_threshold) inference.collapse) (123 ms)
0.sledgehammer goal.unfolding  5018ms Ordered_Resolution_Prover.Standard_Redundancy 229:7429  some (SH 5016ms, ATP 533ms): Try this: apply (smt (verit, ccfv_threshold) inference.sel(1)) (33 ms)
0.sledgehammer goal.by         5438ms Ordered_Resolution_Prover.Standard_Redundancy 229:7441  some (SH 5437ms, ATP 706ms): Try this: apply (smt (verit, ccfv_SIG) inference.sel(1)) (21 ms)
0.sledgehammer goal.using      8879ms Ordered_Resolution_Prover.Standard_Redundancy 235:7565  some (SH 8879ms, ATP 616ms): Try this: by (smt (verit) \<Gamma>_reductive d e in_\<gamma>) (51 ms)
0.sledgehammer goal.by         4412ms Ordered_Resolution_Prover.Standard_Redundancy 235:7592  some (SH 4409ms, ATP 590ms): Try this: by (smt (z3)) (100 ms)
0.sledgehammer goal.by        65742ms Ordered_Resolution_Prover.Standard_Redundancy 238:7719  some (SH 65741ms, ATP 899ms): Try this: apply (smt (verit) set_mset_add_mset_insert set_mset_empty singletonD subsetI) (344 ms)
0.sledgehammer goal.using     136535ms Ordered_Resolution_Prover.Standard_Redundancy 240:7773  some (SH 136534ms, ATP 978ms): Try this: by (smt (cvc5, best) cc d e redundant_infer_def) (529 ms)
0.sledgehammer goal.by         8865ms Ordered_Resolution_Prover.Standard_Redundancy 240:7806  some (SH 8864ms, ATP 963ms): Try this: by (smt (cvc5, best)) (1.3 s)
0.sledgehammer goal.unfolding 116368ms Ordered_Resolution_Prover.Standard_Redundancy 249:8006  some (SH 116367ms, ATP 1086ms): Try this: by (smt (verit, ccfv_threshold) Diff_subset Rf_imp_ex_non_Rf order_trans) (854 ms)
0.sledgehammer goal.by        143726ms Ordered_Resolution_Prover.Standard_Redundancy 249:8023  some (SH 143725ms, ATP 848ms): Try this: by (smt (verit, ccfv_threshold) Diff_subset Rf_imp_ex_non_Rf \<open>E \<in> Rf N\<close> order_trans) (775 ms)
0.sledgehammer goal.using     12108ms Ordered_Resolution_Prover.Standard_Redundancy 251:8085  some (SH 12107ms, ATP 901ms): Try this: by (smt (z3) \<Gamma>_reductive d e in_\<gamma> mset_le_trans) (119 ms)
0.sledgehammer goal.by         8596ms Ordered_Resolution_Prover.Standard_Redundancy 251:8123  some (SH 8595ms, ATP 851ms): Try this: by (smt (z3)) (269 ms)
0.sledgehammer goal.using     141890ms Ordered_Resolution_Prover.Standard_Redundancy 253:8174  some (SH 141889ms, ATP 2442ms): Try this: by (smt (cvc5, trigger_last) d dd_imp_e dd_sset e redundant_infer_def true_cls_mset_union) (479 ms)
0.sledgehammer goal.by        35215ms Ordered_Resolution_Prover.Standard_Redundancy 253:8224  some (SH 35214ms, ATP 2088ms): Try this: by (smt (verit, ccfv_threshold) true_cls_mset_union) (782 ms)
0.sledgehammer goal.using     81659ms Ordered_Resolution_Prover.Standard_Redundancy 256:8270  some (SH 81659ms, ATP 1061ms): Try this: by (smt (z3) Un_iff concl_of_in_n_un_rf_n e in_\<gamma> mem_Collect_eq standard_redundancy_criterion.Ri_def) (95 ms)
0.sledgehammer goal.unfolding 41988ms Ordered_Resolution_Prover.Standard_Redundancy 256:8296  some (SH 41987ms, ATP 833ms): Try this: by (smt (cvc5, term_relev) Un_iff mem_Collect_eq standard_redundancy_criterion.Ri_def) (92 ms)
0.sledgehammer goal.by        15407ms Ordered_Resolution_Prover.Standard_Redundancy 256:8313  some (SH 15407ms, ATP 978ms): Try this: by (smt (z3) Un_iff mem_Collect_eq) (85 ms)
0.sledgehammer goal.unfolding 33533ms Ordered_Resolution_Prover.Standard_Redundancy 260:8378  some (SH 33532ms, ATP 667ms): Try this: by (smt (cvc5, best) Ri_effective effective_redundancy_criterion.intro effective_redundancy_criterion_axioms_def redundancy_criterion_axioms) (327 ms)
0.sledgehammer goal.by        33330ms Ordered_Resolution_Prover.Standard_Redundancy 261:8425  some (SH 33329ms, ATP 851ms): Try this: by (smt (cvc5, best) Ri_effective effective_redundancy_criterion_axioms_def redundancy_criterion_axioms) (442 ms)
0.sledgehammer goal.unfolding 24400ms Ordered_Resolution_Prover.Standard_Redundancy 264:8553  timeout (SH 24399ms): Timed out
0.sledgehammer goal.using     24202ms Ordered_Resolution_Prover.Standard_Redundancy 264:8590  timeout (SH 24200ms): Timed out
0.sledgehammer goal.by        25456ms Ordered_Resolution_Prover.Standard_Redundancy 265:8634  timeout (SH 25452ms): Timed out
0.sledgehammer goal.proof     24147ms Ordered_Resolution_Prover.Standard_Redundancy 282:9020  timeout (SH 24144ms): Timed out
0.sledgehammer goal.unfolding 11540ms Ordered_Resolution_Prover.Standard_Redundancy 289:9136  some (SH 11538ms, ATP 566ms): Try this: by (smt (cvc5, best) Diff_iff M_def ec_ni_n) (28 ms)
0.sledgehammer goal.using     10527ms Ordered_Resolution_Prover.Standard_Redundancy 289:9152  some (SH 10527ms, ATP 574ms): Try this: by (smt (z3) Diff_iff ec_ni_n) (25 ms)
0.sledgehammer goal.by         4351ms Ordered_Resolution_Prover.Standard_Redundancy 289:9166  some (SH 4351ms, ATP 625ms): Try this: by (smt (z3) Diff_iff) (57 ms)
0.sledgehammer goal.proof     23408ms Ordered_Resolution_Prover.Standard_Redundancy 292:9198  timeout (SH 23407ms): Timed out
0.sledgehammer goal.using     15228ms Ordered_Resolution_Prover.Standard_Redundancy 298:9379  some (SH 15223ms, ATP 1025ms): Try this: by (smt (verit, del_insts) ex_min_counterex) (812 ms)
0.sledgehammer goal.by         9066ms Ordered_Resolution_Prover.Standard_Redundancy 298:9402  some (SH 9065ms, ATP 848ms): Try this: by (smt (verit, ccfv_threshold)) (746 ms)
0.sledgehammer goal.using     60214ms Ordered_Resolution_Prover.Standard_Redundancy 306:9629  some (SH 60213ms, ATP 1460ms): Try this: by (smt (verit, del_insts) \<Gamma>_counterex_reducing ec_ni_m linorder_not_less) (874 ms)
0.sledgehammer goal.by        13484ms Ordered_Resolution_Prover.Standard_Redundancy 306:9677  some (SH 13483ms, ATP 1173ms): Try this: by (smt (verit, ccfv_threshold)) (715 ms)
0.sledgehammer goal.unfolding  5670ms Ordered_Resolution_Prover.Standard_Redundancy 308:9780  some (SH 5670ms, ATP 577ms): Try this: apply (smt (z3) \<gamma> inference.sel(1)) (17 ms)
0.sledgehammer goal.by         4306ms Ordered_Resolution_Prover.Standard_Redundancy 308:9792  some (SH 4305ms, ATP 599ms): Try this: apply (smt (verit) inference.sel(1)) (23 ms)
0.sledgehammer goal.by        23717ms Ordered_Resolution_Prover.Standard_Redundancy 310:9830  timeout (SH 23716ms): Timed out
0.sledgehammer goal.unfolding 12925ms Ordered_Resolution_Prover.Standard_Redundancy 313:10039  some (SH 12922ms, ATP 629ms): Try this: by (smt (verit, del_insts) M_def Ri_eq_Ri_diff_Rf) (33 ms)
0.sledgehammer goal.using      4348ms Ordered_Resolution_Prover.Standard_Redundancy 313:10055  some (SH 4347ms, ATP 664ms): Try this: by (smt (verit) Ri_eq_Ri_diff_Rf) (20 ms)
0.sledgehammer goal.by         8341ms Ordered_Resolution_Prover.Standard_Redundancy 313:10070  some (SH 8340ms, ATP 655ms): Try this: by (smt (verit) Ri_eq_Ri_diff_Rf) (31 ms)
0.sledgehammer goal.unfolding 57021ms Ordered_Resolution_Prover.Standard_Redundancy 318:10235  some (SH 57020ms, ATP 177ms): Try this: by (smt (verit, ccfv_SIG) cc d e mem_Collect_eq redundant_infer_def standard_redundancy_criterion.Ri_def) (316 ms)
0.sledgehammer goal.by        27317ms Ordered_Resolution_Prover.Standard_Redundancy 318:10279  some (SH 27317ms, ATP 1869ms): Try this: by (smt (cvc5, quant_saturate) mem_Collect_eq) (1.2 s)
0.sledgehammer goal.using     65355ms Ordered_Resolution_Prover.Standard_Redundancy 320:10341  some (SH 65354ms, ATP 1060ms): Try this: by (smt (verit, best) d_min subsetD true_cls_mset_def) (172 ms)
0.sledgehammer goal.unfolding 10174ms Ordered_Resolution_Prover.Standard_Redundancy 320:10353  some (SH 10174ms, ATP 1589ms): Try this: by (smt (verit) subsetD true_cls_mset_def) (241 ms)
0.sledgehammer goal.by         8297ms Ordered_Resolution_Prover.Standard_Redundancy 320:10381  some (SH 8296ms, ATP 887ms): Try this: by (smt (z3) subsetD) (231 ms)
0.sledgehammer goal.using     26837ms Ordered_Resolution_Prover.Standard_Redundancy 322:10440  some (SH 26834ms, ATP 855ms): Try this: by (smt (z3) cc_true dd_cc_imp_d true_cls_mset_union) (23 ms)
0.sledgehammer goal.by         8366ms Ordered_Resolution_Prover.Standard_Redundancy 322:10466  some (SH 8364ms, ATP 842ms): Try this: by (smt (verit, ccfv_SIG) true_cls_mset_union) (67 ms)
0.sledgehammer goal.using      4088ms Ordered_Resolution_Prover.Standard_Redundancy 324:10500  some (SH 4086ms, ATP 423ms): Try this: by (smt (verit) e_cex) (10 ms)
0.sledgehammer goal.by         3350ms Ordered_Resolution_Prover.Standard_Redundancy 324:10512  some (SH 3350ms, ATP 477ms): Try this: by (smt (verit, ccfv_threshold)) (12 ms)
0.sledgehammer goal.using     18880ms Ordered_Resolution_Prover.Standard_Redundancy 327:10556  some (SH 18879ms, ATP 620ms): Try this: by (smt (verit, best) M_def Rf_model) (40 ms)
0.sledgehammer goal.by         4433ms Ordered_Resolution_Prover.Standard_Redundancy 327:10577  some (SH 4433ms, ATP 565ms): Try this: by (smt (z3)) (121 ms)
0.sledgehammer goal.using      5484ms Ordered_Resolution_Prover.Standard_Redundancy 329:10608  some (SH 5483ms, ATP 640ms): Try this: by (smt (z3) unsat) (13 ms)
0.sledgehammer goal.by         3979ms Ordered_Resolution_Prover.Standard_Redundancy 329:10620  some (SH 3978ms, ATP 679ms): Try this: by (smt (z3)) (19 ms)
0.sledgehammer goal.using     10599ms Ordered_Resolution_Prover.Standard_Redundancy 335:10734  some (SH 10598ms, ATP 909ms): Try this: by (smt (verit, best) assms saturated_upto_complete_if true_cls_empty true_clss_def) (380 ms)
0.sledgehammer goal.by         7588ms Ordered_Resolution_Prover.Standard_Redundancy 335:10787  some (SH 7588ms, ATP 1005ms): Try this: by (smt (verit, ccfv_threshold) true_cls_empty) (762 ms)
0.sledgehammer goal.by        50401ms Ordered_Resolution_Prover.Map2 23:680  some (SH 50401ms, ATP 1275ms): Try this: by (smt (verit, del_insts) Nil_eq_zip_iff length_0_conv length_map) (432 ms)
0.sledgehammer goal.by        23612ms Ordered_Resolution_Prover.Map2 26:870  timeout (SH 23611ms): Timed out
0.sledgehammer goal.by        132858ms Ordered_Resolution_Prover.Map2 29:959  some (SH 132854ms, ATP 1067ms): Try this: by (smt (verit, del_insts) Nil_eq_zip_iff list.collapse list.sel(2,3) map_tl zip_Cons_Cons) (299 ms)
0.sledgehammer goal.by        23821ms Ordered_Resolution_Prover.Map2 33:1166  timeout (SH 23820ms): Timed out
0.sledgehammer goal.proof     57374ms Ordered_Resolution_Prover.Map2 38:1370  some (SH 57370ms, ATP 2139ms): Try this: by (smt (z3) Collect_cong assms case_prod_conv length_map length_zip min_less_iff_conj nth_map nth_zip set_conv_nth) (1.8 s)
0.sledgehammer goal.by         7003ms Ordered_Resolution_Prover.Map2 42:1507  some (SH 7002ms, ATP 995ms): Try this: by (smt (verit, best) in_set_conv_nth) (462 ms)
0.sledgehammer goal.by        39974ms Ordered_Resolution_Prover.Map2 44:1569  some (SH 39973ms, ATP 340ms): Try this: by (smt (cvc5, best) length_map length_zip min_less_iff_conj) (206 ms)
0.sledgehammer goal.using     256858ms Ordered_Resolution_Prover.Map2 46:1635  some (SH 256857ms, ATP 4729ms): Try this: by (smt (z3) case_prod_conv list_update_id map_update nth_list_update_eq zip_update) (1.0 s)
0.sledgehammer goal.by        157672ms Ordered_Resolution_Prover.Map2 46:1647  timeout (SH 157671ms):
0.sledgehammer goal.using      7845ms Ordered_Resolution_Prover.Map2 48:1725  some (SH 7844ms, ATP 1177ms): Try this: by (smt (verit, del_insts) mem_Collect_eq) (327 ms)
0.sledgehammer goal.by         7757ms Ordered_Resolution_Prover.Map2 48:1737  some (SH 7756ms, ATP 1234ms): Try this: by (smt (verit, del_insts) mem_Collect_eq) (189 ms)
0.sledgehammer goal.by         7318ms Ordered_Resolution_Prover.Map2 53:1885  some (SH 7317ms, ATP 1174ms): Try this: by (smt (verit, best) mem_Collect_eq) (268 ms)
0.sledgehammer goal.using     99644ms Ordered_Resolution_Prover.Map2 55:1935  some (SH 99642ms, ATP 877ms): Try this: by (smt (verit, best) assms length_map length_zip min_less_iff_conj) (512 ms)
0.sledgehammer goal.by        60452ms Ordered_Resolution_Prover.Map2 55:1947  some (SH 60451ms, ATP 925ms): Try this: by (smt (z3) length_map length_zip min_less_iff_conj) (559 ms)
0.sledgehammer goal.using     153093ms Ordered_Resolution_Prover.Map2 57:2005  timeout (SH 153092ms):
0.sledgehammer goal.by        152415ms Ordered_Resolution_Prover.Map2 57:2017  timeout (SH 152414ms):
0.sledgehammer goal.by         5332ms Ordered_Resolution_Prover.Map2 59:2070  some (SH 5331ms, ATP 869ms): Try this: by (smt (verit, del_insts) nth_mem) (59 ms)
0.sledgehammer goal.proof     22498ms Ordered_Resolution_Prover.Abstract_Substitution 29:822  timeout (SH 22497ms): Timed out
0.sledgehammer goal.proof     23382ms Ordered_Resolution_Prover.Abstract_Substitution 32:927  timeout (SH 23377ms): Timed out
0.sledgehammer goal.by        22916ms Ordered_Resolution_Prover.Abstract_Substitution 35:994  some (SH 22912ms, ATP 1299ms): Try this: by (smt (z3)) (43 ms)
0.sledgehammer goal.by         3917ms Ordered_Resolution_Prover.Abstract_Substitution 38:1074  some (SH 3915ms, ATP 473ms): Try this: by (smt (z3)) (68 ms)
0.sledgehammer goal.using     16588ms Ordered_Resolution_Prover.Abstract_Substitution 40:1123  some (SH 16587ms, ATP 876ms): Try this: by (smt (verit, ccfv_SIG) le_neq_implies_less leq) (44 ms)
0.sledgehammer goal.by         3609ms Ordered_Resolution_Prover.Abstract_Substitution 40:1150  some (SH 3608ms, ATP 734ms): Try this: by (smt (z3)) (40 ms)
0.sledgehammer goal.using     40312ms Ordered_Resolution_Prover.Abstract_Substitution 42:1195  some (SH 40311ms, ATP 920ms): Try this: by (smt (verit, ccfv_threshold) l'_p leq lift_Suc_antimono_le) (124 ms)
0.sledgehammer goal.by        17251ms Ordered_Resolution_Prover.Abstract_Substitution 42:1210  some (SH 17250ms, ATP 814ms): Try this: by (smt (verit, best) lift_Suc_antimono_le) (69 ms)
0.sledgehammer goal.using     66440ms Ordered_Resolution_Prover.Abstract_Substitution 44:1326  some (SH 66439ms, ATP 775ms): Try this: by (smt (verit, ccfv_SIG) l'_p less_Suc_eq_le order_less_le_trans) (139 ms)
0.sledgehammer goal.by        18640ms Ordered_Resolution_Prover.Abstract_Substitution 44:1351  some (SH 18639ms, ATP 834ms): Try this: by (smt (z3) less_Suc_eq_le) (96 ms)
0.sledgehammer goal.by        22522ms Ordered_Resolution_Prover.Abstract_Substitution 48:1458  timeout (SH 22521ms): Timed out
0.sledgehammer goal.by        22647ms Ordered_Resolution_Prover.Abstract_Substitution 54:1574  timeout (SH 22645ms): Timed out
0.sledgehammer goal.by        16326ms Ordered_Resolution_Prover.Abstract_Substitution 56:1667  some (SH 16323ms, ATP 743ms): Try this: by (smt (z3) comp_apply) (28 ms)
0.sledgehammer goal.by        21744ms Ordered_Resolution_Prover.Abstract_Substitution 58:1733  some (SH 21743ms, ATP 441ms): Try this: by (smt (z3)) (16 ms)
0.sledgehammer goal.using     22507ms Ordered_Resolution_Prover.Abstract_Substitution 60:1764  timeout (SH 22504ms): Timed out
0.sledgehammer goal.by        22273ms Ordered_Resolution_Prover.Abstract_Substitution 60:1783  timeout (SH 22271ms): Timed out
0.sledgehammer goal.unfolding 35419ms Ordered_Resolution_Prover.Abstract_Substitution 108:3284  some (SH 35415ms, ATP 863ms): Try this: by (smt (z3) literal.map_sel(1,2) subst_lit_def) (89 ms)
0.sledgehammer goal.by        30445ms Ordered_Resolution_Prover.Abstract_Substitution 108:3308  some (SH 30444ms, ATP 713ms): Try this: by (smt (z3) literal.map_sel(1,2)) (52 ms)
0.sledgehammer goal.unfolding 22611ms Ordered_Resolution_Prover.Abstract_Substitution 126:4045  some (SH 22610ms, ATP 258ms): Try this: by (smt (z3) image_mset_add_mset subst_cls_def) (30 ms)
0.sledgehammer goal.by        16934ms Ordered_Resolution_Prover.Abstract_Substitution 126:4069  some (SH 16933ms, ATP 899ms): Try this: by (smt (verit, del_insts) image_mset_add_mset) (42 ms)
0.sledgehammer goal.unfolding 22648ms Ordered_Resolution_Prover.Abstract_Substitution 129:4169  some (SH 22648ms, ATP 332ms): Try this: by (smt (z3) image_mset_add_mset subst_cls_mset_def) (63 ms)
0.sledgehammer goal.by        17216ms Ordered_Resolution_Prover.Abstract_Substitution 129:4198  some (SH 17215ms, ATP 831ms): Try this: by (smt (z3) image_mset_add_mset) (48 ms)
0.sledgehammer goal.by        31795ms Ordered_Resolution_Prover.Abstract_Substitution 238:8179  some (SH 31795ms, ATP 271ms): Try this: by (smt (verit, del_insts) subst_ext) (243 ms)
0.sledgehammer goal.by        23245ms Ordered_Resolution_Prover.Abstract_Substitution 244:8302  timeout (SH 23245ms): Timed out
0.sledgehammer goal.by        22997ms Ordered_Resolution_Prover.Abstract_Substitution 247:8382  timeout (SH 22994ms): Timed out
0.sledgehammer goal.using     108242ms Ordered_Resolution_Prover.Abstract_Substitution 250:8488  some (SH 108240ms, ATP 416ms): Try this: by (smt (z3) comp_substs_def list.map_ident_strong map2_map_map map_ident map_replicate_const substitution.id_subst_comp_subst substitution_axioms) (176 ms)
0.sledgehammer goal.by        88596ms Ordered_Resolution_Prover.Abstract_Substitution 250:8510  some (SH 88595ms, ATP 898ms): Try this: by (smt (z3) list.map_ident_strong map2_map_map map_ident map_replicate_const substitution.id_subst_comp_subst substitution_axioms) (133 ms)
0.sledgehammer goal.using     84383ms Ordered_Resolution_Prover.Abstract_Substitution 253:8614  some (SH 84382ms, ATP 2183ms): Try this: by (smt (z3) comp_subst_id_subst comp_substs_def list.map_cong map2_map_map map_ident map_replicate_const) (334 ms)
0.sledgehammer goal.by        69275ms Ordered_Resolution_Prover.Abstract_Substitution 253:8636  some (SH 69274ms, ATP 3057ms): Try this: by (smt (z3) comp_subst_id_subst list.map_ident_strong map2_map_map map_ident map_replicate_const) (164 ms)
0.sledgehammer goal.unfolding 22938ms Ordered_Resolution_Prover.Abstract_Substitution 256:8718  timeout (SH 22938ms): Timed out
0.sledgehammer goal.by        64998ms Ordered_Resolution_Prover.Abstract_Substitution 256:8743  some (SH 64995ms, ATP 1344ms): Try this: by (smt (cvc5, best) image_cong image_ident subst_atm_id_subst) (598 ms)
0.sledgehammer goal.unfolding 73021ms Ordered_Resolution_Prover.Abstract_Substitution 259:8814  some (SH 73020ms, ATP 331ms): Try this: by (smt (cvc5, trigger_relev) image_cong image_ident subst_atms_id_subst subst_atmss_def) (864 ms)
0.sledgehammer goal.by        29082ms Ordered_Resolution_Prover.Abstract_Substitution 259:8840  some (SH 29081ms, ATP 1015ms): Try this: by (smt (cvc5, best) image_cong image_ident subst_atms_id_subst) (1.0 s)
0.sledgehammer goal.unfolding 54989ms Ordered_Resolution_Prover.Abstract_Substitution 262:8911  some (SH 54988ms, ATP 866ms): Try this: by (smt (verit, del_insts) list.map_ident_strong subst_atm_id_subst subst_atm_list_def) (91 ms)
0.sledgehammer goal.by        18548ms Ordered_Resolution_Prover.Abstract_Substitution 262:8940  some (SH 18547ms, ATP 827ms): Try this: by (smt (verit, ccfv_threshold) list.map_ident_strong subst_atm_id_subst) (134 ms)
0.sledgehammer goal.unfolding 29307ms Ordered_Resolution_Prover.Abstract_Substitution 265:9011  some (SH 29306ms, ATP 1040ms): Try this: by (smt (verit) multiset.map_ident_strong subst_atm_id_subst subst_atm_mset_def) (85 ms)
0.sledgehammer goal.by        18785ms Ordered_Resolution_Prover.Abstract_Substitution 265:9040  some (SH 18784ms, ATP 815ms): Try this: by (smt (verit, best) multiset.map_ident_strong subst_atm_id_subst) (103 ms)
0.sledgehammer goal.unfolding 24500ms Ordered_Resolution_Prover.Abstract_Substitution 268:9119  some (SH 24499ms, ATP 986ms): Try this: by (smt (verit, ccfv_threshold) list.map_ident_strong subst_atm_mset_id_subst subst_atm_mset_list_def) (110 ms)
0.sledgehammer goal.by        18944ms Ordered_Resolution_Prover.Abstract_Substitution 268:9153  some (SH 18943ms, ATP 955ms): Try this: by (smt (verit, ccfv_threshold) list.map_ident_strong subst_atm_mset_id_subst) (117 ms)
0.sledgehammer goal.unfolding 45328ms Ordered_Resolution_Prover.Abstract_Substitution 271:9257  some (SH 45327ms, ATP 3986ms): Try this: by (smt (verit) list.map_cong map2_map_map map_ident map_replicate_const subst_atm_mset_list_def subst_atm_mset_list_id_subst subst_atm_mset_lists_def) (843 ms)
0.sledgehammer goal.by        70047ms Ordered_Resolution_Prover.Abstract_Substitution 271:9292  some (SH 70046ms, ATP 847ms): Try this: by (smt (verit) map2_map_map map_eq_conv map_ident map_replicate_const subst_atm_mset_id_subst) (417 ms)
0.sledgehammer goal.unfolding 111462ms Ordered_Resolution_Prover.Abstract_Substitution 274:9368  some (SH 111461ms, ATP 1260ms): Try this: by (smt (z3) literal.exhaust_sel literal.map(1,2) subst_atm_id_subst subst_lit_def) (110 ms)
0.sledgehammer goal.by        47256ms Ordered_Resolution_Prover.Abstract_Substitution 274:9392  some (SH 47255ms, ATP 766ms): Try this: by (smt (verit) literal.map_ident_strong subst_atm_id_subst) (80 ms)
0.sledgehammer goal.unfolding 28459ms Ordered_Resolution_Prover.Abstract_Substitution 277:9479  some (SH 28458ms, ATP 907ms): Try this: by (smt (z3) multiset.map_ident_strong subst_lit_id_subst substitution_ops.subst_cls_def) (127 ms)
0.sledgehammer goal.by        18870ms Ordered_Resolution_Prover.Abstract_Substitution 277:9503  some (SH 18869ms, ATP 830ms): Try this: by (smt (verit, best) multiset.map_ident_strong subst_lit_id_subst) (185 ms)
0.sledgehammer goal.unfolding 84200ms Ordered_Resolution_Prover.Abstract_Substitution 280:9570  some (SH 84199ms, ATP 370ms): Try this: by (smt (cvc5, quant_saturate) image_cong image_ident subst_cls_id_subst subst_clss_def) (619 ms)
0.sledgehammer goal.by        54769ms Ordered_Resolution_Prover.Abstract_Substitution 280:9595  some (SH 54768ms, ATP 842ms): Try this: by (smt (z3) image_cong image_ident subst_cls_id_subst) (1.1 s)
0.sledgehammer goal.unfolding 35194ms Ordered_Resolution_Prover.Abstract_Substitution 283:9666  some (SH 35193ms, ATP 774ms): Try this: by (smt (verit) list.map_ident_strong subst_cls_id_subst subst_cls_list_def) (89 ms)
0.sledgehammer goal.by        18878ms Ordered_Resolution_Prover.Abstract_Substitution 283:9695  some (SH 18877ms, ATP 833ms): Try this: by (smt (verit, best) list.map_ident_strong subst_cls_id_subst) (108 ms)
0.sledgehammer goal.unfolding 23677ms Ordered_Resolution_Prover.Abstract_Substitution 286:9790  timeout (SH 23676ms): Timed out
0.sledgehammer goal.by        170272ms Ordered_Resolution_Prover.Abstract_Substitution 286:9820  timeout (SH 170270ms):
0.sledgehammer goal.unfolding 25553ms Ordered_Resolution_Prover.Abstract_Substitution 289:9903  some (SH 25552ms, ATP 729ms): Try this: by (smt (verit, best) multiset.map_ident_strong subst_cls_id_subst subst_cls_mset_def) (122 ms)
0.sledgehammer goal.by        17744ms Ordered_Resolution_Prover.Abstract_Substitution 289:9932  some (SH 17743ms, ATP 772ms): Try this: by (smt (verit, del_insts) multiset.map_ident_strong subst_cls_id_subst) (124 ms)
0.sledgehammer goal.by        24244ms Ordered_Resolution_Prover.Abstract_Substitution 295:10046  timeout (SH 24243ms): Timed out
0.sledgehammer goal.unfolding 24181ms Ordered_Resolution_Prover.Abstract_Substitution 301:10207  timeout (SH 24179ms): Timed out
0.sledgehammer goal.by        26443ms Ordered_Resolution_Prover.Abstract_Substitution 301:10232  some (SH 26441ms, ATP 3673ms): Try this: by (smt (z3) image_cong image_image subst_atm_comp_subst) (723 ms)
0.sledgehammer goal.unfolding 54014ms Ordered_Resolution_Prover.Abstract_Substitution 304:10318  some (SH 54013ms, ATP 3681ms): Try this: by (smt (z3) image_cong image_image subst_atms_comp_subst substitution_ops.subst_atmss_def) (1.3 s)
0.sledgehammer goal.by        62357ms Ordered_Resolution_Prover.Abstract_Substitution 304:10344  some (SH 62357ms, ATP 290ms): Try this: by (smt (z3) image_comp image_cong o_apply subst_atms_comp_subst) (630 ms)
0.sledgehammer goal.unfolding 25060ms Ordered_Resolution_Prover.Abstract_Substitution 307:10428  timeout (SH 25059ms): Timed out
0.sledgehammer goal.by        43816ms Ordered_Resolution_Prover.Abstract_Substitution 307:10457  some (SH 43813ms, ATP 2284ms): Try this: by (smt (verit, ccfv_SIG) in_set_conv_nth length_map list.map_comp map_eq_conv nth_map subst_atm_comp_subst) (381 ms)
0.sledgehammer goal.unfolding 24845ms Ordered_Resolution_Prover.Abstract_Substitution 310:10541  timeout (SH 24845ms): Timed out
0.sledgehammer goal.by        23829ms Ordered_Resolution_Prover.Abstract_Substitution 310:10570  timeout (SH 23826ms): Timed out
0.sledgehammer goal.unfolding 23829ms Ordered_Resolution_Prover.Abstract_Substitution 313:10666  timeout (SH 23825ms): Timed out
0.sledgehammer goal.by        48935ms Ordered_Resolution_Prover.Abstract_Substitution 313:10700  some (SH 48933ms, ATP 981ms): Try this: by (smt (z3) list.map_comp map_eq_conv o_apply subst_atm_mset_comp_subst) (197 ms)
0.sledgehammer goal.unfolding 22912ms Ordered_Resolution_Prover.Abstract_Substitution 316:10804  timeout (SH 22911ms): Timed out
0.sledgehammer goal.by        23794ms Ordered_Resolution_Prover.Abstract_Substitution 317:10896  timeout (SH 23791ms): Timed out
0.sledgehammer goal.unfolding 155601ms Ordered_Resolution_Prover.Abstract_Substitution 320:10987  some (SH 155599ms, ATP 940ms): Try this: by (smt (verit, ccfv_SIG) Neg_atm_of_iff literal.collapse(1) literal.map(1,2) subst_atm_comp_subst subst_lit_def) (715 ms)
0.sledgehammer goal.by        155863ms Ordered_Resolution_Prover.Abstract_Substitution 320:11011  some (SH 155862ms, ATP 944ms): Try this: by (smt (z3) Neg_atm_of_iff literal.collapse(1) literal.map_disc_iff literal.map_sel(1,2) subst_atm_comp_subst) (204 ms)
0.sledgehammer goal.unfolding 23621ms Ordered_Resolution_Prover.Abstract_Substitution 323:11113  timeout (SH 23621ms): Timed out
0.sledgehammer goal.by        29727ms Ordered_Resolution_Prover.Abstract_Substitution 323:11137  some (SH 29724ms, ATP 2333ms): Try this: by (smt (verit) image_mset_cong2 multiset.map_comp o_apply subst_lit_comp_subst) (181 ms)
0.sledgehammer goal.unfolding 33939ms Ordered_Resolution_Prover.Abstract_Substitution 326:11216  some (SH 33937ms, ATP 794ms): Try this: by (smt (z3) image_cong image_image subst_cls_comp_subst substitution_ops.subst_clss_def) (1.0 s)
0.sledgehammer goal.by        42794ms Ordered_Resolution_Prover.Abstract_Substitution 326:11241  some (SH 42794ms, ATP 495ms): Try this: by (smt (z3) image_comp image_cong o_apply subst_cls_comp_subst) (585 ms)
0.sledgehammer goal.unfolding 36780ms Ordered_Resolution_Prover.Abstract_Substitution 329:11325  some (SH 36779ms, ATP 1193ms): Try this: by (smt (cvc5, trigger_last) list.map_comp map_eq_conv o_apply subst_cls_comp_subst substitution_ops.subst_cls_list_def) (263 ms)
0.sledgehammer goal.by        61577ms Ordered_Resolution_Prover.Abstract_Substitution 329:11354  some (SH 61576ms, ATP 396ms): Try this: by (smt (cvc5, trigger_relev) list.map_comp map_eq_conv o_apply subst_cls_comp_subst) (160 ms)
0.sledgehammer goal.unfolding 24355ms Ordered_Resolution_Prover.Abstract_Substitution 332:11448  timeout (SH 24354ms): Timed out
0.sledgehammer goal.by        44570ms Ordered_Resolution_Prover.Abstract_Substitution 333:11535  some (SH 44566ms, ATP 3421ms): Try this: by (smt (cvc5, quant_saturate) case_prod_beta map_eq_conv prod.simps(2) subst_cls_comp_subst) (394 ms)
0.sledgehammer goal.unfolding 25247ms Ordered_Resolution_Prover.Abstract_Substitution 336:11636  timeout (SH 25246ms): Timed out
0.sledgehammer goal.by        33950ms Ordered_Resolution_Prover.Abstract_Substitution 336:11665  some (SH 33948ms, ATP 403ms): Try this: by (smt (verit) image_mset_cong2 multiset.map_comp o_apply subst_cls_comp_subst) (170 ms)
0.sledgehammer goal.unfolding 92185ms Ordered_Resolution_Prover.Abstract_Substitution 342:11822  some (SH 92184ms, ATP 461ms): Try this: by (smt (verit, ccfv_threshold) image_iff multiset.set_map substitution_ops.subst_atm_mset_def) (442 ms)
0.sledgehammer goal.by        67227ms Ordered_Resolution_Prover.Abstract_Substitution 342:11851  some (SH 67226ms, ATP 2125ms): Try this: by (smt (z3) image_iff in_image_mset) (485 ms)
0.sledgehammer goal.unfolding 24033ms Ordered_Resolution_Prover.Abstract_Substitution 345:11932  timeout (SH 24032ms): Timed out
0.sledgehammer goal.by        75570ms Ordered_Resolution_Prover.Abstract_Substitution 345:11956  some (SH 75567ms, ATP 4421ms): Try this: by (smt (z3) image_iff in_image_mset) (404 ms)
0.sledgehammer goal.unfolding 64396ms Ordered_Resolution_Prover.Abstract_Substitution 348:12050  some (SH 64395ms, ATP 335ms): Try this: by (smt (verit, ccfv_threshold) image_iff in_image_mset substitution_ops.subst_cls_mset_def) (397 ms)
0.sledgehammer goal.by        59008ms Ordered_Resolution_Prover.Abstract_Substitution 348:12079  some (SH 59007ms, ATP 293ms): Try this: by (smt (z3) image_iff in_image_mset) (573 ms)
0.sledgehammer goal.unfolding 24839ms Ordered_Resolution_Prover.Abstract_Substitution 354:12191  some (SH 24838ms, ATP 879ms): Try this: by (smt (verit) literal.map_disc_iff subst_lit_def) (88 ms)
0.sledgehammer goal.by        10591ms Ordered_Resolution_Prover.Abstract_Substitution 354:12215  some (SH 10591ms, ATP 779ms): Try this: by (smt (verit, ccfv_SIG) literal.map_disc_iff) (78 ms)
0.sledgehammer goal.unfolding  5294ms Ordered_Resolution_Prover.Abstract_Substitution 357:12285  some (SH 5294ms, ATP 706ms): Try this: by (smt (verit, ccfv_SIG) subst_lit_is_neg) (66 ms)
0.sledgehammer goal.by         5987ms Ordered_Resolution_Prover.Abstract_Substitution 357:12309  some (SH 5985ms, ATP 790ms): Try this: by (smt (z3) literal.map_disc_iff) (22 ms)
0.sledgehammer goal.by        154395ms Ordered_Resolution_Prover.Abstract_Substitution 360:12372  timeout (SH 154393ms):
0.sledgehammer goal.by        94328ms Ordered_Resolution_Prover.Abstract_Substitution 366:12555  some (SH 94327ms, ATP 1049ms): Try this: by (smt (z3) Neg_atm_of_iff atm_of_subst_lit literal.sel(2) subst_lit_is_neg) (142 ms)
0.sledgehammer goal.by        105594ms Ordered_Resolution_Prover.Abstract_Substitution 369:12658  some (SH 105593ms, ATP 1001ms): Try this: by (smt (z3) atm_of_subst_lit literal.collapse(1) literal.disc(1) literal.sel(1) subst_lit_is_neg) (175 ms)
0.sledgehammer goal.unfolding 23927ms Ordered_Resolution_Prover.Abstract_Substitution 372:12752  timeout (SH 23926ms): Timed out
0.sledgehammer goal.by        43107ms Ordered_Resolution_Prover.Abstract_Substitution 372:12809  some (SH 43104ms, ATP 393ms): Try this: by (smt (verit, ccfv_SIG) image_mset_cong2 literal.map(2) multiset.map_comp o_apply) (120 ms)
0.sledgehammer goal.unfolding 23764ms Ordered_Resolution_Prover.Abstract_Substitution 375:12882  timeout (SH 23763ms): Timed out
0.sledgehammer goal.by        41235ms Ordered_Resolution_Prover.Abstract_Substitution 375:12939  some (SH 41232ms, ATP 305ms): Try this: by (smt (verit, ccfv_SIG) image_mset_cong2 literal.simps(9) multiset.map_comp o_apply) (118 ms)
0.sledgehammer goal.proof     23922ms Ordered_Resolution_Prover.Abstract_Substitution 378:13010  timeout (SH 23921ms): Timed out
0.sledgehammer goal.unfolding 51942ms Ordered_Resolution_Prover.Abstract_Substitution 380:13120  some (SH 51939ms, ATP 2703ms): Try this: by (smt (verit) atm_of_subst_lit atms_of_def image_mset_cong2 literal.expand literal.map_disc_iff literal.map_sel(1,2) multiset.set_map subst_lit_is_neg substitution_ops.subst_cls_def) (382 ms)
0.sledgehammer goal.by         9746ms Ordered_Resolution_Prover.Abstract_Substitution 380:13185  some (SH 9745ms, ATP 632ms): Try this: by (smt (verit) multiset.set_map) (29 ms)
0.sledgehammer goal.by        37762ms Ordered_Resolution_Prover.Abstract_Substitution 382:13274  some (SH 37761ms, ATP 451ms): Try this: by (smt (verit) image_mset_cong2 literal.map_sel(1,2) multiset.map_comp o_apply) (171 ms)
0.sledgehammer goal.unfolding 62173ms Ordered_Resolution_Prover.Abstract_Substitution 384:13361  some (SH 62173ms, ATP 1971ms): Try this: by (smt (z3) atms_of_def image_cong multiset.set_map subst_atms_def) (1.0 s)
0.sledgehammer goal.by        13092ms Ordered_Resolution_Prover.Abstract_Substitution 384:13398  some (SH 13091ms, ATP 809ms): Try this: by (smt (z3) multiset.set_map) (21 ms)
0.sledgehammer goal.by        110342ms Ordered_Resolution_Prover.Abstract_Substitution 388:13477  some (SH 110342ms, ATP 731ms): Try this: by (smt (z3) f_inv_into_f literal.disc(2) subst_lit_is_neg) (125 ms)
0.sledgehammer goal.by        95880ms Ordered_Resolution_Prover.Abstract_Substitution 391:13628  some (SH 95879ms, ATP 998ms): Try this: by (smt (verit) insert_DiffM literal.disc(2) msed_map_invR subst_cls_negs subst_lit_is_neg) (195 ms)
0.sledgehammer goal.by        22208ms Ordered_Resolution_Prover.Abstract_Substitution 394:13702  some (SH 22207ms, ATP 894ms): Try this: by (smt (verit, best) in_image_Neg_is_neg in_image_mset) (81 ms)
0.sledgehammer goal.unfolding 97879ms Ordered_Resolution_Prover.Abstract_Substitution 400:13799  some (SH 97878ms, ATP 1026ms): Try this: by (smt (z3) empty_iff image_cong image_ident subst_atms_def) (1.0 s)
0.sledgehammer goal.by         6459ms Ordered_Resolution_Prover.Abstract_Substitution 400:13824  some (SH 6458ms, ATP 615ms): Try this: by (smt (verit) image_empty) (15 ms)
0.sledgehammer goal.unfolding 60902ms Ordered_Resolution_Prover.Abstract_Substitution 403:13883  some (SH 60901ms, ATP 914ms): Try this: by (smt (verit) image_empty substitution_ops.subst_atmss_def) (30 ms)
0.sledgehammer goal.by         6043ms Ordered_Resolution_Prover.Abstract_Substitution 403:13909  some (SH 6043ms, ATP 608ms): Try this: by (smt (verit) image_empty) (17 ms)
0.sledgehammer goal.using     35785ms Ordered_Resolution_Prover.Abstract_Substitution 406:13991  some (SH 35783ms, ATP 934ms): Try this: by (smt (z3) comp_substs_def map2_empty_iff) (211 ms)
0.sledgehammer goal.by         8186ms Ordered_Resolution_Prover.Abstract_Substitution 406:14028  some (SH 8185ms, ATP 855ms): Try this: by (smt (z3)) (148 ms)
0.sledgehammer goal.unfolding 15854ms Ordered_Resolution_Prover.Abstract_Substitution 409:14089  some (SH 15851ms, ATP 820ms): Try this: by (smt (z3) list.map(1) subst_atm_list_def) (12 ms)
0.sledgehammer goal.by         9333ms Ordered_Resolution_Prover.Abstract_Substitution 409:14118  some (SH 9333ms, ATP 758ms): Try this: by (smt (verit, ccfv_threshold) list.simps(8)) (24 ms)
0.sledgehammer goal.unfolding 46970ms Ordered_Resolution_Prover.Abstract_Substitution 412:14181  some (SH 46969ms, ATP 1088ms): Try this: by (smt (verit, best) empty_iff multiset.map_ident_strong set_mset_empty subst_atm_mset_def) (74 ms)
0.sledgehammer goal.by         6184ms Ordered_Resolution_Prover.Abstract_Substitution 412:14210  some (SH 6183ms, ATP 860ms): Try this: by (smt (verit) image_mset_empty) (15 ms)
0.sledgehammer goal.unfolding 32074ms Ordered_Resolution_Prover.Abstract_Substitution 415:14277  some (SH 32073ms, ATP 873ms): Try this: by (smt (verit) list.map(1) subst_atm_mset_list_def) (28 ms)
0.sledgehammer goal.by        48775ms Ordered_Resolution_Prover.Abstract_Substitution 415:14311  some (SH 48774ms, ATP 754ms): Try this: by (smt (verit, ccfv_threshold) list.simps(8)) (30 ms)
0.sledgehammer goal.unfolding 97859ms Ordered_Resolution_Prover.Abstract_Substitution 418:14381  some (SH 97858ms, ATP 933ms): Try this: by (smt (z3) comp_substs_empty_iff list.size(3) replicate_0 subst_atm_mset_lists_comp_substs subst_atm_mset_lists_id_subst) (97 ms)
0.sledgehammer goal.by        26147ms Ordered_Resolution_Prover.Abstract_Substitution 418:14416  some (SH 26146ms, ATP 1320ms): Try this: by (smt (z3) subst_atm_mset_lists_def subst_atm_mset_lists_id_subst zip_Nil) (44 ms)
0.sledgehammer goal.unfolding 14057ms Ordered_Resolution_Prover.Abstract_Substitution 421:14472  some (SH 14056ms, ATP 1231ms): Try this: by (smt (verit, del_insts) image_mset_empty subst_cls_def) (40 ms)
0.sledgehammer goal.by         6733ms Ordered_Resolution_Prover.Abstract_Substitution 421:14496  some (SH 6728ms, ATP 872ms): Try this: by (smt (verit) image_mset_empty) (22 ms)
0.sledgehammer goal.unfolding 12064ms Ordered_Resolution_Prover.Abstract_Substitution 424:14553  some (SH 12063ms, ATP 1060ms): Try this: by (smt (verit, ccfv_threshold) image_empty substitution_ops.subst_clss_def) (45 ms)
0.sledgehammer goal.by         8047ms Ordered_Resolution_Prover.Abstract_Substitution 424:14578  some (SH 8046ms, ATP 877ms): Try this: by (smt (verit) image_empty) (14 ms)
0.sledgehammer goal.unfolding 104432ms Ordered_Resolution_Prover.Abstract_Substitution 427:14639  some (SH 104431ms, ATP 1146ms): Try this: by (smt (verit, best) in_set_conv_nth list.map_ident_strong list.size(3) not_less_zero substitution_ops.subst_cls_list_def) (263 ms)
0.sledgehammer goal.by        54637ms Ordered_Resolution_Prover.Abstract_Substitution 427:14668  some (SH 54636ms, ATP 952ms): Try this: by (smt (verit, best) empty_iff empty_set list.map_ident_strong) (181 ms)
0.sledgehammer goal.unfolding 82822ms Ordered_Resolution_Prover.Abstract_Substitution 430:14732  some (SH 82822ms, ATP 950ms): Try this: by (smt (z3) comp_substs_empty_iff list.size(3) replicate_0 subst_cls_lists_comp_substs subst_cls_lists_id_subst) (193 ms)
0.sledgehammer goal.by        25454ms Ordered_Resolution_Prover.Abstract_Substitution 430:14762  some (SH 25453ms, ATP 981ms): Try this: by (smt (z3) subst_cls_lists_def subst_cls_lists_id_subst zip_Nil) (42 ms)
0.sledgehammer goal.unfolding  7931ms Ordered_Resolution_Prover.Abstract_Substitution 433:14826  some (SH 7929ms, ATP 677ms): Try this: by (smt (verit) image_mset_empty subst_cls_mset_def) (25 ms)
0.sledgehammer goal.by        11562ms Ordered_Resolution_Prover.Abstract_Substitution 433:14855  some (SH 11557ms, ATP 676ms): Try this: by (smt (verit) image_mset_empty) (20 ms)
0.sledgehammer goal.unfolding 25213ms Ordered_Resolution_Prover.Abstract_Substitution 436:14926  some (SH 25212ms, ATP 1333ms): Try this: by (smt (z3) empty_iff image_cong image_eqI subst_atms_id_subst substitution_ops.subst_atms_def) (2.3 s)
0.sledgehammer goal.by        13859ms Ordered_Resolution_Prover.Abstract_Substitution 436:14951  some (SH 13858ms, ATP 867ms): Try this: by (smt (z3) image_is_empty) (56 ms)
0.sledgehammer goal.unfolding 40545ms Ordered_Resolution_Prover.Abstract_Substitution 439:15026  some (SH 40545ms, ATP 702ms): Try this: by (smt (verit, ccfv_SIG) image_is_empty subst_atmss_def) (135 ms)
0.sledgehammer goal.by        12267ms Ordered_Resolution_Prover.Abstract_Substitution 439:15052  some (SH 12267ms, ATP 549ms): Try this: by (smt (z3) image_is_empty) (56 ms)
0.sledgehammer goal.unfolding 41777ms Ordered_Resolution_Prover.Abstract_Substitution 442:15127  some (SH 41776ms, ATP 992ms): Try this: by (smt (z3) list.map_disc_iff subst_atm_list_def) (138 ms)
0.sledgehammer goal.by        13913ms Ordered_Resolution_Prover.Abstract_Substitution 442:15156  some (SH 13912ms, ATP 1344ms): Try this: by (smt (z3) list.map_disc_iff) (103 ms)
0.sledgehammer goal.unfolding 96540ms Ordered_Resolution_Prover.Abstract_Substitution 445:15233  some (SH 96539ms, ATP 957ms): Try this: by (smt (z3) image_mset_is_empty_iff subst_atm_mset_def) (24 ms)
0.sledgehammer goal.by        12866ms Ordered_Resolution_Prover.Abstract_Substitution 445:15262  some (SH 12865ms, ATP 587ms): Try this: by (smt (z3) image_mset_is_empty_iff) (57 ms)
0.sledgehammer goal.unfolding 53734ms Ordered_Resolution_Prover.Abstract_Substitution 448:15345  some (SH 53734ms, ATP 970ms): Try this: by (smt (z3) length_0_conv length_map subst_atm_mset_list_def) (117 ms)
0.sledgehammer goal.by        24396ms Ordered_Resolution_Prover.Abstract_Substitution 448:15379  some (SH 24395ms, ATP 1694ms): Try this: by (smt (verit) length_0_conv length_map) (59 ms)
0.sledgehammer goal.using     33730ms Ordered_Resolution_Prover.Abstract_Substitution 451:15477  some (SH 33730ms, ATP 1137ms): Try this: by (smt (z3) map2_empty_iff subst_atm_mset_lists_def) (116 ms)
0.sledgehammer goal.by        12798ms Ordered_Resolution_Prover.Abstract_Substitution 451:15523  some (SH 12798ms, ATP 285ms): Try this: by (smt (z3)) (127 ms)
0.sledgehammer goal.unfolding 32002ms Ordered_Resolution_Prover.Abstract_Substitution 454:15591  some (SH 31999ms, ATP 880ms): Try this: by (smt (z3) image_mset_is_empty_iff subst_cls_def) (24 ms)
0.sledgehammer goal.by        12975ms Ordered_Resolution_Prover.Abstract_Substitution 454:15615  some (SH 12974ms, ATP 648ms): Try this: by (smt (z3) image_mset_is_empty_iff) (68 ms)
0.sledgehammer goal.unfolding 42517ms Ordered_Resolution_Prover.Abstract_Substitution 457:15686  some (SH 42517ms, ATP 762ms): Try this: by (smt (z3) image_is_empty subst_clss_def) (138 ms)
0.sledgehammer goal.by        13225ms Ordered_Resolution_Prover.Abstract_Substitution 457:15711  some (SH 13223ms, ATP 784ms): Try this: by (smt (z3) image_is_empty) (63 ms)
0.sledgehammer goal.unfolding 34565ms Ordered_Resolution_Prover.Abstract_Substitution 460:15786  some (SH 34564ms, ATP 174ms): Try this: by (smt (z3) list.map_disc_iff subst_cls_list_def) (71 ms)
0.sledgehammer goal.by        103882ms Ordered_Resolution_Prover.Abstract_Substitution 460:15815  some (SH 103882ms, ATP 997ms): Try this: by (smt (verit, best) empty_iff empty_set list.inj_map_strong list.map_ident_strong) (330 ms)
0.sledgehammer goal.using     25968ms Ordered_Resolution_Prover.Abstract_Substitution 463:15903  some (SH 25967ms, ATP 224ms): Try this: by (smt (verit, del_insts) map2_empty_iff substitution_ops.subst_cls_lists_def) (156 ms)
0.sledgehammer goal.by        15646ms Ordered_Resolution_Prover.Abstract_Substitution 463:15944  some (SH 15642ms, ATP 284ms): Try this: by (smt (z3)) (40 ms)
0.sledgehammer goal.unfolding 36041ms Ordered_Resolution_Prover.Abstract_Substitution 466:16021  some (SH 36039ms, ATP 720ms): Try this: by (smt (z3) image_mset_is_empty_iff subst_cls_mset_def) (156 ms)
0.sledgehammer goal.by        13179ms Ordered_Resolution_Prover.Abstract_Substitution 466:16050  some (SH 13179ms, ATP 613ms): Try this: by (smt (z3) image_mset_is_empty_iff) (65 ms)
0.sledgehammer goal.unfolding 28159ms Ordered_Resolution_Prover.Abstract_Substitution 472:16173  some (SH 28158ms, ATP 1138ms): Try this: by (smt (z3) image_Un subst_atms_def) (22 ms)
0.sledgehammer goal.by         6639ms Ordered_Resolution_Prover.Abstract_Substitution 472:16198  some (SH 6638ms, ATP 864ms): Try this: by (smt (verit) image_Un) (24 ms)
0.sledgehammer goal.unfolding 24806ms Ordered_Resolution_Prover.Abstract_Substitution 475:16287  some (SH 24805ms, ATP 804ms): Try this: by (smt (z3) image_Un subst_atmss_def) (25 ms)
0.sledgehammer goal.by         7427ms Ordered_Resolution_Prover.Abstract_Substitution 475:16313  some (SH 7426ms, ATP 832ms): Try this: by (smt (verit) image_Un) (24 ms)
0.sledgehammer goal.unfolding 16336ms Ordered_Resolution_Prover.Abstract_Substitution 478:16399  some (SH 16333ms, ATP 793ms): Try this: by (smt (verit) map_append subst_atm_list_def) (33 ms)
0.sledgehammer goal.by         6761ms Ordered_Resolution_Prover.Abstract_Substitution 478:16428  some (SH 6760ms, ATP 742ms): Try this: by (smt (verit) map_append) (23 ms)
0.sledgehammer goal.unfolding 25174ms Ordered_Resolution_Prover.Abstract_Substitution 481:16513  some (SH 25173ms, ATP 763ms): Try this: by (smt (z3) image_mset_union subst_atm_mset_def) (23 ms)
0.sledgehammer goal.by         6626ms Ordered_Resolution_Prover.Abstract_Substitution 481:16542  some (SH 6622ms, ATP 751ms): Try this: by (smt (verit) image_mset_union) (18 ms)
0.sledgehammer goal.unfolding 24893ms Ordered_Resolution_Prover.Abstract_Substitution 484:16640  some (SH 24893ms, ATP 1051ms): Try this: by (smt (z3) map_append subst_atm_mset_list_def) (19 ms)
0.sledgehammer goal.by        10937ms Ordered_Resolution_Prover.Abstract_Substitution 484:16674  some (SH 10936ms, ATP 810ms): Try this: by (smt (verit) map_append) (23 ms)
0.sledgehammer goal.unfolding 25113ms Ordered_Resolution_Prover.Abstract_Substitution 487:16744  some (SH 25112ms, ATP 1062ms): Try this: by (smt (z3) image_mset_union subst_cls_def) (24 ms)
0.sledgehammer goal.by         6151ms Ordered_Resolution_Prover.Abstract_Substitution 487:16768  some (SH 6150ms, ATP 775ms): Try this: by (smt (verit) image_mset_union) (22 ms)
0.sledgehammer goal.unfolding 24817ms Ordered_Resolution_Prover.Abstract_Substitution 490:16849  some (SH 24816ms, ATP 790ms): Try this: by (smt (z3) image_Un subst_clss_def) (40 ms)
0.sledgehammer goal.by         9157ms Ordered_Resolution_Prover.Abstract_Substitution 490:16874  some (SH 9156ms, ATP 761ms): Try this: by (smt (verit) image_Un) (19 ms)
0.sledgehammer goal.unfolding 25260ms Ordered_Resolution_Prover.Abstract_Substitution 493:16960  some (SH 25259ms, ATP 1312ms): Try this: by (smt (z3) map_append subst_cls_list_def) (23 ms)
0.sledgehammer goal.by         8158ms Ordered_Resolution_Prover.Abstract_Substitution 493:16989  some (SH 8157ms, ATP 186ms): Try this: by (smt (cvc5, best) map_append) (30 ms)
0.sledgehammer goal.unfolding 24770ms Ordered_Resolution_Prover.Abstract_Substitution 498:17148  timeout (SH 24766ms): Timed out
0.sledgehammer goal.by        61077ms Ordered_Resolution_Prover.Abstract_Substitution 498:17178  some (SH 61075ms, ATP 472ms): Try this: by (smt (verit, ccfv_SIG) map_append zip_append) (1.1 s)
0.sledgehammer goal.unfolding 16225ms Ordered_Resolution_Prover.Abstract_Substitution 501:17263  some (SH 16224ms, ATP 937ms): Try this: by (smt (z3) image_mset_union subst_cls_mset_def) (53 ms)
0.sledgehammer goal.by         6718ms Ordered_Resolution_Prover.Abstract_Substitution 501:17292  some (SH 6717ms, ATP 818ms): Try this: by (smt (verit) image_mset_union) (24 ms)
0.sledgehammer goal.unfolding 73487ms Ordered_Resolution_Prover.Abstract_Substitution 507:17403  some (SH 73486ms, ATP 1435ms): Try this: by (smt (z3) image_mset_add_mset image_mset_empty multiset.set_map set_mset_add_mset_insert set_mset_empty substitution_ops.subst_atms_def) (146 ms)
0.sledgehammer goal.by        43339ms Ordered_Resolution_Prover.Abstract_Substitution 507:17428  some (SH 43338ms, ATP 1924ms): Try this: by (smt (z3) image_empty image_insert) (52 ms)
0.sledgehammer goal.unfolding 38196ms Ordered_Resolution_Prover.Abstract_Substitution 510:17498  some (SH 38196ms, ATP 1110ms): Try this: by (smt (z3) image_empty image_insert subst_atmss_def) (151 ms)
0.sledgehammer goal.by        32053ms Ordered_Resolution_Prover.Abstract_Substitution 510:17524  some (SH 32051ms, ATP 863ms): Try this: by (smt (verit) image_empty image_insert) (63 ms)
0.sledgehammer goal.unfolding 68719ms Ordered_Resolution_Prover.Abstract_Substitution 513:17593  some (SH 68718ms, ATP 1020ms): Try this: by (smt (z3) list.simps(8,9) substitution_ops.subst_atm_list_def) (33 ms)
0.sledgehammer goal.by        31841ms Ordered_Resolution_Prover.Abstract_Substitution 513:17622  some (SH 31840ms, ATP 932ms): Try this: by (smt (z3) list.simps(8,9)) (22 ms)
0.sledgehammer goal.unfolding 38472ms Ordered_Resolution_Prover.Abstract_Substitution 516:17695  some (SH 38471ms, ATP 1982ms): Try this: by (smt (z3) image_mset_add_mset image_mset_empty substitution_ops.subst_atm_mset_def) (103 ms)
0.sledgehammer goal.by        19883ms Ordered_Resolution_Prover.Abstract_Substitution 516:17724  some (SH 19883ms, ATP 1032ms): Try this: by (smt (z3) image_mset_add_mset image_mset_empty) (21 ms)
0.sledgehammer goal.unfolding 66036ms Ordered_Resolution_Prover.Abstract_Substitution 519:17795  some (SH 66034ms, ATP 1171ms): Try this: by (smt (verit) Cons_eq_map_conv subst_atm_mset_list_def subst_atm_mset_list_empty) (401 ms)
0.sledgehammer goal.by        86409ms Ordered_Resolution_Prover.Abstract_Substitution 519:17829  some (SH 86408ms, ATP 1285ms): Try this: by (smt (z3) length_0_conv length_map list.simps(9)) (99 ms)
0.sledgehammer goal.by        17605ms Ordered_Resolution_Prover.Abstract_Substitution 522:17895  some (SH 17605ms, ATP 981ms): Try this: by (smt (z3) subst_cls_add_mset subst_cls_empty) (16 ms)
0.sledgehammer goal.unfolding 124539ms Ordered_Resolution_Prover.Abstract_Substitution 525:17959  some (SH 124538ms, ATP 1406ms): Try this: by (smt (verit) image_empty image_insert subst_clss_def) (73 ms)
0.sledgehammer goal.by        33893ms Ordered_Resolution_Prover.Abstract_Substitution 525:17984  some (SH 33892ms, ATP 921ms): Try this: by (smt (verit, ccfv_threshold) image_empty image_insert) (58 ms)
0.sledgehammer goal.unfolding 62832ms Ordered_Resolution_Prover.Abstract_Substitution 528:18052  some (SH 62831ms, ATP 2430ms): Try this: by (smt (verit) Cons_eq_map_conv subst_cls_list_empty substitution_ops.subst_cls_list_def) (287 ms)
0.sledgehammer goal.by        83116ms Ordered_Resolution_Prover.Abstract_Substitution 528:18081  some (SH 83115ms, ATP 1482ms): Try this: by (smt (verit, best) image_mset_single mset_map mset_single_iff_right) (160 ms)
0.sledgehammer goal.unfolding 24971ms Ordered_Resolution_Prover.Abstract_Substitution 531:18153  timeout (SH 24970ms): Timed out
0.sledgehammer goal.by        112138ms Ordered_Resolution_Prover.Abstract_Substitution 531:18183  some (SH 112134ms, ATP 555ms): Try this: by (smt (verit, ccfv_threshold) Cons_eq_map_conv list.simps(8) prod.simps(2) zip_Cons_Cons zip_Nil) (1.0 s)
0.sledgehammer goal.by        44892ms Ordered_Resolution_Prover.Abstract_Substitution 534:18255  some (SH 44892ms, ATP 1261ms): Try this: by (smt (z3) subst_cls_mset_add_mset subst_cls_mset_empty_iff) (102 ms)
0.sledgehammer goal.unfolding 24183ms Ordered_Resolution_Prover.Abstract_Substitution 540:18383  some (SH 24182ms, ATP 2168ms): Try this: by (smt (z3) list.simps(9) subst_atm_list_def) (131 ms)
0.sledgehammer goal.by        17407ms Ordered_Resolution_Prover.Abstract_Substitution 540:18412  some (SH 17405ms, ATP 1193ms): Try this: by (smt (z3) list.simps(9)) (57 ms)
0.sledgehammer goal.unfolding 27081ms Ordered_Resolution_Prover.Abstract_Substitution 543:18501  some (SH 27079ms, ATP 2131ms): Try this: by (smt (z3) list.simps(9) substitution_ops.subst_atm_mset_list_def) (138 ms)
0.sledgehammer goal.by        17857ms Ordered_Resolution_Prover.Abstract_Substitution 543:18535  some (SH 17856ms, ATP 261ms): Try this: by (smt (z3) list.simps(9)) (59 ms)
0.sledgehammer goal.unfolding 26107ms Ordered_Resolution_Prover.Abstract_Substitution 546:18635  some (SH 26106ms, ATP 742ms): Try this: by (smt (cvc5, trigger_last) list.simps(9) prod.simps(2) subst_atm_mset_lists_def zip_Cons_Cons) (277 ms)
0.sledgehammer goal.by        100894ms Ordered_Resolution_Prover.Abstract_Substitution 546:18670  some (SH 100893ms, ATP 459ms): Try this: by (smt (cvc5, best) list.simps(9) prod.simps(2) zip_Cons_Cons) (801 ms)
0.sledgehammer goal.unfolding 31003ms Ordered_Resolution_Prover.Abstract_Substitution 549:18750  some (SH 31002ms, ATP 447ms): Try this: by (smt (z3) list.simps(9) subst_cls_list_def) (28 ms)
0.sledgehammer goal.by        15008ms Ordered_Resolution_Prover.Abstract_Substitution 549:18779  some (SH 15007ms, ATP 363ms): Try this: by (smt (z3) list.simps(9)) (63 ms)
0.sledgehammer goal.unfolding 59256ms Ordered_Resolution_Prover.Abstract_Substitution 552:18870  some (SH 59255ms, ATP 718ms): Try this: by (smt (verit) list.simps(9)[of "\<lambda>(x, y). x \<cdot> y" "(C, \<sigma>)" "zip Cs \<sigma>s"] prod.simps(2)[of "(\<cdot>)" C \<sigma>] substitution_ops.subst_cls_lists_def[of "(\<cdot>a)" Cs \<sigma>s] substitution_ops.subst_cls_lists_def[of "(\<cdot>a)" "C # Cs" "\<sigma> # \<sigma>s"] zip_Cons_Cons[of C Cs \<sigma> \<sigma>s]) (99 ms)
0.sledgehammer goal.by        118191ms Ordered_Resolution_Prover.Abstract_Substitution 552:18900  some (SH 118190ms, ATP 450ms): Try this: by (smt (cvc5, best) list.simps(9) prod.simps(2) zip_Cons_Cons) (909 ms)
0.sledgehammer goal.by        57651ms Ordered_Resolution_Prover.Abstract_Substitution 558:19017  some (SH 57650ms, ATP 3417ms): Try this: by (smt (verit) map_tl subst_atm_list_def) (124 ms)
0.sledgehammer goal.by        21611ms Ordered_Resolution_Prover.Abstract_Substitution 561:19109  some (SH 21610ms, ATP 1724ms): Try this: by (smt (z3) map_tl subst_atm_mset_list_def) (118 ms)
0.sledgehammer goal.by        71793ms Ordered_Resolution_Prover.Abstract_Substitution 564:19193  some (SH 71792ms, ATP 1557ms): Try this: by (smt (z3) map_tl subst_cls_list_def) (113 ms)
0.sledgehammer goal.by        88939ms Ordered_Resolution_Prover.Abstract_Substitution 567:19308  some (SH 88938ms, ATP 3254ms): Try this: by (smt (verit) list.collapse list.inject subst_cls_lists_Cons subst_cls_lists_empty_iff tl_Nil) (2.0 s)
0.sledgehammer goal.by        153874ms Ordered_Resolution_Prover.Abstract_Substitution 574:19496  timeout (SH 153872ms):
0.sledgehammer goal.unfolding 41918ms Ordered_Resolution_Prover.Abstract_Substitution 577:19609  some (SH 41917ms, ATP 2848ms): Try this: by (smt (z3) nth_map substitution_ops.subst_atm_list_def) (117 ms)
0.sledgehammer goal.using     26101ms Ordered_Resolution_Prover.Abstract_Substitution 577:19638  some (SH 26098ms, ATP 1807ms): Try this: by (smt (verit) nth_map) (54 ms)
0.sledgehammer goal.by         9880ms Ordered_Resolution_Prover.Abstract_Substitution 577:19671  some (SH 9879ms, ATP 2912ms): Try this: by (smt (z3)) (190 ms)
0.sledgehammer goal.unfolding 32632ms Ordered_Resolution_Prover.Abstract_Substitution 580:19774  some (SH 32630ms, ATP 4141ms): Try this: by (smt (z3) nth_map substitution_ops.subst_atm_mset_list_def) (82 ms)
0.sledgehammer goal.by        23718ms Ordered_Resolution_Prover.Abstract_Substitution 580:19808  some (SH 23717ms, ATP 443ms): Try this: by (smt (z3) nth_map) (172 ms)
0.sledgehammer goal.unfolding 59287ms Ordered_Resolution_Prover.Abstract_Substitution 584:19947  some (SH 59286ms, ATP 841ms): Try this: by (smt (z3) length_zip[of AAs \<sigma>s] min_less_iff_conj[of i "length \<sigma>s" "length \<sigma>s"] nth_map[of i "zip AAs \<sigma>s" "\<lambda>(x, y). x \<cdot>am y"] nth_zip[of i AAs \<sigma>s] prod.simps(2)[of "(\<cdot>am)" "AAs ! i" "\<sigma>s ! i"] subst_atm_mset_lists_def[of AAs \<sigma>s]) (123 ms)
0.sledgehammer goal.by        39074ms Ordered_Resolution_Prover.Abstract_Substitution 584:19982  some (SH 39072ms, ATP 772ms): Try this: by (smt (cvc5, term_relev) length_zip[of AAs \<sigma>s] min_less_iff_conj[of i "length \<sigma>s" "length \<sigma>s"] nth_map[of i "zip AAs \<sigma>s" "\<lambda>(x, y). x \<cdot>am y"] nth_zip[of i AAs \<sigma>s] old.prod.case[of "(\<cdot>am)" "AAs ! i" "\<sigma>s ! i"]) (159 ms)
0.sledgehammer goal.unfolding 29274ms Ordered_Resolution_Prover.Abstract_Substitution 587:20073  some (SH 29272ms, ATP 719ms): Try this: by (smt (z3) nth_map substitution_ops.subst_cls_list_def) (86 ms)
0.sledgehammer goal.using     26419ms Ordered_Resolution_Prover.Abstract_Substitution 587:20102  some (SH 26417ms, ATP 574ms): Try this: by (smt (z3) nth_map) (35 ms)
0.sledgehammer goal.by        12212ms Ordered_Resolution_Prover.Abstract_Substitution 587:20135  some (SH 12211ms, ATP 458ms): Try this: by (smt (z3)) (77 ms)
0.sledgehammer goal.unfolding 124186ms Ordered_Resolution_Prover.Abstract_Substitution 591:20277  some (SH 124182ms, ATP 365ms): Try this: by (smt (z3) length_zip min_less_iff_conj nth_map nth_zip prod.simps(2) subst_cls_lists_def) (531 ms)
0.sledgehammer goal.by        112362ms Ordered_Resolution_Prover.Abstract_Substitution 591:20307  some (SH 112361ms, ATP 439ms): Try this: by (smt (z3) length_zip min_less_iff_conj nth_map nth_zip old.prod.case) (1.0 s)
0.sledgehammer goal.unfolding 51097ms Ordered_Resolution_Prover.Abstract_Substitution 597:20447  some (SH 51096ms, ATP 4307ms): Try this: by (smt (z3) Collect_cong Setcompr_eq_image image_image substitution_ops.subst_clss_def) (833 ms)
0.sledgehammer goal.by        36150ms Ordered_Resolution_Prover.Abstract_Substitution 597:20472  some (SH 36149ms, ATP 1209ms): Try this: by (smt (z3) Collect_cong Setcompr_eq_image image_iff) (1.3 s)
0.sledgehammer goal.unfolding 37706ms Ordered_Resolution_Prover.Abstract_Substitution 600:20569  some (SH 37705ms, ATP 487ms): Try this: by (smt (verit) image_mset_cong2 multiset.map_comp o_apply substitution_ops.subst_cls_mset_def) (190 ms)
0.sledgehammer goal.by        74193ms Ordered_Resolution_Prover.Abstract_Substitution 600:20598  some (SH 74193ms, ATP 6281ms): Try this: by (smt (verit, best) add_mset_eq_single image_mset_cong2 image_mset_single multiset.map_comp) (474 ms)
0.sledgehammer goal.unfolding 29820ms Ordered_Resolution_Prover.Abstract_Substitution 603:20693  some (SH 29819ms, ATP 2158ms): Try this: by (smt (verit, best) mset_map subst_atm_list_def subst_atm_mset_def) (50 ms)
0.sledgehammer goal.by         7034ms Ordered_Resolution_Prover.Abstract_Substitution 603:20741  some (SH 7031ms, ATP 779ms): Try this: by (smt (verit) mset_map) (12 ms)
0.sledgehammer goal.unfolding 41182ms Ordered_Resolution_Prover.Abstract_Substitution 606:20830  some (SH 41181ms, ATP 879ms): Try this: by (smt (z3) mset_map subst_cls_list_def subst_cls_mset_def) (64 ms)
0.sledgehammer goal.by         8247ms Ordered_Resolution_Prover.Abstract_Substitution 606:20878  some (SH 8246ms, ATP 839ms): Try this: by (smt (z3) mset_map) (11 ms)
0.sledgehammer goal.unfolding 25139ms Ordered_Resolution_Prover.Abstract_Substitution 609:20976  timeout (SH 25137ms): Timed out
0.sledgehammer goal.by        24147ms Ordered_Resolution_Prover.Abstract_Substitution 609:21005  timeout (SH 24145ms): Timed out
0.sledgehammer goal.by        35784ms Ordered_Resolution_Prover.Abstract_Substitution 612:21117  some (SH 35782ms, ATP 935ms): Try this: by (smt (z3) multiset.set_map subst_cls_mset_def subst_clss_def) (39 ms)
0.sledgehammer goal.by        35673ms Ordered_Resolution_Prover.Abstract_Substitution 615:21250  some (SH 35672ms, ATP 1087ms): Try this: by (smt (cvc5, best) Melem_subst_cls eql_neg_lit_eql_atm) (702 ms)
0.sledgehammer goal.by        36537ms Ordered_Resolution_Prover.Abstract_Substitution 618:21381  some (SH 36536ms, ATP 1202ms): Try this: by (smt (cvc5, best) Melem_subst_cls eql_pos_lit_eql_atm) (737 ms)
0.sledgehammer goal.by        117591ms Ordered_Resolution_Prover.Abstract_Substitution 621:21504  some (SH 117590ms, ATP 1111ms): Try this: by (smt (verit, ccfv_threshold) Neg_Melem_subst_atm_subst_cls Pos_Melem_subst_atm_subst_cls atm_imp_pos_or_neg_lit neg_lit_in_atms_of pos_lit_in_atms_of) (370 ms)
0.sledgehammer goal.unfolding 21964ms Ordered_Resolution_Prover.Abstract_Substitution 627:21647  some (SH 21962ms, ATP 1492ms): Try this: by (smt (verit, best) comp_subst_id_subst is_renaming_def) (186 ms)
0.sledgehammer goal.by        12466ms Ordered_Resolution_Prover.Abstract_Substitution 627:21673  some (SH 12465ms, ATP 1151ms): Try this: by (smt (verit, del_insts) comp_subst_id_subst) (39 ms)
0.sledgehammer goal.by        62158ms Ordered_Resolution_Prover.Abstract_Substitution 630:21760  some (SH 62158ms, ATP 1461ms): Try this: by (smt (verit) is_renaming_def subst_atm_comp_subst subst_atm_id_subst) (706 ms)
0.sledgehammer goal.unfolding 25967ms Ordered_Resolution_Prover.Abstract_Substitution 633:21913  timeout (SH 25965ms): Timed out
0.sledgehammer goal.by        28396ms Ordered_Resolution_Prover.Abstract_Substitution 633:21956  some (SH 28393ms, ATP 2366ms): Try this: by (smt (z3) alethe_sko_ex') (65 ms)
0.sledgehammer goal.unfolding 25167ms Ordered_Resolution_Prover.Abstract_Substitution 637:22116  timeout (SH 25166ms): Timed out
0.sledgehammer goal.by        25194ms Ordered_Resolution_Prover.Abstract_Substitution 637:22147  timeout (SH 25191ms): Timed out
0.sledgehammer goal.unfolding  8548ms Ordered_Resolution_Prover.Abstract_Substitution 640:22245  some (SH 8544ms, ATP 1219ms): Try this: by (smt (z3) comp_substs_empty_iff) (73 ms)
0.sledgehammer goal.by        99313ms Ordered_Resolution_Prover.Abstract_Substitution 640:22271  some (SH 99313ms, ATP 1670ms): Try this: by (smt (z3) map2_empty_iff) (65 ms)
0.sledgehammer goal.unfolding  9736ms Ordered_Resolution_Prover.Abstract_Substitution 643:22326  some (SH 9734ms, ATP 1528ms): Try this: by (smt (z3) comp_substs_empty_iff) (79 ms)
0.sledgehammer goal.by        112196ms Ordered_Resolution_Prover.Abstract_Substitution 643:22352  some (SH 112195ms, ATP 1862ms): Try this: by (smt (z3) map2_empty_iff) (74 ms)
0.sledgehammer goal.by        41847ms Ordered_Resolution_Prover.Abstract_Substitution 646:22445  some (SH 41845ms, ATP 2146ms): Try this: by (smt (verit, ccfv_SIG) comp_subst_assoc comp_subst_id_subst inv_renaming_cancel_r) (120 ms)
0.sledgehammer goal.by        48119ms Ordered_Resolution_Prover.Abstract_Substitution 650:22622  some (SH 48119ms, ATP 1910ms): Try this: by (smt (z3) comp_subst_assoc comp_subst_id_subst inv_renaming_cancel_r) (283 ms)
0.sledgehammer goal.unfolding 76466ms Ordered_Resolution_Prover.Abstract_Substitution 653:22774  some (SH 76465ms, ATP 2864ms): Try this: by (smt (z3) comp_subst_assoc comp_subst_id_subst is_renaming_def) (714 ms)
0.sledgehammer goal.by        64577ms Ordered_Resolution_Prover.Abstract_Substitution 653:22800  some (SH 64576ms, ATP 2623ms): Try this: by (smt (verit) comp_subst_assoc comp_subst_id_subst) (549 ms)
0.sledgehammer goal.by        57435ms Ordered_Resolution_Prover.Abstract_Substitution 656:22947  some (SH 57434ms, ATP 2036ms): Try this: by (smt (verit) inv_renaming_cancel_r subst_atm_comp_subst subst_atm_id_subst) (139 ms)
0.sledgehammer goal.by        85096ms Ordered_Resolution_Prover.Abstract_Substitution 659:23124  some (SH 85095ms, ATP 1461ms): Try this: by (smt (z3) inv_renaming_cancel_r subst_atms_comp_subst subst_atms_id_subst) (151 ms)
0.sledgehammer goal.by        70084ms Ordered_Resolution_Prover.Abstract_Substitution 662:23308  some (SH 70083ms, ATP 1618ms): Try this: by (smt (z3) inv_renaming_cancel_r subst_atmss_comp_subst subst_atmss_id_subst) (110 ms)
0.sledgehammer goal.by        72400ms Ordered_Resolution_Prover.Abstract_Substitution 665:23493  some (SH 72398ms, ATP 4411ms): Try this: by (smt (verit, del_insts) inv_renaming_cancel_r subst_atm_list_comp_subst subst_atm_list_id_subst) (167 ms)
0.sledgehammer goal.by        70682ms Ordered_Resolution_Prover.Abstract_Substitution 668:23684  some (SH 70681ms, ATP 2623ms): Try this: by (smt (z3) inv_renaming_cancel_r subst_atm_mset_comp_subst subst_atm_mset_id_subst) (84 ms)
0.sledgehammer goal.by        67326ms Ordered_Resolution_Prover.Abstract_Substitution 671:23886  some (SH 67324ms, ATP 2027ms): Try this: by (smt (z3) inv_renaming_cancel_r subst_atm_mset_list_comp_subst subst_atm_mset_list_id_subst) (119 ms)
0.sledgehammer goal.by        67031ms Ordered_Resolution_Prover.Abstract_Substitution 675:24143  some (SH 67029ms, ATP 1707ms): Try this: by (smt (verit, ccfv_threshold) inv_renaming_cancel_r_list subst_atm_mset_lists_comp_substs subst_atm_mset_lists_id_subst) (176 ms)
0.sledgehammer goal.by        52012ms Ordered_Resolution_Prover.Abstract_Substitution 679:24351  some (SH 52011ms, ATP 1311ms): Try this: by (smt (cvc5, best) inv_renaming_cancel_r subst_lit_comp_subst subst_lit_id_subst) (111 ms)
0.sledgehammer goal.by        51829ms Ordered_Resolution_Prover.Abstract_Substitution 682:24522  some (SH 51827ms, ATP 1535ms): Try this: by (smt (z3) inv_renaming_cancel_r subst_cls_comp_subst subst_cls_id_subst) (40 ms)
0.sledgehammer goal.by        51319ms Ordered_Resolution_Prover.Abstract_Substitution 686:24701  some (SH 51318ms, ATP 1442ms): Try this: by (smt (verit, ccfv_threshold) inv_renaming_cancel_r subst_clss_id_subst subst_clsscomp_subst) (136 ms)
0.sledgehammer goal.by        84340ms Ordered_Resolution_Prover.Abstract_Substitution 690:24885  some (SH 84338ms, ATP 1703ms): Try this: by (smt (verit) inv_renaming_cancel_r subst_cls_list_comp_subst subst_cls_list_id_subst) (171 ms)
0.sledgehammer goal.by        78877ms Ordered_Resolution_Prover.Abstract_Substitution 694:25121  some (SH 78876ms, ATP 2520ms): Try this: by (smt (z3) inv_renaming_cancel_r_list subst_cls_lists_comp_substs subst_cls_lists_id_subst) (133 ms)
0.sledgehammer goal.by        69469ms Ordered_Resolution_Prover.Abstract_Substitution 698:25322  some (SH 69468ms, ATP 2479ms): Try this: by (smt (z3) inv_renaming_cancel_r subst_cls_mset_comp_subst subst_cls_mset_id_subst) (180 ms)
0.sledgehammer goal.by        78050ms Ordered_Resolution_Prover.Abstract_Substitution 704:25525  some (SH 78049ms, ATP 4613ms): Try this: by (smt (z3) image_mono multiset.set_map substitution_ops.subst_cls_def) (575 ms)
0.sledgehammer goal.unfolding 33151ms Ordered_Resolution_Prover.Abstract_Substitution 707:25590  some (SH 33149ms, ATP 5716ms): Try this: by (smt (z3) image_mset_union subset_mset.le_iff_add subst_cls_def) (273 ms)
0.sledgehammer goal.by        93159ms Ordered_Resolution_Prover.Abstract_Substitution 707:25615  some (SH 93147ms, ATP 2653ms): Try this: by (smt (z3) image_mset_union subset_mset.le_iff_add subst_cls_def) (643 ms)
0.sledgehammer goal.unfolding 28004ms Ordered_Resolution_Prover.Abstract_Substitution 710:25723  timeout (SH 28002ms): Timed out
0.sledgehammer goal.by        12278ms Ordered_Resolution_Prover.Abstract_Substitution 710:25747  some (SH 12272ms, ATP 1898ms): Try this: by (smt (z3) image_mset_subset_mono) (171 ms)
0.sledgehammer goal.unfolding 31708ms Ordered_Resolution_Prover.Abstract_Substitution 716:25878  timeout (SH 31707ms): Timed out
0.sledgehammer goal.by        15931ms Ordered_Resolution_Prover.Abstract_Substitution 716:25902  some (SH 15925ms, ATP 2434ms): Try this: by (smt (verit) size_image_mset) (81 ms)
0.sledgehammer goal.unfolding 32057ms Ordered_Resolution_Prover.Abstract_Substitution 719:25980  some (SH 32056ms, ATP 4627ms): Try this: by (smt (z3) length_map subst_atm_list_def) (124 ms)
0.sledgehammer goal.by        21253ms Ordered_Resolution_Prover.Abstract_Substitution 719:26009  some (SH 21252ms, ATP 1386ms): Try this: by (smt (verit) length_map) (38 ms)
0.sledgehammer goal.unfolding 24857ms Ordered_Resolution_Prover.Abstract_Substitution 722:26095  some (SH 24857ms, ATP 1573ms): Try this: by (smt (verit, del_insts) length_map subst_atm_mset_list_def) (41 ms)
0.sledgehammer goal.by         8614ms Ordered_Resolution_Prover.Abstract_Substitution 722:26129  some (SH 8612ms, ATP 966ms): Try this: by (smt (cvc5, best) length_map) (42 ms)
0.sledgehammer goal.unfolding 77189ms Ordered_Resolution_Prover.Abstract_Substitution 725:26236  some (SH 77186ms, ATP 369ms): Try this: by (smt (z3) length_map length_zip subst_atm_mset_lists_def) (498 ms)
0.sledgehammer goal.by        20600ms Ordered_Resolution_Prover.Abstract_Substitution 725:26271  some (SH 20599ms, ATP 328ms): Try this: by (smt (verit, ccfv_SIG) length_map length_zip) (639 ms)
0.sledgehammer goal.unfolding 28369ms Ordered_Resolution_Prover.Abstract_Substitution 728:26349  some (SH 28368ms, ATP 317ms): Try this: by (smt (verit, del_insts) length_map subst_cls_list_def) (43 ms)
0.sledgehammer goal.by         8527ms Ordered_Resolution_Prover.Abstract_Substitution 728:26378  some (SH 8526ms, ATP 206ms): Try this: by (smt (cvc5, best) length_map) (31 ms)
0.sledgehammer goal.unfolding 46430ms Ordered_Resolution_Prover.Abstract_Substitution 731:26471  some (SH 46427ms, ATP 1045ms): Try this: by (smt (z3) comp_substs_def length_map length_zip) (197 ms)
0.sledgehammer goal.by        24577ms Ordered_Resolution_Prover.Abstract_Substitution 731:26497  some (SH 24576ms, ATP 1229ms): Try this: by (smt (z3) length_map length_zip) (69 ms)
0.sledgehammer goal.unfolding 45774ms Ordered_Resolution_Prover.Abstract_Substitution 734:26596  some (SH 45773ms, ATP 389ms): Try this: by (smt (verit) length_map length_zip subst_cls_lists_def) (294 ms)
0.sledgehammer goal.by        32355ms Ordered_Resolution_Prover.Abstract_Substitution 734:26626  some (SH 32354ms, ATP 325ms): Try this: by (smt (z3) length_map length_zip) (281 ms)
0.sledgehammer goal.proof     26642ms Ordered_Resolution_Prover.Abstract_Substitution 742:26798  timeout (SH 26641ms): Timed out
0.sledgehammer goal.using     50958ms Ordered_Resolution_Prover.Abstract_Substitution 746:26951  some (SH 50956ms, ATP 1360ms): Try this: by (smt (z3) assms var_disjoint_def) (1.6 s)
0.sledgehammer goal.unfolding 29585ms Ordered_Resolution_Prover.Abstract_Substitution 746:26963  some (SH 29584ms, ATP 1520ms): Try this: by (smt (z3) var_disjoint_def) (1.7 s)
0.sledgehammer goal.by        11053ms Ordered_Resolution_Prover.Abstract_Substitution 746:26990  some (SH 11052ms, ATP 1251ms): Try this: by (smt (verit, ccfv_threshold)) (1.1 s)
0.sledgehammer goal.by        18414ms Ordered_Resolution_Prover.Abstract_Substitution 748:27066  some (SH 18413ms, ATP 1230ms): Try this: by (smt (z3) subset_mset.order_refl) (171 ms)
0.sledgehammer goal.using     44986ms Ordered_Resolution_Prover.Abstract_Substitution 750:27114  some (SH 44985ms, ATP 3814ms): Try this: by (smt (verit, best) a min.idem nth_equalityI subst_cls_list_length subst_cls_list_nth subst_cls_lists_length subst_cls_lists_nth) (218 ms)
0.sledgehammer goal.by        56095ms Ordered_Resolution_Prover.Abstract_Substitution 750:27122  some (SH 56095ms, ATP 567ms): Try this: by (smt (verit, ccfv_SIG) min.idem nth_equalityI subst_cls_list_length subst_cls_list_nth subst_cls_lists_length subst_cls_lists_nth) (205 ms)
0.sledgehammer goal.by         5106ms Ordered_Resolution_Prover.Abstract_Substitution 752:27197  some (SH 5105ms, ATP 872ms): Try this: by (smt (z3)) (101 ms)
0.sledgehammer goal.using     81905ms Ordered_Resolution_Prover.Abstract_Substitution 759:27314  some (SH 81904ms, ATP 968ms): Try this: by (smt (verit, ccfv_threshold) empty_iff is_ground_cls_def make_ground_subst set_mset_empty subst_cls_id_subst) (331 ms)
0.sledgehammer goal.by        28025ms Ordered_Resolution_Prover.Abstract_Substitution 760:27350  some (SH 28025ms, ATP 1161ms): Try this: by (smt (verit, best) empty_iff is_ground_cls_def set_mset_empty subst_cls_id_subst) (637 ms)
0.sledgehammer goal.unfolding 131777ms Ordered_Resolution_Prover.Abstract_Substitution 764:27499  some (SH 131777ms, ATP 1548ms): Try this: by (smt (verit, del_insts) is_ground_cls_list_def list.set_intros(1) set_ConsD set_subset_Cons subsetD) (572 ms)
0.sledgehammer goal.by        121268ms Ordered_Resolution_Prover.Abstract_Substitution 764:27532  some (SH 121267ms, ATP 1100ms): Try this: by (smt (z3) list.set_intros(1,2) set_ConsD) (451 ms)
0.sledgehammer goal.unfolding 88256ms Ordered_Resolution_Prover.Abstract_Substitution 770:27671  some (SH 88254ms, ATP 239ms): Try this: by (smt (cvc5, quant_saturate) Un_iff is_ground_atms_def) (560 ms)
0.sledgehammer goal.by        11380ms Ordered_Resolution_Prover.Abstract_Substitution 770:27700  some (SH 11379ms, ATP 1355ms): Try this: by (smt (z3) Un_iff) (755 ms)
0.sledgehammer goal.unfolding 23350ms Ordered_Resolution_Prover.Abstract_Substitution 774:27830  some (SH 23350ms, ATP 304ms): Try this: by (smt (cvc5, best) is_ground_atm_mset_def union_iff) (262 ms)
0.sledgehammer goal.by        70437ms Ordered_Resolution_Prover.Abstract_Substitution 774:27863  some (SH 70436ms, ATP 1737ms): Try this: by (smt (z3) union_iff) (729 ms)
0.sledgehammer goal.unfolding 27075ms Ordered_Resolution_Prover.Abstract_Substitution 777:27967  some (SH 27074ms, ATP 3646ms): Try this: by (smt (z3) is_ground_cls_def union_iff) (459 ms)
0.sledgehammer goal.by        10136ms Ordered_Resolution_Prover.Abstract_Substitution 777:27995  some (SH 10135ms, ATP 1210ms): Try this: by (smt (z3) union_iff) (510 ms)
0.sledgehammer goal.unfolding 153620ms Ordered_Resolution_Prover.Abstract_Substitution 781:28109  timeout (SH 153619ms):
0.sledgehammer goal.by        10049ms Ordered_Resolution_Prover.Abstract_Substitution 781:28138  some (SH 10048ms, ATP 972ms): Try this: by (smt (z3) Un_iff) (861 ms)
0.sledgehammer goal.by        29850ms Ordered_Resolution_Prover.Abstract_Substitution 785:28260  some (SH 29849ms, ATP 1115ms): Try this: by (smt (cvc5, best) in_mset_sum_list2 is_ground_cls_def is_ground_cls_list_def) (590 ms)
0.sledgehammer goal.by        23728ms Ordered_Resolution_Prover.Abstract_Substitution 791:28438  timeout (SH 23727ms): Timed out
0.sledgehammer goal.by        23543ms Ordered_Resolution_Prover.Abstract_Substitution 794:28564  timeout (SH 23539ms): Timed out
0.sledgehammer goal.by        42661ms Ordered_Resolution_Prover.Abstract_Substitution 798:28714  some (SH 42659ms, ATP 1100ms): Try this: by (smt (z3) Sup_insert image_insert substitution_ops.grounding_of_clss_def) (49 ms)
0.sledgehammer goal.by        24264ms Ordered_Resolution_Prover.Abstract_Substitution 802:28859  timeout (SH 24262ms): Timed out
0.sledgehammer goal.unfolding 33130ms Ordered_Resolution_Prover.Abstract_Substitution 808:29007  some (SH 33127ms, ATP 966ms): Try this: by (smt (z3) is_ground_cls_union subset_mset.le_iff_add) (216 ms)
0.sledgehammer goal.by         6979ms Ordered_Resolution_Prover.Abstract_Substitution 808:29035  some (SH 6979ms, ATP 967ms): Try this: by (smt (z3) mset_subset_eqD) (72 ms)
0.sledgehammer goal.unfolding 21192ms Ordered_Resolution_Prover.Abstract_Substitution 811:29148  some (SH 21192ms, ATP 918ms): Try this: by (smt (cvc5, best) is_ground_clss_union subset_Un_eq) (61 ms)
0.sledgehammer goal.by         6935ms Ordered_Resolution_Prover.Abstract_Substitution 811:29177  some (SH 6934ms, ATP 860ms): Try this: by (smt (z3) subsetD) (163 ms)
0.sledgehammer goal.using     25125ms Ordered_Resolution_Prover.Abstract_Substitution 814:29275  some (SH 25124ms, ATP 976ms): Try this: by (smt (verit, ccfv_threshold) grounding_of_clss_union subset_Un_eq) (94 ms)
0.sledgehammer goal.by        32337ms Ordered_Resolution_Prover.Abstract_Substitution 814:29303  some (SH 32336ms, ATP 791ms): Try this: by (smt (verit, ccfv_SIG) grounding_of_clss_union subset_Un_eq) (51 ms)
0.sledgehammer goal.by        67010ms Ordered_Resolution_Prover.Abstract_Substitution 818:29448  some (SH 67009ms, ATP 1145ms): Try this: by (smt (cvc5, best) in_mset_sum_list is_ground_cls_def is_ground_cls_list_def is_ground_cls_list_is_ground_cls_sum_list is_ground_cls_mono) (414 ms)
0.sledgehammer goal.unfolding 20131ms Ordered_Resolution_Prover.Abstract_Substitution 825:29732  some (SH 20130ms, ATP 917ms): Try this: by (smt (cvc5, fmf) is_ground_subst_def subst_atm_comp_subst) (119 ms)
0.sledgehammer goal.by         6077ms Ordered_Resolution_Prover.Abstract_Substitution 825:29780  some (SH 6076ms, ATP 889ms): Try this: by (smt (z3) subst_atm_comp_subst) (30 ms)
0.sledgehammer goal.by         5804ms Ordered_Resolution_Prover.Abstract_Substitution 828:29873  some (SH 5804ms, ATP 909ms): Try this: by (smt (verit, ccfv_threshold) is_ground_subst_def) (58 ms)
0.sledgehammer goal.unfolding 36483ms Ordered_Resolution_Prover.Abstract_Substitution 831:29993  some (SH 36482ms, ATP 941ms): Try this: by (smt (z3) atm_of_subst_lit ground_subst_ground_atm is_ground_lit_def) (97 ms)
0.sledgehammer goal.by        68108ms Ordered_Resolution_Prover.Abstract_Substitution 831:30035  some (SH 68106ms, ATP 1031ms): Try this: by (smt (z3) ground_subst_ground_atm literal.map_sel(1,2)) (103 ms)
0.sledgehammer goal.unfolding 68725ms Ordered_Resolution_Prover.Abstract_Substitution 834:30137  some (SH 68724ms, ATP 1136ms): Try this: by (smt (cvc5, best) Melem_subst_cls ground_subst_ground_lit is_ground_cls_def) (406 ms)
0.sledgehammer goal.by        45159ms Ordered_Resolution_Prover.Abstract_Substitution 834:30165  some (SH 45158ms, ATP 1009ms): Try this: by (smt (z3) Melem_subst_cls ground_subst_ground_lit) (470 ms)
0.sledgehammer goal.unfolding 145969ms Ordered_Resolution_Prover.Abstract_Substitution 837:30262  some (SH 145968ms, ATP 472ms): Try this: by (smt (cvc5, best) ground_subst_ground_cls image_iff is_ground_clss_def substitution_ops.subst_clss_def) (260 ms)
0.sledgehammer goal.by        47074ms Ordered_Resolution_Prover.Abstract_Substitution 837:30306  some (SH 47073ms, ATP 1010ms): Try this: by (smt (z3) f_inv_into_f ground_subst_ground_cls) (121 ms)
0.sledgehammer goal.unfolding 114172ms Ordered_Resolution_Prover.Abstract_Substitution 840:30411  some (SH 114171ms, ATP 1321ms): Try this: by (smt (verit, ccfv_threshold) ground_subst_ground_cls in_mset_sum_list is_ground_cls_def is_ground_cls_list_def sum_list_subst_cls_list_subst_cls) (472 ms)
0.sledgehammer goal.by        102016ms Ordered_Resolution_Prover.Abstract_Substitution 840:30463  some (SH 102015ms, ATP 1053ms): Try this: by (smt (z3) ground_subst_ground_cls in_set_conv_nth length_map nth_map) (430 ms)
0.sledgehammer goal.unfolding 101520ms Ordered_Resolution_Prover.Abstract_Substitution 844:30586  some (SH 101519ms, ATP 799ms): Try this: by (smt (verit, del_insts) ground_subst_ground_cls in_set_conv_nth is_ground_cls_list_def length_map min_less_iff_conj nth_map nth_zip prod.simps(2) subst_cls_lists_def subst_cls_lists_length) (1.8 s)
0.sledgehammer goal.by        130389ms Ordered_Resolution_Prover.Abstract_Substitution 844:30639  some (SH 130388ms, ATP 459ms): Try this: by (smt (verit, del_insts) ground_subst_ground_cls in_set_conv_nth length_map length_zip min_less_iff_conj nth_map nth_zip prod.simps(2)) (1.3 s)
0.sledgehammer goal.proof     28172ms Ordered_Resolution_Prover.Abstract_Substitution 849:30783  some (SH 28171ms, ATP 4664ms): Try this: by (smt (cvc5, best) assms is_ground_comp_subst mem_Collect_eq subsetI subst_cls_comp_subst substitution_ops.grounding_of_cls_def) (260 ms)
0.sledgehammer goal.unfolding 20705ms Ordered_Resolution_Prover.Abstract_Substitution 854:30907  some (SH 20704ms, ATP 1069ms): Try this: by (smt (verit, best) mem_Collect_eq substitution_ops.grounding_of_cls_def) (229 ms)
0.sledgehammer goal.by         8367ms Ordered_Resolution_Prover.Abstract_Substitution 854:30938  some (SH 8366ms, ATP 885ms): Try this: by (smt (verit, best) mem_Collect_eq) (354 ms)
0.sledgehammer goal.using     18261ms Ordered_Resolution_Prover.Abstract_Substitution 856:31011  some (SH 18259ms, ATP 671ms): Try this: by (smt (verit, ccfv_SIG) assms is_ground_comp_subst) (29 ms)
0.sledgehammer goal.by         5911ms Ordered_Resolution_Prover.Abstract_Substitution 856:31023  some (SH 5910ms, ATP 811ms): Try this: by (smt (z3) is_ground_comp_subst) (39 ms)
0.sledgehammer goal.unfolding 163510ms Ordered_Resolution_Prover.Abstract_Substitution 858:31074  some (SH 163509ms, ATP 1183ms): Try this: by (smt (verit, ccfv_threshold) C\<sigma>'(1) grounding_of_cls_def mem_Collect_eq subst_cls_comp_subst) (644 ms)
0.sledgehammer goal.using     48185ms Ordered_Resolution_Prover.Abstract_Substitution 858:31105  some (SH 48184ms, ATP 949ms): Try this: by (smt (verit, best) C\<sigma>'(1) mem_Collect_eq subst_cls_comp_subst) (296 ms)
0.sledgehammer goal.by        31074ms Ordered_Resolution_Prover.Abstract_Substitution 858:31118  some (SH 31073ms, ATP 2235ms): Try this: by (smt (verit, del_insts) mem_Collect_eq subst_cls_comp_subst) (149 ms)
0.sledgehammer goal.unfolding  5763ms Ordered_Resolution_Prover.Abstract_Substitution 864:31259  some (SH 5762ms, ATP 685ms): Try this: by (smt (verit, ccfv_threshold) is_ground_atm_def) (63 ms)
0.sledgehammer goal.by         4234ms Ordered_Resolution_Prover.Abstract_Substitution 864:31287  some (SH 4233ms, ATP 721ms): Try this: by (smt (z3)) (22 ms)
0.sledgehammer goal.unfolding 117501ms Ordered_Resolution_Prover.Abstract_Substitution 867:31368  some (SH 117500ms, ATP 946ms): Try this: by (smt (z3) image_cong image_ident is_ground_atms_def is_ground_subst_atm subst_atms_def) (708 ms)
0.sledgehammer goal.by        37364ms Ordered_Resolution_Prover.Abstract_Substitution 867:31422  some (SH 37362ms, ATP 2802ms): Try this: by (smt (cvc5, trigger_max) Collect_cong Collect_mem_eq is_ground_subst_atm) (464 ms)
0.sledgehammer goal.unfolding 60131ms Ordered_Resolution_Prover.Abstract_Substitution 870:31511  some (SH 60130ms, ATP 1080ms): Try this: by (smt (verit, del_insts) is_ground_atm_mset_def is_ground_subst_atm multiset.map_ident_strong subst_atm_mset_def) (288 ms)
0.sledgehammer goal.by        43330ms Ordered_Resolution_Prover.Abstract_Substitution 870:31563  some (SH 43329ms, ATP 1056ms): Try this: by (smt (verit, best) is_ground_subst_atm multiset.map_ident_strong) (369 ms)
0.sledgehammer goal.unfolding 92261ms Ordered_Resolution_Prover.Abstract_Substitution 873:31652  some (SH 92260ms, ATP 2617ms): Try this: by (smt (verit, best) is_ground_atm_list_def is_ground_subst_atm list.map_ident_strong subst_atm_list_def) (582 ms)
0.sledgehammer goal.by        35706ms Ordered_Resolution_Prover.Abstract_Substitution 873:31704  some (SH 35705ms, ATP 996ms): Try this: by (smt (verit, best) is_ground_subst_atm list.map_ident_strong) (326 ms)
0.sledgehammer goal.unfolding 38470ms Ordered_Resolution_Prover.Abstract_Substitution 877:31848  some (SH 38469ms, ATP 1330ms): Try this: by (smt (verit, best) is_ground_atm_list_def is_ground_subst_atm nth_mem) (426 ms)
0.sledgehammer goal.by        19035ms Ordered_Resolution_Prover.Abstract_Substitution 877:31881  some (SH 19034ms, ATP 1082ms): Try this: by (smt (z3) is_ground_subst_atm nth_mem) (142 ms)
0.sledgehammer goal.unfolding 131137ms Ordered_Resolution_Prover.Abstract_Substitution 880:31956  some (SH 131136ms, ATP 1276ms): Try this: by (smt (verit, ccfv_SIG) atm_of_subst_lit is_ground_lit_def is_ground_subst_atm literal.expand subst_lit_is_neg) (470 ms)
0.sledgehammer goal.by        153645ms Ordered_Resolution_Prover.Abstract_Substitution 880:31998  timeout (SH 153644ms):
0.sledgehammer goal.unfolding 59303ms Ordered_Resolution_Prover.Abstract_Substitution 883:32086  some (SH 59302ms, ATP 1391ms): Try this: by (smt (cvc5, best) is_ground_cls_def is_ground_subst_lit multiset.map_ident_strong substitution_ops.subst_cls_def) (307 ms)
0.sledgehammer goal.by        42040ms Ordered_Resolution_Prover.Abstract_Substitution 883:32128  some (SH 42039ms, ATP 980ms): Try this: by (smt (verit) is_ground_subst_lit multiset.map_ident_strong) (314 ms)
0.sledgehammer goal.unfolding 39553ms Ordered_Resolution_Prover.Abstract_Substitution 886:32209  some (SH 39552ms, ATP 1351ms): Try this: by (smt (z3) image_cong is_ground_clss_def is_ground_subst_cls subst_clss_id_subst substitution_ops.subst_clss_def) (2.2 s)
0.sledgehammer goal.by        72525ms Ordered_Resolution_Prover.Abstract_Substitution 886:32263  some (SH 72524ms, ATP 1284ms): Try this: by (smt (verit) Collect_cong Collect_mem_eq is_ground_subst_cls) (495 ms)
0.sledgehammer goal.using     127585ms Ordered_Resolution_Prover.Abstract_Substitution 891:32399  some (SH 127584ms, ATP 2070ms): Try this: by (smt (verit, best) assms(1,2) is_ground_cls_list_def is_ground_subst_cls min.idem nth_equalityI nth_mem subst_cls_lists_length subst_cls_lists_nth) (264 ms)
0.sledgehammer goal.by        116133ms Ordered_Resolution_Prover.Abstract_Substitution 891:32411  some (SH 116132ms, ATP 1972ms): Try this: by (smt (verit, del_insts) is_ground_cls_list_def is_ground_subst_cls min.idem nth_equalityI nth_mem subst_cls_lists_length subst_cls_lists_nth) (667 ms)
0.sledgehammer goal.using     41595ms Ordered_Resolution_Prover.Abstract_Substitution 895:32616  some (SH 41594ms, ATP 2229ms): Try this: by (smt (verit, ccfv_threshold) atm_of_subst_lit is_ground_atm_def is_ground_lit_def is_ground_subst_lit) (306 ms)
0.sledgehammer goal.by        59497ms Ordered_Resolution_Prover.Abstract_Substitution 895:32672  some (SH 59496ms, ATP 988ms): Try this: by (smt (z3) ex_ground_subst is_ground_subst_lit substitution.ground_subst_ground_lit substitution_axioms) (97 ms)
0.sledgehammer goal.by        25523ms Ordered_Resolution_Prover.Abstract_Substitution 898:32760  some (SH 25522ms, ATP 914ms): Try this: by (smt (z3) ex_ground_subst is_ground_subst_cls substitution.ground_subst_ground_cls substitution_axioms) (195 ms)
0.sledgehammer goal.proof      7345ms Ordered_Resolution_Prover.Abstract_Substitution 903:32957  some (SH 7343ms, ATP 684ms): Try this: by (smt (z3) subst_cls_eq_grounding_of_cls_subset_eq) (29 ms)
0.sledgehammer goal.unfolding 22844ms Ordered_Resolution_Prover.Abstract_Substitution 907:33105  some (SH 22844ms, ATP 1270ms): Try this: by (smt (z3) grounding_of_cls_def mem_Collect_eq) (201 ms)
0.sledgehammer goal.by         5499ms Ordered_Resolution_Prover.Abstract_Substitution 907:33151  some (SH 5497ms, ATP 606ms): Try this: by (smt (z3)) (123 ms)
0.sledgehammer goal.unfolding 59949ms Ordered_Resolution_Prover.Abstract_Substitution 910:33196  some (SH 59947ms, ATP 872ms): Try this: by (smt (z3) \<open>D \<in> grounding_of_cls (C \<cdot> \<mu>)\<close> subsetD subst_cls_eq_grounding_of_cls_subset_eq) (86 ms)
0.sledgehammer goal.using     43898ms Ordered_Resolution_Prover.Abstract_Substitution 911:33252  some (SH 43896ms, ATP 1118ms): Try this: by (smt (z3) gr_\<gamma> is_ground_comp_subst subst_cls_comp_subst) (89 ms)
0.sledgehammer goal.by         6907ms Ordered_Resolution_Prover.Abstract_Substitution 912:33298  some (SH 6906ms, ATP 1090ms): Try this: by (smt (verit, best) subst_cls_comp_subst) (85 ms)
0.sledgehammer goal.using     24645ms Ordered_Resolution_Prover.Abstract_Substitution 916:33406  timeout (SH 24644ms): Timed out
0.sledgehammer goal.by        24291ms Ordered_Resolution_Prover.Abstract_Substitution 917:33444  timeout (SH 24289ms): Timed out
0.sledgehammer goal.by        93469ms Ordered_Resolution_Prover.Abstract_Substitution 922:33633  some (SH 93466ms, ATP 1136ms): Try this: by (smt (z3) assms grounding_of_subst_cls_subset inv_renaming_cancel_r subset_antisym subst_cls_comp_subst subst_cls_id_subst) (130 ms)
0.sledgehammer goal.by        86365ms Ordered_Resolution_Prover.Abstract_Substitution 928:33930  some (SH 86364ms, ATP 1099ms): Try this: by (smt (cvc5, best) assms grounding_of_subst_clss_subset is_renaming_def subset_antisym subst_clss_id_subst subst_clsscomp_subst) (205 ms)
0.sledgehammer goal.by        131988ms Ordered_Resolution_Prover.Abstract_Substitution 934:34179  some (SH 131987ms, ATP 1282ms): Try this: by (smt (cvc5, trigger_max) atms_of_def image_iff is_ground_cls_def is_ground_lit_def) (683 ms)
0.sledgehammer goal.by         7145ms Ordered_Resolution_Prover.Abstract_Substitution 937:34330  some (SH 7144ms, ATP 1636ms): Try this: by (smt (verit, best) is_ground_cls_def) (233 ms)
0.sledgehammer goal.by         5871ms Ordered_Resolution_Prover.Abstract_Substitution 940:34457  some (SH 5871ms, ATP 752ms): Try this: by (smt (verit, ccfv_threshold) is_ground_cls_as_atms) (69 ms)
0.sledgehammer goal.by         8611ms Ordered_Resolution_Prover.Abstract_Substitution 943:34594  some (SH 8610ms, ATP 799ms): Try this: by (smt (cvc5, best) is_ground_atms_def is_ground_cls_as_atms) (222 ms)
0.sledgehammer goal.unfolding 25403ms Ordered_Resolution_Prover.Abstract_Substitution 946:34731  timeout (SH 25400ms): Timed out
0.sledgehammer goal.by        54801ms Ordered_Resolution_Prover.Abstract_Substitution 946:34784  some (SH 54796ms, ATP 586ms): Try this: by (smt (verit, best) UN_iff ground_subst_ground_cls mem_Collect_eq) (609 ms)
0.sledgehammer goal.using     21425ms Ordered_Resolution_Prover.Abstract_Substitution 949:34884  some (SH 21425ms, ATP 792ms): Try this: by (smt (z3) grounding_ground grounding_of_clss_singleton) (154 ms)
0.sledgehammer goal.by         4743ms Ordered_Resolution_Prover.Abstract_Substitution 949:34935  some (SH 4742ms, ATP 887ms): Try this: by (smt (z3)) (160 ms)
0.sledgehammer goal.unfolding 18024ms Ordered_Resolution_Prover.Abstract_Substitution 953:35062  some (SH 18023ms, ATP 901ms): Try this: by (smt (verit, del_insts) subsetD substitution.grounding_ground substitution_axioms) (78 ms)
0.sledgehammer goal.by        147600ms Ordered_Resolution_Prover.Abstract_Substitution 953:35115  some (SH 147599ms, ATP 2196ms): Try this: by (smt (verit) Union_iff f_inv_into_f grounding_of_cls_def is_ground_cls_if_in_grounding_of_cls subsetD) (359 ms)
0.sledgehammer goal.unfolding  7613ms Ordered_Resolution_Prover.Abstract_Substitution 956:35179  some (SH 7612ms, ATP 850ms): Try this: by (smt (cvc5, best) is_ground_subst_cls_iff subst_cls_empty) (33 ms)
0.sledgehammer goal.by        16638ms Ordered_Resolution_Prover.Abstract_Substitution 956:35207  some (SH 16636ms, ATP 752ms): Try this: by (smt (z3) empty_iff set_mset_empty) (58 ms)
0.sledgehammer goal.by        154630ms Ordered_Resolution_Prover.Abstract_Substitution 960:35323  timeout (SH 154629ms):
0.sledgehammer goal.unfolding 56877ms Ordered_Resolution_Prover.Abstract_Substitution 963:35436  some (SH 56876ms, ATP 3118ms): Try this: by (smt (verit) empty_subsetI ex_ground_subst insert_subset is_ground_subst_cls mem_Collect_eq subset_antisym subset_eq substitution_ops.grounding_of_cls_def) (891 ms)
0.sledgehammer goal.by        63883ms Ordered_Resolution_Prover.Abstract_Substitution 963:35467  some (SH 63882ms, ATP 1971ms): Try this: by (smt (z3) Collect_cong ex_ground_subst is_ground_subst_cls singleton_conv2) (979 ms)
0.sledgehammer goal.by         8507ms Ordered_Resolution_Prover.Abstract_Substitution 966:35568  some (SH 8507ms, ATP 541ms): Try this: by (smt (z3) grounding_of_cls_ground is_ground_cls_empty) (20 ms)
0.sledgehammer goal.by        89308ms Ordered_Resolution_Prover.Abstract_Substitution 969:35691  some (SH 89304ms, ATP 1008ms): Try this: by (smt (verit, del_insts) Union_iff f_inv_into_f is_ground_cls_if_in_grounding_of_cls is_ground_clss_def) (522 ms)
0.sledgehammer goal.using     27143ms Ordered_Resolution_Prover.Abstract_Substitution 972:35852  some (SH 27141ms, ATP 971ms): Try this: by (smt (verit, best) grounding_ground is_ground_clss_def) (229 ms)
0.sledgehammer goal.by         5447ms Ordered_Resolution_Prover.Abstract_Substitution 972:35910  some (SH 5446ms, ATP 1908ms): Try this: by (smt (z3)) (33 ms)
0.sledgehammer goal.using     59063ms Ordered_Resolution_Prover.Abstract_Substitution 978:36053  some (SH 59062ms, ATP 1134ms): Try this: by (smt (z3) empty_iff grounding_of_cls_ground insertE is_ground_cls_if_in_grounding_of_cls) (185 ms)
0.sledgehammer goal.by        61374ms Ordered_Resolution_Prover.Abstract_Substitution 978:36080  some (SH 61373ms, ATP 922ms): Try this: by (smt (z3) empty_iff grounding_of_cls_ground insertE is_ground_cls_if_in_grounding_of_cls) (106 ms)
0.sledgehammer goal.proof     153193ms Ordered_Resolution_Prover.Abstract_Substitution 982:36211  timeout (SH 153193ms):
0.sledgehammer goal.using      6919ms Ordered_Resolution_Prover.Abstract_Substitution 984:36302  some (SH 6918ms, ATP 896ms): Try this: by (smt (z3) grounding_of_cls_ground is_ground_cls_if_in_grounding_of_cls) (38 ms)
0.sledgehammer goal.by         5171ms Ordered_Resolution_Prover.Abstract_Substitution 984:36369  some (SH 5171ms, ATP 874ms): Try this: by (smt (z3)) (179 ms)
0.sledgehammer goal.unfolding 24210ms Ordered_Resolution_Prover.Abstract_Substitution 989:36505  timeout (SH 24210ms): Timed out
0.sledgehammer goal.unfolding 23623ms Ordered_Resolution_Prover.Abstract_Substitution 990:36553  timeout (SH 23620ms): Timed out
0.sledgehammer goal.by        49634ms Ordered_Resolution_Prover.Abstract_Substitution 991:36605  some (SH 49631ms, ATP 979ms): Try this: by (smt (z3) SUP_cong UN_singleton) (1.4 s)
0.sledgehammer goal.unfolding 34153ms Ordered_Resolution_Prover.Abstract_Substitution 997:36696  some (SH 34152ms, ATP 805ms): Try this: by (smt (cvc5, best) subset_mset.zero_le subst_cls_id_subst subsumes_def) (97 ms)
0.sledgehammer goal.by        30703ms Ordered_Resolution_Prover.Abstract_Substitution 997:36733  some (SH 30702ms, ATP 1496ms): Try this: by (smt (z3) subset_mset.zero_le subst_cls_def subst_cls_id_subst) (60 ms)
0.sledgehammer goal.unfolding 63644ms Ordered_Resolution_Prover.Abstract_Substitution 1000:36822  some (SH 63644ms, ATP 1097ms): Try this: by (smt (verit, ccfv_SIG) strictly_subsumes_def subset_mset.le_zero_eq subst_cls_empty_iff subsumes_def subsumes_empty_left) (280 ms)
0.sledgehammer goal.by        90514ms Ordered_Resolution_Prover.Abstract_Substitution 1000:36881  some (SH 90513ms, ATP 1617ms): Try this: by (smt (z3) image_mset_is_empty_iff subset_mset.le_zero_eq subset_mset.zero_le) (196 ms)
0.sledgehammer goal.by        160004ms Ordered_Resolution_Prover.Abstract_Substitution 1006:36991  timeout (SH 160004ms):
0.sledgehammer goal.unfolding 25096ms Ordered_Resolution_Prover.Abstract_Substitution 1011:37147  timeout (SH 25095ms): Timed out
0.sledgehammer goal.by        135306ms Ordered_Resolution_Prover.Abstract_Substitution 1012:37233  some (SH 135304ms, ATP 3279ms): Try this: by (smt (z3) insertCI insert_image mem_Collect_eq singleton_conv2) (105 ms)
0.sledgehammer goal.unfolding 25659ms Ordered_Resolution_Prover.Abstract_Substitution 1017:37382  timeout (SH 25657ms): Timed out
0.sledgehammer goal.by        23559ms Ordered_Resolution_Prover.Abstract_Substitution 1018:37471  timeout (SH 23557ms): Timed out
0.sledgehammer goal.by        37031ms Ordered_Resolution_Prover.Abstract_Substitution 1023:37667  some (SH 37028ms, ATP 750ms): Try this: by (smt (z3) assms(1,2,3,4,5) is_unifier_subst_atm_eqI is_unifiers_def) (461 ms)
0.sledgehammer goal.unfolding 25170ms Ordered_Resolution_Prover.Abstract_Substitution 1028:37882  timeout (SH 25170ms): Timed out
0.sledgehammer goal.by        69302ms Ordered_Resolution_Prover.Abstract_Substitution 1028:37939  some (SH 69298ms, ATP 2422ms): Try this: by (smt (z3) imageE image_eqI subst_atms_comp_subst) (1.5 s)
0.sledgehammer goal.using      6109ms Ordered_Resolution_Prover.Abstract_Substitution 1034:38050  some (SH 6108ms, ATP 788ms): Try this: by (smt (verit, best) is_mgu_def) (153 ms)
0.sledgehammer goal.by         4967ms Ordered_Resolution_Prover.Abstract_Substitution 1034:38067  some (SH 4967ms, ATP 686ms): Try this: by (smt (cvc5, trigger_last)) (250 ms)
0.sledgehammer goal.using     26155ms Ordered_Resolution_Prover.Abstract_Substitution 1037:38160  some (SH 26154ms, ATP 982ms): Try this: by (smt (cvc5, best) is_mgu_def) (226 ms)
0.sledgehammer goal.by         8194ms Ordered_Resolution_Prover.Abstract_Substitution 1037:38177  some (SH 8193ms, ATP 811ms): Try this: by (smt (cvc5, trigger_last)) (264 ms)
0.sledgehammer goal.using      6167ms Ordered_Resolution_Prover.Abstract_Substitution 1040:38268  some (SH 6166ms, ATP 728ms): Try this: by (smt (verit, best) is_unifiers_def) (128 ms)
0.sledgehammer goal.by         6068ms Ordered_Resolution_Prover.Abstract_Substitution 1040:38290  some (SH 6067ms, ATP 739ms): Try this: by (smt (verit, ccfv_threshold)) (241 ms)
0.sledgehammer goal.by        33118ms Ordered_Resolution_Prover.Abstract_Substitution 1043:38361  some (SH 33117ms, ATP 908ms): Try this: by (smt (verit, ccfv_SIG) is_imgu_def is_mgu_def) (1.2 s)
0.sledgehammer goal.by         7165ms Ordered_Resolution_Prover.Abstract_Substitution 1046:38468  some (SH 7164ms, ATP 848ms): Try this: by (smt (verit, best) is_imgu_def) (513 ms)
0.sledgehammer goal.using     19192ms Ordered_Resolution_Prover.Abstract_Substitution 1049:38579  some (SH 19191ms, ATP 976ms): Try this: by (smt (verit, del_insts) is_imgu_comp_idempotent subst_atm_comp_subst) (38 ms)
0.sledgehammer goal.by         5180ms Ordered_Resolution_Prover.Abstract_Substitution 1049:38646  some (SH 5180ms, ATP 670ms): Try this: by (smt (z3)) (62 ms)
0.sledgehammer goal.using     19786ms Ordered_Resolution_Prover.Abstract_Substitution 1052:38744  some (SH 19785ms, ATP 841ms): Try this: by (smt (verit, best) is_imgu_comp_idempotent subst_atms_comp_subst) (47 ms)
0.sledgehammer goal.by         5268ms Ordered_Resolution_Prover.Abstract_Substitution 1052:38813  some (SH 5267ms, ATP 706ms): Try this: by (smt (z3)) (95 ms)
0.sledgehammer goal.using     20798ms Ordered_Resolution_Prover.Abstract_Substitution 1055:38906  some (SH 20798ms, ATP 830ms): Try this: by (smt (z3) is_imgu_comp_idempotent subst_lit_comp_subst) (80 ms)
0.sledgehammer goal.by         5113ms Ordered_Resolution_Prover.Abstract_Substitution 1055:38973  some (SH 5113ms, ATP 709ms): Try this: by (smt (z3)) (119 ms)
0.sledgehammer goal.using     22666ms Ordered_Resolution_Prover.Abstract_Substitution 1058:39063  some (SH 22665ms, ATP 763ms): Try this: by (smt (z3) is_imgu_comp_idempotent subst_cls_comp_subst) (69 ms)
0.sledgehammer goal.by         5194ms Ordered_Resolution_Prover.Abstract_Substitution 1058:39130  some (SH 5193ms, ATP 669ms): Try this: by (smt (z3)) (108 ms)
0.sledgehammer goal.using     21454ms Ordered_Resolution_Prover.Abstract_Substitution 1061:39229  some (SH 21453ms, ATP 947ms): Try this: by (smt (verit, ccfv_threshold) is_imgu_comp_idempotent subst_clsscomp_subst) (47 ms)
0.sledgehammer goal.by         5254ms Ordered_Resolution_Prover.Abstract_Substitution 1061:39297  some (SH 5253ms, ATP 757ms): Try this: by (smt (z3)) (145 ms)
0.sledgehammer goal.unfolding  7720ms Ordered_Resolution_Prover.Abstract_Substitution 1067:39409  some (SH 7719ms, ATP 787ms): Try this: by (smt (verit) variants_def) (47 ms)
0.sledgehammer goal.by         3643ms Ordered_Resolution_Prover.Abstract_Substitution 1067:39432  some (SH 3640ms, ATP 617ms): Try this: by (smt (verit, best)) (15 ms)
0.sledgehammer goal.proof     23422ms Ordered_Resolution_Prover.Abstract_Substitution 1070:39515  timeout (SH 23422ms): Timed out
0.sledgehammer goal.unfolding 51846ms Ordered_Resolution_Prover.Abstract_Substitution 1073:39591  some (SH 51843ms, ATP 4041ms): Try this: by (smt (verit, ccfv_SIG) generalizes_def subset_mset.dual_order.refl subsumes_def variants_def) (196 ms)
0.sledgehammer goal.by         9934ms Ordered_Resolution_Prover.Abstract_Substitution 1074:39649  some (SH 9933ms, ATP 1647ms): Try this: by (smt (z3) subset_mset.order_refl) (107 ms)
0.sledgehammer goal.unfolding 73150ms Ordered_Resolution_Prover.Abstract_Substitution 1078:39760  some (SH 73149ms, ATP 2153ms): Try this: by (smt (verit, del_insts) order_antisym_conv size_mset_mono size_subst subsumes_def) (205 ms)
0.sledgehammer goal.by        41806ms Ordered_Resolution_Prover.Abstract_Substitution 1078:39783  some (SH 41805ms, ATP 884ms): Try this: by (smt (z3) order_antisym_conv size_mset_mono size_subst) (130 ms)
0.sledgehammer goal.using     163104ms Ordered_Resolution_Prover.Abstract_Substitution 1080:39859  some (SH 163104ms, ATP 2475ms): Try this: by (smt (z3) generalizes_def size_subst sub subseteq_mset_size_eql subsumes_def variants_def) (374 ms)
0.sledgehammer goal.unfolding 153670ms Ordered_Resolution_Prover.Abstract_Substitution 1080:39869  timeout (SH 153668ms):
0.sledgehammer goal.by        25497ms Ordered_Resolution_Prover.Abstract_Substitution 1081:39925  some (SH 25496ms, ATP 1036ms): Try this: by (smt (z3) size_subst subseteq_mset_size_eql) (205 ms)
0.sledgehammer goal.by        154335ms Ordered_Resolution_Prover.Abstract_Substitution 1086:40120  timeout (SH 154334ms):
0.sledgehammer goal.unfolding 58306ms Ordered_Resolution_Prover.Abstract_Substitution 1090:40339  some (SH 58305ms, ATP 1101ms): Try this: by (smt (cvc5, best) generalizes_lit_def subst_lit_id_subst) (107 ms)
0.sledgehammer goal.by         7600ms Ordered_Resolution_Prover.Abstract_Substitution 1090:40369  some (SH 7600ms, ATP 1001ms): Try this: by (smt (verit, best) subst_lit_id_subst) (72 ms)
0.sledgehammer goal.unfolding 31077ms Ordered_Resolution_Prover.Abstract_Substitution 1094:40509  some (SH 31072ms, ATP 878ms): Try this: by (smt (z3) generalizes_lit_def subst_lit_comp_subst) (151 ms)
0.sledgehammer goal.using      8598ms Ordered_Resolution_Prover.Abstract_Substitution 1094:40539  some (SH 8597ms, ATP 911ms): Try this: by (smt (z3) subst_lit_comp_subst) (118 ms)
0.sledgehammer goal.by         8564ms Ordered_Resolution_Prover.Abstract_Substitution 1094:40566  some (SH 8562ms, ATP 915ms): Try this: by (smt (z3)) (181 ms)
0.sledgehammer goal.unfolding 19106ms Ordered_Resolution_Prover.Abstract_Substitution 1097:40626  some (SH 19103ms, ATP 1030ms): Try this: by (smt (verit, ccfv_SIG) generalizes_def subst_cls_id_subst) (159 ms)
0.sledgehammer goal.by         8527ms Ordered_Resolution_Prover.Abstract_Substitution 1097:40652  some (SH 8525ms, ATP 851ms): Try this: by (smt (verit, del_insts) subst_cls_id_subst) (54 ms)
0.sledgehammer goal.unfolding 32810ms Ordered_Resolution_Prover.Abstract_Substitution 1100:40768  some (SH 32805ms, ATP 1036ms): Try this: by (smt (z3) generalizes_def subst_cls_comp_subst) (161 ms)
0.sledgehammer goal.using      8516ms Ordered_Resolution_Prover.Abstract_Substitution 1100:40794  some (SH 8515ms, ATP 1008ms): Try this: by (smt (z3) subst_cls_comp_subst) (142 ms)
0.sledgehammer goal.by         8518ms Ordered_Resolution_Prover.Abstract_Substitution 1100:40821  some (SH 8515ms, ATP 915ms): Try this: by (smt (z3)) (177 ms)
0.sledgehammer goal.unfolding 25011ms Ordered_Resolution_Prover.Abstract_Substitution 1103:40869  some (SH 25006ms, ATP 1074ms): Try this: by (smt (verit, best) subset_mset.order_refl subst_cls_id_subst subsumes_def) (171 ms)
0.sledgehammer goal.by        25001ms Ordered_Resolution_Prover.Abstract_Substitution 1103:40892  some (SH 25000ms, ATP 1083ms): Try this: by (smt (cvc5, fmf) subset_mset.order_refl subst_cls_id_subst) (94 ms)
0.sledgehammer goal.unfolding 45141ms Ordered_Resolution_Prover.Abstract_Substitution 1106:40996  some (SH 45141ms, ATP 1863ms): Try this: by (smt (cvc5, trigger_relev) subset_mset.dual_order.trans subst_cls_comp_subst subst_cls_mono_mset subsumes_def) (209 ms)
0.sledgehammer goal.by        29067ms Ordered_Resolution_Prover.Abstract_Substitution 1107:41021  some (SH 29066ms, ATP 880ms): Try this: by (smt (z3) subset_mset.dual_order.trans subst_cls_comp_subst subst_cls_mono_mset) (107 ms)
0.sledgehammer goal.unfolding  5605ms Ordered_Resolution_Prover.Abstract_Substitution 1110:41169  some (SH 5602ms, ATP 836ms): Try this: by (smt (z3) strictly_generalizes_def) (45 ms)
0.sledgehammer goal.by         3645ms Ordered_Resolution_Prover.Abstract_Substitution 1110:41204  some (SH 3644ms, ATP 560ms): Try this: by (smt (z3)) (14 ms)
0.sledgehammer goal.unfolding  7980ms Ordered_Resolution_Prover.Abstract_Substitution 1113:41308  some (SH 7979ms, ATP 859ms): Try this: by (smt (cvc5, term_relev) strictly_generalizes_def) (58 ms)
0.sledgehammer goal.by         3739ms Ordered_Resolution_Prover.Abstract_Substitution 1113:41343  some (SH 3737ms, ATP 534ms): Try this: by (smt (cvc5, best)) (45 ms)
0.sledgehammer goal.unfolding  9084ms Ordered_Resolution_Prover.Abstract_Substitution 1117:41472  some (SH 9083ms, ATP 1068ms): Try this: by (smt (z3) generalizes_trans strictly_generalizes_def) (130 ms)
0.sledgehammer goal.using      6769ms Ordered_Resolution_Prover.Abstract_Substitution 1117:41507  some (SH 6765ms, ATP 745ms): Try this: by (smt (z3) generalizes_trans) (112 ms)
0.sledgehammer goal.by         5639ms Ordered_Resolution_Prover.Abstract_Substitution 1117:41531  some (SH 5638ms, ATP 639ms): Try this: by (smt (z3)) (250 ms)
0.sledgehammer goal.unfolding  5487ms Ordered_Resolution_Prover.Abstract_Substitution 1120:41601  some (SH 5486ms, ATP 896ms): Try this: by (smt (cvc5, noematch) strictly_subsumes_def) (45 ms)
0.sledgehammer goal.by         5366ms Ordered_Resolution_Prover.Abstract_Substitution 1120:41633  some (SH 5365ms, ATP 624ms): Try this: by (smt (z3)) (17 ms)
0.sledgehammer goal.unfolding  5501ms Ordered_Resolution_Prover.Abstract_Substitution 1123:41728  some (SH 5500ms, ATP 884ms): Try this: by (smt (verit, best) strictly_subsumes_def) (62 ms)
0.sledgehammer goal.by         4882ms Ordered_Resolution_Prover.Abstract_Substitution 1123:41760  some (SH 4881ms, ATP 1539ms): Try this: by (smt (z3)) (38 ms)
0.sledgehammer goal.unfolding  9370ms Ordered_Resolution_Prover.Abstract_Substitution 1127:41877  some (SH 9369ms, ATP 1056ms): Try this: by (smt (z3) strictly_subsumes_def subsumes_trans) (139 ms)
0.sledgehammer goal.using      6717ms Ordered_Resolution_Prover.Abstract_Substitution 1127:41909  some (SH 6716ms, ATP 731ms): Try this: by (smt (z3) subsumes_trans) (107 ms)
0.sledgehammer goal.by         5774ms Ordered_Resolution_Prover.Abstract_Substitution 1127:41930  some (SH 5773ms, ATP 602ms): Try this: by (smt (z3)) (160 ms)
0.sledgehammer goal.using     97577ms Ordered_Resolution_Prover.Abstract_Substitution 1130:42007  some (SH 97576ms, ATP 1356ms): Try this: by (smt (verit, ccfv_SIG) strict_subset_subst_strictly_subsumes subst_cls_id_subst) (52 ms)
0.sledgehammer goal.by         6180ms Ordered_Resolution_Prover.Abstract_Substitution 1130:42066  some (SH 6179ms, ATP 984ms): Try this: by (smt (verit, del_insts) subst_cls_id_subst) (43 ms)
0.sledgehammer goal.unfolding 12201ms Ordered_Resolution_Prover.Abstract_Substitution 1133:42150  some (SH 12201ms, ATP 1013ms): Try this: by (smt (verit, del_insts) generalizes_def strictly_generalizes_def) (294 ms)
0.sledgehammer goal.by         6018ms Ordered_Resolution_Prover.Abstract_Substitution 1133:42201  some (SH 6017ms, ATP 658ms): Try this: by (smt (z3)) (160 ms)
0.sledgehammer goal.unfolding 104376ms Ordered_Resolution_Prover.Abstract_Substitution 1136:42280  some (SH 104375ms, ATP 1439ms): Try this: by (smt (cvc5, quant_saturate) strictly_subsumes_def subset_mset.order_refl substitution_ops.subsumes_def) (121 ms)
0.sledgehammer goal.by         7555ms Ordered_Resolution_Prover.Abstract_Substitution 1136:42325  some (SH 7554ms, ATP 946ms): Try this: by (smt (z3) subset_mset.eq_iff) (250 ms)
0.sledgehammer goal.unfolding 19680ms Ordered_Resolution_Prover.Abstract_Substitution 1139:42410  some (SH 19679ms, ATP 987ms): Try this: by (smt (cvc5, fmf) generalizes_def variants_def) (180 ms)
0.sledgehammer goal.by        129511ms Ordered_Resolution_Prover.Abstract_Substitution 1140:42457  some (SH 129510ms, ATP 1189ms): Try this: by (smt (z3) leD mset_subset_size size_mset_mono size_subst subset_mset.dual_order.order_iff_strict) (397 ms)
0.sledgehammer goal.proof     12284ms Ordered_Resolution_Prover.Abstract_Substitution 1145:42679  some (SH 12283ms, ATP 905ms): Try this: by (smt (z3) assms(1,2) strictly_subsumes_def subsumes_trans variants_iff_subsumes) (194 ms)
0.sledgehammer goal.using     14962ms Ordered_Resolution_Prover.Abstract_Substitution 1148:42761  some (SH 14962ms, ATP 959ms): Try this: by (smt (z3) variants_def variants_imp_exists_substitution) (200 ms)
0.sledgehammer goal.by         8523ms Ordered_Resolution_Prover.Abstract_Substitution 1148:42813  some (SH 8522ms, ATP 1020ms): Try this: by (smt (verit, best)) (362 ms)
0.sledgehammer goal.unfolding 20770ms Ordered_Resolution_Prover.Abstract_Substitution 1152:42876  some (SH 20768ms, ATP 1105ms): Try this: by (smt (verit, ccfv_threshold) strictly_subsumes_def subsumes_def) (236 ms)
0.sledgehammer goal.by         4681ms Ordered_Resolution_Prover.Abstract_Substitution 1152:42921  some (SH 4680ms, ATP 504ms): Try this: by (smt (z3)) (148 ms)
0.sledgehammer goal.using      6236ms Ordered_Resolution_Prover.Abstract_Substitution 1154:42968  some (SH 6235ms, ATP 824ms): Try this: by (smt (z3) subst_cls_mono_mset) (31 ms)
0.sledgehammer goal.by         4585ms Ordered_Resolution_Prover.Abstract_Substitution 1154:42994  some (SH 4584ms, ATP 762ms): Try this: by (smt (z3)) (145 ms)
0.sledgehammer goal.using     17749ms Ordered_Resolution_Prover.Abstract_Substitution 1156:43041  some (SH 17749ms, ATP 873ms): Try this: by (smt (verit, del_insts) \<sigma>_\<sigma>'_p subst_cls_comp_subst) (28 ms)
0.sledgehammer goal.by         5285ms Ordered_Resolution_Prover.Abstract_Substitution 1156:43054  some (SH 5284ms, ATP 792ms): Try this: by (smt (verit, ccfv_threshold) subst_cls_comp_subst) (35 ms)
0.sledgehammer goal.unfolding 44793ms Ordered_Resolution_Prover.Abstract_Substitution 1158:43113  some (SH 44792ms, ATP 1020ms): Try this: by (smt (z3) strict_subset_subst_strictly_subsumes strictly_subsumes_antisym strictly_subsumes_neq subset_mset.dual_order.order_iff_strict) (274 ms)
0.sledgehammer goal.by         4045ms Ordered_Resolution_Prover.Abstract_Substitution 1158:43158  some (SH 4043ms, ATP 526ms): Try this: by (smt (cvc5, best)) (121 ms)
0.sledgehammer goal.proof     43384ms Ordered_Resolution_Prover.Abstract_Substitution 1160:43193  some (SH 43383ms, ATP 932ms): Try this: by (smt (z3) \<sigma>_\<sigma>'_p n subst_cls_comp_subst) (102 ms)
0.sledgehammer goal.by         4810ms Ordered_Resolution_Prover.Abstract_Substitution 1164:43290  some (SH 4809ms, ATP 599ms): Try this: by (smt (z3)) (70 ms)
0.sledgehammer goal.using     11439ms Ordered_Resolution_Prover.Abstract_Substitution 1166:43340  some (SH 11438ms, ATP 802ms): Try this: by (smt (verit, ccfv_SIG) \<sigma>_\<sigma>'_p subst_cls_comp_subst) (28 ms)
0.sledgehammer goal.by         5101ms Ordered_Resolution_Prover.Abstract_Substitution 1166:43353  some (SH 5101ms, ATP 728ms): Try this: by (smt (verit, ccfv_threshold) subst_cls_comp_subst) (52 ms)
0.sledgehammer goal.using      5551ms Ordered_Resolution_Prover.Abstract_Substitution 1168:43387  some (SH 5550ms, ATP 787ms): Try this: by (smt (z3) n) (32 ms)
0.sledgehammer goal.by         4162ms Ordered_Resolution_Prover.Abstract_Substitution 1168:43395  some (SH 4161ms, ATP 760ms): Try this: by (smt (verit)) (85 ms)
0.sledgehammer goal.unfolding 28784ms Ordered_Resolution_Prover.Abstract_Substitution 1171:43440  some (SH 28783ms, ATP 1033ms): Try this: by (smt (z3) assms(1,2) strictly_subsumes_def subsumes_trans variants_iff_subsumes) (142 ms)
0.sledgehammer goal.by         5040ms Ordered_Resolution_Prover.Abstract_Substitution 1171:43485  some (SH 5039ms, ATP 669ms): Try this: by (smt (z3)) (156 ms)
0.sledgehammer goal.using     11997ms Ordered_Resolution_Prover.Abstract_Substitution 1177:43630  some (SH 11996ms, ATP 839ms): Try this: by (smt (z3) assms(1,2) strictly_subsumes_def subsumes_trans variants_iff_subsumes) (132 ms)
0.sledgehammer goal.by         5496ms Ordered_Resolution_Prover.Abstract_Substitution 1177:43682  some (SH 5495ms, ATP 901ms): Try this: by (smt (z3)) (173 ms)
0.sledgehammer goal.proof     24159ms Ordered_Resolution_Prover.Abstract_Substitution 1202:44435  timeout (SH 24158ms): Timed out
0.sledgehammer goal.by         6145ms Ordered_Resolution_Prover.Abstract_Substitution 1207:44633  some (SH 6142ms, ATP 1812ms): Try this: by (smt (cvc5, quant_saturate)) (221 ms)
0.sledgehammer goal.proof     24550ms Ordered_Resolution_Prover.Abstract_Substitution 1213:44741  timeout (SH 24549ms): Timed out
0.sledgehammer goal.using     30431ms Ordered_Resolution_Prover.Abstract_Substitution 1216:44807  some (SH 30428ms, ATP 2682ms): Try this: by (smt (verit) sg_C size_subst strictly_generalizes_def substitution_ops.generalizes_def) (144 ms)
0.sledgehammer goal.unfolding 65198ms Ordered_Resolution_Prover.Abstract_Substitution 1216:44824  some (SH 65195ms, ATP 1102ms): Try this: by (smt (verit, ccfv_threshold) generalizes_def size_subst strictly_generalizes_def) (286 ms)
0.sledgehammer goal.by        18629ms Ordered_Resolution_Prover.Abstract_Substitution 1217:44897  some (SH 18628ms, ATP 696ms): Try this: by (smt (z3) size_image_mset) (97 ms)
0.sledgehammer goal.using     24483ms Ordered_Resolution_Prover.Abstract_Substitution 1222:45063  timeout (SH 24482ms): Timed out
0.sledgehammer goal.by        23670ms Ordered_Resolution_Prover.Abstract_Substitution 1222:45139  timeout (SH 23666ms): Timed out
0.sledgehammer goal.unfolding 20120ms Ordered_Resolution_Prover.Abstract_Substitution 1232:45528  some (SH 20116ms, ATP 642ms): Try this: apply (smt (verit) Ls_at_def old.nat.simps(6)) (39 ms)
0.sledgehammer goal.by        11512ms Ordered_Resolution_Prover.Abstract_Substitution 1232:45548  some (SH 11511ms, ATP 782ms): Try this: apply (smt (verit) old.nat.simps(6)) (33 ms)
0.sledgehammer goal.unfolding 19150ms Ordered_Resolution_Prover.Abstract_Substitution 1235:45613  some (SH 19149ms, ATP 3606ms): Try this: by (smt (verit, del_insts) Eps_cong Ls_at_0 list_of_mset_def mset_list_of_mset) (222 ms)
0.sledgehammer goal.by        25774ms Ordered_Resolution_Prover.Abstract_Substitution 1235:45631  some (SH 25774ms, ATP 1031ms): Try this: by (smt (verit) Eps_cong list_of_mset_def mset_list_of_mset) (111 ms)
0.sledgehammer goal.proof     23782ms Ordered_Resolution_Prover.Abstract_Substitution 1239:45789  timeout (SH 23781ms): Timed out
0.sledgehammer goal.by        24001ms Ordered_Resolution_Prover.Abstract_Substitution 1242:45849  timeout (SH 23997ms): Timed out
0.sledgehammer goal.by        23715ms Ordered_Resolution_Prover.Abstract_Substitution 1247:46005  timeout (SH 23712ms): Timed out
0.sledgehammer goal.by        63462ms Ordered_Resolution_Prover.Abstract_Substitution 1252:46216  some (SH 63458ms, ATP 563ms): Try this: by (smt (z3) Ls_\<sigma> length_map mset_Ls size_mset sz_C) (88 ms)
0.sledgehammer goal.using     24404ms Ordered_Resolution_Prover.Abstract_Substitution 1255:46373  timeout (SH 24403ms): Timed out
0.sledgehammer goal.by        34306ms Ordered_Resolution_Prover.Abstract_Substitution 1255:46391  some (SH 34303ms, ATP 1835ms): Try this: by (smt (z3) nth_map subst_lit_is_neg) (101 ms)
0.sledgehammer goal.by        23677ms Ordered_Resolution_Prover.Abstract_Substitution 1258:46529  timeout (SH 23676ms): Timed out
0.sledgehammer goal.proof     24489ms Ordered_Resolution_Prover.Abstract_Substitution 1263:46749  timeout (SH 24486ms): Timed out
0.sledgehammer goal.using     24093ms Ordered_Resolution_Prover.Abstract_Substitution 1267:46871  timeout (SH 24090ms): Timed out
0.sledgehammer goal.by        38894ms Ordered_Resolution_Prover.Abstract_Substitution 1268:46916  some (SH 38890ms, ATP 281ms): Try this: by (smt (verit) length_map nth_equalityI nth_map) (305 ms)
0.sledgehammer goal.using     163212ms Ordered_Resolution_Prover.Abstract_Substitution 1271:47062  some (SH 163211ms, ATP 968ms): Try this: by (smt (z3) atm_of_subst_lit is_pos_Ls j_\<tau> j_lt literal.expand subst_lit_is_neg) (189 ms)
0.sledgehammer goal.by        115678ms Ordered_Resolution_Prover.Abstract_Substitution 1272:47099  some (SH 115677ms, ATP 1090ms): Try this: by (smt (z3) atm_of_subst_lit literal.expand subst_lit_is_neg) (260 ms)
0.sledgehammer goal.using     124086ms Ordered_Resolution_Prover.Abstract_Substitution 1274:47222  some (SH 124085ms, ATP 1666ms): Try this: by (smt (z3) j_lt len_Ls length_map list.map_comp nth_map) (108 ms)
0.sledgehammer goal.by        81656ms Ordered_Resolution_Prover.Abstract_Substitution 1274:47240  some (SH 81655ms, ATP 1409ms): Try this: by (smt (z3) length_map list.map_comp nth_map) (198 ms)
0.sledgehammer goal.unfolding 24229ms Ordered_Resolution_Prover.Abstract_Substitution 1281:47434  timeout (SH 24228ms): Timed out
0.sledgehammer goal.using     24150ms Ordered_Resolution_Prover.Abstract_Substitution 1282:47498  timeout (SH 24146ms): Timed out
0.sledgehammer goal.by        24572ms Ordered_Resolution_Prover.Abstract_Substitution 1282:47541  timeout (SH 24566ms): Timed out
0.sledgehammer goal.unfolding 24492ms Ordered_Resolution_Prover.Abstract_Substitution 1284:47640  timeout (SH 24488ms): Timed out
0.sledgehammer goal.by        33850ms Ordered_Resolution_Prover.Abstract_Substitution 1284:47698  some (SH 33847ms, ATP 938ms): Try this: by (smt (z3) Ls_\<tau>_strict_tm list.map_comp) (25 ms)
0.sledgehammer goal.unfolding 19379ms Ordered_Resolution_Prover.Abstract_Substitution 1286:47811  some (SH 19377ms, ATP 874ms): Try this: by (smt (z3) strictly_generalizes_atm_def) (61 ms)
0.sledgehammer goal.by         4209ms Ordered_Resolution_Prover.Abstract_Substitution 1286:47850  some (SH 4207ms, ATP 638ms): Try this: by (smt (z3)) (79 ms)
0.sledgehammer goal.using     23815ms Ordered_Resolution_Prover.Abstract_Substitution 1288:47885  timeout (SH 23813ms): Timed out
0.sledgehammer goal.by        41018ms Ordered_Resolution_Prover.Abstract_Substitution 1288:47967  some (SH 41013ms, ATP 1300ms): Try this: by (smt (z3) mem_Collect_eq old.prod.case) (78 ms)
0.sledgehammer goal.unfolding 23733ms Ordered_Resolution_Prover.Abstract_Substitution 1291:48046  timeout (SH 23732ms): Timed out
0.sledgehammer goal.by        25318ms Ordered_Resolution_Prover.Abstract_Substitution 1291:48064  some (SH 25315ms, ATP 694ms): Try this: by (smt (verit, ccfv_threshold) mem_Collect_eq prod.simps(2) wf_iff_no_infinite_down_chain) (168 ms)
0.sledgehammer goal.proof     26375ms Ordered_Resolution_Prover.Abstract_Substitution 1297:48238  timeout (SH 26371ms): Timed out
0.sledgehammer goal.by         6639ms Ordered_Resolution_Prover.Abstract_Substitution 1300:48371  some (SH 6634ms, ATP 556ms): Try this: by (smt (verit, best)) (578 ms)
0.sledgehammer goal.by        26077ms Ordered_Resolution_Prover.Abstract_Substitution 1303:48463  timeout (SH 26076ms): Timed out
0.sledgehammer goal.by        88345ms Ordered_Resolution_Prover.Abstract_Substitution 1306:48522  some (SH 88342ms, ATP 920ms): Try this: by (smt (cvc5, quant_saturate) all_not_in_conv) (95 ms)
0.sledgehammer goal.by        23557ms Ordered_Resolution_Prover.Abstract_Substitution 1312:48631  timeout (SH 23556ms): Timed out
0.sledgehammer goal.using     23668ms Ordered_Resolution_Prover.Abstract_Substitution 1314:48732  timeout (SH 23664ms): Timed out
0.sledgehammer goal.unfolding 23878ms Ordered_Resolution_Prover.Abstract_Substitution 1314:48747  timeout (SH 23876ms): Timed out
0.sledgehammer goal.by        31616ms Ordered_Resolution_Prover.Abstract_Substitution 1314:48763  some (SH 31612ms, ATP 1110ms): Try this: by (smt (z3) funpow_simps_right(2) funpow_swap1 o_apply) (81 ms)
0.sledgehammer goal.using     24337ms Ordered_Resolution_Prover.Abstract_Substitution 1316:48818  timeout (SH 24337ms): Timed out
0.sledgehammer goal.unfolding 23156ms Ordered_Resolution_Prover.Abstract_Substitution 1316:48827  timeout (SH 23152ms): Timed out
0.sledgehammer goal.by        44159ms Ordered_Resolution_Prover.Abstract_Substitution 1316:48872  some (SH 44154ms, ATP 209ms): Try this: by (smt (verit, ccfv_SIG) size_mset_mono size_subst) (175 ms)
0.sledgehammer goal.unfolding 18346ms Ordered_Resolution_Prover.Abstract_Substitution 1318:48970  some (SH 18344ms, ATP 867ms): Try this: by (smt (cvc5, trigger_max) comp_apply) (98 ms)
0.sledgehammer goal.using     23472ms Ordered_Resolution_Prover.Abstract_Substitution 1320:49054  timeout (SH 23471ms): Timed out
0.sledgehammer goal.by        23636ms Ordered_Resolution_Prover.Abstract_Substitution 1320:49097  timeout (SH 23632ms): Timed out
0.sledgehammer goal.by         5403ms Ordered_Resolution_Prover.Abstract_Substitution 1323:49183  some (SH 5399ms, ATP 661ms): Try this: by (smt (verit, ccfv_threshold)) (393 ms)
0.sledgehammer goal.using     23579ms Ordered_Resolution_Prover.Abstract_Substitution 1325:49260  timeout (SH 23578ms): Timed out
0.sledgehammer goal.unfolding 23984ms Ordered_Resolution_Prover.Abstract_Substitution 1325:49269  timeout (SH 23978ms): Timed out
0.sledgehammer goal.by        23876ms Ordered_Resolution_Prover.Abstract_Substitution 1326:49324  timeout (SH 23873ms): Timed out
0.sledgehammer goal.unfolding 46782ms Ordered_Resolution_Prover.Abstract_Substitution 1329:49527  some (SH 46779ms, ATP 796ms): Try this: by (smt (z3) add_Suc le_add2) (45 ms)
0.sledgehammer goal.by        100276ms Ordered_Resolution_Prover.Abstract_Substitution 1329:49578  some (SH 100275ms, ATP 1519ms): Try this: by (smt (verit, del_insts) add_Suc le_add2) (178 ms)
0.sledgehammer goal.by        23583ms Ordered_Resolution_Prover.Abstract_Substitution 1331:49651  timeout (SH 23582ms): Timed out
0.sledgehammer goal.using     24396ms Ordered_Resolution_Prover.Abstract_Substitution 1333:49709  timeout (SH 24393ms): Timed out
0.sledgehammer goal.unfolding 24086ms Ordered_Resolution_Prover.Abstract_Substitution 1335:49820  timeout (SH 24082ms): Timed out
0.sledgehammer goal.by        24737ms Ordered_Resolution_Prover.Abstract_Substitution 1335:49838  timeout (SH 24733ms): Timed out
0.sledgehammer goal.using     13041ms Ordered_Resolution_Prover.Abstract_Substitution 1339:49905  some (SH 13038ms, ATP 807ms): Try this: by (smt (cvc5, best) strictly_subsumes_has_minimum wfp_iff_ex_minimal) (818 ms)
0.sledgehammer goal.by        10170ms Ordered_Resolution_Prover.Abstract_Substitution 1339:49941  some (SH 10169ms, ATP 1022ms): Try this: by (smt (verit, ccfv_threshold) wfp_iff_ex_minimal) (1.2 s)
0.sledgehammer goal.proof     24147ms Ordered_Resolution_Prover.Abstract_Substitution 1372:50960  timeout (SH 24146ms): Timed out
0.sledgehammer goal.using     23905ms Ordered_Resolution_Prover.Abstract_Substitution 1374:51039  timeout (SH 23902ms): Timed out
0.sledgehammer goal.by        53579ms Ordered_Resolution_Prover.Abstract_Substitution 1374:51055  some (SH 53572ms, ATP 1111ms): Try this: by (smt (verit, del_insts) imageE list.set_finite list.set_map multiset.set_finite) (338 ms)
0.sledgehammer goal.using      7274ms Ordered_Resolution_Prover.Abstract_Substitution 1376:51135  some (SH 7272ms, ATP 1119ms): Try this: by (smt (verit, ccfv_threshold) is_mgu_def) (159 ms)
0.sledgehammer goal.by         5224ms Ordered_Resolution_Prover.Abstract_Substitution 1376:51160  some (SH 5223ms, ATP 972ms): Try this: by (smt (verit, best)) (79 ms)
0.sledgehammer goal.using     72872ms Ordered_Resolution_Prover.Abstract_Substitution 1378:51240  some (SH 72870ms, ATP 584ms): Try this: by (smt (z3) aaslen aslen i_lt image_eqI[of "set_mset (Map2.map2 add_mset As AAs ! i)" set_mset "Map2.map2 add_mset As AAs ! i" "set (Map2.map2 add_mset As AAs)"] in_set_conv_nth[of "Map2.map2 add_mset As AAs ! i" "Map2.map2 add_mset As AAs"] is_unifiers_def[of \<sigma> "set_mset ` set (Map2.map2 add_mset As AAs)"] length_map[of "\<lambda>(x, y). add_mset x y" "zip As AAs"] length_zip[of As AAs] min_less_iff_conj[of i n n] nth_map[of i "zip As AAs" "\<lambda>(x, y). add_mset x y"] nth_zip[of i As AAs] prod.simps(2)[of add_mset "As ! i" "AAs ! i"]) (69 ms)
0.sledgehammer goal.unfolding 76880ms Ordered_Resolution_Prover.Abstract_Substitution 1378:51264  some (SH 76879ms, ATP 627ms): Try this: by (smt (z3) image_eqI in_set_conv_nth is_unifiers_def length_map length_zip min_less_iff_conj nth_map nth_zip prod.simps(2)) (4.7 s)
0.sledgehammer goal.by        118988ms Ordered_Resolution_Prover.Abstract_Substitution 1379:51309  some (SH 118986ms, ATP 963ms): Try this: by (smt (verit, ccfv_SIG) image_eqI[of "set_mset (Map2.map2 add_mset As AAs ! _)" set_mset "Map2.map2 add_mset As AAs ! _" "set (Map2.map2 add_mset As AAs)"] in_set_conv_nth[of "Map2.map2 add_mset As AAs ! _" "Map2.map2 add_mset As AAs"] length_map[of "\<lambda>(x, y). add_mset x y" "zip As AAs"] length_zip[of As AAs] min_less_iff_conj[of _ n n] nth_map[of _ "zip As AAs" "\<lambda>(x, y). add_mset x y"] nth_zip[of i As AAs] prod.simps(2)[of add_mset "As ! i" "AAs ! i"]) (456 ms)
0.sledgehammer goal.using     206866ms Ordered_Resolution_Prover.Abstract_Substitution 1381:51420  some (SH 206865ms, ATP 1291ms): Try this: by (smt (verit) a_in insert_iff is_unifier_subst_atm_eqI multiset.set_finite set_mset_add_mset_insert) (432 ms)
0.sledgehammer goal.by        107657ms Ordered_Resolution_Prover.Abstract_Substitution 1382:51473  some (SH 107656ms, ATP 1239ms): Try this: by (smt (cvc5, best) insert_iff multiset.set_finite set_mset_add_mset_insert) (448 ms)
0.sledgehammer goal.by            0ms Ordered_Resolution_Prover.FO_Ordered_Resolution 43:1692  
0.sledgehammer goal.using     24554ms Ordered_Resolution_Prover.FO_Ordered_Resolution 48:1815  timeout (SH 24553ms): Timed out
0.sledgehammer goal.by        26130ms Ordered_Resolution_Prover.FO_Ordered_Resolution 48:1827  timeout (SH 26127ms): Timed out
0.sledgehammer goal.proof     25430ms Ordered_Resolution_Prover.FO_Ordered_Resolution 53:1981  timeout (SH 25427ms): Timed out
0.sledgehammer goal.using     112923ms Ordered_Resolution_Prover.FO_Ordered_Resolution 55:2040  some (SH 112919ms, ATP 1984ms): Try this: by (smt (z3) Pos_Melem_subst_atm_subst_cls Pos_atm_of_iff eql_pos_lit_eql_atm subst_cls_id_subst subst_lit_in_negs_subst_is_neg) (73 ms)
0.sledgehammer goal.by        11474ms Ordered_Resolution_Prover.FO_Ordered_Resolution 55:2087  some (SH 11473ms, ATP 4495ms): Try this: by (smt (verit)) (854 ms)
0.sledgehammer goal.using     99742ms Ordered_Resolution_Prover.FO_Ordered_Resolution 58:2163  some (SH 99741ms, ATP 1313ms): Try this: by (smt (verit, best) image_mset_cong2 mset_map subst_cls_def) (423 ms)
0.sledgehammer goal.by        68735ms Ordered_Resolution_Prover.FO_Ordered_Resolution 58:2183  some (SH 68734ms, ATP 1414ms): Try this: by (smt (verit, ccfv_SIG) image_mset_cong2 mset_map) (220 ms)
0.sledgehammer goal.using     19520ms Ordered_Resolution_Prover.FO_Ordered_Resolution 60:2270  some (SH 19518ms, ATP 1079ms): Try this: by (smt (verit, ccfv_threshold) image_mset_of_subset_list) (131 ms)
0.sledgehammer goal.by         6144ms Ordered_Resolution_Prover.FO_Ordered_Resolution 60:2337  some (SH 6143ms, ATP 667ms): Try this: by (smt (z3)) (145 ms)
0.sledgehammer goal.by        25321ms Ordered_Resolution_Prover.FO_Ordered_Resolution 63:2458  timeout (SH 25321ms): Timed out
0.sledgehammer goal.using     14565ms Ordered_Resolution_Prover.FO_Ordered_Resolution 66:2572  some (SH 14560ms, ATP 895ms): Try this: by (smt (verit) As'_p mset_map) (27 ms)
0.sledgehammer goal.by         9423ms Ordered_Resolution_Prover.FO_Ordered_Resolution 66:2584  some (SH 9422ms, ATP 864ms): Try this: by (smt (verit) mset_map) (30 ms)
0.sledgehammer goal.using      7824ms Ordered_Resolution_Prover.FO_Ordered_Resolution 68:2658  some (SH 7823ms, ATP 597ms): Try this: by (smt (cvc5, best) As'_p) (27 ms)
0.sledgehammer goal.by         4570ms Ordered_Resolution_Prover.FO_Ordered_Resolution 68:2670  some (SH 4569ms, ATP 570ms): Try this: by (smt (verit, ccfv_SIG)) (17 ms)
0.sledgehammer goal.using     42112ms Ordered_Resolution_Prover.FO_Ordered_Resolution 70:2711  some (SH 42110ms, ATP 4787ms): Try this: by (smt (verit, ccfv_SIG) eql_map_neg_lit_eql_atm map_eq_conv) (375 ms)
0.sledgehammer goal.by        24475ms Ordered_Resolution_Prover.FO_Ordered_Resolution 70:2741  some (SH 24474ms, ATP 197ms): Try this: by (smt (cvc5, best) map_eq_conv) (226 ms)
0.sledgehammer goal.by         7455ms Ordered_Resolution_Prover.FO_Ordered_Resolution 72:2779  some (SH 7453ms, ATP 812ms): Try this: by (smt (z3)) (74 ms)
0.sledgehammer goal.using     25719ms Ordered_Resolution_Prover.FO_Ordered_Resolution 78:2951  timeout (SH 25718ms): Timed out
0.sledgehammer goal.proof     24236ms Ordered_Resolution_Prover.FO_Ordered_Resolution 79:2963  timeout (SH 24232ms): Timed out
0.sledgehammer goal.by        53560ms Ordered_Resolution_Prover.FO_Ordered_Resolution 82:3128  some (SH 53556ms, ATP 3255ms): Try this: by (smt (verit, ccfv_threshold) length_Suc_conv list.sel(3) subst_atm_list_tl subst_atm_mset_list_tl) (300 ms)
0.sledgehammer goal.using     11316ms Ordered_Resolution_Prover.FO_Ordered_Resolution 84:3222  some (SH 11315ms, ATP 864ms): Try this: apply (smt (verit) Suc.prems(2) subst_atm_list_length) (26 ms)
0.sledgehammer goal.by         6922ms Ordered_Resolution_Prover.FO_Ordered_Resolution 84:3242  some (SH 6921ms, ATP 976ms): Try this: apply (smt (verit) subst_atm_list_length) (34 ms)
0.sledgehammer goal.by        57589ms Ordered_Resolution_Prover.FO_Ordered_Resolution 86:3328  some (SH 57588ms, ATP 1044ms): Try this: apply (smt (z3) Nitpick.size_list_simp(2) length_greater_0_conv nat.inject zero_less_Suc) (115 ms)
0.sledgehammer goal.using     25910ms Ordered_Resolution_Prover.FO_Ordered_Resolution 89:3476  timeout (SH 25909ms): Timed out
0.sledgehammer goal.by        28813ms Ordered_Resolution_Prover.FO_Ordered_Resolution 89:3491  timeout (SH 28809ms): Timed out
0.sledgehammer goal.using     146817ms Ordered_Resolution_Prover.FO_Ordered_Resolution 92:3634  some (SH 146811ms, ATP 2731ms): Try this: by (smt (z3) Suc.prems(1,2) Succ(1,2) map2_tl subst_atm_mset_list_tl) (52 ms)
0.sledgehammer goal.by        58124ms Ordered_Resolution_Prover.FO_Ordered_Resolution 92:3654  some (SH 58122ms, ATP 3518ms): Try this: by (smt (z3) map2_tl subst_atm_mset_list_tl) (149 ms)
0.sledgehammer goal.using     95099ms Ordered_Resolution_Prover.FO_Ordered_Resolution 95:3875  some (SH 95098ms, ATP 2794ms): Try this: apply (smt (verit, del_insts) Succ(1,2) length_map length_zip min.idem) (265 ms)
0.sledgehammer goal.by        121764ms Ordered_Resolution_Prover.FO_Ordered_Resolution 95:3890  some (SH 121762ms, ATP 485ms): Try this: apply (smt (verit, ccfv_threshold) length_map length_zip min.idem) (464 ms)
0.sledgehammer goal.by        26734ms Ordered_Resolution_Prover.FO_Ordered_Resolution 98:4032  timeout (SH 26732ms): Timed out
0.sledgehammer goal.unfolding 30957ms Ordered_Resolution_Prover.FO_Ordered_Resolution 100:4201  some (SH 30953ms, ATP 1644ms): Try this: by (smt (z3) image_mset_add_mset subst_atm_mset_def) (50 ms)
0.sledgehammer goal.by        24912ms Ordered_Resolution_Prover.FO_Ordered_Resolution 100:4230  some (SH 24911ms, ATP 1260ms): Try this: by (smt (z3) image_mset_add_mset) (74 ms)
0.sledgehammer goal.using     27683ms Ordered_Resolution_Prover.FO_Ordered_Resolution 102:4345  timeout (SH 27681ms): Timed out
0.sledgehammer goal.by        26274ms Ordered_Resolution_Prover.FO_Ordered_Resolution 102:4355  timeout (SH 26269ms): Timed out
0.sledgehammer goal.using     14896ms Ordered_Resolution_Prover.FO_Ordered_Resolution 105:4525  some (SH 14890ms, ATP 1307ms): Try this: by (smt (verit, ccfv_threshold) less_Suc_eq_0_disj) (721 ms)
0.sledgehammer goal.by        36235ms Ordered_Resolution_Prover.FO_Ordered_Resolution 105:4535  some (SH 36234ms, ATP 1278ms): Try this: by (smt (verit, best) less_Suc_eq_0_disj) (416 ms)
0.sledgehammer goal.using     24403ms Ordered_Resolution_Prover.FO_Ordered_Resolution 107:4565  some (SH 24401ms, ATP 2536ms): Try this: by (smt (verit, del_insts) nn(1,2) nth_equalityI) (361 ms)
0.sledgehammer goal.by        14746ms Ordered_Resolution_Prover.FO_Ordered_Resolution 107:4593  some (SH 14745ms, ATP 2369ms): Try this: by (smt (cvc5, noematch)) (979 ms)
0.sledgehammer goal.unfolding 26540ms Ordered_Resolution_Prover.FO_Ordered_Resolution 128:5092  some (SH 26538ms, ATP 936ms): Try this: by (smt (cvc5, best) maximal_wrt_def strictly_maximal_wrt_def) (925 ms)
0.sledgehammer goal.by         7658ms Ordered_Resolution_Prover.FO_Ordered_Resolution 128:5143  some (SH 7657ms, ATP 704ms): Try this: by (smt (z3)) (160 ms)
0.sledgehammer goal.unfolding 57731ms Ordered_Resolution_Prover.FO_Ordered_Resolution 131:5228  some (SH 57730ms, ATP 438ms): Try this: by (smt (cvc5, best) in_atms_of_subst less_atm_stable maximal_wrt_def) (167 ms)
0.sledgehammer goal.using     48768ms Ordered_Resolution_Prover.FO_Ordered_Resolution 131:5254  some (SH 48767ms, ATP 969ms): Try this: by (smt (z3) in_atms_of_subst less_atm_stable) (59 ms)
0.sledgehammer goal.by        21879ms Ordered_Resolution_Prover.FO_Ordered_Resolution 131:5293  some (SH 21878ms, ATP 1113ms): Try this: by (smt (z3)) (49 ms)
0.sledgehammer goal.unfolding 155440ms Ordered_Resolution_Prover.FO_Ordered_Resolution 135:5408  timeout (SH 155437ms):
0.sledgehammer goal.using     150716ms Ordered_Resolution_Prover.FO_Ordered_Resolution 135:5443  some (SH 150715ms, ATP 1222ms): Try this: by (smt (z3) FO_resolution.maximal_wrt_subst FO_resolution_axioms in_atms_of_subst maximal_wrt_def) (830 ms)
0.sledgehammer goal.by        11776ms Ordered_Resolution_Prover.FO_Ordered_Resolution 135:5482  some (SH 11775ms, ATP 1138ms): Try this: by (smt (z3)) (403 ms)
0.sledgehammer goal.by        27168ms Ordered_Resolution_Prover.FO_Ordered_Resolution 176:6835  timeout (SH 27167ms): Timed out
0.sledgehammer goal.by        76194ms Ordered_Resolution_Prover.FO_Ordered_Resolution 179:6954  some (SH 76190ms, ATP 3017ms): Try this: by (smt (verit, ccfv_threshold) ord_resolve_empty_main_prem ord_resolve_rename.simps subst_cls_empty_iff) (3.5 s)
0.sledgehammer goal.using     28881ms Ordered_Resolution_Prover.FO_Ordered_Resolution 195:7378  timeout (SH 28880ms): Timed out
0.sledgehammer goal.proof     27108ms Ordered_Resolution_Prover.FO_Ordered_Resolution 196:7390  timeout (SH 27105ms): Timed out
0.sledgehammer goal.using      7331ms Ordered_Resolution_Prover.FO_Ordered_Resolution 203:7683  some (SH 7328ms, ATP 1738ms): Try this: by (smt (cvc5, best) as_len cas_len) (28 ms)
0.sledgehammer goal.by         5597ms Ordered_Resolution_Prover.FO_Ordered_Resolution 203:7704  some (SH 5596ms, ATP 1779ms): Try this: by (smt (verit, del_insts)) (16 ms)
0.sledgehammer goal.using     17590ms Ordered_Resolution_Prover.FO_Ordered_Resolution 205:7749  some (SH 17589ms, ATP 973ms): Try this: by (smt (verit) ground_subst_\<eta> is_ground_comp_subst) (54 ms)
0.sledgehammer goal.by         7130ms Ordered_Resolution_Prover.FO_Ordered_Resolution 205:7770  some (SH 7129ms, ATP 900ms): Try this: by (smt (verit) is_ground_comp_subst) (51 ms)
0.sledgehammer goal.using      5445ms Ordered_Resolution_Prover.FO_Ordered_Resolution 207:7883  some (SH 5444ms, ATP 545ms): Try this: apply (smt (cvc5, best) cc_inst_true) (26 ms)
0.sledgehammer goal.by         5906ms Ordered_Resolution_Prover.FO_Ordered_Resolution 207:7914  some (SH 5905ms, ATP 663ms): Try this: apply (smt (verit)) (18 ms)
0.sledgehammer goal.using     79102ms Ordered_Resolution_Prover.FO_Ordered_Resolution 210:7993  some (SH 79101ms, ATP 1351ms): Try this: by (smt (z3) aas_len as_len mgu_unifier) (123 ms)
0.sledgehammer goal.by        14423ms Ordered_Resolution_Prover.FO_Ordered_Resolution 210:8026  some (SH 14422ms, ATP 1251ms): Try this: by (smt (z3)) (292 ms)
0.sledgehammer goal.proof     25581ms Ordered_Resolution_Prover.FO_Ordered_Resolution 213:8057  timeout (SH 25580ms): Timed out
0.sledgehammer goal.unfolding 28641ms Ordered_Resolution_Prover.FO_Ordered_Resolution 216:8167  timeout (SH 28638ms): Timed out
0.sledgehammer goal.by        25752ms Ordered_Resolution_Prover.FO_Ordered_Resolution 216:8196  timeout (SH 25748ms): Timed out
0.sledgehammer goal.using     39102ms Ordered_Resolution_Prover.FO_Ordered_Resolution 218:8240  some (SH 39098ms, ATP 3134ms): Try this: by (smt (z3) d_true da subst_cls_union true_cls_union) (30 ms)
0.sledgehammer goal.by        24931ms Ordered_Resolution_Prover.FO_Ordered_Resolution 218:8256  some (SH 24930ms, ATP 1940ms): Try this: by (smt (z3) subst_cls_union true_cls_union) (70 ms)
0.sledgehammer goal.unfolding 36444ms Ordered_Resolution_Prover.FO_Ordered_Resolution 220:8292  some (SH 36443ms, ATP 2870ms): Try this: by (smt (z3) e subst_cls_union true_cls_union) (31 ms)
0.sledgehammer goal.by        17441ms Ordered_Resolution_Prover.FO_Ordered_Resolution 220:8304  some (SH 17441ms, ATP 1711ms): Try this: by (smt (z3) subst_cls_union true_cls_union) (39 ms)
0.sledgehammer goal.using     55628ms Ordered_Resolution_Prover.FO_Ordered_Resolution 224:8428  some (SH 55627ms, ATP 1202ms): Try this: by (smt (verit, best) in_set_conv_nth len) (550 ms)
0.sledgehammer goal.by        10212ms Ordered_Resolution_Prover.FO_Ordered_Resolution 224:8441  some (SH 10211ms, ATP 1215ms): Try this: by (smt (verit, ccfv_SIG) in_set_conv_nth) (402 ms)
0.sledgehammer goal.unfolding 101499ms Ordered_Resolution_Prover.FO_Ordered_Resolution 228:8579  some (SH 101498ms, ATP 2045ms): Try this: by (smt (z3) C_def a_in_aa cas cas_len less_subset_eq_Union_mset mset_subset_eq_add_left subset_mset.trans) (82 ms)
0.sledgehammer goal.using     83962ms Ordered_Resolution_Prover.FO_Ordered_Resolution 228:8595  some (SH 83961ms, ATP 2365ms): Try this: by (smt (z3) a_in_aa cas cas_len less_subset_eq_Union_mset mset_subset_eq_add_left subset_mset.trans) (111 ms)
0.sledgehammer goal.by        53419ms Ordered_Resolution_Prover.FO_Ordered_Resolution 229:8627  some (SH 53419ms, ATP 373ms): Try this: by (smt (z3) less_subset_eq_sum_list mset_subset_eq_add_left subset_mset.dual_order.trans sum_mset_sum_list) (175 ms)
0.sledgehammer goal.using     106266ms Ordered_Resolution_Prover.FO_Ordered_Resolution 231:8756  some (SH 106263ms, ATP 1390ms): Try this: by (smt (verit, ccfv_threshold) BB_def C_def a_in_aa cas cas_len in_mset_conv_nth) (267 ms)
0.sledgehammer goal.by        29868ms Ordered_Resolution_Prover.FO_Ordered_Resolution 231:8811  some (SH 29867ms, ATP 1190ms): Try this: by (smt (z3) nth_mem_mset) (217 ms)
0.sledgehammer goal.using     155013ms Ordered_Resolution_Prover.FO_Ordered_Resolution 236:8914  timeout (SH 155012ms):
0.sledgehammer goal.unfolding 26894ms Ordered_Resolution_Prover.FO_Ordered_Resolution 236:8941  some (SH 26893ms, ATP 1055ms): Try this: by (smt (verit, ccfv_threshold) BB_def) (55 ms)
0.sledgehammer goal.by         8170ms Ordered_Resolution_Prover.FO_Ordered_Resolution 236:8958  some (SH 8169ms, ATP 1010ms): Try this: by (smt (z3)) (119 ms)
0.sledgehammer goal.using     29480ms Ordered_Resolution_Prover.FO_Ordered_Resolution 239:9016  timeout (SH 29479ms): Timed out
0.sledgehammer goal.by        26977ms Ordered_Resolution_Prover.FO_Ordered_Resolution 239:9030  timeout (SH 26973ms): Timed out
0.sledgehammer goal.using     50731ms Ordered_Resolution_Prover.FO_Ordered_Resolution 241:9111  some (SH 50728ms, ATP 4793ms): Try this: by (smt (verit, ccfv_threshold) Melem_subst_cls_mset c_in_cc cc_inst_true true_cls_mset_def) (747 ms)
0.sledgehammer goal.by        154581ms Ordered_Resolution_Prover.FO_Ordered_Resolution 241:9185  timeout (SH 154580ms):
0.sledgehammer goal.by        27670ms Ordered_Resolution_Prover.FO_Ordered_Resolution 243:9236  some (SH 27669ms, ATP 3120ms): Try this: by (smt (z3) subst_cls_union true_cls_union) (80 ms)
0.sledgehammer goal.unfolding 26382ms Ordered_Resolution_Prover.FO_Ordered_Resolution 245:9272  timeout (SH 26381ms): Timed out
0.sledgehammer goal.using     165771ms Ordered_Resolution_Prover.FO_Ordered_Resolution 245:9300  timeout (SH 165768ms):
0.sledgehammer goal.by        161251ms Ordered_Resolution_Prover.FO_Ordered_Resolution 246:9347  timeout (SH 161250ms):
0.sledgehammer goal.using     154188ms Ordered_Resolution_Prover.FO_Ordered_Resolution 264:9932  some (SH 154187ms, ATP 4884ms): Try this: by (smt (verit, best) assms(1,2,3,4,5,6) ord_resolve_ground_inst_sound ord_resolve_rename.simps) (1.2 s)
0.sledgehammer goal.by        44950ms Ordered_Resolution_Prover.FO_Ordered_Resolution 264:9944  some (SH 44949ms, ATP 3467ms): Try this: by (smt (verit, best) ord_resolve_ground_inst_sound ord_resolve_rename.simps) (3.7 s)
0.sledgehammer goal.proof     25952ms Ordered_Resolution_Prover.FO_Ordered_Resolution 276:10316  timeout (SH 25951ms): Timed out
0.sledgehammer goal.using     15055ms Ordered_Resolution_Prover.FO_Ordered_Resolution 281:10615  some (SH 15052ms, ATP 1082ms): Try this: by (smt (verit, del_insts) ground_subst_\<eta> is_ground_comp_subst) (34 ms)
0.sledgehammer goal.by         6990ms Ordered_Resolution_Prover.FO_Ordered_Resolution 281:10636  some (SH 6988ms, ATP 1334ms): Try this: by (smt (z3) is_ground_comp_subst) (63 ms)
0.sledgehammer goal.using     161113ms Ordered_Resolution_Prover.FO_Ordered_Resolution 283:10716  timeout (SH 161111ms):
0.sledgehammer goal.by        71549ms Ordered_Resolution_Prover.FO_Ordered_Resolution 283:10749  some (SH 71547ms, ATP 1790ms): Try this: by (smt (cvc5, term_relev) subst_cls_mset_comp_subst subst_cls_mset_union true_cls_mset_union) (205 ms)
0.sledgehammer goal.using     84606ms Ordered_Resolution_Prover.FO_Ordered_Resolution 285:10799  some (SH 84605ms, ATP 2578ms): Try this: by (smt (cvc5, best) cc_d_true ground_subst_\<sigma>_\<eta> subst_cls_mset_comp_subst subst_cls_mset_single subst_cls_mset_union true_cls_mset_add_mset true_cls_mset_union) (96 ms)
0.sledgehammer goal.by        70804ms Ordered_Resolution_Prover.FO_Ordered_Resolution 285:10832  some (SH 70803ms, ATP 1988ms): Try this: by (smt (z3) subst_cls_comp_subst subst_cls_mset_single subst_cls_mset_union true_cls_mset_singleton true_cls_mset_union) (110 ms)
0.sledgehammer goal.using     143811ms Ordered_Resolution_Prover.FO_Ordered_Resolution 287:10868  some (SH 143810ms, ATP 1101ms): Try this: by (smt (z3) cas_true da_true ground_subst_\<eta> ord_resolve_ground_inst_sound res_e) (244 ms)
0.sledgehammer goal.by         5545ms Ordered_Resolution_Prover.FO_Ordered_Resolution 287:10946  some (SH 5543ms, ATP 802ms): Try this: by (smt (verit, ccfv_threshold)) (16 ms)
0.sledgehammer goal.using     104565ms Ordered_Resolution_Prover.FO_Ordered_Resolution 295:11082  some (SH 104564ms, ATP 1992ms): Try this: by (smt (verit, best) assms(1,2) is_ground_comp_subst subst_cls_comp_subst) (163 ms)
0.sledgehammer goal.by         6725ms Ordered_Resolution_Prover.FO_Ordered_Resolution 295:11136  some (SH 6724ms, ATP 1586ms): Try this: by (smt (z3)) (56 ms)
0.sledgehammer goal.proof     26982ms Ordered_Resolution_Prover.FO_Ordered_Resolution 303:11359  timeout (SH 26981ms): Timed out
0.sledgehammer goal.unfolding 73918ms Ordered_Resolution_Prover.FO_Ordered_Resolution 305:11452  some (SH 73916ms, ATP 1350ms): Try this: by (smt (z3) multi_member_split substitution_ops.subst_cls_mset_add_mset true_cls_mset_add_mset) (395 ms)
0.sledgehammer goal.by        92243ms Ordered_Resolution_Prover.FO_Ordered_Resolution 305:11480  some (SH 92242ms, ATP 1499ms): Try this: by (smt (z3) multi_member_split substitution_ops.subst_cls_mset_add_mset true_cas true_cls_mset_add_mset) (470 ms)
0.sledgehammer goal.using     23373ms Ordered_Resolution_Prover.FO_Ordered_Resolution 307:11566  some (SH 23372ms, ATP 1344ms): Try this: by (smt (z3) nth_mem_mset) (111 ms)
0.sledgehammer goal.by        25125ms Ordered_Resolution_Prover.FO_Ordered_Resolution 307:11588  some (SH 25125ms, ATP 1464ms): Try this: by (smt (z3) nth_mem_mset) (74 ms)
0.sledgehammer goal.using     11955ms Ordered_Resolution_Prover.FO_Ordered_Resolution 309:11688  some (SH 11954ms, ATP 1674ms): Try this: by (smt (verit, ccfv_threshold) subst_sound) (387 ms)
0.sledgehammer goal.by        10618ms Ordered_Resolution_Prover.FO_Ordered_Resolution 309:11710  some (SH 10617ms, ATP 1816ms): Try this: by (smt (verit, ccfv_threshold)) (947 ms)
0.sledgehammer goal.by         9933ms Ordered_Resolution_Prover.FO_Ordered_Resolution 316:11862  some (SH 9931ms, ATP 1779ms): Try this: by (smt (verit, del_insts) in_mset_conv_nth) (277 ms)
0.sledgehammer goal.using     155228ms Ordered_Resolution_Prover.FO_Ordered_Resolution 318:11947  some (SH 155223ms, ATP 1935ms): Try this: by (smt (z3) len min_less_iff_conj subst_cls_lists_length subst_cls_lists_nth true_cp) (353 ms)
0.sledgehammer goal.unfolding 107511ms Ordered_Resolution_Prover.FO_Ordered_Resolution 318:11961  some (SH 107510ms, ATP 3321ms): Try this: by (smt (z3) len min_less_iff_conj subst_cls_lists_length subst_cls_lists_nth) (393 ms)
0.sledgehammer goal.by        149146ms Ordered_Resolution_Prover.FO_Ordered_Resolution 318:11991  some (SH 149145ms, ATP 1305ms): Try this: by (smt (z3) i_x(1,2) len min_less_iff_conj subst_cls_lists_length subst_cls_lists_nth) (286 ms)
0.sledgehammer goal.using     93364ms Ordered_Resolution_Prover.FO_Ordered_Resolution 321:12038  some (SH 93362ms, ATP 1874ms): Try this: by (smt (z3) Melem_subst_cls_mset ground_subst_\<eta> true_cls_mset_def) (996 ms)
0.sledgehammer goal.unfolding 49784ms Ordered_Resolution_Prover.FO_Ordered_Resolution 321:12050  some (SH 49783ms, ATP 1729ms): Try this: by (smt (z3) Melem_subst_cls_mset true_cls_mset_def) (952 ms)
0.sledgehammer goal.by        29690ms Ordered_Resolution_Prover.FO_Ordered_Resolution 321:12078  some (SH 29689ms, ATP 1519ms): Try this: by (smt (z3) Melem_subst_cls_mset) (415 ms)
0.sledgehammer goal.using     25479ms Ordered_Resolution_Prover.FO_Ordered_Resolution 334:12411  timeout (SH 25476ms): Timed out
0.sledgehammer goal.proof     25989ms Ordered_Resolution_Prover.FO_Ordered_Resolution 335:12423  timeout (SH 25983ms): Timed out
0.sledgehammer goal.using     95613ms Ordered_Resolution_Prover.FO_Ordered_Resolution 339:12582  some (SH 95610ms, ATP 1581ms): Try this: by (smt (verit, ccfv_threshold) Nitpick.size_list_simp(2) \<rho>s length_Cons length_greater_0_conv less_Suc_eq_0_disj nat.inject renamings_apart_length) (652 ms)
0.sledgehammer goal.by        124848ms Ordered_Resolution_Prover.FO_Ordered_Resolution 339:12614  some (SH 124847ms, ATP 7587ms): Try this: by (smt (z3) Nitpick.size_list_simp(2)[of "renamings_apart (DA # CAs)"] Nitpick.size_list_simp(2)[of "[]"] length_Cons[of DA CAs] local.ord_resolve_rename(8) nat.inject[of "length (renamings_apart CAs)" "length (tl (renamings_apart (DA # CAs)))"] ord_resolve.simps[of "[]" "DA \<cdot> \<rho>" "AAs \<cdot>\<cdot>aml \<rho>s" "As \<cdot>al \<rho>" \<sigma> E] subst_cls_lists_empty_iff[of CAs "[]"] tl_Nil[of "[]"]) (1.2 s)
0.sledgehammer goal.using     27635ms Ordered_Resolution_Prover.FO_Ordered_Resolution 341:12704  timeout (SH 27634ms): Timed out
0.sledgehammer goal.by        134649ms Ordered_Resolution_Prover.FO_Ordered_Resolution 341:12762  some (SH 134646ms, ATP 1208ms): Try this: by (smt (verit) is_ground_comp_subst subst_cls_mset_comp_subst subst_cls_mset_single subst_cls_mset_union true_cls_mset_union) (293 ms)
0.sledgehammer goal.using     30205ms Ordered_Resolution_Prover.FO_Ordered_Resolution 343:12798  some (SH 30204ms, ATP 2327ms): Try this: by (smt (verit, ccfv_SIG) FO_resolution.ord_resolve_sound FO_resolution_axioms ground_subst_\<eta> local.ord_resolve_rename(8)) (347 ms)
0.sledgehammer goal.by         8015ms Ordered_Resolution_Prover.FO_Ordered_Resolution 343:12845  some (SH 8015ms, ATP 1840ms): Try this: by (smt (verit, ccfv_threshold)) (466 ms)
0.sledgehammer goal.using     24575ms Ordered_Resolution_Prover.FO_Ordered_Resolution 354:13038  timeout (SH 24574ms): Timed out
0.sledgehammer goal.proof     26586ms Ordered_Resolution_Prover.FO_Ordered_Resolution 355:13050  timeout (SH 26583ms): Timed out
0.sledgehammer goal.using     26557ms Ordered_Resolution_Prover.FO_Ordered_Resolution 360:13290  timeout (SH 26553ms): Timed out
0.sledgehammer goal.by        21575ms Ordered_Resolution_Prover.FO_Ordered_Resolution 360:13321  some (SH 21571ms, ATP 1860ms): Try this: by (smt (z3) option.inject) (20 ms)
0.sledgehammer goal.using     25730ms Ordered_Resolution_Prover.FO_Ordered_Resolution 363:13369  timeout (SH 25726ms): Timed out
0.sledgehammer goal.by        50060ms Ordered_Resolution_Prover.FO_Ordered_Resolution 363:13408  some (SH 50057ms, ATP 6576ms): Try this: by (smt (verit) add_right_imp_eq nth_equalityI) (345 ms)
0.sledgehammer goal.using     24513ms Ordered_Resolution_Prover.FO_Ordered_Resolution 365:13481  some (SH 24512ms, ATP 1720ms): Try this: by (smt (z3) add_right_cancel ord_resolve_ord_resolve(19,2) res'(4) res(4)) (15 ms)
0.sledgehammer goal.by         6272ms Ordered_Resolution_Prover.FO_Ordered_Resolution 365:13506  some (SH 6269ms, ATP 810ms): Try this: by (smt (z3) add_right_cancel) (22 ms)
0.sledgehammer goal.using      9141ms Ordered_Resolution_Prover.FO_Ordered_Resolution 367:13550  some (SH 9139ms, ATP 576ms): Try this: by (smt (z3) \<sigma> res'(5,6) res(5,6)) (26 ms)
0.sledgehammer goal.by         4855ms Ordered_Resolution_Prover.FO_Ordered_Resolution 367:13577  some (SH 4854ms, ATP 624ms): Try this: by (smt (z3)) (48 ms)
0.sledgehammer goal.using     45854ms Ordered_Resolution_Prover.FO_Ordered_Resolution 375:13754  some (SH 45853ms, ATP 2092ms): Try this: by (smt (verit, ccfv_SIG) assms(1,2) ord_resolve_rename.simps[of CAs DA AAs As \<sigma> E] ord_resolve_rename.simps[of CAs DA AAs As \<sigma>' E'] ord_resolve_unique[of "CAs \<cdot>\<cdot>cl tl (renamings_apart (DA # CAs))" "DA \<cdot> hd (renamings_apart (DA # CAs))" "AAs \<cdot>\<cdot>aml tl (renamings_apart (DA # CAs))" "As \<cdot>al hd (renamings_apart (DA # CAs))" \<sigma> E \<sigma>' E']) (1.4 s)
0.sledgehammer goal.unfolding 28925ms Ordered_Resolution_Prover.FO_Ordered_Resolution 375:13766  some (SH 28924ms, ATP 2964ms): Try this: by (smt (verit, best) ord_resolve_rename.simps ord_resolve_unique) (4.1 s)
0.sledgehammer goal.using     22505ms Ordered_Resolution_Prover.FO_Ordered_Resolution 375:13801  some (SH 22504ms, ATP 3694ms): Try this: by (smt (z3) ord_resolve_unique) (990 ms)
0.sledgehammer goal.by        21669ms Ordered_Resolution_Prover.FO_Ordered_Resolution 375:13826  some (SH 21668ms, ATP 3063ms): Try this: by (smt (z3)) (1.4 s)
0.sledgehammer goal.by        27469ms Ordered_Resolution_Prover.FO_Ordered_Resolution 378:13927  timeout (SH 27469ms): Timed out
0.sledgehammer goal.by        91460ms Ordered_Resolution_Prover.FO_Ordered_Resolution 382:14070  some (SH 91457ms, ATP 6735ms): Try this: by (smt (cvc5) ord_resolve.simps ord_resolve_max_side_prems ord_resolve_rename.simps size_subst subst_atm_list_length)
0.sledgehammer goal.proof     29005ms Ordered_Resolution_Prover.FO_Ordered_Resolution 395:14557  timeout (SH 29004ms): Timed out
0.sledgehammer goal.unfolding 26519ms Ordered_Resolution_Prover.FO_Ordered_Resolution 417:15534  timeout (SH 26515ms): Timed out
0.sledgehammer goal.using     26083ms Ordered_Resolution_Prover.FO_Ordered_Resolution 417:15549  timeout (SH 26080ms): Timed out
0.sledgehammer goal.by        25054ms Ordered_Resolution_Prover.FO_Ordered_Resolution 417:15562  timeout (SH 25050ms): Timed out
0.sledgehammer goal.by        75830ms Ordered_Resolution_Prover.FO_Ordered_Resolution 420:15635  some (SH 75827ms, ATP 3264ms): Try this: by (smt (cvc5) Collect_mono infer_from_def inference.sel(1,2) set_mset_add_mset_insert set_mset_empty set_mset_mset set_mset_union)
0.sledgehammer goal.proof     26699ms Ordered_Resolution_Prover.FO_Ordered_Resolution 422:15690  timeout (SH 26698ms): Timed out
0.sledgehammer goal.proof     27738ms Ordered_Resolution_Prover.FO_Ordered_Resolution 432:16014  timeout (SH 27734ms): Timed out
0.sledgehammer goal.using     63407ms Ordered_Resolution_Prover.FO_Ordered_Resolution 434:16060  some (SH 63403ms, ATP 320ms): Try this: by (smt (verit, ccfv_threshold) ord_resolve_rename_unique res_e the_equality) (605 ms)
0.sledgehammer goal.by        28721ms Ordered_Resolution_Prover.FO_Ordered_Resolution 434:16098  some (SH 28720ms, ATP 196ms): Try this: by (smt (z3) the_equality) (551 ms)
0.sledgehammer goal.unfolding 24748ms Ordered_Resolution_Prover.FO_Ordered_Resolution 437:16179  timeout (SH 24747ms): Timed out
0.sledgehammer goal.using     453336ms Ordered_Resolution_Prover.FO_Ordered_Resolution 437:16209  some (SH 453334ms, ATP 2133ms): Try this: by (smt (z3) Max_ge Un_insert_right cas_sub da_in fin_cc finite_imageI finite_insert image_eqI in_listsI mem_Collect_eq ord_resolve_rename_max_side_prems order_trans res_e subset_iff sup_bot.right_neutral) (543 ms)
0.sledgehammer goal.by        160446ms Ordered_Resolution_Prover.FO_Ordered_Resolution 439:16302  timeout (SH 160445ms):
0.sledgehammer goal.using     25416ms Ordered_Resolution_Prover.FO_Ordered_Resolution 442:16372  timeout (SH 25415ms): Timed out
0.sledgehammer goal.proof     25398ms Ordered_Resolution_Prover.FO_Ordered_Resolution 443:16392  timeout (SH 25395ms): Timed out
0.sledgehammer goal.unfolding 25090ms Ordered_Resolution_Prover.FO_Ordered_Resolution 449:16668  timeout (SH 25086ms): Timed out
0.sledgehammer goal.proof     23906ms Ordered_Resolution_Prover.FO_Ordered_Resolution 450:16696  timeout (SH 23903ms): Timed out
0.sledgehammer goal.unfolding 24871ms Ordered_Resolution_Prover.FO_Ordered_Resolution 452:16782  timeout (SH 24867ms): Timed out
0.sledgehammer goal.proof     25057ms Ordered_Resolution_Prover.FO_Ordered_Resolution 453:16821  timeout (SH 25055ms): Timed out
0.sledgehammer goal.by        10323ms Ordered_Resolution_Prover.FO_Ordered_Resolution 459:17012  some (SH 10320ms, ATP 1536ms): Try this: by (smt (verit, ccfv_SIG) in_set_conv_nth len_aas) (226 ms)
0.sledgehammer goal.using     89313ms Ordered_Resolution_Prover.FO_Ordered_Resolution 462:17109  some (SH 89312ms, ATP 1092ms): Try this: by (smt (verit, best) cas_sub i_lt len_cas nth_mem subsetD) (53 ms)
0.sledgehammer goal.by        25033ms Ordered_Resolution_Prover.FO_Ordered_Resolution 462:17144  some (SH 25032ms, ATP 1057ms): Try this: by (smt (verit, ccfv_SIG) subsetD) (67 ms)
0.sledgehammer goal.using      9880ms Ordered_Resolution_Prover.FO_Ordered_Resolution 465:17222  some (SH 9878ms, ATP 2273ms): Try this: by (smt (verit) aa aas_sub i_lt) (61 ms)
0.sledgehammer goal.by         6341ms Ordered_Resolution_Prover.FO_Ordered_Resolution 465:17244  some (SH 6341ms, ATP 1462ms): Try this: by (smt (z3)) (26 ms)
0.sledgehammer goal.by        157076ms Ordered_Resolution_Prover.FO_Ordered_Resolution 467:17327  some (SH 157075ms, ATP 600ms): Try this: by (smt (z3) atms_of_poss lits_subseteq_imp_atms_subseteq set_mset_mono) (33 ms)
0.sledgehammer goal.unfolding 25441ms Ordered_Resolution_Prover.FO_Ordered_Resolution 469:17458  timeout (SH 25440ms): Timed out
0.sledgehammer goal.using     132668ms Ordered_Resolution_Prover.FO_Ordered_Resolution 469:17479  some (SH 132665ms, ATP 2029ms): Try this: by (smt (verit) Sup_insert casi_in image_insert mk_disjoint_insert sup_ge1) (160 ms)
0.sledgehammer goal.by        75993ms Ordered_Resolution_Prover.FO_Ordered_Resolution 469:17493  some (SH 75992ms, ATP 2196ms): Try this: by (smt (verit, ccfv_threshold) Sup_insert image_insert mk_disjoint_insert sup_ge1) (112 ms)
0.sledgehammer goal.by         6312ms Ordered_Resolution_Prover.FO_Ordered_Resolution 474:17641  some (SH 6310ms, ATP 950ms): Try this: by (smt (verit) size_image_mset) (20 ms)
0.sledgehammer goal.by         9700ms Ordered_Resolution_Prover.FO_Ordered_Resolution 476:17710  some (SH 9699ms, ATP 981ms): Try this: by (smt (verit) pos_aa_sub size_mset_mono) (44 ms)
0.sledgehammer goal.unfolding 105342ms Ordered_Resolution_Prover.FO_Ordered_Resolution 478:17804  some (SH 105338ms, ATP 1507ms): Try this: by (smt (z3) Max_ge Un_insert_right casi_in fin_cc finite_imageI finite_insert image_eqI max_ary_def sup_bot.right_neutral) (145 ms)
0.sledgehammer goal.using     154984ms Ordered_Resolution_Prover.FO_Ordered_Resolution 478:17826  timeout (SH 154983ms):
0.sledgehammer goal.by        154699ms Ordered_Resolution_Prover.FO_Ordered_Resolution 478:17847  timeout (SH 154698ms):
0.sledgehammer goal.using     50034ms Ordered_Resolution_Prover.FO_Ordered_Resolution 485:18040  some (SH 50033ms, ATP 1467ms): Try this: by (smt (verit, best) aa_sub in_listsI set_sorted_list_of_multiset subsetD) (234 ms)
0.sledgehammer goal.by        39076ms Ordered_Resolution_Prover.FO_Ordered_Resolution 485:18053  some (SH 39075ms, ATP 1175ms): Try this: by (smt (verit, ccfv_threshold) in_listsI set_sorted_list_of_multiset subsetD) (79 ms)
0.sledgehammer goal.using      9958ms Ordered_Resolution_Prover.FO_Ordered_Resolution 487:18129  some (SH 9957ms, ATP 774ms): Try this: by (smt (z3) length_sorted_list_of_multiset sz_aa) (21 ms)
0.sledgehammer goal.by         6091ms Ordered_Resolution_Prover.FO_Ordered_Resolution 487:18141  some (SH 6088ms, ATP 899ms): Try this: by (smt (verit, ccfv_SIG) length_sorted_list_of_multiset) (24 ms)
0.sledgehammer goal.by         6396ms Ordered_Resolution_Prover.FO_Ordered_Resolution 489:18210  some (SH 6395ms, ATP 812ms): Try this: by (smt (verit) mset_sorted_list_of_multiset) (20 ms)
0.sledgehammer goal.by         7352ms Ordered_Resolution_Prover.FO_Ordered_Resolution 491:18326  some (SH 7351ms, ATP 896ms): Try this: by (smt (z3)) (148 ms)
0.sledgehammer goal.unfolding  7177ms Ordered_Resolution_Prover.FO_Ordered_Resolution 495:18422  some (SH 7175ms, ATP 2116ms): Try this: by (smt (verit, ccfv_SIG) len_aas len_as) (15 ms)
0.sledgehammer goal.using     10500ms Ordered_Resolution_Prover.FO_Ordered_Resolution 497:18500  some (SH 10499ms, ATP 1028ms): Try this: by (smt (z3) len_as len_cas ord_resolve_rename_max_side_prems res_e) (73 ms)
0.sledgehammer goal.by        17229ms Ordered_Resolution_Prover.FO_Ordered_Resolution 497:18528  some (SH 17228ms, ATP 1052ms): Try this: by (smt (z3) len_as len_cas ord_resolve_rename_max_side_prems res_e) (38 ms)
0.sledgehammer goal.unfolding 155409ms Ordered_Resolution_Prover.FO_Ordered_Resolution 499:18591  timeout (SH 155407ms):
0.sledgehammer goal.using     155661ms Ordered_Resolution_Prover.FO_Ordered_Resolution 499:18613  timeout (SH 155659ms):
0.sledgehammer goal.by        155882ms Ordered_Resolution_Prover.FO_Ordered_Resolution 499:18632  timeout (SH 155881ms):
0.sledgehammer goal.unfolding 26416ms Ordered_Resolution_Prover.FO_Ordered_Resolution 506:18768  timeout (SH 26415ms): Timed out
0.sledgehammer goal.proof     26212ms Ordered_Resolution_Prover.FO_Ordered_Resolution 507:18793  timeout (SH 26208ms): Timed out
0.sledgehammer goal.using     77334ms Ordered_Resolution_Prover.FO_Ordered_Resolution 509:18871  some (SH 77330ms, ATP 4889ms): Try this: by (smt (verit, best) atms_of_negs lits_subseteq_imp_atms_subseteq ord_resolve_rename.simps res_e set_mset_mono set_mset_mset) (1.7 s)
0.sledgehammer goal.by        33562ms Ordered_Resolution_Prover.FO_Ordered_Resolution 510:18932  some (SH 33561ms, ATP 3367ms): Try this: by (smt (z3) atms_of_negs lits_subseteq_imp_atms_subseteq set_mset_mono set_mset_mset) (1.0 s)
0.sledgehammer goal.unfolding 110961ms Ordered_Resolution_Prover.FO_Ordered_Resolution 512:19061  some (SH 110960ms, ATP 3332ms): Try this: by (smt (z3) Sup_insert all_AA_def da_in image_insert mk_disjoint_insert sup_ge1) (396 ms)
0.sledgehammer goal.using     75905ms Ordered_Resolution_Prover.FO_Ordered_Resolution 512:19082  some (SH 75903ms, ATP 906ms): Try this: by (smt (cvc5, best) SUP_upper da_in) (94 ms)
0.sledgehammer goal.by        61816ms Ordered_Resolution_Prover.FO_Ordered_Resolution 512:19094  some (SH 61814ms, ATP 881ms): Try this: by (smt (z3) SUP_upper) (105 ms)
0.sledgehammer goal.unfolding 22142ms Ordered_Resolution_Prover.FO_Ordered_Resolution 514:19158  some (SH 22141ms, ATP 1488ms): Try this: by (smt (verit) in_listsI subset_iff) (442 ms)
0.sledgehammer goal.by         8605ms Ordered_Resolution_Prover.FO_Ordered_Resolution 514:19181  some (SH 8604ms, ATP 1233ms): Try this: by (smt (z3) mem_Collect_eq) (110 ms)
0.sledgehammer goal.using     45036ms Ordered_Resolution_Prover.FO_Ordered_Resolution 517:19251  some (SH 45035ms, ATP 3179ms): Try this: by (smt (verit, best) ord_resolve_rename.simps ord_resolve_rename_max_side_prems res_e) (3.3 s)
0.sledgehammer goal.by        18281ms Ordered_Resolution_Prover.FO_Ordered_Resolution 518:19358  some (SH 18280ms, ATP 2657ms): Try this: by (smt (z3)) (441 ms)
0.sledgehammer goal.unfolding 154056ms Ordered_Resolution_Prover.FO_Ordered_Resolution 520:19418  timeout (SH 154055ms):
0.sledgehammer goal.using     155503ms Ordered_Resolution_Prover.FO_Ordered_Resolution 520:19440  timeout (SH 155499ms):
0.sledgehammer goal.by        155532ms Ordered_Resolution_Prover.FO_Ordered_Resolution 520:19459  timeout (SH 155531ms):
0.sledgehammer goal.by        46791ms Ordered_Resolution_Prover.FO_Ordered_Resolution 527:19582  some (SH 46790ms, ATP 3479ms): Try this: by (smt (cvc5) Collect_mono insert_subset le_sup_iff)
0.sledgehammer goal.unfolding 27268ms Ordered_Resolution_Prover.FO_Ordered_Resolution 530:19675  timeout (SH 27267ms): Timed out
0.sledgehammer goal.by        62438ms Ordered_Resolution_Prover.FO_Ordered_Resolution 530:19717  some (SH 62434ms, ATP 5714ms): Try this: by (smt (cvc5) Collect_mono_iff case_prod_conv case_prod_conv case_prod_conv)
0.sledgehammer goal.unfolding 28354ms Ordered_Resolution_Prover.FO_Ordered_Resolution 532:19752  timeout (SH 28353ms): Timed out
0.sledgehammer goal.by        52672ms Ordered_Resolution_Prover.FO_Ordered_Resolution 533:19834  some (SH 52668ms, ATP 3974ms): Try this: by (smt (cvc5) Collect_cong fin_w finite_Un finite_imageI subset_Un_eq)
0.sledgehammer goal.unfolding 90173ms Ordered_Resolution_Prover.FO_Ordered_Resolution 538:20013  some (SH 90172ms, ATP 2099ms): Try this: by (smt (z3) Un_insert_right empty_Collect_eq grounding_of_cls_empty grounding_of_grounding_of_cls infer_from_def inference.sel(2) insert_subset mem_Collect_eq ord_FO_\<Gamma>_def ord_FO_resolution.inferences_between_def ord_resolve_rename_empty_main_prem set_mset_add_mset_insert set_mset_union subsetD sup_bot.right_neutral) (692 ms)
0.sledgehammer goal.using     70031ms Ordered_Resolution_Prover.FO_Ordered_Resolution 540:20138  some (SH 70030ms, ATP 2027ms): Try this: by (smt (verit, del_insts) Un_insert_right empty_Collect_eq inference.sel(2) mem_Collect_eq ord_resolve_rename_empty_main_prem set_mset_add_mset_insert singletonD singleton_insert_inj_eq' subset_antisym subset_eq sup_bot.right_neutral union_mset_add_mset_right) (2.5 s)
0.sledgehammer goal.by        101796ms Ordered_Resolution_Prover.FO_Ordered_Resolution 540:20179  some (SH 101795ms, ATP 2151ms): Try this: by (smt (z3) add_mset_add_single empty_Collect_eq inference.sel(2) insert_subset mem_Collect_eq mk_disjoint_insert set_mset_add_mset_insert singleton_insert_inj_eq' subset_Un_eq) (2.2 s)
0.sledgehammer goal.by         8782ms Ordered_Resolution_Prover.FO_Ordered_Resolution 555:20395  some (SH 8779ms, ATP 1872ms): Try this: by (smt (verit) local.select) (12 ms)
0.sledgehammer goal.proof     27464ms Ordered_Resolution_Prover.FO_Ordered_Resolution 568:20773  timeout (SH 27463ms): Timed out
0.sledgehammer goal.by        29861ms Ordered_Resolution_Prover.FO_Ordered_Resolution 570:20937  timeout (SH 29858ms): Timed out
0.sledgehammer goal.unfolding 12810ms Ordered_Resolution_Prover.FO_Ordered_Resolution 574:21076  some (SH 12807ms, ATP 2825ms): Try this: by (smt (z3) S_M_def) (144 ms)
0.sledgehammer goal.by         8814ms Ordered_Resolution_Prover.FO_Ordered_Resolution 574:21094  some (SH 8813ms, ATP 1650ms): Try this: by (smt (z3)) (62 ms)
0.sledgehammer goal.by        89021ms Ordered_Resolution_Prover.FO_Ordered_Resolution 577:21146  some (SH 89019ms, ATP 2640ms): Try this: by (smt (verit, ccfv_threshold) FO_resolution.S_M_grounding_of_clss FO_resolution_axioms S_M_def S_selects_subseteq selection_axioms subst_cls_mono_mset) (1.4 s)
0.sledgehammer goal.by        160295ms Ordered_Resolution_Prover.FO_Ordered_Resolution 580:21299  timeout (SH 160293ms):
0.sledgehammer goal.using     28496ms Ordered_Resolution_Prover.FO_Ordered_Resolution 597:21676  timeout (SH 28494ms): Timed out
0.sledgehammer goal.proof     27083ms Ordered_Resolution_Prover.FO_Ordered_Resolution 598:21688  timeout (SH 27079ms): Timed out
0.sledgehammer goal.using     25016ms Ordered_Resolution_Prover.FO_Ordered_Resolution 603:21979  some (SH 25013ms, ATP 3073ms): Try this: by (smt (verit) mset_subset_eq_add_left subseteq_list_Union_mset) (1.5 s)
0.sledgehammer goal.by        18803ms Ordered_Resolution_Prover.FO_Ordered_Resolution 603:22025  some (SH 18801ms, ATP 2963ms): Try this: by (smt (verit, ccfv_SIG) mset_subset_eq_add_left) (1.5 s)
0.sledgehammer goal.using      7552ms Ordered_Resolution_Prover.FO_Ordered_Resolution 605:22096  some (SH 7550ms, ATP 992ms): Try this: by (smt (verit, best)) (15 ms)
0.sledgehammer goal.by         6812ms Ordered_Resolution_Prover.FO_Ordered_Resolution 605:22142  some (SH 6811ms, ATP 1061ms): Try this: by (smt (verit, del_insts)) (37 ms)
0.sledgehammer goal.using     15813ms Ordered_Resolution_Prover.FO_Ordered_Resolution 607:22198  some (SH 15812ms, ATP 1776ms): Try this: by (smt (z3) gr_cas sum_list_subseteq_mset_is_ground_cls_list sum_mset_sum_list) (94 ms)
0.sledgehammer goal.by        14352ms Ordered_Resolution_Prover.FO_Ordered_Resolution 607:22211  some (SH 14350ms, ATP 1718ms): Try this: by (smt (verit, ccfv_SIG) sum_list_subseteq_mset_is_ground_cls_list sum_mset_sum_list) (99 ms)
0.sledgehammer goal.by        25748ms Ordered_Resolution_Prover.FO_Ordered_Resolution 609:22250  some (SH 25746ms, ATP 1666ms): Try this: by (smt (verit) da mset_subset_eq_add_left) (40 ms)
0.sledgehammer goal.using     14653ms Ordered_Resolution_Prover.FO_Ordered_Resolution 611:22308  some (SH 14652ms, ATP 1298ms): Try this: by (smt (z3) gr_da is_ground_cls_mono) (123 ms)
0.sledgehammer goal.by        10848ms Ordered_Resolution_Prover.FO_Ordered_Resolution 611:22339  some (SH 10847ms, ATP 1329ms): Try this: by (smt (z3)) (199 ms)
0.sledgehammer goal.using     81079ms Ordered_Resolution_Prover.FO_Ordered_Resolution 614:22395  some (SH 81078ms, ATP 1894ms): Try this: by (smt (verit) gr_cs gr_d is_ground_cls_list_is_ground_cls_sum_list is_ground_cls_union sum_mset_sum_list) (172 ms)
0.sledgehammer goal.by        49510ms Ordered_Resolution_Prover.FO_Ordered_Resolution 614:22412  some (SH 49507ms, ATP 1535ms): Try this: by (smt (verit, best) is_ground_cls_list_is_ground_cls_sum_list is_ground_cls_union sum_mset_sum_list) (140 ms)
0.sledgehammer goal.by        11169ms Ordered_Resolution_Prover.FO_Ordered_Resolution 616:22462  some (SH 11168ms, ATP 1314ms): Try this: by (smt (z3) is_ground_subst_cls) (95 ms)
0.sledgehammer goal.using     54424ms Ordered_Resolution_Prover.FO_Ordered_Resolution 618:22494  some (SH 54423ms, ATP 1336ms): Try this: by (smt (z3) cs_sub_cas d_sub_da subset_mset.add_mono) (109 ms)
0.sledgehammer goal.by        11892ms Ordered_Resolution_Prover.FO_Ordered_Resolution 618:22520  some (SH 11892ms, ATP 1485ms): Try this: by (smt (verit, ccfv_threshold) subset_mset.add_mono) (137 ms)
0.sledgehammer goal.using     31515ms Ordered_Resolution_Prover.FO_Ordered_Resolution 650:23527  timeout (SH 31514ms): Timed out
0.sledgehammer goal.proof     32390ms Ordered_Resolution_Prover.FO_Ordered_Resolution 651:23539  timeout (SH 32385ms): Timed out
0.sledgehammer goal.using     14295ms Ordered_Resolution_Prover.FO_Ordered_Resolution 655:23772  some (SH 14291ms, ATP 4813ms): Try this: apply (smt (verit, del_insts) c(3)) (32 ms)
0.sledgehammer goal.by        11579ms Ordered_Resolution_Prover.FO_Ordered_Resolution 655:23782  some (SH 11578ms, ATP 4162ms): Try this: apply (smt (z3)) (75 ms)
0.sledgehammer goal.using     112058ms Ordered_Resolution_Prover.FO_Ordered_Resolution 657:23826  some (SH 112057ms, ATP 4355ms): Try this: by (smt (verit, del_insts) add_right_cancel c(1,2) calculation(1) cas local.ord_resolve(4) nth_equalityI) (256 ms)
0.sledgehammer goal.by        50451ms Ordered_Resolution_Prover.FO_Ordered_Resolution 657:23882  some (SH 50450ms, ATP 3303ms): Try this: by (smt (verit, del_insts) add_right_imp_eq nth_equalityI) (578 ms)
0.sledgehammer goal.using      9492ms Ordered_Resolution_Prover.FO_Ordered_Resolution 662:24192  some (SH 9490ms, ATP 979ms): Try this: apply (smt (verit, del_insts) local.ord_resolve(7)) (38 ms)
0.sledgehammer goal.by         9821ms Ordered_Resolution_Prover.FO_Ordered_Resolution 662:24210  some (SH 9820ms, ATP 2215ms): Try this: apply (smt (verit, best)) (24 ms)
0.sledgehammer goal.by        13655ms Ordered_Resolution_Prover.FO_Ordered_Resolution 666:24334  some (SH 13654ms, ATP 4430ms): Try this: by (smt (verit) local.select) (24 ms)
0.sledgehammer goal.using     116145ms Ordered_Resolution_Prover.FO_Ordered_Resolution 670:24494  some (SH 116144ms, ATP 3975ms): Try this: by (smt (verit, best) S_M_grounding_of_clss Un_iff grounding in_mono local.select) (836 ms)
0.sledgehammer goal.by        66674ms Ordered_Resolution_Prover.FO_Ordered_Resolution 670:24539  some (SH 66672ms, ATP 4941ms): Try this: by (smt (verit) subsetD sup.bounded_iff) (2.1 s)
0.sledgehammer goal.using     51336ms Ordered_Resolution_Prover.FO_Ordered_Resolution 672:24704  some (SH 51335ms, ATP 3440ms): Try this: by (smt (z3) n(2) nth_mem) (1.2 s)
0.sledgehammer goal.by        27538ms Ordered_Resolution_Prover.FO_Ordered_Resolution 672:24712  some (SH 27536ms, ATP 3367ms): Try this: by (smt (z3) nth_mem) (1.2 s)
0.sledgehammer goal.using     28905ms Ordered_Resolution_Prover.FO_Ordered_Resolution 678:24931  timeout (SH 28904ms): Timed out
0.sledgehammer goal.by        28031ms Ordered_Resolution_Prover.FO_Ordered_Resolution 678:24939  timeout (SH 28025ms): Timed out
0.sledgehammer goal.unfolding 33023ms Ordered_Resolution_Prover.FO_Ordered_Resolution 686:25110  some (SH 33019ms, ATP 4127ms): Try this: apply (smt (z3) \<eta>s0_def diff_zero length_map length_upt) (97 ms)
0.sledgehammer goal.by        77138ms Ordered_Resolution_Prover.FO_Ordered_Resolution 686:25137  some (SH 77134ms, ATP 1978ms): Try this: apply (smt (z3) \<open>Cs_twins = Cs\<close> \<open>n_twin = n\<close> length_map length_map local.ord_resolve(6) map_nth size_empty) (23 ms)
0.sledgehammer goal.unfolding 151247ms Ordered_Resolution_Prover.FO_Ordered_Resolution 691:25296  some (SH 151245ms, ATP 1959ms): Try this: by (smt (verit) CAs0_def \<eta>s0_def f_p(1) in_set_conv_nth length_map n(1) nth_map nth_upt plus_nat.add_0) (547 ms)
0.sledgehammer goal.using     109712ms Ordered_Resolution_Prover.FO_Ordered_Resolution 691:25315  some (SH 109711ms, ATP 1239ms): Try this: by (smt (z3) \<eta>s0_def add_0 f_p(1) in_set_conv_nth length_map n(1) nth_map nth_upt) (572 ms)
0.sledgehammer goal.by        156491ms Ordered_Resolution_Prover.FO_Ordered_Resolution 691:25328  timeout (SH 156489ms):
0.sledgehammer goal.unfolding 29435ms Ordered_Resolution_Prover.FO_Ordered_Resolution 693:25382  timeout (SH 29434ms): Timed out
0.sledgehammer goal.using     26241ms Ordered_Resolution_Prover.FO_Ordered_Resolution 693:25409  timeout (SH 26237ms): Timed out
0.sledgehammer goal.by        27482ms Ordered_Resolution_Prover.FO_Ordered_Resolution 693:25423  timeout (SH 27479ms): Timed out
0.sledgehammer goal.unfolding 28046ms Ordered_Resolution_Prover.FO_Ordered_Resolution 695:25533  timeout (SH 28042ms): Timed out
0.sledgehammer goal.using     27130ms Ordered_Resolution_Prover.FO_Ordered_Resolution 695:25560  timeout (SH 27127ms): Timed out
0.sledgehammer goal.by        26710ms Ordered_Resolution_Prover.FO_Ordered_Resolution 695:25575  timeout (SH 26706ms): Timed out
0.sledgehammer goal.unfolding 156736ms Ordered_Resolution_Prover.FO_Ordered_Resolution 697:25668  timeout (SH 156733ms):
0.sledgehammer goal.using     155203ms Ordered_Resolution_Prover.FO_Ordered_Resolution 697:25686  timeout (SH 155199ms):
0.sledgehammer goal.by        154901ms Ordered_Resolution_Prover.FO_Ordered_Resolution 697:25698  timeout (SH 154900ms):
0.sledgehammer goal.using     11449ms Ordered_Resolution_Prover.FO_Ordered_Resolution 699:25750  some (SH 11448ms, ATP 3134ms): Try this: by (smt (verit, best) is_ground_subst_list_def) (152 ms)
0.sledgehammer goal.unfolding  8342ms Ordered_Resolution_Prover.FO_Ordered_Resolution 699:25758  some (SH 8341ms, ATP 1256ms): Try this: by (smt (verit, ccfv_SIG) is_ground_subst_list_def) (191 ms)
0.sledgehammer goal.by         8019ms Ordered_Resolution_Prover.FO_Ordered_Resolution 699:25793  some (SH 8018ms, ATP 1003ms): Try this: by (smt (verit)) (26 ms)
0.sledgehammer goal.proof     29404ms Ordered_Resolution_Prover.FO_Ordered_Resolution 705:26020  timeout (SH 29403ms): Timed out
0.sledgehammer goal.proof     27609ms Ordered_Resolution_Prover.FO_Ordered_Resolution 707:26106  timeout (SH 27603ms): Timed out
0.sledgehammer goal.using     68097ms Ordered_Resolution_Prover.FO_Ordered_Resolution 711:26208  some (SH 68091ms, ATP 962ms): Try this: by (smt (z3) CAs0_to_CAs \<open>i < n\<close> n(1,2) subst_cls_lists_nth) (90 ms)
0.sledgehammer goal.by         9996ms Ordered_Resolution_Prover.FO_Ordered_Resolution 711:26246  some (SH 9995ms, ATP 1334ms): Try this: by (smt (verit) subst_cls_lists_nth) (152 ms)
0.sledgehammer goal.using     54354ms Ordered_Resolution_Prover.FO_Ordered_Resolution 713:26310  some (SH 54353ms, ATP 1903ms): Try this: by (smt (verit) \<open>i < n\<close> cas mset_subset_eq_add_right) (86 ms)
0.sledgehammer goal.by         9991ms Ordered_Resolution_Prover.FO_Ordered_Resolution 713:26328  some (SH 9990ms, ATP 1711ms): Try this: by (smt (z3) mset_subset_eq_add_right) (55 ms)
0.sledgehammer goal.using     27930ms Ordered_Resolution_Prover.FO_Ordered_Resolution 716:26456  timeout (SH 27929ms): Timed out
0.sledgehammer goal.unfolding 27679ms Ordered_Resolution_Prover.FO_Ordered_Resolution 716:26487  timeout (SH 27674ms): Timed out
0.sledgehammer goal.by        14029ms Ordered_Resolution_Prover.FO_Ordered_Resolution 716:26511  some (SH 14025ms, ATP 2202ms): Try this: by (smt (z3)) (385 ms)
0.sledgehammer goal.unfolding 27303ms Ordered_Resolution_Prover.FO_Ordered_Resolution 718:26574  timeout (SH 27302ms): Timed out
0.sledgehammer goal.by        28670ms Ordered_Resolution_Prover.FO_Ordered_Resolution 718:26598  timeout (SH 28666ms): Timed out
0.sledgehammer goal.using     27079ms Ordered_Resolution_Prover.FO_Ordered_Resolution 725:26837  timeout (SH 27075ms): Timed out
0.sledgehammer goal.unfolding 26918ms Ordered_Resolution_Prover.FO_Ordered_Resolution 725:26845  timeout (SH 26915ms): Timed out
0.sledgehammer goal.by        40433ms Ordered_Resolution_Prover.FO_Ordered_Resolution 725:26863  some (SH 40429ms, ATP 500ms): Try this: by (smt (verit, ccfv_SIG) Pos_atm_of_iff multiset.map_comp multiset.map_ident_strong o_apply) (136 ms)
0.sledgehammer goal.using     35601ms Ordered_Resolution_Prover.FO_Ordered_Resolution 727:26923  some (SH 35600ms, ATP 1843ms): Try this: by (smt (verit, ccfv_threshold) literal.inject(1) multiset.inj_map_strong nn subst_cls_poss) (214 ms)
0.sledgehammer goal.by        45215ms Ordered_Resolution_Prover.FO_Ordered_Resolution 727:26932  some (SH 45214ms, ATP 370ms): Try this: by (smt (cvc5, best) literal.inject(1) multiset.inj_map_strong subst_cls_poss) (382 ms)
0.sledgehammer goal.using      7506ms Ordered_Resolution_Prover.FO_Ordered_Resolution 729:27063  some (SH 7505ms, ATP 1334ms): Try this: by (smt (verit) na nn) (23 ms)
0.sledgehammer goal.by         6345ms Ordered_Resolution_Prover.FO_Ordered_Resolution 729:27075  some (SH 6344ms, ATP 1379ms): Try this: by (smt (verit, ccfv_threshold)) (20 ms)
0.sledgehammer goal.by         8445ms Ordered_Resolution_Prover.FO_Ordered_Resolution 731:27170  some (SH 8444ms, ATP 1522ms): Try this: by (smt (z3)) (202 ms)
0.sledgehammer goal.by        28606ms Ordered_Resolution_Prover.FO_Ordered_Resolution 735:27307  timeout (SH 28606ms): Timed out
0.sledgehammer goal.by        26725ms Ordered_Resolution_Prover.FO_Ordered_Resolution 740:27406  some (SH 26720ms, ATP 1684ms): Try this: by (smt (z3) \<eta>s0_def length_map n(1)) (45 ms)
0.sledgehammer goal.using     157577ms Ordered_Resolution_Prover.FO_Ordered_Resolution 744:27518  timeout (SH 157576ms):
0.sledgehammer goal.by        157215ms Ordered_Resolution_Prover.FO_Ordered_Resolution 744:27532  timeout (SH 157212ms):
0.sledgehammer goal.using     77214ms Ordered_Resolution_Prover.FO_Ordered_Resolution 746:27593  some (SH 77212ms, ATP 3099ms): Try this: by (smt (verit, best) aas_len min.idem n(1,8) nth_equalityI subst_atm_mset_lists_length subst_atm_mset_lists_nth) (308 ms)
0.sledgehammer goal.by        48915ms Ordered_Resolution_Prover.FO_Ordered_Resolution 746:27601  some (SH 48913ms, ATP 1057ms): Try this: by (smt (verit, ccfv_SIG) CAs0_to_CAs nth_equalityI subst_atm_mset_lists_length subst_atm_mset_lists_nth subst_cls_lists_length) (184 ms)
0.sledgehammer goal.using     144411ms Ordered_Resolution_Prover.FO_Ordered_Resolution 749:27714  some (SH 144410ms, ATP 2005ms): Try this: by (smt (z3) AAs0f_p \<eta>s0_def add_0 length_map length_upt n(1) nth_map_upt) (367 ms)
0.sledgehammer goal.by        127885ms Ordered_Resolution_Prover.FO_Ordered_Resolution 749:27728  some (SH 127883ms, ATP 2016ms): Try this: by (smt (z3) \<eta>s0_def add_0 length_map length_upt n(1) nth_map_upt) (271 ms)
0.sledgehammer goal.using     28469ms Ordered_Resolution_Prover.FO_Ordered_Resolution 755:27835  timeout (SH 28467ms): Timed out
0.sledgehammer goal.by        26492ms Ordered_Resolution_Prover.FO_Ordered_Resolution 755:27851  timeout (SH 26489ms): Timed out
0.sledgehammer goal.using     30238ms Ordered_Resolution_Prover.FO_Ordered_Resolution 759:27954  timeout (SH 30236ms): Timed out
0.sledgehammer goal.by        28000ms Ordered_Resolution_Prover.FO_Ordered_Resolution 759:27983  timeout (SH 27995ms): Timed out
0.sledgehammer goal.using     28211ms Ordered_Resolution_Prover.FO_Ordered_Resolution 761:28031  timeout (SH 28208ms): Timed out
0.sledgehammer goal.by        27580ms Ordered_Resolution_Prover.FO_Ordered_Resolution 761:28074  timeout (SH 27576ms): Timed out
0.sledgehammer goal.using     132901ms Ordered_Resolution_Prover.FO_Ordered_Resolution 764:28129  some (SH 132897ms, ATP 3848ms): Try this: by (smt (verit, ccfv_SIG) AAs0_AAs \<open>Cs0 \<cdot>\<cdot>cl \<eta>s0 = Cs\<close> \<open>\<forall>i<n. CAs0 ! i = Cs0 ! i + poss (AAs0 ! i)\<close> n(8,9) that) (850 ms)
0.sledgehammer goal.by        14325ms Ordered_Resolution_Prover.FO_Ordered_Resolution 767:28287  some (SH 14324ms, ATP 1690ms): Try this: by (smt (verit, best)) (611 ms)
0.sledgehammer goal.using     162552ms Ordered_Resolution_Prover.FO_Ordered_Resolution 772:28425  timeout (SH 162551ms):
0.sledgehammer goal.by        76117ms Ordered_Resolution_Prover.FO_Ordered_Resolution 772:28470  some (SH 76115ms, ATP 368ms): Try this: by (smt (cvc5, best) insert_subset le_sup_iff) (576 ms)
0.sledgehammer goal.by        10567ms Ordered_Resolution_Prover.FO_Ordered_Resolution 775:28627  some (SH 10566ms, ATP 844ms): Try this: by (smt (z3)) (289 ms)
0.sledgehammer goal.using      9514ms Ordered_Resolution_Prover.FO_Ordered_Resolution 778:28718  some (SH 9513ms, ATP 711ms): Try this: by (smt (verit, ccfv_threshold) DA0_\<eta>0_p) (41 ms)
0.sledgehammer goal.by         6771ms Ordered_Resolution_Prover.FO_Ordered_Resolution 778:28733  some (SH 6769ms, ATP 752ms): Try this: by (smt (z3)) (10 ms)
0.sledgehammer goal.using     10148ms Ordered_Resolution_Prover.FO_Ordered_Resolution 780:28779  some (SH 10146ms, ATP 831ms): Try this: by (smt (verit, del_insts) DA0_\<eta>0_p) (33 ms)
0.sledgehammer goal.by         7056ms Ordered_Resolution_Prover.FO_Ordered_Resolution 780:28794  some (SH 7051ms, ATP 2280ms): Try this: by (smt (z3)) (50 ms)
0.sledgehammer goal.using      9036ms Ordered_Resolution_Prover.FO_Ordered_Resolution 782:28853  some (SH 9035ms, ATP 1205ms): Try this: by (smt (verit) DA0_\<eta>0_p) (25 ms)
0.sledgehammer goal.by         5596ms Ordered_Resolution_Prover.FO_Ordered_Resolution 782:28868  some (SH 5595ms, ATP 966ms): Try this: by (smt (z3)) (12 ms)
0.sledgehammer goal.using     10095ms Ordered_Resolution_Prover.FO_Ordered_Resolution 784:28908  some (SH 10094ms, ATP 690ms): Try this: by (smt (cvc5, trigger_relev) DA0_\<eta>0_p) (36 ms)
0.sledgehammer goal.by         6431ms Ordered_Resolution_Prover.FO_Ordered_Resolution 784:28923  some (SH 6427ms, ATP 698ms): Try this: by (smt (verit, ccfv_SIG)) (31 ms)
0.sledgehammer goal.proof     28015ms Ordered_Resolution_Prover.FO_Ordered_Resolution 790:29163  timeout (SH 28014ms): Timed out
0.sledgehammer goal.by        26498ms Ordered_Resolution_Prover.FO_Ordered_Resolution 795:29366  timeout (SH 26494ms): Timed out
0.sledgehammer goal.by         9325ms Ordered_Resolution_Prover.FO_Ordered_Resolution 797:29457  some (SH 9320ms, ATP 1285ms): Try this: by (smt (verit, ccfv_threshold) image_mset_single) (63 ms)
0.sledgehammer goal.using      9603ms Ordered_Resolution_Prover.FO_Ordered_Resolution 799:29547  some (SH 9602ms, ATP 974ms): Try this: by (smt (verit, ccfv_SIG) \<open>D_twin = D\<close> local.ord_resolve(1)) (48 ms)
0.sledgehammer goal.by         6452ms Ordered_Resolution_Prover.FO_Ordered_Resolution 799:29556  some (SH 6451ms, ATP 1014ms): Try this: by (smt (z3)) (17 ms)
0.sledgehammer goal.using     150396ms Ordered_Resolution_Prover.FO_Ordered_Resolution 801:29634  some (SH 150395ms, ATP 2888ms): Try this: by (smt (verit, ccfv_threshold) DA0_to_DA Melem_subst_cls union_mset_add_mset_right union_single_eq_member) (231 ms)
0.sledgehammer goal.by        92470ms Ordered_Resolution_Prover.FO_Ordered_Resolution 801:29650  some (SH 92468ms, ATP 1929ms): Try this: by (smt (z3) Melem_subst_cls union_mset_add_mset_right union_single_eq_member) (721 ms)
0.sledgehammer goal.by        59608ms Ordered_Resolution_Prover.FO_Ordered_Resolution 803:29806  some (SH 59607ms, ATP 1309ms): Try this: by (smt (z3) literal.collapse(2) literal.disc(2) subst_lit_is_neg) (32 ms)
0.sledgehammer goal.using     149530ms Ordered_Resolution_Prover.FO_Ordered_Resolution 805:29945  some (SH 149529ms, ATP 2802ms): Try this: by (smt (z3) as atm_of_subst_lit image_mset_single literal.sel(2) mset_single_iff_right single_subset_iff subst_atm_list_single) (229 ms)
0.sledgehammer goal.by        117146ms Ordered_Resolution_Prover.FO_Ordered_Resolution 805:29968  some (SH 117144ms, ATP 3395ms): Try this: by (smt (z3) atm_of_subst_lit image_mset_single literal.sel(2) mset_single_iff_right single_subset_iff subst_atm_list_single) (87 ms)
0.sledgehammer goal.using     41439ms Ordered_Resolution_Prover.FO_Ordered_Resolution 808:30122  some (SH 41438ms, ATP 1681ms): Try this: by (smt (z3) a) (229 ms)
0.sledgehammer goal.by        13856ms Ordered_Resolution_Prover.FO_Ordered_Resolution 808:30130  some (SH 13855ms, ATP 2126ms): Try this: by (smt (z3)) (376 ms)
0.sledgehammer goal.using     11018ms Ordered_Resolution_Prover.FO_Ordered_Resolution 814:30279  some (SH 11017ms, ATP 1175ms): Try this: by (smt (verit) DA0_\<eta>0_p da) (53 ms)
0.sledgehammer goal.by         6712ms Ordered_Resolution_Prover.FO_Ordered_Resolution 814:30314  some (SH 6711ms, ATP 1065ms): Try this: by (smt (z3)) (21 ms)
0.sledgehammer goal.using     26231ms Ordered_Resolution_Prover.FO_Ordered_Resolution 816:30396  some (SH 26230ms, ATP 2292ms): Try this: by (smt (verit, ccfv_threshold) instance_list) (231 ms)
0.sledgehammer goal.by        10117ms Ordered_Resolution_Prover.FO_Ordered_Resolution 816:30455  some (SH 10116ms, ATP 3193ms): Try this: by (smt (z3)) (193 ms)
0.sledgehammer goal.using     54265ms Ordered_Resolution_Prover.FO_Ordered_Resolution 819:30609  some (SH 54265ms, ATP 2123ms): Try this: by (smt (z3) S.S_selects_subseteq) (164 ms)
0.sledgehammer goal.by        14971ms Ordered_Resolution_Prover.FO_Ordered_Resolution 819:30636  some (SH 14970ms, ATP 2105ms): Try this: by (smt (z3)) (395 ms)
0.sledgehammer goal.using     106931ms Ordered_Resolution_Prover.FO_Ordered_Resolution 823:30798  some (SH 106929ms, ATP 3896ms): Try this: by (smt (verit) One_nat_def \<open>D_twin = D\<close> eligible.cases local.ord_resolve(11)) (3.5 s)
0.sledgehammer goal.unfolding 60141ms Ordered_Resolution_Prover.FO_Ordered_Resolution 823:30813  some (SH 60138ms, ATP 2215ms): Try this: by (smt (z3) One_nat_def eligible.cases) (3.4 s)
0.sledgehammer goal.by        32440ms Ordered_Resolution_Prover.FO_Ordered_Resolution 823:30838  some (SH 32438ms, ATP 2050ms): Try this: by (smt (z3) One_nat_def) (305 ms)
0.sledgehammer goal.by        12829ms Ordered_Resolution_Prover.FO_Ordered_Resolution 827:31005  some (SH 12827ms, ATP 1366ms): Try this: by (smt (z3)) (476 ms)
0.sledgehammer goal.using     18958ms Ordered_Resolution_Prover.FO_Ordered_Resolution 829:31051  some (SH 18957ms, ATP 1455ms): Try this: by (smt (verit) \<open>n_twin = n\<close> local.ord_resolve(6) subst_atm_list_length) (54 ms)
0.sledgehammer goal.by        11353ms Ordered_Resolution_Prover.FO_Ordered_Resolution 829:31064  some (SH 11352ms, ATP 2772ms): Try this: by (smt (z3) subst_atm_list_length) (51 ms)
0.sledgehammer goal.using     12097ms Ordered_Resolution_Prover.FO_Ordered_Resolution 833:31126  some (SH 12093ms, ATP 986ms): Try this: by (smt (cvc5, noematch) As0_p) (40 ms)
0.sledgehammer goal.by         7398ms Ordered_Resolution_Prover.FO_Ordered_Resolution 833:31138  some (SH 7394ms, ATP 1613ms): Try this: by (smt (verit, best)) (16 ms)
0.sledgehammer goal.using     18252ms Ordered_Resolution_Prover.FO_Ordered_Resolution 838:31251  some (SH 18251ms, ATP 1153ms): Try this: by (smt (verit, del_insts) As0_p subset_mset.diff_add) (76 ms)
0.sledgehammer goal.by         9079ms Ordered_Resolution_Prover.FO_Ordered_Resolution 838:31263  some (SH 9078ms, ATP 1167ms): Try this: by (smt (z3) subset_mset.diff_add) (74 ms)
0.sledgehammer goal.using     145478ms Ordered_Resolution_Prover.FO_Ordered_Resolution 840:31305  some (SH 145477ms, ATP 4009ms): Try this: by (smt (z3) As0_p DA0_\<eta>0_p add_right_cancel da mset_subst_atm_list_subst_atm_mset subst_cls_negs subst_cls_union) (181 ms)
0.sledgehammer goal.by        100950ms Ordered_Resolution_Prover.FO_Ordered_Resolution 840:31330  some (SH 100947ms, ATP 1573ms): Try this: by (smt (z3) add_diff_cancel_right' mset_subst_atm_list_subst_atm_mset subst_cls_negs subst_cls_union) (213 ms)
0.sledgehammer goal.using      7972ms Ordered_Resolution_Prover.FO_Ordered_Resolution 843:31417  some (SH 7970ms, ATP 718ms): Try this: by (smt (verit) As0_p) (54 ms)
0.sledgehammer goal.by         6705ms Ordered_Resolution_Prover.FO_Ordered_Resolution 843:31429  some (SH 6704ms, ATP 937ms): Try this: by (smt (z3)) (87 ms)
0.sledgehammer goal.using     77209ms Ordered_Resolution_Prover.FO_Ordered_Resolution 845:31466  some (SH 77208ms, ATP 1188ms): Try this: by (smt (verit, del_insts) As0_p \<open>D0 \<cdot> \<eta>0 = D\<close> \<open>DA0 = D0 + negs (mset As0)\<close> n(8) that) (309 ms)
0.sledgehammer goal.by        14895ms Ordered_Resolution_Prover.FO_Ordered_Resolution 846:31563  some (SH 14893ms, ATP 1320ms): Try this: by (smt (z3)) (367 ms)
0.sledgehammer goal.using     28601ms Ordered_Resolution_Prover.FO_Ordered_Resolution 850:31598  timeout (SH 28600ms): Timed out
0.sledgehammer goal.by         6577ms Ordered_Resolution_Prover.FO_Ordered_Resolution 861:32091  some (SH 6574ms, ATP 750ms): Try this: by (smt (z3)) (66 ms)
0.sledgehammer goal.using     30553ms Ordered_Resolution_Prover.FO_Ordered_Resolution 879:32672  timeout (SH 30552ms): Timed out
0.sledgehammer goal.proof     28470ms Ordered_Resolution_Prover.FO_Ordered_Resolution 880:32684  timeout (SH 28466ms): Timed out
0.sledgehammer goal.using     28957ms Ordered_Resolution_Prover.FO_Ordered_Resolution 889:33164  timeout (SH 28952ms): Timed out
0.sledgehammer goal.unfolding 28251ms Ordered_Resolution_Prover.FO_Ordered_Resolution 889:33181  timeout (SH 28249ms): Timed out
0.sledgehammer goal.by        28317ms Ordered_Resolution_Prover.FO_Ordered_Resolution 889:33212  timeout (SH 28314ms): Timed out
0.sledgehammer goal.by         7140ms Ordered_Resolution_Prover.FO_Ordered_Resolution 893:33357  some (SH 7136ms, ATP 1193ms): Try this: by (smt (verit) local.select) (12 ms)
0.sledgehammer goal.using     96494ms Ordered_Resolution_Prover.FO_Ordered_Resolution 916:34005  some (SH 96493ms, ATP 7187ms): Try this: by (smt (cvc5) aas_len cas cas_len cs_len da grounding local.select ord_resolve_obtain_clauses res_e)
0.sledgehammer goal.by        36343ms Ordered_Resolution_Prover.FO_Ordered_Resolution 917:34203  some (SH 36342ms, ATP 6878ms): Try this: by (smt (cvc5))
0.sledgehammer goal.using     30490ms Ordered_Resolution_Prover.FO_Ordered_Resolution 922:34373  some (SH 30489ms, ATP 1893ms): Try this: by (smt (z3) length_Cons n(1) renamings_apart_length) (18 ms)
0.sledgehammer goal.by         8337ms Ordered_Resolution_Prover.FO_Ordered_Resolution 922:34404  some (SH 8336ms, ATP 1908ms): Try this: by (smt (z3) length_Cons) (69 ms)
0.sledgehammer goal.using     26046ms Ordered_Resolution_Prover.FO_Ordered_Resolution 948:34972  timeout (SH 26044ms): Timed out
0.sledgehammer goal.unfolding 26054ms Ordered_Resolution_Prover.FO_Ordered_Resolution 948:35026  timeout (SH 26049ms): Timed out
0.sledgehammer goal.by        93038ms Ordered_Resolution_Prover.FO_Ordered_Resolution 949:35046  some (SH 93036ms, ATP 3256ms): Try this: by (smt (verit, ccfv_threshold) length_Suc_conv list.sel(1) list.set_intros(1)) (271 ms)
0.sledgehammer goal.using     27490ms Ordered_Resolution_Prover.FO_Ordered_Resolution 952:35177  timeout (SH 27488ms): Timed out
0.sledgehammer goal.unfolding 26317ms Ordered_Resolution_Prover.FO_Ordered_Resolution 952:35231  timeout (SH 26314ms): Timed out
0.sledgehammer goal.by        135479ms Ordered_Resolution_Prover.FO_Ordered_Resolution 953:35252  some (SH 135476ms, ATP 5531ms): Try this: by (smt (verit, best) is_renaming_list_def length_Suc_conv list.sel(3) list.set_intros(2) n(1)) (302 ms)
0.sledgehammer goal.unfolding 111383ms Ordered_Resolution_Prover.FO_Ordered_Resolution 956:35364  some (SH 111382ms, ATP 1531ms): Try this: by (smt (z3) Nitpick.size_list_simp(2) \<rho>s_def n(1) nat.inject nat.simps(3)) (112 ms)
0.sledgehammer goal.using     81373ms Ordered_Resolution_Prover.FO_Ordered_Resolution 956:35381  some (SH 81373ms, ATP 2222ms): Try this: by (smt (z3) Nitpick.size_list_simp(2) n(1) nat.distinct(1) nat.inject) (273 ms)
0.sledgehammer goal.by        43584ms Ordered_Resolution_Prover.FO_Ordered_Resolution 956:35389  some (SH 43582ms, ATP 2458ms): Try this: by (smt (z3) Nitpick.size_list_simp(2) nat.distinct(1) nat.inject) (169 ms)
0.sledgehammer goal.unfolding 17235ms Ordered_Resolution_Prover.FO_Ordered_Resolution 959:35455  some (SH 17234ms, ATP 1016ms): Try this: by (smt (cvc5, trigger_relev) As0'_def n(4) subst_atm_list_length) (41 ms)
0.sledgehammer goal.using     15331ms Ordered_Resolution_Prover.FO_Ordered_Resolution 959:35474  some (SH 15329ms, ATP 1341ms): Try this: by (smt (verit) n(4) subst_atm_list_length) (27 ms)
0.sledgehammer goal.by         8298ms Ordered_Resolution_Prover.FO_Ordered_Resolution 959:35482  some (SH 8297ms, ATP 2249ms): Try this: by (smt (z3) subst_atm_list_length) (49 ms)
0.sledgehammer goal.using     91638ms Ordered_Resolution_Prover.FO_Ordered_Resolution 961:35520  some (SH 91637ms, ATP 4237ms): Try this: by (smt (z3) CAs0'_def \<open>\<And>thesis. (\<And>DA0 \<eta>0 CAs0 \<eta>s0 As0 AAs0 D0 Cs0. \<lbrakk>length CAs0 = n; length \<eta>s0 = n; DA0 \<in> M; DA0 \<cdot> \<eta>0 = DA; S DA0 \<cdot> \<eta>0 = S_M S M DA; \<forall>CA0\<in>set CAs0. CA0 \<in> M; CAs0 \<cdot>\<cdot>cl \<eta>s0 = CAs; map S CAs0 \<cdot>\<cdot>cl \<eta>s0 = map (S_M S M) CAs; is_ground_subst \<eta>0; is_ground_subst_list \<eta>s0; As0 \<cdot>al \<eta>0 = As; AAs0 \<cdot>\<cdot>aml \<eta>s0 = AAs; length As0 = n; D0 \<cdot> \<eta>0 = D; DA0 = D0 + negs (mset As0); S_M S M (D + negs (mset As)) \<noteq> {#} \<Longrightarrow> negs (mset As0) = S DA0; length Cs0 = n; Cs0 \<cdot>\<cdot>cl \<eta>s0 = Cs; \<forall>i<n. CAs0 ! i = Cs0 ! i + poss (AAs0 ! i); length AAs0 = n\<rbrakk> \<Longrightarrow> thesis) \<Longrightarrow> thesis\<close> cs_len n(12,2) subst_cls_lists_length) (938 ms)
0.sledgehammer goal.unfolding 48751ms Ordered_Resolution_Prover.FO_Ordered_Resolution 961:35535  some (SH 48750ms, ATP 5576ms): Try this: by (smt (z3) CAs0'_def \<open>\<And>thesis. (\<And>DA0 \<eta>0 CAs0 \<eta>s0 As0 AAs0 D0 Cs0. \<lbrakk>length CAs0 = n; length \<eta>s0 = n; DA0 \<in> M; DA0 \<cdot> \<eta>0 = DA; S DA0 \<cdot> \<eta>0 = S_M S M DA; \<forall>CA0\<in>set CAs0. CA0 \<in> M; CAs0 \<cdot>\<cdot>cl \<eta>s0 = CAs; map S CAs0 \<cdot>\<cdot>cl \<eta>s0 = map (S_M S M) CAs; is_ground_subst \<eta>0; is_ground_subst_list \<eta>s0; As0 \<cdot>al \<eta>0 = As; AAs0 \<cdot>\<cdot>aml \<eta>s0 = AAs; length As0 = n; D0 \<cdot> \<eta>0 = D; DA0 = D0 + negs (mset As0); S_M S M (D + negs (mset As)) \<noteq> {#} \<Longrightarrow> negs (mset As0) = S DA0; length Cs0 = n; Cs0 \<cdot>\<cdot>cl \<eta>s0 = Cs; \<forall>i<n. CAs0 ! i = Cs0 ! i + poss (AAs0 ! i); length AAs0 = n\<rbrakk> \<Longrightarrow> thesis) \<Longrightarrow> thesis\<close> subst_cls_lists_length) (672 ms)
0.sledgehammer goal.by        31073ms Ordered_Resolution_Prover.FO_Ordered_Resolution 961:35555  some (SH 31072ms, ATP 5579ms): Try this: by (smt (z3) as0(18) subst_cls_lists_length) (36 ms)
0.sledgehammer goal.unfolding 78918ms Ordered_Resolution_Prover.FO_Ordered_Resolution 963:35592  some (SH 78917ms, ATP 3800ms): Try this: by (smt (z3) Cs0'_def as0(18) cs_len n(12,3) subst_cls_lists_length) (27 ms)
0.sledgehammer goal.using     59014ms Ordered_Resolution_Prover.FO_Ordered_Resolution 963:35611  some (SH 59013ms, ATP 6574ms): Try this: by (smt (z3) as0(18) cs_len n(12,3) subst_cls_lists_length) (65 ms)
0.sledgehammer goal.by        49458ms Ordered_Resolution_Prover.FO_Ordered_Resolution 963:35619  some (SH 49456ms, ATP 6928ms): Try this: by (smt (z3) \<open>\<And>thesis. (\<And>DA0 \<eta>0 CAs0 \<eta>s0 As0 AAs0 D0 Cs0. \<lbrakk>length CAs0 = n; length \<eta>s0 = n; DA0 \<in> M; DA0 \<cdot> \<eta>0 = DA; S DA0 \<cdot> \<eta>0 = S_M S M DA; \<forall>CA0\<in>set CAs0. CA0 \<in> M; CAs0 \<cdot>\<cdot>cl \<eta>s0 = CAs; map S CAs0 \<cdot>\<cdot>cl \<eta>s0 = map (S_M S M) CAs; is_ground_subst \<eta>0; is_ground_subst_list \<eta>s0; As0 \<cdot>al \<eta>0 = As; AAs0 \<cdot>\<cdot>aml \<eta>s0 = AAs; length As0 = n; D0 \<cdot> \<eta>0 = D; DA0 = D0 + negs (mset As0); S_M S M (D + negs (mset As)) \<noteq> {#} \<Longrightarrow> negs (mset As0) = S DA0; length Cs0 = n; Cs0 \<cdot>\<cdot>cl \<eta>s0 = Cs; \<forall>i<n. CAs0 ! i = Cs0 ! i + poss (AAs0 ! i); length AAs0 = n\<rbrakk> \<Longrightarrow> thesis) \<Longrightarrow> thesis\<close> subst_cls_lists_length) (1.2 s)
0.sledgehammer goal.unfolding 151103ms Ordered_Resolution_Prover.FO_Ordered_Resolution 965:35657  some (SH 151102ms, ATP 4682ms): Try this: by (smt (z3) AAs0'_def as0(18) cs_len n(12,3,5,6) subst_atm_mset_lists_length subst_cls_lists_length) (44 ms)
0.sledgehammer goal.using     57093ms Ordered_Resolution_Prover.FO_Ordered_Resolution 965:35677  some (SH 57092ms, ATP 6011ms): Try this: by (smt (z3) aas_len as0(12) n(12,3) subst_atm_mset_lists_length) (55 ms)
0.sledgehammer goal.by        29918ms Ordered_Resolution_Prover.FO_Ordered_Resolution 965:35685  some (SH 29917ms, ATP 5116ms): Try this: by (smt (z3) as0(12) subst_atm_mset_lists_length) (73 ms)
0.sledgehammer goal.using     162083ms Ordered_Resolution_Prover.FO_Ordered_Resolution 967:35722  timeout (SH 162082ms):
0.sledgehammer goal.unfolding 113104ms Ordered_Resolution_Prover.FO_Ordered_Resolution 967:35737  some (SH 113103ms, ATP 1777ms): Try this: by (smt (verit, del_insts) \<eta>s0'_def as0(18) comp_substs_length length_map subst_cls_lists_length) (116 ms)
0.sledgehammer goal.by        98297ms Ordered_Resolution_Prover.FO_Ordered_Resolution 967:35756  some (SH 98296ms, ATP 2707ms): Try this: by (smt (z3) \<open>\<And>thesis. (\<And>DA0 \<eta>0 CAs0 \<eta>s0 As0 AAs0 D0 Cs0. \<lbrakk>length CAs0 = n; length \<eta>s0 = n; DA0 \<in> M; DA0 \<cdot> \<eta>0 = DA; S DA0 \<cdot> \<eta>0 = S_M S M DA; \<forall>CA0\<in>set CAs0. CA0 \<in> M; CAs0 \<cdot>\<cdot>cl \<eta>s0 = CAs; map S CAs0 \<cdot>\<cdot>cl \<eta>s0 = map (S_M S M) CAs; is_ground_subst \<eta>0; is_ground_subst_list \<eta>s0; As0 \<cdot>al \<eta>0 = As; AAs0 \<cdot>\<cdot>aml \<eta>s0 = AAs; length As0 = n; D0 \<cdot> \<eta>0 = D; DA0 = D0 + negs (mset As0); S_M S M (D + negs (mset As)) \<noteq> {#} \<Longrightarrow> negs (mset As0) = S DA0; length Cs0 = n; Cs0 \<cdot>\<cdot>cl \<eta>s0 = Cs; \<forall>i<n. CAs0 ! i = Cs0 ! i + poss (AAs0 ! i); length AAs0 = n\<rbrakk> \<Longrightarrow> thesis) \<Longrightarrow> thesis\<close> comp_substs_length length_map subst_cls_lists_length) (849 ms)
0.sledgehammer goal.using     28055ms Ordered_Resolution_Prover.FO_Ordered_Resolution 971:35908  timeout (SH 28054ms): Timed out
0.sledgehammer goal.unfolding 30122ms Ordered_Resolution_Prover.FO_Ordered_Resolution 971:35921  timeout (SH 30118ms): Timed out
0.sledgehammer goal.using     85297ms Ordered_Resolution_Prover.FO_Ordered_Resolution 971:35948  some (SH 85294ms, ATP 1453ms): Try this: by (smt (z3) is_renaming_inv_renaming_cancel_cls renames_DA0 subst_cls_comp_subst) (170 ms)
0.sledgehammer goal.by        58144ms Ordered_Resolution_Prover.FO_Ordered_Resolution 971:35966  some (SH 58142ms, ATP 1349ms): Try this: by (smt (z3) is_renaming_inv_renaming_cancel_cls subst_cls_comp_subst) (29 ms)
0.sledgehammer goal.using     105789ms Ordered_Resolution_Prover.FO_Ordered_Resolution 973:36008  some (SH 105788ms, ATP 1795ms): Try this: by (smt (z3) D0'_def \<eta>0'_def as0(14) is_renaming_inv_renaming_cancel_cls renames_DA0 subst_cls_comp_subst) (47 ms)
0.sledgehammer goal.unfolding 93372ms Ordered_Resolution_Prover.FO_Ordered_Resolution 973:36022  some (SH 93371ms, ATP 1385ms): Try this: by (smt (z3) D0'_def \<eta>0'_def is_renaming_inv_renaming_cancel_cls renames_DA0 subst_cls_comp_subst) (120 ms)
0.sledgehammer goal.using     77719ms Ordered_Resolution_Prover.FO_Ordered_Resolution 973:36048  some (SH 77717ms, ATP 1590ms): Try this: by (smt (verit, ccfv_SIG) is_renaming_inv_renaming_cancel_cls renames_DA0 subst_cls_comp_subst) (70 ms)
0.sledgehammer goal.by        55241ms Ordered_Resolution_Prover.FO_Ordered_Resolution 973:36066  some (SH 55240ms, ATP 1426ms): Try this: by (smt (verit, ccfv_threshold) is_renaming_inv_renaming_cancel_cls subst_cls_comp_subst) (79 ms)
0.sledgehammer goal.using     107550ms Ordered_Resolution_Prover.FO_Ordered_Resolution 975:36114  some (SH 107548ms, ATP 1807ms): Try this: by (smt (z3) As0'_def \<eta>0'_def as0(11) is_renaming_inv_renaming_cancel_atm_list renames_DA0 subst_atm_list_comp_subst) (55 ms)
0.sledgehammer goal.unfolding 94487ms Ordered_Resolution_Prover.FO_Ordered_Resolution 975:36128  some (SH 94486ms, ATP 1789ms): Try this: by (smt (z3) As0'_def \<eta>0'_def is_renaming_inv_renaming_cancel_atm_list renames_DA0 subst_atm_list_comp_subst) (96 ms)
0.sledgehammer goal.using     70765ms Ordered_Resolution_Prover.FO_Ordered_Resolution 975:36155  some (SH 70764ms, ATP 1686ms): Try this: by (smt (z3) is_renaming_inv_renaming_cancel_atm_list renames_DA0 subst_atm_list_comp_subst) (86 ms)
0.sledgehammer goal.by        47726ms Ordered_Resolution_Prover.FO_Ordered_Resolution 975:36173  some (SH 47725ms, ATP 1826ms): Try this: by (smt (verit) is_renaming_inv_renaming_cancel_atm_list subst_atm_list_comp_subst) (103 ms)
0.sledgehammer goal.using     152191ms Ordered_Resolution_Prover.FO_Ordered_Resolution 977:36220  some (SH 152190ms, ATP 1733ms): Try this: by (smt (z3) DA0'_def \<eta>0'_def as0(5) inv_renaming_cancel_r renames_DA0 sel_stable subst_cls_comp_subst subst_cls_id_subst) (145 ms)
0.sledgehammer goal.unfolding 141176ms Ordered_Resolution_Prover.FO_Ordered_Resolution 977:36233  some (SH 141175ms, ATP 1823ms): Try this: by (smt (z3) DA0'_def \<eta>0'_def inv_renaming_cancel_r renames_DA0 sel_stable subst_cls_comp_subst subst_cls_id_subst) (166 ms)
0.sledgehammer goal.using     101056ms Ordered_Resolution_Prover.FO_Ordered_Resolution 977:36260  some (SH 101054ms, ATP 2020ms): Try this: by (smt (z3) inv_renaming_cancel_r renames_DA0 sel_stable subst_cls_comp_subst subst_cls_id_subst) (118 ms)
0.sledgehammer goal.by        65759ms Ordered_Resolution_Prover.FO_Ordered_Resolution 977:36289  some (SH 65757ms, ATP 2041ms): Try this: by (smt (z3) inv_renaming_cancel_r subst_cls_comp_subst subst_cls_id_subst) (64 ms)
0.sledgehammer goal.using     27891ms Ordered_Resolution_Prover.FO_Ordered_Resolution 979:36343  timeout (SH 27890ms): Timed out
0.sledgehammer goal.unfolding 29218ms Ordered_Resolution_Prover.FO_Ordered_Resolution 979:36356  timeout (SH 29214ms): Timed out
0.sledgehammer goal.using     160704ms Ordered_Resolution_Prover.FO_Ordered_Resolution 979:36385  some (SH 160700ms, ATP 3571ms): Try this: by (smt (verit) is_renaming_list_inv_renaming_cancel_cls_list n(17,7) renames_CAs0 subst_cls_lists_comp_substs) (252 ms)
0.sledgehammer goal.by        50870ms Ordered_Resolution_Prover.FO_Ordered_Resolution 979:36406  some (SH 50869ms, ATP 2042ms): Try this: by (smt (z3) is_renaming_list_inv_renaming_cancel_cls_list subst_cls_lists_comp_substs) (156 ms)
0.sledgehammer goal.using     156036ms Ordered_Resolution_Prover.FO_Ordered_Resolution 981:36456  timeout (SH 156035ms):
0.sledgehammer goal.unfolding 110962ms Ordered_Resolution_Prover.FO_Ordered_Resolution 981:36470  some (SH 110961ms, ATP 2149ms): Try this: by (smt (verit, best) Cs0'_def \<eta>s0'_def is_renaming_list_inv_renaming_cancel_cls_list n(11,17) renames_CAs0 subst_cls_lists_comp_substs) (208 ms)
0.sledgehammer goal.using     112237ms Ordered_Resolution_Prover.FO_Ordered_Resolution 981:36498  some (SH 112235ms, ATP 2106ms): Try this: by (smt (verit, ccfv_threshold) is_renaming_list_inv_renaming_cancel_cls_list n(11,17) renames_CAs0 subst_cls_lists_comp_substs) (159 ms)
0.sledgehammer goal.by        55259ms Ordered_Resolution_Prover.FO_Ordered_Resolution 981:36519  some (SH 55257ms, ATP 2082ms): Try this: by (smt (z3) is_renaming_list_inv_renaming_cancel_cls_list subst_cls_lists_comp_substs) (183 ms)
0.sledgehammer goal.using     139550ms Ordered_Resolution_Prover.FO_Ordered_Resolution 983:36574  some (SH 139549ms, ATP 4011ms): Try this: by (smt (z3) AAs0'_def \<eta>s0'_def as0(12) is_renaming_list_inv_renaming_cancel_atm_mset_lists n(10,17) renames_CAs0 subst_atm_mset_lists_comp_substs) (149 ms)
0.sledgehammer goal.unfolding 143248ms Ordered_Resolution_Prover.FO_Ordered_Resolution 983:36588  some (SH 143246ms, ATP 3880ms): Try this: by (smt (z3) AAs0'_def \<eta>s0'_def is_renaming_list_inv_renaming_cancel_atm_mset_lists n(10,17) renames_CAs0 subst_atm_mset_lists_comp_substs) (188 ms)
0.sledgehammer goal.using     117939ms Ordered_Resolution_Prover.FO_Ordered_Resolution 983:36617  some (SH 117937ms, ATP 2020ms): Try this: by (smt (verit, best) is_renaming_list_inv_renaming_cancel_atm_mset_lists n(10,17) renames_CAs0 subst_atm_mset_lists_comp_substs) (177 ms)
0.sledgehammer goal.using     120181ms Ordered_Resolution_Prover.FO_Ordered_Resolution 983:36636  some (SH 120179ms, ATP 3423ms): Try this: by (smt (verit, ccfv_threshold) is_renaming_list_inv_renaming_cancel_atm_mset_lists n(10,17) subst_atm_mset_lists_comp_substs) (145 ms)
0.sledgehammer goal.by        64003ms Ordered_Resolution_Prover.FO_Ordered_Resolution 983:36644  some (SH 64001ms, ATP 5013ms): Try this: by (smt (z3) subst_atm_mset_lists_comp_substs subst_atm_mset_lists_id_subst substitution.inv_renaming_cancel_r_list substitution_axioms) (107 ms)
0.sledgehammer goal.unfolding 75882ms Ordered_Resolution_Prover.FO_Ordered_Resolution 985:36707  some (SH 75881ms, ATP 9630ms): Try this: by (smt (cvc5) AAs0'_def CAs0'_def \<eta>s0'_def \<open>\<And>thesis. (\<And>DA0 \<eta>0 CAs0 \<eta>s0 As0 AAs0 D0 Cs0. \<lbrakk>length CAs0 = n; length \<eta>s0 = n; DA0 \<in> M; DA0 \<cdot> \<eta>0 = DA; S DA0 \<cdot> \<eta>0 = S_M S M DA; \<forall>CA0\<in>set CAs0. CA0 \<in> M; CAs0 \<cdot>\<cdot>cl \<eta>s0 = CAs; map S CAs0 \<cdot>\<cdot>cl \<eta>s0 = map (S_M S M) CAs; is_ground_subst \<eta>0; is_ground_subst_list \<eta>s0; As0 \<cdot>al \<eta>0 = As; AAs0 \<cdot>\<cdot>aml \<eta>s0 = AAs; length As0 = n; D0 \<cdot> \<eta>0 = D; DA0 = D0 + negs (mset As0); S_M S M (D + negs (mset As)) \<noteq> {#} \<Longrightarrow> negs (mset As0) = S DA0; length Cs0 = n; Cs0 \<cdot>\<cdot>cl \<eta>s0 = Cs; \<forall>i<n. CAs0 ! i = Cs0 ! i + poss (AAs0 ! i); length AAs0 = n\<rbrakk> \<Longrightarrow> thesis) \<Longrightarrow> thesis\<close> \<rho>s_def as0(11,12,14,18,7,8) cas_len da mset_map n(17,4,7) renames_CAs0 sel_ren_list_inv size_image_mset size_mset subst_cls_lists_comp_substs subst_cls_lists_id_subst substitution.inv_renaming_cancel_r_list substitution_axioms)
0.sledgehammer goal.using     141134ms Ordered_Resolution_Prover.FO_Ordered_Resolution 985:36736  some (SH 141131ms, ATP 7881ms): Try this: by (smt (z3) as0(8) id_subst_comp_substs n(17,7,8) renames_CAs0 sel_ren_list_inv subst_cls_lists_comp_substs substitution.inv_renaming_cancel_r_list substitution_axioms) (183 ms)
0.sledgehammer goal.by        54610ms Ordered_Resolution_Prover.FO_Ordered_Resolution 985:36781  some (SH 54609ms, ATP 8350ms): Try this: by (smt (z3) id_subst_comp_substs subst_cls_lists_comp_substs substitution.inv_renaming_cancel_r_list substitution_axioms) (431 ms)
0.sledgehammer goal.using     109110ms Ordered_Resolution_Prover.FO_Ordered_Resolution 988:36845  some (SH 109109ms, ATP 1853ms): Try this: by (smt (z3) As0'_def D0'_def DA0'_def as0(15) mset_subst_atm_list_subst_atm_mset subst_cls_negs subst_cls_union) (32 ms)
0.sledgehammer goal.by        46445ms Ordered_Resolution_Prover.FO_Ordered_Resolution 988:36885  some (SH 46444ms, ATP 1390ms): Try this: by (smt (z3) mset_subst_atm_list_subst_atm_mset subst_cls_negs subst_cls_union) (141 ms)
0.sledgehammer goal.by         9111ms Ordered_Resolution_Prover.FO_Ordered_Resolution 990:36940  some (SH 9110ms, ATP 1356ms): Try this: by (smt (verit) mset_subset_eq_add_left) (36 ms)
0.sledgehammer goal.by         8659ms Ordered_Resolution_Prover.FO_Ordered_Resolution 992:37025  some (SH 8658ms, ATP 1379ms): Try this: by (smt (verit) mset_subset_eq_add_right) (47 ms)
0.sledgehammer goal.using     125067ms Ordered_Resolution_Prover.FO_Ordered_Resolution 995:37106  some (SH 125066ms, ATP 3654ms): Try this: by (smt (z3) AAs0'_def CAs0'_def Cs0'_def as0(19) n(10,11,17,7) subst_atm_mset_lists_nth subst_cls_lists_nth subst_cls_poss subst_cls_union) (358 ms)
0.sledgehammer goal.by        60906ms Ordered_Resolution_Prover.FO_Ordered_Resolution 995:37151  some (SH 60904ms, ATP 4619ms): Try this: by (smt (verit) subst_atm_mset_lists_nth subst_cls_lists_nth subst_cls_poss subst_cls_union) (801 ms)
0.sledgehammer goal.by        12243ms Ordered_Resolution_Prover.FO_Ordered_Resolution 997:37205  some (SH 12241ms, ATP 2497ms): Try this: by (smt (z3) mset_subset_eq_add_left) (190 ms)
0.sledgehammer goal.by        12079ms Ordered_Resolution_Prover.FO_Ordered_Resolution 999:37304  some (SH 12078ms, ATP 2533ms): Try this: by (smt (cvc5, trigger_max) mset_subset_eq_add_right) (334 ms)
0.sledgehammer goal.by        149561ms Ordered_Resolution_Prover.FO_Ordered_Resolution 1001:37401  some (SH 149560ms, ATP 4514ms): Try this: by (smt (z3) CAs0'_split image_eqI multiset.set_map pos_lit_in_atms_of union_iff) (249 ms)
0.sledgehammer goal.proof     135747ms Ordered_Resolution_Prover.FO_Ordered_Resolution 1005:37529  some (SH 135746ms, ATP 1697ms): Try this: by (smt (z3) As0'_def DA0'_def as0(16) mset_subst_atm_list_subst_atm_mset renames_DA0 sel_stable subst_cls_negs) (71 ms)
0.sledgehammer goal.using      9738ms Ordered_Resolution_Prover.FO_Ordered_Resolution 1008:37642  some (SH 9737ms, ATP 1044ms): Try this: by (smt (verit, del_insts) as0(16)) (38 ms)
0.sledgehammer goal.unfolding  8509ms Ordered_Resolution_Prover.FO_Ordered_Resolution 1008:37656  some (SH 8509ms, ATP 1011ms): Try this: by (smt (verit)) (109 ms)
0.sledgehammer goal.by         8925ms Ordered_Resolution_Prover.FO_Ordered_Resolution 1008:37672  some (SH 8924ms, ATP 1412ms): Try this: by (smt (verit, best)) (80 ms)
0.sledgehammer goal.using     177232ms Ordered_Resolution_Prover.FO_Ordered_Resolution 1010:37729  some (SH 177231ms, ATP 2052ms): Try this: by (smt (z3) As0'_def DA0'_def mset_subst_atm_list_subst_atm_mset renames_DA0 sel_stable subst_cls_negs) (206 ms)
0.sledgehammer goal.using     98312ms Ordered_Resolution_Prover.FO_Ordered_Resolution 1010:37754  some (SH 98311ms, ATP 1785ms): Try this: by (smt (z3) mset_subst_atm_list_subst_atm_mset renames_DA0 sel_stable subst_cls_negs) (107 ms)
0.sledgehammer goal.by        68494ms Ordered_Resolution_Prover.FO_Ordered_Resolution 1010:37793  some (SH 68493ms, ATP 1609ms): Try this: by (smt (z3) mset_subst_atm_list_subst_atm_mset subst_cls_negs) (97 ms)
0.sledgehammer goal.unfolding 163376ms Ordered_Resolution_Prover.FO_Ordered_Resolution 1014:37853  timeout (SH 163375ms):
0.sledgehammer goal.using     161587ms Ordered_Resolution_Prover.FO_Ordered_Resolution 1014:37882  timeout (SH 161586ms):
0.sledgehammer goal.unfolding 178367ms Ordered_Resolution_Prover.FO_Ordered_Resolution 1015:37921  some (SH 178366ms, ATP 2629ms): Try this: by (smt (z3) Nitpick.size_list_simp(2) \<rho>_def \<rho>s_def list.exhaust_sel n(6) nat.distinct(1) subst_cls_lists_Cons) (357 ms)
0.sledgehammer goal.by        128957ms Ordered_Resolution_Prover.FO_Ordered_Resolution 1016:37948  some (SH 128956ms, ATP 2941ms): Try this: by (smt (z3) Nitpick.size_list_simp(2) list.exhaust_sel n(6) nat.distinct(1) subst_cls_lists_Cons) (399 ms)
0.sledgehammer goal.unfolding 28562ms Ordered_Resolution_Prover.FO_Ordered_Resolution 1020:38187  timeout (SH 28560ms): Timed out
0.sledgehammer goal.using     28533ms Ordered_Resolution_Prover.FO_Ordered_Resolution 1020:38214  timeout (SH 28530ms): Timed out
0.sledgehammer goal.by        29604ms Ordered_Resolution_Prover.FO_Ordered_Resolution 1020:38222  timeout (SH 29600ms): Timed out
0.sledgehammer goal.by        11363ms Ordered_Resolution_Prover.FO_Ordered_Resolution 1022:38332  some (SH 11359ms, ATP 3100ms): Try this: by (smt (verit, best)) (764 ms)
0.sledgehammer goal.proof     25807ms Ordered_Resolution_Prover.FO_Ordered_Resolution 1024:38431  timeout (SH 25806ms): Timed out
0.sledgehammer goal.using     13203ms Ordered_Resolution_Prover.FO_Ordered_Resolution 1030:38648  some (SH 13199ms, ATP 1729ms): Try this: by (smt (z3) \<eta>_p) (401 ms)
0.sledgehammer goal.by        11230ms Ordered_Resolution_Prover.FO_Ordered_Resolution 1030:38658  some (SH 11228ms, ATP 1727ms): Try this: by (smt (z3)) (272 ms)
0.sledgehammer goal.using     22216ms Ordered_Resolution_Prover.FO_Ordered_Resolution 1032:38729  some (SH 22215ms, ATP 1424ms): Try this: by (smt (verit) a(2) single_subset_iff) (57 ms)
0.sledgehammer goal.by        18051ms Ordered_Resolution_Prover.FO_Ordered_Resolution 1032:38737  some (SH 18049ms, ATP 1324ms): Try this: by (smt (verit) single_subset_iff) (56 ms)
0.sledgehammer goal.by        24411ms Ordered_Resolution_Prover.FO_Ordered_Resolution 1033:38813  some (SH 24408ms, ATP 1430ms): Try this: by (smt (verit, del_insts) single_eq_add_mset subst_cls_single) (84 ms)
0.sledgehammer goal.proof     28815ms Ordered_Resolution_Prover.FO_Ordered_Resolution 1036:38927  timeout (SH 28814ms): Timed out
0.sledgehammer goal.unfolding 45811ms Ordered_Resolution_Prover.FO_Ordered_Resolution 1042:39140  some (SH 45809ms, ATP 5293ms): Try this: by (smt (z3) atm_imp_pos_or_neg_lit literal.sel(1,2)) (47 ms)
0.sledgehammer goal.by        15033ms Ordered_Resolution_Prover.FO_Ordered_Resolution 1042:39162  some (SH 15032ms, ATP 2864ms): Try this: by (smt (z3) imageE) (590 ms)
0.sledgehammer goal.using     13811ms Ordered_Resolution_Prover.FO_Ordered_Resolution 1044:39221  some (SH 13809ms, ATP 932ms): Try this: by (smt (verit, best) \<eta>_p_lit a(1)) (95 ms)
0.sledgehammer goal.by        10216ms Ordered_Resolution_Prover.FO_Ordered_Resolution 1044:39237  some (SH 10215ms, ATP 984ms): Try this: by (smt (z3)) (130 ms)
0.sledgehammer goal.using     16381ms Ordered_Resolution_Prover.FO_Ordered_Resolution 1046:39298  some (SH 16380ms, ATP 1585ms): Try this: by (smt (z3) L_p atm_of_subst_lit) (50 ms)
0.sledgehammer goal.unfolding  9050ms Ordered_Resolution_Prover.FO_Ordered_Resolution 1046:39308  some (SH 9049ms, ATP 1476ms): Try this: by (smt (z3) atm_of_subst_lit) (71 ms)
0.sledgehammer goal.by        37414ms Ordered_Resolution_Prover.FO_Ordered_Resolution 1046:39332  some (SH 37414ms, ATP 1389ms): Try this: by (smt (z3) \<open>L \<cdot>l (\<eta>0' # \<eta>s0') ! i = L \<cdot>l \<eta>\<close> atm_of_subst_lit) (68 ms)
0.sledgehammer goal.using     27796ms Ordered_Resolution_Prover.FO_Ordered_Resolution 1050:39393  timeout (SH 27794ms): Timed out
0.sledgehammer goal.by        61285ms Ordered_Resolution_Prover.FO_Ordered_Resolution 1050:39411  some (SH 61280ms, ATP 3845ms): Try this: by (smt (verit, del_insts) D0'_subset_DA0' DA0'_split negs_As0'_subset_DA0' nth_Cons_0 subst_cls_union zero_less_Suc) (410 ms)
0.sledgehammer goal.using     100798ms Ordered_Resolution_Prover.FO_Ordered_Resolution 1051:39440  some (SH 100797ms, ATP 3121ms): Try this: by (smt (verit, ccfv_threshold) D0'_D D0'_subset_DA0' \<eta>_p nth_Cons_0 zero_less_Suc) (218 ms)
0.sledgehammer goal.by        86070ms Ordered_Resolution_Prover.FO_Ordered_Resolution 1051:39474  some (SH 86068ms, ATP 5186ms): Try this: by (smt (z3) nth_Cons_0 zero_less_Suc) (107 ms)
0.sledgehammer goal.proof     28463ms Ordered_Resolution_Prover.FO_Ordered_Resolution 1053:39509  timeout (SH 28461ms): Timed out
0.sledgehammer goal.using     12830ms Ordered_Resolution_Prover.FO_Ordered_Resolution 1055:39585  some (SH 12826ms, ATP 2027ms): Try this: by (smt (verit) as_len n(3) subst_atm_list_length) (43 ms)
0.sledgehammer goal.by         8312ms Ordered_Resolution_Prover.FO_Ordered_Resolution 1055:39593  some (SH 8311ms, ATP 2068ms): Try this: by (smt (verit) subst_atm_list_length) (32 ms)
0.sledgehammer goal.proof     26235ms Ordered_Resolution_Prover.FO_Ordered_Resolution 1059:39683  timeout (SH 26234ms): Timed out
0.sledgehammer goal.using     56047ms Ordered_Resolution_Prover.FO_Ordered_Resolution 1062:39801  some (SH 56043ms, ATP 1920ms): Try this: by (smt (z3) \<eta>_p_atm nth_Cons_0 zero_less_Suc) (71 ms)
0.sledgehammer goal.by        93596ms Ordered_Resolution_Prover.FO_Ordered_Resolution 1062:39817  some (SH 93595ms, ATP 3087ms): Try this: by (smt (z3) nth_Cons_0 zero_less_Suc) (137 ms)
0.sledgehammer goal.using     155520ms Ordered_Resolution_Prover.FO_Ordered_Resolution 1064:39871  timeout (SH 155518ms):
0.sledgehammer goal.unfolding 120354ms Ordered_Resolution_Prover.FO_Ordered_Resolution 1064:39899  some (SH 120352ms, ATP 1648ms): Try this: by (smt (z3) DA0'_split Un_iff a atms_of_negs atms_of_plus nth_mem set_mset_mset subst_atm_list_length) (83 ms)
0.sledgehammer goal.using     79090ms Ordered_Resolution_Prover.FO_Ordered_Resolution 1065:39929  some (SH 79089ms, ATP 1597ms): Try this: by (smt (z3) DA0'_split Un_iff a atms_of_def atms_of_negs atms_of_plus nth_mem_mset subst_atm_list_length) (111 ms)
0.sledgehammer goal.by        94052ms Ordered_Resolution_Prover.FO_Ordered_Resolution 1065:39939  some (SH 94051ms, ATP 2130ms): Try this: by (smt (verit) DA0'_split Un_iff atms_of_def atms_of_negs atms_of_plus nth_mem set_mset_mset subst_atm_list_length) (179 ms)
0.sledgehammer goal.using      8553ms Ordered_Resolution_Prover.FO_Ordered_Resolution 1067:40007  some (SH 8552ms, ATP 1136ms): Try this: by (smt (z3) A_eq) (80 ms)
0.sledgehammer goal.by         6955ms Ordered_Resolution_Prover.FO_Ordered_Resolution 1067:40018  some (SH 6954ms, ATP 885ms): Try this: by (smt (verit, best)) (100 ms)
0.sledgehammer goal.using     67872ms Ordered_Resolution_Prover.FO_Ordered_Resolution 1069:40078  some (SH 67871ms, ATP 1453ms): Try this: by (smt (verit, del_insts) As0'_As a subst_atm_list_length subst_atm_list_nth) (90 ms)
0.sledgehammer goal.by        39552ms Ordered_Resolution_Prover.FO_Ordered_Resolution 1069:40112  some (SH 39551ms, ATP 1340ms): Try this: by (smt (z3) subst_atm_list_length subst_atm_list_nth) (52 ms)
0.sledgehammer goal.by         7112ms Ordered_Resolution_Prover.FO_Ordered_Resolution 1074:40161  some (SH 7111ms, ATP 1137ms): Try this: by (smt (verit, del_insts) local.select) (9 ms)
0.sledgehammer goal.using     75400ms Ordered_Resolution_Prover.FO_Ordered_Resolution 1077:40216  some (SH 75399ms, ATP 1875ms): Try this: by (smt (z3) As0'_As \<open>As0' \<cdot>al \<eta> = As\<close> \<open>S DA0' \<cdot> \<eta>0' = S_M S M DA\<close> as0' da mset_subst_atm_list_subst_atm_mset subst_cls_empty_iff subst_cls_negs) (313 ms)
0.sledgehammer goal.by        70374ms Ordered_Resolution_Prover.FO_Ordered_Resolution 1077:40275  some (SH 70373ms, ATP 2119ms): Try this: by (smt (verit, ccfv_threshold) \<open>As0' \<cdot>al \<eta> = As\<close> as0' da eligible.cases local.eligible mset_subst_atm_list_subst_atm_mset subst_cls_empty_iff subst_cls_negs) (722 ms)
0.sledgehammer goal.using     26330ms Ordered_Resolution_Prover.FO_Ordered_Resolution 1080:40367  timeout (SH 26329ms): Timed out
0.sledgehammer goal.by        25804ms Ordered_Resolution_Prover.FO_Ordered_Resolution 1080:40375  timeout (SH 25800ms): Timed out
0.sledgehammer goal.using     91575ms Ordered_Resolution_Prover.FO_Ordered_Resolution 1082:40431  some (SH 91571ms, ATP 1674ms): Try this: by (smt (verit, best) CAs0'_CAs cas_len n(1,2) nth_equalityI subst_cls_list_length subst_cls_list_nth subst_cls_lists_nth) (324 ms)
0.sledgehammer goal.by        27552ms Ordered_Resolution_Prover.FO_Ordered_Resolution 1082:40439  timeout (SH 27551ms): Timed out
0.sledgehammer goal.using      7073ms Ordered_Resolution_Prover.FO_Ordered_Resolution 1084:40522  some (SH 7070ms, ATP 822ms): Try this: by (smt (verit) CAs0'_CAs) (24 ms)
0.sledgehammer goal.by         7704ms Ordered_Resolution_Prover.FO_Ordered_Resolution 1084:40544  some (SH 7703ms, ATP 1307ms): Try this: by (smt (verit, ccfv_threshold)) (19 ms)
0.sledgehammer goal.using     27161ms Ordered_Resolution_Prover.FO_Ordered_Resolution 1087:40628  timeout (SH 27160ms): Timed out
0.sledgehammer goal.by        25415ms Ordered_Resolution_Prover.FO_Ordered_Resolution 1087:40657  timeout (SH 25411ms): Timed out
0.sledgehammer goal.using     28686ms Ordered_Resolution_Prover.FO_Ordered_Resolution 1089:40725  timeout (SH 28683ms): Timed out
0.sledgehammer goal.by        26739ms Ordered_Resolution_Prover.FO_Ordered_Resolution 1089:40733  timeout (SH 26735ms): Timed out
0.sledgehammer goal.using      9035ms Ordered_Resolution_Prover.FO_Ordered_Resolution 1091:40839  some (SH 9033ms, ATP 906ms): Try this: by (smt (verit) \<open>map S CAs0' \<cdot>\<cdot>cl \<eta>s0' = map (S_M S M) CAs\<close>) (20 ms)
0.sledgehammer goal.by         7166ms Ordered_Resolution_Prover.FO_Ordered_Resolution 1091:40889  some (SH 7165ms, ATP 942ms): Try this: by (smt (z3)) (16 ms)
0.sledgehammer goal.proof     26494ms Ordered_Resolution_Prover.FO_Ordered_Resolution 1094:40925  timeout (SH 26493ms): Timed out
0.sledgehammer goal.using     13731ms Ordered_Resolution_Prover.FO_Ordered_Resolution 1096:41001  some (SH 13726ms, ATP 972ms): Try this: by (smt (verit) cs_len n(5) subst_cls_list_length) (42 ms)
0.sledgehammer goal.by         7821ms Ordered_Resolution_Prover.FO_Ordered_Resolution 1096:41009  some (SH 7820ms, ATP 1097ms): Try this: by (smt (verit, del_insts) subst_cls_list_length) (35 ms)
0.sledgehammer goal.proof     25844ms Ordered_Resolution_Prover.FO_Ordered_Resolution 1100:41099  timeout (SH 25843ms): Timed out
0.sledgehammer goal.using     11637ms Ordered_Resolution_Prover.FO_Ordered_Resolution 1103:41181  some (SH 11631ms, ATP 1089ms): Try this: by (smt (z3) n(5) subst_cls_list_length) (42 ms)
0.sledgehammer goal.by         8238ms Ordered_Resolution_Prover.FO_Ordered_Resolution 1103:41189  some (SH 8237ms, ATP 1421ms): Try this: by (smt (z3) subst_cls_list_length) (47 ms)
0.sledgehammer goal.using      8008ms Ordered_Resolution_Prover.FO_Ordered_Resolution 1105:41249  some (SH 8007ms, ATP 1763ms): Try this: by (smt (verit) Cs0'_Cs) (20 ms)
0.sledgehammer goal.by         6463ms Ordered_Resolution_Prover.FO_Ordered_Resolution 1105:41267  some (SH 6462ms, ATP 1631ms): Try this: by (smt (verit, ccfv_threshold)) (14 ms)
0.sledgehammer goal.using     27342ms Ordered_Resolution_Prover.FO_Ordered_Resolution 1108:41365  timeout (SH 27341ms): Timed out
0.sledgehammer goal.by        74927ms Ordered_Resolution_Prover.FO_Ordered_Resolution 1108:41377  some (SH 74925ms, ATP 2322ms): Try this: by (smt (verit) Suc_less_eq nth_Cons_Suc) (210 ms)
0.sledgehammer goal.using     109518ms Ordered_Resolution_Prover.FO_Ordered_Resolution 1110:41446  some (SH 109517ms, ATP 1808ms): Try this: by (smt (z3) \<eta>_p_CAs0' \<open>\<forall>i<n. Cs0' ! i \<subseteq># CAs0' ! i\<close> a n(5) subst_cls_list_nth) (330 ms)
0.sledgehammer goal.by        29971ms Ordered_Resolution_Prover.FO_Ordered_Resolution 1110:41496  some (SH 29970ms, ATP 1996ms): Try this: by (smt (verit, ccfv_SIG) subst_cls_list_nth) (122 ms)
0.sledgehammer goal.using     66157ms Ordered_Resolution_Prover.FO_Ordered_Resolution 1112:41572  some (SH 66156ms, ATP 1367ms): Try this: by (smt (z3) a n(2,5) subst_cls_lists_nth) (259 ms)
0.sledgehammer goal.by        11617ms Ordered_Resolution_Prover.FO_Ordered_Resolution 1112:41582  some (SH 11616ms, ATP 2151ms): Try this: by (smt (z3) subst_cls_lists_nth) (130 ms)
0.sledgehammer goal.by         8693ms Ordered_Resolution_Prover.FO_Ordered_Resolution 1114:41649  some (SH 8692ms, ATP 979ms): Try this: by (smt (z3)) (15 ms)
0.sledgehammer goal.proof     27445ms Ordered_Resolution_Prover.FO_Ordered_Resolution 1119:41713  timeout (SH 27445ms): Timed out
0.sledgehammer goal.using     32846ms Ordered_Resolution_Prover.FO_Ordered_Resolution 1121:41792  some (SH 32842ms, ATP 916ms): Try this: by (smt (verit, best) aas_len length_subst_atm_mset_list n(4)) (136 ms)
0.sledgehammer goal.by         8308ms Ordered_Resolution_Prover.FO_Ordered_Resolution 1121:41800  some (SH 8306ms, ATP 1565ms): Try this: by (smt (verit) length_subst_atm_mset_list) (32 ms)
0.sledgehammer goal.proof     26435ms Ordered_Resolution_Prover.FO_Ordered_Resolution 1125:41895  timeout (SH 26434ms): Timed out
0.sledgehammer goal.using     10082ms Ordered_Resolution_Prover.FO_Ordered_Resolution 1128:41979  some (SH 10075ms, ATP 957ms): Try this: by (smt (z3) length_subst_atm_mset_list n(4)) (43 ms)
0.sledgehammer goal.by         7675ms Ordered_Resolution_Prover.FO_Ordered_Resolution 1128:41987  some (SH 7674ms, ATP 1106ms): Try this: by (smt (z3) length_subst_atm_mset_list) (38 ms)
0.sledgehammer goal.using     26022ms Ordered_Resolution_Prover.FO_Ordered_Resolution 1130:42100  some (SH 26021ms, ATP 1891ms): Try this: by (smt (z3) Suc_less_eq \<eta>_p_atm) (186 ms)
0.sledgehammer goal.by        11591ms Ordered_Resolution_Prover.FO_Ordered_Resolution 1130:42116  some (SH 11590ms, ATP 2155ms): Try this: by (smt (verit, best) Suc_less_eq) (301 ms)
0.sledgehammer goal.by        27313ms Ordered_Resolution_Prover.FO_Ordered_Resolution 1132:42210  some (SH 27312ms, ATP 2152ms): Try this: by (smt (z3) nth_Cons_Suc) (37 ms)
0.sledgehammer goal.using     12479ms Ordered_Resolution_Prover.FO_Ordered_Resolution 1134:42291  some (SH 12478ms, ATP 1037ms): Try this: by (smt (z3) AAs0'_in_atms_of_CAs0' \<open>i < n\<close>) (102 ms)
0.sledgehammer goal.unfolding 11440ms Ordered_Resolution_Prover.FO_Ordered_Resolution 1134:42320  some (SH 11439ms, ATP 1150ms): Try this: by (smt (z3) \<open>i < n\<close>) (115 ms)
0.sledgehammer goal.using     11596ms Ordered_Resolution_Prover.FO_Ordered_Resolution 1135:42350  some (SH 11595ms, ATP 1245ms): Try this: by (smt (z3) \<open>i < n\<close>) (121 ms)
0.sledgehammer goal.by        11714ms Ordered_Resolution_Prover.FO_Ordered_Resolution 1135:42360  some (SH 11713ms, ATP 1138ms): Try this: by (smt (z3) \<open>i < n\<close>) (136 ms)
0.sledgehammer goal.unfolding 130874ms Ordered_Resolution_Prover.FO_Ordered_Resolution 1137:42437  some (SH 130873ms, ATP 908ms): Try this: by (smt (verit, del_insts) \<eta>_p \<open>i < n\<close> literal.inject(1) multiset.inj_map_strong not_less_eq nth_Cons_Suc poss_AAs0'_subset_CAs0' subst_cls_poss) (1.0 s)
0.sledgehammer goal.using     69357ms Ordered_Resolution_Prover.FO_Ordered_Resolution 1137:42466  some (SH 69356ms, ATP 3633ms): Try this: by (smt (verit, ccfv_threshold) A_eq image_mset_cong2) (254 ms)
0.sledgehammer goal.unfolding 38406ms Ordered_Resolution_Prover.FO_Ordered_Resolution 1137:42477  some (SH 38404ms, ATP 3491ms): Try this: by (smt (verit, ccfv_threshold) image_mset_cong2) (257 ms)
0.sledgehammer goal.by        37612ms Ordered_Resolution_Prover.FO_Ordered_Resolution 1137:42506  some (SH 37611ms, ATP 3788ms): Try this: by (smt (verit, ccfv_SIG) image_mset_cong2) (321 ms)
0.sledgehammer goal.using     156699ms Ordered_Resolution_Prover.FO_Ordered_Resolution 1139:42570  timeout (SH 156698ms):
0.sledgehammer goal.by        102555ms Ordered_Resolution_Prover.FO_Ordered_Resolution 1139:42625  some (SH 102553ms, ATP 1235ms): Try this: by (smt (verit, ccfv_threshold) \<open>i < n\<close> subst_atm_mset_list_nth subst_atm_mset_lists_nth) (88 ms)
0.sledgehammer goal.proof     25846ms Ordered_Resolution_Prover.FO_Ordered_Resolution 1147:42790  timeout (SH 25845ms): Timed out
0.sledgehammer goal.using     159580ms Ordered_Resolution_Prover.FO_Ordered_Resolution 1149:42894  timeout (SH 159576ms):
0.sledgehammer goal.unfolding 162262ms Ordered_Resolution_Prover.FO_Ordered_Resolution 1149:42925  timeout (SH 162261ms):
0.sledgehammer goal.using     162990ms Ordered_Resolution_Prover.FO_Ordered_Resolution 1149:42956  timeout (SH 162989ms):
0.sledgehammer goal.by        130145ms Ordered_Resolution_Prover.FO_Ordered_Resolution 1149:42980  some (SH 130144ms, ATP 542ms): Try this: by (smt (cvc5, quant_saturate) finite_imageI imageE list.set_finite multiset.set_finite) (1.7 s)
0.sledgehammer goal.proof     30189ms Ordered_Resolution_Prover.FO_Ordered_Resolution 1151:43074  timeout (SH 30187ms): Timed out
0.sledgehammer goal.unfolding 28317ms Ordered_Resolution_Prover.FO_Ordered_Resolution 1154:43211  timeout (SH 28313ms): Timed out
0.sledgehammer goal.using     25998ms Ordered_Resolution_Prover.FO_Ordered_Resolution 1154:43261  timeout (SH 25994ms): Timed out
0.sledgehammer goal.by        38340ms Ordered_Resolution_Prover.FO_Ordered_Resolution 1155:43309  some (SH 38336ms, ATP 3278ms): Try this: by (smt (z3) image_cong image_image list.set_map multiset.set_map) (1.4 s)
0.sledgehammer goal.using     90775ms Ordered_Resolution_Prover.FO_Ordered_Resolution 1157:43461  some (SH 90774ms, ATP 1177ms): Try this: by (smt (verit, del_insts) map2_add_mset_map n(3,4) uu) (317 ms)
0.sledgehammer goal.by        70964ms Ordered_Resolution_Prover.FO_Ordered_Resolution 1157:43470  some (SH 70962ms, ATP 1204ms): Try this: by (smt (z3) map2_add_mset_map n(3,4)) (316 ms)
0.sledgehammer goal.using      9731ms Ordered_Resolution_Prover.FO_Ordered_Resolution 1159:43538  some (SH 9729ms, ATP 1122ms): Try this: by (smt (z3) is_unifiers_comp) (64 ms)
0.sledgehammer goal.by         8005ms Ordered_Resolution_Prover.FO_Ordered_Resolution 1159:43561  some (SH 8004ms, ATP 1004ms): Try this: by (smt (z3)) (49 ms)
0.sledgehammer goal.using     102054ms Ordered_Resolution_Prover.FO_Ordered_Resolution 1163:43677  some (SH 102053ms, ATP 912ms): Try this: by (smt (verit) image_iff list.set_finite list.set_map mgu_complete multiset.set_finite) (478 ms)
0.sledgehammer goal.by        77825ms Ordered_Resolution_Prover.FO_Ordered_Resolution 1164:43702  some (SH 77823ms, ATP 613ms): Try this: by (smt (verit, del_insts) finite_imageI image_iff list.set_finite multiset.set_finite) (1.4 s)
0.sledgehammer goal.by        109237ms Ordered_Resolution_Prover.FO_Ordered_Resolution 1166:43857  some (SH 109235ms, ATP 1740ms): Try this: by (smt (verit, best) \<eta>\<sigma>uni finite_imageI imageE is_mgu_def list.set_finite mgu_sound multiset.set_finite) (1.8 s)
0.sledgehammer goal.using     12048ms Ordered_Resolution_Prover.FO_Ordered_Resolution 1169:44072  some (SH 12047ms, ATP 1232ms): Try this: by (smt (verit, del_insts) that) (57 ms)
0.sledgehammer goal.by         9203ms Ordered_Resolution_Prover.FO_Ordered_Resolution 1169:44083  some (SH 9202ms, ATP 1233ms): Try this: by (smt (verit)) (156 ms)
0.sledgehammer goal.proof     27372ms Ordered_Resolution_Prover.FO_Ordered_Resolution 1174:44190  timeout (SH 27371ms): Timed out
0.sledgehammer goal.using     22475ms Ordered_Resolution_Prover.FO_Ordered_Resolution 1177:44375  some (SH 22471ms, ATP 3530ms): Try this: by (smt (verit, ccfv_threshold) eligible.cases local.eligible) (1.5 s)
0.sledgehammer goal.unfolding 20171ms Ordered_Resolution_Prover.FO_Ordered_Resolution 1177:44390  some (SH 20169ms, ATP 1599ms): Try this: by (smt (z3) eligible.cases) (1.9 s)
0.sledgehammer goal.by        16551ms Ordered_Resolution_Prover.FO_Ordered_Resolution 1177:44415  some (SH 16550ms, ATP 1431ms): Try this: by (smt (z3)) (399 ms)
0.sledgehammer goal.proof     31032ms Ordered_Resolution_Prover.FO_Ordered_Resolution 1179:44449  timeout (SH 31031ms): Timed out
0.sledgehammer goal.using     28982ms Ordered_Resolution_Prover.FO_Ordered_Resolution 1182:44577  some (SH 28977ms, ATP 3454ms): Try this: by (smt (z3) as_len image_mset_is_empty_iff list.size(3) mset_zero_iff nz) (74 ms)
0.sledgehammer goal.by        22073ms Ordered_Resolution_Prover.FO_Ordered_Resolution 1182:44585  some (SH 22071ms, ATP 1772ms): Try this: by (smt (verit, del_insts) image_mset_is_empty_iff size_empty size_mset) (72 ms)
0.sledgehammer goal.using     10148ms Ordered_Resolution_Prover.FO_Ordered_Resolution 1184:44666  some (SH 10147ms, ATP 882ms): Try this: by (smt (z3) DA0'_split as0') (18 ms)
0.sledgehammer goal.by         8804ms Ordered_Resolution_Prover.FO_Ordered_Resolution 1184:44688  some (SH 8802ms, ATP 888ms): Try this: by (smt (z3)) (94 ms)
0.sledgehammer goal.unfolding 21968ms Ordered_Resolution_Prover.FO_Ordered_Resolution 1186:44728  some (SH 21967ms, ATP 1549ms): Try this: by (smt (verit) FO_resolution.eligible.simps FO_resolution_axioms) (1.2 s)
0.sledgehammer goal.by         8195ms Ordered_Resolution_Prover.FO_Ordered_Resolution 1186:44766  some (SH 8194ms, ATP 1227ms): Try this: by (smt (z3)) (20 ms)
0.sledgehammer goal.using     84256ms Ordered_Resolution_Prover.FO_Ordered_Resolution 1191:44976  some (SH 84255ms, ATP 2884ms): Try this: by (smt (z3) DA0'_split \<open>S DA0' \<cdot> \<eta> = S_M S M DA\<close> da subst_cls_empty_iff) (82 ms)
0.sledgehammer goal.by        13407ms Ordered_Resolution_Prover.FO_Ordered_Resolution 1192:45110  some (SH 13407ms, ATP 2709ms): Try this: by (smt (z3)) (218 ms)
0.sledgehammer goal.using      9490ms Ordered_Resolution_Prover.FO_Ordered_Resolution 1194:45177  some (SH 9489ms, ATP 1323ms): Try this: by (smt (verit) as_len n(3)) (35 ms)
0.sledgehammer goal.by         9609ms Ordered_Resolution_Prover.FO_Ordered_Resolution 1194:45201  some (SH 9608ms, ATP 1472ms): Try this: by (smt (verit) as_len n(3)) (38 ms)
0.sledgehammer goal.using     157204ms Ordered_Resolution_Prover.FO_Ordered_Resolution 1196:45319  timeout (SH 157203ms):
0.sledgehammer goal.using     155987ms Ordered_Resolution_Prover.FO_Ordered_Resolution 1196:45357  timeout (SH 155985ms):
0.sledgehammer goal.by        189007ms Ordered_Resolution_Prover.FO_Ordered_Resolution 1196:45368  some (SH 189004ms, ATP 3514ms): Try this: by (smt (z3) DA0'_DA DA0'_split One_nat_def da subst_atm_comp_subst subst_atm_list_nth subst_cls_comp_subst zero_less_Suc) (85 ms)
0.sledgehammer goal.by        27452ms Ordered_Resolution_Prover.FO_Ordered_Resolution 1198:45470  some (SH 27451ms, ATP 1466ms): Try this: by (smt (verit) subst_atm_comp_subst subst_cls_comp_subst) (80 ms)
0.sledgehammer goal.using     11107ms Ordered_Resolution_Prover.FO_Ordered_Resolution 1200:45563  some (SH 11105ms, ATP 1610ms): Try this: by (smt (verit) maximal_wrt_subst) (82 ms)
0.sledgehammer goal.by         8699ms Ordered_Resolution_Prover.FO_Ordered_Resolution 1200:45587  some (SH 8698ms, ATP 1606ms): Try this: by (smt (z3)) (53 ms)
0.sledgehammer goal.unfolding 14762ms Ordered_Resolution_Prover.FO_Ordered_Resolution 1202:45634  some (SH 14761ms, ATP 1714ms): Try this: by (smt (verit, ccfv_threshold) eligible.intros) (436 ms)
0.sledgehammer goal.by         8968ms Ordered_Resolution_Prover.FO_Ordered_Resolution 1202:45671  some (SH 8967ms, ATP 1575ms): Try this: by (smt (z3) One_nat_def) (37 ms)
0.sledgehammer goal.proof     84423ms Ordered_Resolution_Prover.FO_Ordered_Resolution 1209:45842  some (SH 84421ms, ATP 4409ms): Try this: by (smt (z3) \<open>As0' \<cdot>al \<eta> = As\<close> \<open>Cs0' \<cdot>cl \<eta> = Cs\<close> \<tau>\<phi>(2) n(3,5) str_max strictly_maximal_wrt_subst subst_atm_comp_subst subst_atm_list_nth subst_cls_comp_subst subst_cls_list_nth) (239 ms)
0.sledgehammer goal.using     11993ms Ordered_Resolution_Prover.FO_Ordered_Resolution 1211:45956  some (SH 11991ms, ATP 1637ms): Try this: by (smt (z3) \<open>As0' \<cdot>al \<eta> = As\<close> \<open>Cs0' \<cdot>cl \<eta> = Cs\<close>) (105 ms)
0.sledgehammer goal.by         8446ms Ordered_Resolution_Prover.FO_Ordered_Resolution 1211:45999  some (SH 8445ms, ATP 1609ms): Try this: by (smt (z3)) (85 ms)
0.sledgehammer goal.using     157430ms Ordered_Resolution_Prover.FO_Ordered_Resolution 1213:46101  timeout (SH 157429ms):
0.sledgehammer goal.by        102699ms Ordered_Resolution_Prover.FO_Ordered_Resolution 1213:46112  some (SH 102698ms, ATP 210ms): Try this: by (smt (z3) subst_atm_comp_subst subst_atm_list_nth subst_cls_comp_subst subst_cls_list_nth) (351 ms)
0.sledgehammer goal.by        62729ms Ordered_Resolution_Prover.FO_Ordered_Resolution 1215:46211  some (SH 62728ms, ATP 1990ms): Try this: by (smt (z3) subst_atm_comp_subst subst_cls_comp_subst) (164 ms)
0.sledgehammer goal.using     13597ms Ordered_Resolution_Prover.FO_Ordered_Resolution 1217:46301  some (SH 13596ms, ATP 3072ms): Try this: by (smt (z3) strictly_maximal_wrt_subst) (186 ms)
0.sledgehammer goal.by        10244ms Ordered_Resolution_Prover.FO_Ordered_Resolution 1217:46337  some (SH 10243ms, ATP 1727ms): Try this: by (smt (z3)) (130 ms)
0.sledgehammer goal.proof     29634ms Ordered_Resolution_Prover.FO_Ordered_Resolution 1222:46447  timeout (SH 29633ms): Timed out
0.sledgehammer goal.by        10163ms Ordered_Resolution_Prover.FO_Ordered_Resolution 1224:46528  some (SH 10159ms, ATP 1075ms): Try this: by (smt (z3) SCAs0'_\<eta>_fo_SMCAs) (98 ms)
0.sledgehammer goal.using     27159ms Ordered_Resolution_Prover.FO_Ordered_Resolution 1226:46651  timeout (SH 27157ms): Timed out
0.sledgehammer goal.by        28175ms Ordered_Resolution_Prover.FO_Ordered_Resolution 1226:46659  timeout (SH 28169ms): Timed out
0.sledgehammer goal.using     12915ms Ordered_Resolution_Prover.FO_Ordered_Resolution 1228:46722  some (SH 12910ms, ATP 2345ms): Try this: by (smt (z3) sel_empt) (132 ms)
0.sledgehammer goal.by        10598ms Ordered_Resolution_Prover.FO_Ordered_Resolution 1228:46786  some (SH 10596ms, ATP 2065ms): Try this: by (smt (z3)) (378 ms)
0.sledgehammer goal.using     12330ms Ordered_Resolution_Prover.FO_Ordered_Resolution 1230:46844  some (SH 12330ms, ATP 2176ms): Try this: by (smt (z3) subst_cls_empty_iff) (111 ms)
0.sledgehammer goal.by         8745ms Ordered_Resolution_Prover.FO_Ordered_Resolution 1230:46870  some (SH 8743ms, ATP 2295ms): Try this: by (smt (z3)) (70 ms)
0.sledgehammer goal.using     160695ms Ordered_Resolution_Prover.FO_Ordered_Resolution 1235:46958  timeout (SH 160694ms):
0.sledgehammer goal.by        51478ms Ordered_Resolution_Prover.FO_Ordered_Resolution 1235:47000  some (SH 51476ms, ATP 2438ms): Try this: by (smt (z3) subst_atm_mset_empty_iff subst_atm_mset_list_nth) (236 ms)
0.sledgehammer goal.using     157698ms Ordered_Resolution_Prover.FO_Ordered_Resolution 1242:47168  timeout (SH 157697ms):
0.sledgehammer goal.unfolding 24750ms Ordered_Resolution_Prover.FO_Ordered_Resolution 1245:47398  some (SH 24749ms, ATP 2206ms): Try this: by (smt (z3) CAs0'_split DA0'_split E0'_def n(1,3,4,5) nz) (147 ms)
0.sledgehammer goal.using     21632ms Ordered_Resolution_Prover.FO_Ordered_Resolution 1245:47416  some (SH 21630ms, ATP 1753ms): Try this: by (smt (z3) CAs0'_split DA0'_split n(1,3,4,5) nz) (187 ms)
0.sledgehammer goal.by        12853ms Ordered_Resolution_Prover.FO_Ordered_Resolution 1245:47483  some (SH 12852ms, ATP 3632ms): Try this: by (smt (z3)) (437 ms)
0.sledgehammer goal.proof     157750ms Ordered_Resolution_Prover.FO_Ordered_Resolution 1249:47578  timeout (SH 157748ms):
0.sledgehammer goal.unfolding 23333ms Ordered_Resolution_Prover.FO_Ordered_Resolution 1251:47649  some (SH 23331ms, ATP 982ms): Try this: by (smt (verit) E0'_def subst_cls_comp_subst) (67 ms)
0.sledgehammer goal.by         8342ms Ordered_Resolution_Prover.FO_Ordered_Resolution 1251:47667  some (SH 8341ms, ATP 935ms): Try this: by (smt (verit) subst_cls_comp_subst) (47 ms)
0.sledgehammer goal.using      8387ms Ordered_Resolution_Prover.FO_Ordered_Resolution 1253:47735  some (SH 8387ms, ATP 928ms): Try this: by (smt (z3) \<tau>\<phi>(2)) (17 ms)
0.sledgehammer goal.by         9117ms Ordered_Resolution_Prover.FO_Ordered_Resolution 1253:47744  some (SH 9117ms, ATP 998ms): Try this: by (smt (z3)) (16 ms)
0.sledgehammer goal.using     112818ms Ordered_Resolution_Prover.FO_Ordered_Resolution 1255:47802  some (SH 112817ms, ATP 2436ms): Try this: by (smt (z3) \<open>Cs0' \<cdot>cl \<eta> = Cs\<close> \<open>D0' \<cdot> \<eta> = D\<close> subst_cls_comp_subst subst_cls_union sum_list_subst_cls_list_subst_cls sum_mset_sum_list) (119 ms)
0.sledgehammer goal.by        75152ms Ordered_Resolution_Prover.FO_Ordered_Resolution 1255:47840  some (SH 75151ms, ATP 2713ms): Try this: by (smt (z3) subst_cls_comp_subst subst_cls_union sum_list_subst_cls_list_subst_cls sum_mset_sum_list) (96 ms)
0.sledgehammer goal.using      7617ms Ordered_Resolution_Prover.FO_Ordered_Resolution 1257:47876  some (SH 7616ms, ATP 762ms): Try this: by (smt (cvc5, best) e) (42 ms)
0.sledgehammer goal.by         5453ms Ordered_Resolution_Prover.FO_Ordered_Resolution 1257:47884  some (SH 5452ms, ATP 702ms): Try this: by (smt (verit, ccfv_threshold)) (20 ms)
0.sledgehammer goal.proof     178845ms Ordered_Resolution_Prover.FO_Ordered_Resolution 1265:48072  some (SH 178844ms, ATP 4993ms): Try this: by (smt (z3) \<open>\<And>thesis. (\<And>DA0 \<eta>0 CAs0 \<eta>s0 As0 AAs0 D0 Cs0. \<lbrakk>length CAs0 = n; length \<eta>s0 = n; DA0 \<in> M; DA0 \<cdot> \<eta>0 = DA; S DA0 \<cdot> \<eta>0 = S_M S M DA; \<forall>CA0\<in>set CAs0. CA0 \<in> M; CAs0 \<cdot>\<cdot>cl \<eta>s0 = CAs; map S CAs0 \<cdot>\<cdot>cl \<eta>s0 = map (S_M S M) CAs; is_ground_subst \<eta>0; is_ground_subst_list \<eta>s0; As0 \<cdot>al \<eta>0 = As; AAs0 \<cdot>\<cdot>aml \<eta>s0 = AAs; length As0 = n; D0 \<cdot> \<eta>0 = D; DA0 = D0 + negs (mset As0); S_M S M (D + negs (mset As)) \<noteq> {#} \<Longrightarrow> negs (mset As0) = S DA0; length Cs0 = n; Cs0 \<cdot>\<cdot>cl \<eta>s0 = Cs; \<forall>i<n. CAs0 ! i = Cs0 ! i + poss (AAs0 ! i); length AAs0 = n\<rbrakk> \<Longrightarrow> thesis) \<Longrightarrow> thesis\<close> e e0'\<phi>e ground_subst_ground_cls ground_subst_ground_cls_lists is_ground_cls_list_is_ground_cls_sum_list is_ground_cls_union is_ground_subst_cls make_ground_subst substitution_ops.is_ground_subst_list_def sum_mset_sum_list) (1.3 s)
0.sledgehammer goal.using     40592ms Ordered_Resolution_Prover.FO_Ordered_Resolution 1267:48139  some (SH 40590ms, ATP 1425ms): Try this: apply (smt (cvc5, trigger_relev) as0(10,7) ground_subst_ground_cls_lists substitution_ops.is_ground_subst_list_def) (224 ms)
0.sledgehammer goal.unfolding 50073ms Ordered_Resolution_Prover.FO_Ordered_Resolution 1267:48172  some (SH 50072ms, ATP 1300ms): Try this: apply (smt (cvc5, best) as0(10,7) ground_subst_ground_cls_lists substitution_ops.is_ground_subst_list_def) (449 ms)
0.sledgehammer goal.by        34341ms Ordered_Resolution_Prover.FO_Ordered_Resolution 1267:48205  some (SH 34341ms, ATP 1191ms): Try this: apply (smt (verit, ccfv_SIG) in_subset_eq_grounding_of_clss_is_ground_cls sup.bounded_iff) (128 ms)
0.sledgehammer goal.using     162765ms Ordered_Resolution_Prover.FO_Ordered_Resolution 1269:48251  timeout (SH 162763ms):
0.sledgehammer goal.by        155952ms Ordered_Resolution_Prover.FO_Ordered_Resolution 1269:48287  timeout (SH 155951ms):
0.sledgehammer goal.using     44965ms Ordered_Resolution_Prover.FO_Ordered_Resolution 1271:48351  some (SH 44963ms, ATP 1459ms): Try this: by (smt (verit, ccfv_SIG) e0'\<phi>e make_ground_subst that) (145 ms)
0.sledgehammer goal.by        10174ms Ordered_Resolution_Prover.FO_Ordered_Resolution 1271:48386  some (SH 10173ms, ATP 1398ms): Try this: by (smt (verit, best)) (321 ms)
0.sledgehammer goal.using      8563ms Ordered_Resolution_Prover.FO_Ordered_Resolution 1275:48439  some (SH 8554ms, ATP 910ms): Try this: by (smt (verit) cas_len n(7)) (17 ms)
0.sledgehammer goal.by         6529ms Ordered_Resolution_Prover.FO_Ordered_Resolution 1275:48447  some (SH 6528ms, ATP 1396ms): Try this: by (smt (verit)) (27 ms)
0.sledgehammer goal.using      7951ms Ordered_Resolution_Prover.FO_Ordered_Resolution 1278:48493  some (SH 7950ms, ATP 966ms): Try this: by (smt (verit) cas_len n(8)) (17 ms)
0.sledgehammer goal.by         7297ms Ordered_Resolution_Prover.FO_Ordered_Resolution 1278:48501  some (SH 7296ms, ATP 1413ms): Try this: by (smt (verit, ccfv_threshold)) (18 ms)
0.sledgehammer goal.using     10925ms Ordered_Resolution_Prover.FO_Ordered_Resolution 1282:48620  some (SH 10924ms, ATP 2222ms): Try this: by (smt (z3) AAs0'_def As0'_def CAs0'_def DA0'_def res_e0') (27 ms)
0.sledgehammer goal.by         8489ms Ordered_Resolution_Prover.FO_Ordered_Resolution 1282:48698  some (SH 8488ms, ATP 2260ms): Try this: by (smt (z3)) (82 ms)
0.sledgehammer goal.using     22264ms Ordered_Resolution_Prover.FO_Ordered_Resolution 1284:48762  some (SH 22263ms, ATP 2169ms): Try this: by (smt (z3) as0(19) mset_subset_eq_add_right) (80 ms)
0.sledgehammer goal.by        10608ms Ordered_Resolution_Prover.FO_Ordered_Resolution 1284:48776  some (SH 10607ms, ATP 2574ms): Try this: by (smt (z3) mset_subset_eq_add_right) (66 ms)
0.sledgehammer goal.using     12880ms Ordered_Resolution_Prover.FO_Ordered_Resolution 1286:48829  some (SH 12879ms, ATP 1266ms): Try this: by (smt (verit) as0(15) mset_subset_eq_add_right) (28 ms)
0.sledgehammer goal.by        10574ms Ordered_Resolution_Prover.FO_Ordered_Resolution 1286:48849  some (SH 10573ms, ATP 1485ms): Try this: by (smt (z3) mset_subset_eq_add_right) (27 ms)
0.sledgehammer goal.using     68119ms Ordered_Resolution_Prover.FO_Ordered_Resolution 1288:48926  some (SH 68118ms, ATP 7204ms): Try this: by (smt (verit, ccfv_threshold) \<rho>_def \<rho>s_def n(10,7,9) ord_resolve_rename.simps) (3.9 s)
0.sledgehammer goal.by        11088ms Ordered_Resolution_Prover.FO_Ordered_Resolution 1288:49003  some (SH 11087ms, ATP 1963ms): Try this: by (smt (z3)) (478 ms)
0.sledgehammer goal.using     27008ms Ordered_Resolution_Prover.FO_Ordered_Resolution 1290:49034  timeout (SH 27007ms): Timed out
0.sledgehammer goal.by        68113ms Ordered_Resolution_Prover.FO_Ordered_Resolution 1293:49294  some (SH 68109ms, ATP 8959ms): Try this: by (smt (verit, ccfv_threshold) insertE insert_is_Un subsetI) (269 ms)
0.sledgehammer goal.proof     26575ms Ordered_Resolution_Prover.FO_Ordered_Resolution 1303:49566  timeout (SH 26574ms): Timed out
0.sledgehammer goal.using     26244ms Ordered_Resolution_Prover.FO_Ordered_Resolution 1305:49644  some (SH 26240ms, ATP 1404ms): Try this: by (smt (verit) CAs_p ground_resolution_with_selection.intro ground_resolution_with_selection.ord_resolve_atms_of_concl_subset local.select) (67 ms)
0.sledgehammer goal.by         6924ms Ordered_Resolution_Prover.FO_Ordered_Resolution 1306:49784  some (SH 6919ms, ATP 849ms): Try this: by (smt (verit)) (25 ms)
0.sledgehammer goal.by         9120ms Ordered_Resolution_Prover.FO_Ordered_Resolution 1311:49886  some (SH 9119ms, ATP 834ms): Try this: by (smt (verit) atm_of_lit_in_atms_of) (50 ms)
0.sledgehammer goal.using     26232ms Ordered_Resolution_Prover.FO_Ordered_Resolution 1313:49966  timeout (SH 26231ms): Timed out
0.sledgehammer goal.by        26639ms Ordered_Resolution_Prover.FO_Ordered_Resolution 1314:50057  timeout (SH 26635ms): Timed out
0.sledgehammer goal.unfolding 11471ms Ordered_Resolution_Prover.FO_Ordered_Resolution 1317:50093  some (SH 11467ms, ATP 1338ms): Try this: by (smt (verit, ccfv_SIG) is_ground_cls_def is_ground_lit_def) (327 ms)
0.sledgehammer goal.by         5484ms Ordered_Resolution_Prover.FO_Ordered_Resolution 1317:50139  some (SH 5483ms, ATP 599ms): Try this: by (smt (verit, ccfv_threshold)) (30 ms)
0.sledgehammer goal.proof     31981ms Ordered_Resolution_Prover.FO_Ordered_Resolution 1327:50465  timeout (SH 31981ms): Timed out
0.sledgehammer goal.using      8912ms Ordered_Resolution_Prover.FO_Ordered_Resolution 1335:50981  some (SH 8906ms, ATP 2096ms): Try this: by (smt (cvc5, best) aas_len as_len) (32 ms)
0.sledgehammer goal.by         8435ms Ordered_Resolution_Prover.FO_Ordered_Resolution 1335:51002  some (SH 8434ms, ATP 3677ms): Try this: by (smt (verit, ccfv_threshold)) (11 ms)
0.sledgehammer goal.by        78874ms Ordered_Resolution_Prover.FO_Ordered_Resolution 1338:51090  some (SH 78874ms, ATP 2081ms): Try this: by (smt (z3) insert_iff set_mset_add_mset_insert) (441 ms)
0.sledgehammer goal.using     70162ms Ordered_Resolution_Prover.FO_Ordered_Resolution 1340:51178  some (SH 70161ms, ATP 1920ms): Try this: by (smt (verit, ccfv_threshold) card_le_Suc0_iff_eq multiset.set_finite) (1.0 s)
0.sledgehammer goal.by        14468ms Ordered_Resolution_Prover.FO_Ordered_Resolution 1340:51197  some (SH 14466ms, ATP 2013ms): Try this: by (smt (z3)) (432 ms)
0.sledgehammer goal.using     27378ms Ordered_Resolution_Prover.FO_Ordered_Resolution 1342:51295  some (SH 27377ms, ATP 1216ms): Try this: by (smt (z3) aas_len) (157 ms)
0.sledgehammer goal.by         6979ms Ordered_Resolution_Prover.FO_Ordered_Resolution 1342:51309  some (SH 6978ms, ATP 1339ms): Try this: by (smt (z3)) (128 ms)
0.sledgehammer goal.using     33101ms Ordered_Resolution_Prover.FO_Ordered_Resolution 1344:51396  some (SH 33100ms, ATP 2510ms): Try this: by (smt (verit) len_aas_len_as mem_Collect_eq set_map2_ex) (356 ms)
0.sledgehammer goal.by        53609ms Ordered_Resolution_Prover.FO_Ordered_Resolution 1344:51453  some (SH 53608ms, ATP 2131ms): Try this: by (smt (z3) mem_Collect_eq) (505 ms)
0.sledgehammer goal.unfolding 111734ms Ordered_Resolution_Prover.FO_Ordered_Resolution 1346:51540  some (SH 111733ms, ATP 3297ms): Try this: by (smt (verit) card_le_Suc0_iff_eq imageE is_unifier_alt is_unifiers_def multiset.set_finite) (1.0 s)
0.sledgehammer goal.by        63533ms Ordered_Resolution_Prover.FO_Ordered_Resolution 1346:51581  some (SH 63531ms, ATP 1395ms): Try this: by (smt (z3) One_nat_def imageE subst_atms_id_subst) (422 ms)
0.sledgehammer goal.by        11594ms Ordered_Resolution_Prover.FO_Ordered_Resolution 1348:51658  some (SH 11593ms, ATP 1295ms): Try this: by (smt (verit, ccfv_SIG) finite_imageI list.set_finite) (73 ms)
0.sledgehammer goal.by        30183ms Ordered_Resolution_Prover.FO_Ordered_Resolution 1350:51743  some (SH 30179ms, ATP 2314ms): Try this: by (smt (z3) imageE multiset.set_finite) (203 ms)
0.sledgehammer goal.using     16085ms Ordered_Resolution_Prover.FO_Ordered_Resolution 1353:51847  some (SH 16083ms, ATP 1428ms): Try this: by (smt (verit) mgu_complete) (1.0 s)
0.sledgehammer goal.by        15372ms Ordered_Resolution_Prover.FO_Ordered_Resolution 1353:51866  some (SH 15371ms, ATP 2634ms): Try this: by (smt (verit)) (999 ms)
0.sledgehammer goal.using      8074ms Ordered_Resolution_Prover.FO_Ordered_Resolution 1356:51972  some (SH 8073ms, ATP 2219ms): Try this: by (smt (cvc5, noematch) eligibility) (28 ms)
0.sledgehammer goal.by         6582ms Ordered_Resolution_Prover.FO_Ordered_Resolution 1356:51990  some (SH 6581ms, ATP 833ms): Try this: by (smt (verit, ccfv_threshold)) (15 ms)
0.sledgehammer goal.using     149997ms Ordered_Resolution_Prover.FO_Ordered_Resolution 1358:52053  some (SH 149996ms, ATP 299ms): Try this: by (smt (cvc5, quant_saturate) "1"(11) cas cas_len ground_cas is_ground_cls_list_def is_ground_cls_union nth_mem) (288 ms)
0.sledgehammer goal.unfolding 89628ms Ordered_Resolution_Prover.FO_Ordered_Resolution 1358:52102  some (SH 89627ms, ATP 1595ms): Try this: by (smt (z3) is_ground_cls_list_is_ground_cls_sum_list is_ground_cls_mono is_ground_cls_union less_subset_eq_sum_list) (104 ms)
0.sledgehammer goal.by        14028ms Ordered_Resolution_Prover.FO_Ordered_Resolution 1358:52135  some (SH 14027ms, ATP 1650ms): Try this: by (smt (z3) is_ground_cls_union) (196 ms)
0.sledgehammer goal.using     48836ms Ordered_Resolution_Prover.FO_Ordered_Resolution 1360:52196  some (SH 48836ms, ATP 2456ms): Try this: by (smt (z3) "1"(2) atms_of_negs ground_da is_ground_cls_is_ground_atms_atms_of is_ground_cls_union set_mset_mset) (39 ms)
0.sledgehammer goal.by        49343ms Ordered_Resolution_Prover.FO_Ordered_Resolution 1360:52215  some (SH 49341ms, ATP 1020ms): Try this: by (smt (z3) atms_of_negs is_ground_cls_is_ground_atms_atms_of is_ground_cls_union set_mset_mset) (193 ms)
0.sledgehammer goal.unfolding 102643ms Ordered_Resolution_Prover.FO_Ordered_Resolution 1363:52381  some (SH 102642ms, ATP 2459ms): Try this: by (smt (cvc5, best) atms_of_negs da ground_da is_ground_atm_mset_def is_ground_cls_imp_is_ground_atm is_ground_cls_union) (359 ms)
0.sledgehammer goal.by        10477ms Ordered_Resolution_Prover.FO_Ordered_Resolution 1363:52433  some (SH 10476ms, ATP 931ms): Try this: by (smt (z3) set_mset_mset) (91 ms)
0.sledgehammer goal.using     12567ms Ordered_Resolution_Prover.FO_Ordered_Resolution 1365:52487  some (SH 12567ms, ATP 1189ms): Try this: by (smt (verit, best) ground_set_as is_ground_atm_list_def is_ground_atms_def) (350 ms)
0.sledgehammer goal.by         8402ms Ordered_Resolution_Prover.FO_Ordered_Resolution 1365:52549  some (SH 8401ms, ATP 1141ms): Try this: by (smt (cvc5, quant_saturate)) (410 ms)
0.sledgehammer goal.using     17925ms Ordered_Resolution_Prover.FO_Ordered_Resolution 1367:52596  some (SH 17924ms, ATP 855ms): Try this: by (smt (cvc5, best) da ground_da is_ground_cls_union) (29 ms)
0.sledgehammer goal.by         7862ms Ordered_Resolution_Prover.FO_Ordered_Resolution 1367:52615  some (SH 7861ms, ATP 870ms): Try this: by (smt (z3) is_ground_cls_union) (42 ms)
0.sledgehammer goal.by        151809ms Ordered_Resolution_Prover.FO_Ordered_Resolution 1372:52720  some (SH 151808ms, ATP 1384ms): Try this: apply (smt (z3) Un_empty atms_empty_iff_empty atms_of_negs image_mset_is_empty_iff set_mset_mset size_empty size_mset) (177 ms)
0.sledgehammer goal.using     10358ms Ordered_Resolution_Prover.FO_Ordered_Resolution 1374:52792  some (SH 10356ms, ATP 816ms): Try this: by (smt (z3) Max_in) (80 ms)
0.sledgehammer goal.by         8983ms Ordered_Resolution_Prover.FO_Ordered_Resolution 1374:52805  some (SH 8983ms, ATP 2143ms): Try this: by (smt (z3)) (90 ms)
0.sledgehammer goal.using     146393ms Ordered_Resolution_Prover.FO_Ordered_Resolution 1376:52888  some (SH 146393ms, ATP 1076ms): Try this: by (smt (cvc5, trigger_last) Un_iff ground_as ground_d is_ground_atm_list_def is_ground_cls_as_atms) (196 ms)
0.sledgehammer goal.unfolding 50182ms Ordered_Resolution_Prover.FO_Ordered_Resolution 1377:52954  some (SH 50180ms, ATP 1086ms): Try this: by (smt (verit, ccfv_threshold) Un_iff ground_as is_ground_atm_list_def) (310 ms)
0.sledgehammer goal.by        50332ms Ordered_Resolution_Prover.FO_Ordered_Resolution 1377:52987  some (SH 50331ms, ATP 1070ms): Try this: by (smt (z3) Un_iff ground_as is_ground_atm_list_def) (374 ms)
0.sledgehammer goal.unfolding 164275ms Ordered_Resolution_Prover.FO_Ordered_Resolution 1380:53069  timeout (SH 164274ms):
0.sledgehammer goal.by        155428ms Ordered_Resolution_Prover.FO_Ordered_Resolution 1381:53099  timeout (SH 155427ms):
0.sledgehammer goal.using     17880ms Ordered_Resolution_Prover.FO_Ordered_Resolution 1386:53414  some (SH 17879ms, ATP 965ms): Try this: apply (smt (z3) is_ground_Max is_ground_subst_atm) (22 ms)
0.sledgehammer goal.by         7880ms Ordered_Resolution_Prover.FO_Ordered_Resolution 1386:53470  some (SH 7879ms, ATP 956ms): Try this: apply (smt (verit, del_insts) is_ground_subst_atm) (53 ms)
0.sledgehammer goal.using     26285ms Ordered_Resolution_Prover.FO_Ordered_Resolution 1388:53550  timeout (SH 26284ms): Timed out
0.sledgehammer goal.unfolding 24829ms Ordered_Resolution_Prover.FO_Ordered_Resolution 1388:53568  timeout (SH 24826ms): Timed out
0.sledgehammer goal.by        123571ms Ordered_Resolution_Prover.FO_Ordered_Resolution 1390:53714  some (SH 123565ms, ATP 2228ms): Try this: by (smt (z3) atms_of_negs atms_of_plus da ground_da is_ground_subst_cls set_mset_mset subset_mset.add_eq_0_iff_both_eq_0) (568 ms)
0.sledgehammer goal.using     28328ms Ordered_Resolution_Prover.FO_Ordered_Resolution 1393:53783  timeout (SH 28326ms): Timed out
0.sledgehammer goal.unfolding 27725ms Ordered_Resolution_Prover.FO_Ordered_Resolution 1395:53958  timeout (SH 27722ms): Timed out
0.sledgehammer goal.by        26603ms Ordered_Resolution_Prover.FO_Ordered_Resolution 1395:53993  timeout (SH 26600ms): Timed out
0.sledgehammer goal.by        72465ms Ordered_Resolution_Prover.FO_Ordered_Resolution 1397:54124  some (SH 72462ms, ATP 1515ms): Try this: by (smt (verit, ccfv_threshold) as_len ground_as ground_cs is_ground_subst_atm_list_member is_ground_subst_cls) (317 ms)
0.sledgehammer goal.using     167714ms Ordered_Resolution_Prover.FO_Ordered_Resolution 1400:54206  timeout (SH 167714ms):
0.sledgehammer goal.unfolding 119836ms Ordered_Resolution_Prover.FO_Ordered_Resolution 1400:54238  some (SH 119835ms, ATP 3359ms): Try this: by (smt (cvc5, trigger_max) e in_set_conv_nth is_ground_cls_list_def is_ground_cls_list_is_ground_cls_sum_list is_ground_cls_union sum_mset_sum_list) (320 ms)
0.sledgehammer goal.by        102372ms Ordered_Resolution_Prover.FO_Ordered_Resolution 1401:54272  some (SH 102370ms, ATP 2378ms): Try this: by (smt (cvc5, trigger_max) in_Union_mset_iff in_mset_conv_nth union_iff) (1.0 s)
0.sledgehammer goal.using     29966ms Ordered_Resolution_Prover.FO_Ordered_Resolution 1404:54342  timeout (SH 29965ms): Timed out
0.sledgehammer goal.by        12112ms Ordered_Resolution_Prover.FO_Ordered_Resolution 1406:54483  some (SH 12107ms, ATP 1655ms): Try this: by (smt (z3) is_ground_subst_cls) (150 ms)
0.sledgehammer goal.using     26157ms Ordered_Resolution_Prover.FO_Ordered_Resolution_Prover 24:932  some (SH 26154ms, ATP 2855ms): Try this: by (smt (verit, ccfv_threshold) exists_least_iff is_least_def) (293 ms)
0.sledgehammer goal.unfolding 26249ms Ordered_Resolution_Prover.FO_Ordered_Resolution_Prover 24:955  some (SH 26245ms, ATP 3009ms): Try this: by (smt (cvc5, best) is_least_def) (324 ms)
0.sledgehammer goal.by        36342ms Ordered_Resolution_Prover.FO_Ordered_Resolution_Prover 24:978  some (SH 36337ms, ATP 1561ms): Try this: by (smt (verit, best) ex_least_nat_le) (267 ms)
0.sledgehammer goal.by        29517ms Ordered_Resolution_Prover.FO_Ordered_Resolution_Prover 90:3444  timeout (SH 29515ms): Timed out
0.sledgehammer goal.using     28190ms Ordered_Resolution_Prover.FO_Ordered_Resolution_Prover 111:4293  timeout (SH 28185ms): Timed out
0.sledgehammer goal.by        28980ms Ordered_Resolution_Prover.FO_Ordered_Resolution_Prover 111:4303  some (SH 28976ms, ATP 3264ms): Try this: apply (smt (z3) Liminf_state_def lfinite_Liminf_llist lfinite_lmap llast_lmap llist.map_disc_iff) (476 ms)
0.sledgehammer goal.using     101629ms Ordered_Resolution_Prover.FO_Ordered_Resolution_Prover 114:4437  some (SH 101625ms, ATP 1522ms): Try this: by (smt (z3) Liminf_state_def N_of_Liminf_state_fin N_of_state.simps P_of_Liminf_state_fin P_of_state.simps Q_of_Liminf_state_fin Q_of_state.simps) (218 ms)
0.sledgehammer goal.by        74371ms Ordered_Resolution_Prover.FO_Ordered_Resolution_Prover 115:4511  some (SH 74370ms, ATP 1473ms): Try this: by (smt (z3) Liminf_state_def N_of_state.simps P_of_state.simps Q_of_state.simps) (286 ms)
0.sledgehammer goal.using     116485ms Ordered_Resolution_Prover.FO_Ordered_Resolution_Prover 128:4933  some (SH 116483ms, ATP 892ms): Try this: apply (smt (z3) Liminf_state_def N_of_state.simps Sts(1,2) emb_Liminf_llist_infinite emb_lmap lfinite_lmap) (289 ms)
0.sledgehammer goal.by        95653ms Ordered_Resolution_Prover.FO_Ordered_Resolution_Prover 128:4943  some (SH 95652ms, ATP 1673ms): Try this: apply (smt (z3) Liminf_state_def N_of_state.simps emb_Liminf_llist_infinite emb_lmap lfinite_lmap) (132 ms)
0.sledgehammer goal.using     67637ms Ordered_Resolution_Prover.FO_Ordered_Resolution_Prover 132:5122  some (SH 67634ms, ATP 1259ms): Try this: by (smt (z3) N_of_Liminf_state_inf P_of_Liminf_state_inf Q_of_Liminf_state_inf sup.mono) (134 ms)
0.sledgehammer goal.by        10575ms Ordered_Resolution_Prover.FO_Ordered_Resolution_Prover 132:5194  some (SH 10574ms, ATP 1210ms): Try this: by (smt (verit, ccfv_SIG) sup.mono) (225 ms)
0.sledgehammer goal.unfolding 161431ms Ordered_Resolution_Prover.FO_Ordered_Resolution_Prover 151:5592  some (SH 161430ms, ATP 3418ms): Try this: by (smt (cvc5, trigger_last) S_M_selects_neg_lits S_M_selects_subseteq S_Q_def selection_axioms selection_def) (1.1 s)
0.sledgehammer goal.using     120446ms Ordered_Resolution_Prover.FO_Ordered_Resolution_Prover 151:5610  some (SH 120444ms, ATP 1456ms): Try this: by (smt (cvc5, trigger_last) S_M_selects_neg_lits S_M_selects_subseteq selection_axioms selection_def) (1.1 s)
0.sledgehammer goal.by        39809ms Ordered_Resolution_Prover.FO_Ordered_Resolution_Prover 152:5677  some (SH 39807ms, ATP 2589ms): Try this: by (smt (verit, ccfv_SIG) selection_def) (1.7 s)
0.sledgehammer goal.by        11751ms Ordered_Resolution_Prover.FO_Ordered_Resolution_Prover 155:5759  some (SH 11749ms, ATP 1021ms): Try this: by (smt (z3) ground_resolution_with_selection_def sq.selection_axioms) (16 ms)
0.sledgehammer goal.by         8745ms Ordered_Resolution_Prover.FO_Ordered_Resolution_Prover 158:5848  some (SH 8742ms, ATP 951ms): Try this: by (smt (z3) gr.reductive_inference_system_axioms standard_redundancy_criterion_reductive_def) (39 ms)
0.sledgehammer goal.by        11037ms Ordered_Resolution_Prover.FO_Ordered_Resolution_Prover 162:5994  some (SH 11037ms, ATP 1025ms): Try this: by (smt (z3) gr.counterex_reducing_inference_system_axioms standard_redundancy_criterion_counterex_reducing_def) (38 ms)
0.sledgehammer goal.unfolding 65861ms Ordered_Resolution_Prover.FO_Ordered_Resolution_Prover 176:6358  some (SH 65857ms, ATP 1746ms): Try this: by (smt (verit) Collect_mono gr.\<Gamma>_sound gr.ord_\<Gamma>_def ground_sound_\<Gamma>_def mem_Collect_eq) (1.5 s)
0.sledgehammer goal.using     66202ms Ordered_Resolution_Prover.FO_Ordered_Resolution_Prover 176:6387  some (SH 66200ms, ATP 1853ms): Try this: by (smt (z3) Collect_mono gr.\<Gamma>_sound gr.ord_\<Gamma>_def mem_Collect_eq) (3.0 s)
0.sledgehammer goal.by        18351ms Ordered_Resolution_Prover.FO_Ordered_Resolution_Prover 176:6427  some (SH 18350ms, ATP 1756ms): Try this: by (smt (z3) Collect_mono) (2.3 s)
0.sledgehammer goal.unfolding 48912ms Ordered_Resolution_Prover.FO_Ordered_Resolution_Prover 179:6511  some (SH 48911ms, ATP 3083ms): Try this: by (smt (verit, best) ground_sound_\<Gamma>_def inference.simps(1) mem_Collect_eq sound_inference_system_def) (2.6 s)
0.sledgehammer goal.by        55390ms Ordered_Resolution_Prover.FO_Ordered_Resolution_Prover 179:6567  some (SH 55389ms, ATP 1983ms): Try this: by (smt (z3) inference.sel(1,2,3) mem_Collect_eq) (674 ms)
0.sledgehammer goal.using     70136ms Ordered_Resolution_Prover.FO_Ordered_Resolution_Prover 182:6664  some (SH 70135ms, ATP 1619ms): Try this: by (smt (cvc5, best) sat_preserving_inference_system_def sound_ground_sound_\<Gamma> sound_inference_system.\<Gamma>_sat_preserving) (434 ms)
0.sledgehammer goal.by        13632ms Ordered_Resolution_Prover.FO_Ordered_Resolution_Prover 183:6773  some (SH 13629ms, ATP 2574ms): Try this: by (smt (verit, ccfv_threshold)) (1.0 s)
0.sledgehammer goal.unfolding 28941ms Ordered_Resolution_Prover.FO_Ordered_Resolution_Prover 190:6999  timeout (SH 28940ms): Timed out
0.sledgehammer goal.using     60796ms Ordered_Resolution_Prover.FO_Ordered_Resolution_Prover 191:7065  some (SH 60793ms, ATP 2261ms): Try this: by (smt (cvc5) Diff_iff Un_iff gd_ord_\<Gamma>_ngd_ord_\<Gamma> mem_Collect_eq redundancy_criterion.intro sat_preserving_inference_system_def sound_ground_sound_\<Gamma> sound_inference_system.\<Gamma>_sat_preserving sr.Ri_def sr.Ri_indep sr.Ri_mono standard_redundancy_criterion.Rf_indep standard_redundancy_criterion.Rf_mono standard_redundancy_criterion.Rf_sat subset_eq)
0.sledgehammer goal.by        72227ms Ordered_Resolution_Prover.FO_Ordered_Resolution_Prover 192:7195  some (SH 72226ms, ATP 1001ms): Try this: by (smt (cvc5) Diff_iff Un_iff mem_Collect_eq redundancy_criterion.intro sr.Ri_def sr.Ri_indep sr.Ri_mono standard_redundancy_criterion.Rf_indep standard_redundancy_criterion.Rf_mono standard_redundancy_criterion.Rf_sat subset_eq)
0.sledgehammer goal.proof     26922ms Ordered_Resolution_Prover.FO_Ordered_Resolution_Prover 199:7365  timeout (SH 26920ms): Timed out
0.sledgehammer goal.unfolding 160322ms Ordered_Resolution_Prover.FO_Ordered_Resolution_Prover 201:7417  timeout (SH 160318ms):
0.sledgehammer goal.by        13892ms Ordered_Resolution_Prover.FO_Ordered_Resolution_Prover 201:7440  some (SH 13891ms, ATP 1304ms): Try this: by (smt (z3) mset_subsetD) (336 ms)
0.sledgehammer goal.using     29935ms Ordered_Resolution_Prover.FO_Ordered_Resolution_Prover 203:7481  timeout (SH 29934ms): Timed out
0.sledgehammer goal.by        28605ms Ordered_Resolution_Prover.FO_Ordered_Resolution_Prover 203:7491  timeout (SH 28601ms): Timed out
0.sledgehammer goal.using     93233ms Ordered_Resolution_Prover.FO_Ordered_Resolution_Prover 205:7576  some (SH 93229ms, ATP 1871ms): Try this: by (smt (z3) ground_\<sigma> ground_subst_ground_cls grounding_of_cls_ground grounding_of_subst_cls_subset insert_subset) (180 ms)
0.sledgehammer goal.by        60972ms Ordered_Resolution_Prover.FO_Ordered_Resolution_Prover 205:7591  some (SH 60970ms, ATP 1943ms): Try this: by (smt (z3) ground_subst_ground_cls grounding_of_cls_ground grounding_of_subst_cls_subset insert_subset) (196 ms)
0.sledgehammer goal.by        77455ms Ordered_Resolution_Prover.FO_Ordered_Resolution_Prover 209:7804  some (SH 77454ms, ATP 1353ms): Try this: apply (smt (z3) ground_\<sigma> ground_subst_ground_cls grounding_of_cls_ground grounding_of_subst_cls_subset set_mset_add_mset_insert set_mset_empty) (116 ms)
0.sledgehammer goal.using     35991ms Ordered_Resolution_Prover.FO_Ordered_Resolution_Prover 211:7836  some (SH 35989ms, ATP 1473ms): Try this: by (smt (cvc5, best) mem_Collect_eq standard_redundancy_criterion.Rf_def) (414 ms)
0.sledgehammer goal.by        43136ms Ordered_Resolution_Prover.FO_Ordered_Resolution_Prover 211:7852  some (SH 43136ms, ATP 436ms): Try this: by (smt (verit, best) mem_Collect_eq) (405 ms)
0.sledgehammer goal.using     27348ms Ordered_Resolution_Prover.FO_Ordered_Resolution_Prover 220:8031  timeout (SH 27347ms): Timed out
0.sledgehammer goal.proof     26031ms Ordered_Resolution_Prover.FO_Ordered_Resolution_Prover 221:8043  timeout (SH 26027ms): Timed out
0.sledgehammer goal.using     12523ms Ordered_Resolution_Prover.FO_Ordered_Resolution_Prover 223:8095  some (SH 12519ms, ATP 934ms): Try this: by (smt (verit, ccfv_threshold) assms(1,2) strict_subset_subsumption_redundant_clause) (75 ms)
0.sledgehammer goal.by         9142ms Ordered_Resolution_Prover.FO_Ordered_Resolution_Prover 223:8150  some (SH 9142ms, ATP 999ms): Try this: by (smt (z3)) (220 ms)
0.sledgehammer goal.using     80327ms Ordered_Resolution_Prover.FO_Ordered_Resolution_Prover 225:8182  some (SH 80326ms, ATP 4957ms): Try this: by (smt (verit, ccfv_threshold) assms(3) grounding_of_clss_insert mk_disjoint_insert sr_ext.Rf_mono subsetD sup_ge1) (259 ms)
0.sledgehammer goal.unfolding 90283ms Ordered_Resolution_Prover.FO_Ordered_Resolution_Prover 225:8194  some (SH 90282ms, ATP 2130ms): Try this: by (smt (verit, del_insts) grounding_of_clss_insert insert_subset mk_disjoint_insert sr_ext.Rf_mono sup.cobounded1) (179 ms)
0.sledgehammer goal.by        59466ms Ordered_Resolution_Prover.FO_Ordered_Resolution_Prover 226:8230  some (SH 59464ms, ATP 2542ms): Try this: by (smt (verit, del_insts) grounding_of_clss_def grounding_of_clss_insert insert_subset mk_disjoint_insert sr_ext.Rf_mono sup.cobounded1) (287 ms)
0.sledgehammer goal.proof     27405ms Ordered_Resolution_Prover.FO_Ordered_Resolution_Prover 234:8486  timeout (SH 27404ms): Timed out
0.sledgehammer goal.unfolding 55945ms Ordered_Resolution_Prover.FO_Ordered_Resolution_Prover 239:8604  some (SH 55941ms, ATP 2656ms): Try this: by (smt (cvc5, quant_saturate) mem_Collect_eq substitution_ops.grounding_of_cls_def) (502 ms)
0.sledgehammer goal.by        13125ms Ordered_Resolution_Prover.FO_Ordered_Resolution_Prover 239:8635  some (SH 13123ms, ATP 1594ms): Try this: by (smt (verit, ccfv_threshold) mem_Collect_eq) (535 ms)
0.sledgehammer goal.using     12777ms Ordered_Resolution_Prover.FO_Ordered_Resolution_Prover 241:8682  some (SH 12776ms, ATP 1307ms): Try this: by (smt (verit) D\<sigma>_subset_C subst_subset_mono) (50 ms)
0.sledgehammer goal.by         7844ms Ordered_Resolution_Prover.FO_Ordered_Resolution_Prover 241:8718  some (SH 7843ms, ATP 985ms): Try this: by (smt (z3)) (34 ms)
0.sledgehammer goal.using     110646ms Ordered_Resolution_Prover.FO_Ordered_Resolution_Prover 243:8778  some (SH 110645ms, ATP 1714ms): Try this: by (smt (verit, ccfv_threshold) D_in_St \<mu>_p ground_subst_ground_cls make_ground_subst strict_subset_subsumption_redundant_clss subst_cls_comp_subst) (363 ms)
0.sledgehammer goal.by        63953ms Ordered_Resolution_Prover.FO_Ordered_Resolution_Prover 243:8859  some (SH 63951ms, ATP 1063ms): Try this: by (smt (verit, del_insts) is_ground_comp_subst subst_cls_comp_subst) (138 ms)
0.sledgehammer goal.proof     26443ms Ordered_Resolution_Prover.FO_Ordered_Resolution_Prover 251:9058  timeout (SH 26443ms): Timed out
0.sledgehammer goal.by        39295ms Ordered_Resolution_Prover.FO_Ordered_Resolution_Prover 254:9127  some (SH 39290ms, ATP 1427ms): Try this: by (smt (verit) subset_mset.le_neq_trans subsumes_def) (423 ms)
0.sledgehammer goal.by         7059ms Ordered_Resolution_Prover.FO_Ordered_Resolution_Prover 256:9213  some (SH 7058ms, ATP 795ms): Try this: by (smt (verit, best)) (35 ms)
0.sledgehammer goal.proof     28862ms Ordered_Resolution_Prover.FO_Ordered_Resolution_Prover 258:9266  timeout (SH 28862ms): Timed out
0.sledgehammer goal.using      8147ms Ordered_Resolution_Prover.FO_Ordered_Resolution_Prover 261:9357  some (SH 8146ms, ATP 909ms): Try this: by (smt (verit, del_insts) grounding_of_subst_cls_subset) (46 ms)
0.sledgehammer goal.by         8637ms Ordered_Resolution_Prover.FO_Ordered_Resolution_Prover 262:9409  some (SH 8636ms, ATP 862ms): Try this: by (smt (z3)) (71 ms)
0.sledgehammer goal.using     104496ms Ordered_Resolution_Prover.FO_Ordered_Resolution_Prover 264:9520  some (SH 104495ms, ATP 2029ms): Try this: by (smt (z3) Un_commute assms(1) grounding_of_clss_insert mk_disjoint_insert subset_Un_eq sup_assoc) (349 ms)
0.sledgehammer goal.unfolding 72096ms Ordered_Resolution_Prover.FO_Ordered_Resolution_Prover 264:9532  some (SH 72095ms, ATP 1859ms): Try this: by (smt (z3) Un_commute grounding_of_clss_insert mk_disjoint_insert subset_Un_eq sup_assoc) (451 ms)
0.sledgehammer goal.by        81358ms Ordered_Resolution_Prover.FO_Ordered_Resolution_Prover 264:9564  some (SH 81357ms, ATP 2005ms): Try this: by (smt (verit, ccfv_threshold) Un_commute grounding_of_clss_def grounding_of_clss_insert mk_disjoint_insert subset_Un_eq sup_assoc) (819 ms)
0.sledgehammer goal.by        33681ms Ordered_Resolution_Prover.FO_Ordered_Resolution_Prover 266:9600  some (SH 33679ms, ATP 4033ms): Try this: by (smt (z3) Diff_iff sr_ext.deduction_deletion subsetI) (428 ms)
0.sledgehammer goal.using     17714ms Ordered_Resolution_Prover.FO_Ordered_Resolution_Prover 270:9745  some (SH 17714ms, ATP 873ms): Try this: by (smt (z3) assms(1) strict_subset_subsumption_grounding_redundant_clss) (76 ms)
0.sledgehammer goal.by        15806ms Ordered_Resolution_Prover.FO_Ordered_Resolution_Prover 270:9808  some (SH 15805ms, ATP 2377ms): Try this: by (smt (z3)) (97 ms)
0.sledgehammer goal.unfolding 108359ms Ordered_Resolution_Prover.FO_Ordered_Resolution_Prover 272:9844  some (SH 108358ms, ATP 751ms): Try this: by (smt (z3) Diff_iff Un_iff sr_ext.deduction_deletion subsetI subset_Un_eq) (812 ms)
0.sledgehammer goal.by        84684ms Ordered_Resolution_Prover.FO_Ordered_Resolution_Prover 272:9876  some (SH 84682ms, ATP 2462ms): Try this: by (smt (z3) Diff_iff Un_iff sr_ext.derive.intros subsetI subset_Un_eq) (1.0 s)
0.sledgehammer goal.proof     28944ms Ordered_Resolution_Prover.FO_Ordered_Resolution_Prover 283:10156  timeout (SH 28943ms): Timed out
0.sledgehammer goal.unfolding 77241ms Ordered_Resolution_Prover.FO_Ordered_Resolution_Prover 287:10240  some (SH 77238ms, ATP 4372ms): Try this: by (smt (verit, best) S_M_grounding_of_clss grounding_of_clss_singleton selection_axioms singletonD) (726 ms)
0.sledgehammer goal.by        13035ms Ordered_Resolution_Prover.FO_Ordered_Resolution_Prover 287:10271  some (SH 13034ms, ATP 1978ms): Try this: by (smt (verit) mem_Collect_eq) (512 ms)
0.sledgehammer goal.unfolding 173360ms Ordered_Resolution_Prover.FO_Ordered_Resolution_Prover 293:10438  timeout (SH 173359ms):
0.sledgehammer goal.by        344389ms Ordered_Resolution_Prover.FO_Ordered_Resolution_Prover 294:10495  some (SH 344388ms, ATP 4700ms): Try this: by (smt (z3) SUP_union Sup_insert UnI1 \<mu>_p assms(2) ground_subst_ground_cls grounding_of_cls_def grounding_of_cls_ground grounding_of_subst_cls_subset image_insert insert_subset mk_disjoint_insert) (245 ms)
0.sledgehammer goal.using     157677ms Ordered_Resolution_Prover.FO_Ordered_Resolution_Prover 297:10723  timeout (SH 157675ms):
0.sledgehammer goal.unfolding 128987ms Ordered_Resolution_Prover.FO_Ordered_Resolution_Prover 297:10733  some (SH 128986ms, ATP 2186ms): Try this: by (smt (z3) UnI2 ground_subst_ground_cls grounding_of_cls_ground grounding_of_clss_singleton grounding_of_clss_union grounding_of_subst_cls_subset insert_subset) (169 ms)
0.sledgehammer goal.by        156252ms Ordered_Resolution_Prover.FO_Ordered_Resolution_Prover 297:10787  timeout (SH 156250ms):
0.sledgehammer goal.by        27089ms Ordered_Resolution_Prover.FO_Ordered_Resolution_Prover 300:10908  timeout (SH 27088ms): Timed out
0.sledgehammer goal.using     87593ms Ordered_Resolution_Prover.FO_Ordered_Resolution_Prover 302:11009  some (SH 87587ms, ATP 5399ms): Try this: by (smt (z3) assms(3) subst_cls_single subst_cls_union subst_minus) (78 ms)
0.sledgehammer goal.by        61188ms Ordered_Resolution_Prover.FO_Ordered_Resolution_Prover 303:11025  some (SH 61187ms, ATP 471ms): Try this: by (smt (z3) subst_cls_single subst_cls_union subst_minus) (367 ms)
0.sledgehammer goal.using     87407ms Ordered_Resolution_Prover.FO_Ordered_Resolution_Prover 305:11184  some (SH 87407ms, ATP 3249ms): Try this: by (smt (z3) assms(4) subset_mset.le_iff_add subst_cls_union true_cls_union) (227 ms)
0.sledgehammer goal.by        81306ms Ordered_Resolution_Prover.FO_Ordered_Resolution_Prover 305:11196  some (SH 81304ms, ATP 3172ms): Try this: by (smt (z3) subset_mset.le_iff_add subst_cls_union true_cls_union) (358 ms)
0.sledgehammer goal.by        11111ms Ordered_Resolution_Prover.FO_Ordered_Resolution_Prover 307:11367  some (SH 11110ms, ATP 1387ms): Try this: by (smt (verit, del_insts) true_cls_mset_singleton) (210 ms)
0.sledgehammer goal.unfolding 27584ms Ordered_Resolution_Prover.FO_Ordered_Resolution_Prover 309:11492  timeout (SH 27583ms): Timed out
0.sledgehammer goal.unfolding 26600ms Ordered_Resolution_Prover.FO_Ordered_Resolution_Prover 309:11529  timeout (SH 26596ms): Timed out
0.sledgehammer goal.by        26115ms Ordered_Resolution_Prover.FO_Ordered_Resolution_Prover 309:11579  timeout (SH 26111ms): Timed out
0.sledgehammer goal.using     120060ms Ordered_Resolution_Prover.FO_Ordered_Resolution_Prover 311:11687  some (SH 120056ms, ATP 3587ms): Try this: by (smt (verit, ccfv_threshold) \<gamma>_def inference.sel(3) insert_iff insert_image) (229 ms)
0.sledgehammer goal.unfolding 51722ms Ordered_Resolution_Prover.FO_Ordered_Resolution_Prover 311:11703  some (SH 51721ms, ATP 3400ms): Try this: by (smt (z3) \<gamma>_def inference.sel(3)) (517 ms)
0.sledgehammer goal.by        27254ms Ordered_Resolution_Prover.FO_Ordered_Resolution_Prover 311:11719  some (SH 27253ms, ATP 2431ms): Try this: by (smt (z3) inference.sel(3)) (421 ms)
0.sledgehammer goal.using      9322ms Ordered_Resolution_Prover.FO_Ordered_Resolution_Prover 313:11829  some (SH 9321ms, ATP 1979ms): Try this: by (smt (verit, ccfv_SIG) \<mu>_p) (47 ms)
0.sledgehammer goal.by         6148ms Ordered_Resolution_Prover.FO_Ordered_Resolution_Prover 313:11839  some (SH 6147ms, ATP 1022ms): Try this: by (smt (z3)) (27 ms)
0.sledgehammer goal.proof     28854ms Ordered_Resolution_Prover.FO_Ordered_Resolution_Prover 322:12050  timeout (SH 28853ms): Timed out
0.sledgehammer goal.using     71933ms Ordered_Resolution_Prover.FO_Ordered_Resolution_Prover 325:12230  some (SH 71928ms, ATP 809ms): Try this: by (smt (verit) Diff_iff Un_iff Un_insert_right grounding_of_clss_insert reduction_in_concls_of subsetI) (415 ms)
0.sledgehammer goal.unfolding 152211ms Ordered_Resolution_Prover.FO_Ordered_Resolution_Prover 325:12259  some (SH 152209ms, ATP 818ms): Try this: by (smt (z3) Diff_iff Un_iff Un_insert_right grounding_of_clss_insert subsetI) (784 ms)
0.sledgehammer goal.by        155079ms Ordered_Resolution_Prover.FO_Ordered_Resolution_Prover 325:12291  some (SH 155078ms, ATP 964ms): Try this: by (smt (z3) Diff_iff Un_iff Un_insert_right grounding_of_clss_insert subsetI substitution_ops.grounding_of_clss_def) (283 ms)
0.sledgehammer goal.using     27164ms Ordered_Resolution_Prover.FO_Ordered_Resolution_Prover 328:12391  timeout (SH 27163ms): Timed out
0.sledgehammer goal.by        119719ms Ordered_Resolution_Prover.FO_Ordered_Resolution_Prover 329:12469  some (SH 119714ms, ATP 2032ms): Try this: by (smt (z3) Un_iff add_cancel_right_right multi_self_add_other_not_self singletonI subset_mset.le_add_same_cancel1 subset_mset.less_le subset_mset.zero_le subst_cls_id_subst) (213 ms)
0.sledgehammer goal.unfolding 161285ms Ordered_Resolution_Prover.FO_Ordered_Resolution_Prover 332:12606  some (SH 161283ms, ATP 2019ms): Try this: by (smt (verit, ccfv_threshold) Diff_subset_conv Un_mono grounding_of_clss_singleton grounding_of_clss_union sup_ge1) (305 ms)
0.sledgehammer goal.by        87575ms Ordered_Resolution_Prover.FO_Ordered_Resolution_Prover 332:12638  some (SH 87574ms, ATP 3535ms): Try this: by (smt (z3) Diff_iff Sup_empty UnE UnI1 boolean_algebra_cancel.sup2 grounding_of_clss_insert grounding_of_clss_union subsetI subset_eq substitution_ops.grounding_of_clss_def sup_bot.right_neutral) (441 ms)
0.sledgehammer goal.using     10808ms Ordered_Resolution_Prover.FO_Ordered_Resolution_Prover 335:12758  some (SH 10807ms, ATP 1209ms): Try this: by (smt (z3) sr_ext.derive.intros) (178 ms)
0.sledgehammer goal.by         7647ms Ordered_Resolution_Prover.FO_Ordered_Resolution_Prover 337:12871  some (SH 7646ms, ATP 932ms): Try this: by (smt (verit)) (117 ms)
0.sledgehammer goal.proof     28315ms Ordered_Resolution_Prover.FO_Ordered_Resolution_Prover 346:13092  timeout (SH 28314ms): Timed out
0.sledgehammer goal.unfolding 84339ms Ordered_Resolution_Prover.FO_Ordered_Resolution_Prover 353:13265  some (SH 84332ms, ATP 1499ms): Try this: by (smt (verit, ccfv_threshold) S_M_grounding_of_clss grounding_of_clss_singleton selection_axioms singletonD) (391 ms)
0.sledgehammer goal.by        13440ms Ordered_Resolution_Prover.FO_Ordered_Resolution_Prover 353:13296  some (SH 13438ms, ATP 1440ms): Try this: by (smt (verit, best) mem_Collect_eq) (514 ms)
0.sledgehammer goal.using     60673ms Ordered_Resolution_Prover.FO_Ordered_Resolution_Prover 355:13366  some (SH 60672ms, ATP 1100ms): Try this: by (smt (z3) Neg_Melem_subst_atm_subst_cls Pos_Melem_subst_atm_subst_cls tautology_deletion.hyps(1,2)) (123 ms)
0.sledgehammer goal.by         8528ms Ordered_Resolution_Prover.FO_Ordered_Resolution_Prover 355:13451  some (SH 8527ms, ATP 1072ms): Try this: by (smt (z3)) (135 ms)
0.sledgehammer goal.using     10436ms Ordered_Resolution_Prover.FO_Ordered_Resolution_Prover 357:13523  some (SH 10435ms, ATP 1065ms): Try this: by (smt (verit) sr.tautology_Rf) (97 ms)
0.sledgehammer goal.by         9238ms Ordered_Resolution_Prover.FO_Ordered_Resolution_Prover 357:13545  some (SH 9232ms, ATP 1144ms): Try this: by (smt (z3)) (146 ms)
0.sledgehammer goal.unfolding 200029ms Ordered_Resolution_Prover.FO_Ordered_Resolution_Prover 361:13684  some (SH 200027ms, ATP 4347ms): Try this: by (smt (cvc5) DiffD1 DiffD2 N_of_state.simps P_of_state.simps Q_of_state.simps Un_commute Un_iff boolean_algebra_cancel.sup1 grounding_of_clss_insert insert_is_Un subsetI)
0.sledgehammer goal.by        162282ms Ordered_Resolution_Prover.FO_Ordered_Resolution_Prover 361:13716  timeout (SH 162280ms):
0.sledgehammer goal.unfolding 161451ms Ordered_Resolution_Prover.FO_Ordered_Resolution_Prover 363:13817  some (SH 161450ms, ATP 2979ms): Try this: by (smt (z3) Diff_eq_empty_iff N_of_state.simps P_of_state.simps Q_of_state.simps Un_absorb Un_assoc Un_commute grounding_of_clss_union sup.order_iff) (562 ms)
0.sledgehammer goal.by        135293ms Ordered_Resolution_Prover.FO_Ordered_Resolution_Prover 363:13849  some (SH 135291ms, ATP 2663ms): Try this: by (smt (z3) Diff_eq_empty_iff N_of_state.simps P_of_state.simps Q_of_state.simps SUP_union Un_left_commute sup.cobounded2 sup_assoc) (143 ms)
0.sledgehammer goal.using     41526ms Ordered_Resolution_Prover.FO_Ordered_Resolution_Prover 365:13885  some (SH 41525ms, ATP 1309ms): Try this: by (smt (z3) empty_subsetI sr_ext.derive.intros) (166 ms)
0.sledgehammer goal.by        24456ms Ordered_Resolution_Prover.FO_Ordered_Resolution_Prover 367:13994  some (SH 24455ms, ATP 1687ms): Try this: by (smt (z3) sup.order_iff sup_bot.right_neutral) (495 ms)
0.sledgehammer goal.using     157612ms Ordered_Resolution_Prover.FO_Ordered_Resolution_Prover 371:14068  timeout (SH 157609ms):
0.sledgehammer goal.unfolding 159160ms Ordered_Resolution_Prover.FO_Ordered_Resolution_Prover 371:14120  timeout (SH 159159ms):
0.sledgehammer goal.by        159238ms Ordered_Resolution_Prover.FO_Ordered_Resolution_Prover 372:14156  timeout (SH 159237ms):
0.sledgehammer goal.using     65507ms Ordered_Resolution_Prover.FO_Ordered_Resolution_Prover 376:14269  some (SH 65506ms, ATP 3156ms): Try this: by (smt (cvc5) N_of_state.simps P_of_state.simps Q_of_state.simps Un_commute Un_insert_left derive_if_remove_subsumed grounding_of_clss_singleton grounding_of_clss_union insertCI mk_disjoint_insert strictly_subsumes_def sup_assoc)
0.sledgehammer goal.unfolding 156925ms Ordered_Resolution_Prover.FO_Ordered_Resolution_Prover 377:14347  timeout (SH 156924ms):
0.sledgehammer goal.by        157309ms Ordered_Resolution_Prover.FO_Ordered_Resolution_Prover 377:14379  timeout (SH 157308ms):
0.sledgehammer goal.using     157054ms Ordered_Resolution_Prover.FO_Ordered_Resolution_Prover 381:14492  timeout (SH 157053ms):
0.sledgehammer goal.unfolding 158225ms Ordered_Resolution_Prover.FO_Ordered_Resolution_Prover 382:14570  timeout (SH 158224ms):
0.sledgehammer goal.by        156532ms Ordered_Resolution_Prover.FO_Ordered_Resolution_Prover 382:14602  timeout (SH 156530ms):
0.sledgehammer goal.using     55329ms Ordered_Resolution_Prover.FO_Ordered_Resolution_Prover 386:14717  some (SH 55327ms, ATP 2831ms): Try this: by (smt (cvc5) N_of_state.simps P_of_state.simps Q_of_state.simps Un_commute Un_insert_right insertCI mk_disjoint_insert reduction_derivable sup_assoc)
0.sledgehammer goal.by        140747ms Ordered_Resolution_Prover.FO_Ordered_Resolution_Prover 386:14763  some (SH 140746ms, ATP 657ms): Try this: by (smt (z3) N_of_state.simps P_of_state.simps Q_of_state.simps Un_iff Un_insert_left Un_insert_right sup_bot.right_neutral) (624 ms)
0.sledgehammer goal.using     59011ms Ordered_Resolution_Prover.FO_Ordered_Resolution_Prover 390:14846  some (SH 59009ms, ATP 3471ms): Try this: by (smt (cvc5) N_of_state.simps P_of_state.simps Q_of_state.simps Un_commute Un_insert_left insertCI mk_disjoint_insert reduction_derivable sup_assoc)
0.sledgehammer goal.by        115006ms Ordered_Resolution_Prover.FO_Ordered_Resolution_Prover 390:14892  some (SH 115005ms, ATP 2046ms): Try this: by (smt (z3) N_of_state.simps P_of_state.simps Q_of_state.simps UnI1 Un_commute sup_assoc) (842 ms)
0.sledgehammer goal.using     54927ms Ordered_Resolution_Prover.FO_Ordered_Resolution_Prover 394:14975  some (SH 54925ms, ATP 2013ms): Try this: by (smt (cvc5) N_of_state.simps P_of_state.simps Q_of_state.simps Un_commute Un_insert_left insertCI mk_disjoint_insert reduction_derivable sup_assoc)
0.sledgehammer goal.by        112773ms Ordered_Resolution_Prover.FO_Ordered_Resolution_Prover 394:15021  some (SH 112772ms, ATP 496ms): Try this: by (smt (z3) N_of_state.simps P_of_state.simps Q_of_state.simps UnI1 Un_commute sup_assoc) (552 ms)
0.sledgehammer goal.using     156386ms Ordered_Resolution_Prover.FO_Ordered_Resolution_Prover 398:15092  timeout (SH 156384ms):
0.sledgehammer goal.by        156204ms Ordered_Resolution_Prover.FO_Ordered_Resolution_Prover 398:15119  timeout (SH 156203ms):
0.sledgehammer goal.unfolding 32659ms Ordered_Resolution_Prover.FO_Ordered_Resolution_Prover 406:15310  some (SH 32657ms, ATP 2078ms): Try this: by (smt (verit, best) S_M_grounding_of_clss selection_axioms) (1.5 s)
0.sledgehammer goal.by        46390ms Ordered_Resolution_Prover.FO_Ordered_Resolution_Prover 406:15363  some (SH 46388ms, ATP 1704ms): Try this: by (smt (verit, best) S_M_grounding_of_clss \<open>E\<mu> \<in> grounding_of_clss N\<close> selection_axioms) (1.4 s)
0.sledgehammer goal.using      9813ms Ordered_Resolution_Prover.FO_Ordered_Resolution_Prover 408:15459  some (SH 9810ms, ATP 1625ms): Try this: by (smt (cvc5, trigger_max) local.inference_computation) (44 ms)
0.sledgehammer goal.by         7951ms Ordered_Resolution_Prover.FO_Ordered_Resolution_Prover 408:15487  some (SH 7950ms, ATP 1551ms): Try this: by (smt (verit, ccfv_threshold)) (25 ms)
