0.sledgehammer initialize Params for sledgehammer: {abduce = SOME 0, cache_dir = NONE, compress = NONE, debug = true, expect =
0.sledgehammer initialize  "", fact_filter = NONE, fact_thresholds = (0.45, 0.85), falsify =
0.sledgehammer initialize  SOME false, induction_rules = NONE, instantiate = NONE, isar_proofs = NONE,
0.sledgehammer initialize  lam_trans = NONE, learn = true, max_facts = NONE, max_mono_iters = NONE,
0.sledgehammer initialize  max_new_mono_instances = NONE, max_proofs = 4, minimize = true, overlord =
0.sledgehammer initialize  true, preplay_timeout = 1.000, provers = ["cvc5_proof"], slices = 96,
0.sledgehammer initialize  smt_proofs = true, spy = false, strict = false, timeout = 30.000, try0 =
0.sledgehammer initialize  false, type_enc = NONE, uncurried_aliases = NONE, verbose = true}
0.sledgehammer goal.by         7974ms Ordered_Resolution_Prover.Clausal_Logic 35:979  some (SH 7966ms, ATP 2005ms): Try this: by (smt (cvc5, noematch) literal.collapse(1) literal.disc(1)) (304 ms)
0.sledgehammer goal.by         9054ms Ordered_Resolution_Prover.Clausal_Logic 38:1061  some (SH 9053ms, ATP 641ms): Try this: by (smt (cvc5, trigger_max) literal.collapse(2) literal.disc(2)) (199 ms)
0.sledgehammer goal.by        30989ms Ordered_Resolution_Prover.Clausal_Logic 41:1138  some (SH 30987ms, ATP 742ms): Try this: by (smt (cvc5, trigger_max) literal.exhaust_sel literal.simps(15,16)) (401 ms)
0.sledgehammer goal.by        30976ms Ordered_Resolution_Prover.Clausal_Logic 44:1222  some (SH 30975ms, ATP 492ms): Try this: by (smt (cvc5, noematch) literal.exhaust_sel) (945 ms)
0.sledgehammer goal.unfolding 23455ms Ordered_Resolution_Prover.Clausal_Logic 59:1522  some (SH 23453ms, ATP 945ms): Try this: apply (smt (cvc5, trigger_max) literal.disc(1) literal.sel(1) uminus_literal_def) (413 ms)
0.sledgehammer goal.by         6996ms Ordered_Resolution_Prover.Clausal_Logic 59:1551  some (SH 6995ms, ATP 982ms): Try this: apply (smt (cvc5, fmf) Neg_atm_of_iff literal.sel(1)) (560 ms)
0.sledgehammer goal.by        23564ms Ordered_Resolution_Prover.Clausal_Logic 62:1618  some (SH 23562ms, ATP 1041ms): Try this: by (smt (cvc5, noematch) literal.sel(1,2) uminus_literal_def) (767 ms)
0.sledgehammer goal.by        36427ms Ordered_Resolution_Prover.Clausal_Logic 65:1706  some (SH 36426ms, ATP 720ms): Try this: by (smt (cvc5, trigger_last) Neg_atm_of_iff atm_of_uminus literal.collapse(1) uminus_literal_def) (2.2 s)
0.sledgehammer goal.by        22498ms Ordered_Resolution_Prover.Clausal_Logic 68:1795  some (SH 22496ms, ATP 1166ms): Try this: by (smt (cvc5, trigger_max) Neg_atm_of_iff literal.distinct(1) uminus_literal_def) (1.1 s)
0.sledgehammer goal.by        10043ms Ordered_Resolution_Prover.Clausal_Logic 71:1872  some (SH 10042ms, ATP 749ms): Try this: by (smt (cvc5, term_relev) uminus_not_id) (33 ms)
0.sledgehammer goal.by        66671ms Ordered_Resolution_Prover.Clausal_Logic 74:1957  some (SH 66669ms, ATP 1086ms): Try this: by (smt (cvc5, best) atm_of_uminus literal.expand uminus_not_id) (1.1 s)
0.sledgehammer goal.by         4094ms Ordered_Resolution_Prover.Clausal_Logic 77:2051  some (SH 4093ms, ATP 511ms): Try this: by (smt (cvc5, best) uminus_of_uminus_id) (520 ms)
0.sledgehammer goal.by        42045ms Ordered_Resolution_Prover.Clausal_Logic 80:2119  some (SH 41816ms, ATP 982ms): Try this: by (smt (cvc5, trigger_max) atm_of_uminus literal.expand uminus_not_id) (955 ms)
0.sledgehammer goal.apply      1486ms Ordered_Resolution_Prover.Clausal_Logic 92:2515  none (SH 1485ms): Prover error:
0.sledgehammer goal.apply      1486ms Ordered_Resolution_Prover.Clausal_Logic 92:2515  none cannot atomize goal
0.sledgehammer goal.unfolding 16097ms Ordered_Resolution_Prover.Clausal_Logic 93:2537  some (SH 16096ms, ATP 1173ms): Try this: apply (smt (cvc5, fmf) dual_order.strict_iff_not less_eq_literal_def less_literal_def) (933 ms)
0.sledgehammer goal.by         8389ms Ordered_Resolution_Prover.Clausal_Logic 93:2584  some (SH 8387ms, ATP 797ms): Try this: apply (smt (cvc5, fmf) dual_order.strict_iff_not) (822 ms)
0.sledgehammer goal.by         2148ms Ordered_Resolution_Prover.Clausal_Logic 101:2697  none (SH 2147ms): Prover error:
0.sledgehammer goal.by         2148ms Ordered_Resolution_Prover.Clausal_Logic 101:2697  none cannot atomize goal
0.sledgehammer goal.unfolding 41342ms Ordered_Resolution_Prover.Clausal_Logic 106:2819  some (SH 41338ms, ATP 878ms): Try this: by (smt (cvc5, best) dual_order.refl le_boolD less_literal_def linorder_not_less literal.disc(1,2) literal.sel(1,2)) (303 ms)
0.sledgehammer goal.by        36424ms Ordered_Resolution_Prover.Clausal_Logic 106:2846  some (SH 36422ms, ATP 806ms): Try this: by (smt (cvc5, fmf) Neg_atm_of_iff cvc_arith_rewrite_defs(5) dual_order.refl le_boolD literal.disc(1) literal.sel(1,2)) (561 ms)
0.sledgehammer goal.unfolding 46652ms Ordered_Resolution_Prover.Clausal_Logic 109:2911  some (SH 46650ms, ATP 724ms): Try this: by (smt (cvc5, term_relev) less_literal_def literal.disc(1) literal.sel(1) order_less_irrefl) (584 ms)
0.sledgehammer goal.by         9052ms Ordered_Resolution_Prover.Clausal_Logic 109:2938  some (SH 9050ms, ATP 736ms): Try this: by (smt (cvc5, best) Pos_atm_of_iff less_bool_def literal.sel(1)) (592 ms)
0.sledgehammer goal.unfolding 134209ms Ordered_Resolution_Prover.Clausal_Logic 112:3003  some (SH 134207ms, ATP 765ms): Try this: by (smt (cvc5, quant_saturate) cvc_arith_rewrite_defs(5) le_boolD less_literal_def literal.disc(1,2) literal.sel(1,2) order_less_imp_le) (905 ms)
0.sledgehammer goal.by        31406ms Ordered_Resolution_Prover.Clausal_Logic 112:3030  some (SH 31404ms, ATP 766ms): Try this: by (smt (cvc5, trigger_relev) Neg_atm_of_iff Pos_atm_of_iff less_bool_def literal.sel(1,2) order_less_imp_le) (2.3 s)
0.sledgehammer goal.unfolding 148571ms Ordered_Resolution_Prover.Clausal_Logic 115:3118  some (SH 148569ms, ATP 1014ms): Try this: by (smt (cvc5, term_relev) le_boolD less_literal_def literal.disc(1,2) literal.sel(1,2) order_less_imp_le) (1.3 s)
0.sledgehammer goal.by        14751ms Ordered_Resolution_Prover.Clausal_Logic 115:3145  some (SH 14749ms, ATP 991ms): Try this: by (smt (cvc5, fmf) Pos_atm_of_iff less_bool_def literal.sel(1,2)) (876 ms)
0.sledgehammer goal.unfolding 48836ms Ordered_Resolution_Prover.Clausal_Logic 118:3210  some (SH 48834ms, ATP 932ms): Try this: by (smt (cvc5, noematch) less_bool_def less_literal_def literal.disc(2) literal.sel(2)) (478 ms)
0.sledgehammer goal.by         8096ms Ordered_Resolution_Prover.Clausal_Logic 118:3237  some (SH 8094ms, ATP 773ms): Try this: by (smt (cvc5, fmf) Neg_atm_of_iff less_bool_def literal.sel(2)) (1.3 s)
0.sledgehammer goal.unfolding 35494ms Ordered_Resolution_Prover.Clausal_Logic 121:3288  some (SH 35493ms, ATP 840ms): Try this: by (smt (cvc5, best) order_less_imp_le pos_less_neg) (198 ms)
0.sledgehammer goal.by        14997ms Ordered_Resolution_Prover.Clausal_Logic 121:3318  some (SH 14996ms, ATP 962ms): Try this: by (smt (cvc5, noematch) Pos_atm_of_iff dual_order.refl le_boolD linorder_linear literal.sel(1,2)) (2.8 s)
0.sledgehammer goal.unfolding 77340ms Ordered_Resolution_Prover.Clausal_Logic 124:3381  some (SH 77338ms, ATP 691ms): Try this: by (smt (cvc5, fmf) less_eq_literal_def literal.disc(1) literal.sel(1) order.strict_implies_order order_refl) (1.4 s)
0.sledgehammer goal.by        17162ms Ordered_Resolution_Prover.Clausal_Logic 124:3411  some (SH 17160ms, ATP 966ms): Try this: by (smt (cvc5, trigger_last) Pos_atm_of_iff literal.sel(1) order_less_imp_le order_refl) (836 ms)
0.sledgehammer goal.unfolding 65604ms Ordered_Resolution_Prover.Clausal_Logic 127:3497  some (SH 65602ms, ATP 884ms): Try this: by (smt (cvc5, term_relev) le_boolD less_eq_literal_def literal.disc(2) literal.sel(1,2) nle_le order_less_imp_le) (2.3 s)
0.sledgehammer goal.by        154749ms Ordered_Resolution_Prover.Clausal_Logic 127:3527  timeout (SH 154747ms):
0.sledgehammer goal.unfolding 106728ms Ordered_Resolution_Prover.Clausal_Logic 130:3610  some (SH 106725ms, ATP 1211ms): Try this: by (smt (cvc5, trigger_last) neg_less_pos_iff order_less_imp_le order_less_le_trans pos_less_neg pos_less_pos_iff) (507 ms)
0.sledgehammer goal.by        40527ms Ordered_Resolution_Prover.Clausal_Logic 130:3640  some (SH 40525ms, ATP 1126ms): Try this: by (smt (cvc5, fmf) Neg_atm_of_iff Pos_atm_of_iff le_boolE literal.sel(1,2)) (2.4 s)
0.sledgehammer goal.unfolding 122167ms Ordered_Resolution_Prover.Clausal_Logic 133:3703  some (SH 122165ms, ATP 688ms): Try this: by (smt (cvc5, quant_saturate) less_eq_literal_def literal.disc(2) literal.sel(2) order.strict_implies_order order_refl) (1.4 s)
0.sledgehammer goal.by        19743ms Ordered_Resolution_Prover.Clausal_Logic 133:3733  some (SH 19741ms, ATP 767ms): Try this: by (smt (cvc5, fmf) Neg_atm_of_iff literal.sel(2) order_less_imp_le order_refl) (1.3 s)
0.sledgehammer goal.unfolding  8261ms Ordered_Resolution_Prover.Clausal_Logic 136:3824  some (SH 8259ms, ATP 1018ms): Try this: by (smt (cvc5, noematch) less_eq_literal_def order_less_imp_le) (146 ms)
0.sledgehammer goal.using      4745ms Ordered_Resolution_Prover.Clausal_Logic 136:3854  some (SH 4743ms, ATP 528ms): Try this: by (smt (cvc5, quant_saturate) order_less_imp_le) (233 ms)
0.sledgehammer goal.by         3716ms Ordered_Resolution_Prover.Clausal_Logic 136:3872  some (SH 3677ms, ATP 551ms): Try this: by (smt (cvc5, trigger_last)) (233 ms)
0.sledgehammer goal.apply      3132ms Ordered_Resolution_Prover.Clausal_Logic 142:3945  none (SH 2446ms): Prover error:
0.sledgehammer goal.apply      3132ms Ordered_Resolution_Prover.Clausal_Logic 142:3945  none cannot atomize goal
0.sledgehammer goal.unfolding 32870ms Ordered_Resolution_Prover.Clausal_Logic 143:3967  some (SH 32868ms, ATP 995ms): Try this: by (smt (cvc5, term_relev) antisym_conv2 less_eq_literal_def nle_le) (273 ms)
0.sledgehammer goal.by         5584ms Ordered_Resolution_Prover.Clausal_Logic 143:4014  some (SH 5582ms, ATP 853ms): Try this: by (smt (cvc5, noematch) cvc_arith_rewrite_defs(5) linorder_linear) (635 ms)
0.sledgehammer goal.proof     14273ms Ordered_Resolution_Prover.Clausal_Logic 151:4091  none (SH 14271ms): Prover error:
0.sledgehammer goal.proof     14273ms Ordered_Resolution_Prover.Clausal_Logic 151:4091  none cannot atomize goal
0.sledgehammer goal.by        59763ms Ordered_Resolution_Prover.Clausal_Logic 155:4284  some (SH 59762ms, ATP 929ms): Try this: by (smt (cvc5) Neg_atm_of_iff Pos_atm_of_iff ih less_eq_literal_def linorder_not_le linorder_not_le literal.disc(2) nle_le nle_le nle_le pos_less_neg_iff)
0.sledgehammer goal.by        33224ms Ordered_Resolution_Prover.Clausal_Logic 158:4433  timeout (SH 33222ms): Timed out
0.sledgehammer goal.by        25490ms Ordered_Resolution_Prover.Clausal_Logic 160:4483  some (SH 25487ms, ATP 2978ms): Try this: by (smt (cvc5, trigger_max) literal.exhaust_sel) (180 ms)
0.sledgehammer goal.by         8530ms Ordered_Resolution_Prover.Clausal_Logic 184:5099  some (SH 8528ms, ATP 3262ms): Try this: by (smt (cvc5, noematch) Max_in_mset) (480 ms)
0.sledgehammer goal.by        114875ms Ordered_Resolution_Prover.Clausal_Logic 187:5205  some (SH 114874ms, ATP 2833ms): Try this: by (smt (cvc5) Max_eqI Max_ge Max_in finite_imageI imageE image_eqI leq_imp_less_eq_atm_of multiset.set_finite set_mset_eq_empty_iff)
0.sledgehammer goal.proof     31943ms Ordered_Resolution_Prover.Clausal_Logic 192:5393  timeout (SH 31940ms): Timed out
0.sledgehammer goal.using     13115ms Ordered_Resolution_Prover.Clausal_Logic 194:5433  some (SH 13114ms, ATP 843ms): Try this: by (smt (cvc5, best) max pos_less_neg) (60 ms)
0.sledgehammer goal.by         5723ms Ordered_Resolution_Prover.Clausal_Logic 194:5443  some (SH 5321ms, ATP 903ms): Try this: by (smt (cvc5, best) pos_less_neg) (69 ms)
0.sledgehammer goal.using     53226ms Ordered_Resolution_Prover.Clausal_Logic 196:5475  some (SH 53013ms, ATP 855ms): Try this: by (smt (cvc5, best) Max_less_iff empty_iff ex_gt_imp_less_multiset multiset.set_finite neg) (251 ms)
0.sledgehammer goal.by        33398ms Ordered_Resolution_Prover.Clausal_Logic 196:5485  timeout (SH 33396ms): Timed out
0.sledgehammer goal.using     160289ms Ordered_Resolution_Prover.Clausal_Logic 200:5640  timeout (SH 160286ms):
0.sledgehammer goal.by        13186ms Ordered_Resolution_Prover.Clausal_Logic 200:5672  some (SH 13183ms, ATP 1568ms): Try this: by (smt (cvc5, term_relev) literal.distinct(1) neg_le_pos_iff nle_le pos_le_neg) (322 ms)
0.sledgehammer goal.proof     14995ms Ordered_Resolution_Prover.Clausal_Logic 203:5749  some (SH 14993ms, ATP 929ms): Try this: by (smt (cvc5, term_relev) Max_lt_imp_lt_mset cvc_arith_rewrite_defs(5)) (192 ms)
0.sledgehammer goal.by         6422ms Ordered_Resolution_Prover.Clausal_Logic 208:5926  some (SH 6420ms, ATP 836ms): Try this: by (smt (cvc5, noematch) Max_in_mset) (223 ms)
0.sledgehammer goal.using     43640ms Ordered_Resolution_Prover.Clausal_Logic 210:6003  some (SH 43638ms, ATP 1760ms): Try this: by (smt (cvc5, best) count_greater_zero_iff count_inI ex_gt not_less_iff_gr_or_eq) (329 ms)
0.sledgehammer goal.by        46401ms Ordered_Resolution_Prover.Clausal_Logic 210:6015  some (SH 46399ms, ATP 2147ms): Try this: by (smt (cvc5, best) count_greater_zero_iff count_inI not_less_iff_gr_or_eq) (300 ms)
0.sledgehammer goal.by        40692ms Ordered_Resolution_Prover.Clausal_Logic 212:6116  some (SH 40691ms, ATP 458ms): Try this: by (smt (cvc5, trigger_last) Max_lt_imp_lt_mset ex_gt less_multiset\<^sub>H\<^sub>O mset_le_not_sym ne) (1.0 s)
0.sledgehammer goal.by         4682ms Ordered_Resolution_Prover.Clausal_Logic 214:6200  some (SH 4680ms, ATP 598ms): Try this: by (smt (cvc5, trigger_max) cvc_arith_rewrite_defs(5)) (54 ms)
0.sledgehammer goal.unfolding 78135ms Ordered_Resolution_Prover.Clausal_Logic 221:6347  some (SH 77603ms, ATP 221ms): Try this: by (smt (cvc5, trigger_max) atms_of_def empty_iff equals0I imageE set_mset_empty) (929 ms)
0.sledgehammer goal.by         5405ms Ordered_Resolution_Prover.Clausal_Logic 221:6369  some (SH 5403ms, ATP 754ms): Try this: by (smt (cvc5, trigger_max) image_empty set_mset_empty) (191 ms)
0.sledgehammer goal.unfolding 36767ms Ordered_Resolution_Prover.Clausal_Logic 224:6440  timeout (SH 35639ms): Timed out
0.sledgehammer goal.by        41081ms Ordered_Resolution_Prover.Clausal_Logic 224:6462  some (SH 41079ms, ATP 1205ms): Try this: by (smt (cvc5, trigger_relev) atms_of_def atms_of_empty image_insert set_mset_add_mset_insert) (160 ms)
0.sledgehammer goal.unfolding 33383ms Ordered_Resolution_Prover.Clausal_Logic 227:6560  timeout (SH 33380ms): Timed out
0.sledgehammer goal.by        21578ms Ordered_Resolution_Prover.Clausal_Logic 227:6582  some (SH 21576ms, ATP 907ms): Try this: by (smt (cvc5, trigger_relev) image_insert set_mset_add_mset_insert) (250 ms)
0.sledgehammer goal.unfolding 34040ms Ordered_Resolution_Prover.Clausal_Logic 230:6668  timeout (SH 34038ms): Timed out
0.sledgehammer goal.by        20421ms Ordered_Resolution_Prover.Clausal_Logic 230:6690  some (SH 20419ms, ATP 823ms): Try this: by (smt (cvc5, trigger_relev) image_Un set_mset_sup) (240 ms)
0.sledgehammer goal.by        23283ms Ordered_Resolution_Prover.Clausal_Logic 233:6749  some (SH 23280ms, ATP 1094ms): Try this: by (smt (cvc5, trigger_relev) atms_of_def finite_imageI multiset.set_finite) (197 ms)
0.sledgehammer goal.by        24684ms Ordered_Resolution_Prover.Clausal_Logic 236:6840  some (SH 24682ms, ATP 1080ms): Try this: by (smt (cvc5, noematch) atms_of_def image_eqI) (323 ms)
0.sledgehammer goal.unfolding 34572ms Ordered_Resolution_Prover.Clausal_Logic 239:6938  some (SH 34571ms, ATP 1074ms): Try this: by (smt (cvc5, best) atms_of_def atms_of_union_mset set_mset_sup set_mset_union) (216 ms)
0.sledgehammer goal.by        21786ms Ordered_Resolution_Prover.Clausal_Logic 239:6960  some (SH 21784ms, ATP 836ms): Try this: by (smt (cvc5, quant_saturate) image_Un set_mset_union) (280 ms)
0.sledgehammer goal.by        50531ms Ordered_Resolution_Prover.Clausal_Logic 242:7034  some (SH 50527ms, ATP 1247ms): Try this: by (smt (cvc5, quant_saturate) atm_of_lit_in_atms_of atms_of_def imageE in_diffD) (204 ms)
0.sledgehammer goal.unfolding  5823ms Ordered_Resolution_Prover.Clausal_Logic 245:7135  some (SH 5822ms, ATP 774ms): Try this: by (smt (cvc5, trigger_max) atm_of_lit_in_atms_of literal.sel(1)) (110 ms)
0.sledgehammer goal.by        15648ms Ordered_Resolution_Prover.Clausal_Logic 245:7157  some (SH 15646ms, ATP 737ms): Try this: by (smt (cvc5, trigger_max) image_eqI literal.sel(1)) (474 ms)
0.sledgehammer goal.unfolding  7251ms Ordered_Resolution_Prover.Clausal_Logic 248:7224  some (SH 7249ms, ATP 860ms): Try this: by (smt (cvc5, trigger_max) atm_of_lit_in_atms_of literal.sel(2)) (155 ms)
0.sledgehammer goal.by        19807ms Ordered_Resolution_Prover.Clausal_Logic 248:7246  some (SH 19805ms, ATP 856ms): Try this: by (smt (cvc5, trigger_last) image_eqI literal.sel(2)) (760 ms)
0.sledgehammer goal.unfolding 84349ms Ordered_Resolution_Prover.Clausal_Logic 251:7330  some (SH 84347ms, ATP 2878ms): Try this: by (smt (cvc5, quant_saturate) atms_of_def image_iff literal.exhaust_sel) (537 ms)
0.sledgehammer goal.by         8235ms Ordered_Resolution_Prover.Clausal_Logic 251:7377  some (SH 8233ms, ATP 647ms): Try this: by (smt (cvc5, fmf) literal.exhaust_sel) (2.3 s)
0.sledgehammer goal.by        19890ms Ordered_Resolution_Prover.Clausal_Logic 254:7493  some (SH 19888ms, ATP 808ms): Try this: by (smt (cvc5, fmf) atm_imp_pos_or_neg_lit neg_lit_in_atms_of pos_lit_in_atms_of) (249 ms)
0.sledgehammer goal.by        38540ms Ordered_Resolution_Prover.Clausal_Logic 257:7648  some (SH 38538ms, ATP 936ms): Try this: by (smt (cvc5, trigger_last) Pos_atm_of_iff atm_of_uminus literal.exhaust_sel uminus_literal_def) (2.6 s)
0.sledgehammer goal.by        74749ms Ordered_Resolution_Prover.Clausal_Logic 260:7778  some (SH 74748ms, ATP 2774ms): Try this: by (smt (cvc5, best) Neg_atm_of_iff Pos_atm_of_iff atm_of_uminus image_iff uminus_literal_def) (975 ms)
0.sledgehammer goal.unfolding 55484ms Ordered_Resolution_Prover.Clausal_Logic 263:7924  some (SH 55483ms, ATP 907ms): Try this: by (smt (cvc5, fmf) atms_of_def image_mono) (269 ms)
0.sledgehammer goal.by         4811ms Ordered_Resolution_Prover.Clausal_Logic 263:7946  some (SH 4809ms, ATP 748ms): Try this: by (smt (cvc5, trigger_last) image_mono) (372 ms)
0.sledgehammer goal.unfolding 45666ms Ordered_Resolution_Prover.Clausal_Logic 266:8018  some (SH 45512ms, ATP 231ms): Try this: by (smt (cvc5, fmf) atm_of_lit_in_atms_of atms_of_empty empty_iff equalityI set_mset_eq_empty_iff subsetI) (610 ms)
0.sledgehammer goal.by        14423ms Ordered_Resolution_Prover.Clausal_Logic 266:8067  some (SH 14421ms, ATP 284ms): Try this: by (smt (cvc5, best) empty_iff multiset_nonemptyE set_mset_empty) (570 ms)
0.sledgehammer goal.unfolding 77270ms Ordered_Resolution_Prover.Clausal_Logic 271:8200  some (SH 77268ms, ATP 1018ms): Try this: apply (smt (cvc5, trigger_relev) atms_of_def image_image literal.sel(1) multiset.map_ident_strong multiset.set_map) (692 ms)
0.sledgehammer goal.by        33421ms Ordered_Resolution_Prover.Clausal_Logic 271:8232  timeout (SH 33419ms): Timed out
0.sledgehammer goal.unfolding 138320ms Ordered_Resolution_Prover.Clausal_Logic 274:8324  some (SH 138318ms, ATP 1283ms): Try this: by (smt (cvc5, quant_saturate) Max_atm_of_set_mset_commute atms_of_def leq_imp_less_eq_atm_of less_eq_Max_lit less_eq_multiset_empty_right) (6.1 s)
0.sledgehammer goal.by        115848ms Ordered_Resolution_Prover.Clausal_Logic 275:8348  some (SH 115845ms, ATP 859ms): Try this: by (smt (cvc5, best) Max_atm_of_set_mset_commute leq_imp_less_eq_atm_of less_eq_Max_lit less_eq_multiset_empty_right) (1.5 s)
0.sledgehammer goal.by        35260ms Ordered_Resolution_Prover.Clausal_Logic 280:8568  timeout (SH 35258ms): Timed out
0.sledgehammer goal.unfolding  7413ms Ordered_Resolution_Prover.Clausal_Logic 284:8799  some (SH 7411ms, ATP 1000ms): Try this: by (smt (cvc5, best) Max_atm_of_set_mset_commute atms_of_def) (571 ms)
0.sledgehammer goal.by        38994ms Ordered_Resolution_Prover.Clausal_Logic 288:8978  some (SH 38796ms, ATP 946ms): Try this: by (smt (cvc5, fmf) Max_atm_of_set_mset_commute atms_of_def literal.exhaust_sel) (559 ms)
0.sledgehammer goal.unfolding 35041ms Ordered_Resolution_Prover.Clausal_Logic 291:9122  some (SH 35038ms, ATP 673ms): Try this: by (smt (cvc5, quant_saturate) atm_of_lit_in_atms_of less_literal_def literal.sel(1)) (406 ms)
0.sledgehammer goal.by        19064ms Ordered_Resolution_Prover.Clausal_Logic 291:9161  some (SH 19061ms, ATP 778ms): Try this: by (smt (cvc5, fmf) image_eqI literal.sel(1)) (401 ms)
0.sledgehammer goal.unfolding 80176ms Ordered_Resolution_Prover.Clausal_Logic 294:9264  some (SH 80174ms, ATP 1072ms): Try this: by (smt (cvc5, best) atm_of_lit_in_atms_of literal.exhaust_sel neg_le_neg_iff pos_le_neg_iff) (911 ms)
0.sledgehammer goal.by        40385ms Ordered_Resolution_Prover.Clausal_Logic 294:9294  some (SH 40383ms, ATP 810ms): Try this: by (smt (cvc5) atm_of_lit_in_atms_of le_boolE linorder_linear literal.disc(2) literal.sel(2))
0.sledgehammer goal.unfolding 35390ms Ordered_Resolution_Prover.Herbrand_Interpretation 29:849  timeout (SH 35388ms): Timed out
0.sledgehammer goal.by        17102ms Ordered_Resolution_Prover.Herbrand_Interpretation 29:872  some (SH 17100ms, ATP 861ms): Try this: apply (smt (cvc5, fmf) Pos_atm_of_iff literal.sel(1)) (2.5 s)
0.sledgehammer goal.by        75874ms Ordered_Resolution_Prover.Herbrand_Interpretation 32:963  some (SH 75872ms, ATP 1039ms): Try this: by (smt (cvc5, trigger_max) Neg_atm_of_iff Pos_atm_of_iff true_lit_simps(1,2)) (1.2 s)
0.sledgehammer goal.unfolding 24726ms Ordered_Resolution_Prover.Herbrand_Interpretation 38:1130  some (SH 24725ms, ATP 933ms): Try this: by (smt (cvc5, trigger_last) insert_DiffM2 remove_1_mset_id_iff_notin subset_mset.add_eq_0_iff_both_eq_0 true_cls_def) (510 ms)
0.sledgehammer goal.by         5603ms Ordered_Resolution_Prover.Herbrand_Interpretation 38:1153  some (SH 5601ms, ATP 687ms): Try this: by (smt (cvc5, fmf) empty_iff set_mset_empty) (222 ms)
0.sledgehammer goal.unfolding 68324ms Ordered_Resolution_Prover.Herbrand_Interpretation 41:1216  some (SH 68322ms, ATP 935ms): Try this: by (smt (cvc5, best) insert_iff set_mset_add_mset_insert true_cls_def true_cls_empty) (778 ms)
0.sledgehammer goal.by        40826ms Ordered_Resolution_Prover.Herbrand_Interpretation 41:1239  some (SH 40823ms, ATP 1010ms): Try this: by (smt (cvc5, noematch) add_mset_eq_single insert_DiffM multi_member_last) (1.0 s)
0.sledgehammer goal.unfolding 101404ms Ordered_Resolution_Prover.Herbrand_Interpretation 44:1316  some (SH 101402ms, ATP 1638ms): Try this: by (smt (cvc5, trigger_max) insert_iff set_mset_add_mset_insert true_cls_def) (921 ms)
0.sledgehammer goal.by        109581ms Ordered_Resolution_Prover.Herbrand_Interpretation 44:1339  some (SH 109578ms, ATP 1296ms): Try this: by (smt (cvc5, trigger_max) add_mset_eq_add_mset mset_subsetD multi_psub_of_add_self union_single_eq_member) (692 ms)
0.sledgehammer goal.unfolding 35144ms Ordered_Resolution_Prover.Herbrand_Interpretation 47:1405  some (SH 35143ms, ATP 640ms): Try this: by (smt (cvc5, trigger_max) true_cls_def union_iff) (639 ms)
0.sledgehammer goal.by        10909ms Ordered_Resolution_Prover.Herbrand_Interpretation 47:1428  some (SH 10907ms, ATP 1647ms): Try this: by (smt (cvc5, term_relev) union_iff) (1.2 s)
0.sledgehammer goal.unfolding  6914ms Ordered_Resolution_Prover.Herbrand_Interpretation 50:1502  some (SH 6912ms, ATP 952ms): Try this: by (smt (cvc5, trigger_relev) in_mono true_cls_def) (401 ms)
0.sledgehammer goal.by         4842ms Ordered_Resolution_Prover.Herbrand_Interpretation 50:1535  some (SH 4840ms, ATP 1021ms): Try this: by (smt (cvc5, trigger_last)) (628 ms)
0.sledgehammer goal.using     63777ms Ordered_Resolution_Prover.Herbrand_Interpretation 57:1721  some (SH 63775ms, ATP 1274ms): Try this: apply (smt (cvc5) assms subset_eq true_cls_def true_lit_iff)
0.sledgehammer goal.unfolding 43219ms Ordered_Resolution_Prover.Herbrand_Interpretation 57:1733  some (SH 43217ms, ATP 1063ms): Try this: apply (smt (cvc5, best) subset_eq true_cls_def true_lit_iff) (1.8 s)
0.sledgehammer goal.by        30444ms Ordered_Resolution_Prover.Herbrand_Interpretation 57:1767  some (SH 30442ms, ATP 819ms): Try this: apply (smt (cvc5, quant_saturate) true_lit_iff[of I "Neg _"] true_lit_iff[of J]) (4.3 s)
0.sledgehammer goal.by        69995ms Ordered_Resolution_Prover.Herbrand_Interpretation 60:1892  some (SH 69993ms, ATP 1130ms): Try this: by (smt (cvc5, trigger_relev) insert_iff set_mset_empty set_mset_replicate_mset_subset true_cls_def true_cls_empty) (939 ms)
0.sledgehammer goal.using      5715ms Ordered_Resolution_Prover.Herbrand_Interpretation 63:1994  some (SH 5713ms, ATP 879ms): Try this: by (smt (cvc5, noematch) true_cls_def true_lit_simps(1)) (552 ms)
0.sledgehammer goal.by        21828ms Ordered_Resolution_Prover.Herbrand_Interpretation 63:2013  some (SH 21730ms, ATP 1035ms): Try this: by (smt (cvc5, fmf) literal.disc(1) literal.sel(1) true_lit_def) (266 ms)
0.sledgehammer goal.using     21279ms Ordered_Resolution_Prover.Herbrand_Interpretation 66:2099  some (SH 21277ms, ATP 1298ms): Try this: by (smt (cvc5, trigger_last) literal.disc(2) literal.sel(2) true_cls_def true_lit_def) (217 ms)
0.sledgehammer goal.by         5146ms Ordered_Resolution_Prover.Herbrand_Interpretation 66:2118  some (SH 5144ms, ATP 847ms): Try this: by (smt (cvc5, noematch) true_lit_simps(2)) (623 ms)
0.sledgehammer goal.using     11314ms Ordered_Resolution_Prover.Herbrand_Interpretation 69:2191  some (SH 11313ms, ATP 1173ms): Try this: by (smt (cvc5, noematch) true_cls_def true_lit_simps(1,2)) (143 ms)
0.sledgehammer goal.by         8468ms Ordered_Resolution_Prover.Herbrand_Interpretation 69:2210  some (SH 8466ms, ATP 1100ms): Try this: by (smt (cvc5, term_relev) true_lit_simps(1,2)) (93 ms)
0.sledgehammer goal.by         6148ms Ordered_Resolution_Prover.Herbrand_Interpretation 75:2373  some (SH 6146ms, ATP 760ms): Try this: by (smt (cvc5, fmf) empty_iff true_clss_def) (232 ms)
0.sledgehammer goal.unfolding 15138ms Ordered_Resolution_Prover.Herbrand_Interpretation 78:2456  some (SH 15136ms, ATP 725ms): Try this: by (smt (cvc5, fmf) singletonD singletonI true_clss_def) (478 ms)
0.sledgehammer goal.by         6965ms Ordered_Resolution_Prover.Herbrand_Interpretation 78:2480  some (SH 6963ms, ATP 793ms): Try this: by (smt (cvc5, fmf) singletonD singletonI) (417 ms)
0.sledgehammer goal.unfolding 48885ms Ordered_Resolution_Prover.Herbrand_Interpretation 81:2558  some (SH 48883ms, ATP 506ms): Try this: by (smt (cvc5, fmf) insertCI insertE true_clss_def) (1.1 s)
0.sledgehammer goal.by        41969ms Ordered_Resolution_Prover.Herbrand_Interpretation 81:2582  some (SH 41967ms, ATP 1292ms): Try this: by (smt (cvc5, term_relev) insert_iff) (1.4 s)
0.sledgehammer goal.unfolding 19578ms Ordered_Resolution_Prover.Herbrand_Interpretation 84:2657  some (SH 19576ms, ATP 384ms): Try this: by (smt (cvc5, term_relev) Un_iff true_clss_def) (501 ms)
0.sledgehammer goal.by        34754ms Ordered_Resolution_Prover.Herbrand_Interpretation 84:2681  some (SH 34751ms, ATP 1239ms): Try this: by (smt (cvc5, fmf) UnCI UnE) (681 ms)
0.sledgehammer goal.unfolding 42592ms Ordered_Resolution_Prover.Herbrand_Interpretation 87:2757  some (SH 42589ms, ATP 2926ms): Try this: by (smt (cvc5, term_relev) Union_iff true_clss_def) (934 ms)
0.sledgehammer goal.by         8989ms Ordered_Resolution_Prover.Herbrand_Interpretation 87:2781  some (SH 8987ms, ATP 1223ms): Try this: by (smt (cvc5, fmf) Union_iff) (1.2 s)
0.sledgehammer goal.by        10629ms Ordered_Resolution_Prover.Herbrand_Interpretation 90:2844  some (SH 10628ms, ATP 872ms): Try this: by (smt (cvc5, trigger_max) subset_Un_eq true_clss_union) (85 ms)
0.sledgehammer goal.unfolding 34223ms Ordered_Resolution_Prover.Herbrand_Interpretation 93:2962  timeout (SH 34222ms): Timed out
0.sledgehammer goal.by        12971ms Ordered_Resolution_Prover.Herbrand_Interpretation 93:3012  some (SH 12968ms, ATP 1105ms): Try this: by (smt (cvc5, best) mset_subset_eqD) (1.6 s)
0.sledgehammer goal.by        35683ms Ordered_Resolution_Prover.Herbrand_Interpretation 96:3100  some (SH 35681ms, ATP 1404ms): Try this: by (smt (cvc5, fmf) singletonD singletonI true_clss_mono_strong) (486 ms)
0.sledgehammer goal.using      4935ms Ordered_Resolution_Prover.Herbrand_Interpretation 102:3315  some (SH 4933ms, ATP 759ms): Try this: by (smt (cvc5, term_relev) true_clss_mono) (530 ms)
0.sledgehammer goal.by         8170ms Ordered_Resolution_Prover.Herbrand_Interpretation 102:3336  some (SH 8168ms, ATP 651ms): Try this: by (smt (cvc5, trigger_last)) (359 ms)
0.sledgehammer goal.using      6037ms Ordered_Resolution_Prover.Herbrand_Interpretation 105:3422  some (SH 5695ms, ATP 614ms): Try this: by (smt (cvc5, trigger_last) true_clss_mono) (371 ms)
0.sledgehammer goal.by         4778ms Ordered_Resolution_Prover.Herbrand_Interpretation 105:3449  some (SH 4776ms, ATP 821ms): Try this: by (smt (cvc5, trigger_last)) (357 ms)
0.sledgehammer goal.unfolding 29567ms Ordered_Resolution_Prover.Herbrand_Interpretation 111:3627  some (SH 29455ms, ATP 880ms): Try this: by (smt (cvc5, trigger_relev) empty_iff set_mset_empty true_cls_mset_def) (151 ms)
0.sledgehammer goal.by         5503ms Ordered_Resolution_Prover.Herbrand_Interpretation 111:3655  some (SH 5501ms, ATP 618ms): Try this: by (smt (cvc5, noematch) empty_iff set_mset_empty) (239 ms)
0.sledgehammer goal.by        77479ms Ordered_Resolution_Prover.Herbrand_Interpretation 114:3723  some (SH 77478ms, ATP 874ms): Try this: by (smt (cvc5, best) set_mset_add_mset_insert set_mset_empty singletonD true_cls_mset_def union_single_eq_member) (678 ms)
0.sledgehammer goal.unfolding 35471ms Ordered_Resolution_Prover.Herbrand_Interpretation 117:3826  timeout (SH 35470ms): Timed out
0.sledgehammer goal.by        46865ms Ordered_Resolution_Prover.Herbrand_Interpretation 117:3854  some (SH 46863ms, ATP 2054ms): Try this: by (smt (cvc5, trigger_last) union_iff) (909 ms)
0.sledgehammer goal.unfolding 42243ms Ordered_Resolution_Prover.Herbrand_Interpretation 120:3936  some (SH 42241ms, ATP 739ms): Try this: by (smt (cvc5, trigger_max) in_Union_mset_iff true_cls_mset_def) (694 ms)
0.sledgehammer goal.by        10037ms Ordered_Resolution_Prover.Herbrand_Interpretation 120:3964  some (SH 10035ms, ATP 1504ms): Try this: by (smt (cvc5, trigger_max) in_Union_mset_iff) (1.4 s)
0.sledgehammer goal.unfolding 43537ms Ordered_Resolution_Prover.Herbrand_Interpretation 123:4049  some (SH 43536ms, ATP 811ms): Try this: by (smt (cvc5, trigger_relev) add_mset_add_single true_cls_mset_singleton true_cls_mset_union) (428 ms)
0.sledgehammer goal.by        152066ms Ordered_Resolution_Prover.Herbrand_Interpretation 123:4077  some (SH 152064ms, ATP 2481ms): Try this: by (smt (cvc5, term_relev) add_mset_add_single true_cls_mset_def true_cls_mset_singleton union_iff) (1.5 s)
0.sledgehammer goal.unfolding 191161ms Ordered_Resolution_Prover.Herbrand_Interpretation 126:4168  timeout (SH 191158ms):
0.sledgehammer goal.by        33520ms Ordered_Resolution_Prover.Herbrand_Interpretation 126:4196  timeout (SH 33517ms): Timed out
0.sledgehammer goal.unfolding  8724ms Ordered_Resolution_Prover.Herbrand_Interpretation 129:4281  some (SH 8722ms, ATP 802ms): Try this: by (smt (cvc5, fmf) in_mono true_cls_mset_def) (416 ms)
0.sledgehammer goal.by        11950ms Ordered_Resolution_Prover.Herbrand_Interpretation 129:4320  some (SH 11948ms, ATP 803ms): Try this: by (smt (cvc5, term_relev)) (269 ms)
0.sledgehammer goal.unfolding 26192ms Ordered_Resolution_Prover.Herbrand_Interpretation 132:4415  some (SH 26048ms, ATP 397ms): Try this: by (smt (cvc5, trigger_relev) set_mset_mono true_cls_mono true_cls_mset_def) (416 ms)
0.sledgehammer goal.by        22051ms Ordered_Resolution_Prover.Herbrand_Interpretation 132:4469  some (SH 22049ms, ATP 2626ms): Try this: by (smt (cvc5, fmf) mset_subset_eqD) (2.1 s)
0.sledgehammer goal.unfolding  7515ms Ordered_Resolution_Prover.Herbrand_Interpretation 135:4559  some (SH 7513ms, ATP 900ms): Try this: by (smt (cvc5, fmf) true_cls_mset_def true_clss_def) (215 ms)
0.sledgehammer goal.by         3926ms Ordered_Resolution_Prover.Herbrand_Interpretation 135:4601  some (SH 3924ms, ATP 521ms): Try this: by (smt (cvc5, best)) (59 ms)
0.sledgehammer goal.unfolding 12713ms Ordered_Resolution_Prover.Herbrand_Interpretation 138:4685  some (SH 10801ms, ATP 1209ms): Try this: by (smt (cvc5, fmf) finite_set_mset_mset_set true_clss_set_mset) (809 ms)
0.sledgehammer goal.by         8387ms Ordered_Resolution_Prover.Herbrand_Interpretation 138:4727  some (SH 8385ms, ATP 953ms): Try this: by (smt (cvc5, noematch) finite_set_mset_mset_set) (1.4 s)
0.sledgehammer goal.using      4397ms Ordered_Resolution_Prover.Herbrand_Interpretation 141:4796  some (SH 4395ms, ATP 892ms): Try this: by (smt (cvc5, noematch) true_cls_mset_def) (444 ms)
0.sledgehammer goal.by        17973ms Ordered_Resolution_Prover.Herbrand_Interpretation 141:4820  some (SH 17971ms, ATP 1453ms): Try this: by (smt (cvc5, noematch)) (384 ms)
0.sledgehammer goal.by         6152ms Ordered_Resolution_Prover.Ground_Resolution_Model 46:1664  some (SH 5875ms, ATP 686ms): Try this: apply (smt (cvc5, trigger_max)) (411 ms)
0.sledgehammer goal.by        35989ms Ordered_Resolution_Prover.Ground_Resolution_Model 47:1684  timeout (SH 35628ms): Timed out
0.sledgehammer goal.unfolding 25117ms Ordered_Resolution_Prover.Ground_Resolution_Model 56:1981  some (SH 25115ms, ATP 1815ms): Try this: by (smt (cvc5, noematch) Collect_cong interp_def production.simps) (3.6 s)
0.sledgehammer goal.by        37100ms Ordered_Resolution_Prover.Ground_Resolution_Model 56:2002  some (SH 37097ms, ATP 1010ms): Try this: by (smt (cvc5) Collect_cong Collect_cong ground_resolution_with_selection.production.elims ground_resolution_with_selection_axioms)
0.sledgehammer goal.unfolding 59641ms Ordered_Resolution_Prover.Ground_Resolution_Model 65:2316  some (SH 59638ms, ATP 1708ms): Try this: by (smt (cvc5, trigger_last) mem_Collect_eq production_unfold singletonI) (1.4 s)
0.sledgehammer goal.by         8369ms Ordered_Resolution_Prover.Ground_Resolution_Model 65:2344  some (SH 8366ms, ATP 1478ms): Try this: by (smt (cvc5, trigger_relev) mem_Collect_eq singletonI) (947 ms)
0.sledgehammer goal.by        30762ms Ordered_Resolution_Prover.Ground_Resolution_Model 71:2504  some (SH 30760ms, ATP 959ms): Try this: by (smt (cvc5, fmf) Interp_def UnCI subsetI) (410 ms)
0.sledgehammer goal.unfolding 35780ms Ordered_Resolution_Prover.Ground_Resolution_Model 74:2601  timeout (SH 35778ms): Timed out
0.sledgehammer goal.by        35584ms Ordered_Resolution_Prover.Ground_Resolution_Model 74:2654  timeout (SH 35582ms): Timed out
0.sledgehammer goal.unfolding 28494ms Ordered_Resolution_Prover.Ground_Resolution_Model 77:2718  timeout (SH 28492ms): Timed out
0.sledgehammer goal.by         9213ms Ordered_Resolution_Prover.Ground_Resolution_Model 77:2746  some (SH 9211ms, ATP 1169ms): Try this: by (smt (cvc5, fmf) Collect_empty_eq) (1.0 s)
0.sledgehammer goal.unfolding 81044ms Ordered_Resolution_Prover.Ground_Resolution_Model 80:2850  some (SH 81043ms, ATP 1316ms): Try this: by (smt (cvc5, quant_saturate) Collect_cong Collect_empty_eq literal.sel(1) production_unfold singleton_conv2) (952 ms)
0.sledgehammer goal.by        48921ms Ordered_Resolution_Prover.Ground_Resolution_Model 80:2878  some (SH 48919ms, ATP 2175ms): Try this: by (smt (cvc5, noematch) Collect_cong empty_Collect_eq literal.sel(1) singleton_conv) (799 ms)
0.sledgehammer goal.unfolding 15482ms Ordered_Resolution_Prover.Ground_Resolution_Model 83:3002  some (SH 15479ms, ATP 1332ms): Try this: by (smt (cvc5, fmf) atm_of_Max_lit productive_imp_produces_Max_literal productive_not_empty) (3.2 s)
0.sledgehammer goal.by        15097ms Ordered_Resolution_Prover.Ground_Resolution_Model 84:3079  some (SH 15095ms, ATP 1062ms): Try this: by (smt (cvc5, fmf) productive_imp_produces_Max_literal) (363 ms)
0.sledgehammer goal.using     26326ms Ordered_Resolution_Prover.Ground_Resolution_Model 87:3201  some (SH 26266ms, ATP 1353ms): Try this: by (smt (cvc5, fmf) Max_singleton[of "atm_of (Max_mset C)"] Max_singleton[of A] producesD[of "{#}" A] producesD[of "{#}" "atm_of (Max_mset (S C))"] producesD[of C A] productive_imp_produces_Max_literal[of C] productive_imp_produces_Max_literal[of "S C"]) (1.5 s)
0.sledgehammer goal.by        17650ms Ordered_Resolution_Prover.Ground_Resolution_Model 87:3243  some (SH 17648ms, ATP 1116ms): Try this: by (smt (cvc5, trigger_last) Max_singleton insert_not_empty) (708 ms)
0.sledgehammer goal.using     27101ms Ordered_Resolution_Prover.Ground_Resolution_Model 90:3320  some (SH 27100ms, ATP 1141ms): Try this: by (smt (cvc5, quant_saturate) Max_singleton[of A] Max_singleton[of "atm_of (Max_mset C)"] atm_of_Max_lit[of C] insert_not_empty[of A "{}"] productive_imp_produces_Max_literal[of C] productive_not_empty[of "{#}"]) (570 ms)
0.sledgehammer goal.by        22376ms Ordered_Resolution_Prover.Ground_Resolution_Model 90:3361  some (SH 22374ms, ATP 9010ms): Try this: by (smt (cvc5, noematch) atm_of_Max_lit) (3.0 s)
0.sledgehammer goal.by        30983ms Ordered_Resolution_Prover.Ground_Resolution_Model 93:3432  some (SH 30981ms, ATP 904ms): Try this: by (smt (cvc5, quant_saturate) Max_in_mset[of C] producesD[of C A]) (412 ms)
0.sledgehammer goal.unfolding 22234ms Ordered_Resolution_Prover.Ground_Resolution_Model 96:3506  some (SH 22230ms, ATP 1569ms): Try this: by (smt (cvc5, trigger_last) producesD productive_imp_produces_Max_literal) (2.0 s)
0.sledgehammer goal.by         5871ms Ordered_Resolution_Prover.Ground_Resolution_Model 96:3534  some (SH 5869ms, ATP 872ms): Try this: by (smt (cvc5, trigger_last) empty_Collect_eq) (483 ms)
0.sledgehammer goal.using     38416ms Ordered_Resolution_Prover.Ground_Resolution_Model 99:3613  timeout (SH 38414ms): Timed out
0.sledgehammer goal.by        27052ms Ordered_Resolution_Prover.Ground_Resolution_Model 99:3656  some (SH 27050ms, ATP 2271ms): Try this: by (smt (cvc5, trigger_max) finite_atms_of) (510 ms)
0.sledgehammer goal.by        24597ms Ordered_Resolution_Prover.Ground_Resolution_Model 102:3733  some (SH 24592ms, ATP 1291ms): Try this: by (smt (cvc5, best) pos_Max_imp_neg_notin producesD) (2.8 s)
0.sledgehammer goal.unfolding 37265ms Ordered_Resolution_Prover.Ground_Resolution_Model 105:3855  timeout (SH 37262ms): Timed out
0.sledgehammer goal.by        33083ms Ordered_Resolution_Prover.Ground_Resolution_Model 105:3876  timeout (SH 33081ms): Timed out
0.sledgehammer goal.unfolding 27594ms Ordered_Resolution_Prover.Ground_Resolution_Model 108:3987  some (SH 27592ms, ATP 853ms): Try this: by (smt (cvc5, best) dual_order.trans interp_subseteq_Interp less_eq_imp_interp_subseteq_interp) (472 ms)
0.sledgehammer goal.using      9643ms Ordered_Resolution_Prover.Ground_Resolution_Model 108:4008  some (SH 9629ms, ATP 970ms): Try this: by (smt (cvc5, quant_saturate) le_supI1 less_eq_imp_interp_subseteq_interp) (100 ms)
0.sledgehammer goal.by         5252ms Ordered_Resolution_Prover.Ground_Resolution_Model 108:4049  some (SH 5249ms, ATP 944ms): Try this: by (smt (cvc5, term_relev) le_supI1) (163 ms)
0.sledgehammer goal.unfolding 78258ms Ordered_Resolution_Prover.Ground_Resolution_Model 111:4138  some (SH 78256ms, ATP 1444ms): Try this: by (smt (cvc5, quant_saturate) UN_I interp_def mem_Collect_eq subsetI) (539 ms)
0.sledgehammer goal.by        13384ms Ordered_Resolution_Prover.Ground_Resolution_Model 111:4159  some (SH 13382ms, ATP 1486ms): Try this: by (smt (cvc5, trigger_max) SUP_upper mem_Collect_eq) (418 ms)
0.sledgehammer goal.unfolding 99013ms Ordered_Resolution_Prover.Ground_Resolution_Model 114:4250  some (SH 99008ms, ATP 1287ms): Try this: by (smt (cvc5, trigger_last) Interp_def UnI2 le_supI1 less_eq_multiset_def less_imp_production_subseteq_interp subsetI) (910 ms)
0.sledgehammer goal.using     52785ms Ordered_Resolution_Prover.Ground_Resolution_Model 114:4271  some (SH 52784ms, ATP 940ms): Try this: by (smt (cvc5, best) less_eq_multiset_def less_imp_production_subseteq_interp subset_refl sup.coboundedI1 sup.coboundedI2) (434 ms)
0.sledgehammer goal.by        55643ms Ordered_Resolution_Prover.Ground_Resolution_Model 115:4315  some (SH 55640ms, ATP 1107ms): Try this: by (smt (cvc5, best) less_eq_multiset_def subset_refl sup.coboundedI1 sup.coboundedI2) (616 ms)
0.sledgehammer goal.by        56949ms Ordered_Resolution_Prover.Ground_Resolution_Model 118:4433  some (SH 56947ms, ATP 1353ms): Try this: by (smt (cvc5, trigger_max) Interp_def Un_least less_eq_imp_interp_subseteq_interp less_imp_production_subseteq_interp order_less_imp_le) (633 ms)
0.sledgehammer goal.using     45936ms Ordered_Resolution_Prover.Ground_Resolution_Model 121:4605  some (SH 45931ms, ATP 964ms): Try this: by (smt (cvc5, best) Interp_def Un_least less_eq_imp_interp_subseteq_Interp less_eq_imp_production_subseteq_Interp) (722 ms)
0.sledgehammer goal.by         7421ms Ordered_Resolution_Prover.Ground_Resolution_Model 121:4696  some (SH 7419ms, ATP 1018ms): Try this: by (smt (cvc5, fmf) Un_least) (450 ms)
0.sledgehammer goal.using     39787ms Ordered_Resolution_Prover.Ground_Resolution_Model 124:4782  some (SH 39774ms, ATP 959ms): Try this: by (smt (cvc5, best) less_eq_imp_interp_subseteq_Interp linorder_not_le subsetD) (284 ms)
0.sledgehammer goal.by        17102ms Ordered_Resolution_Prover.Ground_Resolution_Model 124:4832  some (SH 17096ms, ATP 1688ms): Try this: by (smt (cvc5, noematch) subsetD) (642 ms)
0.sledgehammer goal.using     36410ms Ordered_Resolution_Prover.Ground_Resolution_Model 127:4919  some (SH 36407ms, ATP 1841ms): Try this: by (smt (cvc5, noematch) less_eq_imp_interp_subseteq_interp linorder_not_less subsetD) (481 ms)
0.sledgehammer goal.by        10624ms Ordered_Resolution_Prover.Ground_Resolution_Model 127:4969  some (SH 10622ms, ATP 1879ms): Try this: by (smt (cvc5, noematch) subsetD) (798 ms)
0.sledgehammer goal.using     83675ms Ordered_Resolution_Prover.Ground_Resolution_Model 130:5056  some (SH 83673ms, ATP 1479ms): Try this: by (smt (cvc5, trigger_max) Interp_def UnE less_eq_imp_production_subseteq_Interp linorder_not_less not_Interp_to_interp_imp_less subsetD) (733 ms)
0.sledgehammer goal.by        12899ms Ordered_Resolution_Prover.Ground_Resolution_Model 130:5106  some (SH 12896ms, ATP 964ms): Try this: by (smt (cvc5, noematch) subsetD) (706 ms)
0.sledgehammer goal.using     25069ms Ordered_Resolution_Prover.Ground_Resolution_Model 133:5191  some (SH 25066ms, ATP 1419ms): Try this: by (smt (cvc5, noematch) less_imp_Interp_subseteq_interp linorder_not_less subsetD) (353 ms)
0.sledgehammer goal.by        19430ms Ordered_Resolution_Prover.Ground_Resolution_Model 133:5238  some (SH 19427ms, ATP 2236ms): Try this: by (smt (cvc5, fmf) subsetD) (845 ms)
0.sledgehammer goal.unfolding 114512ms Ordered_Resolution_Prover.Ground_Resolution_Model 139:5376  some (SH 114492ms, ATP 1041ms): Try this: by (smt (cvc5, trigger_last) INTERP_def UN_E UN_I empty_iff interp_def productive_in_N subsetI) (544 ms)
0.sledgehammer goal.by        61041ms Ordered_Resolution_Prover.Ground_Resolution_Model 139:5408  some (SH 61038ms, ATP 2013ms): Try this: by (smt (cvc5, best) SUP_le_iff SUP_upper empty_subsetI productive_in_N) (623 ms)
0.sledgehammer goal.unfolding 56417ms Ordered_Resolution_Prover.Ground_Resolution_Model 142:5503  some (SH 56414ms, ATP 1812ms): Try this: by (smt (cvc5, best) gt_ex interp_subseteq_INTERP less_imp_production_subseteq_interp order_less_le order_less_le_trans) (687 ms)
0.sledgehammer goal.using     111309ms Ordered_Resolution_Prover.Ground_Resolution_Model 142:5524  some (SH 111306ms, ATP 1629ms): Try this: by (smt (cvc5, quant_saturate) Sup_upper empty_iff image_eqI productive_in_N subsetI) (2.3 s)
0.sledgehammer goal.by        70009ms Ordered_Resolution_Prover.Ground_Resolution_Model 142:5548  some (SH 70007ms, ATP 1424ms): Try this: by (smt (cvc5, noematch) Sup_upper empty_subsetI image_eqI productive_in_N) (628 ms)
0.sledgehammer goal.by        30931ms Ordered_Resolution_Prover.Ground_Resolution_Model 145:5610  some (SH 30929ms, ATP 1091ms): Try this: by (smt (cvc5, trigger_max) Interp_def Un_least interp_subseteq_INTERP production_subseteq_INTERP) (431 ms)
0.sledgehammer goal.by        63865ms Ordered_Resolution_Prover.Ground_Resolution_Model 150:5795  some (SH 63862ms, ATP 2782ms): Try this: by (smt (cvc5, trigger_relev) Max_pos_neg_less_multiset a_in_c d insert_subset less_imp_production_subseteq_interp producesD) (900 ms)
0.sledgehammer goal.using     61087ms Ordered_Resolution_Prover.Ground_Resolution_Model 154:6015  some (SH 61083ms, ATP 1928ms): Try this: by (smt (cvc5, trigger_last) leD not_Interp_to_interp_imp_less produces_imp_in_interp) (1.2 s)
0.sledgehammer goal.by        28240ms Ordered_Resolution_Prover.Ground_Resolution_Model 154:6079  some (SH 28238ms, ATP 1974ms): Try this: by (smt (cvc5, trigger_relev) in_mono) (1.4 s)
0.sledgehammer goal.using     37962ms Ordered_Resolution_Prover.Ground_Resolution_Model 157:6159  some (SH 37961ms, ATP 1681ms): Try this: by (smt (cvc5, fmf) insert_absorb productive_imp_produces_Max_literal singletonD) (777 ms)
0.sledgehammer goal.by        29491ms Ordered_Resolution_Prover.Ground_Resolution_Model 157:6198  some (SH 29489ms, ATP 1183ms): Try this: by (smt (cvc5, best) empty_iff singletonD) (1.2 s)
0.sledgehammer goal.using      7542ms Ordered_Resolution_Prover.Ground_Resolution_Model 160:6291  some (SH 7539ms, ATP 1005ms): Try this: by (smt (cvc5, quant_saturate) in_production_imp_produces) (239 ms)
0.sledgehammer goal.by         7884ms Ordered_Resolution_Prover.Ground_Resolution_Model 160:6324  some (SH 7850ms, ATP 1325ms): Try this: by (smt (cvc5, term_relev)) (438 ms)
0.sledgehammer goal.unfolding 36885ms Ordered_Resolution_Prover.Ground_Resolution_Model 163:6411  timeout (SH 36881ms): Timed out
0.sledgehammer goal.by        35707ms Ordered_Resolution_Prover.Ground_Resolution_Model 163:6432  some (SH 35704ms, ATP 1783ms): Try this: by (smt (cvc5, term_relev) UN_iff in_production_imp_produces) (621 ms)
0.sledgehammer goal.proof     36261ms Ordered_Resolution_Prover.Ground_Resolution_Model 176:6735  timeout (SH 36255ms): Timed out
0.sledgehammer goal.by         8906ms Ordered_Resolution_Prover.Ground_Resolution_Model 179:6867  some (SH 8898ms, ATP 1060ms): Try this: by (smt (cvc5, trigger_last)) (410 ms)
0.sledgehammer goal.using     11732ms Ordered_Resolution_Prover.Ground_Resolution_Model 181:6915  some (SH 11719ms, ATP 1594ms): Try this: by (smt (cvc5, fmf) d_lt_d' linorder_not_less not_interp_to_Interp_imp_le) (216 ms)
0.sledgehammer goal.by        24032ms Ordered_Resolution_Prover.Ground_Resolution_Model 181:6961  some (SH 24030ms, ATP 1153ms): Try this: by (smt (cvc5, noematch) insert_subset mk_disjoint_insert) (445 ms)
0.sledgehammer goal.using     100385ms Ordered_Resolution_Prover.Ground_Resolution_Model 183:6994  some (SH 100383ms, ATP 2845ms): Try this: by (smt (cvc5, best) a_in_c in_mono pos_literal_in_imp_true_cls subs) (482 ms)
0.sledgehammer goal.by        26949ms Ordered_Resolution_Prover.Ground_Resolution_Model 183:7012  some (SH 26943ms, ATP 2223ms): Try this: by (smt (cvc5, trigger_last) in_mono pos_literal_in_imp_true_cls) (579 ms)
0.sledgehammer goal.using     32029ms Ordered_Resolution_Prover.Ground_Resolution_Model 187:7128  some (SH 32027ms, ATP 2580ms): Try this: by (smt (cvc5) c_at_d true_cls_def true_lit_iff)
0.sledgehammer goal.unfolding 36656ms Ordered_Resolution_Prover.Ground_Resolution_Model 187:7141  some (SH 36654ms, ATP 2838ms): Try this: by (smt (cvc5, quant_saturate) true_cls_def true_lit_iff) (851 ms)
0.sledgehammer goal.by        23098ms Ordered_Resolution_Prover.Ground_Resolution_Model 187:7164  some (SH 23090ms, ATP 1762ms): Try this: by (smt (cvc5) true_lit_iff)
0.sledgehammer goal.using     13719ms Ordered_Resolution_Prover.Ground_Resolution_Model 189:7214  some (SH 13715ms, ATP 1134ms): Try this: by (smt (cvc5, trigger_last) c_le_d neg_notin_Interp_not_produce) (1.5 s)
0.sledgehammer goal.by         7605ms Ordered_Resolution_Prover.Ground_Resolution_Model 189:7256  some (SH 7600ms, ATP 969ms): Try this: by (smt (cvc5, fmf)) (1.1 s)
0.sledgehammer goal.using     118975ms Ordered_Resolution_Prover.Ground_Resolution_Model 191:7288  some (SH 118973ms, ATP 1845ms): Try this: by (smt (cvc5, trigger_max) UN_E a_in_c ground_resolution_with_selection.in_production_imp_produces ground_resolution_with_selection_axioms neg_literal_notin_imp_true_cls) (1.3 s)
0.sledgehammer goal.by        35730ms Ordered_Resolution_Prover.Ground_Resolution_Model 191:7340  timeout (SH 35728ms): Timed out
0.sledgehammer goal.using     38621ms Ordered_Resolution_Prover.Ground_Resolution_Model 195:7428  some (SH 38619ms, ATP 3545ms): Try this: by (smt (cvc5, best) Interp_imp_general interp_def order_refl) (524 ms)
0.sledgehammer goal.by        11441ms Ordered_Resolution_Prover.Ground_Resolution_Model 195:7464  some (SH 11439ms, ATP 1242ms): Try this: by (smt (cvc5, best) order_refl) (514 ms)
0.sledgehammer goal.using     39351ms Ordered_Resolution_Prover.Ground_Resolution_Model 198:7548  some (SH 39349ms, ATP 1986ms): Try this: by (smt (cvc5, quant_saturate) Interp_as_UNION Interp_imp_general interp_subseteq_Interp order_le_imp_less_or_eq) (622 ms)
0.sledgehammer goal.by        21431ms Ordered_Resolution_Prover.Ground_Resolution_Model 198:7612  some (SH 21429ms, ATP 1107ms): Try this: by (smt (cvc5, quant_saturate) order_le_imp_less_or_eq) (503 ms)
0.sledgehammer goal.using     56335ms Ordered_Resolution_Prover.Ground_Resolution_Model 201:7701  some (SH 56333ms, ATP 2223ms): Try this: by (smt (cvc5) INTERP_def Interp_as_UNION UN_E UN_I ground_resolution_with_selection.not_produces_imp_notin_production ground_resolution_with_selection.production_unfold ground_resolution_with_selection_axioms mem_Collect_eq neg_notin_Interp_not_produce true_cls_def true_lit_iff)
0.sledgehammer goal.by        39679ms Ordered_Resolution_Prover.Ground_Resolution_Model 201:7790  timeout (SH 39676ms): Timed out
0.sledgehammer goal.proof     35423ms Ordered_Resolution_Prover.Ground_Resolution_Model 210:8002  timeout (SH 35419ms): Timed out
0.sledgehammer goal.by         9116ms Ordered_Resolution_Prover.Ground_Resolution_Model 213:8134  some (SH 9112ms, ATP 2142ms): Try this: by (smt (cvc5, noematch)) (775 ms)
0.sledgehammer goal.using     26519ms Ordered_Resolution_Prover.Ground_Resolution_Model 215:8182  some (SH 26517ms, ATP 1095ms): Try this: by (smt (cvc5, trigger_max) d_le_d' linorder_not_less not_interp_to_interp_imp_less) (183 ms)
0.sledgehammer goal.by        16272ms Ordered_Resolution_Prover.Ground_Resolution_Model 215:8231  some (SH 16264ms, ATP 1758ms): Try this: by (smt (cvc5, quant_saturate) leD not_interp_to_interp_imp_less) (546 ms)
0.sledgehammer goal.using     39135ms Ordered_Resolution_Prover.Ground_Resolution_Model 217:8264  some (SH 39133ms, ATP 1922ms): Try this: by (smt (cvc5, trigger_max) a_in_c pos_literal_in_imp_true_cls subs subsetD) (561 ms)
0.sledgehammer goal.by        14911ms Ordered_Resolution_Prover.Ground_Resolution_Model 217:8282  some (SH 14908ms, ATP 1405ms): Try this: by (smt (cvc5, trigger_last) pos_literal_in_imp_true_cls subsetD) (434 ms)
0.sledgehammer goal.using     67650ms Ordered_Resolution_Prover.Ground_Resolution_Model 221:8398  some (SH 67648ms, ATP 3096ms): Try this: by (smt (cvc5) c_at_d true_cls_def true_lit_iff)
0.sledgehammer goal.unfolding 26206ms Ordered_Resolution_Prover.Ground_Resolution_Model 221:8411  some (SH 26202ms, ATP 1548ms): Try this: by (smt (cvc5) true_cls_def true_lit_iff)
0.sledgehammer goal.by        25116ms Ordered_Resolution_Prover.Ground_Resolution_Model 221:8434  some (SH 25111ms, ATP 1638ms): Try this: by (smt (cvc5) true_lit_iff)
0.sledgehammer goal.using     78688ms Ordered_Resolution_Prover.Ground_Resolution_Model 223:8484  some (SH 78686ms, ATP 1369ms): Try this: by (smt (cvc5, trigger_last) c_le_d in_mono less_eq_imp_interp_subseteq_interp produces_imp_in_interp) (1.1 s)
0.sledgehammer goal.by        94222ms Ordered_Resolution_Prover.Ground_Resolution_Model 223:8497  some (SH 94219ms, ATP 1622ms): Try this: by (smt (cvc5, best) in_mono less_eq_imp_interp_subseteq_interp produces_imp_in_interp) (1.5 s)
0.sledgehammer goal.using     37087ms Ordered_Resolution_Prover.Ground_Resolution_Model 225:8595  timeout (SH 37084ms): Timed out
0.sledgehammer goal.by        35703ms Ordered_Resolution_Prover.Ground_Resolution_Model 225:8647  some (SH 35700ms, ATP 985ms): Try this: by (smt (cvc5, trigger_max) UN_iff true_cls_def true_lit_iff) (853 ms)
0.sledgehammer goal.using     25116ms Ordered_Resolution_Prover.Ground_Resolution_Model 229:8735  some (SH 25112ms, ATP 1536ms): Try this: by (smt (cvc5, noematch) interp_def interp_imp_general order_refl) (554 ms)
0.sledgehammer goal.by        13400ms Ordered_Resolution_Prover.Ground_Resolution_Model 229:8771  some (SH 13394ms, ATP 1285ms): Try this: by (smt (cvc5, trigger_last) order_refl) (660 ms)
0.sledgehammer goal.using     21991ms Ordered_Resolution_Prover.Ground_Resolution_Model 232:8855  some (SH 21987ms, ATP 2066ms): Try this: by (smt (cvc5, noematch) Interp_as_UNION interp_imp_general less_eq_imp_interp_subseteq_Interp order_refl) (534 ms)
0.sledgehammer goal.by        15344ms Ordered_Resolution_Prover.Ground_Resolution_Model 232:8926  some (SH 15342ms, ATP 1661ms): Try this: by (smt (cvc5, noematch)) (954 ms)
0.sledgehammer goal.using     12656ms Ordered_Resolution_Prover.Ground_Resolution_Model 235:8998  some (SH 12654ms, ATP 1176ms): Try this: by (smt (cvc5, fmf) INTERP_def interp_imp_general interp_subseteq_INTERP order_refl) (664 ms)
0.sledgehammer goal.by         8545ms Ordered_Resolution_Prover.Ground_Resolution_Model 235:9064  some (SH 8543ms, ATP 1291ms): Try this: by (smt (cvc5, fmf)) (660 ms)
0.sledgehammer goal.unfolding 17734ms Ordered_Resolution_Prover.Ground_Resolution_Model 238:9141  some (SH 17590ms, ATP 1518ms): Try this: by (smt (cvc5, trigger_max) ground_resolution_with_selection.productive_imp_produces_Max_literal ground_resolution_with_selection_axioms producesD) (1.8 s)
0.sledgehammer goal.by         8723ms Ordered_Resolution_Prover.Ground_Resolution_Model 238:9169  some (SH 8722ms, ATP 1135ms): Try this: by (smt (cvc5, term_relev) Collect_empty_eq) (652 ms)
0.sledgehammer goal.proof     87343ms Ordered_Resolution_Prover.Ground_Resolution_Model 247:9296  some (SH 86896ms, ATP 1231ms): Try this: by (smt (cvc5, trigger_last) Interp_def Un_insert_right assms ground_resolution_with_selection.produces_imp_Pos_in_lits ground_resolution_with_selection.productive_imp_produces_Max_literal ground_resolution_with_selection_axioms insertCI pos_literal_in_imp_true_cls) (679 ms)
0.sledgehammer goal.using     11013ms Ordered_Resolution_Prover.Ground_Resolution_Model 249:9343  some (SH 11010ms, ATP 1442ms): Try this: by (smt (cvc5, fmf) assms productive_imp_produces_Max_atom) (972 ms)
0.sledgehammer goal.by         6756ms Ordered_Resolution_Prover.Ground_Resolution_Model 249:9388  some (SH 6754ms, ATP 965ms): Try this: by (smt (cvc5, quant_saturate)) (719 ms)
0.sledgehammer goal.by         7430ms Ordered_Resolution_Prover.Ground_Resolution_Model 251:9434  some (SH 7419ms, ATP 965ms): Try this: by (smt (cvc5, trigger_last) produces_imp_Pos_in_lits) (339 ms)
0.sledgehammer goal.using     42073ms Ordered_Resolution_Prover.Ground_Resolution_Model 253:9504  some (SH 42071ms, ATP 1818ms): Try this: by (smt (cvc5, best) Interp_def Un_iff a singletonI) (89 ms)
0.sledgehammer goal.by        26000ms Ordered_Resolution_Prover.Ground_Resolution_Model 253:9551  some (SH 25998ms, ATP 1308ms): Try this: by (smt (cvc5, quant_saturate) Interp_def Un_iff singletonI) (268 ms)
0.sledgehammer goal.by        10764ms Ordered_Resolution_Prover.Ground_Resolution_Model 255:9590  some (SH 10754ms, ATP 1635ms): Try this: by (smt (cvc5, fmf) pos_literal_in_imp_true_cls) (421 ms)
0.sledgehammer goal.by        13500ms Ordered_Resolution_Prover.Ground_Resolution_Model 259:9662  some (SH 13497ms, ATP 1361ms): Try this: by (smt (cvc5, noematch) Interp_imp_INTERP order_refl productive_imp_Interp) (312 ms)
0.sledgehammer goal.proof     60881ms Ordered_Resolution_Prover.Ground_Resolution_Model 268:9883  some (SH 60879ms, ATP 4081ms): Try this: by (smt (cvc5) Interp_def assms(1,2,3,4) ground_resolution_with_selection.production.elims ground_resolution_with_selection_axioms interp_def mem_Collect_eq productive_imp_Interp productive_not_empty sup_bot.right_neutral)
0.sledgehammer goal.by         6779ms Ordered_Resolution_Prover.Ground_Resolution_Model 271:9948  some (SH 6778ms, ATP 1031ms): Try this: by (smt (cvc5, noematch) productive_imp_Interp) (559 ms)
0.sledgehammer goal.using     77988ms Ordered_Resolution_Prover.Ground_Resolution_Model 275:10036  some (SH 77987ms, ATP 1389ms): Try this: by (smt (cvc5, best) assms(1,2,3,4) empty_iff mem_Collect_eq production_unfold) (1.1 s)
0.sledgehammer goal.unfolding 37798ms Ordered_Resolution_Prover.Ground_Resolution_Model 275:10048  some (SH 37795ms, ATP 4034ms): Try this: by (smt (cvc5, best) empty_iff mem_Collect_eq production_unfold) (577 ms)
0.sledgehammer goal.by        23076ms Ordered_Resolution_Prover.Ground_Resolution_Model 275:10076  some (SH 23071ms, ATP 1751ms): Try this: by (smt (cvc5, best) empty_iff mem_Collect_eq) (557 ms)
0.sledgehammer goal.unfolding 11525ms Ordered_Resolution_Prover.Ground_Resolution_Model 277:10108  some (SH 11524ms, ATP 1145ms): Try this: by (smt (cvc5, trigger_last) dual_order.refl interp_imp_Interp) (281 ms)
0.sledgehammer goal.using      8971ms Ordered_Resolution_Prover.Ground_Resolution_Model 277:10129  some (SH 8969ms, ATP 872ms): Try this: by (smt (cvc5, best) False sup_bot.right_neutral) (271 ms)
0.sledgehammer goal.by        12285ms Ordered_Resolution_Prover.Ground_Resolution_Model 277:10141  some (SH 12283ms, ATP 1151ms): Try this: by (smt (cvc5, quant_saturate) sup_bot.right_neutral) (111 ms)
0.sledgehammer goal.proof     50776ms Ordered_Resolution_Prover.Ground_Resolution_Model 291:10385  some (SH 50525ms, ATP 1069ms): Try this: by (smt (cvc5, term_relev) Max_in_mset Max_lit_eq_pos_or_neg_Max_atm c_in_n empty_iff max_atm max_pos_imp_Interp pos_in pos_neg_in_imp_true s_c_e set_mset_empty) (1.1 s)
0.sledgehammer goal.using      8138ms Ordered_Resolution_Prover.Ground_Resolution_Model 294:10448  some (SH 8136ms, ATP 962ms): Try this: by (smt (cvc5, fmf) pos_in pos_neg_in_imp_true) (289 ms)
0.sledgehammer goal.by         4832ms Ordered_Resolution_Prover.Ground_Resolution_Model 294:10481  some (SH 4830ms, ATP 886ms): Try this: by (smt (cvc5, trigger_last)) (676 ms)
0.sledgehammer goal.using      7345ms Ordered_Resolution_Prover.Ground_Resolution_Model 298:10542  some (SH 7203ms, ATP 776ms): Try this: by (smt (cvc5, fmf) empty_iff pos_in set_mset_empty) (190 ms)
0.sledgehammer goal.by         6122ms Ordered_Resolution_Prover.Ground_Resolution_Model 298:10555  some (SH 6121ms, ATP 796ms): Try this: by (smt (cvc5, fmf) empty_iff set_mset_empty) (182 ms)
0.sledgehammer goal.using      9829ms Ordered_Resolution_Prover.Ground_Resolution_Model 300:10606  some (SH 9828ms, ATP 1089ms): Try this: by (smt (cvc5, fmf) Max_in_mset Max_lit_eq_pos_or_neg_Max_atm max_atm) (713 ms)
0.sledgehammer goal.using      8367ms Ordered_Resolution_Prover.Ground_Resolution_Model 300:10620  some (SH 8365ms, ATP 885ms): Try this: by (smt (cvc5, fmf) Max_in_mset Max_lit_eq_pos_or_neg_Max_atm) (493 ms)
0.sledgehammer goal.by         9550ms Ordered_Resolution_Prover.Ground_Resolution_Model 300:10668  some (SH 8560ms, ATP 1381ms): Try this: by (smt (cvc5, trigger_last)) (990 ms)
0.sledgehammer goal.using     42190ms Ordered_Resolution_Prover.Ground_Resolution_Model 302:10701  some (SH 42187ms, ATP 1347ms): Try this: by (smt (cvc5, fmf) c_in_n max_pos_imp_Interp ne s_c_e) (1.9 s)
0.sledgehammer goal.by        11014ms Ordered_Resolution_Prover.Ground_Resolution_Model 302:10723  some (SH 11012ms, ATP 1268ms): Try this: by (smt (cvc5, fmf) max_pos_imp_Interp) (1.0 s)
0.sledgehammer goal.proof     36433ms Ordered_Resolution_Prover.Ground_Resolution_Model 313:11061  timeout (SH 36431ms): Timed out
0.sledgehammer goal.using     29721ms Ordered_Resolution_Prover.Ground_Resolution_Model 317:11178  some (SH 29715ms, ATP 1615ms): Try this: by (smt (cvc5, quant_saturate) d_lt_c less_imp_Interp_subseteq_interp psubsetI psubset_imp_subset subs subset_psubset_trans) (1.1 s)
0.sledgehammer goal.by        14401ms Ordered_Resolution_Prover.Ground_Resolution_Model 317:11228  some (SH 14399ms, ATP 1332ms): Try this: by (smt (cvc5, quant_saturate) psubsetI psubset_imp_subset subset_psubset_trans) (821 ms)
0.sledgehammer goal.using     17674ms Ordered_Resolution_Prover.Ground_Resolution_Model 319:11334  some (SH 17672ms, ATP 1341ms): Try this: by (smt (cvc5, best) cc_blw_d' d'_at_d false_to_true_imp_ex_pos) (422 ms)
0.sledgehammer goal.by        11475ms Ordered_Resolution_Prover.Ground_Resolution_Model 319:11383  some (SH 11473ms, ATP 1599ms): Try this: by (smt (cvc5, noematch)) (1.0 s)
0.sledgehammer goal.using     10043ms Ordered_Resolution_Prover.Ground_Resolution_Model 321:11443  some (SH 10039ms, ATP 1277ms): Try this: by (smt (cvc5, noematch) d'_at_d pos_literal_in_imp_true_cls) (883 ms)
0.sledgehammer goal.by        13936ms Ordered_Resolution_Prover.Ground_Resolution_Model 321:11457  some (SH 13809ms, ATP 1649ms): Try this: by (smt (cvc5, noematch) pos_literal_in_imp_true_cls) (328 ms)
0.sledgehammer goal.by        57036ms Ordered_Resolution_Prover.Ground_Resolution_Model 323:11536  some (SH 57020ms, ATP 1778ms): Try this: by (smt (cvc5, trigger_last) UN_E in_production_imp_produces) (472 ms)
0.sledgehammer goal.using     12579ms Ordered_Resolution_Prover.Ground_Resolution_Model 325:11627  some (SH 12572ms, ATP 2175ms): Try this: by (smt (cvc5, fmf) ground_resolution_with_selection.produces_imp_Max_atom ground_resolution_with_selection_axioms prod_c') (825 ms)
0.sledgehammer goal.by        24099ms Ordered_Resolution_Prover.Ground_Resolution_Model 325:11674  some (SH 24098ms, ATP 959ms): Try this: by (smt (cvc5, trigger_last) ground_resolution_with_selection.produces_imp_Max_atom ground_resolution_with_selection_axioms) (449 ms)
0.sledgehammer goal.using     88347ms Ordered_Resolution_Prover.Ground_Resolution_Model 327:11716  some (SH 88345ms, ATP 1935ms): Try this: by (smt (cvc5, trigger_max) Interp_as_UNION UN_E UN_I a_at_d a_blw_cc ground_resolution_with_selection.not_produces_imp_notin_production ground_resolution_with_selection_axioms linorder_linear mem_Collect_eq prod_c') (355 ms)
0.sledgehammer goal.by        51579ms Ordered_Resolution_Prover.Ground_Resolution_Model 327:11745  some (SH 51576ms, ATP 2409ms): Try this: by (smt (cvc5, trigger_relev) insert_subset less_eq_imp_production_subseteq_Interp linorder_linear) (156 ms)
0.sledgehammer goal.using      6670ms Ordered_Resolution_Prover.Ground_Resolution_Model 329:11837  some (SH 6668ms, ATP 963ms): Try this: by (smt (cvc5, fmf) d'_le_d order.trans) (571 ms)
0.sledgehammer goal.by         8899ms Ordered_Resolution_Prover.Ground_Resolution_Model 329:11863  some (SH 8897ms, ATP 1479ms): Try this: by (smt (cvc5, noematch)) (714 ms)
0.sledgehammer goal.using     31944ms Ordered_Resolution_Prover.Ground_Resolution_Model 331:11923  some (SH 31942ms, ATP 1453ms): Try this: by (smt (cvc5, fmf) a_in_d' le_multiset_Max_in_imp_Max max_c' pos_lit_in_atms_of) (651 ms)
0.sledgehammer goal.by        10701ms Ordered_Resolution_Prover.Ground_Resolution_Model 331:11944  some (SH 10699ms, ATP 1333ms): Try this: by (smt (cvc5, trigger_max) le_multiset_Max_in_imp_Max pos_lit_in_atms_of) (1.9 s)
0.sledgehammer goal.using     34605ms Ordered_Resolution_Prover.Ground_Resolution_Model 336:12090  some (SH 34602ms, ATP 883ms): Try this: by (smt (cvc5, noematch) a_in_d' max_atm_imp_Interp max_d') (700 ms)
0.sledgehammer goal.by        10400ms Ordered_Resolution_Prover.Ground_Resolution_Model 336:12111  some (SH 10397ms, ATP 931ms): Try this: by (smt (cvc5, quant_saturate) max_atm_imp_Interp) (2.5 s)
0.sledgehammer goal.using     41761ms Ordered_Resolution_Prover.Ground_Resolution_Model 338:12188  some (SH 41760ms, ATP 1292ms): Try this: by (smt (cvc5, noematch) Interp_imp_Interp d'_le_d dual_order.refl) (268 ms)
0.sledgehammer goal.by         8279ms Ordered_Resolution_Prover.Ground_Resolution_Model 338:12202  some (SH 8277ms, ATP 1299ms): Try this: by (smt (cvc5, trigger_max) Interp_imp_Interp dual_order.refl) (327 ms)
0.sledgehammer goal.using      5169ms Ordered_Resolution_Prover.Ground_Resolution_Model 340:12294  some (SH 5167ms, ATP 797ms): Try this: by (smt (cvc5, best) d'_at_d) (29 ms)
0.sledgehammer goal.by         5362ms Ordered_Resolution_Prover.Ground_Resolution_Model 340:12308  some (SH 4381ms, ATP 771ms): Try this: by (smt (cvc5, best)) (40 ms)
0.sledgehammer goal.using     41103ms Ordered_Resolution_Prover.Ground_Resolution_Model 346:12421  some (SH 39580ms, ATP 1147ms): Try this: by (smt (cvc5, noematch) cvc_arith_rewrite_defs(5) d'_le_d leq_dc' less_eq_Max_atms_of less_eq_multiset_empty_right linorder_neq_iff max_c' max_d') (1.5 s)
0.sledgehammer goal.by        32252ms Ordered_Resolution_Prover.Ground_Resolution_Model 347:12465  some (SH 32248ms, ATP 1305ms): Try this: by (smt (cvc5, noematch) cvc_arith_rewrite_defs(5) less_eq_Max_atms_of less_eq_multiset_empty_right linorder_neq_iff) (1.6 s)
0.sledgehammer goal.using      8876ms Ordered_Resolution_Prover.Ground_Resolution_Model 350:12594  some (SH 8874ms, ATP 860ms): Try this: by (smt (cvc5, noematch) in_n_or_max_gt) (339 ms)
0.sledgehammer goal.by         5621ms Ordered_Resolution_Prover.Ground_Resolution_Model 350:12615  some (SH 5614ms, ATP 792ms): Try this: by (smt (cvc5, trigger_last)) (190 ms)
0.sledgehammer goal.by         9111ms Ordered_Resolution_Prover.Ground_Resolution_Model 353:12651  some (SH 8055ms, ATP 1517ms): Try this: by (smt (cvc5, trigger_max)) (211 ms)
0.sledgehammer goal.using     76167ms Ordered_Resolution_Prover.Ground_Resolution_Model 359:12816  some (SH 76127ms, ATP 1641ms): Try this: by (smt (cvc5, trigger_last) INTERP_def interp_imp_INTERP interp_subseteq_INTERP not_Interp_imp_general order_less_imp_le order_trans) (824 ms)
0.sledgehammer goal.by        47574ms Ordered_Resolution_Prover.Ground_Resolution_Model 359:12856  some (SH 47572ms, ATP 1723ms): Try this: by (smt (cvc5, trigger_last) equalityE) (997 ms)
0.sledgehammer goal.using     94422ms Ordered_Resolution_Prover.Ground_Resolution_Model 364:13017  some (SH 94419ms, ATP 1343ms): Try this: by (smt (cvc5, trigger_last) INTERP_def Interp_imp_INTERP interp_subseteq_INTERP less_eq_multiset_def not_Interp_imp_general order.strict_trans1) (841 ms)
0.sledgehammer goal.by        21160ms Ordered_Resolution_Prover.Ground_Resolution_Model 364:13085  some (SH 21153ms, ATP 1323ms): Try this: by (smt (cvc5, best)) (1.3 s)
0.sledgehammer goal.using     45094ms Ordered_Resolution_Prover.Ground_Resolution_Model 369:13237  timeout (SH 45091ms): Timed out
0.sledgehammer goal.by        31031ms Ordered_Resolution_Prover.Ground_Resolution_Model 370:13336  timeout (SH 31028ms): Timed out
0.sledgehammer goal.using     23377ms Ordered_Resolution_Prover.Ground_Resolution_Model 385:13779  some (SH 23375ms, ATP 1027ms): Try this: apply (smt (cvc5, term_relev) insertCI n) (745 ms)
0.sledgehammer goal.unfolding  7464ms Ordered_Resolution_Prover.Ground_Resolution_Model 385:13787  some (SH 7462ms, ATP 956ms): Try this: apply (smt (cvc5, noematch) insertCI) (921 ms)
0.sledgehammer goal.by         8160ms Ordered_Resolution_Prover.Ground_Resolution_Model 385:13812  some (SH 8158ms, ATP 831ms): Try this: apply (smt (cvc5, noematch) insertCI) (948 ms)
0.sledgehammer goal.unfolding 35219ms Ordered_Resolution_Prover.Inference_System 50:1674  timeout (SH 35216ms): Timed out
0.sledgehammer goal.by        19904ms Ordered_Resolution_Prover.Inference_System 50:1719  some (SH 19901ms, ATP 1269ms): Try this: by (smt (cvc5, trigger_max) Collect_mono order.trans) (965 ms)
0.sledgehammer goal.proof     35799ms Ordered_Resolution_Prover.Inference_System 62:1996  timeout (SH 35796ms): Timed out
0.sledgehammer goal.unfolding 34196ms Ordered_Resolution_Prover.Inference_System 64:2050  timeout (SH 34194ms): Timed out
0.sledgehammer goal.using     104364ms Ordered_Resolution_Prover.Inference_System 64:2095  some (SH 104361ms, ATP 1691ms): Try this: by (smt (cvc5, term_relev) add_mset_add_single cc_subs_n d_in_n inf inference.sel(1,2) insert_subset mem_Collect_eq set_mset_add_mset_insert) (585 ms)
0.sledgehammer goal.by        75438ms Ordered_Resolution_Prover.Inference_System 64:2122  some (SH 75436ms, ATP 2206ms): Try this: by (smt (cvc5, trigger_relev) add_mset_add_single inference.sel(1,2) insert_subset mem_Collect_eq set_mset_add_mset_insert) (451 ms)
0.sledgehammer goal.unfolding 27345ms Ordered_Resolution_Prover.Inference_System 66:2182  some (SH 27342ms, ATP 1156ms): Try this: by (smt (cvc5, fmf) image_eqI inference.sel(3)) (671 ms)
0.sledgehammer goal.by        10091ms Ordered_Resolution_Prover.Inference_System 66:2202  some (SH 10090ms, ATP 1155ms): Try this: by (smt (cvc5, term_relev) inference.sel(3)) (151 ms)
0.sledgehammer goal.using     35430ms Ordered_Resolution_Prover.Inference_System 68:2254  some (SH 35428ms, ATP 1195ms): Try this: by (smt (cvc5, fmf) insert_subset mk_disjoint_insert satur saturated_def) (146 ms)
0.sledgehammer goal.unfolding 42616ms Ordered_Resolution_Prover.Inference_System 68:2266  some (SH 42606ms, ATP 1750ms): Try this: by (smt (cvc5, noematch) saturated_def subsetD) (448 ms)
0.sledgehammer goal.by        20256ms Ordered_Resolution_Prover.Inference_System 68:2290  some (SH 20254ms, ATP 706ms): Try this: by (smt (cvc5, best) subsetD) (375 ms)
0.sledgehammer goal.proof     37171ms Ordered_Resolution_Prover.Inference_System 87:2779  timeout (SH 37169ms): Timed out
0.sledgehammer goal.using      5365ms Ordered_Resolution_Prover.Inference_System 89:2820  some (SH 5363ms, ATP 907ms): Try this: by (smt (cvc5, term_relev) sat_n) (251 ms)
0.sledgehammer goal.by        28695ms Ordered_Resolution_Prover.Inference_System 89:2832  some (SH 28693ms, ATP 895ms): Try this: by (smt (cvc5, trigger_relev)) (200 ms)
0.sledgehammer goal.using     20209ms Ordered_Resolution_Prover.Inference_System 91:2919  some (SH 20204ms, ATP 2532ms): Try this: by (smt (cvc5, noematch) \<Gamma>_sound true_clss_def true_clss_mono true_clss_set_mset) (1.7 s)
0.sledgehammer goal.unfolding 13733ms Ordered_Resolution_Prover.Inference_System 91:2933  some (SH 13730ms, ATP 1665ms): Try this: by (smt (cvc5, fmf) true_clss_def true_clss_mono true_clss_set_mset) (1.4 s)
0.sledgehammer goal.by        23808ms Ordered_Resolution_Prover.Inference_System 91:2975  some (SH 23806ms, ATP 2253ms): Try this: by (smt (cvc5, fmf) true_clss_def true_clss_mono) (2.3 s)
0.sledgehammer goal.unfolding 95477ms Ordered_Resolution_Prover.Inference_System 93:3062  some (SH 95475ms, ATP 3089ms): Try this: by (smt (cvc5, best) \<Gamma>_sound add.right_neutral i infer_from_def inference.exhaust_sel true_cls_mset_add_mset true_clss_mono true_clss_set_mset union_mset_add_mset_right) (741 ms)
0.sledgehammer goal.by        166365ms Ordered_Resolution_Prover.Inference_System 93:3087  some (SH 166361ms, ATP 1312ms): Try this: by (smt (cvc5, trigger_max) \<Gamma>_sound[of "side_prems_of _" "main_prem_of _" "concl_of _" I] add.right_neutral[of "{#main_prem_of _#}"] add_diff_cancel_left'[of "{#main_prem_of _#}" "{#}"] add_diff_cancel_right'[of "{#main_prem_of _#}" "{#}"] i inference.collapse minus_remove1_mset_if[of "{#main_prem_of _#}" "{#main_prem_of _#}" "main_prem_of _"] multi_self_add_other_not_self[of "{#}" "main_prem_of _"] true_cls_mset_union[of I "side_prems_of _" "{#main_prem_of _#}"] true_clss_def[of I "set_mset {#main_prem_of _#}"] true_clss_mono[of "set_mset (prems_of _)" N I] true_clss_set_mset[of I "{#main_prem_of _#}"] true_clss_set_mset[of I "prems_of _"]) (767 ms)
0.sledgehammer goal.unfolding 52797ms Ordered_Resolution_Prover.Inference_System 95:3165  some (SH 52793ms, ATP 1208ms): Try this: by (smt (cvc5, best) image_iff inference_system.inferences_from_def mem_Collect_eq true_clss_def) (707 ms)
0.sledgehammer goal.by        33427ms Ordered_Resolution_Prover.Inference_System 95:3234  some (SH 33425ms, ATP 1614ms): Try this: by (smt (cvc5, fmf) mem_Collect_eq) (3.3 s)
0.sledgehammer goal.using     10475ms Ordered_Resolution_Prover.Inference_System 97:3300  some (SH 10473ms, ATP 1583ms): Try this: by (smt (cvc5, best) i true_clss_union) (55 ms)
0.sledgehammer goal.by         6757ms Ordered_Resolution_Prover.Inference_System 97:3308  some (SH 6733ms, ATP 1364ms): Try this: by (smt (cvc5, term_relev) true_clss_union) (164 ms)
0.sledgehammer goal.by        17499ms Ordered_Resolution_Prover.Inference_System 99:3340  some (SH 17496ms, ATP 816ms): Try this: by (smt (cvc5, quant_saturate)) (101 ms)
0.sledgehammer goal.by        18914ms Ordered_Resolution_Prover.Inference_System 103:3398  some (SH 17903ms, ATP 1320ms): Try this: by (smt (cvc5, quant_saturate) \<Gamma>_sat_preserving sat_preserving_inference_system_def) (353 ms)
0.sledgehammer goal.proof     36808ms Ordered_Resolution_Prover.Inference_System 131:4388  timeout (SH 36806ms): Timed out
0.sledgehammer goal.using      9650ms Ordered_Resolution_Prover.Inference_System 133:4439  some (SH 9647ms, ATP 1354ms): Try this: by (smt (cvc5, quant_saturate) assms true_clss_def) (815 ms)
0.sledgehammer goal.unfolding 12198ms Ordered_Resolution_Prover.Inference_System 133:4451  some (SH 12196ms, ATP 1324ms): Try this: by (smt (cvc5, fmf) true_clss_def) (434 ms)
0.sledgehammer goal.by         3908ms Ordered_Resolution_Prover.Inference_System 133:4475  some (SH 3907ms, ATP 588ms): Try this: by (smt (cvc5, quant_saturate)) (404 ms)
0.sledgehammer goal.by        16867ms Ordered_Resolution_Prover.Inference_System 135:4528  some (SH 16475ms, ATP 1402ms): Try this: by (smt (cvc5, quant_saturate) mem_Collect_eq) (89 ms)
0.sledgehammer goal.using     34964ms Ordered_Resolution_Prover.Inference_System 137:4556  timeout (SH 34963ms): Timed out
0.sledgehammer goal.by        40185ms Ordered_Resolution_Prover.Inference_System 137:4627  some (SH 40182ms, ATP 296ms): Try this: by (smt (cvc5, trigger_max) case_prodI mem_Collect_eq) (1.2 s)
0.sledgehammer goal.proof     54737ms Ordered_Resolution_Prover.Inference_System 147:4805  some (SH 54733ms, ATP 3355ms): Try this: by (smt (cvc5) \<Gamma>_counterex_reducing ec_ni_n ex_min_counterex linorder_not_less satur saturatedD)
0.sledgehammer goal.by        13497ms Ordered_Resolution_Prover.Inference_System 154:4978  some (SH 13495ms, ATP 1096ms): Try this: by (smt (cvc5, best) ex_min_counterex) (2.1 s)
0.sledgehammer goal.using     26676ms Ordered_Resolution_Prover.Inference_System 160:5168  some (SH 26674ms, ATP 1354ms): Try this: by (smt (cvc5, quant_saturate) \<Gamma>_counterex_reducing cvc_arith_rewrite_defs(5) ec_ni_n) (3.5 s)
0.sledgehammer goal.by        11643ms Ordered_Resolution_Prover.Inference_System 160:5216  some (SH 11642ms, ATP 1068ms): Try this: by (smt (cvc5, quant_saturate)) (2.4 s)
0.sledgehammer goal.using      8499ms Ordered_Resolution_Prover.Inference_System 162:5269  some (SH 8497ms, ATP 797ms): Try this: by (smt (cvc5, fmf) d_in_n satur saturatedD) (635 ms)
0.sledgehammer goal.by         7054ms Ordered_Resolution_Prover.Inference_System 162:5288  some (SH 7052ms, ATP 656ms): Try this: by (smt (cvc5, fmf) saturatedD) (708 ms)
0.sledgehammer goal.using      7362ms Ordered_Resolution_Prover.Inference_System 164:5342  some (SH 7360ms, ATP 627ms): Try this: by (smt (cvc5, noematch) d_min e_cex e_lt_d) (383 ms)
0.sledgehammer goal.by         4795ms Ordered_Resolution_Prover.Inference_System 164:5376  some (SH 4793ms, ATP 786ms): Try this: by (smt (cvc5, quant_saturate)) (324 ms)
0.sledgehammer goal.by         4969ms Ordered_Resolution_Prover.Inference_System 167:5413  some (SH 4646ms, ATP 498ms): Try this: by (smt (cvc5, fmf)) (73 ms)
0.sledgehammer goal.using      7372ms Ordered_Resolution_Prover.Inference_System 175:5530  some (SH 6452ms, ATP 1141ms): Try this: by (smt (cvc5, fmf) saturated_model) (240 ms)
0.sledgehammer goal.by         5005ms Ordered_Resolution_Prover.Inference_System 175:5552  some (SH 5003ms, ATP 886ms): Try this: by (smt (cvc5, trigger_max)) (402 ms)
0.sledgehammer goal.by        35383ms Ordered_Resolution_Prover.Inference_System 197:6164  timeout (SH 35180ms): Timed out
0.sledgehammer goal.unfolding 36120ms Ordered_Resolution_Prover.Inference_System 200:6295  timeout (SH 36117ms): Timed out
0.sledgehammer goal.by        36267ms Ordered_Resolution_Prover.Inference_System 201:6366  timeout (SH 36264ms): Timed out
0.sledgehammer goal.proof     47780ms Ordered_Resolution_Prover.Inference_System 204:6518  timeout (SH 47779ms): Timed out
0.sledgehammer goal.by        14422ms Ordered_Resolution_Prover.Inference_System 207:6638  some (SH 14420ms, ATP 1203ms): Try this: apply (smt (cvc5, trigger_max) empty_subsetI insert_subsetI) (82 ms)
0.sledgehammer goal.by         7166ms Ordered_Resolution_Prover.Inference_System 209:6693  some (SH 7165ms, ATP 983ms): Try this: by (smt (cvc5, term_relev)) (517 ms)
0.sledgehammer goal.using     35328ms Ordered_Resolution_Prover.Inference_System 214:6832  timeout (SH 35326ms): Timed out
0.sledgehammer goal.by        34556ms Ordered_Resolution_Prover.Inference_System 214:6846  timeout (SH 34555ms): Timed out
0.sledgehammer goal.by         7350ms Ordered_Resolution_Prover.Inference_System 218:7008  some (SH 7347ms, ATP 1495ms): Try this: apply (smt (cvc5, fmf) SUP_le_iff) (459 ms)
0.sledgehammer goal.by        30326ms Ordered_Resolution_Prover.Inference_System 221:7153  some (SH 30278ms, ATP 1372ms): Try this: by (smt (cvc5, quant_saturate)) (1.8 s)
0.sledgehammer goal.using     18952ms Ordered_Resolution_Prover.Inference_System 224:7261  some (SH 18946ms, ATP 1123ms): Try this: by (smt (cvc5, fmf) step.hyps(5)) (359 ms)
0.sledgehammer goal.by         4721ms Ordered_Resolution_Prover.Inference_System 224:7275  some (SH 4719ms, ATP 975ms): Try this: by (smt (cvc5, term_relev)) (679 ms)
0.sledgehammer goal.using     26758ms Ordered_Resolution_Prover.Inference_System 226:7310  some (SH 26688ms, ATP 990ms): Try this: by (smt (cvc5, noematch) d_sub e_sub le_sup_iff) (75 ms)
0.sledgehammer goal.by         5972ms Ordered_Resolution_Prover.Inference_System 226:7336  some (SH 5971ms, ATP 977ms): Try this: by (smt (cvc5, trigger_max) le_sup_iff) (241 ms)
0.sledgehammer goal.using     26565ms Ordered_Resolution_Prover.Inference_System 228:7383  some (SH 26561ms, ATP 3971ms): Try this: by (smt (cvc5, noematch) d_fin e_fin finite_Un) (135 ms)
0.sledgehammer goal.by         5815ms Ordered_Resolution_Prover.Inference_System 228:7401  some (SH 5813ms, ATP 1114ms): Try this: by (smt (cvc5, term_relev) finite_Un) (119 ms)
0.sledgehammer goal.using     135343ms Ordered_Resolution_Prover.Inference_System 230:7454  some (SH 135340ms, ATP 2528ms): Try this: by (smt (cvc5, best) in_sat_d in_sat_ee inference_system.saturate.step saturate_mono step.hyps(1) subset_eq sup.cobounded2 sup_ge1) (919 ms)
0.sledgehammer goal.by        80627ms Ordered_Resolution_Prover.Inference_System 231:7496  some (SH 80618ms, ATP 1967ms): Try this: by (smt (cvc5, quant_saturate) UnCI saturate.step saturate_mono sup.cobounded1 sup.cobounded2 sup.order_iff) (2.1 s)
0.sledgehammer goal.by         6774ms Ordered_Resolution_Prover.Inference_System 233:7587  some (SH 6770ms, ATP 1395ms): Try this: by (smt (cvc5, trigger_last)) (737 ms)
0.sledgehammer goal.by        42742ms Ordered_Resolution_Prover.Inference_System 242:7706  timeout (SH 42738ms): Timed out
0.sledgehammer goal.proof     35219ms Ordered_Resolution_Prover.Inference_System 275:8850  timeout (SH 35217ms): Timed out
0.sledgehammer goal.using     187343ms Ordered_Resolution_Prover.Inference_System 278:8918  some (SH 187339ms, ATP 1554ms): Try this: by (smt (cvc5, quant_saturate) saturate.base saturated_model saturated_saturate subsetI true_clss_mono) (1.3 s)
0.sledgehammer goal.unfolding 37327ms Ordered_Resolution_Prover.Inference_System 278:8976  some (SH 37325ms, ATP 1514ms): Try this: by (smt (cvc5, trigger_last) true_clss_def) (805 ms)
0.sledgehammer goal.by        14544ms Ordered_Resolution_Prover.Inference_System 278:9000  some (SH 14543ms, ATP 1655ms): Try this: by (smt (cvc5, trigger_max)) (1.5 s)
0.sledgehammer goal.using     30563ms Ordered_Resolution_Prover.Inference_System 280:9066  some (SH 30560ms, ATP 1124ms): Try this: by (smt (cvc5, noematch) saturate_finite) (570 ms)
0.sledgehammer goal.by         7667ms Ordered_Resolution_Prover.Inference_System 280:9088  some (SH 7665ms, ATP 1237ms): Try this: by (smt (cvc5, noematch)) (515 ms)
0.sledgehammer goal.using     28088ms Ordered_Resolution_Prover.Inference_System 282:9157  some (SH 28085ms, ATP 3014ms): Try this: by (smt (cvc5, best) saturate_sound true_cls_empty) (710 ms)
0.sledgehammer goal.by        15261ms Ordered_Resolution_Prover.Inference_System 282:9178  some (SH 15259ms, ATP 1190ms): Try this: by (smt (cvc5, trigger_max) true_cls_empty) (1.3 s)
0.sledgehammer goal.by        10367ms Ordered_Resolution_Prover.Inference_System 286:9274  some (SH 10363ms, ATP 930ms): Try this: by (smt (cvc5, best) true_clss_mono) (975 ms)
0.sledgehammer goal.using     25368ms Ordered_Resolution_Prover.Ordered_Ground_Resolution 46:1532  some (SH 25364ms, ATP 1297ms): Try this: by (smt (cvc5, fmf) eligible.cases[of As DA] eligible.intros[of DA As]) (1.7 s)
0.sledgehammer goal.by        13508ms Ordered_Resolution_Prover.Ordered_Ground_Resolution 46:1642  some (SH 13506ms, ATP 1042ms): Try this: by (smt (cvc5))
0.sledgehammer goal.using     34923ms Ordered_Resolution_Prover.Ordered_Ground_Resolution 71:2355  timeout (SH 34921ms): Timed out
0.sledgehammer goal.proof     35216ms Ordered_Resolution_Prover.Ordered_Ground_Resolution 72:2367  timeout (SH 35213ms): Timed out
0.sledgehammer goal.proof     34997ms Ordered_Resolution_Prover.Ordered_Ground_Resolution 78:2614  timeout (SH 34996ms): Timed out
0.sledgehammer goal.unfolding 103810ms Ordered_Resolution_Prover.Ordered_Ground_Resolution 81:2706  some (SH 103807ms, ATP 3938ms): Try this: by (smt (cvc5) imageE literal.distinct(1) literal.sel(2) multiset.set_map set_mset_mset true_cls_def true_lit_iff)
0.sledgehammer goal.by        34591ms Ordered_Resolution_Prover.Ordered_Ground_Resolution 81:2729  timeout (SH 34582ms): Timed out
0.sledgehammer goal.using     12632ms Ordered_Resolution_Prover.Ordered_Ground_Resolution 83:2770  some (SH 12443ms, ATP 1873ms): Try this: by (smt (cvc5, best) DA d_true true_cls_union) (39 ms)
0.sledgehammer goal.by         6643ms Ordered_Resolution_Prover.Ordered_Ground_Resolution 83:2786  some (SH 6640ms, ATP 1070ms): Try this: by (smt (cvc5, noematch) true_cls_union) (302 ms)
0.sledgehammer goal.unfolding 13481ms Ordered_Resolution_Prover.Ordered_Ground_Resolution 85:2822  some (SH 13475ms, ATP 1117ms): Try this: by (smt (cvc5, best) e true_cls_union) (51 ms)
0.sledgehammer goal.by         6364ms Ordered_Resolution_Prover.Ordered_Ground_Resolution 85:2834  some (SH 6361ms, ATP 1471ms): Try this: by (smt (cvc5, best) true_cls_union) (48 ms)
0.sledgehammer goal.using     14725ms Ordered_Resolution_Prover.Ordered_Ground_Resolution 91:2950  some (SH 13364ms, ATP 1849ms): Try this: by (smt (cvc5, fmf) as_len in_set_conv_nth) (920 ms)
0.sledgehammer goal.by        19049ms Ordered_Resolution_Prover.Ordered_Ground_Resolution 91:2971  some (SH 19047ms, ATP 1578ms): Try this: by (smt (cvc5, fmf) in_set_conv_nth) (672 ms)
0.sledgehammer goal.using     73405ms Ordered_Resolution_Prover.Ordered_Ground_Resolution 93:3036  some (SH 73403ms, ATP 5619ms): Try this: by (smt (cvc5) a_eq a_false a_in_aa imageE literal.distinct(1) literal.sel(1) set_image_mset true_cls_def true_lit_iff)
0.sledgehammer goal.unfolding 35473ms Ordered_Resolution_Prover.Ordered_Ground_Resolution 93:3070  timeout (SH 35471ms): Timed out
0.sledgehammer goal.by        34446ms Ordered_Resolution_Prover.Ordered_Ground_Resolution 93:3093  timeout (SH 34444ms): Timed out
0.sledgehammer goal.using     22111ms Ordered_Resolution_Prover.Ordered_Ground_Resolution 95:3139  some (SH 22109ms, ATP 1244ms): Try this: by (smt (cvc5, noematch) a_in_aa cas_len cc_true nth_mem_mset true_cls_mset_true_cls) (632 ms)
0.sledgehammer goal.unfolding 22397ms Ordered_Resolution_Prover.Ordered_Ground_Resolution 95:3161  some (SH 22395ms, ATP 1533ms): Try this: by (smt (cvc5, noematch) cas_len nth_mem_mset true_cls_mset_true_cls) (478 ms)
0.sledgehammer goal.using     11175ms Ordered_Resolution_Prover.Ordered_Ground_Resolution 95:3189  some (SH 11174ms, ATP 1547ms): Try this: by (smt (cvc5, trigger_relev) cas_len nth_mem_mset) (196 ms)
0.sledgehammer goal.by         9732ms Ordered_Resolution_Prover.Ordered_Ground_Resolution 95:3203  some (SH 9731ms, ATP 1171ms): Try this: by (smt (cvc5, trigger_relev) nth_mem_mset) (110 ms)
0.sledgehammer goal.using     11412ms Ordered_Resolution_Prover.Ordered_Ground_Resolution 97:3250  some (SH 11410ms, ATP 1176ms): Try this: by (smt (cvc5, best) a_in_aa cas true_cls_union) (118 ms)
0.sledgehammer goal.by         6974ms Ordered_Resolution_Prover.Ordered_Ground_Resolution 97:3268  some (SH 6972ms, ATP 1201ms): Try this: by (smt (cvc5, term_relev) true_cls_union) (290 ms)
0.sledgehammer goal.using     133583ms Ordered_Resolution_Prover.Ordered_Ground_Resolution 99:3304  some (SH 133246ms, ATP 2731ms): Try this: by (smt (cvc5, quant_saturate) a_in_aa cs_len e less_subset_eq_Union_mset mset_subset_eq_add_left true_clss_singleton true_clss_subclause) (258 ms)
0.sledgehammer goal.unfolding 87907ms Ordered_Resolution_Prover.Ordered_Ground_Resolution 99:3325  some (SH 87906ms, ATP 2044ms): Try this: by (smt (cvc5, best) e less_subset_eq_Union_mset mset_subset_eqD true_cls_def true_cls_union) (607 ms)
0.sledgehammer goal.by        71997ms Ordered_Resolution_Prover.Ordered_Ground_Resolution 100:3356  some (SH 71995ms, ATP 2001ms): Try this: by (smt (cvc5, best) less_subset_eq_Union_mset mset_subset_eqD mset_subset_eq_add_left) (775 ms)
0.sledgehammer goal.by        54464ms Ordered_Resolution_Prover.Ordered_Ground_Resolution 105:3485  some (SH 54462ms, ATP 1748ms): Try this: by (smt (cvc5, quant_saturate) S_selects_neg_lits literal.collapse(2) multiset.map_ident_strong) (790 ms)
0.sledgehammer goal.using     35789ms Ordered_Resolution_Prover.Ordered_Ground_Resolution 114:3650  timeout (SH 35785ms): Timed out
0.sledgehammer goal.proof     34914ms Ordered_Resolution_Prover.Ordered_Ground_Resolution 115:3662  timeout (SH 34912ms): Timed out
0.sledgehammer goal.proof     39579ms Ordered_Resolution_Prover.Ordered_Ground_Resolution 121:3906  timeout (SH 39576ms): Timed out
0.sledgehammer goal.using     51894ms Ordered_Resolution_Prover.Ordered_Ground_Resolution 124:3995  some (SH 51887ms, ATP 1303ms): Try this: by (smt (cvc5, quant_saturate) ai_len image_mset_is_empty_iff nz size_empty size_mset) (606 ms)
0.sledgehammer goal.by        18310ms Ordered_Resolution_Prover.Ordered_Ground_Resolution 124:4011  some (SH 18307ms, ATP 1598ms): Try this: by (smt (cvc5, quant_saturate) image_mset_is_empty_iff size_empty size_mset) (275 ms)
0.sledgehammer goal.unfolding 938256ms Ordered_Resolution_Prover.Ordered_Ground_Resolution 126:4048  some (SH 938252ms, ATP 831ms): Try this: by (smt (cvc5, trigger_max) DA True add_cancel_left_left e le_multiset_plus_right_nonempty) (620 ms)
0.sledgehammer goal.by        24506ms Ordered_Resolution_Prover.Ordered_Ground_Resolution 126:4068  some (SH 24484ms, ATP 1709ms): Try this: by (smt (cvc5, fmf) add_0 le_multiset_plus_right_nonempty) (270 ms)
0.sledgehammer goal.using     38536ms Ordered_Resolution_Prover.Ordered_Ground_Resolution 136:4319  some (SH 38512ms, ATP 1690ms): Try this: apply (smt (cvc5, trigger_last) False Max_in_mset[of "\<Sum>\<^sub># (mset Cs)"] Max_lit_eq_pos_or_neg_Max_atm[of "\<Sum>\<^sub># (mset Cs)"] max_A_of_Cs_def neg_lit_in_atms_of[of "Max (atms_of (\<Sum>\<^sub># (mset Cs)))" "\<Sum>\<^sub># (mset Cs)"] pos_lit_in_atms_of[of max_A_of_Cs "\<Sum>\<^sub># (mset Cs)"]) (786 ms)
0.sledgehammer goal.by        37659ms Ordered_Resolution_Prover.Ordered_Ground_Resolution 136:4347  some (SH 37656ms, ATP 2826ms): Try this: apply (smt (cvc5, noematch) Max_in_mset[of "\<Sum>\<^sub># (mset Cs)"] Max_lit_eq_pos_or_neg_Max_atm[of "\<Sum>\<^sub># (mset Cs)"] neg_lit_in_atms_of[of "Max (atms_of (\<Sum>\<^sub># (mset Cs)))" "\<Sum>\<^sub># (mset Cs)"] pos_lit_in_atms_of[of max_A_of_Cs "\<Sum>\<^sub># (mset Cs)"]) (1.3 s)
0.sledgehammer goal.by        40763ms Ordered_Resolution_Prover.Ordered_Ground_Resolution 139:4425  timeout (SH 40753ms): Timed out
0.sledgehammer goal.using     40188ms Ordered_Resolution_Prover.Ordered_Ground_Resolution 144:4668  some (SH 40182ms, ATP 1377ms): Try this: by (smt (cvc5, fmf) cas_len cs_len in_set_conv_nth) (1.1 s)
0.sledgehammer goal.by        82655ms Ordered_Resolution_Prover.Ordered_Ground_Resolution 144:4700  some (SH 82652ms, ATP 1552ms): Try this: by (smt (cvc5, fmf) cas_len cs_len in_set_conv_nth) (1.5 s)
0.sledgehammer goal.using     21048ms Ordered_Resolution_Prover.Ordered_Ground_Resolution 151:4926  some (SH 21044ms, ATP 1724ms): Try this: by (smt (cvc5, trigger_last) A_max_def cas_len cm_in_cas maxim mc_in_cm strictly_maximal_wrt_def) (622 ms)
0.sledgehammer goal.unfolding 15737ms Ordered_Resolution_Prover.Ordered_Ground_Resolution 151:4965  some (SH 15735ms, ATP 1587ms): Try this: by (smt (cvc5, trigger_last) A_max_def strictly_maximal_wrt_def) (842 ms)
0.sledgehammer goal.by        13568ms Ordered_Resolution_Prover.Ordered_Ground_Resolution 151:5010  some (SH 13565ms, ATP 1107ms): Try this: by (smt (cvc5, best)) (529 ms)
0.sledgehammer goal.using     173669ms Ordered_Resolution_Prover.Ordered_Ground_Resolution 154:5088  timeout (SH 173666ms):
0.sledgehammer goal.unfolding 45874ms Ordered_Resolution_Prover.Ordered_Ground_Resolution 154:5141  some (SH 45865ms, ATP 3467ms): Try this: by (smt (cvc5, trigger_max) A_max_def atms_of_negs linorder_not_less nth_mem set_mset_mset) (456 ms)
0.sledgehammer goal.by        30143ms Ordered_Resolution_Prover.Ordered_Ground_Resolution 155:5167  some (SH 30140ms, ATP 3284ms): Try this: by (smt (cvc5, noematch) atms_of_negs linorder_not_less nth_mem set_mset_mset) (368 ms)
0.sledgehammer goal.using     43874ms Ordered_Resolution_Prover.Ordered_Ground_Resolution 157:5295  some (SH 43872ms, ATP 3374ms): Try this: by (smt (cvc5, trigger_max) linorder_not_less mc_lt_ma mc_max order.strict_trans2) (248 ms)
0.sledgehammer goal.by        16406ms Ordered_Resolution_Prover.Ordered_Ground_Resolution 157:5317  some (SH 16399ms, ATP 1815ms): Try this: by (smt (cvc5, best) not_less_iff_gr_or_eq order.strict_trans2) (611 ms)
0.sledgehammer goal.using     63627ms Ordered_Resolution_Prover.Ordered_Ground_Resolution 159:5385  some (SH 63624ms, ATP 4199ms): Try this: by (smt (cvc5, fmf) atm_of_lit_in_atms_of linorder_not_less literal.sel(2) mc_lt_ma mc_max) (343 ms)
0.sledgehammer goal.by        10161ms Ordered_Resolution_Prover.Ordered_Ground_Resolution 159:5447  some (SH 10159ms, ATP 1544ms): Try this: by (smt (cvc5, best) linorder_not_less mc_lt_ma mc_max) (109 ms)
0.sledgehammer goal.using     119744ms Ordered_Resolution_Prover.Ordered_Ground_Resolution 161:5509  some (SH 119131ms, ATP 2245ms): Try this: by (smt (cvc5, fmf) A_max_def ai_len cas_len cm_in_cas image_eqI in_image_mset nth_mem_mset) (904 ms)
0.sledgehammer goal.by        37114ms Ordered_Resolution_Prover.Ordered_Ground_Resolution 161:5550  timeout (SH 37106ms): Timed out
0.sledgehammer goal.unfolding 54312ms Ordered_Resolution_Prover.Ordered_Ground_Resolution 163:5617  some (SH 54303ms, ATP 3063ms): Try this: by (smt (cvc5) Max_ge empty_neutral(2) finite_atms_of less_eq_Max_atms_of linorder_not_less linorder_not_less max_A_of_Cs_def mc_lt_ma neg_lit_in_atms_of order_trans sum_mset.empty sum_mset.empty sum_mset.empty union_iff)
0.sledgehammer goal.by        38575ms Ordered_Resolution_Prover.Ordered_Ground_Resolution 164:5651  timeout (SH 38573ms): Timed out
0.sledgehammer goal.unfolding 43957ms Ordered_Resolution_Prover.Ordered_Ground_Resolution 167:5820  some (SH 43953ms, ATP 2925ms): Try this: by (smt (cvc5, trigger_max) DA add_less_cancel_left e union_commute) (263 ms)
0.sledgehammer goal.by        19899ms Ordered_Resolution_Prover.Ordered_Ground_Resolution 167:5835  some (SH 19890ms, ATP 1968ms): Try this: by (smt (cvc5, best) add.commute add_less_cancel_left) (84 ms)
0.sledgehammer goal.proof     36503ms Ordered_Resolution_Prover.Ordered_Ground_Resolution 188:6266  timeout (SH 36498ms): Timed out
0.sledgehammer goal.using      6046ms Ordered_Resolution_Prover.Ordered_Ground_Resolution 190:6302  some (SH 6043ms, ATP 945ms): Try this: by (smt (cvc5, trigger_max) d_in_n ec_ni_n) (154 ms)
0.sledgehammer goal.by        15320ms Ordered_Resolution_Prover.Ordered_Ground_Resolution 190:6323  some (SH 15314ms, ATP 2212ms): Try this: by (smt (cvc5, best)) (36 ms)
0.sledgehammer goal.proof     36830ms Ordered_Resolution_Prover.Ordered_Ground_Resolution 192:6396  timeout (SH 36004ms): Timed out
0.sledgehammer goal.unfolding 45347ms Ordered_Resolution_Prover.Ordered_Ground_Resolution 200:6606  some (SH 45345ms, ATP 5551ms): Try this: by (smt (cvc5, quant_saturate) A_def Interp_imp_INTERP[of DA DA N] Max_in_lits[of DA] Max_lit_eq_pos_or_neg_Max_atm[of DA] d_cex d_in_n d_min[of DA] d_ne max_atm_imp_Interp[of DA N "Max (atms_of DA)"] s_d_e) (1.0 s)
0.sledgehammer goal.using     33258ms Ordered_Resolution_Prover.Ordered_Ground_Resolution 200:6622  some (SH 33255ms, ATP 2398ms): Try this: by (smt (cvc5, trigger_relev) Interp_imp_INTERP[of DA DA N] Max_in[of "atms_of DA"] atm_imp_pos_or_neg_lit[of "Max (atms_of DA)" DA] atms_empty_iff_empty[of DA] d_cex d_in_n d_min[of DA] d_ne finite_atms_of[of DA] max_atm_imp_Interp[of DA N "Max (atms_of DA)"] s_d_e) (205 ms)
0.sledgehammer goal.by        36727ms Ordered_Resolution_Prover.Ordered_Ground_Resolution 201:6664  some (SH 36721ms, ATP 2093ms): Try this: by (smt (cvc5, fmf) Interp_imp_INTERP[of DA DA N] Max_in[of "atms_of DA"] atm_imp_pos_or_neg_lit[of "Max (atms_of DA)" DA] atms_empty_iff_empty[of DA] finite_atms_of[of DA] max_atm_imp_Interp[of DA N "Max (atms_of DA)"]) (361 ms)
0.sledgehammer goal.unfolding 86315ms Ordered_Resolution_Prover.Ordered_Ground_Resolution 203:6805  some (SH 86311ms, ATP 1872ms): Try this: by (smt (cvc5, noematch) As_def D_def image_mset_single insert_DiffM2 mset_single_iff_right) (927 ms)
0.sledgehammer goal.by        93229ms Ordered_Resolution_Prover.Ordered_Ground_Resolution 203:6828  some (SH 93225ms, ATP 1207ms): Try this: by (smt (cvc5, fmf) image_mset_single insert_DiffM2 mset_single_iff) (1.5 s)
0.sledgehammer goal.by        12753ms Ordered_Resolution_Prover.Ordered_Ground_Resolution 205:6896  some (SH 12746ms, ATP 1638ms): Try this: by (smt (cvc5, term_relev) das mset_subset_eq_add_right) (206 ms)
0.sledgehammer goal.using     35339ms Ordered_Resolution_Prover.Ordered_Ground_Resolution 207:6992  some (SH 35336ms, ATP 3006ms): Try this: by (smt (cvc5, best) A_def As_def das nth_Cons_0) (96 ms)
0.sledgehammer goal.by        14848ms Ordered_Resolution_Prover.Ordered_Ground_Resolution 207:7015  some (SH 14839ms, ATP 2200ms): Try this: by (smt (cvc5, term_relev) nth_Cons_0) (537 ms)
0.sledgehammer goal.using     46566ms Ordered_Resolution_Prover.Ordered_Ground_Resolution 209:7060  some (SH 46561ms, ATP 2190ms): Try this: by (smt (cvc5, quant_saturate) As_def One_nat_def add_0_left[of "Suc 0"] calculation(1) eligible[of DA As] list.size(3) list.size(4)[of A "[]"] maximal_wrt_def[of "Max (atms_of DA)" DA] s_d_e) (173 ms)
0.sledgehammer goal.by        34240ms Ordered_Resolution_Prover.Ordered_Ground_Resolution 209:7108  timeout (SH 34230ms): Timed out
0.sledgehammer goal.using     15849ms Ordered_Resolution_Prover.Ordered_Ground_Resolution 211:7150  some (SH 15844ms, ATP 1572ms): Try this: by (smt (cvc5, trigger_last) As_def not_Cons_self2) (674 ms)
0.sledgehammer goal.by        17682ms Ordered_Resolution_Prover.Ordered_Ground_Resolution 211:7163  some (SH 17672ms, ATP 1669ms): Try this: by (smt (cvc5, noematch) not_Cons_self2) (660 ms)
0.sledgehammer goal.unfolding 43182ms Ordered_Resolution_Prover.Ordered_Ground_Resolution 220:7394  timeout (SH 43165ms): Timed out
0.sledgehammer goal.using     38355ms Ordered_Resolution_Prover.Ordered_Ground_Resolution 220:7411  some (SH 38348ms, ATP 1835ms): Try this: by (smt (cvc5, quant_saturate) image_mset_is_empty_iff list_of_mset_empty s_d_e) (550 ms)
0.sledgehammer goal.by        24494ms Ordered_Resolution_Prover.Ordered_Ground_Resolution 221:7429  some (SH 24487ms, ATP 1899ms): Try this: by (smt (cvc5, quant_saturate) image_mset_is_empty_iff list_of_mset_empty) (868 ms)
0.sledgehammer goal.using     35630ms Ordered_Resolution_Prover.Ordered_Ground_Resolution 223:7555  timeout (SH 35626ms): Timed out
0.sledgehammer goal.by        37285ms Ordered_Resolution_Prover.Ordered_Ground_Resolution 223:7580  timeout (SH 37281ms): Timed out
0.sledgehammer goal.unfolding 10086ms Ordered_Resolution_Prover.Ordered_Ground_Resolution 225:7659  some (SH 10079ms, ATP 2455ms): Try this: by (smt (cvc5, quant_saturate) \<open>As \<equiv> list_of_mset (image_mset atm_of (S DA))\<close> mset_list_of_mset) (200 ms)
0.sledgehammer goal.by        21887ms Ordered_Resolution_Prover.Ordered_Ground_Resolution 225:7676  some (SH 21884ms, ATP 1690ms): Try this: by (smt (cvc5, best) mset_list_of_mset) (100 ms)
0.sledgehammer goal.using     38669ms Ordered_Resolution_Prover.Ordered_Ground_Resolution 227:7739  some (SH 37611ms, ATP 1821ms): Try this: by (smt (cvc5, best) D_def \<open>As \<equiv> list_of_mset (image_mset atm_of (S DA))\<close> add.commute calculation(2) mset_list_of_mset subset_mset.add_diff_inverse) (290 ms)
0.sledgehammer goal.unfolding 51112ms Ordered_Resolution_Prover.Ordered_Ground_Resolution 227:7755  some (SH 51105ms, ATP 2561ms): Try this: by (smt (cvc5, best) \<open>As \<equiv> list_of_mset (image_mset atm_of (S DA))\<close> \<open>D \<equiv> DA - negs (image_mset atm_of (S DA))\<close> mset_list_of_mset subset_mset.le_imp_diff_is_add) (896 ms)
0.sledgehammer goal.by        20768ms Ordered_Resolution_Prover.Ordered_Ground_Resolution 227:7778  some (SH 20765ms, ATP 1969ms): Try this: by (smt (cvc5, term_relev) mset_list_of_mset subset_mset.le_imp_diff_is_add) (567 ms)
0.sledgehammer goal.by        41735ms Ordered_Resolution_Prover.Ordered_Ground_Resolution 229:7848  some (SH 41728ms, ATP 643ms): Try this: by (smt (cvc5, trigger_max) filter_neg_atm_of_S image_mset_cong2 multiset.map_comp o_apply) (1.1 s)
0.sledgehammer goal.unfolding 153567ms Ordered_Resolution_Prover.Ordered_Ground_Resolution 231:7928  timeout (SH 153565ms):
0.sledgehammer goal.by         6731ms Ordered_Resolution_Prover.Ordered_Ground_Resolution 231:7945  some (SH 6729ms, ATP 836ms): Try this: by (smt (cvc5, trigger_relev) mset_list_of_mset) (283 ms)
0.sledgehammer goal.unfolding 336336ms Ordered_Resolution_Prover.Ordered_Ground_Resolution 233:7990  some (SH 336334ms, ATP 2977ms): Try this: by (smt (cvc5, trigger_relev) ground_resolution_with_selection.eligible.intros ground_resolution_with_selection_axioms) (638 ms)
0.sledgehammer goal.using     20869ms Ordered_Resolution_Prover.Ordered_Ground_Resolution 233:8004  some (SH 18514ms, ATP 4679ms): Try this: by (smt (cvc5, fmf) ground_resolution_with_selection.eligible.intros ground_resolution_with_selection_axioms) (1.1 s)
0.sledgehammer goal.by        17280ms Ordered_Resolution_Prover.Ordered_Ground_Resolution 233:8019  some (SH 17279ms, ATP 1174ms): Try this: by (smt (cvc5, noematch)) (916 ms)
0.sledgehammer goal.by         8254ms Ordered_Resolution_Prover.Ordered_Ground_Resolution 235:8061  some (SH 8151ms, ATP 1107ms): Try this: by (smt (cvc5, best)) (969 ms)
0.sledgehammer goal.by         8432ms Ordered_Resolution_Prover.Ordered_Ground_Resolution 241:8212  some (SH 8430ms, ATP 971ms): Try this: by (smt (cvc5, best)) (881 ms)
0.sledgehammer goal.using     35640ms Ordered_Resolution_Prover.Ordered_Ground_Resolution 247:8316  timeout (SH 35638ms): Timed out
0.sledgehammer goal.by        34192ms Ordered_Resolution_Prover.Ordered_Ground_Resolution 247:8341  timeout (SH 34190ms): Timed out
0.sledgehammer goal.unfolding 107312ms Ordered_Resolution_Prover.Ordered_Ground_Resolution 249:8409  some (SH 107308ms, ATP 4165ms): Try this: by (smt (cvc5, best) INTERP_def UN_E basic_trans_rules(31) ground_resolution_with_selection.not_produces_imp_notin_production ground_resolution_with_selection_axioms) (1.4 s)
0.sledgehammer goal.by        86299ms Ordered_Resolution_Prover.Ordered_Ground_Resolution 250:8434  some (SH 86297ms, ATP 2385ms): Try this: by (smt (cvc5, trigger_last) Union_iff image_iff in_mono in_production_imp_produces) (1.4 s)
0.sledgehammer goal.using     50441ms Ordered_Resolution_Prover.Ordered_Ground_Resolution 252:8578  some (SH 50438ms, ATP 1160ms): Try this: by (smt (cvc5, fmf) d_cex insert_not_empty productive_imp_INTERP) (1.0 s)
0.sledgehammer goal.by        51704ms Ordered_Resolution_Prover.Ordered_Ground_Resolution 252:8592  some (SH 51700ms, ATP 1068ms): Try this: by (smt (cvc5, best) d_cex insert_not_empty productive_imp_INTERP) (1.9 s)
0.sledgehammer goal.using     14152ms Ordered_Resolution_Prover.Ordered_Ground_Resolution 254:8679  some (SH 14150ms, ATP 1386ms): Try this: by (smt (cvc5, noematch) prod_ex) (2.7 s)
0.sledgehammer goal.by        19846ms Ordered_Resolution_Prover.Ordered_Ground_Resolution 254:8693  some (SH 19844ms, ATP 3215ms): Try this: by (smt (cvc5, trigger_relev)) (2.6 s)
0.sledgehammer goal.by        35607ms Ordered_Resolution_Prover.Ordered_Ground_Resolution 256:8781  timeout (SH 35604ms): Timed out
0.sledgehammer goal.by         4858ms Ordered_Resolution_Prover.Ordered_Ground_Resolution 258:8853  some (SH 4856ms, ATP 928ms): Try this: by (smt (cvc5, quant_saturate)) (340 ms)
0.sledgehammer goal.by        67381ms Ordered_Resolution_Prover.Ordered_Ground_Resolution 266:9119  some (SH 67012ms, ATP 1817ms): Try this: by (smt (cvc5, trigger_max) image_filter_cong literal.sel(1) multiset.map_ident) (1.5 s)
0.sledgehammer goal.using     34892ms Ordered_Resolution_Prover.Ordered_Ground_Resolution 268:9272  timeout (SH 34890ms): Timed out
0.sledgehammer goal.by        34233ms Ordered_Resolution_Prover.Ordered_Ground_Resolution 268:9301  timeout (SH 34227ms): Timed out
0.sledgehammer goal.unfolding 35645ms Ordered_Resolution_Prover.Ordered_Ground_Resolution 280:9632  timeout (SH 35643ms): Timed out
0.sledgehammer goal.using     34442ms Ordered_Resolution_Prover.Ordered_Ground_Resolution 280:9652  timeout (SH 34440ms): Timed out
0.sledgehammer goal.by        38269ms Ordered_Resolution_Prover.Ordered_Ground_Resolution 281:9695  some (SH 38267ms, ATP 399ms): Try this: by (smt (cvc5, fmf) filter_mset_eq_mempty_iff image_mset_is_empty_iff) (881 ms)
0.sledgehammer goal.proof     37333ms Ordered_Resolution_Prover.Ordered_Ground_Resolution 284:9834  timeout (SH 37331ms): Timed out
0.sledgehammer goal.using      8554ms Ordered_Resolution_Prover.Ordered_Ground_Resolution 286:9904  some (SH 8552ms, ATP 975ms): Try this: by (smt (cvc5, fmf) ca_in in_set_conv_nth) (457 ms)
0.sledgehammer goal.by         9314ms Ordered_Resolution_Prover.Ordered_Ground_Resolution 286:9916  some (SH 9312ms, ATP 1657ms): Try this: by (smt (cvc5, quant_saturate) in_set_conv_nth) (603 ms)
0.sledgehammer goal.using     69647ms Ordered_Resolution_Prover.Ordered_Ground_Resolution 288:10001  some (SH 69645ms, ATP 2172ms): Try this: by (smt (cvc5, fmf) CAs_def c_of0 i_p(1) length_map nth_mem) (286 ms)
0.sledgehammer goal.by        28477ms Ordered_Resolution_Prover.Ordered_Ground_Resolution 288:10027  some (SH 28474ms, ATP 1181ms): Try this: by (smt (cvc5, fmf) length_map nth_mem) (537 ms)
0.sledgehammer goal.using     84326ms Ordered_Resolution_Prover.Ordered_Ground_Resolution 290:10073  some (SH 84322ms, ATP 2693ms): Try this: by (smt (cvc5, quant_saturate) CAs_def i_p(1,2) insert_not_empty length_map nth_map) (372 ms)
0.sledgehammer goal.by        64670ms Ordered_Resolution_Prover.Ordered_Ground_Resolution 290:10091  some (SH 64667ms, ATP 1214ms): Try this: by (smt (cvc5, fmf) insert_not_empty length_map nth_map) (1.2 s)
0.sledgehammer goal.using     11235ms Ordered_Resolution_Prover.Ordered_Ground_Resolution 293:10146  some (SH 11232ms, ATP 1627ms): Try this: by (smt (cvc5, noematch) productive_in_N subsetI) (821 ms)
0.sledgehammer goal.by         9476ms Ordered_Resolution_Prover.Ordered_Ground_Resolution 293:10168  some (SH 9473ms, ATP 1401ms): Try this: by (smt (cvc5, noematch) subsetI) (579 ms)
0.sledgehammer goal.unfolding 24596ms Ordered_Resolution_Prover.Ordered_Ground_Resolution 295:10219  some (SH 24593ms, ATP 1804ms): Try this: by (smt (cvc5, best) prod_c productive_imp_INTERP set_mset_mset true_cls_mset_def) (317 ms)
0.sledgehammer goal.using     10964ms Ordered_Resolution_Prover.Ordered_Ground_Resolution 295:10247  some (SH 10962ms, ATP 1338ms): Try this: by (smt (cvc5, fmf) prod_c productive_imp_INTERP set_mset_mset) (383 ms)
0.sledgehammer goal.by        12330ms Ordered_Resolution_Prover.Ordered_Ground_Resolution 295:10282  some (SH 12328ms, ATP 1773ms): Try this: by (smt (cvc5, noematch) in_mset_conv_nth in_set_conv_nth) (994 ms)
0.sledgehammer goal.using     35766ms Ordered_Resolution_Prover.Ordered_Ground_Resolution 298:10340  timeout (SH 35764ms): Timed out
0.sledgehammer goal.by         8381ms Ordered_Resolution_Prover.Ordered_Ground_Resolution 298:10382  some (SH 8379ms, ATP 1671ms): Try this: by (smt (cvc5, quant_saturate)) (574 ms)
0.sledgehammer goal.unfolding 35721ms Ordered_Resolution_Prover.Ordered_Ground_Resolution 300:10455  timeout (SH 35715ms): Timed out
0.sledgehammer goal.using     40085ms Ordered_Resolution_Prover.Ordered_Ground_Resolution 300:10474  some (SH 40083ms, ATP 3267ms): Try this: by (smt (cvc5, noematch) atm_iff_pos_or_neg_lit mem_Collect_eq set_mset_filter) (403 ms)
0.sledgehammer goal.by        39996ms Ordered_Resolution_Prover.Ordered_Ground_Resolution 300:10503  some (SH 39994ms, ATP 3531ms): Try this: by (smt (cvc5, noematch) mem_Collect_eq set_mset_filter) (531 ms)
0.sledgehammer goal.unfolding 34469ms Ordered_Resolution_Prover.Ordered_Ground_Resolution 302:10555  timeout (SH 34467ms): Timed out
0.sledgehammer goal.by        43089ms Ordered_Resolution_Prover.Ordered_Ground_Resolution 302:10574  some (SH 43087ms, ATP 637ms): Try this: by (smt (cvc5, term_relev) less_eq_multiset_plus_right multiset_partition) (169 ms)
0.sledgehammer goal.using     23519ms Ordered_Resolution_Prover.Ordered_Ground_Resolution 304:10684  some (SH 23517ms, ATP 1258ms): Try this: by (smt (cvc5, best) prod_c0 produces_imp_Max_atom) (202 ms)
0.sledgehammer goal.by        16434ms Ordered_Resolution_Prover.Ordered_Ground_Resolution 304:10737  some (SH 16432ms, ATP 1371ms): Try this: by (smt (cvc5, noematch) produces_imp_Max_atom) (310 ms)
0.sledgehammer goal.using     37002ms Ordered_Resolution_Prover.Ordered_Ground_Resolution 306:10822  some (SH 36999ms, ATP 1249ms): Try this: by (smt (cvc5, fmf) c'_le_c less_eq_Max_atms_of) (519 ms)
0.sledgehammer goal.by        25875ms Ordered_Resolution_Prover.Ordered_Ground_Resolution 306:10836  some (SH 25872ms, ATP 1529ms): Try this: by (smt (cvc5, noematch) less_eq_Max_atms_of) (592 ms)
0.sledgehammer goal.using     27742ms Ordered_Resolution_Prover.Ordered_Ground_Resolution 308:10948  some (SH 27739ms, ATP 3898ms): Try this: by (smt (cvc5, trigger_relev) Max_in_lits a_ni_c' atm_of_Max_lit atm_of_lit_in_atms_of) (772 ms)
0.sledgehammer goal.by        10958ms Ordered_Resolution_Prover.Ordered_Ground_Resolution 308:10969  some (SH 10956ms, ATP 1146ms): Try this: by (smt (cvc5, noematch) atms_empty_iff_empty finite_atms_of) (532 ms)
0.sledgehammer goal.by        49074ms Ordered_Resolution_Prover.Ordered_Ground_Resolution 310:11123  some (SH 49072ms, ATP 1255ms): Try this: by (smt (cvc5, best) antisym_conv2) (815 ms)
0.sledgehammer goal.unfolding 13933ms Ordered_Resolution_Prover.Ordered_Ground_Resolution 313:11204  some (SH 13929ms, ATP 906ms): Try this: by (smt (cvc5, fmf) CAs_def length_map) (212 ms)
0.sledgehammer goal.by         8104ms Ordered_Resolution_Prover.Ordered_Ground_Resolution 313:11222  some (SH 8101ms, ATP 860ms): Try this: by (smt (cvc5, fmf) length_map) (172 ms)
0.sledgehammer goal.by         8115ms Ordered_Resolution_Prover.Ordered_Ground_Resolution 316:11259  some (SH 8111ms, ATP 1080ms): Try this: by (smt (cvc5, best) le_cs_as n_def) (35 ms)
0.sledgehammer goal.by        22085ms Ordered_Resolution_Prover.Ordered_Ground_Resolution 318:11325  some (SH 21672ms, ATP 943ms): Try this: by (smt (cvc5, trigger_last) Cs_def length_map n_def) (373 ms)
0.sledgehammer goal.by        11467ms Ordered_Resolution_Prover.Ordered_Ground_Resolution 320:11390  some (SH 11465ms, ATP 971ms): Try this: by (smt (cvc5, best) AAs_def length_map n_def) (60 ms)
0.sledgehammer goal.using      6347ms Ordered_Resolution_Prover.Ordered_Ground_Resolution 322:11455  some (SH 6344ms, ATP 798ms): Try this: by (smt (cvc5, trigger_max) n_def) (79 ms)
0.sledgehammer goal.by        11349ms Ordered_Resolution_Prover.Ordered_Ground_Resolution 322:11467  some (SH 10423ms, ATP 804ms): Try this: by (smt (cvc5, trigger_last)) (94 ms)
0.sledgehammer goal.by        11724ms Ordered_Resolution_Prover.Ordered_Ground_Resolution 324:11503  some (SH 10610ms, ATP 1369ms): Try this: by (smt (cvc5, noematch) as_ne length_0_conv n_def) (263 ms)
0.sledgehammer goal.using     33878ms Ordered_Resolution_Prover.Ordered_Ground_Resolution 326:11602  timeout (SH 33876ms): Timed out
0.sledgehammer goal.by        34282ms Ordered_Resolution_Prover.Ordered_Ground_Resolution 326:11626  timeout (SH 34279ms): Timed out
0.sledgehammer goal.by        34879ms Ordered_Resolution_Prover.Ordered_Ground_Resolution 329:11725  timeout (SH 34877ms): Timed out
0.sledgehammer goal.using      7565ms Ordered_Resolution_Prover.Ordered_Ground_Resolution 333:12007  some (SH 7562ms, ATP 1233ms): Try this: by (smt (cvc5, noematch) c_of0) (851 ms)
0.sledgehammer goal.by         9308ms Ordered_Resolution_Prover.Ordered_Ground_Resolution 333:12021  some (SH 8092ms, ATP 1180ms): Try this: by (smt (cvc5, term_relev)) (944 ms)
0.sledgehammer goal.unfolding 87117ms Ordered_Resolution_Prover.Ordered_Ground_Resolution 335:12077  some (SH 87115ms, ATP 2003ms): Try this: by (smt (cvc5, noematch) AAs_def calculation(3) m_nz n_def nth_map nth_mem) (686 ms)
0.sledgehammer goal.using     89581ms Ordered_Resolution_Prover.Ordered_Ground_Resolution 335:12095  some (SH 89579ms, ATP 1152ms): Try this: by (smt (cvc5, fmf) AAs_def calculation(3) m_nz n_def nth_map nth_mem) (524 ms)
0.sledgehammer goal.by        52010ms Ordered_Resolution_Prover.Ordered_Ground_Resolution 335:12106  some (SH 52007ms, ATP 1250ms): Try this: by (smt (cvc5, fmf) AAs_def calculation(3) n_def nth_map nth_mem) (448 ms)
0.sledgehammer goal.unfolding 34720ms Ordered_Resolution_Prover.Ordered_Ground_Resolution 337:12169  timeout (SH 34718ms): Timed out
0.sledgehammer goal.using     53722ms Ordered_Resolution_Prover.Ordered_Ground_Resolution 337:12202  some (SH 53720ms, ATP 1704ms): Try this: by (smt (cvc5, fmf) ca_of_c_of_aj_of n_def nth_map) (1.5 s)
0.sledgehammer goal.by        34474ms Ordered_Resolution_Prover.Ordered_Ground_Resolution 337:12225  some (SH 34473ms, ATP 1538ms): Try this: by (smt (cvc5, noematch) n_def nth_map) (1.0 s)
0.sledgehammer goal.using      7998ms Ordered_Resolution_Prover.Ordered_Ground_Resolution 340:12291  some (SH 7996ms, ATP 939ms): Try this: by (smt (cvc5, fmf) \<open>\<forall>i<length AAs. AAs ! i \<noteq> {#}\<close> calculation(3)) (202 ms)
0.sledgehammer goal.by         6766ms Ordered_Resolution_Prover.Ordered_Ground_Resolution 340:12345  some (SH 6764ms, ATP 1075ms): Try this: by (smt (cvc5, trigger_last)) (257 ms)
0.sledgehammer goal.by        12225ms Ordered_Resolution_Prover.Ordered_Ground_Resolution 342:12410  some (SH 11942ms, ATP 1756ms): Try this: by (smt (cvc5, term_relev) \<open>\<forall>i<length AAs. \<forall>A\<in>#AAs ! i. A = As ! i\<close> calculation(3)) (465 ms)
0.sledgehammer goal.using      5754ms Ordered_Resolution_Prover.Ordered_Ground_Resolution 344:12522  some (SH 5752ms, ATP 781ms): Try this: by (smt (cvc5, trigger_last) s_d) (35 ms)
0.sledgehammer goal.by         6001ms Ordered_Resolution_Prover.Ordered_Ground_Resolution 344:12532  some (SH 4976ms, ATP 964ms): Try this: by (smt (cvc5, best)) (59 ms)
0.sledgehammer goal.using     18594ms Ordered_Resolution_Prover.Ordered_Ground_Resolution 346:12591  some (SH 17098ms, ATP 1026ms): Try this: by (smt (cvc5, quant_saturate) \<open>D \<equiv> DA - negs (mset As)\<close> negs_as_le_d subset_mset.diff_add) (92 ms)
0.sledgehammer goal.by         6761ms Ordered_Resolution_Prover.Ordered_Ground_Resolution 346:12616  some (SH 6759ms, ATP 1035ms): Try this: by (smt (cvc5, trigger_relev) subset_mset.diff_add) (173 ms)
0.sledgehammer goal.by        52849ms Ordered_Resolution_Prover.Ordered_Ground_Resolution 348:12708  some (SH 52763ms, ATP 3886ms): Try this: by (smt (cvc5) Cs_def Max_ge \<open>\<And>Aa. \<lbrakk>Aa \<in> set As; C_of Aa \<noteq> {#}\<rbrakk> \<Longrightarrow> Max (atms_of (C_of Aa)) \<le> Aa\<close> a_ni_c' atms_empty_iff_empty calculation(3) empty_iff finite_atms_of n_def nth_map nth_mem order_le_imp_less_or_eq order_trans strictly_maximal_wrt_def)
0.sledgehammer goal.by         9681ms Ordered_Resolution_Prover.Ordered_Ground_Resolution 351:12945  some (SH 9679ms, ATP 868ms): Try this: by (smt (cvc5, fmf) \<open>\<And>i. i < length AAs \<Longrightarrow> strictly_maximal_wrt (As ! i) (Cs ! i)\<close> calculation(3)) (422 ms)
0.sledgehammer goal.using     29969ms Ordered_Resolution_Prover.Ordered_Ground_Resolution 353:13085  some (SH 29967ms, ATP 1763ms): Try this: by (smt (cvc5, fmf) ground_resolution_with_selection.productive_imp_produces_Max_atom ground_resolution_with_selection_axioms prod_c producesD) (1.4 s)
0.sledgehammer goal.by        14053ms Ordered_Resolution_Prover.Ordered_Ground_Resolution 353:13144  some (SH 14051ms, ATP 1879ms): Try this: by (smt (cvc5, fmf)) (2.4 s)
0.sledgehammer goal.using      6300ms Ordered_Resolution_Prover.Ordered_Ground_Resolution 355:13190  some (SH 6298ms, ATP 1058ms): Try this: by (smt (cvc5, fmf) \<open>\<forall>CA\<in>set CAs. S CA = {#}\<close>) (245 ms)
0.sledgehammer goal.by         7298ms Ordered_Resolution_Prover.Ordered_Ground_Resolution 355:13222  some (SH 7295ms, ATP 1002ms): Try this: by (smt (cvc5, trigger_max)) (116 ms)
0.sledgehammer goal.using     24450ms Ordered_Resolution_Prover.Ordered_Ground_Resolution 357:13274  some (SH 23251ms, ATP 1331ms): Try this: by (smt (cvc5, noematch) calculation(1) nth_mem) (341 ms)
0.sledgehammer goal.by         6548ms Ordered_Resolution_Prover.Ordered_Ground_Resolution 357:13305  some (SH 6546ms, ATP 1265ms): Try this: by (smt (cvc5, best)) (428 ms)
0.sledgehammer goal.using     51053ms Ordered_Resolution_Prover.Ordered_Ground_Resolution 359:13409  some (SH 49699ms, ATP 1983ms): Try this: by (smt (cvc5) le_cs_as ord_resolve)
0.sledgehammer goal.by        37452ms Ordered_Resolution_Prover.Ordered_Ground_Resolution 359:13427  some (SH 37450ms, ATP 5111ms): Try this: by (smt (cvc5) le_cs_as)
0.sledgehammer goal.by        36479ms Ordered_Resolution_Prover.Ordered_Ground_Resolution 362:13497  some (SH 36477ms, ATP 1251ms): Try this: by (smt (cvc5, term_relev) c_of0 ground_resolution_with_selection.producesD ground_resolution_with_selection_axioms) (573 ms)
0.sledgehammer goal.unfolding 30294ms Ordered_Resolution_Prover.Ordered_Ground_Resolution 364:13595  timeout (SH 30291ms): Timed out
0.sledgehammer goal.using     65513ms Ordered_Resolution_Prover.Ordered_Ground_Resolution 364:13646  some (SH 65510ms, ATP 3000ms): Try this: by (smt (cvc5) Un_commute insert_iff insert_is_Un mem_Collect_eq prod_c0 set_mset_filter true_lit_iff)
0.sledgehammer goal.by        64564ms Ordered_Resolution_Prover.Ordered_Ground_Resolution 365:13689  some (SH 64562ms, ATP 1634ms): Try this: by (smt (cvc5) Un_iff in_production_imp_produces mem_Collect_eq producesD set_mset_filter true_lit_iff)
0.sledgehammer goal.using     98454ms Ordered_Resolution_Prover.Ordered_Ground_Resolution 367:13761  some (SH 98452ms, ATP 2347ms): Try this: by (smt (cvc5, trigger_max) a_max_c atm_of_lit_in_atms_of atms_empty_iff_empty c'_le_c empty_iff ground_resolution_with_selection.not_Interp_imp_not_INTERP ground_resolution_with_selection_axioms max_c'_lt_a true_cls_def) (1.5 s)
0.sledgehammer goal.unfolding 34922ms Ordered_Resolution_Prover.Ordered_Ground_Resolution 367:13821  some (SH 34919ms, ATP 1024ms): Try this: by (smt (cvc5, trigger_max) true_cls_empty) (1.6 s)
0.sledgehammer goal.by        26485ms Ordered_Resolution_Prover.Ordered_Ground_Resolution 368:13848  some (SH 26481ms, ATP 2169ms): Try this: by (smt (cvc5) bex_empty set_mset_empty)
0.sledgehammer goal.unfolding 36757ms Ordered_Resolution_Prover.Ordered_Ground_Resolution 371:13928  timeout (SH 36755ms): Timed out
0.sledgehammer goal.using     31268ms Ordered_Resolution_Prover.Ordered_Ground_Resolution 371:13958  timeout (SH 31267ms): Timed out
0.sledgehammer goal.by        35252ms Ordered_Resolution_Prover.Ordered_Ground_Resolution 371:13972  timeout (SH 35249ms): Timed out
0.sledgehammer goal.using     36747ms Ordered_Resolution_Prover.Ordered_Ground_Resolution 373:14022  timeout (SH 36746ms): Timed out
0.sledgehammer goal.by        35012ms Ordered_Resolution_Prover.Ordered_Ground_Resolution 373:14034  timeout (SH 35008ms): Timed out
0.sledgehammer goal.by         5823ms Ordered_Resolution_Prover.Ordered_Ground_Resolution 376:14208  some (SH 5821ms, ATP 907ms): Try this: by (smt (cvc5, noematch) true_cls_union) (196 ms)
0.sledgehammer goal.by         7124ms Ordered_Resolution_Prover.Ordered_Ground_Resolution 379:14242  some (SH 6862ms, ATP 1189ms): Try this: by (smt (cvc5, best) cs_subs_n) (26 ms)
0.sledgehammer goal.by         6633ms Ordered_Resolution_Prover.Ordered_Ground_Resolution 381:14310  some (SH 5574ms, ATP 813ms): Try this: by (smt (cvc5, term_relev) cs_true) (118 ms)
0.sledgehammer goal.by         7217ms Ordered_Resolution_Prover.Ordered_Ground_Resolution 383:14391  some (SH 6849ms, ATP 1120ms): Try this: by (smt (cvc5, quant_saturate) prod_c) (91 ms)
0.sledgehammer goal.using     61217ms Ordered_Resolution_Prover.Ordered_Ground_Resolution 385:14481  some (SH 60332ms, ATP 1254ms): Try this: by (smt (cvc5, best) D_def add_diff_cancel_right' negs_as_le_d res_e subset_mset.add_diff_assoc2) (114 ms)
0.sledgehammer goal.by        27097ms Ordered_Resolution_Prover.Ordered_Ground_Resolution 385:14512  some (SH 27095ms, ATP 907ms): Try this: by (smt (cvc5, quant_saturate) subset_mset.le_imp_diff_is_add) (460 ms)
0.sledgehammer goal.using      7062ms Ordered_Resolution_Prover.Ordered_Ground_Resolution 387:14573  some (SH 7060ms, ATP 1047ms): Try this: by (smt (cvc5, quant_saturate) e_cex) (161 ms)
0.sledgehammer goal.by         5245ms Ordered_Resolution_Prover.Ordered_Ground_Resolution 387:14585  some (SH 5243ms, ATP 976ms): Try this: by (smt (cvc5, best)) (55 ms)
0.sledgehammer goal.using     16665ms Ordered_Resolution_Prover.Ordered_Ground_Resolution 389:14638  some (SH 14826ms, ATP 1041ms): Try this: by (smt (cvc5, best) calculation(4) ord_resolve_reductive) (115 ms)
0.sledgehammer goal.by         7734ms Ordered_Resolution_Prover.Ordered_Ground_Resolution 389:14681  some (SH 7732ms, ATP 1427ms): Try this: by (smt (cvc5, fmf)) (430 ms)
0.sledgehammer goal.using     35644ms Ordered_Resolution_Prover.Ordered_Ground_Resolution 397:14869  timeout (SH 35637ms): Timed out
0.sledgehammer goal.proof     34648ms Ordered_Resolution_Prover.Ordered_Ground_Resolution 398:14881  timeout (SH 34639ms): Timed out
0.sledgehammer goal.using     38694ms Ordered_Resolution_Prover.Ordered_Ground_Resolution 403:15105  some (SH 38690ms, ATP 2288ms): Try this: by (smt (cvc5, best) UnCI local.ord_resolve(8) set_mset_union subsetI) (293 ms)
0.sledgehammer goal.by        36223ms Ordered_Resolution_Prover.Ordered_Ground_Resolution 403:15115  some (SH 36220ms, ATP 3026ms): Try this: by (smt (cvc5, best) subsetI union_iff) (262 ms)
0.sledgehammer goal.by        60379ms Ordered_Resolution_Prover.Ordered_Ground_Resolution 405:15174  some (SH 60376ms, ATP 2603ms): Try this: by (smt (cvc5, term_relev) cas cas_len less_subset_eq_Union_mset mset_subset_eq_add_left subset_mset.dual_order.trans) (431 ms)
0.sledgehammer goal.using     24113ms Ordered_Resolution_Prover.Ordered_Ground_Resolution 407:15313  some (SH 24104ms, ATP 1799ms): Try this: by (smt (cvc5, best) cs_len in_set_conv_nth) (391 ms)
0.sledgehammer goal.by        11005ms Ordered_Resolution_Prover.Ordered_Ground_Resolution 407:15351  some (SH 11003ms, ATP 1551ms): Try this: by (smt (cvc5, fmf)) (1.1 s)
0.sledgehammer goal.by        77730ms Ordered_Resolution_Prover.Ordered_Ground_Resolution 409:15430  some (SH 77728ms, ATP 2008ms): Try this: by (smt (cvc5, quant_saturate) cas cas_len cs_len mset_subset_eq_add_left set_mset_mono subseteq_list_Union_mset) (791 ms)
0.sledgehammer goal.by         7082ms Ordered_Resolution_Prover.Ordered_Ground_Resolution 411:15549  some (SH 7081ms, ATP 874ms): Try this: by (smt (cvc5, fmf) lits_subseteq_imp_atms_subseteq) (394 ms)
0.sledgehammer goal.by        38521ms Ordered_Resolution_Prover.Ordered_Ground_Resolution 413:15693  timeout (SH 38519ms): Timed out
0.sledgehammer goal.by         7160ms Ordered_Resolution_Prover.Ordered_Ground_Resolution 417:15988  some (SH 7159ms, ATP 1526ms): Try this: by (smt (cvc5, fmf)) (184 ms)
0.sledgehammer goal.using     63499ms Ordered_Resolution_Prover.Ordered_Ground_Resolution 419:16041  some (SH 63496ms, ATP 1518ms): Try this: by (smt (cvc5, term_relev) DA lits_subseteq_imp_atms_subseteq set_mset_union sup_ge1) (281 ms)
0.sledgehammer goal.by        31967ms Ordered_Resolution_Prover.Ordered_Ground_Resolution 419:16050  some (SH 31962ms, ATP 1462ms): Try this: by (smt (cvc5, best) lits_subseteq_imp_atms_subseteq mset_subset_eq_add_left set_mset_mono) (158 ms)
0.sledgehammer goal.unfolding 44878ms Ordered_Resolution_Prover.Ordered_Ground_Resolution 421:16088  some (SH 44875ms, ATP 1251ms): Try this: by (smt (cvc5, best) atms_of_plus e sup.mono) (221 ms)
0.sledgehammer goal.by        38684ms Ordered_Resolution_Prover.Ordered_Ground_Resolution 421:16100  some (SH 38680ms, ATP 1352ms): Try this: by (smt (cvc5, quant_saturate) atms_of_plus sup.mono) (365 ms)
0.sledgehammer goal.proof     34443ms Ordered_Resolution_Prover.Ordered_Ground_Resolution 440:16743  timeout (SH 34435ms): Timed out
0.sledgehammer goal.using     23822ms Ordered_Resolution_Prover.Ordered_Ground_Resolution 449:17117  some (SH 23818ms, ATP 1749ms): Try this: by (smt (cvc5) ord_resolve_counterex_reducing)
0.sledgehammer goal.by        15134ms Ordered_Resolution_Prover.Ordered_Ground_Resolution 449:17170  some (SH 15132ms, ATP 1769ms): Try this: by (smt (cvc5))
0.sledgehammer goal.using     35721ms Ordered_Resolution_Prover.Ordered_Ground_Resolution 452:17222  timeout (SH 35719ms): Timed out
0.sledgehammer goal.unfolding 30449ms Ordered_Resolution_Prover.Ordered_Ground_Resolution 452:17234  timeout (SH 30446ms): Timed out
0.sledgehammer goal.by        11993ms Ordered_Resolution_Prover.Ordered_Ground_Resolution 452:17254  some (SH 11990ms, ATP 1438ms): Try this: by (smt (cvc5, best) mem_Collect_eq) (1.5 s)
0.sledgehammer goal.using     14622ms Ordered_Resolution_Prover.Ordered_Ground_Resolution 455:17413  some (SH 14620ms, ATP 1964ms): Try this: by (smt (cvc5, fmf) dd_sset_n dd_true e_cex e_lt_c set_mset_mset) (499 ms)
0.sledgehammer goal.by         9761ms Ordered_Resolution_Prover.Ordered_Ground_Resolution 455:17450  some (SH 9758ms, ATP 1374ms): Try this: by (smt (cvc5, fmf) set_mset_mset) (551 ms)
0.sledgehammer goal.by        34303ms Ordered_Resolution_Prover.Unordered_Ground_Resolution 31:901  timeout (SH 34300ms): Timed out
0.sledgehammer goal.using     33008ms Ordered_Resolution_Prover.Unordered_Ground_Resolution 37:1161  timeout (SH 33005ms): Timed out
0.sledgehammer goal.by        101726ms Ordered_Resolution_Prover.Unordered_Ground_Resolution 37:1187  some (SH 101719ms, ATP 444ms): Try this: by (smt (cvc5, trigger_last) true_cls_add_mset true_cls_replicate_mset true_cls_union true_lit_simps(1,2)) (446 ms)
0.sledgehammer goal.proof     34154ms Ordered_Resolution_Prover.Unordered_Ground_Resolution 57:1709  timeout (SH 34152ms): Timed out
0.sledgehammer goal.using      6335ms Ordered_Resolution_Prover.Unordered_Ground_Resolution 59:1744  some (SH 6333ms, ATP 987ms): Try this: by (smt (cvc5, best) c_in_n ec_ni_n) (41 ms)
0.sledgehammer goal.by         7899ms Ordered_Resolution_Prover.Unordered_Ground_Resolution 59:1765  some (SH 7602ms, ATP 1135ms): Try this: by (smt (cvc5, best)) (41 ms)
0.sledgehammer goal.using     13783ms Ordered_Resolution_Prover.Unordered_Ground_Resolution 61:1827  some (SH 12581ms, ATP 1507ms): Try this: by (smt (cvc5, noematch) Max_in atms_empty_iff_empty c_ne finite_atms_of) (545 ms)
0.sledgehammer goal.by        11276ms Ordered_Resolution_Prover.Unordered_Ground_Resolution 61:1838  some (SH 11274ms, ATP 1239ms): Try this: by (smt (cvc5, noematch) Max_in atms_empty_iff_empty finite_atms_of) (504 ms)
0.sledgehammer goal.using     33992ms Ordered_Resolution_Prover.Unordered_Ground_Resolution 63:1938  timeout (SH 33990ms): Timed out
0.sledgehammer goal.by        13083ms Ordered_Resolution_Prover.Unordered_Ground_Resolution 64:2054  some (SH 13081ms, ATP 1264ms): Try this: by (smt (cvc5, trigger_relev)) (2.5 s)
0.sledgehammer goal.by         5099ms Ordered_Resolution_Prover.Unordered_Ground_Resolution 66:2114  some (SH 5097ms, ATP 822ms): Try this: by (smt (cvc5, noematch)) (152 ms)
0.sledgehammer goal.using     16802ms Ordered_Resolution_Prover.Unordered_Ground_Resolution 68:2179  some (SH 15462ms, ATP 1141ms): Try this: by (smt (cvc5, fmf) mset_add) (423 ms)
0.sledgehammer goal.by         6959ms Ordered_Resolution_Prover.Unordered_Ground_Resolution 68:2198  some (SH 6957ms, ATP 1226ms): Try this: by (smt (cvc5, quant_saturate)) (541 ms)
0.sledgehammer goal.using     13786ms Ordered_Resolution_Prover.Unordered_Ground_Resolution 70:2233  some (SH 13784ms, ATP 879ms): Try this: by (smt (cvc5, trigger_last) c_cex neg_a_in_c neg_literal_notin_imp_true_cls) (281 ms)
0.sledgehammer goal.by         9856ms Ordered_Resolution_Prover.Unordered_Ground_Resolution 70:2279  some (SH 9855ms, ATP 1043ms): Try this: by (smt (cvc5, fmf) c_cex neg_literal_notin_imp_true_cls) (380 ms)
0.sledgehammer goal.unfolding 173645ms Ordered_Resolution_Prover.Unordered_Ground_Resolution 72:2334  timeout (SH 173643ms):
0.sledgehammer goal.by        23705ms Ordered_Resolution_Prover.Unordered_Ground_Resolution 72:2355  some (SH 23704ms, ATP 1481ms): Try this: by (smt (cvc5, fmf) UN_iff in_production_imp_produces) (389 ms)
0.sledgehammer goal.unfolding 16157ms Ordered_Resolution_Prover.Unordered_Ground_Resolution 74:2441  some (SH 16155ms, ATP 992ms): Try this: by (smt (cvc5, quant_saturate) d0 empty_not_insert) (119 ms)
0.sledgehammer goal.by         5934ms Ordered_Resolution_Prover.Unordered_Ground_Resolution 74:2454  some (SH 5931ms, ATP 1470ms): Try this: by (smt (cvc5, term_relev) insert_not_empty) (107 ms)
0.sledgehammer goal.using     10610ms Ordered_Resolution_Prover.Unordered_Ground_Resolution 76:2494  some (SH 10607ms, ATP 1038ms): Try this: by (smt (cvc5, quant_saturate) productive_in_N) (372 ms)
0.sledgehammer goal.by         7243ms Ordered_Resolution_Prover.Unordered_Ground_Resolution 76:2516  some (SH 7194ms, ATP 1230ms): Try this: by (smt (cvc5, quant_saturate)) (393 ms)
0.sledgehammer goal.using      8655ms Ordered_Resolution_Prover.Unordered_Ground_Resolution 78:2558  some (SH 8559ms, ATP 1020ms): Try this: by (smt (cvc5, fmf) prod_d productive_imp_INTERP) (292 ms)
0.sledgehammer goal.by         7869ms Ordered_Resolution_Prover.Unordered_Ground_Resolution 78:2593  some (SH 7864ms, ATP 2078ms): Try this: by (smt (cvc5, trigger_relev)) (360 ms)
0.sledgehammer goal.using     13924ms Ordered_Resolution_Prover.Unordered_Ground_Resolution 84:2734  some (SH 13922ms, ATP 1985ms): Try this: by (smt (cvc5, fmf) union_filter_mset_complement) (1.4 s)
0.sledgehammer goal.by        26286ms Ordered_Resolution_Prover.Unordered_Ground_Resolution 84:2773  some (SH 26282ms, ATP 1575ms): Try this: by (smt (cvc5, fmf) union_filter_mset_complement) (1.4 s)
0.sledgehammer goal.unfolding 22849ms Ordered_Resolution_Prover.Unordered_Ground_Resolution 86:2829  some (SH 22841ms, ATP 1415ms): Try this: by (smt (cvc5, trigger_relev) d mset_subset_eq_add_left set_mset_mono) (176 ms)
0.sledgehammer goal.by        61730ms Ordered_Resolution_Prover.Unordered_Ground_Resolution 86:2842  some (SH 61727ms, ATP 1615ms): Try this: by (smt (cvc5, fmf) \<open>\<And>thesis. (\<And>D' AAA. \<lbrakk>D = D' + AAA; D' = {#L \<in># D. L \<noteq> Pos A#}; AAA = {#L \<in># D. L = Pos A#}\<rbrakk> \<Longrightarrow> thesis) \<Longrightarrow> thesis\<close> subsetI union_iff) (855 ms)
0.sledgehammer goal.using     33722ms Ordered_Resolution_Prover.Unordered_Ground_Resolution 88:2876  timeout (SH 33720ms): Timed out
0.sledgehammer goal.by         7504ms Ordered_Resolution_Prover.Unordered_Ground_Resolution 88:2885  some (SH 7499ms, ATP 1091ms): Try this: by (smt (cvc5, noematch) produces_imp_neg_notin_lits) (259 ms)
0.sledgehammer goal.using     16155ms Ordered_Resolution_Prover.Unordered_Ground_Resolution 90:2975  some (SH 15842ms, ATP 1188ms): Try this: by (smt (cvc5, fmf) d union_iff) (101 ms)
0.sledgehammer goal.by        11474ms Ordered_Resolution_Prover.Unordered_Ground_Resolution 90:2989  some (SH 11473ms, ATP 945ms): Try this: by (smt (cvc5, term_relev) d union_iff) (83 ms)
0.sledgehammer goal.using     55161ms Ordered_Resolution_Prover.Unordered_Ground_Resolution 92:3034  some (SH 55159ms, ATP 3470ms): Try this: by (smt (cvc5, best) atm_imp_pos_or_neg_lit d' mem_Collect_eq neg_a_ni_d' set_mset_filter) (194 ms)
0.sledgehammer goal.by        44943ms Ordered_Resolution_Prover.Unordered_Ground_Resolution 92:3055  some (SH 44942ms, ATP 692ms): Try this: by (smt (cvc5, trigger_relev) atm_imp_pos_or_neg_lit mem_Collect_eq set_mset_filter) (246 ms)
0.sledgehammer goal.using     35155ms Ordered_Resolution_Prover.Unordered_Ground_Resolution 94:3148  timeout (SH 35153ms): Timed out
0.sledgehammer goal.by        34728ms Ordered_Resolution_Prover.Unordered_Ground_Resolution 95:3212  timeout (SH 34720ms): Timed out
0.sledgehammer goal.unfolding 22920ms Ordered_Resolution_Prover.Unordered_Ground_Resolution 97:3329  some (SH 22917ms, ATP 822ms): Try this: by (smt (cvc5, fmf) c d ground_resolution_without_selection.unord_resolve.intros) (160 ms)
0.sledgehammer goal.by         7585ms Ordered_Resolution_Prover.Unordered_Ground_Resolution 97:3343  some (SH 7583ms, ATP 1006ms): Try this: by (smt (cvc5, fmf) ground_resolution_without_selection.unord_resolve.intros) (280 ms)
0.sledgehammer goal.unfolding  9795ms Ordered_Resolution_Prover.Unordered_Ground_Resolution 100:3416  some (SH 9746ms, ATP 1238ms): Try this: by (smt (cvc5, best) d less_eq_multiset_plus_right) (52 ms)
0.sledgehammer goal.by         5989ms Ordered_Resolution_Prover.Unordered_Ground_Resolution 100:3428  some (SH 5987ms, ATP 862ms): Try this: by (smt (cvc5, best) less_eq_multiset_plus_right) (52 ms)
0.sledgehammer goal.using     13173ms Ordered_Resolution_Prover.Unordered_Ground_Resolution 102:3478  some (SH 12293ms, ATP 1275ms): Try this: by (smt (cvc5, best) d0 produces_imp_Max_atom) (125 ms)
0.sledgehammer goal.by        10556ms Ordered_Resolution_Prover.Unordered_Ground_Resolution 102:3520  some (SH 10553ms, ATP 1104ms): Try this: by (smt (cvc5, fmf) produces_imp_Max_atom) (272 ms)
0.sledgehammer goal.using     12593ms Ordered_Resolution_Prover.Unordered_Ground_Resolution 104:3578  some (SH 12591ms, ATP 1053ms): Try this: by (smt (cvc5, fmf) d'_le_d less_eq_Max_atms_of) (512 ms)
0.sledgehammer goal.by         9774ms Ordered_Resolution_Prover.Unordered_Ground_Resolution 104:3592  some (SH 9772ms, ATP 1623ms): Try this: by (smt (cvc5, noematch) less_eq_Max_atms_of) (674 ms)
0.sledgehammer goal.using     15934ms Ordered_Resolution_Prover.Unordered_Ground_Resolution 106:3684  some (SH 15928ms, ATP 1151ms): Try this: by (smt (cvc5, best) Max_in a_ni_d' atms_empty_iff_empty finite_atms_of) (230 ms)
0.sledgehammer goal.by         8198ms Ordered_Resolution_Prover.Unordered_Ground_Resolution 106:3705  some (SH 8196ms, ATP 1292ms): Try this: by (smt (cvc5, noematch) atms_empty_iff_empty finite_atms_of) (406 ms)
0.sledgehammer goal.using     14086ms Ordered_Resolution_Prover.Unordered_Ground_Resolution 108:3825  some (SH 14084ms, ATP 1227ms): Try this: by (smt (cvc5, fmf) order_le_imp_less_or_eq) (265 ms)
0.sledgehammer goal.by        11904ms Ordered_Resolution_Prover.Unordered_Ground_Resolution 108:3859  some (SH 11900ms, ATP 1126ms): Try this: by (smt (cvc5, quant_saturate)) (318 ms)
0.sledgehammer goal.using     11319ms Ordered_Resolution_Prover.Unordered_Ground_Resolution 111:3899  some (SH 10992ms, ATP 1010ms): Try this: by (smt (cvc5, best) d0 ground_resolution_with_selection.producesD ground_resolution_with_selection_axioms) (848 ms)
0.sledgehammer goal.by        10645ms Ordered_Resolution_Prover.Unordered_Ground_Resolution 111:3934  some (SH 10642ms, ATP 1366ms): Try this: by (smt (cvc5, quant_saturate) prod_d) (433 ms)
0.sledgehammer goal.unfolding 33429ms Ordered_Resolution_Prover.Unordered_Ground_Resolution 113:3979  timeout (SH 33427ms): Timed out
0.sledgehammer goal.by        36215ms Ordered_Resolution_Prover.Unordered_Ground_Resolution 113:4019  timeout (SH 36214ms): Timed out
0.sledgehammer goal.using     21193ms Ordered_Resolution_Prover.Unordered_Ground_Resolution 115:4104  some (SH 21189ms, ATP 2276ms): Try this: by (smt (cvc5, fmf) a_max_d d'_le_d max_d'_lt_a not_Interp_imp_not_INTERP true_cls_empty) (530 ms)
0.sledgehammer goal.by        10205ms Ordered_Resolution_Prover.Unordered_Ground_Resolution 115:4164  some (SH 10202ms, ATP 1499ms): Try this: by (smt (cvc5, fmf) true_cls_empty) (786 ms)
0.sledgehammer goal.using     37231ms Ordered_Resolution_Prover.Unordered_Ground_Resolution 117:4211  some (SH 37229ms, ATP 1881ms): Try this: by (smt (cvc5, best) c c_cex true_cls_add_mset) (41 ms)
0.sledgehammer goal.unfolding 32949ms Ordered_Resolution_Prover.Unordered_Ground_Resolution 117:4223  some (SH 32946ms, ATP 1803ms): Try this: by (smt (cvc5, best) add_mset_add_single c true_cls_union) (60 ms)
0.sledgehammer goal.by        22305ms Ordered_Resolution_Prover.Unordered_Ground_Resolution 117:4235  some (SH 22298ms, ATP 1330ms): Try this: by (smt (cvc5, best) true_cls_add_mset) (60 ms)
0.sledgehammer goal.by        13457ms Ordered_Resolution_Prover.Unordered_Ground_Resolution 119:4295  some (SH 13449ms, ATP 2384ms): Try this: by (smt (cvc5, best) true_cls_union) (67 ms)
0.sledgehammer goal.using     37312ms Ordered_Resolution_Prover.Unordered_Ground_Resolution 122:4344  timeout (SH 36068ms): Timed out
0.sledgehammer goal.by        41045ms Ordered_Resolution_Prover.Unordered_Ground_Resolution 122:4430  timeout (SH 41035ms): Timed out
0.sledgehammer goal.using     53564ms Ordered_Resolution_Prover.Unordered_Ground_Resolution 124:4481  some (SH 52103ms, ATP 6482ms): Try this: by (smt (cvc5, noematch) atms_less_eq_imp_lit_less_eq_neg neg_a_ni_d' order_less_le) (711 ms)
0.sledgehammer goal.by        22738ms Ordered_Resolution_Prover.Unordered_Ground_Resolution 124:4546  some (SH 22720ms, ATP 5025ms): Try this: by (smt (cvc5))
0.sledgehammer goal.by        79572ms Ordered_Resolution_Prover.Unordered_Ground_Resolution 126:4593  some (SH 79565ms, ATP 5509ms): Try this: by (smt (cvc5, best) add.commute add_less_cancel_right add_mset_add_single c mset_lt_single_right_iff) (634 ms)
0.sledgehammer goal.proof     45118ms Ordered_Resolution_Prover.Unordered_Ground_Resolution 144:5134  timeout (SH 45109ms): Timed out
0.sledgehammer goal.using     41340ms Ordered_Resolution_Prover.Unordered_Ground_Resolution 153:5470  some (SH 40503ms, ATP 5749ms): Try this: by (smt (cvc5) unord_resolve_counterex_reducing)
0.sledgehammer goal.by        30627ms Ordered_Resolution_Prover.Unordered_Ground_Resolution 153:5509  some (SH 30621ms, ATP 6380ms): Try this: by (smt (cvc5))
0.sledgehammer goal.by        49486ms Ordered_Resolution_Prover.Unordered_Ground_Resolution 155:5575  some (SH 49459ms, ATP 6933ms): Try this: by (smt (cvc5, term_relev) add_mset_eq_single insert_DiffM subsetI) (7.1 s)
0.sledgehammer goal.unfolding 36832ms Ordered_Resolution_Prover.Unordered_Ground_Resolution 157:5631  timeout (SH 36826ms): Timed out
0.sledgehammer goal.using     48665ms Ordered_Resolution_Prover.Unordered_Ground_Resolution 157:5653  some (SH 48658ms, ATP 7065ms): Try this: by (smt (cvc5, term_relev) mem_Collect_eq[of "Infer {#C#} D E" "\<lambda>uu. \<exists>uua uub uuc. uu = Infer {#uua#} uub uuc \<and> unord_resolve uua uub uuc"] res_e) (319 ms)
0.sledgehammer goal.by        14323ms Ordered_Resolution_Prover.Unordered_Ground_Resolution 157:5665  some (SH 14321ms, ATP 2423ms): Try this: by (smt (cvc5, fmf) mem_Collect_eq) (1.4 s)
0.sledgehammer goal.using     17291ms Ordered_Resolution_Prover.Unordered_Ground_Resolution 160:5792  some (SH 17288ms, ATP 1870ms): Try this: by (smt (cvc5, trigger_last) c_true e_cex e_lt_d true_cls_mset_singleton) (441 ms)
0.sledgehammer goal.by         8764ms Ordered_Resolution_Prover.Unordered_Ground_Resolution 160:5825  some (SH 8763ms, ATP 1144ms): Try this: by (smt (cvc5, best) true_cls_mset_singleton) (499 ms)
0.sledgehammer goal.by        105128ms Ordered_Resolution_Prover.Unordered_Ground_Resolution 165:5957  some (SH 105125ms, ATP 1474ms): Try this: by (smt (cvc5, trigger_relev) ground_resolution_without_selection.unord_\<Gamma>_def inference.sel(1,2,3) mem_Collect_eq true_cls_mset_singleton unord_resolve_sound) (1.7 s)
0.sledgehammer goal.by        35222ms Ordered_Resolution_Prover.Lazy_List_Liminf 25:924  some (SH 35219ms, ATP 1306ms): Try this: by (smt (cvc5, fmf) llength_ltake min_less_iff_conj) (714 ms)
0.sledgehammer goal.unfolding 34736ms Ordered_Resolution_Prover.Lazy_List_Liminf 34:1154  timeout (SH 34733ms): Timed out
0.sledgehammer goal.by        11055ms Ordered_Resolution_Prover.Lazy_List_Liminf 34:1178  some (SH 11049ms, ATP 1469ms): Try this: by (smt (cvc5, term_relev) SUP_upper mem_Collect_eq) (311 ms)
0.sledgehammer goal.unfolding 36365ms Ordered_Resolution_Prover.Lazy_List_Liminf 37:1284  timeout (SH 36361ms): Timed out
0.sledgehammer goal.by        16228ms Ordered_Resolution_Prover.Lazy_List_Liminf 37:1308  some (SH 16226ms, ATP 1230ms): Try this: by (smt (cvc5, term_relev) UN_iff mem_Collect_eq) (316 ms)
0.sledgehammer goal.unfolding  8472ms Ordered_Resolution_Prover.Lazy_List_Liminf 40:1410  some (SH 8470ms, ATP 1054ms): Try this: by (smt (cvc5, noematch) lnth_subset_Sup_llist subsetD) (905 ms)
0.sledgehammer goal.by        62479ms Ordered_Resolution_Prover.Lazy_List_Liminf 40:1434  some (SH 62477ms, ATP 1745ms): Try this: by (smt (cvc5, trigger_last) Collect_cong Sup_llist_def lnth_subset_Sup_llist subsetD) (1.5 s)
0.sledgehammer goal.unfolding 93712ms Ordered_Resolution_Prover.Lazy_List_Liminf 43:1495  some (SH 93710ms, ATP 2333ms): Try this: by (smt (cvc5, quant_saturate) Collect_empty_eq Sup_empty Sup_llist_def empty_is_image llength_LNil zero_order(3)) (1.1 s)
0.sledgehammer goal.by        34292ms Ordered_Resolution_Prover.Lazy_List_Liminf 43:1519  timeout (SH 34290ms): Timed out
0.sledgehammer goal.unfolding 33985ms Ordered_Resolution_Prover.Lazy_List_Liminf 46:1603  timeout (SH 33982ms): Timed out
0.sledgehammer goal.proof     37218ms Ordered_Resolution_Prover.Lazy_List_Liminf 47:1627  timeout (SH 37217ms): Timed out
0.sledgehammer goal.by        23663ms Ordered_Resolution_Prover.Lazy_List_Liminf 51:1848  some (SH 23661ms, ATP 1389ms): Try this: by (smt (cvc5, noematch) UN_iff mem_Collect_eq) (729 ms)
0.sledgehammer goal.by        32269ms Ordered_Resolution_Prover.Lazy_List_Liminf 53:1915  some (SH 32266ms, ATP 1310ms): Try this: by (smt (cvc5, best) bot_nat_0.not_eq_extremum lnth_LCons') (1.2 s)
0.sledgehammer goal.by        34043ms Ordered_Resolution_Prover.Lazy_List_Liminf 55:2016  timeout (SH 34042ms): Timed out
0.sledgehammer goal.by        100518ms Ordered_Resolution_Prover.Lazy_List_Liminf 57:2180  some (SH 100516ms, ATP 4012ms): Try this: by (smt (cvc5, fmf) Collect_cong Sup_llist_def Un_iff exists_index_imp_Sup_llist) (1.5 s)
0.sledgehammer goal.by        62338ms Ordered_Resolution_Prover.Lazy_List_Liminf 61:2339  some (SH 62335ms, ATP 1287ms): Try this: by (smt (cvc5, term_relev) Sup_llist_LCons Un_subset_iff lhd_LCons_ltl order_refl) (260 ms)
0.sledgehammer goal.unfolding 34625ms Ordered_Resolution_Prover.Lazy_List_Liminf 70:2639  timeout (SH 34621ms): Timed out
0.sledgehammer goal.by        128376ms Ordered_Resolution_Prover.Lazy_List_Liminf 71:2684  some (SH 128369ms, ATP 1704ms): Try this: by (smt (cvc5, trigger_last) Collect_cong[of "\<lambda>uub. enat uub < llength (ltake (eSuc j) Xs)" "\<lambda>uub. enat uub < llength Xs \<and> enat uub \<le> j"] iless_Suc_eq[of _ j] image_cong[of "{uub. enat uub < llength (ltake (eSuc j) Xs)}" "{uub. enat uub < llength (ltake (eSuc j) Xs)}" "lnth (ltake (eSuc j) Xs)" "lnth Xs"] less_llength_ltake[of "enat _" "eSuc j" Xs] lnth_ltake[of _ "eSuc j" Xs] mem_Collect_eq[of _ "\<lambda>uub. enat uub < llength (ltake (eSuc j) Xs)"]) (1.6 s)
0.sledgehammer goal.proof     33440ms Ordered_Resolution_Prover.Lazy_List_Liminf 75:2888  timeout (SH 33438ms): Timed out
0.sledgehammer goal.unfolding 30632ms Ordered_Resolution_Prover.Lazy_List_Liminf 78:2949  timeout (SH 30629ms): Timed out
0.sledgehammer goal.by        78063ms Ordered_Resolution_Prover.Lazy_List_Liminf 78:2978  some (SH 78058ms, ATP 1035ms): Try this: by (smt (cvc5, quant_saturate) Collect_empty_eq Sup_empty image_is_empty llength_eq_0 not_less_zero) (1.4 s)
0.sledgehammer goal.unfolding 29905ms Ordered_Resolution_Prover.Lazy_List_Liminf 82:3023  timeout (SH 29903ms): Timed out
0.sledgehammer goal.by        35389ms Ordered_Resolution_Prover.Lazy_List_Liminf 82:3062  timeout (SH 35385ms): Timed out
0.sledgehammer goal.unfolding 30672ms Ordered_Resolution_Prover.Lazy_List_Liminf 88:3279  timeout (SH 30670ms): Timed out
0.sledgehammer goal.by        34945ms Ordered_Resolution_Prover.Lazy_List_Liminf 88:3318  timeout (SH 34943ms): Timed out
0.sledgehammer goal.unfolding 28987ms Ordered_Resolution_Prover.Lazy_List_Liminf 91:3434  timeout (SH 28984ms): Timed out
0.sledgehammer goal.by        11574ms Ordered_Resolution_Prover.Lazy_List_Liminf 91:3477  some (SH 11573ms, ATP 1290ms): Try this: by (smt (cvc5, trigger_max) Collect_cong enat_ord_code(3)) (286 ms)
0.sledgehammer goal.unfolding  9976ms Ordered_Resolution_Prover.Lazy_List_Liminf 94:3576  some (SH 9974ms, ATP 1146ms): Try this: by (smt (cvc5, trigger_relev) Sup_upto_llist_enat_0 zero_enat_def) (127 ms)
0.sledgehammer goal.by         6215ms Ordered_Resolution_Prover.Lazy_List_Liminf 94:3600  some (SH 6213ms, ATP 1008ms): Try this: by (smt (cvc5, best) Sup_upto_llist_enat_0) (78 ms)
0.sledgehammer goal.by        66097ms Ordered_Resolution_Prover.Lazy_List_Liminf 101:3787  some (SH 65681ms, ATP 632ms): Try this: by (smt (cvc5, fmf) Sup_upto_llist_infinity eSuc_def enat.simps(4,5) enat_the_enat) (959 ms)
0.sledgehammer goal.unfolding 34043ms Ordered_Resolution_Prover.Lazy_List_Liminf 104:3919  timeout (SH 34041ms): Timed out
0.sledgehammer goal.by        38237ms Ordered_Resolution_Prover.Lazy_List_Liminf 104:3948  some (SH 38234ms, ATP 2065ms): Try this: by (smt (cvc5, best) SUP_le_iff SUP_upper dual_order.trans mem_Collect_eq) (336 ms)
0.sledgehammer goal.unfolding  9806ms Ordered_Resolution_Prover.Lazy_List_Liminf 107:4035  some (SH 9804ms, ATP 1048ms): Try this: by (smt (cvc5, fmf) Sup_upto_llist_infinity Sup_upto_llist_mono enat_ord_code(3)) (598 ms)
0.sledgehammer goal.by        40734ms Ordered_Resolution_Prover.Lazy_List_Liminf 107:4078  some (SH 40732ms, ATP 1527ms): Try this: by (smt (cvc5, best) SUP_le_iff mem_Collect_eq subset_eq) (1.0 s)
0.sledgehammer goal.unfolding 33969ms Ordered_Resolution_Prover.Lazy_List_Liminf 111:4201  timeout (SH 33967ms): Timed out
0.sledgehammer goal.by        37357ms Ordered_Resolution_Prover.Lazy_List_Liminf 111:4244  some (SH 37355ms, ATP 1772ms): Try this: by (smt (cvc5, best) UN_iff dual_order.refl mem_Collect_eq) (266 ms)
0.sledgehammer goal.unfolding 34863ms Ordered_Resolution_Prover.Lazy_List_Liminf 114:4341  timeout (SH 34859ms): Timed out
0.sledgehammer goal.by         8967ms Ordered_Resolution_Prover.Lazy_List_Liminf 114:4370  some (SH 8965ms, ATP 1346ms): Try this: by (smt (cvc5, term_relev) SUP_upper dual_order.refl mem_Collect_eq) (139 ms)
0.sledgehammer goal.using     36184ms Ordered_Resolution_Prover.Lazy_List_Liminf 119:4513  timeout (SH 35179ms): Timed out
0.sledgehammer goal.proof     34580ms Ordered_Resolution_Prover.Lazy_List_Liminf 120:4525  timeout (SH 34578ms): Timed out
0.sledgehammer goal.by         6367ms Ordered_Resolution_Prover.Lazy_List_Liminf 123:4622  some (SH 6364ms, ATP 1014ms): Try this: apply (smt (cvc5, term_relev) insert_subset) (138 ms)
0.sledgehammer goal.using     10263ms Ordered_Resolution_Prover.Lazy_List_Liminf 125:4695  some (SH 10183ms, ATP 1255ms): Try this: by (smt (cvc5, noematch) elem_Sup_llist_imp_Sup_upto_llist) (612 ms)
0.sledgehammer goal.by        11721ms Ordered_Resolution_Prover.Lazy_List_Liminf 125:4735  some (SH 11719ms, ATP 1519ms): Try this: by (smt (cvc5, quant_saturate)) (1.4 s)
0.sledgehammer goal.using     11261ms Ordered_Resolution_Prover.Lazy_List_Liminf 127:4810  some (SH 11258ms, ATP 1331ms): Try this: by (smt (cvc5, noematch) insert.hyps(3)) (192 ms)
0.sledgehammer goal.by         5810ms Ordered_Resolution_Prover.Lazy_List_Liminf 127:4831  some (SH 5809ms, ATP 776ms): Try this: by (smt (cvc5, trigger_max)) (324 ms)
0.sledgehammer goal.using     156519ms Ordered_Resolution_Prover.Lazy_List_Liminf 129:4894  timeout (SH 155584ms):
0.sledgehammer goal.by        108138ms Ordered_Resolution_Prover.Lazy_List_Liminf 129:4905  some (SH 108136ms, ATP 3717ms): Try this: by (smt (cvc5, quant_saturate) Sup_upto_llist_mono insert_subset max.cobounded1 max.cobounded2 max_enat_simps(1) mk_disjoint_insert subset_trans) (719 ms)
0.sledgehammer goal.by         4872ms Ordered_Resolution_Prover.Lazy_List_Liminf 132:5049  some (SH 4868ms, ATP 851ms): Try this: by (smt (cvc5, trigger_max)) (225 ms)
0.sledgehammer goal.unfolding 54696ms Ordered_Resolution_Prover.Lazy_List_Liminf 143:5312  some (SH 53702ms, ATP 585ms): Try this: by (smt (cvc5, quant_saturate) Collect_empty_eq Liminf_llist_def Sup_empty image_empty llength_LNil zero_order(3)) (829 ms)
0.sledgehammer goal.by        64621ms Ordered_Resolution_Prover.Lazy_List_Liminf 143:5339  some (SH 64618ms, ATP 3795ms): Try this: by (smt (cvc5, quant_saturate) INF_lower2 Orderings.order_eq_iff SUP_bot_conv(2) Sup_llist_LNil lnth_subset_Sup_llist mem_Collect_eq subset_empty) (387 ms)
0.sledgehammer goal.proof     33627ms Ordered_Resolution_Prover.Lazy_List_Liminf 147:5467  timeout (SH 33626ms): Timed out
0.sledgehammer goal.proof     38801ms Ordered_Resolution_Prover.Lazy_List_Liminf 150:5529  timeout (SH 38799ms): Timed out
0.sledgehammer goal.by        35331ms Ordered_Resolution_Prover.Lazy_List_Liminf 157:5792  timeout (SH 35329ms): Timed out
0.sledgehammer goal.by        34320ms Ordered_Resolution_Prover.Lazy_List_Liminf 162:6116  timeout (SH 34317ms): Timed out
0.sledgehammer goal.by        35237ms Ordered_Resolution_Prover.Lazy_List_Liminf 165:6239  timeout (SH 35230ms): Timed out
0.sledgehammer goal.by         7456ms Ordered_Resolution_Prover.Lazy_List_Liminf 173:6540  some (SH 7454ms, ATP 955ms): Try this: by (smt (cvc5, fmf)) (1.3 s)
0.sledgehammer goal.using     11789ms Ordered_Resolution_Prover.Lazy_List_Liminf 176:6597  some (SH 11784ms, ATP 964ms): Try this: by (smt (cvc5, best) Suc_ile_eq i) (60 ms)
0.sledgehammer goal.by         6538ms Ordered_Resolution_Prover.Lazy_List_Liminf 176:6605  some (SH 6536ms, ATP 858ms): Try this: by (smt (cvc5, best) Suc_ile_eq) (96 ms)
0.sledgehammer goal.using     94041ms Ordered_Resolution_Prover.Lazy_List_Liminf 178:6723  some (SH 93873ms, ATP 3595ms): Try this: by (smt (cvc5, term_relev) Suc_ile_eq Suc_le_D Suc_less_eq2 j linorder_not_le lnth_Suc_LCons) (1.4 s)
0.sledgehammer goal.by        56950ms Ordered_Resolution_Prover.Lazy_List_Liminf 178:6751  some (SH 56947ms, ATP 3333ms): Try this: by (smt (cvc5, trigger_last) Suc_less_eq2 linorder_not_less lnth_Suc_LCons) (1.0 s)
0.sledgehammer goal.by         6872ms Ordered_Resolution_Prover.Lazy_List_Liminf 181:6886  some (SH 6870ms, ATP 1320ms): Try this: by (smt (cvc5, best)) (944 ms)
0.sledgehammer goal.by        39082ms Ordered_Resolution_Prover.Lazy_List_Liminf 184:6935  timeout (SH 39079ms): Timed out
0.sledgehammer goal.proof     34474ms Ordered_Resolution_Prover.Lazy_List_Liminf 189:7145  timeout (SH 34472ms): Timed out
0.sledgehammer goal.by        19571ms Ordered_Resolution_Prover.Lazy_List_Liminf 193:7257  some (SH 19565ms, ATP 1682ms): Try this: by (smt (cvc5, fmf) not_lnull_conv) (358 ms)
0.sledgehammer goal.unfolding 31156ms Ordered_Resolution_Prover.Lazy_List_Liminf 195:7300  some (SH 31154ms, ATP 2038ms): Try this: by (smt (cvc5, trigger_relev) LCons.IH Liminf_llist_LCons[of y ys] Liminf_llist_LNil llast_LCons[of y ys] lnull_def[of xs] ltl_simps(2)[of y ys] xs) (3.1 s)
0.sledgehammer goal.by        29942ms Ordered_Resolution_Prover.Lazy_List_Liminf 195:7313  some (SH 29940ms, ATP 1432ms): Try this: by (smt (cvc5) LCons.IH Liminf_llist_LCons Liminf_llist_LNil llast_LCons lnull_def ltl_simps(2) xs)
0.sledgehammer goal.by        46234ms Ordered_Resolution_Prover.Lazy_List_Liminf 199:7514  some (SH 46231ms, ATP 1131ms): Try this: by (smt (cvc5, quant_saturate) Liminf_llist_LCons lhd_LCons_ltl lnull_ltlI) (991 ms)
0.sledgehammer goal.unfolding 34851ms Ordered_Resolution_Prover.Lazy_List_Liminf 202:7642  timeout (SH 34846ms): Timed out
0.sledgehammer goal.by        96336ms Ordered_Resolution_Prover.Lazy_List_Liminf 202:7683  some (SH 96333ms, ATP 5167ms): Try this: by (smt (cvc5, quant_saturate) INF_lower UN_mono le_eq_less_or_eq mem_Collect_eq subsetI) (1.3 s)
0.sledgehammer goal.unfolding 35092ms Ordered_Resolution_Prover.Lazy_List_Liminf 205:7782  timeout (SH 35088ms): Timed out
0.sledgehammer goal.by        34854ms Ordered_Resolution_Prover.Lazy_List_Liminf 205:7809  timeout (SH 34843ms): Timed out
0.sledgehammer goal.unfolding 20054ms Ordered_Resolution_Prover.Lazy_List_Liminf 209:7923  some (SH 20042ms, ATP 1762ms): Try this: by (smt (cvc5, quant_saturate) Liminf_llist_subset_Sup_llist Sup_llist_imp_exists_index in_mono) (883 ms)
0.sledgehammer goal.by        71576ms Ordered_Resolution_Prover.Lazy_List_Liminf 209:7950  some (SH 71573ms, ATP 1739ms): Try this: by (smt (cvc5, trigger_max) INT_E UN_iff dual_order.refl mem_Collect_eq) (445 ms)
0.sledgehammer goal.unfolding 34342ms Ordered_Resolution_Prover.Lazy_List_Liminf 214:8116  timeout (SH 34340ms): Timed out
0.sledgehammer goal.by        68263ms Ordered_Resolution_Prover.Lazy_List_Liminf 214:8143  some (SH 68261ms, ATP 879ms): Try this: by (smt (cvc5, trigger_max) INT_I UN_iff mem_Collect_eq) (262 ms)
0.sledgehammer goal.proof     35362ms Ordered_Resolution_Prover.Lazy_List_Liminf 222:8389  timeout (SH 35359ms): Timed out
0.sledgehammer goal.proof     35133ms Ordered_Resolution_Prover.Lazy_List_Liminf 224:8414  timeout (SH 35130ms): Timed out
0.sledgehammer goal.using     34952ms Ordered_Resolution_Prover.Lazy_List_Liminf 227:8479  timeout (SH 34947ms): Timed out
0.sledgehammer goal.by        35391ms Ordered_Resolution_Prover.Lazy_List_Liminf 227:8490  timeout (SH 35388ms): Timed out
0.sledgehammer goal.using     35795ms Ordered_Resolution_Prover.Lazy_List_Liminf 233:8700  timeout (SH 35792ms): Timed out
0.sledgehammer goal.by        37907ms Ordered_Resolution_Prover.Lazy_List_Liminf 233:8748  some (SH 37905ms, ATP 615ms): Try this: by (smt (cvc5, term_relev) UN_iff mem_Collect_eq) (1.1 s)
0.sledgehammer goal.using     38188ms Ordered_Resolution_Prover.Lazy_List_Liminf 237:8931  timeout (SH 38186ms): Timed out
0.sledgehammer goal.by        37538ms Ordered_Resolution_Prover.Lazy_List_Liminf 237:8957  some (SH 37530ms, ATP 1789ms): Try this: by (smt (cvc5, term_relev)) (377 ms)
0.sledgehammer goal.by        74671ms Ordered_Resolution_Prover.Lazy_List_Liminf 243:9056  some (SH 74668ms, ATP 1045ms): Try this: by (smt (cvc5, best) Max_in fin finite_imageI i_max_def image_is_empty nemp) (653 ms)
0.sledgehammer goal.unfolding  8566ms Ordered_Resolution_Prover.Lazy_List_Liminf 247:9193  some (SH 8564ms, ATP 1100ms): Try this: by (smt (cvc5, quant_saturate) image_iff) (731 ms)
0.sledgehammer goal.by         9488ms Ordered_Resolution_Prover.Lazy_List_Liminf 247:9213  some (SH 9296ms, ATP 1071ms): Try this: by (smt (cvc5, trigger_last) image_iff) (520 ms)
0.sledgehammer goal.unfolding 76224ms Ordered_Resolution_Prover.Lazy_List_Liminf 249:9272  some (SH 76223ms, ATP 1051ms): Try this: by (smt (cvc5, fmf) Max_ge fin finite_imageI i_max_def image_eqI) (530 ms)
0.sledgehammer goal.by        103637ms Ordered_Resolution_Prover.Lazy_List_Liminf 249:9292  some (SH 103634ms, ATP 1087ms): Try this: by (smt (cvc5, noematch) Max.coboundedI fin finite_imageI image_eqI) (1.2 s)
0.sledgehammer goal.using      8045ms Ordered_Resolution_Prover.Lazy_List_Liminf 251:9352  some (SH 8042ms, ATP 940ms): Try this: by (smt (cvc5, noematch) i_max_is i_of_lt x_max_in) (296 ms)
0.sledgehammer goal.by         6415ms Ordered_Resolution_Prover.Lazy_List_Liminf 251:9384  some (SH 6413ms, ATP 875ms): Try this: by (smt (cvc5, trigger_last)) (211 ms)
0.sledgehammer goal.proof     37517ms Ordered_Resolution_Prover.Lazy_List_Liminf 253:9475  timeout (SH 36939ms): Timed out
0.sledgehammer goal.using     27300ms Ordered_Resolution_Prover.Lazy_List_Liminf 257:9618  some (SH 27298ms, ATP 1646ms): Try this: by (smt (cvc5, trigger_max) Collect_cong in_inter) (561 ms)
0.sledgehammer goal.by        11209ms Ordered_Resolution_Prover.Lazy_List_Liminf 257:9633  some (SH 11207ms, ATP 1753ms): Try this: by (smt (cvc5, trigger_max) Collect_cong) (1.0 s)
0.sledgehammer goal.using     168898ms Ordered_Resolution_Prover.Lazy_List_Liminf 260:9756  timeout (SH 168896ms):
0.sledgehammer goal.by        22510ms Ordered_Resolution_Prover.Lazy_List_Liminf 260:9776  some (SH 22507ms, ATP 1298ms): Try this: by (smt (cvc5, best) Collect_mono_iff dual_order.trans) (884 ms)
0.sledgehammer goal.by        20649ms Ordered_Resolution_Prover.Lazy_List_Liminf 262:9875  some (SH 20647ms, ATP 670ms): Try this: by (smt (cvc5, best) INT_iff in_mono) (244 ms)
0.sledgehammer goal.by        11315ms Ordered_Resolution_Prover.Lazy_List_Liminf 265:9925  some (SH 11309ms, ATP 1467ms): Try this: by (smt (cvc5, fmf) Collect_cong) (828 ms)
0.sledgehammer goal.proof     37061ms Ordered_Resolution_Prover.Lazy_List_Liminf 272:10124  timeout (SH 37059ms): Timed out
0.sledgehammer goal.proof     35184ms Ordered_Resolution_Prover.Lazy_List_Liminf 274:10153  timeout (SH 35181ms): Timed out
0.sledgehammer goal.unfolding 35266ms Ordered_Resolution_Prover.Lazy_List_Liminf 280:10365  timeout (SH 35264ms): Timed out
0.sledgehammer goal.by        61872ms Ordered_Resolution_Prover.Lazy_List_Liminf 280:10392  some (SH 61867ms, ATP 3906ms): Try this: by (smt (cvc5) InterE UN_iff image_eqI llength_lmap lnth_lmap mem_Collect_eq)
0.sledgehammer goal.using     43057ms Ordered_Resolution_Prover.Lazy_List_Liminf 283:10460  some (SH 43054ms, ATP 1566ms): Try this: by (smt (cvc5, noematch) i_lt image_iff order_refl x_in_fgj) (578 ms)
0.sledgehammer goal.unfolding 22682ms Ordered_Resolution_Prover.Lazy_List_Liminf 283:10486  some (SH 22680ms, ATP 1745ms): Try this: by (smt (cvc5, trigger_max) image_iff order_refl) (240 ms)
0.sledgehammer goal.by        36609ms Ordered_Resolution_Prover.Lazy_List_Liminf 283:10521  some (SH 36601ms, ATP 4214ms): Try this: by (smt (cvc5, best) image_iff order_refl) (217 ms)
0.sledgehammer goal.apply     34184ms Ordered_Resolution_Prover.Lazy_List_Liminf 285:10612  timeout (SH 34182ms): Timed out
0.sledgehammer goal.using     35881ms Ordered_Resolution_Prover.Lazy_List_Liminf 286:10679  timeout (SH 35878ms): Timed out
0.sledgehammer goal.unfolding 109619ms Ordered_Resolution_Prover.Lazy_List_Liminf 286:10736  some (SH 109617ms, ATP 2070ms): Try this: by (smt (cvc5, best) exists_index_imp_Sup_llist inj_on_image_mem_iff llength_lmap lnth_lmap lnth_subset_Sup_llist) (1.5 s)
0.sledgehammer goal.by        42745ms Ordered_Resolution_Prover.Lazy_List_Liminf 287:10777  some (SH 42742ms, ATP 4289ms): Try this: by (smt (cvc5, trigger_max) exists_index_imp_Sup_llist f_inj inj_on_image_mem_iff llength_lmap lnth_lmap lnth_subset_Sup_llist) (720 ms)
0.sledgehammer goal.using     65019ms Ordered_Resolution_Prover.Lazy_List_Liminf 289:10875  some (SH 65014ms, ATP 2527ms): Try this: by (smt (cvc5, best) i_lt image_eqI llength_lmap llength_lnull lnth_lmap not_Liminf_llist_imp_exists_index not_less_zero order_refl) (903 ms)
0.sledgehammer goal.unfolding 35222ms Ordered_Resolution_Prover.Lazy_List_Liminf 289:10886  timeout (SH 35220ms): Timed out
0.sledgehammer goal.by        35352ms Ordered_Resolution_Prover.Lazy_List_Liminf 289:10913  timeout (SH 35350ms): Timed out
0.sledgehammer goal.using     38751ms Ordered_Resolution_Prover.Lazy_List_Liminf 293:10957  timeout (SH 38748ms): Timed out
0.sledgehammer goal.by        36015ms Ordered_Resolution_Prover.Lazy_List_Liminf 293:11032  timeout (SH 36011ms): Timed out
0.sledgehammer goal.proof     34646ms Ordered_Resolution_Prover.Lazy_List_Liminf 300:11257  timeout (SH 34644ms): Timed out
0.sledgehammer goal.using     37008ms Ordered_Resolution_Prover.Lazy_List_Liminf 306:11466  timeout (SH 37005ms): Timed out
0.sledgehammer goal.by         8915ms Ordered_Resolution_Prover.Lazy_List_Liminf 306:11516  some (SH 8912ms, ATP 1375ms): Try this: by (smt (cvc5, fmf)) (1.3 s)
0.sledgehammer goal.using     39043ms Ordered_Resolution_Prover.Lazy_List_Liminf 310:11721  timeout (SH 39040ms): Timed out
0.sledgehammer goal.by        43006ms Ordered_Resolution_Prover.Lazy_List_Liminf 310:11766  some (SH 43003ms, ATP 1242ms): Try this: by (smt (cvc5, quant_saturate) in_lset_conv_lnth) (1.2 s)
0.sledgehammer goal.unfolding 32957ms Ordered_Resolution_Prover.Lazy_List_Liminf 312:11822  timeout (SH 32954ms): Timed out
0.sledgehammer goal.by        35824ms Ordered_Resolution_Prover.Lazy_List_Liminf 312:11849  timeout (SH 35822ms): Timed out
0.sledgehammer goal.using     37583ms Ordered_Resolution_Prover.Lazy_List_Liminf 316:11903  timeout (SH 37581ms): Timed out
0.sledgehammer goal.unfolding 36267ms Ordered_Resolution_Prover.Lazy_List_Liminf 316:11915  timeout (SH 36264ms): Timed out
0.sledgehammer goal.by        35255ms Ordered_Resolution_Prover.Lazy_List_Liminf 316:11942  timeout (SH 35252ms): Timed out
0.sledgehammer goal.unfolding 34697ms Ordered_Resolution_Prover.Lazy_List_Liminf 321:12065  timeout (SH 34690ms): Timed out
0.sledgehammer goal.by        35166ms Ordered_Resolution_Prover.Lazy_List_Liminf 321:12092  timeout (SH 35163ms): Timed out
0.sledgehammer goal.unfolding 34102ms Ordered_Resolution_Prover.Lazy_List_Liminf 333:12457  timeout (SH 34099ms): Timed out
0.sledgehammer goal.by        36126ms Ordered_Resolution_Prover.Lazy_List_Liminf 334:12508  timeout (SH 36124ms): Timed out
0.sledgehammer goal.proof     34487ms Ordered_Resolution_Prover.Lazy_List_Liminf 339:12713  timeout (SH 34483ms): Timed out
0.sledgehammer goal.unfolding 33075ms Ordered_Resolution_Prover.Lazy_List_Liminf 342:12785  timeout (SH 33072ms): Timed out
0.sledgehammer goal.by        37870ms Ordered_Resolution_Prover.Lazy_List_Liminf 342:12817  timeout (SH 37868ms): Timed out
0.sledgehammer goal.proof     34840ms Ordered_Resolution_Prover.Lazy_List_Liminf 346:12865  timeout (SH 34839ms): Timed out
0.sledgehammer goal.unfolding 57055ms Ordered_Resolution_Prover.Lazy_List_Liminf 349:12931  some (SH 57052ms, ATP 5525ms): Try this: by (smt (cvc5, quant_saturate) Liminf_upto_llist_eq_Liminf_llist_ltake[of Xs "enat k"] bot.extremum_strict[of "enat k"] bot.extremum_strict[of "0"] bot_enat_def i0_less[of "min (min (llength Xs) (llength Xs)) (min (llength Xs) (llength Xs))"] i0_less[of "min (llength Xs) 0"] i0_less[of "min (eSuc (enat k)) 0"] lfinite_Liminf_llist[of "ltake (eSuc (enat k)) Xs"] llength_eq_0[of "ltake (eSuc (enat k)) Xs"] llength_eq_0[of Xs] llength_ltake[of "llength Xs" Xs] llength_ltake[of "eSuc (enat k)" Xs] lnull_imp_lfinite[of "ltake (eSuc (enat k)) Xs"] min_less_iff_conj[of "enat k" "llength Xs" "llength Xs"] min_less_iff_conj[of "enat k" "min (llength Xs) (llength Xs)" "min (llength Xs) (llength Xs)"] min_less_iff_conj[of "0" "min (llength Xs) (llength Xs)" "min (llength Xs) (llength Xs)"] min_less_iff_conj[of "0" "llength Xs" "0"] min_less_iff_conj[of "0" "eSuc (enat k)" "0"]) (474 ms)
0.sledgehammer goal.by        32011ms Ordered_Resolution_Prover.Lazy_List_Liminf 349:12963  some (SH 32010ms, ATP 1878ms): Try this: by (smt (cvc5, quant_saturate) Collect_empty_eq Sup_empty bot.extremum_strict bot_enat_def image_empty llength_lnull) (2.1 s)
0.sledgehammer goal.using     94147ms Ordered_Resolution_Prover.Lazy_List_Liminf 354:13057  some (SH 94143ms, ATP 1333ms): Try this: by (smt (cvc5) eSuc_enat_iff enat_ile k_ge linorder_le_less_linear llength_LCons not_lnull_conv)
0.sledgehammer goal.by        38200ms Ordered_Resolution_Prover.Lazy_List_Liminf 354:13068  some (SH 38197ms, ATP 2554ms): Try this: by (smt (cvc5) eSuc_enat_iff enat_ile linorder_le_less_linear llength_LCons not_lnull_conv)
0.sledgehammer goal.using     23820ms Ordered_Resolution_Prover.Lazy_List_Liminf 357:13175  some (SH 23814ms, ATP 916ms): Try this: by (smt (cvc5, fmf) eSuc_enat j llength_eq_enat_lfiniteD) (190 ms)
0.sledgehammer goal.by         8260ms Ordered_Resolution_Prover.Lazy_List_Liminf 357:13206  some (SH 8257ms, ATP 904ms): Try this: by (smt (cvc5, noematch) enat_ord_code(4)) (337 ms)
0.sledgehammer goal.using     49495ms Ordered_Resolution_Prover.Lazy_List_Liminf 359:13294  some (SH 49493ms, ATP 1265ms): Try this: by (smt (cvc5, best) dual_order.trans enat_ord_simps(1) iless_Suc_eq j k_ge linorder_linear) (298 ms)
0.sledgehammer goal.by        20367ms Ordered_Resolution_Prover.Lazy_List_Liminf 359:13333  some (SH 20364ms, ATP 1283ms): Try this: by (smt (cvc5, trigger_max) enat_ord_simps(1)) (547 ms)
0.sledgehammer goal.using     34943ms Ordered_Resolution_Prover.Lazy_List_Liminf 361:13400  timeout (SH 34940ms): Timed out
0.sledgehammer goal.unfolding 103807ms Ordered_Resolution_Prover.Lazy_List_Liminf 362:13451  some (SH 103805ms, ATP 1622ms): Try this: by (smt (cvc5, quant_saturate) Liminf_upto_llist_eq_Liminf_llist_ltake eSuc_ile_mono iless_Suc_eq k_ge ltake_all nle_le) (940 ms)
0.sledgehammer goal.using     50030ms Ordered_Resolution_Prover.Lazy_List_Liminf 362:13500  some (SH 50027ms, ATP 2801ms): Try this: by (smt (cvc5) Collect_cong Sup.SUP_cong enat_ord_simps(1) le_k)
0.sledgehammer goal.by        49613ms Ordered_Resolution_Prover.Lazy_List_Liminf 363:13543  some (SH 49611ms, ATP 2379ms): Try this: by (smt (cvc5) Collect_cong Sup.SUP_cong enat_ord_simps(1) le_k)
0.sledgehammer goal.using     11523ms Ordered_Resolution_Prover.Lazy_List_Liminf 365:13587  some (SH 11519ms, ATP 881ms): Try this: by (smt (cvc5, fmf) k_ge nnil) (535 ms)
0.sledgehammer goal.by         8836ms Ordered_Resolution_Prover.Lazy_List_Liminf 365:13603  some (SH 8835ms, ATP 1251ms): Try this: by (smt (cvc5, fmf)) (1.0 s)
0.sledgehammer goal.unfolding 26622ms Ordered_Resolution_Prover.Lazy_List_Liminf 370:13707  some (SH 26619ms, ATP 366ms): Try this: by (smt (cvc5, best) Liminf_upto_llist_eq_Liminf_llist_ltake eSuc_infinity enat_ord_code(3) ltake_all) (216 ms)
0.sledgehammer goal.by        48729ms Ordered_Resolution_Prover.Lazy_List_Liminf 370:13756  some (SH 48726ms, ATP 2815ms): Try this: by (smt (cvc5) Collect_cong Sup.SUP_cong enat_ord_code(3))
0.sledgehammer goal.unfolding 21459ms Ordered_Resolution_Prover.Lazy_List_Liminf 374:13863  some (SH 21456ms, ATP 1844ms): Try this: by (smt (cvc5, quant_saturate) Liminf_upto_llist_enat i0_less lhd_conv_lnth llength_eq_0 zero_enat_def) (1.7 s)
0.sledgehammer goal.by        34722ms Ordered_Resolution_Prover.Lazy_List_Liminf 375:13907  timeout (SH 34719ms): Timed out
0.sledgehammer goal.by        94935ms Ordered_Resolution_Prover.Lazy_List_Liminf 382:14142  some (SH 94929ms, ATP 2105ms): Try this: by (smt (cvc5, trigger_relev) Liminf_upto_llist_infinity eSuc_enat eSuc_infinity enat.simps(4,5) enat_the_enat) (398 ms)
0.sledgehammer goal.unfolding 34047ms Ordered_Resolution_Prover.Lazy_List_Liminf 387:14345  timeout (SH 34045ms): Timed out
0.sledgehammer goal.using     35486ms Ordered_Resolution_Prover.Lazy_List_Liminf 387:14394  timeout (SH 35484ms): Timed out
0.sledgehammer goal.by        37792ms Ordered_Resolution_Prover.Lazy_List_Liminf 387:14418  timeout (SH 37787ms): Timed out
0.sledgehammer goal.by        40441ms Ordered_Resolution_Prover.Lazy_List_Chain 33:1087  some (SH 40436ms, ATP 1592ms): Try this: apply (smt (cvc5, fmf) chain.cases eq_LConsD) (1.5 s)
0.sledgehammer goal.proof     37263ms Ordered_Resolution_Prover.Lazy_List_Chain 41:1268  timeout (SH 37260ms): Timed out
0.sledgehammer goal.using     37500ms Ordered_Resolution_Prover.Lazy_List_Chain 44:1331  timeout (SH 37492ms): Timed out
0.sledgehammer goal.proof     34933ms Ordered_Resolution_Prover.Lazy_List_Chain 45:1348  timeout (SH 34930ms): Timed out
0.sledgehammer goal.proof     86055ms Ordered_Resolution_Prover.Lazy_List_Chain 49:1512  some (SH 86053ms, ATP 3044ms): Try this: by (smt (cvc5) chain.simps ih lappend_code(1,2) lhd_LCons llast_LCons llist.disc(1) llist.expand ltl_simps(2) mid r_xxs r_ys)
0.sledgehammer goal.using     42298ms Ordered_Resolution_Prover.Lazy_List_Chain 52:1586  some (SH 42297ms, ATP 1661ms): Try this: by (smt (cvc5, term_relev) chain_cons lappend_code(1,2) llast_singleton mid r_ys) (190 ms)
0.sledgehammer goal.by        45387ms Ordered_Resolution_Prover.Lazy_List_Chain 52:1601  some (SH 45384ms, ATP 2376ms): Try this: by (smt (cvc5, fmf) chain_cons lappend_code(1,2) llast_singleton) (255 ms)
0.sledgehammer goal.by        63147ms Ordered_Resolution_Prover.Lazy_List_Chain 56:1700  some (SH 63144ms, ATP 2155ms): Try this: by (smt (cvc5, noematch) chain.cases ltl_simps(2) r_xxs xs_nnil) (2.4 s)
0.sledgehammer goal.by        57854ms Ordered_Resolution_Prover.Lazy_List_Chain 58:1799  some (SH 57852ms, ATP 1555ms): Try this: by (smt (cvc5, quant_saturate) chain_not_lnull llast_LCons mid r_xs) (441 ms)
0.sledgehammer goal.by        128597ms Ordered_Resolution_Prover.Lazy_List_Chain 60:1898  some (SH 128593ms, ATP 1950ms): Try this: by (smt (cvc5, fmf) chain.cases[of R "LCons x xs"] chain_not_lnull[of R] lhd_LCons lhd_lappend[of xs ys] ltl_simps(2) ltl_simps(2)[of x xs] r_xxs xs_nnil) (682 ms)
0.sledgehammer goal.unfolding 61451ms Ordered_Resolution_Prover.Lazy_List_Chain 63:2036  some (SH 61449ms, ATP 1270ms): Try this: by (smt (cvc5, fmf) chain_cons ih lappend_code(2) mid' r_xs start) (209 ms)
0.sledgehammer goal.using     40402ms Ordered_Resolution_Prover.Lazy_List_Chain 63:2062  some (SH 40398ms, ATP 1272ms): Try this: by (smt (cvc5, quant_saturate) chain_cons ih mid' r_xs start) (278 ms)
0.sledgehammer goal.by         8687ms Ordered_Resolution_Prover.Lazy_List_Chain 63:2091  some (SH 8682ms, ATP 1425ms): Try this: by (smt (cvc5, fmf) chain_cons) (367 ms)
0.sledgehammer goal.by        10822ms Ordered_Resolution_Prover.Lazy_List_Chain 69:2221  some (SH 10820ms, ATP 1030ms): Try this: by (smt (cvc5, best) chain_not_lnull i0_less llength_eq_0) (120 ms)
0.sledgehammer goal.using     36528ms Ordered_Resolution_Prover.Lazy_List_Chain 74:2345  timeout (SH 36522ms): Timed out
0.sledgehammer goal.by        35305ms Ordered_Resolution_Prover.Lazy_List_Chain 75:2359  timeout (SH 35302ms): Timed out
0.sledgehammer goal.using     41965ms Ordered_Resolution_Prover.Lazy_List_Chain 79:2567  some (SH 41960ms, ATP 1639ms): Try this: by (smt (cvc5, quant_saturate) chain_ldropn ldropn_eq_LNil lfinite_LNil lfinite_ldropn linorder_not_less) (258 ms)
0.sledgehammer goal.by        34232ms Ordered_Resolution_Prover.Lazy_List_Chain 79:2594  timeout (SH 34224ms): Timed out
0.sledgehammer goal.by        76681ms Ordered_Resolution_Prover.Lazy_List_Chain 82:2719  some (SH 76678ms, ATP 1762ms): Try this: by (smt (cvc5, best) chain.cases lfinite_LNil lfinite_code(2) ltl_simps(2)) (1.2 s)
0.sledgehammer goal.proof     33965ms Ordered_Resolution_Prover.Lazy_List_Chain 89:2913  timeout (SH 33961ms): Timed out
0.sledgehammer goal.unfolding 30585ms Ordered_Resolution_Prover.Lazy_List_Chain 92:2986  timeout (SH 30579ms): Timed out
0.sledgehammer goal.using     47275ms Ordered_Resolution_Prover.Lazy_List_Chain 92:3003  some (SH 47271ms, ATP 4123ms): Try this: by (smt (cvc5, quant_saturate) ldropn_Suc_conv_ldropn ldropn_eq_LConsD ldropn_ldropn len of_nat_1 of_nat_Suc of_nat_add of_nat_eq_iff one_enat_def) (234 ms)
0.sledgehammer goal.by        71062ms Ordered_Resolution_Prover.Lazy_List_Chain 93:3017  some (SH 71059ms, ATP 7808ms): Try this: by (smt (cvc5, quant_saturate) ldropn_Suc_conv_ldropn ldropn_eq_LConsD ldropn_ldropn of_nat_1 of_nat_Suc of_nat_add of_nat_eq_iff one_enat_def) (413 ms)
0.sledgehammer goal.unfolding 34590ms Ordered_Resolution_Prover.Lazy_List_Chain 97:3197  timeout (SH 34588ms): Timed out
0.sledgehammer goal.by        156188ms Ordered_Resolution_Prover.Lazy_List_Chain 97:3214  some (SH 156185ms, ATP 2969ms): Try this: by (smt (cvc5, quant_saturate) \<open>1 < llength ys\<close> ldropn_Suc_conv_ldropn ldropn_eq_LNil len linorder_not_less llength_LNil not_less_zero ys_def) (530 ms)
0.sledgehammer goal.unfolding 71396ms Ordered_Resolution_Prover.Lazy_List_Chain 99:3314  some (SH 71393ms, ATP 1316ms): Try this: by (smt (cvc5, best) chain chain_ldropn ldropn_eq_LConsD ys ys_def) (234 ms)
0.sledgehammer goal.using     155142ms Ordered_Resolution_Prover.Lazy_List_Chain 99:3331  timeout (SH 155140ms):
0.sledgehammer goal.by         7216ms Ordered_Resolution_Prover.Lazy_List_Chain 99:3383  some (SH 7213ms, ATP 1572ms): Try this: by (smt (cvc5, trigger_max)) (634 ms)
0.sledgehammer goal.unfolding 191965ms Ordered_Resolution_Prover.Lazy_List_Chain 101:3418  some (SH 191961ms, ATP 2712ms): Try this: by (smt (cvc5, noematch) One_nat_def \<open>1 < llength ys\<close> chain.cases[of R ys] ldropn_Suc_LCons[of "0" _ LNil] ldropn_eq_LNil[of "Suc 0" ys] ldropn_eq_LNil[of "0" LNil] le_numeral_extra(3) lhd_LCons lhd_LCons[of y0 "LCons y1 ys'"] linorder_not_less[of "enat (Suc 0)" "llength ys"] llength_LNil ltl_simps(2) ltl_simps(2)[of y0 "LCons y1 ys'"] one_enat_def ys zero_enat_def) (568 ms)
0.sledgehammer goal.by        89701ms Ordered_Resolution_Prover.Lazy_List_Chain 101:3431  some (SH 89698ms, ATP 4583ms): Try this: by (smt (cvc5, quant_saturate) chain.cases lhd_LCons llist.distinct(1) ltl_simps(2)) (2.0 s)
0.sledgehammer goal.using     67307ms Ordered_Resolution_Prover.Lazy_List_Chain 103:3483  some (SH 67305ms, ATP 2941ms): Try this: by (smt (cvc5, term_relev) ldropn_Suc_conv_ldropn ldropn_eq_LConsD llist.inject ys ys_def) (720 ms)
0.sledgehammer goal.unfolding 54161ms Ordered_Resolution_Prover.Lazy_List_Chain 103:3496  some (SH 54157ms, ATP 3328ms): Try this: by (smt (cvc5, quant_saturate) ldropn_Suc_conv_ldropn ldropn_eq_LConsD llist.inject ys) (676 ms)
0.sledgehammer goal.by        61148ms Ordered_Resolution_Prover.Lazy_List_Chain 103:3509  some (SH 61146ms, ATP 2597ms): Try this: by (smt (cvc5, term_relev) ldropn_Suc_conv_ldropn ldropn_eq_LConsD llist.inject) (412 ms)
0.sledgehammer goal.using     35498ms Ordered_Resolution_Prover.Lazy_List_Chain 109:3691  timeout (SH 35496ms): Timed out
0.sledgehammer goal.by        33287ms Ordered_Resolution_Prover.Lazy_List_Chain 109:3744  some (SH 33284ms, ATP 4454ms): Try this: by (smt (cvc5, fmf) enat_ord_code(4) llength_eq_infty_conv_lfinite) (308 ms)
0.sledgehammer goal.using     35462ms Ordered_Resolution_Prover.Lazy_List_Chain 116:3900  timeout (SH 35455ms): Timed out
0.sledgehammer goal.proof     34532ms Ordered_Resolution_Prover.Lazy_List_Chain 117:3912  timeout (SH 34529ms): Timed out
0.sledgehammer goal.proof     34399ms Ordered_Resolution_Prover.Lazy_List_Chain 122:4042  timeout (SH 34397ms): Timed out
0.sledgehammer goal.using     55207ms Ordered_Resolution_Prover.Lazy_List_Chain 125:4129  some (SH 55203ms, ATP 1342ms): Try this: by (smt (cvc5, trigger_last) True lhd_LCons_ltl llist.disc(1) llist.expand nnul) (1.2 s)
0.sledgehammer goal.by        31884ms Ordered_Resolution_Prover.Lazy_List_Chain 125:4145  some (SH 31882ms, ATP 1606ms): Try this: by (smt (cvc5, best) lhd_LCons_ltl llist.disc(1) llist.expand) (1.4 s)
0.sledgehammer goal.by        12706ms Ordered_Resolution_Prover.Lazy_List_Chain 127:4201  some (SH 12703ms, ATP 1097ms): Try this: by (smt (cvc5, fmf)) (2.2 s)
0.sledgehammer goal.using     14310ms Ordered_Resolution_Prover.Lazy_List_Chain 131:4294  some (SH 14306ms, ATP 1165ms): Try this: by (smt (cvc5, trigger_relev) lhd_LCons_ltl nnul) (137 ms)
0.sledgehammer goal.by         7657ms Ordered_Resolution_Prover.Lazy_List_Chain 131:4305  some (SH 7655ms, ATP 1199ms): Try this: by (smt (cvc5, trigger_max) lhd_LCons_ltl) (196 ms)
0.sledgehammer goal.using     71096ms Ordered_Resolution_Prover.Lazy_List_Chain 134:4427  some (SH 71005ms, ATP 3247ms): Try this: by (smt (cvc5, quant_saturate) add.assoc ldropn_Suc_conv_ldropn ldropn_eq_LConsD ldropn_ltl lnth_ltl nnul nth_chain plus_1_eq_Suc) (378 ms)
0.sledgehammer goal.by        34860ms Ordered_Resolution_Prover.Lazy_List_Chain 135:4454  timeout (SH 34856ms): Timed out
0.sledgehammer goal.using     37463ms Ordered_Resolution_Prover.Lazy_List_Chain 137:4594  timeout (SH 37462ms): Timed out
0.sledgehammer goal.by        35231ms Ordered_Resolution_Prover.Lazy_List_Chain 138:4658  timeout (SH 35225ms): Timed out
0.sledgehammer goal.by        10013ms Ordered_Resolution_Prover.Lazy_List_Chain 141:4818  some (SH 10011ms, ATP 1174ms): Try this: by (smt (cvc5, noematch)) (1.0 s)
0.sledgehammer goal.using     168071ms Ordered_Resolution_Prover.Lazy_List_Chain 148:4947  timeout (SH 168070ms):
0.sledgehammer goal.proof     34845ms Ordered_Resolution_Prover.Lazy_List_Chain 149:4959  timeout (SH 34842ms): Timed out
0.sledgehammer goal.using     22556ms Ordered_Resolution_Prover.Lazy_List_Chain 152:5103  some (SH 22554ms, ATP 1648ms): Try this: by (smt (cvc5, fmf) chain.cases) (697 ms)
0.sledgehammer goal.by         5931ms Ordered_Resolution_Prover.Lazy_List_Chain 152:5130  some (SH 5929ms, ATP 804ms): Try this: by (smt (cvc5, fmf)) (257 ms)
0.sledgehammer goal.proof     46809ms Ordered_Resolution_Prover.Lazy_List_Chain 154:5158  some (SH 45636ms, ATP 914ms): Try this: by (smt (cvc5) chain(1) chain.cases lhd_LCons lhd_LCons llist.simps(12,13))
0.sledgehammer goal.using     66218ms Ordered_Resolution_Prover.Lazy_List_Chain 158:5372  some (SH 66212ms, ATP 3938ms): Try this: by (smt (cvc5, noematch) chain(1) chain_not_lnull llist.map_sel(1) llist.simps(13)) (1.3 s)
0.sledgehammer goal.by        82142ms Ordered_Resolution_Prover.Lazy_List_Chain 159:5390  some (SH 82140ms, ATP 3582ms): Try this: by (smt (cvc5, trigger_last) chain_not_lnull llist.map_sel(1) llist.simps(13)) (3.3 s)
0.sledgehammer goal.by        13030ms Ordered_Resolution_Prover.Lazy_List_Chain 162:5564  some (SH 13028ms, ATP 1441ms): Try this: by (smt (cvc5, trigger_max)) (3.5 s)
0.sledgehammer goal.using     133840ms Ordered_Resolution_Prover.Lazy_List_Chain 169:5680  some (SH 133838ms, ATP 2245ms): Try this: by (smt (cvc5, trigger_last) One_nat_def add.right_neutral add_Suc_right assms(1,2) chain_lnth_rel chain_not_lnull lnth_rel_chain) (1.0 s)
0.sledgehammer goal.by        112013ms Ordered_Resolution_Prover.Lazy_List_Chain 169:5692  some (SH 112011ms, ATP 2234ms): Try this: by (smt (cvc5) chain.cases chain.coinduct)
0.sledgehammer goal.proof     36313ms Ordered_Resolution_Prover.Lazy_List_Chain 176:5945  timeout (SH 36310ms): Timed out
0.sledgehammer goal.using     104436ms Ordered_Resolution_Prover.Lazy_List_Chain 178:6008  some (SH 104434ms, ATP 1303ms): Try this: by (smt (cvc5, trigger_max) Suc_ile_eq linorder_not_less lnull_ldropn order_less_imp_le si_lt) (107 ms)
0.sledgehammer goal.by        118893ms Ordered_Resolution_Prover.Lazy_List_Chain 178:6020  some (SH 118890ms, ATP 2379ms): Try this: by (smt (cvc5, best) Suc_ile_eq linorder_not_less lnull_ldropn order_less_imp_le) (118 ms)
0.sledgehammer goal.using     34582ms Ordered_Resolution_Prover.Lazy_List_Chain 182:6180  timeout (SH 34579ms): Timed out
0.sledgehammer goal.by        35776ms Ordered_Resolution_Prover.Lazy_List_Chain 183:6194  timeout (SH 35774ms): Timed out
0.sledgehammer goal.proof     34859ms Ordered_Resolution_Prover.Lazy_List_Chain 192:6573  timeout (SH 34857ms): Timed out
0.sledgehammer goal.using     113849ms Ordered_Resolution_Prover.Lazy_List_Chain 194:6625  some (SH 113847ms, ATP 478ms): Try this: by (smt (cvc5, trigger_relev) Suc_ile_eq chain_ldropnI ldropn_lmap llength_lmap lnth_lmap order_less_imp_le rel si_lt) (497 ms)
0.sledgehammer goal.by         6725ms Ordered_Resolution_Prover.Lazy_List_Chain 195:6722  some (SH 6723ms, ATP 797ms): Try this: by (smt (cvc5, trigger_last)) (393 ms)
0.sledgehammer goal.by        24082ms Ordered_Resolution_Prover.Lazy_List_Chain 197:6749  some (SH 23740ms, ATP 963ms): Try this: by (smt (cvc5, best) ldropn_lmap) (79 ms)
0.sledgehammer goal.proof     42768ms Ordered_Resolution_Prover.Lazy_List_Chain 201:6860  timeout (SH 41738ms): Timed out
0.sledgehammer goal.proof     43529ms Ordered_Resolution_Prover.Lazy_List_Chain 205:7002  some (SH 43526ms, ATP 1570ms): Try this: by (smt (cvc5) chain.simps converse_rtranclp_into_rtranclp ih lhd_LCons llast_LCons llist.disc(1) ltl_simps(2) r_x_xs rtranclp.simps)
0.sledgehammer goal.using     38703ms Ordered_Resolution_Prover.Lazy_List_Chain 208:7091  some (SH 38701ms, ATP 1398ms): Try this: by (smt (cvc5, best) chain.cases ltl_simps(2) r_x_xs) (2.9 s)
0.sledgehammer goal.by        45534ms Ordered_Resolution_Prover.Lazy_List_Chain 208:7104  some (SH 45532ms, ATP 2041ms): Try this: by (smt (cvc5, term_relev) chain.cases ltl_simps(2)) (2.0 s)
0.sledgehammer goal.using     87661ms Ordered_Resolution_Prover.Lazy_List_Chain 210:7161  some (SH 87654ms, ATP 1932ms): Try this: by (smt (cvc5) chain.simps chain_not_lnull converse_rtranclp_into_rtranclp eq_LConsD ih llast_LCons r_x_xs)
0.sledgehammer goal.by        43866ms Ordered_Resolution_Prover.Lazy_List_Chain 211:7200  some (SH 43862ms, ATP 2197ms): Try this: by (smt (cvc5) chain.cases chain_not_lnull converse_rtranclp_into_rtranclp eq_LConsD llast_LCons)
0.sledgehammer goal.proof     33403ms Ordered_Resolution_Prover.Lazy_List_Chain 218:7436  timeout (SH 33401ms): Timed out
0.sledgehammer goal.by        40833ms Ordered_Resolution_Prover.Lazy_List_Chain 221:7551  some (SH 40830ms, ATP 1890ms): Try this: by (smt (cvc5, best) append.simps(1) chain.chain_singleton chain.intros(2) lhd_llist_of list.sel(1) llist_of.simps(1,2)) (200 ms)
0.sledgehammer goal.by         6792ms Ordered_Resolution_Prover.Lazy_List_Chain 223:7603  some (SH 6790ms, ATP 1168ms): Try this: by (smt (cvc5, best)) (108 ms)
0.sledgehammer goal.using     16961ms Ordered_Resolution_Prover.Lazy_List_Chain 230:7780  some (SH 15812ms, ATP 1122ms): Try this: by (smt (cvc5, fmf) ih) (283 ms)
0.sledgehammer goal.by         7927ms Ordered_Resolution_Prover.Lazy_List_Chain 230:7789  some (SH 7924ms, ATP 1272ms): Try this: by (smt (cvc5, trigger_last)) (159 ms)
0.sledgehammer goal.unfolding 37519ms Ordered_Resolution_Prover.Lazy_List_Chain 235:7884  timeout (SH 36394ms): Timed out
0.sledgehammer goal.using     34961ms Ordered_Resolution_Prover.Lazy_List_Chain 235:7901  timeout (SH 34960ms): Timed out
0.sledgehammer goal.by        127126ms Ordered_Resolution_Prover.Lazy_List_Chain 236:7959  some (SH 127124ms, ATP 4848ms): Try this: by (smt (cvc5, trigger_relev) append_Cons lappend_llist_of_llist_of last_snoc lhd_LCons llast_llist_of llist_of.simps(1,2)) (103 ms)
0.sledgehammer goal.by         7171ms Ordered_Resolution_Prover.Lazy_List_Chain 238:8032  some (SH 7169ms, ATP 1136ms): Try this: by (smt (cvc5, quant_saturate)) (263 ms)
0.sledgehammer goal.by        145580ms Ordered_Resolution_Prover.Lazy_List_Chain 252:8372  some (SH 144741ms, ATP 1291ms): Try this: by (smt (cvc5, trigger_last) list.exhaust llist.simps(3) lnull_def prepend.simps(1,2)) (684 ms)
0.sledgehammer goal.by        34314ms Ordered_Resolution_Prover.Lazy_List_Chain 255:8480  timeout (SH 34311ms): Timed out
0.sledgehammer goal.by        35236ms Ordered_Resolution_Prover.Lazy_List_Chain 258:8561  timeout (SH 35234ms): Timed out
0.sledgehammer goal.by        35962ms Ordered_Resolution_Prover.Lazy_List_Chain 261:8652  timeout (SH 35944ms): Timed out
0.sledgehammer goal.by        34514ms Ordered_Resolution_Prover.Lazy_List_Chain 264:8755  timeout (SH 34512ms): Timed out
0.sledgehammer goal.by        37088ms Ordered_Resolution_Prover.Lazy_List_Chain 267:8898  timeout (SH 37086ms): Timed out
0.sledgehammer goal.by        34511ms Ordered_Resolution_Prover.Lazy_List_Chain 270:9016  timeout (SH 34509ms): Timed out
0.sledgehammer goal.by        36388ms Ordered_Resolution_Prover.Lazy_List_Chain 274:9150  timeout (SH 36385ms): Timed out
0.sledgehammer goal.by        34439ms Ordered_Resolution_Prover.Lazy_List_Chain 278:9355  timeout (SH 34436ms): Timed out
0.sledgehammer goal.by        33729ms Ordered_Resolution_Prover.Lazy_List_Chain 281:9446  timeout (SH 33723ms): Timed out
0.sledgehammer goal.by        31020ms Ordered_Resolution_Prover.Lazy_List_Chain 284:9540  some (SH 31018ms, ATP 2502ms): Try this: by (smt (cvc5, trigger_relev) prepend.simps(1,2) prepend_prepend) (267 ms)
0.sledgehammer goal.by        36354ms Ordered_Resolution_Prover.Lazy_List_Chain 288:9674  timeout (SH 36351ms): Timed out
0.sledgehammer goal.using     29145ms Ordered_Resolution_Prover.Lazy_List_Chain 294:9918  timeout (SH 29143ms): Timed out
0.sledgehammer goal.proof     29656ms Ordered_Resolution_Prover.Lazy_List_Chain 294:9928  timeout (SH 29653ms): Timed out
0.sledgehammer goal.using     37479ms Ordered_Resolution_Prover.Lazy_List_Chain 297:10033  some (SH 37470ms, ATP 1738ms): Try this: by (smt (cvc5) less.hyps less.prems less_enatE lfinite_conv_llength_enat local.step the_enat.simps)
0.sledgehammer goal.by        25781ms Ordered_Resolution_Prover.Lazy_List_Chain 297:10047  some (SH 25778ms, ATP 2311ms): Try this: by (smt (cvc5) less.hyps less_enatE lfinite_conv_llength_enat local.step the_enat.simps)
0.sledgehammer goal.using     34571ms Ordered_Resolution_Prover.Lazy_List_Chain 306:10412  timeout (SH 34569ms): Timed out
0.sledgehammer goal.proof     33061ms Ordered_Resolution_Prover.Lazy_List_Chain 306:10427  timeout (SH 33057ms): Timed out
0.sledgehammer goal.by        35351ms Ordered_Resolution_Prover.Lazy_List_Chain 309:10518  timeout (SH 35347ms): Timed out
0.sledgehammer goal.proof     34912ms Ordered_Resolution_Prover.Lazy_List_Chain 324:11000  timeout (SH 34909ms): Timed out
0.sledgehammer goal.using     36497ms Ordered_Resolution_Prover.Lazy_List_Chain 326:11053  timeout (SH 36494ms): Timed out
0.sledgehammer goal.by        35062ms Ordered_Resolution_Prover.Lazy_List_Chain 327:11069  timeout (SH 35058ms): Timed out
0.sledgehammer goal.using     33693ms Ordered_Resolution_Prover.Lazy_List_Chain 331:11243  timeout (SH 33690ms): Timed out
0.sledgehammer goal.proof     34067ms Ordered_Resolution_Prover.Lazy_List_Chain 332:11257  timeout (SH 34063ms): Timed out
0.sledgehammer goal.by        35696ms Ordered_Resolution_Prover.Lazy_List_Chain 335:11387  timeout (SH 35692ms): Timed out
0.sledgehammer goal.by        36867ms Ordered_Resolution_Prover.Lazy_List_Chain 346:11780  timeout (SH 36862ms): Timed out
0.sledgehammer goal.proof     35042ms Ordered_Resolution_Prover.Lazy_List_Chain 355:12230  timeout (SH 35038ms): Timed out
0.sledgehammer goal.by        34584ms Ordered_Resolution_Prover.Lazy_List_Chain 359:12358  some (SH 34582ms, ATP 2792ms): Try this: by (smt (cvc5) assms lfinite_prepend prepend_cong1_alt prepend_prepend)
0.sledgehammer goal.by        30341ms Ordered_Resolution_Prover.Lazy_List_Chain 363:12506  some (SH 30339ms, ATP 1615ms): Try this: by (smt (cvc5, best) emb.simps lfinite_prepend prepend_prepend) (3.3 s)
0.sledgehammer goal.by        53209ms Ordered_Resolution_Prover.Lazy_List_Chain 367:12693  some (SH 53205ms, ATP 1598ms): Try this: by (smt (cvc5, fmf) emb_prepend prepend_cong1.simps prepend_cong1_alt) (682 ms)
0.sledgehammer goal.unfolding 71604ms Ordered_Resolution_Prover.Lazy_List_Chain 372:12899  some (SH 71595ms, ATP 1904ms): Try this: by (smt (cvc5, noematch) prepend_cong1_alt sup1CI sup1E) (1.9 s)
0.sledgehammer goal.by        54108ms Ordered_Resolution_Prover.Lazy_List_Chain 372:12927  some (SH 54105ms, ATP 1275ms): Try this: by (smt (cvc5, best) sup1CI sup1E) (1.5 s)
0.sledgehammer goal.using     62770ms Ordered_Resolution_Prover.Lazy_List_Chain 380:13206  some (SH 62764ms, ATP 945ms): Try this: by (smt (cvc5) assms(1,2) emb_prepend_coinduct_cong prepend_cong1_emb prepend_cong_distrib)
0.sledgehammer goal.unfolding 62227ms Ordered_Resolution_Prover.Lazy_List_Chain 380:13218  some (SH 62224ms, ATP 1114ms): Try this: by (smt (cvc5) emb_prepend_coinduct_cong prepend_cong1_emb prepend_cong_distrib)
0.sledgehammer goal.by        36003ms Ordered_Resolution_Prover.Lazy_List_Chain 381:13269  some (SH 35998ms, ATP 1568ms): Try this: by (smt (cvc5, noematch) emb_prepend_coinduct_cong) (2.4 s)
0.sledgehammer goal.by        60484ms Ordered_Resolution_Prover.Lazy_List_Chain 389:13585  some (SH 60481ms, ATP 3579ms): Try this: by (smt (cvc5) assms emb_prepend emb_prepend_coinduct_cong prepend_cong1_alt)
0.sledgehammer goal.proof     34770ms Ordered_Resolution_Prover.Lazy_List_Chain 401:13912  timeout (SH 34767ms): Timed out
0.sledgehammer goal.proof     35003ms Ordered_Resolution_Prover.Lazy_List_Chain 404:14002  timeout (SH 35000ms): Timed out
0.sledgehammer goal.by        36765ms Ordered_Resolution_Prover.Lazy_List_Chain 407:14089  timeout (SH 36757ms): Timed out
0.sledgehammer goal.proof     36161ms Ordered_Resolution_Prover.Lazy_List_Chain 413:14259  timeout (SH 36159ms): Timed out
0.sledgehammer goal.proof     35509ms Ordered_Resolution_Prover.Lazy_List_Chain 416:14347  timeout (SH 35505ms): Timed out
0.sledgehammer goal.by        35936ms Ordered_Resolution_Prover.Lazy_List_Chain 419:14429  timeout (SH 35929ms): Timed out
0.sledgehammer goal.unfolding 33938ms Ordered_Resolution_Prover.Lazy_List_Chain 426:14660  timeout (SH 33935ms): Timed out
0.sledgehammer goal.by        10714ms Ordered_Resolution_Prover.Lazy_List_Chain 426:14681  some (SH 10712ms, ATP 1194ms): Try this: by (smt (cvc5, fmf) chain'_imp_chain chain_imp_chain') (343 ms)
0.sledgehammer goal.by        35563ms Ordered_Resolution_Prover.Lazy_List_Chain 433:14953  some (SH 35561ms, ATP 1930ms): Try this: by (smt (cvc5, fmf) chain'.coinduct chain_chain') (3.7 s)
0.sledgehammer goal.unfolding 35713ms Ordered_Resolution_Prover.Lazy_List_Chain 447:15269  timeout (SH 35711ms): Timed out
0.sledgehammer goal.using     40092ms Ordered_Resolution_Prover.Lazy_List_Chain 447:15288  some (SH 40089ms, ATP 1200ms): Try this: by (smt (cvc5, best) assms some_eq_imp tranclp_imp_exists_finite_chain_list) (423 ms)
0.sledgehammer goal.by         4872ms Ordered_Resolution_Prover.Lazy_List_Chain 447:15356  some (SH 4870ms, ATP 1000ms): Try this: by (smt (cvc5, noematch)) (112 ms)
0.sledgehammer goal.by        76445ms Ordered_Resolution_Prover.Lazy_List_Chain 452:15535  some (SH 75315ms, ATP 4946ms): Try this: apply (smt (cvc5, noematch) list.case_eq_if[of undefined "\<lambda>uua uub. LCons uua (prepend uub undefined)" xs] list.case_eq_if[of "case ys of LNil \<Rightarrow> LNil | LCons x xa \<Rightarrow> LCons x xa" "\<lambda>uua uub. LCons uua (prepend uub ys)" xs] list.split_sel_asm[of lnull undefined "\<lambda>uua uub. LCons uua (prepend uub undefined)" xs] llist.case_eq_if[of LNil LCons ys] llist.collapse(2)[of ys] llist.disc(2)[of "hd xs" "prepend (tl xs) undefined"] lnull_def[of ys] prepend.simps(1)[of ys] prepend.simps(2)[of "hd xs" "tl xs" ys]) (1.9 s)
0.sledgehammer goal.by        35054ms Ordered_Resolution_Prover.Lazy_List_Chain 463:15950  timeout (SH 35050ms): Timed out
0.sledgehammer goal.by        95149ms Ordered_Resolution_Prover.Lazy_List_Chain 466:16039  some (SH 95140ms, ATP 3903ms): Try this: by (smt (cvc5, term_relev) llist.collapse(1) not_lnull_conv wit_LCons2 wit_LNil wit_lsingleton) (747 ms)
0.sledgehammer goal.by        114344ms Ordered_Resolution_Prover.Lazy_List_Chain 469:16173  some (SH 114333ms, ATP 4206ms): Try this: by (smt (cvc5) chain.cases chain_not_lnull lhd_LCons_ltl llist.inject lnull_wit wit_LCons2 wit_lsingleton)
0.sledgehammer goal.by         8255ms Ordered_Resolution_Prover.Lazy_List_Chain 472:16312  some (SH 8252ms, ATP 1047ms): Try this: by (smt (cvc5, trigger_last) llist.collapse(1) llist.disc(1)) (561 ms)
0.sledgehammer goal.proof     49548ms Ordered_Resolution_Prover.Lazy_List_Chain 475:16388  timeout (SH 49542ms): Timed out
0.sledgehammer goal.proof     36062ms Ordered_Resolution_Prover.Lazy_List_Chain 478:16485  timeout (SH 36058ms): Timed out
0.sledgehammer goal.by        48893ms Ordered_Resolution_Prover.Lazy_List_Chain 481:16572  some (SH 48890ms, ATP 5235ms): Try this: by (smt (cvc5, fmf) chain_not_lnull[of "R\<^sup>+\<^sup>+" zs] llist.collapse(2)[of zs] prepend.simps(1)[of "LCons z (prepend (pick z (lhd zs)) (wit zs))"] wit_LCons2[of z "lhd zs" "ltl zs"]) (379 ms)
0.sledgehammer goal.using     22987ms Ordered_Resolution_Prover.Lazy_List_Chain 490:16891  some (SH 22984ms, ATP 1615ms): Try this: by (smt (cvc5, term_relev) assms emb_lfinite emb_wit) (249 ms)
0.sledgehammer goal.by         7846ms Ordered_Resolution_Prover.Lazy_List_Chain 490:16923  some (SH 7844ms, ATP 1532ms): Try this: by (smt (cvc5, term_relev)) (296 ms)
0.sledgehammer goal.proof     42040ms Ordered_Resolution_Prover.Lazy_List_Chain 495:17027  timeout (SH 41372ms): Timed out
0.sledgehammer goal.proof     35005ms Ordered_Resolution_Prover.Lazy_List_Chain 498:17099  timeout (SH 34999ms): Timed out
0.sledgehammer goal.by        63265ms Ordered_Resolution_Prover.Lazy_List_Chain 501:17192  some (SH 63263ms, ATP 3227ms): Try this: by (smt (cvc5, trigger_max) chain_consE[of "R\<^sup>+\<^sup>+" x xs] chain_not_lnull[of "R\<^sup>+\<^sup>+" xs] llast_LCons[of x xs] llast_LCons[of x "prepend (pick x (lhd xs)) (wit xs)"] llast_prepend[of "wit xs" "pick x (lhd xs)"] llist.collapse(2)[of xs] lnull_prepend[of "pick x (lhd xs)" "wit xs"] lnull_wit[of xs] wit_LCons2[of x "lhd xs" "ltl xs"] wit_lsingleton[of x]) (1.2 s)
0.sledgehammer goal.proof     34679ms Ordered_Resolution_Prover.Lazy_List_Chain 508:17444  timeout (SH 34677ms): Timed out
0.sledgehammer goal.by        97912ms Ordered_Resolution_Prover.Lazy_List_Chain 511:17574  some (SH 97909ms, ATP 3483ms): Try this: by (smt (cvc5, trigger_last) chain.simps[of "R\<^sup>+\<^sup>+" xs] chain_not_lnull[of "R\<^sup>+\<^sup>+"] lhd_LCons_ltl lhd_wit pick[of _ "lhd _"] wit_LCons2[of _ "lhd _" "ltl _"] wit_lsingleton) (3.2 s)
0.sledgehammer goal.by        35267ms Ordered_Resolution_Prover.Lazy_List_Chain 515:17740  timeout (SH 35263ms): Timed out
0.sledgehammer goal.using      8412ms Ordered_Resolution_Prover.Lazy_List_Chain 520:17926  some (SH 8410ms, ATP 1371ms): Try this: by (smt (cvc5, term_relev) assms emb_lset_mono) (765 ms)
0.sledgehammer goal.by         8543ms Ordered_Resolution_Prover.Lazy_List_Chain 520:17956  some (SH 8541ms, ATP 1272ms): Try this: by (smt (cvc5, trigger_relev)) (462 ms)
0.sledgehammer goal.by        16298ms Ordered_Resolution_Prover.Lazy_List_Chain 523:18043  some (SH 16296ms, ATP 1406ms): Try this: by (smt (cvc5, term_relev) emb_lfinite) (83 ms)
0.sledgehammer goal.using     31634ms Ordered_Resolution_Prover.Lazy_List_Chain 529:18336  timeout (SH 31228ms): Timed out
0.sledgehammer goal.proof     31343ms Ordered_Resolution_Prover.Lazy_List_Chain 529:18348  timeout (SH 31341ms): Timed out
0.sledgehammer goal.proof     35972ms Ordered_Resolution_Prover.Lazy_List_Chain 532:18436  timeout (SH 35969ms): Timed out
0.sledgehammer goal.using     34542ms Ordered_Resolution_Prover.Lazy_List_Chain 535:18491  timeout (SH 34541ms): Timed out
0.sledgehammer goal.unfolding 37998ms Ordered_Resolution_Prover.Lazy_List_Chain 536:18552  timeout (SH 37994ms): Timed out
0.sledgehammer goal.by        13422ms Ordered_Resolution_Prover.Lazy_List_Chain 538:18701  some (SH 13418ms, ATP 1376ms): Try this: by (smt (cvc5, fmf) zero_le) (1.7 s)
0.sledgehammer goal.by        65021ms Ordered_Resolution_Prover.Lazy_List_Chain 543:18872  some (SH 65019ms, ATP 2047ms): Try this: by (smt (cvc5, fmf) emb.cases[of Xs Ys] less.prems(3)) (1.1 s)
0.sledgehammer goal.using     178154ms Ordered_Resolution_Prover.Lazy_List_Chain 545:18978  timeout (SH 178150ms):
0.sledgehammer goal.by        60473ms Ordered_Resolution_Prover.Lazy_List_Chain 545:19025  some (SH 60470ms, ATP 1564ms): Try this: by (smt (cvc5, term_relev) \<open>Xs = LCons b xs\<close> \<open>emb xs bs\<close> emb_lfinite lfinite_code(2)) (1.1 s)
0.sledgehammer goal.by        33875ms Ordered_Resolution_Prover.Lazy_List_Chain 547:19099  timeout (SH 33873ms): Timed out
0.sledgehammer goal.by        41999ms Ordered_Resolution_Prover.Lazy_List_Chain 550:19230  some (SH 41996ms, ATP 3477ms): Try this: by (smt (cvc5) Suc Suc_le_D \<open>Xs = LCons b xs\<close> add_diff_cancel_left' diff_commute diff_is_0_eq lnth_LCons' not_less_eq_eq plus_1_eq_Suc zero_le)
0.sledgehammer goal.proof     36586ms Ordered_Resolution_Prover.Lazy_List_Chain 557:19387  timeout (SH 36575ms): Timed out
0.sledgehammer goal.using      6666ms Ordered_Resolution_Prover.Lazy_List_Chain 559:19432  some (SH 6664ms, ATP 1044ms): Try this: by (smt (cvc5, noematch) emb_lfinite) (328 ms)
0.sledgehammer goal.by         7246ms Ordered_Resolution_Prover.Lazy_List_Chain 559:19459  some (SH 7245ms, ATP 1126ms): Try this: by (smt (cvc5, quant_saturate)) (398 ms)
0.sledgehammer goal.unfolding 35881ms Ordered_Resolution_Prover.Lazy_List_Chain 561:19498  timeout (SH 35880ms): Timed out
0.sledgehammer goal.by        36180ms Ordered_Resolution_Prover.Lazy_List_Chain 561:19525  timeout (SH 36178ms): Timed out
0.sledgehammer goal.proof     34582ms Ordered_Resolution_Prover.Lazy_List_Chain 565:19656  timeout (SH 34579ms): Timed out
0.sledgehammer goal.proof     92481ms Ordered_Resolution_Prover.Lazy_List_Chain 568:19738  some (SH 92478ms, ATP 2500ms): Try this: by (smt (cvc5) emb emb.cases lfinite_lmap llist.simps(13) lmap_eq_LNil lmap_prepend)
0.sledgehammer goal.using     48122ms Ordered_Resolution_Prover.Lazy_List_Chain 574:19894  some (SH 48120ms, ATP 1826ms): Try this: by (smt (cvc5, quant_saturate) emb emb_LConsE xs) (618 ms)
0.sledgehammer goal.by         8097ms Ordered_Resolution_Prover.Lazy_List_Chain 574:19932  some (SH 8094ms, ATP 1239ms): Try this: by (smt (cvc5, fmf)) (871 ms)
0.sledgehammer goal.unfolding 12781ms Ordered_Resolution_Prover.Lazy_List_Chain 582:20090  some (SH 12463ms, ATP 1216ms): Try this: by (smt (cvc5, best) llist.simps(13) xs) (91 ms)
0.sledgehammer goal.by         8435ms Ordered_Resolution_Prover.Lazy_List_Chain 582:20103  some (SH 8432ms, ATP 1340ms): Try this: by (smt (cvc5, fmf) llist.simps(13)) (179 ms)
0.sledgehammer goal.unfolding 18215ms Ordered_Resolution_Prover.Lazy_List_Chain 584:20178  some (SH 18204ms, ATP 1846ms): Try this: by (smt (cvc5, trigger_relev) llist.simps(13) lmap_prepend ys) (122 ms)
0.sledgehammer goal.by        25480ms Ordered_Resolution_Prover.Lazy_List_Chain 584:20191  some (SH 25478ms, ATP 2910ms): Try this: by (smt (cvc5, noematch) llist.simps(13) lmap_prepend) (175 ms)
0.sledgehammer goal.using     10181ms Ordered_Resolution_Prover.Lazy_List_Chain 586:20287  some (SH 10178ms, ATP 1631ms): Try this: by (smt (cvc5, noematch) emb') (468 ms)
0.sledgehammer goal.by         8956ms Ordered_Resolution_Prover.Lazy_List_Chain 586:20298  some (SH 8954ms, ATP 1622ms): Try this: by (smt (cvc5, best)) (595 ms)
0.sledgehammer goal.by        18393ms Ordered_Resolution_Prover.Lazy_List_Chain 588:20341  some (SH 17843ms, ATP 1545ms): Try this: by (smt (cvc5, best)) (1.6 s)
0.sledgehammer goal.using     108409ms Ordered_Resolution_Prover.Lazy_List_Chain 597:20546  some (SH 108406ms, ATP 4865ms): Try this: by (smt (cvc5, noematch) One_nat_def add.right_neutral add_Suc_right assms conversep_iff inf_llist_inj inf_llist_lnth lfinite_inf_llist lnth_rel_chain lnull_inf_llist) (765 ms)
0.sledgehammer goal.by        35424ms Ordered_Resolution_Prover.Lazy_List_Chain 597:20558  timeout (SH 35421ms): Timed out
0.sledgehammer goal.using     61097ms Ordered_Resolution_Prover.Lazy_List_Chain 601:20715  some (SH 61094ms, ATP 791ms): Try this: by (smt (cvc5, trigger_max) chain_inf_llist_if_infinite_chain_function[of r] conversepD[of r "lnth _ _" "lnth _ (Suc _)"] infinite_chain_lnth_rel[of _ "r\<inverse>\<inverse>"]) (272 ms)
0.sledgehammer goal.by        59004ms Ordered_Resolution_Prover.Lazy_List_Chain 601:20788  some (SH 59000ms, ATP 1292ms): Try this: by (smt (cvc5, trigger_max) conversepD[of r "lnth _ _" "lnth _ (Suc _)"]) (446 ms)
0.sledgehammer goal.proof     34044ms Ordered_Resolution_Prover.Lazy_List_Chain 604:20884  timeout (SH 34042ms): Timed out
0.sledgehammer goal.unfolding  6331ms Ordered_Resolution_Prover.Lazy_List_Chain 606:20933  some (SH 6327ms, ATP 974ms): Try this: by (smt (cvc5, trigger_last) wfp_def) (40 ms)
0.sledgehammer goal.by         4963ms Ordered_Resolution_Prover.Lazy_List_Chain 606:20951  some (SH 4556ms, ATP 713ms): Try this: by (smt (cvc5, fmf)) (49 ms)
0.sledgehammer goal.using     16132ms Ordered_Resolution_Prover.Lazy_List_Chain 608:21026  some (SH 14446ms, ATP 1506ms): Try this: by (smt (cvc5, quant_saturate) wf_iff_no_infinite_down_chain) (105 ms)
0.sledgehammer goal.by         7765ms Ordered_Resolution_Prover.Lazy_List_Chain 608:21062  some (SH 7762ms, ATP 1331ms): Try this: by (smt (cvc5, best)) (128 ms)
0.sledgehammer goal.by        35884ms Ordered_Resolution_Prover.Lazy_List_Chain 610:21123  timeout (SH 35671ms): Timed out
0.sledgehammer goal.using     55314ms Ordered_Resolution_Prover.Lazy_List_Chain 612:21184  some (SH 55311ms, ATP 2318ms): Try this: by (smt (cvc5, noematch) chain_inf_llist_if_infinite_chain_function conversepD infinite_chain_lnth_rel lfinite_inf_llist) (423 ms)
0.sledgehammer goal.by        23537ms Ordered_Resolution_Prover.Lazy_List_Chain 612:21239  some (SH 23535ms, ATP 1988ms): Try this: by (smt (cvc5, trigger_max)) (176 ms)
0.sledgehammer goal.by         5416ms Ordered_Resolution_Prover.Lazy_List_Chain 614:21275  some (SH 5414ms, ATP 826ms): Try this: by (smt (cvc5, best)) (300 ms)
0.sledgehammer goal.by        31964ms Ordered_Resolution_Prover.Lazy_List_Chain 627:21675  some (SH 31030ms, ATP 1169ms): Try this: apply (smt (cvc5, best) full_chain.cases lstrict_prefix_code(1,2)) (2.0 s)
0.sledgehammer goal.using     34603ms Ordered_Resolution_Prover.Lazy_List_Chain 632:21833  timeout (SH 34602ms): Timed out
0.sledgehammer goal.by        36738ms Ordered_Resolution_Prover.Lazy_List_Chain 633:21847  timeout (SH 36735ms): Timed out
0.sledgehammer goal.proof     34504ms Ordered_Resolution_Prover.Lazy_List_Chain 638:22077  timeout (SH 34502ms): Timed out
0.sledgehammer goal.using     38214ms Ordered_Resolution_Prover.Lazy_List_Chain 642:22192  some (SH 38210ms, ATP 2846ms): Try this: by (smt (cvc5) chain.coinduct full full_chain.cases)
0.sledgehammer goal.by        37700ms Ordered_Resolution_Prover.Lazy_List_Chain 642:22203  some (SH 37698ms, ATP 2988ms): Try this: by (smt (cvc5) chain.coinduct full_chain.cases)
0.sledgehammer goal.by        167063ms Ordered_Resolution_Prover.Lazy_List_Chain 649:22367  timeout (SH 167059ms):
0.sledgehammer goal.by        70742ms Ordered_Resolution_Prover.Lazy_List_Chain 652:22489  some (SH 70739ms, ATP 2240ms): Try this: by (smt (cvc5, fmf) Suc_n_not_le_n enat_ord_simps(1) full full_chain_ldropn linorder_le_less_linear suc_n) (98 ms)
0.sledgehammer goal.using     139815ms Ordered_Resolution_Prover.Lazy_List_Chain 654:22620  some (SH 139812ms, ATP 4257ms): Try this: by (smt (cvc5, fmf) enat_le_plus_same(2) enat_ord_simps(2) gen_llength_def ldropn_Suc_conv_ldropn ldropn_all lessI llast_ldropn llast_singleton llength_code suc_n) (1.0 s)
0.sledgehammer goal.by        129990ms Ordered_Resolution_Prover.Lazy_List_Chain 654:22632  some (SH 129987ms, ATP 3712ms): Try this: by (smt (cvc5, best) enat_le_plus_same(2) enat_ord_simps(2) gen_llength_def ldropn_Suc_conv_ldropn ldropn_all lessI llast_ldropn llast_singleton llength_code) (953 ms)
0.sledgehammer goal.by        38050ms Ordered_Resolution_Prover.Lazy_List_Chain 657:22835  timeout (SH 38048ms): Timed out
0.sledgehammer goal.by        34967ms Ordered_Resolution_Prover.Lazy_List_Chain 664:22983  timeout (SH 34966ms): Timed out
0.sledgehammer goal.using      8594ms Ordered_Resolution_Prover.Lazy_List_Chain 668:23140  some (SH 8592ms, ATP 1190ms): Try this: by (smt (cvc5, term_relev) full_chain_iff_chain) (217 ms)
0.sledgehammer goal.by         7622ms Ordered_Resolution_Prover.Lazy_List_Chain 668:23167  some (SH 7226ms, ATP 1284ms): Try this: by (smt (cvc5, quant_saturate)) (111 ms)
0.sledgehammer goal.by         8089ms Ordered_Resolution_Prover.Lazy_List_Chain 671:23243  some (SH 7348ms, ATP 1096ms): Try this: by (smt (cvc5, trigger_relev) full_chain_not_lnull i0_less llength_eq_0) (148 ms)
0.sledgehammer goal.by         9115ms Ordered_Resolution_Prover.Lazy_List_Chain 675:23407  some (SH 9113ms, ATP 1197ms): Try this: by (smt (cvc5, trigger_relev) chain_lnth_rel full_chain_imp_chain) (192 ms)
0.sledgehammer goal.proof     70186ms Ordered_Resolution_Prover.Lazy_List_Chain 682:23595  some (SH 70184ms, ATP 3004ms): Try this: by (smt (cvc5, trigger_max) eSuc_enat full full_chain_iff_chain llast_conv_lnth llength_eq_enat_lfiniteD sj) (376 ms)
0.sledgehammer goal.by         6403ms Ordered_Resolution_Prover.Lazy_List_Chain 684:23627  some (SH 6402ms, ATP 894ms): Try this: by (smt (cvc5, term_relev) llength_eq_enat_lfiniteD sj) (134 ms)
0.sledgehammer goal.using      6942ms Ordered_Resolution_Prover.Lazy_List_Chain 686:23697  some (SH 6941ms, ATP 1187ms): Try this: by (smt (cvc5, fmf) full full_chain_iff_chain) (211 ms)
0.sledgehammer goal.by         6701ms Ordered_Resolution_Prover.Lazy_List_Chain 686:23729  some (SH 6699ms, ATP 1195ms): Try this: by (smt (cvc5, trigger_max)) (276 ms)
0.sledgehammer goal.by        13191ms Ordered_Resolution_Prover.Lazy_List_Chain 688:23757  some (SH 13189ms, ATP 1261ms): Try this: by (smt (cvc5, trigger_relev) eSuc_enat llast_conv_lnth sj) (55 ms)
0.sledgehammer goal.proof     34468ms Ordered_Resolution_Prover.Lazy_List_Chain 697:24109  timeout (SH 34466ms): Timed out
0.sledgehammer goal.using     35810ms Ordered_Resolution_Prover.Lazy_List_Chain 700:24212  some (SH 35809ms, ATP 1533ms): Try this: by (smt (cvc5, fmf) chain_tranclp_imp_exists_chain full full_chain_imp_chain) (695 ms)
0.sledgehammer goal.by        10492ms Ordered_Resolution_Prover.Lazy_List_Chain 700:24279  some (SH 10490ms, ATP 2043ms): Try this: by (smt (cvc5, term_relev)) (1.3 s)
0.sledgehammer goal.using     87352ms Ordered_Resolution_Prover.Lazy_List_Chain 702:24317  some (SH 87349ms, ATP 4360ms): Try this: by (smt (cvc5, best) emb_lfinite full full_chain_iff_chain tranclp.r_into_trancl ys(1,2,4)) (453 ms)
0.sledgehammer goal.unfolding 48201ms Ordered_Resolution_Prover.Lazy_List_Chain 702:24358  some (SH 48198ms, ATP 6101ms): Try this: by (smt (cvc5, quant_saturate) full_chain_iff_chain tranclp.simps) (540 ms)
0.sledgehammer goal.by        27303ms Ordered_Resolution_Prover.Lazy_List_Chain 702:24389  some (SH 27300ms, ATP 2533ms): Try this: by (smt (cvc5, noematch) tranclp.r_into_trancl) (319 ms)
0.sledgehammer goal.using     12411ms Ordered_Resolution_Prover.Lazy_List_Chain 704:24421  some (SH 12407ms, ATP 1713ms): Try this: by (smt (cvc5, fmf) ys(2,3,4)) (667 ms)
0.sledgehammer goal.by        11531ms Ordered_Resolution_Prover.Lazy_List_Chain 704:24435  some (SH 11530ms, ATP 2963ms): Try this: by (smt (cvc5, fmf)) (614 ms)
0.sledgehammer goal.by        45836ms Ordered_Resolution_Prover.Proving_Process 42:1498  some (SH 45833ms, ATP 1083ms): Try this: by (smt (cvc5, best) Diff_subset_conv derive.cases) (1.1 s)
0.sledgehammer goal.proof     35319ms Ordered_Resolution_Prover.Proving_Process 55:1833  timeout (SH 35317ms): Timed out
0.sledgehammer goal.using      9012ms Ordered_Resolution_Prover.Proving_Process 57:1877  some (SH 9010ms, ATP 1099ms): Try this: by (smt (cvc5, best) assms(1) chain_length_pos) (126 ms)
0.sledgehammer goal.by         8835ms Ordered_Resolution_Prover.Proving_Process 57:1889  some (SH 8831ms, ATP 1077ms): Try this: by (smt (cvc5, fmf) chain_length_pos) (372 ms)
0.sledgehammer goal.using     12850ms Ordered_Resolution_Prover.Proving_Process 63:2068  some (SH 12847ms, ATP 2070ms): Try this: by (smt (cvc5, quant_saturate) finite_Sup_llist_imp_Sup_upto_llist) (417 ms)
0.sledgehammer goal.by         7172ms Ordered_Resolution_Prover.Proving_Process 63:2110  some (SH 7170ms, ATP 1253ms): Try this: by (smt (cvc5, quant_saturate)) (449 ms)
0.sledgehammer goal.proof     36959ms Ordered_Resolution_Prover.Proving_Process 65:2168  timeout (SH 36728ms): Timed out
0.sledgehammer goal.using     17385ms Ordered_Resolution_Prover.Proving_Process 68:2228  some (SH 17383ms, ATP 1131ms): Try this: by (smt (cvc5, quant_saturate) Sup_upto_llist_enat_0 chain_not_lnull deriv sat_n0) (207 ms)
0.sledgehammer goal.unfolding 31830ms Ordered_Resolution_Prover.Proving_Process 69:2256  timeout (SH 31828ms): Timed out
0.sledgehammer goal.by        39136ms Ordered_Resolution_Prover.Proving_Process 70:2351  timeout (SH 39132ms): Timed out
0.sledgehammer goal.proof     34934ms Ordered_Resolution_Prover.Proving_Process 74:2410  timeout (SH 34929ms): Timed out
0.sledgehammer goal.unfolding 35926ms Ordered_Resolution_Prover.Proving_Process 77:2562  timeout (SH 35924ms): Timed out
0.sledgehammer goal.using     105740ms Ordered_Resolution_Prover.Proving_Process 77:2591  some (SH 105737ms, ATP 4046ms): Try this: by (smt (cvc5, noematch) Collect_cong eSuc_enat iless_Suc_eq order_le_imp_less_or_eq order_less_imp_le order_less_trans) (468 ms)
0.sledgehammer goal.by        55637ms Ordered_Resolution_Prover.Proving_Process 77:2607  some (SH 55634ms, ATP 6078ms): Try this: by (smt (cvc5, trigger_max) Collect_cong antisym_conv2 enat_ord_simps(1) order.strict_trans) (757 ms)
0.sledgehammer goal.using      6811ms Ordered_Resolution_Prover.Proving_Process 79:2651  some (SH 6810ms, ATP 882ms): Try this: by (smt (cvc5, trigger_last) Suc) (467 ms)
0.sledgehammer goal.by         9941ms Ordered_Resolution_Prover.Proving_Process 79:2661  some (SH 9939ms, ATP 869ms): Try this: by (smt (cvc5, fmf)) (380 ms)
0.sledgehammer goal.using     27559ms Ordered_Resolution_Prover.Proving_Process 83:2757  some (SH 26828ms, ATP 1454ms): Try this: by (smt (cvc5, best) chain_lnth_rel deriv linorder_not_less) (199 ms)
0.sledgehammer goal.by        40922ms Ordered_Resolution_Prover.Proving_Process 83:2769  timeout (SH 40917ms): Timed out
0.sledgehammer goal.by         7999ms Ordered_Resolution_Prover.Proving_Process 85:2900  some (SH 7994ms, ATP 1561ms): Try this: by (smt (cvc5, term_relev) derive_subset) (585 ms)
0.sledgehammer goal.unfolding 38674ms Ordered_Resolution_Prover.Proving_Process 87:2990  some (SH 38672ms, ATP 1234ms): Try this: by (smt (cvc5, trigger_relev) False Suc_ile_eq linorder_linear lnth_subset_Sup_upto_llist) (240 ms)
0.sledgehammer goal.using     53348ms Ordered_Resolution_Prover.Proving_Process 87:3019  some (SH 53346ms, ATP 1435ms): Try this: by (smt (cvc5, quant_saturate) False SUP_upper Suc_ile_eq linorder_linear mem_Collect_eq) (121 ms)
0.sledgehammer goal.by        42991ms Ordered_Resolution_Prover.Proving_Process 87:3049  some (SH 42989ms, ATP 5736ms): Try this: by (smt (cvc5, best) UN_upper mem_Collect_eq) (269 ms)
0.sledgehammer goal.by        125952ms Ordered_Resolution_Prover.Proving_Process 90:3194  some (SH 125950ms, ATP 2796ms): Try this: by (smt (cvc5, term_relev) inferences_from_mono subset_image_iff subset_trans sup_mono) (500 ms)
0.sledgehammer goal.unfolding 60805ms Ordered_Resolution_Prover.Proving_Process 92:3364  some (SH 60803ms, ATP 2410ms): Try this: by (smt (cvc5, quant_saturate) False Sup_upto_llist_Suc leI) (641 ms)
0.sledgehammer goal.using     36699ms Ordered_Resolution_Prover.Proving_Process 92:3393  timeout (SH 36697ms): Timed out
0.sledgehammer goal.by        38643ms Ordered_Resolution_Prover.Proving_Process 92:3405  timeout (SH 38642ms): Timed out
0.sledgehammer goal.using     16776ms Ordered_Resolution_Prover.Proving_Process 95:3560  some (SH 16773ms, ATP 1202ms): Try this: by (smt (cvc5, best) Suc \<Gamma>_sat_preserving) (315 ms)
0.sledgehammer goal.unfolding  8068ms Ordered_Resolution_Prover.Proving_Process 95:3587  some (SH 8066ms, ATP 1502ms): Try this: by (smt (cvc5, quant_saturate)) (789 ms)
0.sledgehammer goal.by         9511ms Ordered_Resolution_Prover.Proving_Process 95:3633  some (SH 9509ms, ATP 1143ms): Try this: by (smt (cvc5, best)) (415 ms)
0.sledgehammer goal.by        34558ms Ordered_Resolution_Prover.Proving_Process 97:3683  some (SH 34473ms, ATP 753ms): Try this: by (smt (cvc5, best) true_clss_mono true_clss_union) (272 ms)
0.sledgehammer goal.using     14732ms Ordered_Resolution_Prover.Proving_Process 101:3776  some (SH 14730ms, ATP 1576ms): Try this: by (smt (cvc5, fmf) dd_sset true_clss_mono) (747 ms)
0.sledgehammer goal.unfolding  9986ms Ordered_Resolution_Prover.Proving_Process 101:3790  some (SH 9985ms, ATP 2033ms): Try this: by (smt (cvc5, trigger_last) true_clss_mono) (509 ms)
0.sledgehammer goal.by        13298ms Ordered_Resolution_Prover.Proving_Process 101:3819  some (SH 13296ms, ATP 1018ms): Try this: by (smt (cvc5, trigger_last) true_clss_mono) (774 ms)
0.sledgehammer goal.using     39644ms Ordered_Resolution_Prover.Proving_Process 104:3880  some (SH 39642ms, ATP 1110ms): Try this: by (smt (cvc5, noematch) clausal_logic_compact) (619 ms)
0.sledgehammer goal.by        36280ms Ordered_Resolution_Prover.Proving_Process 104:3956  some (SH 36278ms, ATP 1702ms): Try this: by (smt (cvc5, best)) (517 ms)
0.sledgehammer goal.proof     38856ms Ordered_Resolution_Prover.Proving_Process 117:4283  timeout (SH 38851ms): Timed out
0.sledgehammer goal.using     84689ms Ordered_Resolution_Prover.Proving_Process 126:4524  some (SH 84686ms, ATP 1896ms): Try this: by (smt (cvc5, best) Rf_mono lnth_subset_Sup_llist psubsetD psubsetI) (510 ms)
0.sledgehammer goal.by        47631ms Ordered_Resolution_Prover.Proving_Process 126:4574  some (SH 47628ms, ATP 3373ms): Try this: by (smt (cvc5, trigger_max) subsetD) (677 ms)
0.sledgehammer goal.using     35107ms Ordered_Resolution_Prover.Proving_Process 128:4635  timeout (SH 35105ms): Timed out
0.sledgehammer goal.proof     35065ms Ordered_Resolution_Prover.Proving_Process 129:4650  timeout (SH 35063ms): Timed out
0.sledgehammer goal.using      7792ms Ordered_Resolution_Prover.Proving_Process 132:4710  some (SH 7791ms, ATP 941ms): Try this: by (smt (cvc5, trigger_max) c_in le_zero_eq) (104 ms)
0.sledgehammer goal.by         7472ms Ordered_Resolution_Prover.Proving_Process 132:4721  some (SH 7209ms, ATP 894ms): Try this: by (smt (cvc5, term_relev) le_zero_eq) (76 ms)
0.sledgehammer goal.proof     37072ms Ordered_Resolution_Prover.Proving_Process 136:4786  timeout (SH 36314ms): Timed out
0.sledgehammer goal.using     44297ms Ordered_Resolution_Prover.Proving_Process 139:4861  some (SH 44294ms, ATP 900ms): Try this: by (smt (cvc5, best) True less_Suc_eq_le) (41 ms)
0.sledgehammer goal.by         9634ms Ordered_Resolution_Prover.Proving_Process 139:4872  some (SH 9632ms, ATP 972ms): Try this: by (smt (cvc5, quant_saturate) less_Suc_eq_le) (139 ms)
0.sledgehammer goal.using     128300ms Ordered_Resolution_Prover.Proving_Process 141:4938  some (SH 128297ms, ATP 1356ms): Try this: by (smt (cvc5, best) Suc.prems(2) Suc_ile_eq order_less_imp_le) (108 ms)
0.sledgehammer goal.by        23952ms Ordered_Resolution_Prover.Proving_Process 141:4968  some (SH 23950ms, ATP 982ms): Try this: by (smt (cvc5, quant_saturate) order_less_imp_le) (304 ms)
0.sledgehammer goal.using      6326ms Ordered_Resolution_Prover.Proving_Process 143:5076  some (SH 6324ms, ATP 711ms): Try this: by (smt (cvc5, best) Suc.hyps) (32 ms)
0.sledgehammer goal.by         6617ms Ordered_Resolution_Prover.Proving_Process 143:5091  some (SH 5276ms, ATP 745ms): Try this: by (smt (cvc5, best)) (70 ms)
0.sledgehammer goal.using     25748ms Ordered_Resolution_Prover.Proving_Process 145:5158  some (SH 24081ms, ATP 4173ms): Try this: by (smt (cvc5, trigger_max) Suc.prems(2) chain_lnth_rel deriv) (351 ms)
0.sledgehammer goal.by         9763ms Ordered_Resolution_Prover.Proving_Process 145:5180  some (SH 9761ms, ATP 1276ms): Try this: by (smt (cvc5, noematch) chain_lnth_rel) (1.0 s)
0.sledgehammer goal.using     34560ms Ordered_Resolution_Prover.Proving_Process 147:5247  timeout (SH 34557ms): Timed out
0.sledgehammer goal.by        35008ms Ordered_Resolution_Prover.Proving_Process 147:5279  timeout (SH 35006ms): Timed out
0.sledgehammer goal.using     11681ms Ordered_Resolution_Prover.Proving_Process 151:5359  some (SH 11671ms, ATP 1355ms): Try this: by (smt (cvc5, fmf) Suc.prems(1) c_in le_neq_implies_less) (407 ms)
0.sledgehammer goal.by         8191ms Ordered_Resolution_Prover.Proving_Process 151:5374  some (SH 8189ms, ATP 1253ms): Try this: by (smt (cvc5, trigger_last) le_neq_implies_less) (264 ms)
0.sledgehammer goal.unfolding 48107ms Ordered_Resolution_Prover.Proving_Process 156:5480  some (SH 48105ms, ATP 4079ms): Try this: by (smt (cvc5, trigger_max) Diff_iff Sup_llist_imp_exists_index chain_not_lnull deriv not_Liminf_llist_imp_exists_index subsetI) (1.1 s)
0.sledgehammer goal.by        35459ms Ordered_Resolution_Prover.Proving_Process 156:5521  timeout (SH 35457ms): Timed out
0.sledgehammer goal.using     17793ms Ordered_Resolution_Prover.Proving_Process 158:5608  some (SH 17791ms, ATP 1219ms): Try this: by (smt (cvc5, trigger_max) Rf_mono lu_ll) (373 ms)
0.sledgehammer goal.by         8148ms Ordered_Resolution_Prover.Proving_Process 158:5628  some (SH 8142ms, ATP 1886ms): Try this: by (smt (cvc5, trigger_relev)) (464 ms)
0.sledgehammer goal.using      9463ms Ordered_Resolution_Prover.Proving_Process 160:5714  some (SH 9460ms, ATP 1098ms): Try this: by (smt (cvc5, fmf) Ri_mono lu_ll) (209 ms)
0.sledgehammer goal.by         7429ms Ordered_Resolution_Prover.Proving_Process 160:5734  some (SH 7428ms, ATP 1098ms): Try this: by (smt (cvc5, trigger_last)) (321 ms)
0.sledgehammer goal.using     50637ms Ordered_Resolution_Prover.Proving_Process 162:5796  some (SH 49951ms, ATP 1425ms): Try this: by (smt (cvc5, best) Rf_indep dual_order.refl rf subset_trans) (578 ms)
0.sledgehammer goal.by        52497ms Ordered_Resolution_Prover.Proving_Process 162:5814  some (SH 52493ms, ATP 1572ms): Try this: by (smt (cvc5, term_relev) Rf_mono lu_ll order_refl order_subst1) (944 ms)
0.sledgehammer goal.using     73546ms Ordered_Resolution_Prover.Proving_Process 164:5877  some (SH 73538ms, ATP 1162ms): Try this: by (smt (cvc5, trigger_last) Ri_indep dual_order.trans order_refl ri) (430 ms)
0.sledgehammer goal.by        34579ms Ordered_Resolution_Prover.Proving_Process 164:5895  some (SH 34573ms, ATP 1049ms): Try this: by (smt (cvc5, trigger_last) dual_order.trans order_refl) (316 ms)
0.sledgehammer goal.proof     34064ms Ordered_Resolution_Prover.Proving_Process 167:5969  timeout (SH 34062ms): Timed out
0.sledgehammer goal.using     15662ms Ordered_Resolution_Prover.Proving_Process 170:6058  some (SH 15659ms, ATP 1154ms): Try this: by (smt (cvc5, trigger_last) deriv sat_preserving_redundancy_criterion.deriv_sat_preserving sat_preserving_redundancy_criterion_axioms) (655 ms)
0.sledgehammer goal.by         7152ms Ordered_Resolution_Prover.Proving_Process 170:6091  some (SH 7150ms, ATP 1123ms): Try this: by (smt (cvc5, best)) (533 ms)
0.sledgehammer goal.using     14957ms Ordered_Resolution_Prover.Proving_Process 172:6151  some (SH 14907ms, ATP 284ms): Try this: by (smt (cvc5, trigger_max) Liminf_llist_subset_Sup_llist true_clss_mono) (409 ms)
0.sledgehammer goal.by         8969ms Ordered_Resolution_Prover.Proving_Process 172:6206  some (SH 8966ms, ATP 1572ms): Try this: by (smt (cvc5, noematch)) (338 ms)
0.sledgehammer goal.using     10839ms Ordered_Resolution_Prover.Proving_Process 176:6334  some (SH 10836ms, ATP 1405ms): Try this: by (smt (cvc5, noematch) lu_ll true_clss_mono) (388 ms)
0.sledgehammer goal.by         7236ms Ordered_Resolution_Prover.Proving_Process 176:6365  some (SH 7027ms, ATP 1173ms): Try this: by (smt (cvc5, quant_saturate)) (344 ms)
0.sledgehammer goal.using     10617ms Ordered_Resolution_Prover.Proving_Process 178:6423  some (SH 9964ms, ATP 1211ms): Try this: by (smt (cvc5, fmf) Rf_sat) (335 ms)
0.sledgehammer goal.by         7892ms Ordered_Resolution_Prover.Proving_Process 178:6436  some (SH 7890ms, ATP 1590ms): Try this: by (smt (cvc5, trigger_last)) (642 ms)
0.sledgehammer goal.using     41043ms Ordered_Resolution_Prover.Proving_Process 180:6488  some (SH 41038ms, ATP 2664ms): Try this: by (smt (cvc5, best) chain_not_lnull deriv lhd_subset_Sup_llist true_clss_mono) (245 ms)
0.sledgehammer goal.by        10341ms Ordered_Resolution_Prover.Proving_Process 180:6552  some (SH 10339ms, ATP 2203ms): Try this: by (smt (cvc5, trigger_last)) (1.1 s)
0.sledgehammer goal.using     59526ms Ordered_Resolution_Prover.Proving_Process 189:6739  some (SH 59525ms, ATP 1868ms): Try this: apply (smt (cvc5, noematch) Liminf_llist_subset_Sup_llist Rf_Sup_subset_Rf_Liminf assms redundancy_criterion.Rf_mono redundancy_criterion_axioms subset_antisym) (460 ms)
0.sledgehammer goal.by        35658ms Ordered_Resolution_Prover.Proving_Process 190:6753  some (SH 35656ms, ATP 1403ms): Try this: apply (smt (cvc5, noematch) Liminf_llist_subset_Sup_llist Rf_Sup_subset_Rf_Liminf redundancy_criterion.Rf_mono redundancy_criterion_axioms subset_antisym) (270 ms)
0.sledgehammer goal.unfolding 68668ms Ordered_Resolution_Prover.Proving_Process 226:7756  some (SH 68666ms, ATP 4696ms): Try this: by (smt (cvc5) Diff_iff Diff_iff Ri_effective Ri_indep Ri_limit_Sup Ri_mono deriv fair fair_clss_seq_def image_subset_iff inference_system.inferences_from_def mem_Collect_eq saturated_upto_def subsetI subsetI subset_antisym)
0.sledgehammer goal.proof     174432ms Ordered_Resolution_Prover.Proving_Process 227:7785  timeout (SH 174429ms):
0.sledgehammer goal.proof     138214ms Ordered_Resolution_Prover.Proving_Process 232:7926  some (SH 138211ms, ATP 4766ms): Try this: by (smt (cvc5, quant_saturate) DiffI Diff_subset Rf_Sup_subset_Rf_Liminf Rf_limit_Sup Ri_effective Ri_indep Ri_limit_Sup Ri_mono \<gamma> deriv fair fair_clss_seq_def image_subset_iff inference_system.inferences_from_def mem_Collect_eq subset_antisym) (670 ms)
0.sledgehammer goal.using     144563ms Ordered_Resolution_Prover.Proving_Process 235:7995  some (SH 144560ms, ATP 1828ms): Try this: by (smt (cvc5, noematch) Diff_subset Rf_Sup_subset_Rf_Liminf Rf_limit_Sup Ri_indep Ri_mono deriv subset_antisym) (1.4 s)
0.sledgehammer goal.by        144192ms Ordered_Resolution_Prover.Proving_Process 235:8009  some (SH 144189ms, ATP 1601ms): Try this: by (smt (cvc5, noematch) Diff_subset Rf_Sup_subset_Rf_Liminf Rf_limit_Sup Ri_indep deriv subset_antisym) (1.1 s)
0.sledgehammer goal.using     14497ms Ordered_Resolution_Prover.Proving_Process 239:8133  some (SH 14495ms, ATP 1194ms): Try this: by (smt (cvc5, trigger_max) fair fair_clss_seq_def) (292 ms)
0.sledgehammer goal.unfolding  7621ms Ordered_Resolution_Prover.Proving_Process 239:8144  some (SH 7619ms, ATP 882ms): Try this: by (smt (cvc5, trigger_relev) fair_clss_seq_def) (135 ms)
0.sledgehammer goal.using     46366ms Ordered_Resolution_Prover.Proving_Process 241:8250  some (SH 46033ms, ATP 1611ms): Try this: by (smt (cvc5, noematch) DiffI False \<gamma> image_subset_iff) (315 ms)
0.sledgehammer goal.by        60846ms Ordered_Resolution_Prover.Proving_Process 241:8264  some (SH 60842ms, ATP 2506ms): Try this: by (smt (cvc5, fmf) DiffI image_iff in_mono) (552 ms)
0.sledgehammer goal.using     60688ms Ordered_Resolution_Prover.Proving_Process 246:8380  some (SH 60686ms, ATP 3369ms): Try this: by (smt (cvc5, term_relev) Ri_effective \<gamma> calculation inference_system.inferences_from_def mem_Collect_eq) (223 ms)
0.sledgehammer goal.by        57197ms Ordered_Resolution_Prover.Proving_Process 246:8421  some (SH 57195ms, ATP 3246ms): Try this: by (smt (cvc5, trigger_relev) calculation mem_Collect_eq) (336 ms)
0.sledgehammer goal.using      9521ms Ordered_Resolution_Prover.Proving_Process 248:8481  some (SH 9518ms, ATP 1155ms): Try this: by (smt (cvc5, fmf) Ri_limit_Sup deriv) (355 ms)
0.sledgehammer goal.by         7763ms Ordered_Resolution_Prover.Proving_Process 248:8517  some (SH 7759ms, ATP 1078ms): Try this: by (smt (cvc5, trigger_relev) Ri_limit_Sup) (134 ms)
0.sledgehammer goal.using      9580ms Ordered_Resolution_Prover.Proving_Process 254:8656  some (SH 9468ms, ATP 906ms): Try this: by (smt (cvc5, fmf) Rf_limit_Sup deriv) (281 ms)
0.sledgehammer goal.by         9571ms Ordered_Resolution_Prover.Proving_Process 254:8692  some (SH 9570ms, ATP 1328ms): Try this: by (smt (cvc5, noematch) Rf_limit_Sup) (367 ms)
0.sledgehammer goal.using     45119ms Ordered_Resolution_Prover.Proving_Process 256:8752  some (SH 45117ms, ATP 2051ms): Try this: by (smt (cvc5, term_relev) Ri_effective Ri_limit_Sup \<gamma> calculation(1) deriv inferences_from_def mem_Collect_eq) (433 ms)
0.sledgehammer goal.by        59729ms Ordered_Resolution_Prover.Proving_Process 256:8793  some (SH 59727ms, ATP 1793ms): Try this: by (smt (cvc5, trigger_relev) Ri_limit_Sup calculation(1) deriv mem_Collect_eq) (191 ms)
0.sledgehammer goal.by         8484ms Ordered_Resolution_Prover.Proving_Process 259:8860  some (SH 8482ms, ATP 1046ms): Try this: by (smt (cvc5, best) Un_iff) (80 ms)
0.sledgehammer goal.by        38164ms Ordered_Resolution_Prover.Proving_Process 280:9264  timeout (SH 37393ms): Timed out
0.sledgehammer goal.unfolding 35676ms Ordered_Resolution_Prover.Proving_Process 283:9393  timeout (SH 35673ms): Timed out
0.sledgehammer goal.by        34258ms Ordered_Resolution_Prover.Proving_Process 283:9456  timeout (SH 34253ms): Timed out
0.sledgehammer goal.using     34663ms Ordered_Resolution_Prover.Proving_Process 295:9762  timeout (SH 34661ms): Timed out
0.sledgehammer goal.unfolding 33678ms Ordered_Resolution_Prover.Proving_Process 295:9774  timeout (SH 33675ms): Timed out
0.sledgehammer goal.by        82561ms Ordered_Resolution_Prover.Proving_Process 295:9809  some (SH 82559ms, ATP 5382ms): Try this: by (smt (cvc5, trigger_last) Diff_subset set_eq_subset sup.boundedI sup.cobounded2 sup.mono) (923 ms)
0.sledgehammer goal.using     35682ms Ordered_Resolution_Prover.Proving_Process 301:10112  timeout (SH 35680ms): Timed out
0.sledgehammer goal.unfolding 36118ms Ordered_Resolution_Prover.Proving_Process 303:10250  timeout (SH 36115ms): Timed out
0.sledgehammer goal.by        36716ms Ordered_Resolution_Prover.Proving_Process 303:10297  timeout (SH 36714ms): Timed out
0.sledgehammer goal.using     60362ms Ordered_Resolution_Prover.Proving_Process 308:10499  some (SH 60360ms, ATP 1214ms): Try this: by (smt (cvc5) Diff_partition Diff_subset_conv Un_iff assms(1,2) effective_redundancy_criterion.Ri_effective effective_redundancy_criterion_axioms.intro effective_redundancy_criterion_def le_iff_sup redundancy_criterion_def sup.cobounded2 sup.mono)
0.sledgehammer goal.unfolding 70366ms Ordered_Resolution_Prover.Proving_Process 309:10559  some (SH 70363ms, ATP 1268ms): Try this: by (smt (cvc5) Diff_partition Un_iff effective_redundancy_criterion_axioms_def effective_redundancy_criterion_def redundancy_criterion_def)
0.sledgehammer goal.by        43770ms Ordered_Resolution_Prover.Proving_Process 309:10646  some (SH 43766ms, ATP 3038ms): Try this: by (smt (cvc5) Diff_partition Un_iff redundancy_criterion_def)
0.sledgehammer goal.using     32448ms Ordered_Resolution_Prover.Proving_Process 315:10925  timeout (SH 32442ms): Timed out
0.sledgehammer goal.unfolding 37903ms Ordered_Resolution_Prover.Proving_Process 318:11162  timeout (SH 37901ms): Timed out
0.sledgehammer goal.by        36609ms Ordered_Resolution_Prover.Proving_Process 318:11217  timeout (SH 36603ms): Timed out
0.sledgehammer goal.proof     34564ms Ordered_Resolution_Prover.Proving_Process 328:11691  timeout (SH 34562ms): Timed out
0.sledgehammer goal.by        13985ms Ordered_Resolution_Prover.Proving_Process 330:11794  some (SH 13983ms, ATP 899ms): Try this: by (smt (cvc5, noematch) deriv fair red' sat_preserving_effective_redundancy_criterion.fair_derive_saturated_upto) (774 ms)
0.sledgehammer goal.by        178448ms Ordered_Resolution_Prover.Proving_Process 333:11930  timeout (SH 178446ms):
0.sledgehammer goal.proof     35518ms Ordered_Resolution_Prover.Standard_Redundancy 38:1203  timeout (SH 35515ms): Timed out
0.sledgehammer goal.using     165984ms Ordered_Resolution_Prover.Standard_Redundancy 40:1291  some (SH 165982ms, ATP 697ms): Try this: by (smt (cvc5, trigger_last) assms(1,2) empty_not_add_mset mset_add pos_neg_in_imp_true subsetI) (383 ms)
0.sledgehammer goal.by        45277ms Ordered_Resolution_Prover.Standard_Redundancy 40:1303  some (SH 45273ms, ATP 1702ms): Try this: by (smt (cvc5, trigger_relev) empty_not_add_mset multi_member_split pos_neg_in_imp_true subsetI) (592 ms)
0.sledgehammer goal.unfolding 36064ms Ordered_Resolution_Prover.Standard_Redundancy 42:1338  timeout (SH 36059ms): Timed out
0.sledgehammer goal.by        17441ms Ordered_Resolution_Prover.Standard_Redundancy 42:1355  some (SH 17439ms, ATP 2491ms): Try this: by (smt (cvc5, noematch) mem_Collect_eq) (808 ms)
0.sledgehammer goal.by        105891ms Ordered_Resolution_Prover.Standard_Redundancy 50:1510  some (SH 105889ms, ATP 1362ms): Try this: by (smt (cvc5, best) bot.extremum empty_iff neg pos pos_neg_in_imp_true redundant_infer_def set_mset_empty) (778 ms)
0.sledgehammer goal.unfolding 33527ms Ordered_Resolution_Prover.Standard_Redundancy 53:1667  timeout (SH 33524ms): Timed out
0.sledgehammer goal.by        33026ms Ordered_Resolution_Prover.Standard_Redundancy 53:1684  timeout (SH 33023ms): Timed out
0.sledgehammer goal.unfolding 60512ms Ordered_Resolution_Prover.Standard_Redundancy 61:1854  some (SH 60510ms, ATP 343ms): Try this: by (smt (cvc5, trigger_relev) mem_Collect_eq order_trans standard_redundancy_criterion.Rf_def subsetI) (419 ms)
0.sledgehammer goal.by        59101ms Ordered_Resolution_Prover.Standard_Redundancy 61:1871  some (SH 59099ms, ATP 1931ms): Try this: by (smt (cvc5, fmf) Collect_mono order_trans) (1.3 s)
0.sledgehammer goal.proof     34308ms Ordered_Resolution_Prover.Standard_Redundancy 66:2086  timeout (SH 34305ms): Timed out
0.sledgehammer goal.by        43244ms Ordered_Resolution_Prover.Standard_Redundancy 69:2220  some (SH 43241ms, ATP 1128ms): Try this: by (smt (cvc5) Collect_mem_eq Collect_mono_iff)
0.sledgehammer goal.using     34445ms Ordered_Resolution_Prover.Standard_Redundancy 73:2425  timeout (SH 34443ms): Timed out
0.sledgehammer goal.unfolding 35616ms Ordered_Resolution_Prover.Standard_Redundancy 74:2499  timeout (SH 35614ms): Timed out
0.sledgehammer goal.by        36183ms Ordered_Resolution_Prover.Standard_Redundancy 74:2527  timeout (SH 36180ms): Timed out
0.sledgehammer goal.by        14033ms Ordered_Resolution_Prover.Standard_Redundancy 81:2800  some (SH 14030ms, ATP 1096ms): Try this: by (smt (cvc5, fmf)) (2.7 s)
0.sledgehammer goal.proof     35370ms Ordered_Resolution_Prover.Standard_Redundancy 84:2847  timeout (SH 35367ms): Timed out
0.sledgehammer goal.unfolding 38586ms Ordered_Resolution_Prover.Standard_Redundancy 94:3109  some (SH 38584ms, ATP 2444ms): Try this: by (smt (cvc5, trigger_last) Rf_def mem_Collect_eq) (620 ms)
0.sledgehammer goal.by        20073ms Ordered_Resolution_Prover.Standard_Redundancy 94:3126  some (SH 20071ms, ATP 1553ms): Try this: by (smt (cvc5, best) mem_Collect_eq) (1.3 s)
0.sledgehammer goal.unfolding 82828ms Ordered_Resolution_Prover.Standard_Redundancy 100:3224  some (SH 82826ms, ATP 1554ms): Try this: by (smt (cvc5, term_relev) DDa_def da_in_dd dd'_subs_n dd_subs_n insert_DiffM insert_iff set_mset_add_mset_insert subset_eq union_iff) (454 ms)
0.sledgehammer goal.using     65034ms Ordered_Resolution_Prover.Standard_Redundancy 100:3242  some (SH 65024ms, ATP 2123ms): Try this: by (smt (cvc5, best) da_in_dd dd'_subs_n dd_subs_n in_remove1_mset_neq subset_eq union_iff) (608 ms)
0.sledgehammer goal.by        89861ms Ordered_Resolution_Prover.Standard_Redundancy 101:3275  some (SH 89858ms, ATP 2493ms): Try this: by (smt (cvc5, best) da_in_dd in_remove1_mset_neq subset_eq union_iff) (311 ms)
0.sledgehammer goal.using     66219ms Ordered_Resolution_Prover.Standard_Redundancy 103:3380  some (SH 66217ms, ATP 1357ms): Try this: by (smt (cvc5, fmf) DDa_def da_in_dd dd'_imp_da ddcc_imp_e insert_DiffM2 true_cls_mset_add_mset true_cls_mset_empty true_cls_mset_union) (359 ms)
0.sledgehammer goal.unfolding 70894ms Ordered_Resolution_Prover.Standard_Redundancy 103:3417  some (SH 70889ms, ATP 1273ms): Try this: by (smt (cvc5, trigger_max) DDa_def insert_DiffM2 true_cls_mset_add_mset true_cls_mset_empty true_cls_mset_union) (313 ms)
0.sledgehammer goal.by        34312ms Ordered_Resolution_Prover.Standard_Redundancy 104:3459  timeout (SH 34310ms): Timed out
0.sledgehammer goal.using     83387ms Ordered_Resolution_Prover.Standard_Redundancy 106:3550  some (SH 83385ms, ATP 1207ms): Try this: by (smt (cvc5, fmf) DDa_def da_in_dd dd'_lt_da dd_lt_d mset_le_trans single_subset_iff subset_mset.add_diff_inverse union_iff) (452 ms)
0.sledgehammer goal.unfolding 61654ms Ordered_Resolution_Prover.Standard_Redundancy 106:3583  some (SH 61651ms, ATP 3225ms): Try this: by (smt (cvc5, best) DDa_def insert_DiffM2 mset_le_trans union_iff) (474 ms)
0.sledgehammer goal.by        62170ms Ordered_Resolution_Prover.Standard_Redundancy 107:3607  some (SH 62167ms, ATP 1349ms): Try this: by (smt (cvc5, fmf) mset_le_trans single_subset_iff subset_mset.add_diff_inverse union_iff) (533 ms)
0.sledgehammer goal.unfolding 34577ms Ordered_Resolution_Prover.Standard_Redundancy 109:3696  timeout (SH 34574ms): Timed out
0.sledgehammer goal.by        34799ms Ordered_Resolution_Prover.Standard_Redundancy 110:3720  timeout (SH 34796ms): Timed out
0.sledgehammer goal.using     24618ms Ordered_Resolution_Prover.Standard_Redundancy 112:3844  some (SH 24616ms, ATP 1808ms): Try this: by (smt (cvc5, trigger_relev) d_min leD) (272 ms)
0.sledgehammer goal.unfolding 16498ms Ordered_Resolution_Prover.Standard_Redundancy 112:3856  some (SH 16496ms, ATP 2377ms): Try this: by (smt (cvc5, fmf) linorder_not_le) (714 ms)
0.sledgehammer goal.by        17389ms Ordered_Resolution_Prover.Standard_Redundancy 112:3887  some (SH 17387ms, ATP 1259ms): Try this: by (smt (cvc5, quant_saturate) d_min linorder_not_le) (924 ms)
0.sledgehammer goal.using     70872ms Ordered_Resolution_Prover.Standard_Redundancy 115:3943  some (SH 70870ms, ATP 2167ms): Try this: by (smt (cvc5, quant_saturate) Diff_iff dd_lt_d dd_subs_n ddcc_imp_e subset_eq) (674 ms)
0.sledgehammer goal.by        45273ms Ordered_Resolution_Prover.Standard_Redundancy 115:3978  some (SH 45271ms, ATP 1167ms): Try this: by (smt (cvc5) DiffI psubsetD psubsetI subsetI)
0.sledgehammer goal.using     36185ms Ordered_Resolution_Prover.Standard_Redundancy 121:4127  timeout (SH 36183ms): Timed out
0.sledgehammer goal.by        34986ms Ordered_Resolution_Prover.Standard_Redundancy 121:4139  timeout (SH 34984ms): Timed out
0.sledgehammer goal.proof     34241ms Ordered_Resolution_Prover.Standard_Redundancy 124:4255  timeout (SH 34239ms): Timed out
0.sledgehammer goal.using     14636ms Ordered_Resolution_Prover.Standard_Redundancy 131:4442  some (SH 14633ms, ATP 2194ms): Try this: by (smt (cvc5, trigger_last) Rf_imp_ex_non_Rf) (1.7 s)
0.sledgehammer goal.by        12220ms Ordered_Resolution_Prover.Standard_Redundancy 131:4465  some (SH 12218ms, ATP 1586ms): Try this: by (smt (cvc5, noematch)) (1.5 s)
0.sledgehammer goal.using     29457ms Ordered_Resolution_Prover.Standard_Redundancy 133:4510  some (SH 29455ms, ATP 1190ms): Try this: by (smt (cvc5, trigger_relev) Diff_iff cc_subs in_mono) (675 ms)
0.sledgehammer goal.by        26924ms Ordered_Resolution_Prover.Standard_Redundancy 133:4524  some (SH 26923ms, ATP 1044ms): Try this: by (smt (cvc5, trigger_last) Diff_iff in_mono) (600 ms)
0.sledgehammer goal.unfolding 33815ms Ordered_Resolution_Prover.Standard_Redundancy 136:4660  some (SH 33813ms, ATP 2433ms): Try this: by (smt (cvc5, trigger_last) mem_Collect_eq standard_redundancy_criterion.Rf_def) (1.1 s)
0.sledgehammer goal.by        29957ms Ordered_Resolution_Prover.Standard_Redundancy 136:4677  some (SH 29955ms, ATP 4469ms): Try this: by (smt (cvc5) mem_Collect_eq)
0.sledgehammer goal.using     33491ms Ordered_Resolution_Prover.Standard_Redundancy 138:4720  some (SH 33490ms, ATP 1148ms): Try this: by (smt (cvc5, best) Diff_subset cc_subs order_trans) (161 ms)
0.sledgehammer goal.by        22668ms Ordered_Resolution_Prover.Standard_Redundancy 138:4734  some (SH 22666ms, ATP 1057ms): Try this: by (smt (cvc5, trigger_last) Diff_subset order_trans) (262 ms)
0.sledgehammer goal.using     78360ms Ordered_Resolution_Prover.Standard_Redundancy 141:4856  some (SH 78358ms, ATP 1634ms): Try this: by (smt (cvc5, noematch) Collect_cong Rf_def cc_subs) (2.2 s)
0.sledgehammer goal.by        73535ms Ordered_Resolution_Prover.Standard_Redundancy 141:4868  some (SH 73531ms, ATP 1679ms): Try this: by (smt (cvc5, noematch) Collect_cong Rf_def cc_subs) (2.0 s)
0.sledgehammer goal.using     84229ms Ordered_Resolution_Prover.Standard_Redundancy 143:4913  some (SH 84226ms, ATP 2095ms): Try this: by (smt (cvc5, noematch) Rf_def Rf_imp_ex_non_Rf c_rf mem_Collect_eq) (1.0 s)
0.sledgehammer goal.unfolding 79896ms Ordered_Resolution_Prover.Standard_Redundancy 143:4936  some (SH 79892ms, ATP 1660ms): Try this: by (smt (cvc5, fmf) Rf_def Rf_imp_ex_non_Rf c_rf mem_Collect_eq) (1.1 s)
0.sledgehammer goal.by        13323ms Ordered_Resolution_Prover.Standard_Redundancy 143:4953  some (SH 13320ms, ATP 1248ms): Try this: by (smt (cvc5, noematch) mem_Collect_eq) (816 ms)
0.sledgehammer goal.by        28856ms Ordered_Resolution_Prover.Standard_Redundancy 147:5015  some (SH 28855ms, ATP 1284ms): Try this: by (smt (cvc5, trigger_max) Diff_subset Rf_mono Rf_subs_Rf_diff_Rf subset_antisym) (162 ms)
0.sledgehammer goal.unfolding 53701ms Ordered_Resolution_Prover.Standard_Redundancy 154:5179  some (SH 53699ms, ATP 2033ms): Try this: by (smt (cvc5, best) mem_Collect_eq order_trans redundant_infer_def standard_redundancy_criterion.Ri_def subsetI) (600 ms)
0.sledgehammer goal.by        55032ms Ordered_Resolution_Prover.Standard_Redundancy 154:5216  some (SH 55029ms, ATP 1547ms): Try this: by (smt (cvc5, trigger_relev) Collect_mono order.trans) (2.1 s)
0.sledgehammer goal.proof     37189ms Ordered_Resolution_Prover.Standard_Redundancy 157:5274  timeout (SH 37186ms): Timed out
0.sledgehammer goal.by        10445ms Ordered_Resolution_Prover.Standard_Redundancy 161:5367  some (SH 10442ms, ATP 1721ms): Try this: by (smt (cvc5, quant_saturate) inference.collapse) (361 ms)
0.sledgehammer goal.unfolding  7051ms Ordered_Resolution_Prover.Standard_Redundancy 163:5470  some (SH 7049ms, ATP 1096ms): Try this: apply (smt (cvc5, quant_saturate) \<gamma> inference.sel(1)) (101 ms)
0.sledgehammer goal.by         7402ms Ordered_Resolution_Prover.Standard_Redundancy 163:5482  some (SH 6919ms, ATP 1030ms): Try this: apply (smt (cvc5, best) inference.sel(1)) (86 ms)
0.sledgehammer goal.using     113629ms Ordered_Resolution_Prover.Standard_Redundancy 166:5595  some (SH 112842ms, ATP 3388ms): Try this: by (smt (cvc5, trigger_max) \<gamma>_ri cc d e mem_Collect_eq redundant_infer_def standard_redundancy_criterion.Ri_def) (749 ms)
0.sledgehammer goal.unfolding 35945ms Ordered_Resolution_Prover.Standard_Redundancy 166:5606  timeout (SH 35943ms): Timed out
0.sledgehammer goal.by        19333ms Ordered_Resolution_Prover.Standard_Redundancy 166:5650  some (SH 19331ms, ATP 1324ms): Try this: by (smt (cvc5, trigger_max) mem_Collect_eq) (2.5 s)
0.sledgehammer goal.using     36168ms Ordered_Resolution_Prover.Standard_Redundancy 169:5779  timeout (SH 36166ms): Timed out
0.sledgehammer goal.by        34635ms Ordered_Resolution_Prover.Standard_Redundancy 169:5797  timeout (SH 34633ms): Timed out
0.sledgehammer goal.using     34804ms Ordered_Resolution_Prover.Standard_Redundancy 171:5855  timeout (SH 34801ms): Timed out
0.sledgehammer goal.unfolding 36723ms Ordered_Resolution_Prover.Standard_Redundancy 171:5866  timeout (SH 36722ms): Timed out
0.sledgehammer goal.by        14707ms Ordered_Resolution_Prover.Standard_Redundancy 171:5910  some (SH 14704ms, ATP 2060ms): Try this: by (smt (cvc5, fmf) mem_Collect_eq) (2.4 s)
0.sledgehammer goal.by        89578ms Ordered_Resolution_Prover.Standard_Redundancy 175:5973  some (SH 89576ms, ATP 1891ms): Try this: by (smt (cvc5, best) Diff_subset Ri_mono Ri_subs_Ri_diff_Rf subset_antisym) (253 ms)
0.sledgehammer goal.unfolding 34903ms Ordered_Resolution_Prover.Standard_Redundancy 178:6071  some (SH 34902ms, ATP 2644ms): Try this: by (smt (cvc5, quant_saturate) Ri_def mem_Collect_eq subsetI) (378 ms)
0.sledgehammer goal.by        12183ms Ordered_Resolution_Prover.Standard_Redundancy 178:6088  some (SH 12181ms, ATP 3466ms): Try this: by (smt (cvc5, fmf) mem_Collect_eq subsetI) (371 ms)
0.sledgehammer goal.by        22119ms Ordered_Resolution_Prover.Standard_Redundancy 181:6149  some (SH 22117ms, ATP 1901ms): Try this: by (smt (cvc5, trigger_relev) Diff_mono Rf_eq_Rf_diff_Rf Rf_mono dual_order.refl) (98 ms)
0.sledgehammer goal.by        53067ms Ordered_Resolution_Prover.Standard_Redundancy 184:6277  some (SH 53063ms, ATP 2303ms): Try this: by (smt (cvc5, fmf) Diff_mono Ri_eq_Ri_diff_Rf Ri_mono dual_order.refl) (675 ms)
0.sledgehammer goal.proof     149026ms Ordered_Resolution_Prover.Standard_Redundancy 189:6394  some (SH 149023ms, ATP 1063ms): Try this: by (smt (cvc5, best) Diff_iff Rf_imp_ex_non_Rf assms true_clss_def true_clss_mono true_clss_set_mset) (539 ms)
0.sledgehammer goal.unfolding 35861ms Ordered_Resolution_Prover.Standard_Redundancy 191:6434  timeout (SH 35858ms): Timed out
0.sledgehammer goal.by        99820ms Ordered_Resolution_Prover.Standard_Redundancy 192:6462  some (SH 99817ms, ATP 1924ms): Try this: by (smt (cvc5, noematch) Rf_eq_Rf_diff_Rf Rf_imp_ex_non_Rf assms true_clss_mono true_clss_set_mset) (496 ms)
0.sledgehammer goal.using      6656ms Ordered_Resolution_Prover.Standard_Redundancy 194:6574  some (SH 6654ms, ATP 897ms): Try this: by (smt (cvc5, term_relev) Rf_eq_Rf_diff_Rf) (166 ms)
0.sledgehammer goal.by         8649ms Ordered_Resolution_Prover.Standard_Redundancy 194:6614  some (SH 8647ms, ATP 1182ms): Try this: by (smt (cvc5, trigger_max)) (609 ms)
0.sledgehammer goal.using     24411ms Ordered_Resolution_Prover.Standard_Redundancy 196:6647  some (SH 24409ms, ATP 1247ms): Try this: by (smt (cvc5, term_relev) Diff_iff assms true_clss_def) (152 ms)
0.sledgehammer goal.by        19606ms Ordered_Resolution_Prover.Standard_Redundancy 196:6659  some (SH 19603ms, ATP 1756ms): Try this: by (smt (cvc5, fmf) Diff_iff true_clss_def) (625 ms)
0.sledgehammer goal.by         7397ms Ordered_Resolution_Prover.Standard_Redundancy 200:6763  some (SH 7395ms, ATP 1345ms): Try this: by (smt (cvc5, noematch) Rf_model) (485 ms)
0.sledgehammer goal.by        136623ms Ordered_Resolution_Prover.Standard_Redundancy 207:6877  some (SH 136621ms, ATP 1319ms): Try this: by (smt (cvc5, trigger_relev) Rf_indep Rf_mono Rf_sat Ri_indep Ri_mono Ri_subset_\<Gamma> redundancy_criterion.intro) (2.8 s)
0.sledgehammer goal.proof     36391ms Ordered_Resolution_Prover.Standard_Redundancy 224:7261  timeout (SH 36381ms): Timed out
0.sledgehammer goal.by        15409ms Ordered_Resolution_Prover.Standard_Redundancy 227:7321  some (SH 15405ms, ATP 1652ms): Try this: by (smt (cvc5, quant_saturate) inference.collapse) (668 ms)
0.sledgehammer goal.unfolding  7934ms Ordered_Resolution_Prover.Standard_Redundancy 229:7429  some (SH 7932ms, ATP 1058ms): Try this: apply (smt (cvc5, trigger_relev) inference.sel(1)) (100 ms)
0.sledgehammer goal.by        11246ms Ordered_Resolution_Prover.Standard_Redundancy 229:7441  some (SH 10622ms, ATP 2777ms): Try this: apply (smt (cvc5, best) inference.sel(1)) (97 ms)
0.sledgehammer goal.using     14026ms Ordered_Resolution_Prover.Standard_Redundancy 235:7565  some (SH 13949ms, ATP 986ms): Try this: by (smt (cvc5, trigger_max) \<Gamma>_reductive d e in_\<gamma>) (407 ms)
0.sledgehammer goal.by         8464ms Ordered_Resolution_Prover.Standard_Redundancy 235:7592  some (SH 8462ms, ATP 1426ms): Try this: by (smt (cvc5, fmf)) (300 ms)
0.sledgehammer goal.by        38465ms Ordered_Resolution_Prover.Standard_Redundancy 238:7719  some (SH 37530ms, ATP 1375ms): Try this: apply (smt (cvc5, quant_saturate) add_mset_eq_single insert_DiffM subsetI) (576 ms)
0.sledgehammer goal.using     66942ms Ordered_Resolution_Prover.Standard_Redundancy 240:7773  some (SH 66938ms, ATP 1379ms): Try this: by (smt (cvc5, best) cc d e redundant_infer_def) (520 ms)
0.sledgehammer goal.by        11099ms Ordered_Resolution_Prover.Standard_Redundancy 240:7806  some (SH 11095ms, ATP 2073ms): Try this: by (smt (cvc5, fmf)) (1.2 s)
0.sledgehammer goal.unfolding 38258ms Ordered_Resolution_Prover.Standard_Redundancy 249:8006  some (SH 38255ms, ATP 1340ms): Try this: by (smt (cvc5, noematch) Diff_subset Rf_imp_ex_non_Rf order_trans) (2.3 s)
0.sledgehammer goal.by        34242ms Ordered_Resolution_Prover.Standard_Redundancy 249:8023  some (SH 34239ms, ATP 1914ms): Try this: by (smt (cvc5, quant_saturate) Diff_subset[of N "Rf N"] Rf_imp_ex_non_Rf[of E N] \<open>E \<in> Rf N\<close> order_trans[of "set_mset _" "N - Rf N" N]) (1.1 s)
0.sledgehammer goal.using     28406ms Ordered_Resolution_Prover.Standard_Redundancy 251:8085  some (SH 28403ms, ATP 1729ms): Try this: by (smt (cvc5, fmf) d e in_\<gamma> mset_le_trans reductive_inference_system.\<Gamma>_reductive reductive_inference_system_axioms) (679 ms)
0.sledgehammer goal.by        10665ms Ordered_Resolution_Prover.Standard_Redundancy 251:8123  some (SH 10663ms, ATP 1137ms): Try this: by (smt (cvc5, best)) (864 ms)
0.sledgehammer goal.using     118088ms Ordered_Resolution_Prover.Standard_Redundancy 253:8174  some (SH 118084ms, ATP 3066ms): Try this: by (smt (cvc5, best) d dd_imp_e dd_sset e standard_redundancy_criterion.redundant_infer_def true_cls_mset_union) (868 ms)
0.sledgehammer goal.by        26523ms Ordered_Resolution_Prover.Standard_Redundancy 253:8224  some (SH 26521ms, ATP 3432ms): Try this: by (smt (cvc5, fmf) true_cls_mset_union) (697 ms)
0.sledgehammer goal.using     100010ms Ordered_Resolution_Prover.Standard_Redundancy 256:8270  some (SH 100007ms, ATP 1635ms): Try this: by (smt (cvc5, best) Ri_def Un_iff concl_of_in_n_un_rf_n e in_\<gamma> mem_Collect_eq) (92 ms)
0.sledgehammer goal.unfolding 35472ms Ordered_Resolution_Prover.Standard_Redundancy 256:8296  timeout (SH 35470ms): Timed out
0.sledgehammer goal.by        14559ms Ordered_Resolution_Prover.Standard_Redundancy 256:8313  some (SH 14553ms, ATP 1340ms): Try this: by (smt (cvc5, best) Un_iff mem_Collect_eq) (77 ms)
0.sledgehammer goal.unfolding 37505ms Ordered_Resolution_Prover.Standard_Redundancy 260:8378  some (SH 37495ms, ATP 1265ms): Try this: by (smt (cvc5, trigger_last) Ri_effective effective_redundancy_criterion.intro effective_redundancy_criterion_axioms_def redundancy_criterion_axioms) (604 ms)
0.sledgehammer goal.by        19975ms Ordered_Resolution_Prover.Standard_Redundancy 261:8425  some (SH 19972ms, ATP 2721ms): Try this: by (smt (cvc5, noematch) Ri_effective effective_redundancy_criterion_axioms_def redundancy_criterion_axioms) (351 ms)
0.sledgehammer goal.unfolding 37199ms Ordered_Resolution_Prover.Standard_Redundancy 264:8553  timeout (SH 37197ms): Timed out
0.sledgehammer goal.using     36130ms Ordered_Resolution_Prover.Standard_Redundancy 264:8590  timeout (SH 36127ms): Timed out
0.sledgehammer goal.by        36740ms Ordered_Resolution_Prover.Standard_Redundancy 265:8634  timeout (SH 36734ms): Timed out
0.sledgehammer goal.proof     35754ms Ordered_Resolution_Prover.Standard_Redundancy 282:9020  timeout (SH 35750ms): Timed out
0.sledgehammer goal.unfolding 24569ms Ordered_Resolution_Prover.Standard_Redundancy 289:9136  some (SH 24565ms, ATP 1327ms): Try this: by (smt (cvc5, best) Diff_iff M_def ec_ni_n) (181 ms)
0.sledgehammer goal.using     18702ms Ordered_Resolution_Prover.Standard_Redundancy 289:9152  some (SH 18699ms, ATP 4451ms): Try this: by (smt (cvc5, trigger_relev) Diff_iff ec_ni_n) (135 ms)
0.sledgehammer goal.by         7074ms Ordered_Resolution_Prover.Standard_Redundancy 289:9166  some (SH 7065ms, ATP 995ms): Try this: by (smt (cvc5, trigger_relev) Diff_iff) (144 ms)
0.sledgehammer goal.proof     46078ms Ordered_Resolution_Prover.Standard_Redundancy 292:9198  timeout (SH 45529ms): Timed out
0.sledgehammer goal.using     16758ms Ordered_Resolution_Prover.Standard_Redundancy 298:9379  some (SH 16756ms, ATP 1015ms): Try this: by (smt (cvc5, fmf) ex_min_counterex) (1.7 s)
0.sledgehammer goal.by        10560ms Ordered_Resolution_Prover.Standard_Redundancy 298:9402  some (SH 10558ms, ATP 1355ms): Try this: by (smt (cvc5, term_relev)) (1.3 s)
0.sledgehammer goal.using     31016ms Ordered_Resolution_Prover.Standard_Redundancy 306:9629  some (SH 31014ms, ATP 1695ms): Try this: by (smt (cvc5, best) counterex_reducing_inference_system.\<Gamma>_counterex_reducing[of \<Gamma> I_of M D] counterex_reducing_inference_system_axioms ec_ni_m linorder_not_less[of _ D]) (2.6 s)
0.sledgehammer goal.by        16066ms Ordered_Resolution_Prover.Standard_Redundancy 306:9677  some (SH 16064ms, ATP 1608ms): Try this: by (smt (cvc5))
0.sledgehammer goal.unfolding  8105ms Ordered_Resolution_Prover.Standard_Redundancy 308:9780  some (SH 8097ms, ATP 1007ms): Try this: apply (smt (cvc5, trigger_relev) \<gamma> inference.sel(1)) (97 ms)
0.sledgehammer goal.by         8365ms Ordered_Resolution_Prover.Standard_Redundancy 308:9792  some (SH 7974ms, ATP 1384ms): Try this: apply (smt (cvc5, best) inference.sel(1)) (117 ms)
0.sledgehammer goal.by        36635ms Ordered_Resolution_Prover.Standard_Redundancy 310:9830  timeout (SH 36237ms): Timed out
0.sledgehammer goal.unfolding 13889ms Ordered_Resolution_Prover.Standard_Redundancy 313:10039  some (SH 13886ms, ATP 940ms): Try this: by (smt (cvc5, quant_saturate) M_def Ri_eq_Ri_diff_Rf) (178 ms)
0.sledgehammer goal.using      6454ms Ordered_Resolution_Prover.Standard_Redundancy 313:10055  some (SH 6452ms, ATP 804ms): Try this: by (smt (cvc5, best) Ri_eq_Ri_diff_Rf) (39 ms)
0.sledgehammer goal.by         9556ms Ordered_Resolution_Prover.Standard_Redundancy 313:10070  some (SH 8595ms, ATP 882ms): Try this: by (smt (cvc5, best) Ri_eq_Ri_diff_Rf) (51 ms)
0.sledgehammer goal.unfolding 42253ms Ordered_Resolution_Prover.Standard_Redundancy 318:10235  some (SH 42249ms, ATP 1002ms): Try this: by (smt (cvc5, term_relev) \<gamma> inference.sel(1)[of CC D E] inference.sel(2)[of CC D E] inference.sel(3)[of CC D E] mem_Collect_eq[of \<gamma> "\<lambda>R. R \<in> \<Gamma> \<and> redundant_infer M R"] standard_redundancy_criterion.Ri_def[of \<Gamma> M] standard_redundancy_criterion.redundant_infer_def[of M \<gamma>]) (3.4 s)
0.sledgehammer goal.by        19434ms Ordered_Resolution_Prover.Standard_Redundancy 318:10279  some (SH 19432ms, ATP 3325ms): Try this: by (smt (cvc5, noematch) mem_Collect_eq) (734 ms)
0.sledgehammer goal.using     28841ms Ordered_Resolution_Prover.Standard_Redundancy 320:10341  some (SH 28838ms, ATP 2149ms): Try this: by (smt (cvc5, trigger_relev) d_min subset_eq true_cls_mset_def) (586 ms)
0.sledgehammer goal.unfolding 15484ms Ordered_Resolution_Prover.Standard_Redundancy 320:10353  some (SH 15481ms, ATP 1659ms): Try this: by (smt (cvc5, trigger_relev) subsetD true_cls_mset_def) (269 ms)
0.sledgehammer goal.by        12608ms Ordered_Resolution_Prover.Standard_Redundancy 320:10381  some (SH 12600ms, ATP 1450ms): Try this: by (smt (cvc5, noematch) subset_eq) (1.4 s)
0.sledgehammer goal.using     15816ms Ordered_Resolution_Prover.Standard_Redundancy 322:10440  some (SH 15814ms, ATP 2133ms): Try this: by (smt (cvc5, best) cc_true dd_cc_imp_d true_cls_mset_union) (69 ms)
0.sledgehammer goal.by         9815ms Ordered_Resolution_Prover.Standard_Redundancy 322:10466  some (SH 9814ms, ATP 1703ms): Try this: by (smt (cvc5, quant_saturate) true_cls_mset_union) (318 ms)
0.sledgehammer goal.using      9111ms Ordered_Resolution_Prover.Standard_Redundancy 324:10500  some (SH 9109ms, ATP 1228ms): Try this: by (smt (cvc5, best) e_cex) (41 ms)
0.sledgehammer goal.by         7183ms Ordered_Resolution_Prover.Standard_Redundancy 324:10512  some (SH 6298ms, ATP 974ms): Try this: by (smt (cvc5, best)) (31 ms)
0.sledgehammer goal.using     18268ms Ordered_Resolution_Prover.Standard_Redundancy 327:10556  some (SH 16462ms, ATP 835ms): Try this: by (smt (cvc5, fmf) M_def Rf_model) (194 ms)
0.sledgehammer goal.by         8912ms Ordered_Resolution_Prover.Standard_Redundancy 327:10577  some (SH 8910ms, ATP 1423ms): Try this: by (smt (cvc5, noematch)) (297 ms)
0.sledgehammer goal.using      9668ms Ordered_Resolution_Prover.Standard_Redundancy 329:10608  some (SH 9663ms, ATP 1555ms): Try this: by (smt (cvc5, best) unsat) (118 ms)
0.sledgehammer goal.by         6747ms Ordered_Resolution_Prover.Standard_Redundancy 329:10620  some (SH 6338ms, ATP 888ms): Try this: by (smt (cvc5, trigger_last)) (88 ms)
0.sledgehammer goal.using     19160ms Ordered_Resolution_Prover.Standard_Redundancy 335:10734  some (SH 18197ms, ATP 1711ms): Try this: by (smt (cvc5, best) assms saturated_upto_complete_if true_cls_empty true_clss_def) (312 ms)
0.sledgehammer goal.by        12409ms Ordered_Resolution_Prover.Standard_Redundancy 335:10787  some (SH 12395ms, ATP 1844ms): Try this: by (smt (cvc5, term_relev) true_cls_empty) (610 ms)
0.sledgehammer goal.by        48179ms Ordered_Resolution_Prover.Map2 23:680  some (SH 48175ms, ATP 5837ms): Try this: by (smt (cvc5, trigger_last) Nil_eq_zip_iff length_greater_0_conv length_map) (1.0 s)
0.sledgehammer goal.by        35509ms Ordered_Resolution_Prover.Map2 26:870  timeout (SH 35508ms): Timed out
0.sledgehammer goal.by        33414ms Ordered_Resolution_Prover.Map2 29:959  timeout (SH 33411ms): Timed out
0.sledgehammer goal.by        36045ms Ordered_Resolution_Prover.Map2 33:1166  timeout (SH 36041ms): Timed out
0.sledgehammer goal.proof     65434ms Ordered_Resolution_Prover.Map2 38:1370  some (SH 65427ms, ATP 3200ms): Try this: by (smt (cvc5) Collect_cong assms case_prod_conv length_map length_zip min_less_iff_conj nth_map nth_zip set_conv_nth)
0.sledgehammer goal.by        10096ms Ordered_Resolution_Prover.Map2 42:1507  some (SH 10093ms, ATP 1973ms): Try this: by (smt (cvc5, quant_saturate) in_set_conv_nth) (378 ms)
0.sledgehammer goal.by        33649ms Ordered_Resolution_Prover.Map2 44:1569  timeout (SH 33646ms): Timed out
0.sledgehammer goal.using     53713ms Ordered_Resolution_Prover.Map2 46:1635  some (SH 53710ms, ATP 2489ms): Try this: by (smt (cvc5, trigger_relev) assms length_map nth_map nth_zip old.prod.case) (3.1 s)
0.sledgehammer goal.by        41116ms Ordered_Resolution_Prover.Map2 46:1647  some (SH 41110ms, ATP 3242ms): Try this: by (smt (cvc5, noematch) length_map nth_map nth_zip old.prod.case) (860 ms)
0.sledgehammer goal.using     11936ms Ordered_Resolution_Prover.Map2 48:1725  some (SH 11931ms, ATP 1896ms): Try this: by (smt (cvc5, quant_saturate) mem_Collect_eq) (609 ms)
0.sledgehammer goal.by        10890ms Ordered_Resolution_Prover.Map2 48:1737  some (SH 10887ms, ATP 2484ms): Try this: by (smt (cvc5, quant_saturate) mem_Collect_eq) (809 ms)
0.sledgehammer goal.by         9938ms Ordered_Resolution_Prover.Map2 53:1885  some (SH 9937ms, ATP 1474ms): Try this: by (smt (cvc5, quant_saturate) mem_Collect_eq) (455 ms)
0.sledgehammer goal.using     56860ms Ordered_Resolution_Prover.Map2 55:1935  some (SH 56857ms, ATP 445ms): Try this: by (smt (cvc5, best) assms length_map length_zip min_less_iff_conj) (261 ms)
0.sledgehammer goal.by        79396ms Ordered_Resolution_Prover.Map2 55:1947  some (SH 79394ms, ATP 1384ms): Try this: by (smt (cvc5, trigger_last) length_map length_zip min_less_iff_conj) (455 ms)
0.sledgehammer goal.using     33780ms Ordered_Resolution_Prover.Map2 57:2005  some (SH 33777ms, ATP 1045ms): Try this: by (smt (cvc5, fmf) assms calculation case_prod_conv[of f "s ! i" "t ! i"] length_map[of "\<lambda>(x, y). f x y" "zip s t"] nth_map[of i "zip s t" "\<lambda>(x, y). f x y"] nth_zip[of i s t]) (424 ms)
0.sledgehammer goal.by        31637ms Ordered_Resolution_Prover.Map2 57:2017  some (SH 31634ms, ATP 1194ms): Try this: by (smt (cvc5, noematch) calculation case_prod_conv[of f "s ! i" "t ! i"] length_map[of "\<lambda>(x, y). f x y" "zip s t"] nth_map[of i "zip s t" "\<lambda>(x, y). f x y"] nth_zip[of i s t]) (549 ms)
0.sledgehammer goal.by         7719ms Ordered_Resolution_Prover.Map2 59:2070  some (SH 7717ms, ATP 1395ms): Try this: by (smt (cvc5, best) nth_mem) (225 ms)
0.sledgehammer goal.proof     35475ms Ordered_Resolution_Prover.Abstract_Substitution 29:822  timeout (SH 35388ms): Timed out
0.sledgehammer goal.proof     34359ms Ordered_Resolution_Prover.Abstract_Substitution 32:927  timeout (SH 34355ms): Timed out
0.sledgehammer goal.by        32541ms Ordered_Resolution_Prover.Abstract_Substitution 35:994  some (SH 32533ms, ATP 694ms): Try this: by (smt (cvc5, trigger_relev)) (124 ms)
0.sledgehammer goal.by         8534ms Ordered_Resolution_Prover.Abstract_Substitution 38:1074  some (SH 8530ms, ATP 1598ms): Try this: by (smt (cvc5, trigger_last)) (632 ms)
0.sledgehammer goal.using     19155ms Ordered_Resolution_Prover.Abstract_Substitution 40:1123  some (SH 19151ms, ATP 1975ms): Try this: by (smt (cvc5, best) le_neq_implies_less leq) (401 ms)
0.sledgehammer goal.by         6891ms Ordered_Resolution_Prover.Abstract_Substitution 40:1150  some (SH 6887ms, ATP 1615ms): Try this: by (smt (cvc5, fmf)) (348 ms)
0.sledgehammer goal.using     29809ms Ordered_Resolution_Prover.Abstract_Substitution 42:1195  some (SH 29805ms, ATP 1475ms): Try this: by (smt (cvc5, best) l'_p leq lift_Suc_antimono_le) (120 ms)
0.sledgehammer goal.by        14812ms Ordered_Resolution_Prover.Abstract_Substitution 42:1210  some (SH 14805ms, ATP 1696ms): Try this: by (smt (cvc5, best) lift_Suc_antimono_le) (475 ms)
0.sledgehammer goal.using     29136ms Ordered_Resolution_Prover.Abstract_Substitution 44:1326  some (SH 29132ms, ATP 1394ms): Try this: by (smt (cvc5, fmf) l'_p less_Suc_eq_le order_less_le_trans) (338 ms)
0.sledgehammer goal.by        13798ms Ordered_Resolution_Prover.Abstract_Substitution 44:1351  some (SH 13795ms, ATP 1278ms): Try this: by (smt (cvc5, trigger_relev) less_Suc_eq_le) (279 ms)
0.sledgehammer goal.by        34274ms Ordered_Resolution_Prover.Abstract_Substitution 48:1458  timeout (SH 34272ms): Timed out
0.sledgehammer goal.by        35521ms Ordered_Resolution_Prover.Abstract_Substitution 54:1574  timeout (SH 35518ms): Timed out
0.sledgehammer goal.by        13673ms Ordered_Resolution_Prover.Abstract_Substitution 56:1667  some (SH 13670ms, ATP 1515ms): Try this: by (smt (cvc5, term_relev) comp_apply) (245 ms)
0.sledgehammer goal.by        33951ms Ordered_Resolution_Prover.Abstract_Substitution 58:1733  some (SH 33945ms, ATP 954ms): Try this: by (smt (cvc5, best)) (76 ms)
0.sledgehammer goal.using     35505ms Ordered_Resolution_Prover.Abstract_Substitution 60:1764  timeout (SH 35502ms): Timed out
0.sledgehammer goal.by        34516ms Ordered_Resolution_Prover.Abstract_Substitution 60:1783  timeout (SH 34501ms): Timed out
0.sledgehammer goal.unfolding 15062ms Ordered_Resolution_Prover.Abstract_Substitution 108:3284  some (SH 15057ms, ATP 1602ms): Try this: by (smt (cvc5, trigger_last) literal.map_sel(1,2) subst_lit_def) (183 ms)
0.sledgehammer goal.by        18240ms Ordered_Resolution_Prover.Abstract_Substitution 108:3308  some (SH 18237ms, ATP 1449ms): Try this: by (smt (cvc5, trigger_relev) literal.map_sel(1,2)) (213 ms)
0.sledgehammer goal.unfolding 25705ms Ordered_Resolution_Prover.Abstract_Substitution 126:4045  some (SH 25704ms, ATP 756ms): Try this: by (smt (cvc5, best) image_mset_add_mset subst_cls_def) (153 ms)
0.sledgehammer goal.by         9420ms Ordered_Resolution_Prover.Abstract_Substitution 126:4069  some (SH 9417ms, ATP 1384ms): Try this: by (smt (cvc5, best) image_mset_add_mset) (141 ms)
0.sledgehammer goal.unfolding 24822ms Ordered_Resolution_Prover.Abstract_Substitution 129:4169  some (SH 24817ms, ATP 558ms): Try this: by (smt (cvc5, best) image_mset_add_mset subst_cls_mset_def) (191 ms)
0.sledgehammer goal.by         9641ms Ordered_Resolution_Prover.Abstract_Substitution 129:4198  some (SH 9637ms, ATP 1333ms): Try this: by (smt (cvc5, best) image_mset_add_mset) (145 ms)
0.sledgehammer goal.by        24414ms Ordered_Resolution_Prover.Abstract_Substitution 238:8179  some (SH 24410ms, ATP 427ms): Try this: by (smt (cvc5, fmf) subst_ext) (122 ms)
0.sledgehammer goal.by        36075ms Ordered_Resolution_Prover.Abstract_Substitution 244:8302  timeout (SH 36072ms): Timed out
0.sledgehammer goal.by        37272ms Ordered_Resolution_Prover.Abstract_Substitution 247:8382  timeout (SH 37269ms): Timed out
0.sledgehammer goal.using     57065ms Ordered_Resolution_Prover.Abstract_Substitution 250:8488  some (SH 57062ms, ATP 748ms): Try this: by (smt (cvc5) comp_substs_def list.map_ident_strong map2_map_map map_replicate_const substitution.id_subst_comp_subst substitution_axioms)
0.sledgehammer goal.by        35175ms Ordered_Resolution_Prover.Abstract_Substitution 250:8510  timeout (SH 35173ms): Timed out
0.sledgehammer goal.using     36475ms Ordered_Resolution_Prover.Abstract_Substitution 253:8614  timeout (SH 36472ms): Timed out
0.sledgehammer goal.by        35595ms Ordered_Resolution_Prover.Abstract_Substitution 253:8636  timeout (SH 35591ms): Timed out
0.sledgehammer goal.unfolding 35642ms Ordered_Resolution_Prover.Abstract_Substitution 256:8718  timeout (SH 35638ms): Timed out
0.sledgehammer goal.by        53311ms Ordered_Resolution_Prover.Abstract_Substitution 256:8743  some (SH 53309ms, ATP 1225ms): Try this: by (smt (cvc5, best) image_cong image_ident subst_atm_id_subst) (802 ms)
0.sledgehammer goal.unfolding 41343ms Ordered_Resolution_Prover.Abstract_Substitution 259:8814  some (SH 41337ms, ATP 3777ms): Try this: by (smt (cvc5, best) image_cong image_ident subst_atms_id_subst substitution_ops.subst_atmss_def) (557 ms)
0.sledgehammer goal.by        29634ms Ordered_Resolution_Prover.Abstract_Substitution 259:8840  some (SH 29632ms, ATP 1830ms): Try this: by (smt (cvc5, best) image_cong image_ident subst_atms_id_subst) (545 ms)
0.sledgehammer goal.unfolding 16523ms Ordered_Resolution_Prover.Abstract_Substitution 262:8911  some (SH 16519ms, ATP 1302ms): Try this: by (smt (cvc5, best) list.map_ident_strong subst_atm_id_subst subst_atm_list_def) (221 ms)
0.sledgehammer goal.by        14122ms Ordered_Resolution_Prover.Abstract_Substitution 262:8940  some (SH 14119ms, ATP 1401ms): Try this: by (smt (cvc5, trigger_last) list.map_ident_strong subst_atm_id_subst) (236 ms)
0.sledgehammer goal.unfolding 38342ms Ordered_Resolution_Prover.Abstract_Substitution 265:9011  some (SH 38333ms, ATP 3381ms): Try this: by (smt (cvc5, best) image_mset_cong2 multiset.map_ident subst_atm_id_subst substitution_ops.subst_atm_mset_def) (463 ms)
0.sledgehammer goal.by        37340ms Ordered_Resolution_Prover.Abstract_Substitution 265:9040  some (SH 37336ms, ATP 4446ms): Try this: by (smt (cvc5, best) multiset.map_ident_strong subst_atm_id_subst) (135 ms)
0.sledgehammer goal.unfolding 24230ms Ordered_Resolution_Prover.Abstract_Substitution 268:9119  some (SH 24227ms, ATP 2709ms): Try this: by (smt (cvc5, trigger_max) list.map_ident_strong subst_atm_mset_id_subst subst_atm_mset_list_def) (252 ms)
0.sledgehammer goal.by        15329ms Ordered_Resolution_Prover.Abstract_Substitution 268:9153  some (SH 15328ms, ATP 1163ms): Try this: by (smt (cvc5, fmf) list.map_ident_strong subst_atm_mset_id_subst) (265 ms)
0.sledgehammer goal.unfolding 33775ms Ordered_Resolution_Prover.Abstract_Substitution 271:9257  timeout (SH 33767ms): Timed out
0.sledgehammer goal.by        79649ms Ordered_Resolution_Prover.Abstract_Substitution 271:9292  some (SH 79646ms, ATP 4433ms): Try this: by (smt (cvc5) fst_def image_iff length_replicate list.set_map list.set_map map_eq_conv map_fst_zip map_replicate_const map_replicate_const set_zip_rightD split_cong subst_atm_mset_id_subst)
0.sledgehammer goal.unfolding 76618ms Ordered_Resolution_Prover.Abstract_Substitution 274:9368  some (SH 76616ms, ATP 2236ms): Try this: by (smt (cvc5, trigger_relev) Neg_atm_of_iff Pos_atm_of_iff literal.map(1,2) subst_atm_id_subst subst_lit_def) (262 ms)
0.sledgehammer goal.by        36371ms Ordered_Resolution_Prover.Abstract_Substitution 274:9392  timeout (SH 36366ms): Timed out
0.sledgehammer goal.unfolding 53801ms Ordered_Resolution_Prover.Abstract_Substitution 277:9479  some (SH 53794ms, ATP 1150ms): Try this: by (smt (cvc5, best) multiset.map_ident_strong subst_lit_id_subst substitution_ops.subst_cls_def) (176 ms)
0.sledgehammer goal.by        16474ms Ordered_Resolution_Prover.Abstract_Substitution 277:9503  some (SH 16471ms, ATP 1364ms): Try this: by (smt (cvc5, best) multiset.map_ident_strong subst_lit_id_subst) (242 ms)
0.sledgehammer goal.unfolding 37533ms Ordered_Resolution_Prover.Abstract_Substitution 280:9570  timeout (SH 37529ms): Timed out
0.sledgehammer goal.by        24781ms Ordered_Resolution_Prover.Abstract_Substitution 280:9595  some (SH 24776ms, ATP 3240ms): Try this: by (smt (cvc5, noematch) image_cong image_ident subst_cls_id_subst) (2.3 s)
0.sledgehammer goal.unfolding 17638ms Ordered_Resolution_Prover.Abstract_Substitution 283:9666  some (SH 17635ms, ATP 1075ms): Try this: by (smt (cvc5, best) list.map_ident_strong subst_cls_id_subst subst_cls_list_def) (245 ms)
0.sledgehammer goal.by        22983ms Ordered_Resolution_Prover.Abstract_Substitution 283:9695  some (SH 22981ms, ATP 1684ms): Try this: by (smt (cvc5, fmf) list.map_ident_strong subst_cls_id_subst) (316 ms)
0.sledgehammer goal.unfolding 68665ms Ordered_Resolution_Prover.Abstract_Substitution 286:9790  some (SH 68663ms, ATP 2381ms): Try this: by (smt (cvc5) fst_def in_set_replicate length_replicate map_eq_conv map_fst_zip set_zip_rightD split_cong subst_cls_id_subst subst_cls_lists_def)
0.sledgehammer goal.by        58159ms Ordered_Resolution_Prover.Abstract_Substitution 286:9820  some (SH 58155ms, ATP 5077ms): Try this: by (smt (cvc5) case_prod_beta in_set_zip length_replicate map_eq_conv map_fst_zip nth_replicate subst_cls_id_subst)
0.sledgehammer goal.unfolding 34231ms Ordered_Resolution_Prover.Abstract_Substitution 289:9903  timeout (SH 34229ms): Timed out
0.sledgehammer goal.by        26599ms Ordered_Resolution_Prover.Abstract_Substitution 289:9932  some (SH 26593ms, ATP 2253ms): Try this: by (smt (cvc5, fmf) multiset.map_ident_strong subst_cls_id_subst) (254 ms)
0.sledgehammer goal.by        35065ms Ordered_Resolution_Prover.Abstract_Substitution 295:10046  timeout (SH 35060ms): Timed out
0.sledgehammer goal.unfolding 36111ms Ordered_Resolution_Prover.Abstract_Substitution 301:10207  timeout (SH 36107ms): Timed out
0.sledgehammer goal.by        58616ms Ordered_Resolution_Prover.Abstract_Substitution 301:10232  some (SH 58613ms, ATP 2576ms): Try this: by (smt (cvc5) image_cong image_image subst_atm_comp_subst)
0.sledgehammer goal.unfolding 36075ms Ordered_Resolution_Prover.Abstract_Substitution 304:10318  timeout (SH 36073ms): Timed out
0.sledgehammer goal.by        58676ms Ordered_Resolution_Prover.Abstract_Substitution 304:10344  some (SH 58674ms, ATP 624ms): Try this: by (smt (cvc5, quant_saturate) image_cong image_image subst_atms_comp_subst) (1.7 s)
0.sledgehammer goal.unfolding 36565ms Ordered_Resolution_Prover.Abstract_Substitution 307:10428  timeout (SH 36562ms): Timed out
0.sledgehammer goal.by        62212ms Ordered_Resolution_Prover.Abstract_Substitution 307:10457  some (SH 62204ms, ATP 3185ms): Try this: by (smt (cvc5, best) list.map_comp map_eq_conv o_apply subst_atm_comp_subst) (217 ms)
0.sledgehammer goal.unfolding 34830ms Ordered_Resolution_Prover.Abstract_Substitution 310:10541  timeout (SH 34827ms): Timed out
0.sledgehammer goal.by        36706ms Ordered_Resolution_Prover.Abstract_Substitution 310:10570  timeout (SH 36704ms): Timed out
0.sledgehammer goal.unfolding 35175ms Ordered_Resolution_Prover.Abstract_Substitution 313:10666  timeout (SH 35172ms): Timed out
0.sledgehammer goal.by        66242ms Ordered_Resolution_Prover.Abstract_Substitution 313:10700  some (SH 66240ms, ATP 892ms): Try this: by (smt (cvc5, best) list.map_comp map_eq_conv o_apply subst_atm_mset_comp_subst) (273 ms)
0.sledgehammer goal.unfolding 33964ms Ordered_Resolution_Prover.Abstract_Substitution 316:10804  timeout (SH 33961ms): Timed out
0.sledgehammer goal.by        35402ms Ordered_Resolution_Prover.Abstract_Substitution 317:10896  timeout (SH 35387ms): Timed out
0.sledgehammer goal.unfolding 34501ms Ordered_Resolution_Prover.Abstract_Substitution 320:10987  timeout (SH 34498ms): Timed out
0.sledgehammer goal.by        34201ms Ordered_Resolution_Prover.Abstract_Substitution 320:11011  timeout (SH 34197ms): Timed out
0.sledgehammer goal.unfolding 33715ms Ordered_Resolution_Prover.Abstract_Substitution 323:11113  timeout (SH 33713ms): Timed out
0.sledgehammer goal.by        35471ms Ordered_Resolution_Prover.Abstract_Substitution 323:11137  timeout (SH 35464ms): Timed out
0.sledgehammer goal.unfolding 34297ms Ordered_Resolution_Prover.Abstract_Substitution 326:11216  timeout (SH 34294ms): Timed out
0.sledgehammer goal.by        60658ms Ordered_Resolution_Prover.Abstract_Substitution 326:11241  some (SH 60654ms, ATP 4999ms): Try this: by (smt (cvc5) image_cong image_image subst_cls_comp_subst)
0.sledgehammer goal.unfolding 33697ms Ordered_Resolution_Prover.Abstract_Substitution 329:11325  timeout (SH 33694ms): Timed out
0.sledgehammer goal.by        34701ms Ordered_Resolution_Prover.Abstract_Substitution 329:11354  timeout (SH 34696ms): Timed out
0.sledgehammer goal.unfolding 34074ms Ordered_Resolution_Prover.Abstract_Substitution 332:11448  timeout (SH 34070ms): Timed out
0.sledgehammer goal.by        37930ms Ordered_Resolution_Prover.Abstract_Substitution 333:11535  timeout (SH 37929ms): Timed out
0.sledgehammer goal.unfolding 35626ms Ordered_Resolution_Prover.Abstract_Substitution 336:11636  timeout (SH 35622ms): Timed out
0.sledgehammer goal.by        34605ms Ordered_Resolution_Prover.Abstract_Substitution 336:11665  timeout (SH 34603ms): Timed out
0.sledgehammer goal.unfolding 34595ms Ordered_Resolution_Prover.Abstract_Substitution 342:11822  timeout (SH 34590ms): Timed out
0.sledgehammer goal.by        43534ms Ordered_Resolution_Prover.Abstract_Substitution 342:11851  some (SH 43532ms, ATP 5257ms): Try this: by (smt (cvc5, term_relev) image_iff in_image_mset) (1.0 s)
0.sledgehammer goal.unfolding 38539ms Ordered_Resolution_Prover.Abstract_Substitution 345:11932  some (SH 38538ms, ATP 1035ms): Try this: by (smt (cvc5, best) image_iff in_image_mset substitution_ops.subst_cls_def) (1.5 s)
0.sledgehammer goal.by        68529ms Ordered_Resolution_Prover.Abstract_Substitution 345:11956  some (SH 68526ms, ATP 405ms): Try this: by (smt (cvc5, quant_saturate) image_iff in_image_mset) (500 ms)
0.sledgehammer goal.unfolding 34505ms Ordered_Resolution_Prover.Abstract_Substitution 348:12050  timeout (SH 34501ms): Timed out
0.sledgehammer goal.by        34541ms Ordered_Resolution_Prover.Abstract_Substitution 348:12079  timeout (SH 34532ms): Timed out
0.sledgehammer goal.unfolding 33135ms Ordered_Resolution_Prover.Abstract_Substitution 354:12191  timeout (SH 33131ms): Timed out
0.sledgehammer goal.by        10603ms Ordered_Resolution_Prover.Abstract_Substitution 354:12215  some (SH 10599ms, ATP 1761ms): Try this: by (smt (cvc5, trigger_relev) literal.map_disc_iff) (49 ms)
0.sledgehammer goal.unfolding  7363ms Ordered_Resolution_Prover.Abstract_Substitution 357:12285  some (SH 7359ms, ATP 1145ms): Try this: by (smt (cvc5, term_relev) subst_lit_is_neg) (151 ms)
0.sledgehammer goal.by         8475ms Ordered_Resolution_Prover.Abstract_Substitution 357:12309  some (SH 7821ms, ATP 899ms): Try this: by (smt (cvc5, best) literal.map_disc_iff) (33 ms)
0.sledgehammer goal.by        165846ms Ordered_Resolution_Prover.Abstract_Substitution 360:12372  timeout (SH 165844ms):
0.sledgehammer goal.by        92799ms Ordered_Resolution_Prover.Abstract_Substitution 366:12555  some (SH 92791ms, ATP 1606ms): Try this: by (smt (cvc5, noematch) atm_of_subst_lit literal.collapse(2) literal.discI(2) literal.sel(2) subst_lit_is_neg) (984 ms)
0.sledgehammer goal.by        68525ms Ordered_Resolution_Prover.Abstract_Substitution 369:12658  some (SH 68522ms, ATP 1755ms): Try this: by (smt (cvc5, best) Pos_atm_of_iff atm_of_subst_lit literal.sel(1) subst_lit_is_neg) (655 ms)
0.sledgehammer goal.unfolding 34442ms Ordered_Resolution_Prover.Abstract_Substitution 372:12752  timeout (SH 34439ms): Timed out
0.sledgehammer goal.by        34865ms Ordered_Resolution_Prover.Abstract_Substitution 372:12809  timeout (SH 34863ms): Timed out
0.sledgehammer goal.unfolding 34653ms Ordered_Resolution_Prover.Abstract_Substitution 375:12882  timeout (SH 34650ms): Timed out
0.sledgehammer goal.by        37512ms Ordered_Resolution_Prover.Abstract_Substitution 375:12939  timeout (SH 37510ms): Timed out
0.sledgehammer goal.proof     34816ms Ordered_Resolution_Prover.Abstract_Substitution 378:13010  timeout (SH 34813ms): Timed out
0.sledgehammer goal.unfolding 50805ms Ordered_Resolution_Prover.Abstract_Substitution 380:13120  some (SH 50803ms, ATP 1934ms): Try this: by (smt (cvc5) atm_of_subst_lit atms_of_def image_mset_cong2 literal.expand literal.map_disc_iff literal.map_sel(1,2) multiset.set_map subst_cls_def subst_lit_is_neg)
0.sledgehammer goal.by        13442ms Ordered_Resolution_Prover.Abstract_Substitution 380:13185  some (SH 13440ms, ATP 1616ms): Try this: by (smt (cvc5, quant_saturate) multiset.set_map) (230 ms)
0.sledgehammer goal.by        36431ms Ordered_Resolution_Prover.Abstract_Substitution 382:13274  timeout (SH 36429ms): Timed out
0.sledgehammer goal.unfolding 46242ms Ordered_Resolution_Prover.Abstract_Substitution 384:13361  some (SH 46238ms, ATP 418ms): Try this: by (smt (cvc5, best) atms_of_def image_mset_cong2 multiset.set_map substitution_ops.subst_atms_def) (612 ms)
0.sledgehammer goal.by        15542ms Ordered_Resolution_Prover.Abstract_Substitution 384:13398  some (SH 15539ms, ATP 1345ms): Try this: by (smt (cvc5, fmf) set_image_mset) (226 ms)
0.sledgehammer goal.by        59443ms Ordered_Resolution_Prover.Abstract_Substitution 388:13477  some (SH 59441ms, ATP 1300ms): Try this: by (smt (cvc5, best) imageE literal.disc(2) subst_lit_is_neg) (597 ms)
0.sledgehammer goal.by        44287ms Ordered_Resolution_Prover.Abstract_Substitution 391:13628  some (SH 44282ms, ATP 1576ms): Try this: by (smt (cvc5, noematch) literal.disc(2) msed_map_invR[of Neg "AA \<cdot>am \<tau>" "L \<cdot>l \<sigma>"] multi_member_split[of "L \<cdot>l \<sigma>" "negs (AA \<cdot>am \<tau>)"] subst_cls_negs[of AA \<tau>] subst_lit_is_neg[of L \<sigma>]) (2.3 s)
0.sledgehammer goal.by        24137ms Ordered_Resolution_Prover.Abstract_Substitution 394:13702  some (SH 24133ms, ATP 1374ms): Try this: by (smt (cvc5, fmf) in_image_Neg_is_neg in_image_mset) (181 ms)
0.sledgehammer goal.unfolding 73813ms Ordered_Resolution_Prover.Abstract_Substitution 400:13799  some (SH 73810ms, ATP 1181ms): Try this: by (smt (cvc5, term_relev) empty_iff image_cong image_ident subst_atms_def) (1.5 s)
0.sledgehammer goal.by        12230ms Ordered_Resolution_Prover.Abstract_Substitution 400:13824  some (SH 12228ms, ATP 963ms): Try this: by (smt (cvc5, noematch) image_empty) (51 ms)
0.sledgehammer goal.unfolding 16182ms Ordered_Resolution_Prover.Abstract_Substitution 403:13883  some (SH 16180ms, ATP 2575ms): Try this: by (smt (cvc5, best) image_empty subst_atmss_def) (76 ms)
0.sledgehammer goal.by        16728ms Ordered_Resolution_Prover.Abstract_Substitution 403:13909  some (SH 16726ms, ATP 853ms): Try this: by (smt (cvc5, best) image_empty) (76 ms)
0.sledgehammer goal.using     29225ms Ordered_Resolution_Prover.Abstract_Substitution 406:13991  some (SH 29218ms, ATP 2475ms): Try this: by (smt (cvc5, noematch) comp_substs_def map2_empty_iff) (754 ms)
0.sledgehammer goal.by         9404ms Ordered_Resolution_Prover.Abstract_Substitution 406:14028  some (SH 9399ms, ATP 1476ms): Try this: by (smt (cvc5, noematch)) (803 ms)
0.sledgehammer goal.unfolding 67240ms Ordered_Resolution_Prover.Abstract_Substitution 409:14089  some (SH 67237ms, ATP 2037ms): Try this: by (smt (cvc5, best) empty_iff empty_set map_eq_conv subst_atm_list_def subst_atm_list_id_subst) (308 ms)
0.sledgehammer goal.by         8924ms Ordered_Resolution_Prover.Abstract_Substitution 409:14118  some (SH 8922ms, ATP 1277ms): Try this: by (smt (cvc5, best) list.simps(8)) (63 ms)
0.sledgehammer goal.unfolding 32172ms Ordered_Resolution_Prover.Abstract_Substitution 412:14181  some (SH 32169ms, ATP 2760ms): Try this: by (smt (cvc5, best) image_empty multiset.set_map set_mset_eq_empty_iff subst_atm_mset_def) (159 ms)
0.sledgehammer goal.by        10404ms Ordered_Resolution_Prover.Abstract_Substitution 412:14210  some (SH 10400ms, ATP 1337ms): Try this: by (smt (cvc5, quant_saturate) image_mset_empty) (74 ms)
0.sledgehammer goal.unfolding 25693ms Ordered_Resolution_Prover.Abstract_Substitution 415:14277  some (SH 25690ms, ATP 1261ms): Try this: by (smt (cvc5, best) list.simps(8) subst_atm_mset_list_def) (74 ms)
0.sledgehammer goal.by        72244ms Ordered_Resolution_Prover.Abstract_Substitution 415:14311  some (SH 72242ms, ATP 1085ms): Try this: by (smt (cvc5, best) list.simps(8)) (89 ms)
0.sledgehammer goal.unfolding 88801ms Ordered_Resolution_Prover.Abstract_Substitution 418:14381  some (SH 88799ms, ATP 6486ms): Try this: by (smt (cvc5, quant_saturate) comp_substs_empty_iff empty_replicate list.size(3) subst_atm_mset_lists_comp_substs subst_atm_mset_lists_id_subst) (694 ms)
0.sledgehammer goal.by        23374ms Ordered_Resolution_Prover.Abstract_Substitution 418:14416  some (SH 23373ms, ATP 1280ms): Try this: by (smt (cvc5, fmf) subst_atm_mset_lists_def subst_atm_mset_lists_id_subst zip_Nil) (137 ms)
0.sledgehammer goal.unfolding 23940ms Ordered_Resolution_Prover.Abstract_Substitution 421:14472  some (SH 23937ms, ATP 1440ms): Try this: by (smt (cvc5, trigger_max) atms_empty_iff_empty atms_of_subst_atms subst_atms_empty) (403 ms)
0.sledgehammer goal.by         9122ms Ordered_Resolution_Prover.Abstract_Substitution 421:14496  some (SH 9120ms, ATP 1152ms): Try this: by (smt (cvc5, best) image_mset_empty) (57 ms)
0.sledgehammer goal.unfolding 17421ms Ordered_Resolution_Prover.Abstract_Substitution 424:14553  some (SH 17373ms, ATP 1263ms): Try this: by (smt (cvc5, trigger_relev) image_empty subst_clss_def) (137 ms)
0.sledgehammer goal.by        20710ms Ordered_Resolution_Prover.Abstract_Substitution 424:14578  some (SH 20703ms, ATP 1329ms): Try this: by (smt (cvc5, term_relev) image_empty) (155 ms)
0.sledgehammer goal.unfolding 36903ms Ordered_Resolution_Prover.Abstract_Substitution 427:14639  timeout (SH 36900ms): Timed out
0.sledgehammer goal.by        17391ms Ordered_Resolution_Prover.Abstract_Substitution 427:14668  some (SH 17388ms, ATP 1546ms): Try this: by (smt (cvc5, trigger_max) list.map_disc_iff) (313 ms)
0.sledgehammer goal.unfolding 35620ms Ordered_Resolution_Prover.Abstract_Substitution 430:14732  timeout (SH 35606ms): Timed out
0.sledgehammer goal.by        10351ms Ordered_Resolution_Prover.Abstract_Substitution 430:14762  some (SH 10349ms, ATP 769ms): Try this: by (smt (cvc5, best) map2_empty_iff) (473 ms)
0.sledgehammer goal.unfolding 15152ms Ordered_Resolution_Prover.Abstract_Substitution 433:14826  some (SH 15151ms, ATP 1583ms): Try this: by (smt (cvc5, best) image_mset_empty substitution_ops.subst_cls_mset_def) (106 ms)
0.sledgehammer goal.by        11292ms Ordered_Resolution_Prover.Abstract_Substitution 433:14855  some (SH 11290ms, ATP 1519ms): Try this: by (smt (cvc5, best) image_mset_empty) (50 ms)
0.sledgehammer goal.unfolding 37979ms Ordered_Resolution_Prover.Abstract_Substitution 436:14926  timeout (SH 37975ms): Timed out
0.sledgehammer goal.by        14525ms Ordered_Resolution_Prover.Abstract_Substitution 436:14951  some (SH 14519ms, ATP 1228ms): Try this: by (smt (cvc5, quant_saturate) empty_is_image) (234 ms)
0.sledgehammer goal.unfolding 33237ms Ordered_Resolution_Prover.Abstract_Substitution 439:15026  timeout (SH 33233ms): Timed out
0.sledgehammer goal.by        13993ms Ordered_Resolution_Prover.Abstract_Substitution 439:15052  some (SH 13991ms, ATP 1211ms): Try this: by (smt (cvc5, trigger_max) empty_is_image) (258 ms)
0.sledgehammer goal.unfolding 59923ms Ordered_Resolution_Prover.Abstract_Substitution 442:15127  some (SH 59920ms, ATP 1359ms): Try this: by (smt (cvc5, quant_saturate) list.map_disc_iff subst_atm_list_def) (1.1 s)
0.sledgehammer goal.by        10909ms Ordered_Resolution_Prover.Abstract_Substitution 442:15156  some (SH 10906ms, ATP 1502ms): Try this: by (smt (cvc5, best) list.map_disc_iff) (90 ms)
0.sledgehammer goal.unfolding 41887ms Ordered_Resolution_Prover.Abstract_Substitution 445:15233  timeout (SH 41880ms): Timed out
0.sledgehammer goal.by        14231ms Ordered_Resolution_Prover.Abstract_Substitution 445:15262  some (SH 14228ms, ATP 1007ms): Try this: by (smt (cvc5, term_relev) image_mset_is_empty_iff) (228 ms)
0.sledgehammer goal.unfolding 40856ms Ordered_Resolution_Prover.Abstract_Substitution 448:15345  some (SH 40854ms, ATP 14134ms): Try this: by (smt (cvc5, trigger_last) length_greater_0_conv length_map subst_atm_mset_list_def) (337 ms)
0.sledgehammer goal.by        18976ms Ordered_Resolution_Prover.Abstract_Substitution 448:15379  some (SH 18974ms, ATP 1226ms): Try this: by (smt (cvc5, best) length_greater_0_conv length_map) (422 ms)
0.sledgehammer goal.using     34000ms Ordered_Resolution_Prover.Abstract_Substitution 451:15477  timeout (SH 33998ms): Timed out
0.sledgehammer goal.by        17592ms Ordered_Resolution_Prover.Abstract_Substitution 451:15523  some (SH 17589ms, ATP 679ms): Try this: by (smt (cvc5, trigger_max)) (342 ms)
0.sledgehammer goal.unfolding 47717ms Ordered_Resolution_Prover.Abstract_Substitution 454:15591  some (SH 47715ms, ATP 1543ms): Try this: by (smt (cvc5, best) atms_empty_iff_empty atms_of_subst_atms subst_atms_empty_iff) (398 ms)
0.sledgehammer goal.by        11046ms Ordered_Resolution_Prover.Abstract_Substitution 454:15615  some (SH 11042ms, ATP 1224ms): Try this: by (smt (cvc5, trigger_relev) image_mset_is_empty_iff) (139 ms)
0.sledgehammer goal.unfolding 36173ms Ordered_Resolution_Prover.Abstract_Substitution 457:15686  some (SH 36171ms, ATP 2505ms): Try this: by (smt (cvc5, term_relev) image_is_empty subst_clss_def) (286 ms)
0.sledgehammer goal.by        14833ms Ordered_Resolution_Prover.Abstract_Substitution 457:15711  some (SH 14824ms, ATP 1252ms): Try this: by (smt (cvc5, trigger_last) empty_is_image) (181 ms)
0.sledgehammer goal.unfolding 19726ms Ordered_Resolution_Prover.Abstract_Substitution 460:15786  some (SH 19722ms, ATP 1234ms): Try this: by (smt (cvc5, best) length_greater_0_conv length_map subst_cls_list_def) (483 ms)
0.sledgehammer goal.by        21680ms Ordered_Resolution_Prover.Abstract_Substitution 460:15815  some (SH 21676ms, ATP 361ms): Try this: by (smt (cvc5, quant_saturate) list.map_disc_iff) (229 ms)
0.sledgehammer goal.using     48212ms Ordered_Resolution_Prover.Abstract_Substitution 463:15903  some (SH 48209ms, ATP 606ms): Try this: by (smt (cvc5, noematch) map2_empty_iff subst_cls_lists_def) (323 ms)
0.sledgehammer goal.by        35415ms Ordered_Resolution_Prover.Abstract_Substitution 463:15944  some (SH 35412ms, ATP 2973ms): Try this: by (smt (cvc5, best)) (393 ms)
0.sledgehammer goal.unfolding 33304ms Ordered_Resolution_Prover.Abstract_Substitution 466:16021  timeout (SH 33301ms): Timed out
0.sledgehammer goal.by        12544ms Ordered_Resolution_Prover.Abstract_Substitution 466:16050  some (SH 12542ms, ATP 1070ms): Try this: by (smt (cvc5, trigger_relev) image_mset_is_empty_iff) (128 ms)
0.sledgehammer goal.unfolding 33892ms Ordered_Resolution_Prover.Abstract_Substitution 472:16173  timeout (SH 33879ms): Timed out
0.sledgehammer goal.by         8622ms Ordered_Resolution_Prover.Abstract_Substitution 472:16198  some (SH 8619ms, ATP 1055ms): Try this: by (smt (cvc5, best) image_Un) (53 ms)
0.sledgehammer goal.unfolding 23510ms Ordered_Resolution_Prover.Abstract_Substitution 475:16287  some (SH 23508ms, ATP 1226ms): Try this: by (smt (cvc5, best) image_Un substitution_ops.subst_atmss_def) (72 ms)
0.sledgehammer goal.by        12980ms Ordered_Resolution_Prover.Abstract_Substitution 475:16313  some (SH 12972ms, ATP 1201ms): Try this: by (smt (cvc5, quant_saturate) image_Un) (190 ms)
0.sledgehammer goal.unfolding 37532ms Ordered_Resolution_Prover.Abstract_Substitution 478:16399  some (SH 37530ms, ATP 1481ms): Try this: by (smt (cvc5, best) map_eq_append_conv subst_atm_list_def) (1.2 s)
0.sledgehammer goal.by        10150ms Ordered_Resolution_Prover.Abstract_Substitution 478:16428  some (SH 10144ms, ATP 1122ms): Try this: by (smt (cvc5, best) map_append) (113 ms)
0.sledgehammer goal.unfolding 30562ms Ordered_Resolution_Prover.Abstract_Substitution 481:16513  some (SH 30560ms, ATP 987ms): Try this: by (smt (cvc5, trigger_relev) image_mset_union subst_atm_mset_def) (173 ms)
0.sledgehammer goal.by         8951ms Ordered_Resolution_Prover.Abstract_Substitution 481:16542  some (SH 8948ms, ATP 1011ms): Try this: by (smt (cvc5, best) image_mset_union) (56 ms)
0.sledgehammer goal.unfolding 25273ms Ordered_Resolution_Prover.Abstract_Substitution 484:16640  some (SH 25270ms, ATP 1798ms): Try this: by (smt (cvc5, best) map_append subst_atm_mset_list_def) (84 ms)
0.sledgehammer goal.by        10862ms Ordered_Resolution_Prover.Abstract_Substitution 484:16674  some (SH 10859ms, ATP 1319ms): Try this: by (smt (cvc5, best) map_append) (49 ms)
0.sledgehammer goal.unfolding 23484ms Ordered_Resolution_Prover.Abstract_Substitution 487:16744  some (SH 23316ms, ATP 1575ms): Try this: by (smt (cvc5, best) image_mset_union substitution_ops.subst_cls_def) (220 ms)
0.sledgehammer goal.by         9657ms Ordered_Resolution_Prover.Abstract_Substitution 487:16768  some (SH 9653ms, ATP 1569ms): Try this: by (smt (cvc5, best) image_mset_union) (67 ms)
0.sledgehammer goal.unfolding 22526ms Ordered_Resolution_Prover.Abstract_Substitution 490:16849  some (SH 22524ms, ATP 978ms): Try this: by (smt (cvc5, best) image_Un subst_clss_def) (94 ms)
0.sledgehammer goal.by        15077ms Ordered_Resolution_Prover.Abstract_Substitution 490:16874  some (SH 15072ms, ATP 1382ms): Try this: by (smt (cvc5, best) image_Un) (63 ms)
0.sledgehammer goal.unfolding 35637ms Ordered_Resolution_Prover.Abstract_Substitution 493:16960  timeout (SH 35634ms): Timed out
0.sledgehammer goal.by        13111ms Ordered_Resolution_Prover.Abstract_Substitution 493:16989  some (SH 13109ms, ATP 1318ms): Try this: by (smt (cvc5, term_relev) map_append) (183 ms)
0.sledgehammer goal.unfolding 36166ms Ordered_Resolution_Prover.Abstract_Substitution 498:17148  timeout (SH 36156ms): Timed out
0.sledgehammer goal.by        31443ms Ordered_Resolution_Prover.Abstract_Substitution 498:17178  some (SH 31441ms, ATP 3023ms): Try this: by (smt (cvc5, quant_saturate) map_append zip_append) (657 ms)
0.sledgehammer goal.unfolding 34185ms Ordered_Resolution_Prover.Abstract_Substitution 501:17263  timeout (SH 34181ms): Timed out
0.sledgehammer goal.by        12184ms Ordered_Resolution_Prover.Abstract_Substitution 501:17292  some (SH 12181ms, ATP 1528ms): Try this: by (smt (cvc5, best) image_mset_union) (137 ms)
0.sledgehammer goal.unfolding 35346ms Ordered_Resolution_Prover.Abstract_Substitution 507:17403  timeout (SH 35342ms): Timed out
0.sledgehammer goal.by        25119ms Ordered_Resolution_Prover.Abstract_Substitution 507:17428  some (SH 25116ms, ATP 1420ms): Try this: by (smt (cvc5, fmf) image_empty image_insert) (361 ms)
0.sledgehammer goal.unfolding 34763ms Ordered_Resolution_Prover.Abstract_Substitution 510:17498  timeout (SH 34761ms): Timed out
0.sledgehammer goal.by        23770ms Ordered_Resolution_Prover.Abstract_Substitution 510:17524  some (SH 23767ms, ATP 2257ms): Try this: by (smt (cvc5, quant_saturate) image_empty image_insert) (188 ms)
0.sledgehammer goal.unfolding 33934ms Ordered_Resolution_Prover.Abstract_Substitution 513:17593  timeout (SH 33929ms): Timed out
0.sledgehammer goal.by        18611ms Ordered_Resolution_Prover.Abstract_Substitution 513:17622  some (SH 18606ms, ATP 2761ms): Try this: by (smt (cvc5, best) list.simps(8,9)) (152 ms)
0.sledgehammer goal.unfolding 40881ms Ordered_Resolution_Prover.Abstract_Substitution 516:17695  some (SH 40878ms, ATP 1933ms): Try this: by (smt (cvc5, trigger_last) image_mset_add_mset image_mset_empty substitution_ops.subst_atm_mset_def) (141 ms)
0.sledgehammer goal.by        16523ms Ordered_Resolution_Prover.Abstract_Substitution 516:17724  some (SH 16521ms, ATP 1202ms): Try this: by (smt (cvc5, trigger_last) image_mset_add_mset image_mset_empty) (97 ms)
0.sledgehammer goal.unfolding 34489ms Ordered_Resolution_Prover.Abstract_Substitution 519:17795  timeout (SH 34486ms): Timed out
0.sledgehammer goal.by        38688ms Ordered_Resolution_Prover.Abstract_Substitution 519:17829  some (SH 38686ms, ATP 3106ms): Try this: by (smt (cvc5, best) list.simps(9) map_append self_append_conv2) (374 ms)
0.sledgehammer goal.by        10954ms Ordered_Resolution_Prover.Abstract_Substitution 522:17895  some (SH 10950ms, ATP 1135ms): Try this: by (smt (cvc5, best) subst_cls_add_mset subst_cls_empty) (141 ms)
0.sledgehammer goal.unfolding 112225ms Ordered_Resolution_Prover.Abstract_Substitution 525:17959  some (SH 112223ms, ATP 2259ms): Try this: by (smt (cvc5, trigger_last) empty_is_image image_insert subst_clss_def) (254 ms)
0.sledgehammer goal.by        24371ms Ordered_Resolution_Prover.Abstract_Substitution 525:17984  some (SH 24369ms, ATP 2205ms): Try this: by (smt (cvc5, fmf) image_empty image_insert) (397 ms)
0.sledgehammer goal.unfolding 39691ms Ordered_Resolution_Prover.Abstract_Substitution 528:18052  some (SH 39687ms, ATP 1738ms): Try this: by (smt (cvc5, noematch) list.simps(9) subst_cls_list_def subst_cls_list_empty) (245 ms)
0.sledgehammer goal.by        21655ms Ordered_Resolution_Prover.Abstract_Substitution 528:18081  some (SH 21653ms, ATP 1843ms): Try this: by (smt (cvc5, trigger_last) list.simps(9) map_append self_append_conv) (316 ms)
0.sledgehammer goal.unfolding 35454ms Ordered_Resolution_Prover.Abstract_Substitution 531:18153  timeout (SH 35452ms): Timed out
0.sledgehammer goal.by        41877ms Ordered_Resolution_Prover.Abstract_Substitution 531:18183  some (SH 41874ms, ATP 390ms): Try this: by (smt (cvc5, noematch) list.simps(8,9) prod.simps(2) zip_Cons_Cons zip_eq_Nil_iff) (628 ms)
0.sledgehammer goal.by        36535ms Ordered_Resolution_Prover.Abstract_Substitution 534:18255  some (SH 36533ms, ATP 1362ms): Try this: by (smt (cvc5, noematch) subst_cls_mset_add_mset subst_cls_mset_empty_iff) (821 ms)
0.sledgehammer goal.unfolding 28493ms Ordered_Resolution_Prover.Abstract_Substitution 540:18383  some (SH 28484ms, ATP 2052ms): Try this: by (smt (cvc5, best) list.simps(9) substitution_ops.subst_atm_list_def) (160 ms)
0.sledgehammer goal.by        11547ms Ordered_Resolution_Prover.Abstract_Substitution 540:18412  some (SH 11540ms, ATP 2053ms): Try this: by (smt (cvc5, fmf) list.simps(9)) (93 ms)
0.sledgehammer goal.unfolding 26144ms Ordered_Resolution_Prover.Abstract_Substitution 543:18501  some (SH 26140ms, ATP 2845ms): Try this: by (smt (cvc5, best) list.simps(9) substitution_ops.subst_atm_mset_list_def) (177 ms)
0.sledgehammer goal.by         9277ms Ordered_Resolution_Prover.Abstract_Substitution 543:18535  some (SH 9275ms, ATP 1511ms): Try this: by (smt (cvc5, best) list.simps(9)) (160 ms)
0.sledgehammer goal.unfolding 99613ms Ordered_Resolution_Prover.Abstract_Substitution 546:18635  some (SH 99436ms, ATP 833ms): Try this: by (smt (cvc5, quant_saturate) list.simps(9) prod.simps(2) subst_atm_mset_lists_def zip_Cons_Cons) (436 ms)
0.sledgehammer goal.by        34043ms Ordered_Resolution_Prover.Abstract_Substitution 546:18670  timeout (SH 34041ms): Timed out
0.sledgehammer goal.unfolding 33973ms Ordered_Resolution_Prover.Abstract_Substitution 549:18750  some (SH 33970ms, ATP 465ms): Try this: by (smt (cvc5, best) list.simps(9) subst_cls_list_def) (179 ms)
0.sledgehammer goal.by        16418ms Ordered_Resolution_Prover.Abstract_Substitution 549:18779  some (SH 16411ms, ATP 469ms): Try this: by (smt (cvc5, noematch) list.simps(9)) (155 ms)
0.sledgehammer goal.unfolding 59736ms Ordered_Resolution_Prover.Abstract_Substitution 552:18870  some (SH 59734ms, ATP 491ms): Try this: by (smt (cvc5, term_relev) list.simps(9) prod.simps(2) subst_cls_lists_def zip_Cons_Cons) (421 ms)
0.sledgehammer goal.by        35313ms Ordered_Resolution_Prover.Abstract_Substitution 552:18900  timeout (SH 35304ms): Timed out
0.sledgehammer goal.by        56353ms Ordered_Resolution_Prover.Abstract_Substitution 558:19017  some (SH 56351ms, ATP 3101ms): Try this: by (smt (cvc5, noematch) hd_Cons_tl list.inject subst_atm_list_Cons subst_atm_list_empty_iff tl_Nil) (919 ms)
0.sledgehammer goal.by        38747ms Ordered_Resolution_Prover.Abstract_Substitution 561:19109  timeout (SH 38742ms): Timed out
0.sledgehammer goal.by        87305ms Ordered_Resolution_Prover.Abstract_Substitution 564:19193  some (SH 87295ms, ATP 1807ms): Try this: by (smt (cvc5, trigger_relev) list.collapse list.inject subst_cls_list_Cons subst_cls_list_empty_iff tl_Nil) (1.0 s)
0.sledgehammer goal.by        37649ms Ordered_Resolution_Prover.Abstract_Substitution 567:19308  timeout (SH 37646ms): Timed out
0.sledgehammer goal.by        34636ms Ordered_Resolution_Prover.Abstract_Substitution 574:19496  timeout (SH 34633ms): Timed out
0.sledgehammer goal.unfolding 38351ms Ordered_Resolution_Prover.Abstract_Substitution 577:19609  timeout (SH 38345ms): Timed out
0.sledgehammer goal.using     19467ms Ordered_Resolution_Prover.Abstract_Substitution 577:19638  some (SH 19465ms, ATP 4142ms): Try this: by (smt (cvc5, fmf) nth_map) (313 ms)
0.sledgehammer goal.by         8387ms Ordered_Resolution_Prover.Abstract_Substitution 577:19671  some (SH 8385ms, ATP 1614ms): Try this: by (smt (cvc5, fmf)) (304 ms)
0.sledgehammer goal.unfolding 33010ms Ordered_Resolution_Prover.Abstract_Substitution 580:19774  some (SH 33007ms, ATP 721ms): Try this: by (smt (cvc5, trigger_relev) nth_map subst_atm_mset_list_def) (425 ms)
0.sledgehammer goal.by        20057ms Ordered_Resolution_Prover.Abstract_Substitution 580:19808  some (SH 20052ms, ATP 4881ms): Try this: by (smt (cvc5, fmf) nth_map) (107 ms)
0.sledgehammer goal.unfolding 37931ms Ordered_Resolution_Prover.Abstract_Substitution 584:19947  timeout (SH 37924ms): Timed out
0.sledgehammer goal.by        36610ms Ordered_Resolution_Prover.Abstract_Substitution 584:19982  timeout (SH 36606ms): Timed out
0.sledgehammer goal.unfolding 40923ms Ordered_Resolution_Prover.Abstract_Substitution 587:20073  some (SH 40910ms, ATP 604ms): Try this: by (smt (cvc5, trigger_last) nth_map subst_cls_list_def) (289 ms)
0.sledgehammer goal.using     21370ms Ordered_Resolution_Prover.Abstract_Substitution 587:20102  some (SH 21368ms, ATP 573ms): Try this: by (smt (cvc5, quant_saturate) nth_map) (208 ms)
0.sledgehammer goal.by        12288ms Ordered_Resolution_Prover.Abstract_Substitution 587:20135  some (SH 12286ms, ATP 381ms): Try this: by (smt (cvc5, fmf)) (222 ms)
0.sledgehammer goal.unfolding 37320ms Ordered_Resolution_Prover.Abstract_Substitution 591:20277  timeout (SH 37316ms): Timed out
0.sledgehammer goal.by        35072ms Ordered_Resolution_Prover.Abstract_Substitution 591:20307  timeout (SH 35070ms): Timed out
0.sledgehammer goal.unfolding 59440ms Ordered_Resolution_Prover.Abstract_Substitution 597:20447  some (SH 59427ms, ATP 5105ms): Try this: by (smt (cvc5) Collect_cong Setcompr_eq_image image_image substitution_ops.subst_clss_def)
0.sledgehammer goal.by        56867ms Ordered_Resolution_Prover.Abstract_Substitution 597:20472  some (SH 56863ms, ATP 2478ms): Try this: by (smt (cvc5) Collect_cong Setcompr_eq_image Setcompr_eq_image mem_Collect_eq)
0.sledgehammer goal.unfolding 76997ms Ordered_Resolution_Prover.Abstract_Substitution 600:20569  some (SH 76994ms, ATP 740ms): Try this: by (smt (cvc5) image_mset_cong2 multiset.map_comp o_apply substitution_ops.subst_cls_mset_def)
0.sledgehammer goal.by        34753ms Ordered_Resolution_Prover.Abstract_Substitution 600:20598  timeout (SH 34742ms): Timed out
0.sledgehammer goal.unfolding 35954ms Ordered_Resolution_Prover.Abstract_Substitution 603:20693  timeout (SH 35952ms): Timed out
0.sledgehammer goal.by        13144ms Ordered_Resolution_Prover.Abstract_Substitution 603:20741  some (SH 13142ms, ATP 1509ms): Try this: by (smt (cvc5, best) mset_map) (104 ms)
0.sledgehammer goal.unfolding 34790ms Ordered_Resolution_Prover.Abstract_Substitution 606:20830  timeout (SH 34784ms): Timed out
0.sledgehammer goal.by        11085ms Ordered_Resolution_Prover.Abstract_Substitution 606:20878  some (SH 11078ms, ATP 1904ms): Try this: by (smt (cvc5, best) mset_map) (203 ms)
0.sledgehammer goal.unfolding 37365ms Ordered_Resolution_Prover.Abstract_Substitution 609:20976  timeout (SH 37362ms): Timed out
0.sledgehammer goal.by        35464ms Ordered_Resolution_Prover.Abstract_Substitution 609:21005  timeout (SH 35455ms): Timed out
0.sledgehammer goal.by        34424ms Ordered_Resolution_Prover.Abstract_Substitution 612:21117  timeout (SH 34412ms): Timed out
0.sledgehammer goal.by        23344ms Ordered_Resolution_Prover.Abstract_Substitution 615:21250  some (SH 22992ms, ATP 1609ms): Try this: by (smt (cvc5, trigger_relev) Melem_subst_cls eql_neg_lit_eql_atm) (776 ms)
0.sledgehammer goal.by        14607ms Ordered_Resolution_Prover.Abstract_Substitution 618:21381  some (SH 14605ms, ATP 1252ms): Try this: by (smt (cvc5, best) Melem_subst_cls eql_pos_lit_eql_atm) (322 ms)
0.sledgehammer goal.by        56752ms Ordered_Resolution_Prover.Abstract_Substitution 621:21504  some (SH 56745ms, ATP 1432ms): Try this: by (smt (cvc5, best) Neg_Melem_subst_atm_subst_cls Pos_Melem_subst_atm_subst_cls atm_imp_pos_or_neg_lit neg_lit_in_atms_of pos_lit_in_atms_of) (498 ms)
0.sledgehammer goal.unfolding 17044ms Ordered_Resolution_Prover.Abstract_Substitution 627:21647  some (SH 17041ms, ATP 1733ms): Try this: by (smt (cvc5, noematch) comp_subst_id_subst is_renaming_def) (235 ms)
0.sledgehammer goal.by        15597ms Ordered_Resolution_Prover.Abstract_Substitution 627:21673  some (SH 15593ms, ATP 2160ms): Try this: by (smt (cvc5, best) comp_subst_id_subst) (233 ms)
0.sledgehammer goal.by        50558ms Ordered_Resolution_Prover.Abstract_Substitution 630:21760  some (SH 50553ms, ATP 2387ms): Try this: by (smt (cvc5, fmf) is_renaming_def subst_atm_comp_subst subst_atm_id_subst) (2.0 s)
0.sledgehammer goal.unfolding 35440ms Ordered_Resolution_Prover.Abstract_Substitution 633:21913  timeout (SH 35438ms): Timed out
0.sledgehammer goal.by        38172ms Ordered_Resolution_Prover.Abstract_Substitution 633:21956  some (SH 38169ms, ATP 1086ms): Try this: by (smt (cvc5, trigger_last) alethe_sko_ex') (389 ms)
0.sledgehammer goal.unfolding 36750ms Ordered_Resolution_Prover.Abstract_Substitution 637:22116  timeout (SH 36746ms): Timed out
0.sledgehammer goal.by        34922ms Ordered_Resolution_Prover.Abstract_Substitution 637:22147  timeout (SH 34918ms): Timed out
0.sledgehammer goal.unfolding  8939ms Ordered_Resolution_Prover.Abstract_Substitution 640:22245  some (SH 8934ms, ATP 1897ms): Try this: by (smt (cvc5, noematch) comp_substs_empty_iff) (374 ms)
0.sledgehammer goal.by        55504ms Ordered_Resolution_Prover.Abstract_Substitution 640:22271  some (SH 55147ms, ATP 2232ms): Try this: by (smt (cvc5, best) map2_empty_iff) (263 ms)
0.sledgehammer goal.unfolding  8960ms Ordered_Resolution_Prover.Abstract_Substitution 643:22326  some (SH 8954ms, ATP 1941ms): Try this: by (smt (cvc5, trigger_last) comp_substs_empty_iff) (282 ms)
0.sledgehammer goal.by        35914ms Ordered_Resolution_Prover.Abstract_Substitution 643:22352  some (SH 35910ms, ATP 1494ms): Try this: by (smt (cvc5, fmf) map2_empty_iff) (151 ms)
0.sledgehammer goal.by        24961ms Ordered_Resolution_Prover.Abstract_Substitution 646:22445  some (SH 24956ms, ATP 2159ms): Try this: by (smt (cvc5, term_relev) comp_subst_assoc comp_subst_id_subst inv_renaming_cancel_r) (308 ms)
0.sledgehammer goal.by        27737ms Ordered_Resolution_Prover.Abstract_Substitution 650:22622  some (SH 27734ms, ATP 2017ms): Try this: by (smt (cvc5, quant_saturate) comp_subst_assoc comp_subst_id_subst inv_renaming_cancel_r) (900 ms)
0.sledgehammer goal.unfolding 61378ms Ordered_Resolution_Prover.Abstract_Substitution 653:22774  some (SH 61372ms, ATP 4141ms): Try this: by (smt (cvc5, best) comp_subst_assoc comp_subst_id_subst is_renaming_def) (278 ms)
0.sledgehammer goal.by        39459ms Ordered_Resolution_Prover.Abstract_Substitution 653:22800  some (SH 39456ms, ATP 2558ms): Try this: by (smt (cvc5, best) comp_subst_assoc comp_subst_id_subst) (489 ms)
0.sledgehammer goal.by        28885ms Ordered_Resolution_Prover.Abstract_Substitution 656:22947  some (SH 28878ms, ATP 1919ms): Try this: by (smt (cvc5, trigger_last) inv_renaming_cancel_r subst_atm_comp_subst subst_atm_id_subst) (304 ms)
0.sledgehammer goal.by        31340ms Ordered_Resolution_Prover.Abstract_Substitution 659:23124  some (SH 31336ms, ATP 1298ms): Try this: by (smt (cvc5, quant_saturate) inv_renaming_cancel_r subst_atms_comp_subst subst_atms_id_subst) (465 ms)
0.sledgehammer goal.by        13451ms Ordered_Resolution_Prover.Abstract_Substitution 662:23308  some (SH 13444ms, ATP 1845ms): Try this: by (smt (cvc5, best) inv_renaming_cancel_r subst_atmss_comp_subst subst_atmss_id_subst) (135 ms)
0.sledgehammer goal.by        27193ms Ordered_Resolution_Prover.Abstract_Substitution 665:23493  some (SH 27190ms, ATP 915ms): Try this: by (smt (cvc5, trigger_relev) inv_renaming_cancel_r subst_atm_list_comp_subst subst_atm_list_id_subst) (159 ms)
0.sledgehammer goal.by        17495ms Ordered_Resolution_Prover.Abstract_Substitution 668:23684  some (SH 17493ms, ATP 997ms): Try this: by (smt (cvc5, trigger_last) inv_renaming_cancel_r subst_atm_mset_comp_subst subst_atm_mset_id_subst) (150 ms)
0.sledgehammer goal.by        20637ms Ordered_Resolution_Prover.Abstract_Substitution 671:23886  some (SH 20635ms, ATP 1175ms): Try this: by (smt (cvc5, trigger_last) inv_renaming_cancel_r subst_atm_mset_list_comp_subst subst_atm_mset_list_id_subst) (174 ms)
0.sledgehammer goal.by        31231ms Ordered_Resolution_Prover.Abstract_Substitution 675:24143  some (SH 31229ms, ATP 1255ms): Try this: by (smt (cvc5, trigger_max) inv_renaming_cancel_r_list subst_atm_mset_lists_comp_substs subst_atm_mset_lists_id_subst) (267 ms)
0.sledgehammer goal.by        21267ms Ordered_Resolution_Prover.Abstract_Substitution 679:24351  some (SH 21265ms, ATP 1373ms): Try this: by (smt (cvc5, trigger_max) inv_renaming_cancel_r subst_lit_comp_subst subst_lit_id_subst) (158 ms)
0.sledgehammer goal.by        18321ms Ordered_Resolution_Prover.Abstract_Substitution 682:24522  some (SH 18319ms, ATP 1349ms): Try this: by (smt (cvc5, quant_saturate) inv_renaming_cancel_r subst_cls_comp_subst subst_cls_id_subst) (133 ms)
0.sledgehammer goal.by        15846ms Ordered_Resolution_Prover.Abstract_Substitution 686:24701  some (SH 15843ms, ATP 1029ms): Try this: by (smt (cvc5, trigger_last) inv_renaming_cancel_r subst_clss_id_subst subst_clsscomp_subst) (162 ms)
0.sledgehammer goal.by        27796ms Ordered_Resolution_Prover.Abstract_Substitution 690:24885  some (SH 27794ms, ATP 1125ms): Try this: by (smt (cvc5, trigger_max) inv_renaming_cancel_r subst_cls_list_comp_subst subst_cls_list_id_subst) (204 ms)
0.sledgehammer goal.by        31892ms Ordered_Resolution_Prover.Abstract_Substitution 694:25121  some (SH 31890ms, ATP 1306ms): Try this: by (smt (cvc5, trigger_max) inv_renaming_cancel_r_list subst_cls_lists_comp_substs subst_cls_lists_id_subst) (344 ms)
0.sledgehammer goal.by        22226ms Ordered_Resolution_Prover.Abstract_Substitution 698:25322  some (SH 22224ms, ATP 1165ms): Try this: by (smt (cvc5, trigger_last) inv_renaming_cancel_r subst_cls_mset_comp_subst subst_cls_mset_id_subst) (143 ms)
0.sledgehammer goal.by        23119ms Ordered_Resolution_Prover.Abstract_Substitution 704:25525  some (SH 23117ms, ATP 1598ms): Try this: by (smt (cvc5, quant_saturate) Melem_subst_cls subsetD subsetI) (281 ms)
0.sledgehammer goal.unfolding 36347ms Ordered_Resolution_Prover.Abstract_Substitution 707:25590  some (SH 36345ms, ATP 2619ms): Try this: by (smt (cvc5, quant_saturate) subset_mset.le_iff_add subst_cls_union) (174 ms)
0.sledgehammer goal.by        24004ms Ordered_Resolution_Prover.Abstract_Substitution 707:25615  some (SH 24002ms, ATP 1424ms): Try this: by (smt (cvc5, trigger_last) subset_mset.le_iff_add subst_cls_union) (215 ms)
0.sledgehammer goal.unfolding 35008ms Ordered_Resolution_Prover.Abstract_Substitution 710:25723  timeout (SH 35006ms): Timed out
0.sledgehammer goal.by        13376ms Ordered_Resolution_Prover.Abstract_Substitution 710:25747  some (SH 13373ms, ATP 871ms): Try this: by (smt (cvc5, trigger_last) image_mset_subset_mono[of D C "\<lambda>R. R \<cdot>l \<sigma>"]) (26 ms)
0.sledgehammer goal.unfolding 36094ms Ordered_Resolution_Prover.Abstract_Substitution 716:25878  timeout (SH 36092ms): Timed out
0.sledgehammer goal.by         8081ms Ordered_Resolution_Prover.Abstract_Substitution 716:25902  some (SH 8080ms, ATP 896ms): Try this: by (smt (cvc5, best) size_image_mset) (44 ms)
0.sledgehammer goal.unfolding 36570ms Ordered_Resolution_Prover.Abstract_Substitution 719:25980  some (SH 36568ms, ATP 2040ms): Try this: by (smt (cvc5, quant_saturate) length_map substitution_ops.subst_atm_list_def) (107 ms)
0.sledgehammer goal.by        11397ms Ordered_Resolution_Prover.Abstract_Substitution 719:26009  some (SH 11395ms, ATP 2147ms): Try this: by (smt (cvc5, best) length_map) (25 ms)
0.sledgehammer goal.unfolding 21735ms Ordered_Resolution_Prover.Abstract_Substitution 722:26095  some (SH 21733ms, ATP 1145ms): Try this: by (smt (cvc5, best) length_map subst_atm_mset_list_def) (90 ms)
0.sledgehammer goal.by        12631ms Ordered_Resolution_Prover.Abstract_Substitution 722:26129  some (SH 12629ms, ATP 1046ms): Try this: by (smt (cvc5, best) length_map) (55 ms)
0.sledgehammer goal.unfolding 69578ms Ordered_Resolution_Prover.Abstract_Substitution 725:26236  some (SH 69576ms, ATP 354ms): Try this: by (smt (cvc5, best) length_map length_zip substitution_ops.subst_atm_mset_lists_def) (240 ms)
0.sledgehammer goal.by        19438ms Ordered_Resolution_Prover.Abstract_Substitution 725:26271  some (SH 19436ms, ATP 268ms): Try this: by (smt (cvc5, term_relev) length_map length_zip) (283 ms)
0.sledgehammer goal.unfolding 31787ms Ordered_Resolution_Prover.Abstract_Substitution 728:26349  some (SH 31785ms, ATP 216ms): Try this: by (smt (cvc5, trigger_max) length_map subst_cls_list_def) (68 ms)
0.sledgehammer goal.by         9178ms Ordered_Resolution_Prover.Abstract_Substitution 728:26378  some (SH 9177ms, ATP 299ms): Try this: by (smt (cvc5, best) length_map) (39 ms)
0.sledgehammer goal.unfolding 23590ms Ordered_Resolution_Prover.Abstract_Substitution 731:26471  some (SH 23588ms, ATP 295ms): Try this: by (smt (cvc5, best) comp_substs_def length_map length_zip) (176 ms)
0.sledgehammer goal.by        17159ms Ordered_Resolution_Prover.Abstract_Substitution 731:26497  some (SH 17156ms, ATP 1190ms): Try this: by (smt (cvc5, trigger_max) length_map length_zip) (109 ms)
0.sledgehammer goal.unfolding 78611ms Ordered_Resolution_Prover.Abstract_Substitution 734:26596  some (SH 78609ms, ATP 307ms): Try this: by (smt (cvc5, trigger_relev) length_map length_zip substitution_ops.subst_cls_lists_def) (936 ms)
0.sledgehammer goal.by        26140ms Ordered_Resolution_Prover.Abstract_Substitution 734:26626  some (SH 26138ms, ATP 283ms): Try this: by (smt (cvc5, best) length_map length_zip) (219 ms)
0.sledgehammer goal.proof     36042ms Ordered_Resolution_Prover.Abstract_Substitution 742:26798  timeout (SH 36040ms): Timed out
0.sledgehammer goal.using     66065ms Ordered_Resolution_Prover.Abstract_Substitution 746:26951  some (SH 66061ms, ATP 1387ms): Try this: by (smt (cvc5, trigger_last) assms var_disjoint_def) (2.0 s)
0.sledgehammer goal.unfolding 31844ms Ordered_Resolution_Prover.Abstract_Substitution 746:26963  some (SH 31841ms, ATP 1344ms): Try this: by (smt (cvc5, trigger_last) var_disjoint_def) (2.2 s)
0.sledgehammer goal.by        10792ms Ordered_Resolution_Prover.Abstract_Substitution 746:26990  some (SH 10790ms, ATP 1242ms): Try this: by (smt (cvc5, quant_saturate)) (1.7 s)
0.sledgehammer goal.by        14021ms Ordered_Resolution_Prover.Abstract_Substitution 748:27066  some (SH 14019ms, ATP 1310ms): Try this: by (smt (cvc5, trigger_relev) subset_mset.order_refl) (188 ms)
0.sledgehammer goal.using     39276ms Ordered_Resolution_Prover.Abstract_Substitution 750:27114  some (SH 39274ms, ATP 3698ms): Try this: by (smt (cvc5, trigger_max) a min.idem nth_equalityI subst_cls_list_length subst_cls_list_nth subst_cls_lists_length subst_cls_lists_nth) (580 ms)
0.sledgehammer goal.by        75628ms Ordered_Resolution_Prover.Abstract_Substitution 750:27122  some (SH 75626ms, ATP 3984ms): Try this: by (smt (cvc5, fmf) min.idem nth_equalityI subst_cls_list_length subst_cls_list_nth subst_cls_lists_length subst_cls_lists_nth) (1.2 s)
0.sledgehammer goal.by         5295ms Ordered_Resolution_Prover.Abstract_Substitution 752:27197  some (SH 5293ms, ATP 1046ms): Try this: by (smt (cvc5, trigger_max)) (99 ms)
0.sledgehammer goal.using     39368ms Ordered_Resolution_Prover.Abstract_Substitution 759:27314  some (SH 38439ms, ATP 3504ms): Try this: by (smt (cvc5, trigger_max) empty_iff is_ground_cls_def make_ground_subst set_mset_empty subst_cls_id_subst) (319 ms)
0.sledgehammer goal.by        13473ms Ordered_Resolution_Prover.Abstract_Substitution 760:27350  some (SH 13471ms, ATP 1302ms): Try this: by (smt (cvc5, fmf) empty_iff is_ground_cls_def set_mset_empty subst_cls_id_subst) (1.1 s)
0.sledgehammer goal.unfolding 41610ms Ordered_Resolution_Prover.Abstract_Substitution 764:27499  some (SH 41609ms, ATP 1393ms): Try this: by (smt (cvc5, trigger_last) is_ground_cls_list_def list.set_intros(1) set_ConsD set_subset_Cons subsetD) (479 ms)
0.sledgehammer goal.by        69134ms Ordered_Resolution_Prover.Abstract_Substitution 764:27532  some (SH 69131ms, ATP 1295ms): Try this: by (smt (cvc5, trigger_last) list.set_intros(1,2) set_ConsD) (899 ms)
0.sledgehammer goal.unfolding 23026ms Ordered_Resolution_Prover.Abstract_Substitution 770:27671  some (SH 23024ms, ATP 3865ms): Try this: by (smt (cvc5, trigger_relev) Un_iff is_ground_atms_def) (661 ms)
0.sledgehammer goal.by         9340ms Ordered_Resolution_Prover.Abstract_Substitution 770:27700  some (SH 9338ms, ATP 1180ms): Try this: by (smt (cvc5, fmf) Un_iff) (807 ms)
0.sledgehammer goal.unfolding 21354ms Ordered_Resolution_Prover.Abstract_Substitution 774:27830  some (SH 21353ms, ATP 4343ms): Try this: by (smt (cvc5, best) is_ground_atm_mset_def union_iff) (378 ms)
0.sledgehammer goal.by         8912ms Ordered_Resolution_Prover.Abstract_Substitution 774:27863  some (SH 8910ms, ATP 1293ms): Try this: by (smt (cvc5, fmf) union_iff) (857 ms)
0.sledgehammer goal.unfolding 59403ms Ordered_Resolution_Prover.Abstract_Substitution 777:27967  some (SH 59401ms, ATP 2223ms): Try this: by (smt (cvc5, quant_saturate) is_ground_cls_def union_iff) (382 ms)
0.sledgehammer goal.by         9330ms Ordered_Resolution_Prover.Abstract_Substitution 777:27995  some (SH 9328ms, ATP 1298ms): Try this: by (smt (cvc5, fmf) union_iff) (817 ms)
0.sledgehammer goal.unfolding 86378ms Ordered_Resolution_Prover.Abstract_Substitution 781:28109  some (SH 86376ms, ATP 1502ms): Try this: by (smt (cvc5, trigger_last) Un_iff is_ground_clss_def) (632 ms)
0.sledgehammer goal.by         9680ms Ordered_Resolution_Prover.Abstract_Substitution 781:28138  some (SH 9678ms, ATP 1292ms): Try this: by (smt (cvc5, trigger_last) Un_iff) (1.0 s)
0.sledgehammer goal.by        23887ms Ordered_Resolution_Prover.Abstract_Substitution 785:28260  some (SH 23885ms, ATP 1166ms): Try this: by (smt (cvc5, best) in_mset_sum_list2 is_ground_cls_def is_ground_cls_list_def) (655 ms)
0.sledgehammer goal.by        34093ms Ordered_Resolution_Prover.Abstract_Substitution 791:28438  timeout (SH 34091ms): Timed out
0.sledgehammer goal.by        34904ms Ordered_Resolution_Prover.Abstract_Substitution 794:28564  timeout (SH 34901ms): Timed out
0.sledgehammer goal.by        36255ms Ordered_Resolution_Prover.Abstract_Substitution 798:28714  some (SH 36252ms, ATP 1060ms): Try this: by (smt (cvc5, noematch) Sup_insert image_insert substitution_ops.grounding_of_clss_def) (79 ms)
0.sledgehammer goal.by        35245ms Ordered_Resolution_Prover.Abstract_Substitution 802:28859  timeout (SH 35242ms): Timed out
0.sledgehammer goal.unfolding 13908ms Ordered_Resolution_Prover.Abstract_Substitution 808:29007  some (SH 13906ms, ATP 1139ms): Try this: by (smt (cvc5, trigger_max) is_ground_cls_union subset_mset.le_iff_add) (70 ms)
0.sledgehammer goal.by         7660ms Ordered_Resolution_Prover.Abstract_Substitution 808:29035  some (SH 7658ms, ATP 1008ms): Try this: by (smt (cvc5, best) mset_subset_eqD) (442 ms)
0.sledgehammer goal.unfolding  9858ms Ordered_Resolution_Prover.Abstract_Substitution 811:29148  some (SH 9564ms, ATP 1158ms): Try this: by (smt (cvc5, best) is_ground_clss_union subset_Un_eq) (55 ms)
0.sledgehammer goal.by         7415ms Ordered_Resolution_Prover.Abstract_Substitution 811:29177  some (SH 7413ms, ATP 1027ms): Try this: by (smt (cvc5, noematch) subsetD) (379 ms)
0.sledgehammer goal.using     16805ms Ordered_Resolution_Prover.Abstract_Substitution 814:29275  some (SH 16803ms, ATP 1072ms): Try this: by (smt (cvc5, trigger_max) grounding_of_clss_union subset_Un_eq) (363 ms)
0.sledgehammer goal.by        20059ms Ordered_Resolution_Prover.Abstract_Substitution 814:29303  some (SH 20057ms, ATP 976ms): Try this: by (smt (cvc5, trigger_max) grounding_of_clss_union subset_Un_eq) (241 ms)
0.sledgehammer goal.by        38392ms Ordered_Resolution_Prover.Abstract_Substitution 818:29448  some (SH 38390ms, ATP 1267ms): Try this: by (smt (cvc5, trigger_last) Melem_subset_eq_sum_list is_ground_cls_list_def is_ground_cls_list_is_ground_cls_sum_list is_ground_cls_mono set_mset_mset) (373 ms)
0.sledgehammer goal.unfolding 11054ms Ordered_Resolution_Prover.Abstract_Substitution 825:29732  some (SH 11052ms, ATP 963ms): Try this: by (smt (cvc5, best) is_ground_subst_def subst_atm_comp_subst) (83 ms)
0.sledgehammer goal.by         6865ms Ordered_Resolution_Prover.Abstract_Substitution 825:29780  some (SH 6863ms, ATP 1033ms): Try this: by (smt (cvc5, quant_saturate) subst_atm_comp_subst) (106 ms)
0.sledgehammer goal.by         7285ms Ordered_Resolution_Prover.Abstract_Substitution 828:29873  some (SH 7284ms, ATP 1088ms): Try this: by (smt (cvc5, trigger_last) is_ground_subst_def) (87 ms)
0.sledgehammer goal.unfolding 24117ms Ordered_Resolution_Prover.Abstract_Substitution 831:29993  some (SH 24039ms, ATP 1115ms): Try this: by (smt (cvc5, fmf) atm_of_subst_lit ground_subst_ground_atm is_ground_lit_def) (118 ms)
0.sledgehammer goal.by        37324ms Ordered_Resolution_Prover.Abstract_Substitution 831:30035  some (SH 37322ms, ATP 1118ms): Try this: by (smt (cvc5, fmf) ground_subst_ground_atm literal.map_sel(1,2)) (218 ms)
0.sledgehammer goal.unfolding 34733ms Ordered_Resolution_Prover.Abstract_Substitution 834:30137  some (SH 34732ms, ATP 1154ms): Try this: by (smt (cvc5, trigger_relev) Melem_subst_cls ground_subst_ground_lit is_ground_cls_def) (525 ms)
0.sledgehammer goal.by        26889ms Ordered_Resolution_Prover.Abstract_Substitution 834:30165  some (SH 26887ms, ATP 1072ms): Try this: by (smt (cvc5, fmf) Melem_subst_cls ground_subst_ground_lit) (391 ms)
0.sledgehammer goal.unfolding 54275ms Ordered_Resolution_Prover.Abstract_Substitution 837:30262  some (SH 54273ms, ATP 3022ms): Try this: by (smt (cvc5, best) Setcompr_eq_image ground_subst_ground_cls is_ground_clss_def mem_Collect_eq subst_clss_def) (264 ms)
0.sledgehammer goal.by        21567ms Ordered_Resolution_Prover.Abstract_Substitution 837:30306  some (SH 21565ms, ATP 1335ms): Try this: by (smt (cvc5, trigger_max) Setcompr_eq_image ground_subst_ground_cls mem_Collect_eq) (249 ms)
0.sledgehammer goal.unfolding 65738ms Ordered_Resolution_Prover.Abstract_Substitution 840:30411  some (SH 65736ms, ATP 1347ms): Try this: by (smt (cvc5, noematch) ground_subst_ground_cls in_mset_sum_list is_ground_cls_def is_ground_cls_list_def sum_list_subst_cls_list_subst_cls) (518 ms)
0.sledgehammer goal.by        58417ms Ordered_Resolution_Prover.Abstract_Substitution 840:30463  some (SH 58414ms, ATP 948ms): Try this: by (smt (cvc5, best) Setcompr_eq_image ground_subst_ground_cls list.set_map mem_Collect_eq) (178 ms)
0.sledgehammer goal.unfolding 35646ms Ordered_Resolution_Prover.Abstract_Substitution 844:30586  timeout (SH 35645ms): Timed out
0.sledgehammer goal.by        33758ms Ordered_Resolution_Prover.Abstract_Substitution 844:30639  timeout (SH 33755ms): Timed out
0.sledgehammer goal.proof     37609ms Ordered_Resolution_Prover.Abstract_Substitution 849:30783  some (SH 37607ms, ATP 3704ms): Try this: by (smt (cvc5, trigger_max) assms is_ground_comp_subst mem_Collect_eq subsetI subst_cls_comp_subst substitution_ops.grounding_of_cls_def) (260 ms)
0.sledgehammer goal.unfolding 19368ms Ordered_Resolution_Prover.Abstract_Substitution 854:30907  some (SH 19366ms, ATP 1330ms): Try this: by (smt (cvc5, quant_saturate) mem_Collect_eq substitution_ops.grounding_of_cls_def) (313 ms)
0.sledgehammer goal.by         8834ms Ordered_Resolution_Prover.Abstract_Substitution 854:30938  some (SH 8832ms, ATP 1249ms): Try this: by (smt (cvc5, fmf) mem_Collect_eq) (563 ms)
0.sledgehammer goal.using     13912ms Ordered_Resolution_Prover.Abstract_Substitution 856:31011  some (SH 13911ms, ATP 718ms): Try this: by (smt (cvc5, quant_saturate) assms is_ground_comp_subst) (187 ms)
0.sledgehammer goal.by         5513ms Ordered_Resolution_Prover.Abstract_Substitution 856:31023  some (SH 5511ms, ATP 767ms): Try this: by (smt (cvc5, trigger_max) is_ground_comp_subst) (230 ms)
0.sledgehammer goal.unfolding 41318ms Ordered_Resolution_Prover.Abstract_Substitution 858:31074  some (SH 41316ms, ATP 1350ms): Try this: by (smt (cvc5, noematch) C\<sigma>'(1) grounding_of_cls_def mem_Collect_eq subst_cls_comp_subst) (442 ms)
0.sledgehammer goal.using     30143ms Ordered_Resolution_Prover.Abstract_Substitution 858:31105  some (SH 30141ms, ATP 1245ms): Try this: by (smt (cvc5, quant_saturate) C\<sigma>'(1) mem_Collect_eq subst_cls_comp_subst) (490 ms)
0.sledgehammer goal.by        23714ms Ordered_Resolution_Prover.Abstract_Substitution 858:31118  some (SH 23712ms, ATP 1276ms): Try this: by (smt (cvc5, fmf) mem_Collect_eq subst_cls_comp_subst) (665 ms)
0.sledgehammer goal.unfolding  6893ms Ordered_Resolution_Prover.Abstract_Substitution 864:31259  some (SH 6891ms, ATP 951ms): Try this: by (smt (cvc5, quant_saturate) is_ground_atm_def) (103 ms)
0.sledgehammer goal.by         4834ms Ordered_Resolution_Prover.Abstract_Substitution 864:31287  some (SH 4619ms, ATP 889ms): Try this: by (smt (cvc5, quant_saturate)) (74 ms)
0.sledgehammer goal.unfolding 36969ms Ordered_Resolution_Prover.Abstract_Substitution 867:31368  timeout (SH 36055ms): Timed out
0.sledgehammer goal.by        36736ms Ordered_Resolution_Prover.Abstract_Substitution 867:31422  some (SH 36734ms, ATP 866ms): Try this: by (smt (cvc5, best) Collect_cong Collect_mem_eq is_ground_subst_atm) (678 ms)
0.sledgehammer goal.unfolding 82050ms Ordered_Resolution_Prover.Abstract_Substitution 870:31511  some (SH 82049ms, ATP 1738ms): Try this: by (smt (cvc5, noematch) image_mset_cong2 is_ground_atm_mset_def is_ground_subst_atm subst_atm_mset_id_subst substitution_ops.subst_atm_mset_def) (694 ms)
0.sledgehammer goal.by        22824ms Ordered_Resolution_Prover.Abstract_Substitution 870:31563  some (SH 22822ms, ATP 964ms): Try this: by (smt (cvc5, trigger_last) is_ground_subst_atm multiset.map_ident_strong) (684 ms)
0.sledgehammer goal.unfolding 73753ms Ordered_Resolution_Prover.Abstract_Substitution 873:31652  some (SH 73751ms, ATP 2258ms): Try this: by (smt (cvc5, term_relev) is_ground_atm_list_def is_ground_subst_atm map_eq_conv subst_atm_list_id_subst substitution_ops.subst_atm_list_def) (208 ms)
0.sledgehammer goal.by        23209ms Ordered_Resolution_Prover.Abstract_Substitution 873:31704  some (SH 23207ms, ATP 1221ms): Try this: by (smt (cvc5, trigger_last) is_ground_subst_atm list.map_ident_strong) (643 ms)
0.sledgehammer goal.unfolding 23999ms Ordered_Resolution_Prover.Abstract_Substitution 877:31848  some (SH 23997ms, ATP 1403ms): Try this: by (smt (cvc5, term_relev) is_ground_atm_list_def is_ground_subst_atm nth_mem) (287 ms)
0.sledgehammer goal.by        16213ms Ordered_Resolution_Prover.Abstract_Substitution 877:31881  some (SH 16211ms, ATP 1238ms): Try this: by (smt (cvc5, trigger_relev) is_ground_subst_atm nth_mem) (238 ms)
0.sledgehammer goal.unfolding 56551ms Ordered_Resolution_Prover.Abstract_Substitution 880:31956  some (SH 56549ms, ATP 1149ms): Try this: by (smt (cvc5, best) atm_of_subst_lit is_ground_lit_def is_ground_subst_atm literal.expand subst_lit_is_neg) (599 ms)
0.sledgehammer goal.by        81291ms Ordered_Resolution_Prover.Abstract_Substitution 880:31998  some (SH 81290ms, ATP 1226ms): Try this: by (smt (cvc5, noematch) empty_iff insert_iff is_ground_subst_atm literal.map_ident_strong set_literal_atm_of) (957 ms)
0.sledgehammer goal.unfolding 47514ms Ordered_Resolution_Prover.Abstract_Substitution 883:32086  some (SH 47513ms, ATP 3204ms): Try this: by (smt (cvc5, noematch) image_mset_cong2 is_ground_cls_def is_ground_subst_lit subst_cls_id_subst substitution_ops.subst_cls_def) (502 ms)
0.sledgehammer goal.by        24087ms Ordered_Resolution_Prover.Abstract_Substitution 883:32128  some (SH 24085ms, ATP 1057ms): Try this: by (smt (cvc5, noematch) is_ground_subst_lit multiset.map_ident_strong) (512 ms)
0.sledgehammer goal.unfolding 36268ms Ordered_Resolution_Prover.Abstract_Substitution 886:32209  timeout (SH 36266ms): Timed out
0.sledgehammer goal.by        69227ms Ordered_Resolution_Prover.Abstract_Substitution 886:32263  some (SH 69225ms, ATP 1109ms): Try this: by (smt (cvc5, noematch) Collect_cong Collect_mem_eq is_ground_subst_cls) (423 ms)
0.sledgehammer goal.using     46296ms Ordered_Resolution_Prover.Abstract_Substitution 891:32399  some (SH 46294ms, ATP 1708ms): Try this: by (smt (cvc5, quant_saturate) assms(1,2) is_ground_cls_list_def is_ground_subst_cls min.idem nth_equalityI nth_mem subst_cls_lists_length subst_cls_lists_nth) (336 ms)
0.sledgehammer goal.by        57326ms Ordered_Resolution_Prover.Abstract_Substitution 891:32411  some (SH 57324ms, ATP 1759ms): Try this: by (smt (cvc5, trigger_last) is_ground_cls_list_def is_ground_subst_cls min.idem nth_equalityI nth_mem subst_cls_lists_length subst_cls_lists_nth) (493 ms)
0.sledgehammer goal.using     23345ms Ordered_Resolution_Prover.Abstract_Substitution 895:32616  some (SH 23343ms, ATP 1143ms): Try this: by (smt (cvc5, best) atm_of_subst_lit is_ground_atm_def is_ground_lit_def is_ground_subst_lit) (377 ms)
0.sledgehammer goal.by        27739ms Ordered_Resolution_Prover.Abstract_Substitution 895:32672  some (SH 27737ms, ATP 1126ms): Try this: by (smt (cvc5, trigger_max) ex_ground_subst is_ground_subst_lit substitution.ground_subst_ground_lit substitution_axioms) (601 ms)
0.sledgehammer goal.by        19901ms Ordered_Resolution_Prover.Abstract_Substitution 898:32760  some (SH 19899ms, ATP 1992ms): Try this: by (smt (cvc5, term_relev) ex_ground_subst ground_subst_ground_cls is_ground_subst_cls) (481 ms)
0.sledgehammer goal.proof      9361ms Ordered_Resolution_Prover.Abstract_Substitution 903:32957  some (SH 9359ms, ATP 942ms): Try this: by (smt (cvc5, fmf) subst_cls_eq_grounding_of_cls_subset_eq) (492 ms)
0.sledgehammer goal.unfolding 21177ms Ordered_Resolution_Prover.Abstract_Substitution 907:33105  some (SH 21176ms, ATP 1284ms): Try this: by (smt (cvc5, term_relev) grounding_of_cls_def mem_Collect_eq) (144 ms)
0.sledgehammer goal.by         6610ms Ordered_Resolution_Prover.Abstract_Substitution 907:33151  some (SH 6608ms, ATP 725ms): Try this: by (smt (cvc5, best)) (278 ms)
0.sledgehammer goal.unfolding 60344ms Ordered_Resolution_Prover.Abstract_Substitution 910:33196  some (SH 60211ms, ATP 1022ms): Try this: by (smt (cvc5, best) \<open>D \<in> grounding_of_cls (C \<cdot> \<mu>)\<close> subsetD subst_cls_eq_grounding_of_cls_subset_eq) (499 ms)
0.sledgehammer goal.using     30338ms Ordered_Resolution_Prover.Abstract_Substitution 911:33252  some (SH 30336ms, ATP 1195ms): Try this: by (smt (cvc5, trigger_last) gr_\<gamma> is_ground_comp_subst subst_cls_comp_subst) (176 ms)
0.sledgehammer goal.by         6896ms Ordered_Resolution_Prover.Abstract_Substitution 912:33298  some (SH 6895ms, ATP 1043ms): Try this: by (smt (cvc5, term_relev) subst_cls_comp_subst) (152 ms)
0.sledgehammer goal.using     36471ms Ordered_Resolution_Prover.Abstract_Substitution 916:33406  some (SH 36423ms, ATP 1848ms): Try this: by (smt (cvc5, term_relev) UN_E UN_I grounding_of_clss_def imageE subsetD subsetI subst_cls_eq_grounding_of_cls_subset_eq substitution_ops.subst_clss_def) (723 ms)
0.sledgehammer goal.by        51153ms Ordered_Resolution_Prover.Abstract_Substitution 917:33444  some (SH 51149ms, ATP 1712ms): Try this: by (smt (cvc5, trigger_last) UN_E UN_I grounding_of_clss_def imageE subsetD subsetI subst_clss_def) (601 ms)
0.sledgehammer goal.by        76815ms Ordered_Resolution_Prover.Abstract_Substitution 922:33633  some (SH 76813ms, ATP 1050ms): Try this: by (smt (cvc5, trigger_last) assms grounding_of_subst_cls_subset inv_renaming_cancel_r subset_antisym subst_cls_comp_subst subst_cls_id_subst) (109 ms)
0.sledgehammer goal.by        65616ms Ordered_Resolution_Prover.Abstract_Substitution 928:33930  some (SH 65613ms, ATP 1062ms): Try this: by (smt (cvc5, best) assms grounding_of_subst_clss_subset is_renaming_def subset_antisym subst_clss_id_subst subst_clsscomp_subst) (208 ms)
0.sledgehammer goal.by        61027ms Ordered_Resolution_Prover.Abstract_Substitution 934:34179  some (SH 61024ms, ATP 1718ms): Try this: by (smt (cvc5, best) atm_imp_pos_or_neg_lit atm_of_lit_in_atms_of is_ground_cls_def is_ground_lit_def literal.sel(1,2)) (491 ms)
0.sledgehammer goal.by         7586ms Ordered_Resolution_Prover.Abstract_Substitution 937:34330  some (SH 7583ms, ATP 917ms): Try this: by (smt (cvc5, noematch) is_ground_cls_def) (220 ms)
0.sledgehammer goal.by         7014ms Ordered_Resolution_Prover.Abstract_Substitution 940:34457  some (SH 6999ms, ATP 996ms): Try this: by (smt (cvc5, fmf) is_ground_cls_as_atms) (233 ms)
0.sledgehammer goal.by         7899ms Ordered_Resolution_Prover.Abstract_Substitution 943:34594  some (SH 7897ms, ATP 1022ms): Try this: by (smt (cvc5, term_relev) is_ground_atms_def is_ground_cls_as_atms) (192 ms)
0.sledgehammer goal.unfolding 39062ms Ordered_Resolution_Prover.Abstract_Substitution 946:34731  some (SH 39060ms, ATP 1280ms): Try this: by (smt (cvc5, quant_saturate) UN_E ground_subst_ground_cls grounding_of_cls_def mem_Collect_eq substitution_ops.grounding_of_clss_def) (338 ms)
0.sledgehammer goal.by        49290ms Ordered_Resolution_Prover.Abstract_Substitution 946:34784  some (SH 49287ms, ATP 559ms): Try this: by (smt (cvc5, best) UN_E ground_subst_ground_cls mem_Collect_eq) (381 ms)
0.sledgehammer goal.using     16074ms Ordered_Resolution_Prover.Abstract_Substitution 949:34884  some (SH 16072ms, ATP 951ms): Try this: by (smt (cvc5, best) grounding_ground grounding_of_clss_singleton) (118 ms)
0.sledgehammer goal.by         5868ms Ordered_Resolution_Prover.Abstract_Substitution 949:34935  some (SH 5867ms, ATP 944ms): Try this: by (smt (cvc5, trigger_max)) (273 ms)
0.sledgehammer goal.unfolding 16574ms Ordered_Resolution_Prover.Abstract_Substitution 953:35062  some (SH 16247ms, ATP 1004ms): Try this: by (smt (cvc5, noematch) grounding_ground subsetD) (224 ms)
0.sledgehammer goal.by        67213ms Ordered_Resolution_Prover.Abstract_Substitution 953:35115  some (SH 67211ms, ATP 480ms): Try this: by (smt (cvc5, best) UN_E grounding_of_cls_def is_ground_cls_if_in_grounding_of_cls subsetD) (389 ms)
0.sledgehammer goal.unfolding 10294ms Ordered_Resolution_Prover.Abstract_Substitution 956:35179  some (SH 10292ms, ATP 932ms): Try this: by (smt (cvc5, best) is_ground_subst_cls_iff subst_cls_empty) (32 ms)
0.sledgehammer goal.by        13680ms Ordered_Resolution_Prover.Abstract_Substitution 956:35207  some (SH 13677ms, ATP 759ms): Try this: by (smt (cvc5, best) empty_iff set_mset_empty) (197 ms)
0.sledgehammer goal.by        101965ms Ordered_Resolution_Prover.Abstract_Substitution 960:35323  some (SH 101963ms, ATP 1292ms): Try this: by (smt (cvc5, trigger_last) atms_of_add_mset insertE is_ground_cls_as_atms is_ground_cls_def is_ground_cls_mono is_ground_lit_def multi_psub_of_add_self subset_mset.less_le union_single_eq_member) (1.2 s)
0.sledgehammer goal.unfolding 45286ms Ordered_Resolution_Prover.Abstract_Substitution 963:35436  some (SH 45284ms, ATP 3279ms): Try this: by (smt (cvc5) Un_insert_right ex_ground_subst grounding_of_clss_empty grounding_of_clss_singleton is_ground_subst_cls mem_Collect_eq singletonD subset_Un_eq subset_antisym subset_eq substitution_ops.grounding_of_cls_def)
0.sledgehammer goal.by        61885ms Ordered_Resolution_Prover.Abstract_Substitution 963:35467  some (SH 61883ms, ATP 1627ms): Try this: by (smt (cvc5, best) Collect_cong is_ground_subst_cls_iff make_ground_subst singleton_conv2) (1.2 s)
0.sledgehammer goal.by         7819ms Ordered_Resolution_Prover.Abstract_Substitution 966:35568  some (SH 7817ms, ATP 728ms): Try this: by (smt (cvc5, fmf) grounding_of_cls_ground is_ground_cls_empty) (179 ms)
0.sledgehammer goal.by        35991ms Ordered_Resolution_Prover.Abstract_Substitution 969:35691  some (SH 35989ms, ATP 292ms): Try this: by (smt (cvc5, best) UN_E is_ground_cls_if_in_grounding_of_cls is_ground_clss_def) (282 ms)
0.sledgehammer goal.using     15190ms Ordered_Resolution_Prover.Abstract_Substitution 972:35852  some (SH 15188ms, ATP 794ms): Try this: by (smt (cvc5, trigger_relev) grounding_ground is_ground_clss_def) (256 ms)
0.sledgehammer goal.by         5506ms Ordered_Resolution_Prover.Abstract_Substitution 972:35910  some (SH 5504ms, ATP 976ms): Try this: by (smt (cvc5, trigger_max)) (109 ms)
0.sledgehammer goal.using     25399ms Ordered_Resolution_Prover.Abstract_Substitution 978:36053  some (SH 24910ms, ATP 985ms): Try this: by (smt (cvc5, best) grounding_of_cls_ground is_ground_cls_if_in_grounding_of_cls singletonD) (262 ms)
0.sledgehammer goal.by        26016ms Ordered_Resolution_Prover.Abstract_Substitution 978:36080  some (SH 26015ms, ATP 1034ms): Try this: by (smt (cvc5, best) grounding_of_cls_ground is_ground_cls_if_in_grounding_of_cls singletonD) (227 ms)
0.sledgehammer goal.proof     31232ms Ordered_Resolution_Prover.Abstract_Substitution 982:36211  some (SH 31230ms, ATP 1404ms): Try this: by (smt (cvc5, fmf) grounding_of_cls_ground image_cong is_ground_cls_if_in_grounding_of_cls) (933 ms)
0.sledgehammer goal.using      6960ms Ordered_Resolution_Prover.Abstract_Substitution 984:36302  some (SH 6959ms, ATP 924ms): Try this: by (smt (cvc5, quant_saturate) grounding_of_cls_ground is_ground_cls_if_in_grounding_of_cls) (266 ms)
0.sledgehammer goal.by         6041ms Ordered_Resolution_Prover.Abstract_Substitution 984:36369  some (SH 6039ms, ATP 969ms): Try this: by (smt (cvc5, trigger_last)) (449 ms)
0.sledgehammer goal.unfolding 35767ms Ordered_Resolution_Prover.Abstract_Substitution 989:36505  timeout (SH 35607ms): Timed out
0.sledgehammer goal.unfolding 34832ms Ordered_Resolution_Prover.Abstract_Substitution 990:36553  timeout (SH 34829ms): Timed out
0.sledgehammer goal.by        32070ms Ordered_Resolution_Prover.Abstract_Substitution 991:36605  some (SH 32068ms, ATP 1305ms): Try this: by (smt (cvc5, fmf) SUP_cong UN_singleton) (1.0 s)
0.sledgehammer goal.unfolding 18518ms Ordered_Resolution_Prover.Abstract_Substitution 997:36696  some (SH 18516ms, ATP 1233ms): Try this: by (smt (cvc5, best) subset_mset.zero_le subst_cls_id_subst subsumes_def) (111 ms)
0.sledgehammer goal.by        16722ms Ordered_Resolution_Prover.Abstract_Substitution 997:36733  some (SH 16720ms, ATP 1473ms): Try this: by (smt (cvc5) subset_mset.zero_le subst_cls_def subst_cls_empty_iff)
0.sledgehammer goal.unfolding 45209ms Ordered_Resolution_Prover.Abstract_Substitution 1000:36822  some (SH 45207ms, ATP 1168ms): Try this: by (smt (cvc5, trigger_last) strictly_subsumes_def subset_mset.le_zero_eq substitution.subst_cls_empty_iff substitution_axioms subsumes_def subsumes_empty_left) (329 ms)
0.sledgehammer goal.by        19687ms Ordered_Resolution_Prover.Abstract_Substitution 1000:36881  some (SH 19685ms, ATP 1240ms): Try this: by (smt (cvc5, quant_saturate) image_mset_is_empty_iff subset_mset.le_zero_eq subset_mset.zero_le) (272 ms)
0.sledgehammer goal.by        55053ms Ordered_Resolution_Prover.Abstract_Substitution 1006:36991  some (SH 55051ms, ATP 1195ms): Try this: by (smt (cvc5, best) One_nat_def card_1_singleton_iff card_eq_0_iff le_Suc_eq le_zero_eq) (411 ms)
0.sledgehammer goal.unfolding 51120ms Ordered_Resolution_Prover.Abstract_Substitution 1011:37147  some (SH 51118ms, ATP 4277ms): Try this: by (smt (cvc5) One_nat_def assms card_1_singleton_iff card_eq_0_iff finite_imageI image_eqI insertCI is_unifier_def le_Suc_eq le_zero_eq singletonD subst_atms_def)
0.sledgehammer goal.by        91910ms Ordered_Resolution_Prover.Abstract_Substitution 1012:37233  some (SH 91908ms, ATP 4908ms): Try this: by (smt (cvc5) empty_iff image_insert insert_iff mk_disjoint_insert)
0.sledgehammer goal.unfolding 34965ms Ordered_Resolution_Prover.Abstract_Substitution 1017:37382  timeout (SH 34963ms): Timed out
0.sledgehammer goal.by        35304ms Ordered_Resolution_Prover.Abstract_Substitution 1018:37471  timeout (SH 35302ms): Timed out
0.sledgehammer goal.by        37113ms Ordered_Resolution_Prover.Abstract_Substitution 1023:37667  some (SH 37111ms, ATP 1054ms): Try this: by (smt (cvc5, noematch) assms(1,2,3,4,5) is_unifier_subst_atm_eqI is_unifiers_def) (515 ms)
0.sledgehammer goal.unfolding 36468ms Ordered_Resolution_Prover.Abstract_Substitution 1028:37882  timeout (SH 36466ms): Timed out
0.sledgehammer goal.by        55247ms Ordered_Resolution_Prover.Abstract_Substitution 1028:37939  some (SH 55245ms, ATP 561ms): Try this: by (smt (cvc5) imageE image_eqI subst_atms_comp_subst)
0.sledgehammer goal.using      7549ms Ordered_Resolution_Prover.Abstract_Substitution 1034:38050  some (SH 7547ms, ATP 1809ms): Try this: by (smt (cvc5, term_relev) is_mgu_def) (123 ms)
0.sledgehammer goal.by         5315ms Ordered_Resolution_Prover.Abstract_Substitution 1034:38067  some (SH 5313ms, ATP 837ms): Try this: by (smt (cvc5, trigger_max)) (154 ms)
0.sledgehammer goal.using     13973ms Ordered_Resolution_Prover.Abstract_Substitution 1037:38160  some (SH 13105ms, ATP 1015ms): Try this: by (smt (cvc5, noematch) is_mgu_def) (88 ms)
0.sledgehammer goal.by         7460ms Ordered_Resolution_Prover.Abstract_Substitution 1037:38177  some (SH 7458ms, ATP 1881ms): Try this: by (smt (cvc5, term_relev)) (243 ms)
0.sledgehammer goal.using      6854ms Ordered_Resolution_Prover.Abstract_Substitution 1040:38268  some (SH 6852ms, ATP 808ms): Try this: by (smt (cvc5, fmf) is_unifiers_def) (198 ms)
0.sledgehammer goal.by         6288ms Ordered_Resolution_Prover.Abstract_Substitution 1040:38290  some (SH 6087ms, ATP 1014ms): Try this: by (smt (cvc5, trigger_relev)) (268 ms)
0.sledgehammer goal.by        15898ms Ordered_Resolution_Prover.Abstract_Substitution 1043:38361  some (SH 15654ms, ATP 1278ms): Try this: by (smt (cvc5, fmf) is_imgu_def is_mgu_def) (1.7 s)
0.sledgehammer goal.by         8188ms Ordered_Resolution_Prover.Abstract_Substitution 1046:38468  some (SH 8187ms, ATP 1151ms): Try this: by (smt (cvc5, noematch) is_imgu_def) (292 ms)
0.sledgehammer goal.using     16485ms Ordered_Resolution_Prover.Abstract_Substitution 1049:38579  some (SH 16483ms, ATP 1033ms): Try this: by (smt (cvc5, noematch) is_imgu_comp_idempotent subst_atm_comp_subst) (335 ms)
0.sledgehammer goal.by         6537ms Ordered_Resolution_Prover.Abstract_Substitution 1049:38646  some (SH 6535ms, ATP 851ms): Try this: by (smt (cvc5, quant_saturate)) (351 ms)
0.sledgehammer goal.using     15779ms Ordered_Resolution_Prover.Abstract_Substitution 1052:38744  some (SH 15472ms, ATP 1083ms): Try this: by (smt (cvc5, fmf) is_imgu_comp_idempotent subst_atms_comp_subst) (271 ms)
0.sledgehammer goal.by         6552ms Ordered_Resolution_Prover.Abstract_Substitution 1052:38813  some (SH 6550ms, ATP 879ms): Try this: by (smt (cvc5, best)) (345 ms)
0.sledgehammer goal.using     16636ms Ordered_Resolution_Prover.Abstract_Substitution 1055:38906  some (SH 16233ms, ATP 997ms): Try this: by (smt (cvc5, fmf) is_imgu_comp_idempotent subst_lit_comp_subst) (332 ms)
0.sledgehammer goal.by         6463ms Ordered_Resolution_Prover.Abstract_Substitution 1055:38973  some (SH 6462ms, ATP 841ms): Try this: by (smt (cvc5, trigger_last)) (402 ms)
0.sledgehammer goal.using     16855ms Ordered_Resolution_Prover.Abstract_Substitution 1058:39063  some (SH 16664ms, ATP 1030ms): Try this: by (smt (cvc5, fmf) is_imgu_comp_idempotent subst_cls_comp_subst) (364 ms)
0.sledgehammer goal.by         6393ms Ordered_Resolution_Prover.Abstract_Substitution 1058:39130  some (SH 6391ms, ATP 854ms): Try this: by (smt (cvc5, trigger_relev)) (372 ms)
0.sledgehammer goal.using     16283ms Ordered_Resolution_Prover.Abstract_Substitution 1061:39229  some (SH 15752ms, ATP 1072ms): Try this: by (smt (cvc5, fmf) is_imgu_comp_idempotent subst_clsscomp_subst) (254 ms)
0.sledgehammer goal.by         6061ms Ordered_Resolution_Prover.Abstract_Substitution 1061:39297  some (SH 6060ms, ATP 939ms): Try this: by (smt (cvc5, trigger_last)) (334 ms)
0.sledgehammer goal.unfolding 11749ms Ordered_Resolution_Prover.Abstract_Substitution 1067:39409  some (SH 11586ms, ATP 978ms): Try this: by (smt (cvc5, trigger_last) variants_def) (97 ms)
0.sledgehammer goal.by         5479ms Ordered_Resolution_Prover.Abstract_Substitution 1067:39432  some (SH 5477ms, ATP 837ms): Try this: by (smt (cvc5, trigger_last)) (78 ms)
0.sledgehammer goal.proof     36494ms Ordered_Resolution_Prover.Abstract_Substitution 1070:39515  timeout (SH 35546ms): Timed out
0.sledgehammer goal.unfolding 75085ms Ordered_Resolution_Prover.Abstract_Substitution 1073:39591  some (SH 75084ms, ATP 3473ms): Try this: by (smt (cvc5, best) generalizes_def subset_mset.dual_order.refl subsumes_def variants_def) (528 ms)
0.sledgehammer goal.by         9822ms Ordered_Resolution_Prover.Abstract_Substitution 1074:39649  some (SH 9820ms, ATP 1137ms): Try this: by (smt (cvc5, noematch) subset_mset.dual_order.refl) (726 ms)
0.sledgehammer goal.unfolding 82572ms Ordered_Resolution_Prover.Abstract_Substitution 1078:39760  some (SH 82571ms, ATP 1377ms): Try this: by (smt (cvc5, best) le_antisym size_mset_mono size_subst subsumes_def) (277 ms)
0.sledgehammer goal.by        34968ms Ordered_Resolution_Prover.Abstract_Substitution 1078:39783  some (SH 34966ms, ATP 1170ms): Try this: by (smt (cvc5, best) le_antisym size_mset_mono size_subst) (696 ms)
0.sledgehammer goal.using     40674ms Ordered_Resolution_Prover.Abstract_Substitution 1080:39859  some (SH 40673ms, ATP 1939ms): Try this: by (smt (cvc5, quant_saturate) generalizes_def linorder_not_le mset_subset_size size_mset_mono size_subst sub subset_mset.nless_le subsumes_def variants_def) (671 ms)
0.sledgehammer goal.unfolding 82074ms Ordered_Resolution_Prover.Abstract_Substitution 1080:39869  some (SH 82072ms, ATP 2162ms): Try this: by (smt (cvc5, noematch) generalizes_def linorder_not_le mset_subset_size size_mset_mono size_subst subset_mset.nless_le subsumes_def variants_def) (977 ms)
0.sledgehammer goal.by        23702ms Ordered_Resolution_Prover.Abstract_Substitution 1081:39925  some (SH 23699ms, ATP 1063ms): Try this: by (smt (cvc5, trigger_last) size_subst subseteq_mset_size_eql) (807 ms)
0.sledgehammer goal.by        105721ms Ordered_Resolution_Prover.Abstract_Substitution 1086:40120  some (SH 105720ms, ATP 1988ms): Try this: by (smt (cvc5, quant_saturate) linorder_not_le mset_subset_size size_mset_mono size_subst strictly_subsumes_def subset_mset.dual_order.strict_implies_order substitution_ops.subsumes_def) (234 ms)
0.sledgehammer goal.unfolding 18761ms Ordered_Resolution_Prover.Abstract_Substitution 1090:40339  some (SH 18759ms, ATP 1085ms): Try this: by (smt (cvc5, trigger_last) generalizes_lit_def subst_lit_id_subst) (128 ms)
0.sledgehammer goal.by         9147ms Ordered_Resolution_Prover.Abstract_Substitution 1090:40369  some (SH 9145ms, ATP 1129ms): Try this: by (smt (cvc5, best) subst_lit_id_subst) (107 ms)
0.sledgehammer goal.unfolding 26485ms Ordered_Resolution_Prover.Abstract_Substitution 1094:40509  some (SH 26483ms, ATP 1086ms): Try this: by (smt (cvc5, best) generalizes_lit_def subst_lit_comp_subst) (409 ms)
0.sledgehammer goal.using     10449ms Ordered_Resolution_Prover.Abstract_Substitution 1094:40539  some (SH 10447ms, ATP 1224ms): Try this: by (smt (cvc5, trigger_last) subst_lit_comp_subst) (359 ms)
0.sledgehammer goal.by         7058ms Ordered_Resolution_Prover.Abstract_Substitution 1094:40566  some (SH 7056ms, ATP 1213ms): Try this: by (smt (cvc5, best)) (535 ms)
0.sledgehammer goal.unfolding 13816ms Ordered_Resolution_Prover.Abstract_Substitution 1097:40626  some (SH 13814ms, ATP 1121ms): Try this: by (smt (cvc5, term_relev) generalizes_def subst_cls_id_subst) (83 ms)
0.sledgehammer goal.by         8800ms Ordered_Resolution_Prover.Abstract_Substitution 1097:40652  some (SH 8799ms, ATP 994ms): Try this: by (smt (cvc5, trigger_last) subst_cls_id_subst) (89 ms)
0.sledgehammer goal.unfolding 35731ms Ordered_Resolution_Prover.Abstract_Substitution 1100:40768  some (SH 35728ms, ATP 1062ms): Try this: by (smt (cvc5, best) generalizes_def subst_cls_comp_subst) (230 ms)
0.sledgehammer goal.using      9646ms Ordered_Resolution_Prover.Abstract_Substitution 1100:40794  some (SH 9644ms, ATP 998ms): Try this: by (smt (cvc5, term_relev) subst_cls_comp_subst) (394 ms)
0.sledgehammer goal.by         6539ms Ordered_Resolution_Prover.Abstract_Substitution 1100:40821  some (SH 6537ms, ATP 973ms): Try this: by (smt (cvc5, best)) (463 ms)
0.sledgehammer goal.unfolding 17754ms Ordered_Resolution_Prover.Abstract_Substitution 1103:40869  some (SH 17752ms, ATP 1447ms): Try this: by (smt (cvc5, best) subset_mset.dual_order.refl subst_cls_id_subst subsumes_def) (102 ms)
0.sledgehammer goal.by         8764ms Ordered_Resolution_Prover.Abstract_Substitution 1103:40892  some (SH 8762ms, ATP 1027ms): Try this: by (smt (cvc5, trigger_last) subset_mset.dual_order.refl subst_cls_id_subst) (76 ms)
0.sledgehammer goal.unfolding 37837ms Ordered_Resolution_Prover.Abstract_Substitution 1106:40996  some (SH 37835ms, ATP 1738ms): Try this: by (smt (cvc5, quant_saturate) subset_mset.dual_order.trans subst_cls_comp_subst subst_cls_mono_mset subsumes_def) (229 ms)
0.sledgehammer goal.by        34639ms Ordered_Resolution_Prover.Abstract_Substitution 1107:41021  timeout (SH 34637ms): Timed out
0.sledgehammer goal.unfolding  6365ms Ordered_Resolution_Prover.Abstract_Substitution 1110:41169  some (SH 6363ms, ATP 1011ms): Try this: by (smt (cvc5, best) strictly_generalizes_def) (54 ms)
0.sledgehammer goal.by         5455ms Ordered_Resolution_Prover.Abstract_Substitution 1110:41204  some (SH 4864ms, ATP 668ms): Try this: by (smt (cvc5, quant_saturate)) (57 ms)
0.sledgehammer goal.unfolding 11945ms Ordered_Resolution_Prover.Abstract_Substitution 1113:41308  some (SH 10495ms, ATP 916ms): Try this: by (smt (cvc5, best) strictly_generalizes_def) (48 ms)
0.sledgehammer goal.by         5066ms Ordered_Resolution_Prover.Abstract_Substitution 1113:41343  some (SH 5063ms, ATP 771ms): Try this: by (smt (cvc5, trigger_last)) (31 ms)
0.sledgehammer goal.unfolding 10677ms Ordered_Resolution_Prover.Abstract_Substitution 1117:41472  some (SH 9120ms, ATP 1033ms): Try this: by (smt (cvc5, fmf) generalizes_trans strictly_generalizes_def) (409 ms)
0.sledgehammer goal.using      6633ms Ordered_Resolution_Prover.Abstract_Substitution 1117:41507  some (SH 6631ms, ATP 765ms): Try this: by (smt (cvc5, fmf) generalizes_trans) (330 ms)
0.sledgehammer goal.by         6255ms Ordered_Resolution_Prover.Abstract_Substitution 1117:41531  some (SH 6253ms, ATP 755ms): Try this: by (smt (cvc5, trigger_last)) (608 ms)
0.sledgehammer goal.unfolding  6408ms Ordered_Resolution_Prover.Abstract_Substitution 1120:41601  some (SH 6406ms, ATP 1079ms): Try this: by (smt (cvc5, best) strictly_subsumes_def) (52 ms)
0.sledgehammer goal.by         9575ms Ordered_Resolution_Prover.Abstract_Substitution 1120:41633  some (SH 9170ms, ATP 576ms): Try this: by (smt (cvc5, quant_saturate)) (67 ms)
0.sledgehammer goal.unfolding  6531ms Ordered_Resolution_Prover.Abstract_Substitution 1123:41728  some (SH 6529ms, ATP 961ms): Try this: by (smt (cvc5, best) strictly_subsumes_def) (57 ms)
0.sledgehammer goal.by         4725ms Ordered_Resolution_Prover.Abstract_Substitution 1123:41760  some (SH 4342ms, ATP 683ms): Try this: by (smt (cvc5, quant_saturate)) (29 ms)
0.sledgehammer goal.unfolding 10150ms Ordered_Resolution_Prover.Abstract_Substitution 1127:41877  some (SH 8899ms, ATP 1021ms): Try this: by (smt (cvc5, fmf) strictly_subsumes_def subsumes_trans) (440 ms)
0.sledgehammer goal.using      7541ms Ordered_Resolution_Prover.Abstract_Substitution 1127:41909  some (SH 7539ms, ATP 1738ms): Try this: by (smt (cvc5, noematch) subsumes_trans) (353 ms)
0.sledgehammer goal.by         6634ms Ordered_Resolution_Prover.Abstract_Substitution 1127:41930  some (SH 6632ms, ATP 923ms): Try this: by (smt (cvc5, quant_saturate)) (460 ms)
0.sledgehammer goal.using     70659ms Ordered_Resolution_Prover.Abstract_Substitution 1130:42007  some (SH 70657ms, ATP 2311ms): Try this: by (smt (cvc5, noematch) size_subst strict_subset_subst_strictly_subsumes subseteq_mset_size_eql substitution_ops.subsumes_def subsumes_refl) (356 ms)
0.sledgehammer goal.by         7660ms Ordered_Resolution_Prover.Abstract_Substitution 1130:42066  some (SH 7658ms, ATP 1066ms): Try this: by (smt (cvc5, trigger_relev) subst_cls_id_subst) (89 ms)
0.sledgehammer goal.unfolding  9763ms Ordered_Resolution_Prover.Abstract_Substitution 1133:42150  some (SH 9761ms, ATP 1094ms): Try this: by (smt (cvc5, quant_saturate) generalizes_def strictly_generalizes_def) (470 ms)
0.sledgehammer goal.by         6660ms Ordered_Resolution_Prover.Abstract_Substitution 1133:42201  some (SH 6658ms, ATP 839ms): Try this: by (smt (cvc5, quant_saturate)) (309 ms)
0.sledgehammer goal.unfolding 23487ms Ordered_Resolution_Prover.Abstract_Substitution 1136:42280  some (SH 23485ms, ATP 1566ms): Try this: by (smt (cvc5, trigger_last) strictly_subsumes_def subset_mset.dual_order.refl substitution_ops.subsumes_def) (85 ms)
0.sledgehammer goal.by         8506ms Ordered_Resolution_Prover.Abstract_Substitution 1136:42325  some (SH 8504ms, ATP 1217ms): Try this: by (smt (cvc5, trigger_last) subset_mset.eq_iff) (245 ms)
0.sledgehammer goal.unfolding 10976ms Ordered_Resolution_Prover.Abstract_Substitution 1139:42410  some (SH 10974ms, ATP 983ms): Try this: by (smt (cvc5, best) generalizes_def variants_def) (77 ms)
0.sledgehammer goal.by        58131ms Ordered_Resolution_Prover.Abstract_Substitution 1140:42457  some (SH 58129ms, ATP 1170ms): Try this: by (smt (cvc5, best) antisym size_mset_mono size_subst subseteq_mset_size_eql) (540 ms)
0.sledgehammer goal.proof     11421ms Ordered_Resolution_Prover.Abstract_Substitution 1145:42679  some (SH 11418ms, ATP 1039ms): Try this: by (smt (cvc5, fmf) assms(1,2) strictly_subsumes_def subsumes_trans variants_iff_subsumes) (398 ms)
0.sledgehammer goal.using     10690ms Ordered_Resolution_Prover.Abstract_Substitution 1148:42761  some (SH 10688ms, ATP 1186ms): Try this: by (smt (cvc5, quant_saturate) variants_def variants_imp_exists_substitution) (522 ms)
0.sledgehammer goal.by         7103ms Ordered_Resolution_Prover.Abstract_Substitution 1148:42813  some (SH 7101ms, ATP 1171ms): Try this: by (smt (cvc5, quant_saturate)) (526 ms)
0.sledgehammer goal.unfolding 15607ms Ordered_Resolution_Prover.Abstract_Substitution 1152:42876  some (SH 15605ms, ATP 1287ms): Try this: by (smt (cvc5, quant_saturate) strictly_subsumes_def subsumes_def) (145 ms)
0.sledgehammer goal.by         6374ms Ordered_Resolution_Prover.Abstract_Substitution 1152:42921  some (SH 6372ms, ATP 795ms): Try this: by (smt (cvc5, trigger_max)) (120 ms)
0.sledgehammer goal.using      7737ms Ordered_Resolution_Prover.Abstract_Substitution 1154:42968  some (SH 6797ms, ATP 877ms): Try this: by (smt (cvc5, noematch) subst_cls_mono_mset) (257 ms)
0.sledgehammer goal.by         4968ms Ordered_Resolution_Prover.Abstract_Substitution 1154:42994  some (SH 4967ms, ATP 819ms): Try this: by (smt (cvc5, trigger_max)) (249 ms)
0.sledgehammer goal.using      9651ms Ordered_Resolution_Prover.Abstract_Substitution 1156:43041  some (SH 8818ms, ATP 988ms): Try this: by (smt (cvc5, trigger_last) \<sigma>_\<sigma>'_p subst_cls_comp_subst) (103 ms)
0.sledgehammer goal.by         5492ms Ordered_Resolution_Prover.Abstract_Substitution 1156:43054  some (SH 5490ms, ATP 837ms): Try this: by (smt (cvc5, term_relev) subst_cls_comp_subst) (132 ms)
0.sledgehammer goal.unfolding 34379ms Ordered_Resolution_Prover.Abstract_Substitution 1158:43113  some (SH 34026ms, ATP 948ms): Try this: by (smt (cvc5, best) strict_subset_subst_strictly_subsumes strictly_subsumes_antisym strictly_subsumes_neq subset_mset.dual_order.order_iff_strict) (835 ms)
0.sledgehammer goal.by         4778ms Ordered_Resolution_Prover.Abstract_Substitution 1158:43158  some (SH 4776ms, ATP 675ms): Try this: by (smt (cvc5, quant_saturate)) (62 ms)
0.sledgehammer goal.proof     24700ms Ordered_Resolution_Prover.Abstract_Substitution 1160:43193  some (SH 23661ms, ATP 1039ms): Try this: by (smt (cvc5, quant_saturate) \<sigma>_\<sigma>'_p n subst_cls_comp_subst) (288 ms)
0.sledgehammer goal.by         4887ms Ordered_Resolution_Prover.Abstract_Substitution 1164:43290  some (SH 4885ms, ATP 640ms): Try this: by (smt (cvc5, fmf)) (120 ms)
0.sledgehammer goal.using      9052ms Ordered_Resolution_Prover.Abstract_Substitution 1166:43340  some (SH 8025ms, ATP 996ms): Try this: by (smt (cvc5, best) \<sigma>_\<sigma>'_p subst_cls_comp_subst) (47 ms)
0.sledgehammer goal.by         6222ms Ordered_Resolution_Prover.Abstract_Substitution 1166:43353  some (SH 6220ms, ATP 984ms): Try this: by (smt (cvc5, best) subst_cls_comp_subst) (76 ms)
0.sledgehammer goal.using      6142ms Ordered_Resolution_Prover.Abstract_Substitution 1168:43387  some (SH 5851ms, ATP 731ms): Try this: by (smt (cvc5, trigger_max) n) (88 ms)
0.sledgehammer goal.by         6310ms Ordered_Resolution_Prover.Abstract_Substitution 1168:43395  some (SH 5607ms, ATP 918ms): Try this: by (smt (cvc5, quant_saturate)) (100 ms)
0.sledgehammer goal.unfolding 23699ms Ordered_Resolution_Prover.Abstract_Substitution 1171:43440  some (SH 22854ms, ATP 1145ms): Try this: by (smt (cvc5, noematch) assms(1,2) strictly_subsumes_def subsumes_trans variants_iff_subsumes) (396 ms)
0.sledgehammer goal.by         5940ms Ordered_Resolution_Prover.Abstract_Substitution 1171:43485  some (SH 5938ms, ATP 926ms): Try this: by (smt (cvc5, trigger_max)) (255 ms)
0.sledgehammer goal.using     11824ms Ordered_Resolution_Prover.Abstract_Substitution 1177:43630  some (SH 11473ms, ATP 980ms): Try this: by (smt (cvc5, fmf) assms(1,2) strictly_subsumes_def subsumes_trans variants_iff_subsumes) (454 ms)
0.sledgehammer goal.by         6001ms Ordered_Resolution_Prover.Abstract_Substitution 1177:43682  some (SH 5999ms, ATP 980ms): Try this: by (smt (cvc5, noematch)) (473 ms)
0.sledgehammer goal.proof     37258ms Ordered_Resolution_Prover.Abstract_Substitution 1202:44435  timeout (SH 37256ms): Timed out
0.sledgehammer goal.by         5510ms Ordered_Resolution_Prover.Abstract_Substitution 1207:44633  some (SH 5507ms, ATP 680ms): Try this: by (smt (cvc5, term_relev)) (169 ms)
0.sledgehammer goal.proof     37234ms Ordered_Resolution_Prover.Abstract_Substitution 1213:44741  timeout (SH 36281ms): Timed out
0.sledgehammer goal.using     36546ms Ordered_Resolution_Prover.Abstract_Substitution 1216:44807  some (SH 36544ms, ATP 1793ms): Try this: by (smt (cvc5, best) generalizes_def sg_C size_subst strictly_generalizes_def) (290 ms)
0.sledgehammer goal.unfolding 30325ms Ordered_Resolution_Prover.Abstract_Substitution 1216:44824  some (SH 30323ms, ATP 1416ms): Try this: by (smt (cvc5, term_relev) generalizes_def size_subst strictly_generalizes_def) (520 ms)
0.sledgehammer goal.by        15201ms Ordered_Resolution_Prover.Abstract_Substitution 1217:44897  some (SH 15199ms, ATP 878ms): Try this: by (smt (cvc5, trigger_last) size_image_mset) (433 ms)
0.sledgehammer goal.using     36306ms Ordered_Resolution_Prover.Abstract_Substitution 1222:45063  timeout (SH 36305ms): Timed out
0.sledgehammer goal.by        35821ms Ordered_Resolution_Prover.Abstract_Substitution 1222:45139  timeout (SH 35818ms): Timed out
0.sledgehammer goal.unfolding 18420ms Ordered_Resolution_Prover.Abstract_Substitution 1232:45528  some (SH 18417ms, ATP 912ms): Try this: apply (smt (cvc5, best) Ls_at_def old.nat.simps(6)) (70 ms)
0.sledgehammer goal.by         7520ms Ordered_Resolution_Prover.Abstract_Substitution 1232:45548  some (SH 7518ms, ATP 840ms): Try this: apply (smt (cvc5, best) old.nat.simps(6)) (76 ms)
0.sledgehammer goal.unfolding 26886ms Ordered_Resolution_Prover.Abstract_Substitution 1235:45613  some (SH 26884ms, ATP 2150ms): Try this: by (smt (cvc5, best) Eps_cong Ls_at_0 list_of_mset_def mset_list_of_mset) (182 ms)
0.sledgehammer goal.by        21790ms Ordered_Resolution_Prover.Abstract_Substitution 1235:45631  some (SH 21789ms, ATP 842ms): Try this: by (smt (cvc5, trigger_last) Eps_cong list_of_mset_def mset_list_of_mset) (264 ms)
0.sledgehammer goal.proof     36186ms Ordered_Resolution_Prover.Abstract_Substitution 1239:45789  timeout (SH 36185ms): Timed out
0.sledgehammer goal.by        35679ms Ordered_Resolution_Prover.Abstract_Substitution 1242:45849  timeout (SH 35677ms): Timed out
0.sledgehammer goal.by        34801ms Ordered_Resolution_Prover.Abstract_Substitution 1247:46005  timeout (SH 34799ms): Timed out
0.sledgehammer goal.by        81112ms Ordered_Resolution_Prover.Abstract_Substitution 1252:46216  some (SH 81110ms, ATP 720ms): Try this: by (smt (cvc5, trigger_last) mset_Ls mset_Lt_at_0 old.nat.exhaust size_mset sz_C) (369 ms)
0.sledgehammer goal.using     62261ms Ordered_Resolution_Prover.Abstract_Substitution 1255:46373  some (SH 62259ms, ATP 1763ms): Try this: by (smt (cvc5, term_relev) Ls_\<sigma> mset_Ls nth_map[of _ "Ls_at (Suc _)" "\<lambda>R. R \<cdot>l \<sigma>_at _"] size_mset[of "Ls_at (Suc _)"] subst_lit_is_neg[of "Ls_at (Suc _) ! _" "\<sigma>_at _"] sz_C[of "Suc _"]) (1.8 s)
0.sledgehammer goal.by        44867ms Ordered_Resolution_Prover.Abstract_Substitution 1255:46391  some (SH 44864ms, ATP 325ms): Try this: by (smt (cvc5, term_relev) nth_map[of _ "Ls_at (Suc _)" "\<lambda>R. R \<cdot>l \<sigma>_at _"] subst_lit_is_neg[of "Ls_at (Suc _) ! _" "\<sigma>_at _"]) (1.8 s)
0.sledgehammer goal.by        36807ms Ordered_Resolution_Prover.Abstract_Substitution 1258:46529  timeout (SH 36803ms): Timed out
0.sledgehammer goal.proof     35619ms Ordered_Resolution_Prover.Abstract_Substitution 1263:46749  timeout (SH 35617ms): Timed out
0.sledgehammer goal.using     34781ms Ordered_Resolution_Prover.Abstract_Substitution 1267:46871  timeout (SH 34779ms): Timed out
0.sledgehammer goal.by        38070ms Ordered_Resolution_Prover.Abstract_Substitution 1268:46916  some (SH 38068ms, ATP 1023ms): Try this: by (smt (cvc5, quant_saturate) mset_map nth_equalityI nth_map size_image_mset size_mset) (446 ms)
0.sledgehammer goal.using     82747ms Ordered_Resolution_Prover.Abstract_Substitution 1271:47062  some (SH 82538ms, ATP 1172ms): Try this: by (smt (cvc5, best) atm_of_subst_lit is_pos_Ls j_\<tau> j_lt literal.expand subst_lit_is_neg) (692 ms)
0.sledgehammer goal.by        63391ms Ordered_Resolution_Prover.Abstract_Substitution 1272:47099  some (SH 63389ms, ATP 1178ms): Try this: by (smt (cvc5, best) atm_of_subst_lit literal.expand subst_lit_is_neg) (1.1 s)
0.sledgehammer goal.using     71120ms Ordered_Resolution_Prover.Abstract_Substitution 1274:47222  some (SH 71118ms, ATP 1509ms): Try this: by (smt (cvc5, term_relev) j_lt len_Ls length_map list.map_comp nth_map) (731 ms)
0.sledgehammer goal.by        28460ms Ordered_Resolution_Prover.Abstract_Substitution 1274:47240  some (SH 28457ms, ATP 385ms): Try this: by (smt (cvc5, quant_saturate) length_map list.map_comp nth_map) (277 ms)
0.sledgehammer goal.unfolding 37066ms Ordered_Resolution_Prover.Abstract_Substitution 1281:47434  timeout (SH 37065ms): Timed out
0.sledgehammer goal.using     35920ms Ordered_Resolution_Prover.Abstract_Substitution 1282:47498  timeout (SH 35917ms): Timed out
0.sledgehammer goal.by        35376ms Ordered_Resolution_Prover.Abstract_Substitution 1282:47541  timeout (SH 35374ms): Timed out
0.sledgehammer goal.unfolding 35287ms Ordered_Resolution_Prover.Abstract_Substitution 1284:47640  timeout (SH 35284ms): Timed out
0.sledgehammer goal.by        21746ms Ordered_Resolution_Prover.Abstract_Substitution 1284:47698  some (SH 21744ms, ATP 1157ms): Try this: by (smt (cvc5, term_relev) Ls_\<tau>_strict_tm list.map_comp) (296 ms)
0.sledgehammer goal.unfolding  9862ms Ordered_Resolution_Prover.Abstract_Substitution 1286:47811  some (SH 9859ms, ATP 1013ms): Try this: by (smt (cvc5, best) strictly_generalizes_atm_def) (85 ms)
0.sledgehammer goal.by         5050ms Ordered_Resolution_Prover.Abstract_Substitution 1286:47850  some (SH 5048ms, ATP 793ms): Try this: by (smt (cvc5, quant_saturate)) (66 ms)
0.sledgehammer goal.using     36832ms Ordered_Resolution_Prover.Abstract_Substitution 1288:47885  timeout (SH 35774ms): Timed out
0.sledgehammer goal.by        36265ms Ordered_Resolution_Prover.Abstract_Substitution 1288:47967  some (SH 36264ms, ATP 1111ms): Try this: by (smt (cvc5, best) mem_Collect_eq old.prod.case) (79 ms)
0.sledgehammer goal.unfolding 34616ms Ordered_Resolution_Prover.Abstract_Substitution 1291:48046  timeout (SH 34614ms): Timed out
0.sledgehammer goal.by        35858ms Ordered_Resolution_Prover.Abstract_Substitution 1291:48064  timeout (SH 35856ms): Timed out
0.sledgehammer goal.proof     30946ms Ordered_Resolution_Prover.Abstract_Substitution 1297:48238  timeout (SH 30943ms): Timed out
0.sledgehammer goal.by         6296ms Ordered_Resolution_Prover.Abstract_Substitution 1300:48371  some (SH 6295ms, ATP 602ms): Try this: by (smt (cvc5, trigger_last)) (309 ms)
0.sledgehammer goal.by        36686ms Ordered_Resolution_Prover.Abstract_Substitution 1303:48463  timeout (SH 35955ms): Timed out
0.sledgehammer goal.by        28400ms Ordered_Resolution_Prover.Abstract_Substitution 1306:48522  some (SH 28398ms, ATP 697ms): Try this: by (smt (cvc5, trigger_last) all_not_in_conv) (180 ms)
0.sledgehammer goal.by        35031ms Ordered_Resolution_Prover.Abstract_Substitution 1312:48631  timeout (SH 35030ms): Timed out
0.sledgehammer goal.using     35914ms Ordered_Resolution_Prover.Abstract_Substitution 1314:48732  timeout (SH 35911ms): Timed out
0.sledgehammer goal.unfolding 35544ms Ordered_Resolution_Prover.Abstract_Substitution 1314:48747  timeout (SH 35539ms): Timed out
0.sledgehammer goal.by        42374ms Ordered_Resolution_Prover.Abstract_Substitution 1314:48763  some (SH 42371ms, ATP 680ms): Try this: by (smt (cvc5, best) funpow.simps(2) o_apply) (94 ms)
0.sledgehammer goal.using     36708ms Ordered_Resolution_Prover.Abstract_Substitution 1316:48818  timeout (SH 36706ms): Timed out
0.sledgehammer goal.unfolding 37393ms Ordered_Resolution_Prover.Abstract_Substitution 1316:48827  timeout (SH 37391ms): Timed out
0.sledgehammer goal.by        32670ms Ordered_Resolution_Prover.Abstract_Substitution 1316:48872  some (SH 32668ms, ATP 291ms): Try this: by (smt (cvc5, best) size_mset_mono size_subst) (259 ms)
0.sledgehammer goal.unfolding 10575ms Ordered_Resolution_Prover.Abstract_Substitution 1318:48970  some (SH 10573ms, ATP 1139ms): Try this: by (smt (cvc5, best) comp_apply) (54 ms)
0.sledgehammer goal.using     35215ms Ordered_Resolution_Prover.Abstract_Substitution 1320:49054  timeout (SH 35111ms): Timed out
0.sledgehammer goal.by        33480ms Ordered_Resolution_Prover.Abstract_Substitution 1320:49097  timeout (SH 33479ms): Timed out
0.sledgehammer goal.by         5394ms Ordered_Resolution_Prover.Abstract_Substitution 1323:49183  some (SH 5392ms, ATP 639ms): Try this: by (smt (cvc5, quant_saturate)) (342 ms)
0.sledgehammer goal.using     37301ms Ordered_Resolution_Prover.Abstract_Substitution 1325:49260  timeout (SH 36648ms): Timed out
0.sledgehammer goal.unfolding 33987ms Ordered_Resolution_Prover.Abstract_Substitution 1325:49269  timeout (SH 33986ms): Timed out
0.sledgehammer goal.by        37895ms Ordered_Resolution_Prover.Abstract_Substitution 1326:49324  some (SH 37893ms, ATP 455ms): Try this: by (smt (cvc5, noematch) size_subst strictly_subsumes_neq subseteq_mset_size_eql substitution_ops.strictly_subsumes_def substitution_ops.subsumes_def) (655 ms)
0.sledgehammer goal.unfolding 26567ms Ordered_Resolution_Prover.Abstract_Substitution 1329:49527  some (SH 26566ms, ATP 927ms): Try this: by (smt (cvc5, best) add_Suc le_add2) (81 ms)
0.sledgehammer goal.by        95548ms Ordered_Resolution_Prover.Abstract_Substitution 1329:49578  some (SH 95546ms, ATP 1141ms): Try this: by (smt (cvc5, trigger_relev) \<open>\<forall>l'\<ge>l. strictly_generalizes (c (Suc l')) (c l')\<close> add_Suc le_add2 substitution_ops.generalizes_def substitution_ops.strictly_generalizes_def) (486 ms)
0.sledgehammer goal.by        35174ms Ordered_Resolution_Prover.Abstract_Substitution 1331:49651  timeout (SH 35171ms): Timed out
0.sledgehammer goal.using     35332ms Ordered_Resolution_Prover.Abstract_Substitution 1333:49709  timeout (SH 35330ms): Timed out
0.sledgehammer goal.unfolding 35383ms Ordered_Resolution_Prover.Abstract_Substitution 1335:49820  timeout (SH 35381ms): Timed out
0.sledgehammer goal.by        35778ms Ordered_Resolution_Prover.Abstract_Substitution 1335:49838  timeout (SH 35777ms): Timed out
0.sledgehammer goal.using     17117ms Ordered_Resolution_Prover.Abstract_Substitution 1339:49905  some (SH 17115ms, ATP 1181ms): Try this: by (smt (cvc5, fmf) strictly_subsumes_has_minimum wfp_iff_ex_minimal) (435 ms)
0.sledgehammer goal.by         9690ms Ordered_Resolution_Prover.Abstract_Substitution 1339:49941  some (SH 9688ms, ATP 1996ms): Try this: by (smt (cvc5, noematch) wfp_iff_ex_minimal) (924 ms)
0.sledgehammer goal.proof     37380ms Ordered_Resolution_Prover.Abstract_Substitution 1372:50960  timeout (SH 37379ms): Timed out
0.sledgehammer goal.using     55521ms Ordered_Resolution_Prover.Abstract_Substitution 1374:51039  some (SH 55518ms, ATP 3338ms): Try this: by (smt (cvc5, trigger_max) Setcompr_eq_image finite_imageI list.set_finite mem_Collect_eq mgu_sound multiset.set_finite) (540 ms)
0.sledgehammer goal.by        77952ms Ordered_Resolution_Prover.Abstract_Substitution 1374:51055  some (SH 77950ms, ATP 1640ms): Try this: by (smt (cvc5, best) Setcompr_eq_image finite_imageI list.set_finite mem_Collect_eq multiset.set_finite) (819 ms)
0.sledgehammer goal.using      7029ms Ordered_Resolution_Prover.Abstract_Substitution 1376:51135  some (SH 7026ms, ATP 1069ms): Try this: by (smt (cvc5, term_relev) is_mgu_def) (103 ms)
0.sledgehammer goal.by         6179ms Ordered_Resolution_Prover.Abstract_Substitution 1376:51160  some (SH 6177ms, ATP 1909ms): Try this: by (smt (cvc5, term_relev)) (274 ms)
0.sledgehammer goal.using     36716ms Ordered_Resolution_Prover.Abstract_Substitution 1378:51240  timeout (SH 36714ms): Timed out
0.sledgehammer goal.unfolding 36295ms Ordered_Resolution_Prover.Abstract_Substitution 1378:51264  timeout (SH 36293ms): Timed out
0.sledgehammer goal.by        37081ms Ordered_Resolution_Prover.Abstract_Substitution 1379:51309  timeout (SH 37079ms): Timed out
0.sledgehammer goal.using     108523ms Ordered_Resolution_Prover.Abstract_Substitution 1381:51420  some (SH 108522ms, ATP 1165ms): Try this: by (smt (cvc5, best) a_in insertCI is_unifier_subst_atm_eqI multiset.set_finite set_mset_add_mset_insert) (525 ms)
0.sledgehammer goal.by        86291ms Ordered_Resolution_Prover.Abstract_Substitution 1382:51473  some (SH 86288ms, ATP 992ms): Try this: by (smt (cvc5, noematch) insertCI multiset.set_finite set_mset_add_mset_insert) (1.1 s)
0.sledgehammer goal.by            0ms Ordered_Resolution_Prover.FO_Ordered_Resolution 43:1692  
0.sledgehammer goal.using     34715ms Ordered_Resolution_Prover.FO_Ordered_Resolution 48:1815  timeout (SH 34712ms): Timed out
0.sledgehammer goal.by        37224ms Ordered_Resolution_Prover.FO_Ordered_Resolution 48:1827  timeout (SH 37222ms): Timed out
0.sledgehammer goal.proof     37599ms Ordered_Resolution_Prover.FO_Ordered_Resolution 53:1981  timeout (SH 37597ms): Timed out
0.sledgehammer goal.using     51966ms Ordered_Resolution_Prover.FO_Ordered_Resolution 55:2040  some (SH 51965ms, ATP 333ms): Try this: by (smt (cvc5, fmf) Melem_subst_cls subst_lit_in_negs_is_neg) (405 ms)
0.sledgehammer goal.by        17034ms Ordered_Resolution_Prover.FO_Ordered_Resolution 55:2087  some (SH 17031ms, ATP 499ms): Try this: by (smt (cvc5, trigger_last)) (485 ms)
0.sledgehammer goal.using     57269ms Ordered_Resolution_Prover.FO_Ordered_Resolution 58:2163  some (SH 57267ms, ATP 1544ms): Try this: by (smt (cvc5, fmf) image_mset_cong2 mset_map subst_cls_def) (825 ms)
0.sledgehammer goal.by        47942ms Ordered_Resolution_Prover.FO_Ordered_Resolution 58:2183  some (SH 47940ms, ATP 1581ms): Try this: by (smt (cvc5, quant_saturate) image_mset_cong2 mset_map) (1.3 s)
0.sledgehammer goal.using     17323ms Ordered_Resolution_Prover.FO_Ordered_Resolution 60:2270  some (SH 17321ms, ATP 1176ms): Try this: by (smt (cvc5, fmf) image_mset_of_subset_list) (450 ms)
0.sledgehammer goal.by         7371ms Ordered_Resolution_Prover.FO_Ordered_Resolution 60:2337  some (SH 7368ms, ATP 880ms): Try this: by (smt (cvc5, trigger_max)) (179 ms)
0.sledgehammer goal.by        39654ms Ordered_Resolution_Prover.FO_Ordered_Resolution 63:2458  timeout (SH 38684ms): Timed out
0.sledgehammer goal.using     11773ms Ordered_Resolution_Prover.FO_Ordered_Resolution 66:2572  some (SH 11772ms, ATP 1062ms): Try this: by (smt (cvc5, best) As'_p mset_map) (48 ms)
0.sledgehammer goal.by        12970ms Ordered_Resolution_Prover.FO_Ordered_Resolution 66:2584  some (SH 12968ms, ATP 962ms): Try this: by (smt (cvc5, best) mset_map) (58 ms)
0.sledgehammer goal.using      8677ms Ordered_Resolution_Prover.FO_Ordered_Resolution 68:2658  some (SH 8675ms, ATP 717ms): Try this: by (smt (cvc5, best) As'_p) (18 ms)
0.sledgehammer goal.by         6623ms Ordered_Resolution_Prover.FO_Ordered_Resolution 68:2670  some (SH 6622ms, ATP 765ms): Try this: by (smt (cvc5, trigger_last)) (51 ms)
0.sledgehammer goal.using     54252ms Ordered_Resolution_Prover.FO_Ordered_Resolution 70:2711  some (SH 52883ms, ATP 1253ms): Try this: by (smt (cvc5, best) eql_map_neg_lit_eql_atm map_eq_conv) (234 ms)
0.sledgehammer goal.by        28515ms Ordered_Resolution_Prover.FO_Ordered_Resolution 70:2741  some (SH 28513ms, ATP 188ms): Try this: by (smt (cvc5, best) map_eq_conv) (248 ms)
0.sledgehammer goal.by         8284ms Ordered_Resolution_Prover.FO_Ordered_Resolution 72:2779  some (SH 8283ms, ATP 847ms): Try this: by (smt (cvc5, quant_saturate)) (375 ms)
0.sledgehammer goal.using     36750ms Ordered_Resolution_Prover.FO_Ordered_Resolution 78:2951  timeout (SH 36738ms): Timed out
0.sledgehammer goal.proof     37210ms Ordered_Resolution_Prover.FO_Ordered_Resolution 79:2963  timeout (SH 37208ms): Timed out
0.sledgehammer goal.by        51845ms Ordered_Resolution_Prover.FO_Ordered_Resolution 82:3128  some (SH 51842ms, ATP 3697ms): Try this: by (smt (cvc5, quant_saturate) Suc_inject add.right_neutral add_Suc_right empty_not_add_mset list.collapse list.size(3,4) size_empty size_eq_Suc_imp_eq_union subst_atm_list_tl subst_atm_mset_list_tl) (1.4 s)
0.sledgehammer goal.using     10251ms Ordered_Resolution_Prover.FO_Ordered_Resolution 84:3222  some (SH 10249ms, ATP 957ms): Try this: apply (smt (cvc5, best) Suc.prems(2) subst_atm_list_length) (65 ms)
0.sledgehammer goal.by         8801ms Ordered_Resolution_Prover.FO_Ordered_Resolution 84:3242  some (SH 8393ms, ATP 952ms): Try this: apply (smt (cvc5, trigger_max) subst_atm_list_length) (82 ms)
0.sledgehammer goal.by        19616ms Ordered_Resolution_Prover.FO_Ordered_Resolution 86:3328  some (SH 19615ms, ATP 1025ms): Try this: apply (smt (cvc5, best) Nitpick.size_list_simp(2) length_greater_0_conv nat.inject zero_less_Suc) (187 ms)
0.sledgehammer goal.using     38154ms Ordered_Resolution_Prover.FO_Ordered_Resolution 89:3476  timeout (SH 38152ms): Timed out
0.sledgehammer goal.by        37049ms Ordered_Resolution_Prover.FO_Ordered_Resolution 89:3491  timeout (SH 37047ms): Timed out
0.sledgehammer goal.using     120786ms Ordered_Resolution_Prover.FO_Ordered_Resolution 92:3634  some (SH 120784ms, ATP 2789ms): Try this: by (smt (cvc5, quant_saturate) Suc.prems(1,2) Succ(1,2) map2_tl subst_atm_mset_list_tl) (482 ms)
0.sledgehammer goal.by        38169ms Ordered_Resolution_Prover.FO_Ordered_Resolution 92:3654  some (SH 38167ms, ATP 2626ms): Try this: by (smt (cvc5, quant_saturate) map2_tl subst_atm_mset_list_tl) (444 ms)
0.sledgehammer goal.using     72700ms Ordered_Resolution_Prover.FO_Ordered_Resolution 95:3875  some (SH 72697ms, ATP 3289ms): Try this: apply (smt (cvc5) Nitpick.size_list_simp(2,2) One_nat_def Suc.prems(1,2) Succ(1,2) \<open>length (Map2.map2 add_mset (tl (As' \<cdot>al \<eta>)) (tl (AAs' \<cdot>aml \<eta>))) = n\<close> length_greater_0_conv length_map length_tl length_zip map2_empty_iff map2_tl nat.distinct(1) size_empty zero_less_Suc)
0.sledgehammer goal.by        73240ms Ordered_Resolution_Prover.FO_Ordered_Resolution 95:3890  some (SH 73238ms, ATP 2687ms): Try this: apply (smt (cvc5, trigger_last) length_map length_zip min.idem) (451 ms)
0.sledgehammer goal.by        39856ms Ordered_Resolution_Prover.FO_Ordered_Resolution 98:4032  timeout (SH 39852ms): Timed out
0.sledgehammer goal.unfolding 32948ms Ordered_Resolution_Prover.FO_Ordered_Resolution 100:4201  some (SH 32947ms, ATP 1543ms): Try this: by (smt (cvc5, best) image_mset_add_mset subst_atm_mset_def) (146 ms)
0.sledgehammer goal.by        15639ms Ordered_Resolution_Prover.FO_Ordered_Resolution 100:4230  some (SH 15637ms, ATP 1148ms): Try this: by (smt (cvc5, trigger_max) image_mset_add_mset) (202 ms)
0.sledgehammer goal.using     37374ms Ordered_Resolution_Prover.FO_Ordered_Resolution 102:4345  timeout (SH 37372ms): Timed out
0.sledgehammer goal.by        38815ms Ordered_Resolution_Prover.FO_Ordered_Resolution 102:4355  timeout (SH 38812ms): Timed out
0.sledgehammer goal.using     14971ms Ordered_Resolution_Prover.FO_Ordered_Resolution 105:4525  some (SH 14969ms, ATP 1150ms): Try this: by (smt (cvc5, fmf) less_Suc_eq_0_disj) (1.7 s)
0.sledgehammer goal.by        33630ms Ordered_Resolution_Prover.FO_Ordered_Resolution 105:4535  some (SH 33628ms, ATP 1387ms): Try this: by (smt (cvc5, fmf) less_Suc_eq_0_disj) (1.3 s)
0.sledgehammer goal.using     34640ms Ordered_Resolution_Prover.FO_Ordered_Resolution 107:4565  some (SH 34638ms, ATP 3210ms): Try this: by (smt (cvc5, term_relev) nn(1,2) nth_equalityI) (370 ms)
0.sledgehammer goal.by        11040ms Ordered_Resolution_Prover.FO_Ordered_Resolution 107:4593  some (SH 11038ms, ATP 2269ms): Try this: by (smt (cvc5, best)) (519 ms)
0.sledgehammer goal.unfolding 10764ms Ordered_Resolution_Prover.FO_Ordered_Resolution 128:5092  some (SH 10762ms, ATP 941ms): Try this: by (smt (cvc5, best) maximal_wrt_def strictly_maximal_wrt_def) (625 ms)
0.sledgehammer goal.by         6402ms Ordered_Resolution_Prover.FO_Ordered_Resolution 128:5143  some (SH 6400ms, ATP 863ms): Try this: by (smt (cvc5, best)) (422 ms)
0.sledgehammer goal.unfolding 52283ms Ordered_Resolution_Prover.FO_Ordered_Resolution 131:5228  some (SH 52257ms, ATP 3712ms): Try this: by (smt (cvc5, best) in_atms_of_subst less_atm_stable maximal_wrt_def) (206 ms)
0.sledgehammer goal.using     38784ms Ordered_Resolution_Prover.FO_Ordered_Resolution 131:5254  some (SH 38782ms, ATP 825ms): Try this: by (smt (cvc5, best) in_atms_of_subst less_atm_stable) (214 ms)
0.sledgehammer goal.by        30509ms Ordered_Resolution_Prover.FO_Ordered_Resolution 131:5293  some (SH 30507ms, ATP 976ms): Try this: by (smt (cvc5, best)) (212 ms)
0.sledgehammer goal.unfolding 87319ms Ordered_Resolution_Prover.FO_Ordered_Resolution 135:5408  some (SH 87318ms, ATP 1170ms): Try this: by (smt (cvc5, fmf) FO_resolution.maximal_wrt_subst FO_resolution_axioms in_atms_of_subst maximal_wrt_def strictly_maximal_wrt_def) (921 ms)
0.sledgehammer goal.using     83545ms Ordered_Resolution_Prover.FO_Ordered_Resolution 135:5443  some (SH 83543ms, ATP 1136ms): Try this: by (smt (cvc5, fmf) FO_resolution.maximal_wrt_subst FO_resolution_axioms in_atms_of_subst maximal_wrt_def) (1.1 s)
0.sledgehammer goal.by        11631ms Ordered_Resolution_Prover.FO_Ordered_Resolution 135:5482  some (SH 11629ms, ATP 1233ms): Try this: by (smt (cvc5, trigger_last)) (1.2 s)
0.sledgehammer goal.by        41227ms Ordered_Resolution_Prover.FO_Ordered_Resolution 176:6835  timeout (SH 41224ms): Timed out
0.sledgehammer goal.by        30168ms Ordered_Resolution_Prover.FO_Ordered_Resolution 179:6954  some (SH 30166ms, ATP 3060ms): Try this: by (smt (cvc5) ord_resolve_empty_main_prem ord_resolve_rename.simps subst_cls_empty_iff)
0.sledgehammer goal.using     40909ms Ordered_Resolution_Prover.FO_Ordered_Resolution 195:7378  timeout (SH 40907ms): Timed out
0.sledgehammer goal.proof     38876ms Ordered_Resolution_Prover.FO_Ordered_Resolution 196:7390  timeout (SH 38874ms): Timed out
0.sledgehammer goal.using      9778ms Ordered_Resolution_Prover.FO_Ordered_Resolution 203:7683  some (SH 9776ms, ATP 2003ms): Try this: by (smt (cvc5, best) as_len cas_len) (55 ms)
0.sledgehammer goal.by         8124ms Ordered_Resolution_Prover.FO_Ordered_Resolution 203:7704  some (SH 7939ms, ATP 2084ms): Try this: by (smt (cvc5, fmf)) (107 ms)
0.sledgehammer goal.using     16741ms Ordered_Resolution_Prover.FO_Ordered_Resolution 205:7749  some (SH 14755ms, ATP 962ms): Try this: by (smt (cvc5, trigger_last) ground_subst_\<eta> is_ground_comp_subst) (173 ms)
0.sledgehammer goal.by         6562ms Ordered_Resolution_Prover.FO_Ordered_Resolution 205:7770  some (SH 6560ms, ATP 859ms): Try this: by (smt (cvc5, term_relev) is_ground_comp_subst) (159 ms)
0.sledgehammer goal.using      7503ms Ordered_Resolution_Prover.FO_Ordered_Resolution 207:7883  some (SH 7501ms, ATP 718ms): Try this: apply (smt (cvc5, trigger_last) cc_inst_true) (48 ms)
0.sledgehammer goal.by         8724ms Ordered_Resolution_Prover.FO_Ordered_Resolution 207:7914  some (SH 7473ms, ATP 748ms): Try this: apply (smt (cvc5, term_relev)) (33 ms)
0.sledgehammer goal.using     50464ms Ordered_Resolution_Prover.FO_Ordered_Resolution 210:7993  some (SH 48904ms, ATP 1461ms): Try this: by (smt (cvc5, best) aas_len as_len mgu_unifier) (2.6 s)
0.sledgehammer goal.by        14090ms Ordered_Resolution_Prover.FO_Ordered_Resolution 210:8026  some (SH 14088ms, ATP 1570ms): Try this: by (smt (cvc5, trigger_last)) (2.7 s)
0.sledgehammer goal.proof     38958ms Ordered_Resolution_Prover.FO_Ordered_Resolution 213:8057  timeout (SH 38955ms): Timed out
0.sledgehammer goal.unfolding 36947ms Ordered_Resolution_Prover.FO_Ordered_Resolution 216:8167  timeout (SH 36945ms): Timed out
0.sledgehammer goal.by        76873ms Ordered_Resolution_Prover.FO_Ordered_Resolution 216:8196  some (SH 76872ms, ATP 5639ms): Try this: by (smt (cvc5, quant_saturate) Melem_subst_cls atm_of_subst_lit imageE literal.sel(2) multiset.set_map set_mset_mset subst_lit_in_negs_subst_is_neg subst_lit_is_neg true_lit_def) (793 ms)
0.sledgehammer goal.using     43037ms Ordered_Resolution_Prover.FO_Ordered_Resolution 218:8240  some (SH 43035ms, ATP 3310ms): Try this: by (smt (cvc5, best) d_true da subst_cls_union true_cls_union) (88 ms)
0.sledgehammer goal.by        20364ms Ordered_Resolution_Prover.FO_Ordered_Resolution 218:8256  some (SH 20362ms, ATP 2348ms): Try this: by (smt (cvc5, best) subst_cls_union true_cls_union) (68 ms)
0.sledgehammer goal.unfolding 30311ms Ordered_Resolution_Prover.FO_Ordered_Resolution 220:8292  some (SH 30309ms, ATP 1569ms): Try this: by (smt (cvc5, best) e subst_cls_union true_cls_union) (67 ms)
0.sledgehammer goal.by        12983ms Ordered_Resolution_Prover.FO_Ordered_Resolution 220:8304  some (SH 12981ms, ATP 2239ms): Try this: by (smt (cvc5, best) subst_cls_union true_cls_union) (65 ms)
0.sledgehammer goal.using     38369ms Ordered_Resolution_Prover.FO_Ordered_Resolution 224:8428  some (SH 38367ms, ATP 1294ms): Try this: by (smt (cvc5, quant_saturate) in_set_conv_nth len) (709 ms)
0.sledgehammer goal.by        10002ms Ordered_Resolution_Prover.FO_Ordered_Resolution 224:8441  some (SH 10000ms, ATP 1362ms): Try this: by (smt (cvc5, fmf) in_set_conv_nth) (575 ms)
0.sledgehammer goal.unfolding 80947ms Ordered_Resolution_Prover.FO_Ordered_Resolution 228:8579  some (SH 80945ms, ATP 592ms): Try this: by (smt (cvc5, best) C_def a_in_aa cas cas_len less_subset_eq_Union_mset mset_subset_eq_add_left subset_mset.trans) (190 ms)
0.sledgehammer goal.using     48876ms Ordered_Resolution_Prover.FO_Ordered_Resolution 228:8595  some (SH 48874ms, ATP 2675ms): Try this: by (smt (cvc5, best) a_in_aa cas cas_len less_subset_eq_Union_mset mset_subset_eq_add_left subset_mset.trans) (207 ms)
0.sledgehammer goal.by        33878ms Ordered_Resolution_Prover.FO_Ordered_Resolution 229:8627  some (SH 33875ms, ATP 2542ms): Try this: by (smt (cvc5, best) less_subset_eq_Union_mset mset_subset_eq_add_left subset_mset.dual_order.trans) (202 ms)
0.sledgehammer goal.using     44920ms Ordered_Resolution_Prover.FO_Ordered_Resolution 231:8756  some (SH 44918ms, ATP 1428ms): Try this: by (smt (cvc5, quant_saturate) BB_def C_def a_in_aa cas cas_len in_mset_conv_nth) (423 ms)
0.sledgehammer goal.by        21164ms Ordered_Resolution_Prover.FO_Ordered_Resolution 231:8811  some (SH 21162ms, ATP 1549ms): Try this: by (smt (cvc5, fmf) nth_mem_mset) (394 ms)
0.sledgehammer goal.using     109979ms Ordered_Resolution_Prover.FO_Ordered_Resolution 236:8914  some (SH 109977ms, ATP 1101ms): Try this: by (smt (cvc5, trigger_relev) BB_def a_in_aa aas_len as_len len mgu mgu_unifier) (1.7 s)
0.sledgehammer goal.unfolding 17038ms Ordered_Resolution_Prover.FO_Ordered_Resolution 236:8941  some (SH 17037ms, ATP 1100ms): Try this: by (smt (cvc5, fmf) BB_def) (444 ms)
0.sledgehammer goal.by         8180ms Ordered_Resolution_Prover.FO_Ordered_Resolution 236:8958  some (SH 8178ms, ATP 1103ms): Try this: by (smt (cvc5, fmf)) (744 ms)
0.sledgehammer goal.using     38243ms Ordered_Resolution_Prover.FO_Ordered_Resolution 239:9016  timeout (SH 38241ms): Timed out
0.sledgehammer goal.by        35913ms Ordered_Resolution_Prover.FO_Ordered_Resolution 239:9030  timeout (SH 35911ms): Timed out
0.sledgehammer goal.using     114488ms Ordered_Resolution_Prover.FO_Ordered_Resolution 241:9111  some (SH 114486ms, ATP 5279ms): Try this: by (smt (cvc5, term_relev) BB_def C_def a_in_aa cas cas_len cc_true mset_subst_cls_list_subst_cls_mset nth_mem_mset subst_cls_list_length subst_cls_list_nth true_cls_mset_def) (390 ms)
0.sledgehammer goal.by        17114ms Ordered_Resolution_Prover.FO_Ordered_Resolution 241:9185  some (SH 17112ms, ATP 2623ms): Try this: by (smt (cvc5, noematch) Melem_subst_cls_mset) (1.4 s)
0.sledgehammer goal.by        18523ms Ordered_Resolution_Prover.FO_Ordered_Resolution 243:9236  some (SH 18521ms, ATP 3213ms): Try this: by (smt (cvc5, best) subst_cls_union true_cls_union) (90 ms)
0.sledgehammer goal.unfolding 39119ms Ordered_Resolution_Prover.FO_Ordered_Resolution 245:9272  timeout (SH 39117ms): Timed out
0.sledgehammer goal.using     37045ms Ordered_Resolution_Prover.FO_Ordered_Resolution 245:9300  timeout (SH 37042ms): Timed out
0.sledgehammer goal.by        37251ms Ordered_Resolution_Prover.FO_Ordered_Resolution 246:9347  timeout (SH 37250ms): Timed out
0.sledgehammer goal.using     44667ms Ordered_Resolution_Prover.FO_Ordered_Resolution 264:9932  some (SH 44665ms, ATP 3598ms): Try this: by (smt (cvc5) FO_resolution.ord_resolve_ground_inst_sound FO_resolution_axioms assms(1,2,3,4,5,6) ord_resolve_rename.simps)
0.sledgehammer goal.by        27948ms Ordered_Resolution_Prover.FO_Ordered_Resolution 264:9944  some (SH 27946ms, ATP 2664ms): Try this: by (smt (cvc5) FO_resolution.ord_resolve_ground_inst_sound FO_resolution_axioms ord_resolve_rename.simps)
0.sledgehammer goal.proof     36891ms Ordered_Resolution_Prover.FO_Ordered_Resolution 276:10316  timeout (SH 36889ms): Timed out
0.sledgehammer goal.using     11116ms Ordered_Resolution_Prover.FO_Ordered_Resolution 281:10615  some (SH 11114ms, ATP 1225ms): Try this: by (smt (cvc5, best) ground_subst_\<eta> is_ground_comp_subst) (116 ms)
0.sledgehammer goal.by         7366ms Ordered_Resolution_Prover.FO_Ordered_Resolution 281:10636  some (SH 7364ms, ATP 1330ms): Try this: by (smt (cvc5, quant_saturate) is_ground_comp_subst) (131 ms)
0.sledgehammer goal.using     71734ms Ordered_Resolution_Prover.FO_Ordered_Resolution 283:10716  some (SH 71732ms, ATP 1692ms): Try this: by (smt (cvc5, best) cc_d_true ground_subst_\<sigma>_\<eta> subst_cls_mset_comp_subst subst_cls_mset_union true_cls_mset_union) (116 ms)
0.sledgehammer goal.by        17981ms Ordered_Resolution_Prover.FO_Ordered_Resolution 283:10749  some (SH 17979ms, ATP 1834ms): Try this: by (smt (cvc5, best) subst_cls_mset_comp_subst subst_cls_mset_union true_cls_mset_union) (99 ms)
0.sledgehammer goal.using     66688ms Ordered_Resolution_Prover.FO_Ordered_Resolution 285:10799  some (SH 66686ms, ATP 1806ms): Try this: by (smt (cvc5, best) cc_d_true ground_subst_\<sigma>_\<eta> subst_cls_comp_subst substitution_ops.subst_cls_mset_add_mset true_cls_mset_add_mset union_mset_add_mset_right) (108 ms)
0.sledgehammer goal.by        36849ms Ordered_Resolution_Prover.FO_Ordered_Resolution 285:10832  some (SH 36846ms, ATP 2523ms): Try this: by (smt (cvc5, best) subst_cls_comp_subst subst_cls_mset_single subst_cls_mset_union true_cls_mset_singleton true_cls_mset_union) (158 ms)
0.sledgehammer goal.using     80439ms Ordered_Resolution_Prover.FO_Ordered_Resolution 287:10868  some (SH 80437ms, ATP 1131ms): Try this: by (smt (cvc5, trigger_last) FO_resolution.ord_resolve_ground_inst_sound FO_resolution_axioms cas_true da_true ground_subst_\<eta> res_e) (560 ms)
0.sledgehammer goal.by         8489ms Ordered_Resolution_Prover.FO_Ordered_Resolution 287:10946  some (SH 8486ms, ATP 987ms): Try this: by (smt (cvc5, trigger_last)) (103 ms)
0.sledgehammer goal.using     86146ms Ordered_Resolution_Prover.FO_Ordered_Resolution 295:11082  some (SH 85059ms, ATP 1926ms): Try this: by (smt (cvc5, term_relev) assms(1,2) ground_subst_ground_cls make_ground_subst subst_cls_comp_subst) (653 ms)
0.sledgehammer goal.by         8806ms Ordered_Resolution_Prover.FO_Ordered_Resolution 295:11136  some (SH 8804ms, ATP 1613ms): Try this: by (smt (cvc5, quant_saturate)) (250 ms)
0.sledgehammer goal.proof     36514ms Ordered_Resolution_Prover.FO_Ordered_Resolution 303:11359  timeout (SH 36512ms): Timed out
0.sledgehammer goal.unfolding 57002ms Ordered_Resolution_Prover.FO_Ordered_Resolution 305:11452  some (SH 57001ms, ATP 1953ms): Try this: by (smt (cvc5, trigger_relev) in_mset_conv_nth mset_subst_cls_list_subst_cls_mset subst_cls_list_length subst_cls_list_nth true_cls_mset_def) (494 ms)
0.sledgehammer goal.by        49802ms Ordered_Resolution_Prover.FO_Ordered_Resolution 305:11480  some (SH 49800ms, ATP 1424ms): Try this: by (smt (cvc5, term_relev) multi_member_split substitution_ops.subst_cls_mset_add_mset true_cas true_cls_mset_add_mset) (676 ms)
0.sledgehammer goal.using     19264ms Ordered_Resolution_Prover.FO_Ordered_Resolution 307:11566  some (SH 19262ms, ATP 1739ms): Try this: by (smt (cvc5, trigger_max) nth_mem_mset) (506 ms)
0.sledgehammer goal.by        17170ms Ordered_Resolution_Prover.FO_Ordered_Resolution 307:11588  some (SH 17168ms, ATP 1760ms): Try this: by (smt (cvc5, trigger_relev) nth_mem_mset) (279 ms)
0.sledgehammer goal.using     13013ms Ordered_Resolution_Prover.FO_Ordered_Resolution 309:11688  some (SH 13011ms, ATP 1969ms): Try this: by (smt (cvc5, trigger_last) subst_sound) (1.3 s)
0.sledgehammer goal.by        10615ms Ordered_Resolution_Prover.FO_Ordered_Resolution 309:11710  some (SH 10613ms, ATP 1737ms): Try this: by (smt (cvc5, trigger_last)) (1.5 s)
0.sledgehammer goal.by        10525ms Ordered_Resolution_Prover.FO_Ordered_Resolution 316:11862  some (SH 10334ms, ATP 2177ms): Try this: by (smt (cvc5, trigger_max) in_mset_conv_nth) (213 ms)
0.sledgehammer goal.using     120625ms Ordered_Resolution_Prover.FO_Ordered_Resolution 318:11947  some (SH 120623ms, ATP 3472ms): Try this: by (smt (cvc5, trigger_last) len min.idem subst_cls_lists_length subst_cls_lists_nth true_cp) (355 ms)
0.sledgehammer goal.unfolding 40573ms Ordered_Resolution_Prover.FO_Ordered_Resolution 318:11961  some (SH 40571ms, ATP 1874ms): Try this: by (smt (cvc5, noematch) len min.idem subst_cls_lists_length subst_cls_lists_nth) (356 ms)
0.sledgehammer goal.by        67215ms Ordered_Resolution_Prover.FO_Ordered_Resolution 318:11991  some (SH 67213ms, ATP 1728ms): Try this: by (smt (cvc5, noematch) i_x(1,2) len min.idem subst_cls_lists_length subst_cls_lists_nth) (652 ms)
0.sledgehammer goal.using     43573ms Ordered_Resolution_Prover.FO_Ordered_Resolution 321:12038  some (SH 43572ms, ATP 2460ms): Try this: by (smt (cvc5, trigger_last) Melem_subst_cls_mset ground_subst_\<eta> true_cls_mset_def) (627 ms)
0.sledgehammer goal.unfolding 38723ms Ordered_Resolution_Prover.FO_Ordered_Resolution 321:12050  some (SH 38721ms, ATP 2057ms): Try this: by (smt (cvc5, term_relev) Melem_subst_cls_mset true_cls_mset_def) (789 ms)
0.sledgehammer goal.by        21944ms Ordered_Resolution_Prover.FO_Ordered_Resolution 321:12078  some (SH 21942ms, ATP 1926ms): Try this: by (smt (cvc5, noematch) Melem_subst_cls_mset) (573 ms)
0.sledgehammer goal.using     35406ms Ordered_Resolution_Prover.FO_Ordered_Resolution 334:12411  timeout (SH 35404ms): Timed out
0.sledgehammer goal.proof     37519ms Ordered_Resolution_Prover.FO_Ordered_Resolution 335:12423  timeout (SH 37517ms): Timed out
0.sledgehammer goal.using     69114ms Ordered_Resolution_Prover.FO_Ordered_Resolution 339:12582  some (SH 69111ms, ATP 7956ms): Try this: by (smt (cvc5) Nitpick.size_list_simp(2,2) \<rho>s length_Cons local.ord_resolve_rename(8) nat.inject ord_resolve.simps renamings_apart_length subst_cls_lists_empty_iff tl_Nil)
0.sledgehammer goal.by        88287ms Ordered_Resolution_Prover.FO_Ordered_Resolution 339:12614  some (SH 88285ms, ATP 8101ms): Try this: by (smt (cvc5) Nitpick.size_list_simp(2,2) length_Cons local.ord_resolve_rename(8) nat.inject ord_resolve.simps subst_cls_lists_empty_iff tl_Nil)
0.sledgehammer goal.using     38713ms Ordered_Resolution_Prover.FO_Ordered_Resolution 341:12704  timeout (SH 38711ms): Timed out
0.sledgehammer goal.by        104447ms Ordered_Resolution_Prover.FO_Ordered_Resolution 341:12762  some (SH 104444ms, ATP 2256ms): Try this: by (smt (cvc5, noematch) add.right_neutral[of "mset CAs"] add.right_neutral[of "mset (CAs \<cdot>\<cdot>cl \<rho>s)"] substitution_ops.subst_cls_mset_add_mset[of "(\<cdot>a)" DA "mset CAs"] substitution_ops.subst_cls_mset_add_mset[of "(\<cdot>a)" "DA \<cdot> \<rho>" "mset (CAs \<cdot>\<cdot>cl \<rho>s)"] true_cls_mset_add_mset[of I "DA \<cdot> _" "mset CAs \<cdot>cm _"] true_cls_mset_add_mset[of I "DA \<cdot> \<rho> \<cdot> _" "mset (CAs \<cdot>\<cdot>cl \<rho>s) \<cdot>cm _"] union_mset_add_mset_right[of "mset CAs" DA "{#}"] union_mset_add_mset_right[of "mset (CAs \<cdot>\<cdot>cl \<rho>s)" "DA \<cdot> \<rho>" "{#}"]) (1.3 s)
0.sledgehammer goal.using     21673ms Ordered_Resolution_Prover.FO_Ordered_Resolution 343:12798  some (SH 21671ms, ATP 2527ms): Try this: by (smt (cvc5, best) FO_resolution.ord_resolve_sound FO_resolution_axioms ground_subst_\<eta> local.ord_resolve_rename(8)) (330 ms)
0.sledgehammer goal.by         9122ms Ordered_Resolution_Prover.FO_Ordered_Resolution 343:12845  some (SH 9120ms, ATP 1768ms): Try this: by (smt (cvc5, trigger_max)) (338 ms)
0.sledgehammer goal.using     36320ms Ordered_Resolution_Prover.FO_Ordered_Resolution 354:13038  timeout (SH 36318ms): Timed out
0.sledgehammer goal.proof     36366ms Ordered_Resolution_Prover.FO_Ordered_Resolution 355:13050  timeout (SH 36363ms): Timed out
0.sledgehammer goal.using     32936ms Ordered_Resolution_Prover.FO_Ordered_Resolution 360:13290  timeout (SH 32934ms): Timed out
0.sledgehammer goal.by        22662ms Ordered_Resolution_Prover.FO_Ordered_Resolution 360:13321  some (SH 22659ms, ATP 1069ms): Try this: by (smt (cvc5, best) option.inject) (99 ms)
0.sledgehammer goal.using     34445ms Ordered_Resolution_Prover.FO_Ordered_Resolution 363:13369  timeout (SH 34444ms): Timed out
0.sledgehammer goal.by        47923ms Ordered_Resolution_Prover.FO_Ordered_Resolution 363:13408  some (SH 47921ms, ATP 4998ms): Try this: by (smt (cvc5, best) add_right_imp_eq nth_equalityI) (413 ms)
0.sledgehammer goal.using     34597ms Ordered_Resolution_Prover.FO_Ordered_Resolution 365:13481  some (SH 34594ms, ATP 3250ms): Try this: by (smt (cvc5, best) add_right_imp_eq ord_resolve_ord_resolve(19,2) res'(4) res(4)) (120 ms)
0.sledgehammer goal.by         7384ms Ordered_Resolution_Prover.FO_Ordered_Resolution 365:13506  some (SH 7382ms, ATP 1007ms): Try this: by (smt (cvc5, trigger_max) add_right_imp_eq) (165 ms)
0.sledgehammer goal.using      9103ms Ordered_Resolution_Prover.FO_Ordered_Resolution 367:13550  some (SH 9101ms, ATP 674ms): Try this: by (smt (cvc5, term_relev) \<sigma> res'(5,6) res(5,6)) (68 ms)
0.sledgehammer goal.by         6383ms Ordered_Resolution_Prover.FO_Ordered_Resolution 367:13577  some (SH 6382ms, ATP 844ms): Try this: by (smt (cvc5, trigger_max)) (121 ms)
0.sledgehammer goal.using     40572ms Ordered_Resolution_Prover.FO_Ordered_Resolution 375:13754  some (SH 39224ms, ATP 1588ms): Try this: by (smt (cvc5) assms(1,2) ord_resolve_rename.simps ord_resolve_unique)
0.sledgehammer goal.unfolding 26403ms Ordered_Resolution_Prover.FO_Ordered_Resolution 375:13766  some (SH 26401ms, ATP 2691ms): Try this: by (smt (cvc5) ord_resolve_rename.simps ord_resolve_unique)
0.sledgehammer goal.using     27077ms Ordered_Resolution_Prover.FO_Ordered_Resolution 375:13801  some (SH 27075ms, ATP 3466ms): Try this: by (smt (cvc5) ord_resolve_unique)
0.sledgehammer goal.by        16805ms Ordered_Resolution_Prover.FO_Ordered_Resolution 375:13826  some (SH 16803ms, ATP 2640ms): Try this: by (smt (cvc5))
0.sledgehammer goal.by        38418ms Ordered_Resolution_Prover.FO_Ordered_Resolution 378:13927  timeout (SH 38416ms): Timed out
0.sledgehammer goal.by        53073ms Ordered_Resolution_Prover.FO_Ordered_Resolution 382:14070  some (SH 53070ms, ATP 3673ms): Try this: by (smt (cvc5) ord_resolve_rename.simps size_image_mset size_mset size_mset_mono)
0.sledgehammer goal.proof     37051ms Ordered_Resolution_Prover.FO_Ordered_Resolution 395:14557  timeout (SH 37048ms): Timed out
0.sledgehammer goal.unfolding 38912ms Ordered_Resolution_Prover.FO_Ordered_Resolution 417:15534  timeout (SH 38910ms): Timed out
0.sledgehammer goal.using     38164ms Ordered_Resolution_Prover.FO_Ordered_Resolution 417:15549  timeout (SH 38162ms): Timed out
0.sledgehammer goal.by        36542ms Ordered_Resolution_Prover.FO_Ordered_Resolution 417:15562  timeout (SH 36540ms): Timed out
0.sledgehammer goal.by        50804ms Ordered_Resolution_Prover.FO_Ordered_Resolution 420:15635  some (SH 50802ms, ATP 2619ms): Try this: by (smt (cvc5) Collect_mono infer_from_def inference.sel(1,2) set_mset_add_mset_insert set_mset_empty set_mset_mset set_mset_union)
0.sledgehammer goal.proof     36578ms Ordered_Resolution_Prover.FO_Ordered_Resolution 422:15690  timeout (SH 36576ms): Timed out
0.sledgehammer goal.proof     39367ms Ordered_Resolution_Prover.FO_Ordered_Resolution 432:16014  timeout (SH 39365ms): Timed out
0.sledgehammer goal.using     35633ms Ordered_Resolution_Prover.FO_Ordered_Resolution 434:16060  some (SH 35631ms, ATP 2521ms): Try this: by (smt (cvc5, term_relev) ord_resolve_rename_unique res_e the_equality) (524 ms)
0.sledgehammer goal.by        38768ms Ordered_Resolution_Prover.FO_Ordered_Resolution 434:16098  some (SH 38766ms, ATP 253ms): Try this: by (smt (cvc5, trigger_last) the_equality) (359 ms)
0.sledgehammer goal.unfolding 32868ms Ordered_Resolution_Prover.FO_Ordered_Resolution 437:16179  timeout (SH 32866ms): Timed out
0.sledgehammer goal.using     36696ms Ordered_Resolution_Prover.FO_Ordered_Resolution 437:16209  timeout (SH 36693ms): Timed out
0.sledgehammer goal.by        38747ms Ordered_Resolution_Prover.FO_Ordered_Resolution 439:16302  some (SH 38746ms, ATP 3153ms): Try this: by (smt (cvc5, best) Max_ge_iff empty_iff finite.emptyI finite_Un finite_imageI finite_insert image_eqI in_listsI mem_Collect_eq subset_iff) (829 ms)
0.sledgehammer goal.using     36528ms Ordered_Resolution_Prover.FO_Ordered_Resolution 442:16372  timeout (SH 36526ms): Timed out
0.sledgehammer goal.proof     37720ms Ordered_Resolution_Prover.FO_Ordered_Resolution 443:16392  timeout (SH 37718ms): Timed out
0.sledgehammer goal.unfolding 36253ms Ordered_Resolution_Prover.FO_Ordered_Resolution 449:16668  timeout (SH 36250ms): Timed out
0.sledgehammer goal.proof     35686ms Ordered_Resolution_Prover.FO_Ordered_Resolution 450:16696  timeout (SH 35684ms): Timed out
0.sledgehammer goal.unfolding 36603ms Ordered_Resolution_Prover.FO_Ordered_Resolution 452:16782  timeout (SH 36601ms): Timed out
0.sledgehammer goal.proof     37497ms Ordered_Resolution_Prover.FO_Ordered_Resolution 453:16821  timeout (SH 37495ms): Timed out
0.sledgehammer goal.by         9620ms Ordered_Resolution_Prover.FO_Ordered_Resolution 459:17012  some (SH 9618ms, ATP 2128ms): Try this: by (smt (cvc5, trigger_max) in_set_conv_nth len_aas) (216 ms)
0.sledgehammer goal.using     20729ms Ordered_Resolution_Prover.FO_Ordered_Resolution 462:17109  some (SH 20728ms, ATP 1114ms): Try this: by (smt (cvc5, trigger_max) cas_sub i_lt len_cas nth_mem subsetD) (183 ms)
0.sledgehammer goal.by        15843ms Ordered_Resolution_Prover.FO_Ordered_Resolution 462:17144  some (SH 15841ms, ATP 1233ms): Try this: by (smt (cvc5, trigger_relev) subsetD) (429 ms)
0.sledgehammer goal.using     10141ms Ordered_Resolution_Prover.FO_Ordered_Resolution 465:17222  some (SH 10139ms, ATP 1661ms): Try this: by (smt (cvc5, trigger_last) aa aas_sub i_lt) (141 ms)
0.sledgehammer goal.by         9439ms Ordered_Resolution_Prover.FO_Ordered_Resolution 465:17244  some (SH 9437ms, ATP 1974ms): Try this: by (smt (cvc5, term_relev)) (169 ms)
0.sledgehammer goal.by        28234ms Ordered_Resolution_Prover.FO_Ordered_Resolution 467:17327  some (SH 28232ms, ATP 1644ms): Try this: by (smt (cvc5, trigger_max) atms_of_poss lits_subseteq_imp_atms_subseteq set_mset_mono) (178 ms)
0.sledgehammer goal.unfolding 38070ms Ordered_Resolution_Prover.FO_Ordered_Resolution 469:17458  timeout (SH 38068ms): Timed out
0.sledgehammer goal.using     71825ms Ordered_Resolution_Prover.FO_Ordered_Resolution 469:17479  some (SH 71823ms, ATP 1804ms): Try this: by (smt (cvc5, best) Sup_insert UnCI casi_in image_insert mk_disjoint_insert subset_iff) (350 ms)
0.sledgehammer goal.by        22477ms Ordered_Resolution_Prover.FO_Ordered_Resolution 469:17493  some (SH 22474ms, ATP 1871ms): Try this: by (smt (cvc5, best) Sup_insert UnCI image_insert mk_disjoint_insert subset_iff) (313 ms)
0.sledgehammer goal.by         8036ms Ordered_Resolution_Prover.FO_Ordered_Resolution 474:17641  some (SH 8034ms, ATP 1724ms): Try this: by (smt (cvc5, best) size_image_mset) (54 ms)
0.sledgehammer goal.by        10411ms Ordered_Resolution_Prover.FO_Ordered_Resolution 476:17710  some (SH 10210ms, ATP 1326ms): Try this: by (smt (cvc5, trigger_max) pos_aa_sub size_mset_mono) (95 ms)
0.sledgehammer goal.unfolding 153535ms Ordered_Resolution_Prover.FO_Ordered_Resolution 478:17804  some (SH 153533ms, ATP 2551ms): Try this: by (smt (cvc5, trigger_max) Max_ge_iff casi_in empty_iff fin_cc finite.emptyI finite_Un finite_imageI finite_insert image_eqI max_ary_def order.refl) (662 ms)
0.sledgehammer goal.using     132525ms Ordered_Resolution_Prover.FO_Ordered_Resolution 478:17826  some (SH 132523ms, ATP 1166ms): Try this: by (smt (cvc5, fmf) Max_ge casi_in fin_cc finite.emptyI finite_Un finite_imageI finite_insert image_eqI) (405 ms)
0.sledgehammer goal.by        88957ms Ordered_Resolution_Prover.FO_Ordered_Resolution 478:17847  some (SH 88955ms, ATP 1167ms): Try this: by (smt (cvc5, noematch) Max_ge finite.emptyI finite_Un finite_imageI finite_insert image_eqI) (656 ms)
0.sledgehammer goal.using     31431ms Ordered_Resolution_Prover.FO_Ordered_Resolution 485:18040  some (SH 31429ms, ATP 1498ms): Try this: by (smt (cvc5, trigger_max) Un_iff aa_sub in_listsI set_sorted_list_of_multiset sup.absorb_iff2) (172 ms)
0.sledgehammer goal.by        35896ms Ordered_Resolution_Prover.FO_Ordered_Resolution 485:18053  some (SH 35894ms, ATP 1543ms): Try this: by (smt (cvc5, term_relev) Un_iff in_listsI set_sorted_list_of_multiset sup.absorb_iff2) (151 ms)
0.sledgehammer goal.using      8157ms Ordered_Resolution_Prover.FO_Ordered_Resolution 487:18129  some (SH 8156ms, ATP 863ms): Try this: by (smt (cvc5, trigger_last) length_sorted_list_of_multiset sz_aa) (92 ms)
0.sledgehammer goal.by         7573ms Ordered_Resolution_Prover.FO_Ordered_Resolution 487:18141  some (SH 7441ms, ATP 917ms): Try this: by (smt (cvc5, trigger_last) length_sorted_list_of_multiset) (82 ms)
0.sledgehammer goal.by         8270ms Ordered_Resolution_Prover.FO_Ordered_Resolution 489:18210  some (SH 8269ms, ATP 1005ms): Try this: by (smt (cvc5, best) mset_sorted_list_of_multiset) (73 ms)
0.sledgehammer goal.by         9737ms Ordered_Resolution_Prover.FO_Ordered_Resolution 491:18326  some (SH 9736ms, ATP 898ms): Try this: by (smt (cvc5, trigger_max)) (496 ms)
0.sledgehammer goal.unfolding  8995ms Ordered_Resolution_Prover.FO_Ordered_Resolution 495:18422  some (SH 8992ms, ATP 2092ms): Try this: by (smt (cvc5, best) len_aas len_as) (30 ms)
0.sledgehammer goal.using     26292ms Ordered_Resolution_Prover.FO_Ordered_Resolution 497:18500  some (SH 26289ms, ATP 1166ms): Try this: by (smt (cvc5, noematch) len_as len_cas ord_resolve_rename_max_side_prems res_e) (168 ms)
0.sledgehammer goal.by        16720ms Ordered_Resolution_Prover.FO_Ordered_Resolution 497:18528  some (SH 16718ms, ATP 1202ms): Try this: by (smt (cvc5, fmf) FO_resolution.ord_resolve_rename_max_side_prems FO_resolution_axioms len_as len_cas res_e) (398 ms)
0.sledgehammer goal.unfolding 122675ms Ordered_Resolution_Prover.FO_Ordered_Resolution 499:18591  some (SH 122673ms, ATP 1201ms): Try this: by (smt (cvc5, trigger_last) Max_ge da_in fin_cc finite.emptyI finite_Un finite_imageI finite_insert image_eqI max_ary_def) (570 ms)
0.sledgehammer goal.using     124897ms Ordered_Resolution_Prover.FO_Ordered_Resolution 499:18613  some (SH 124894ms, ATP 1264ms): Try this: by (smt (cvc5, fmf) Max_ge da_in fin_cc finite.emptyI finite_Un finite_imageI finite_insert image_eqI) (352 ms)
0.sledgehammer goal.by        83605ms Ordered_Resolution_Prover.FO_Ordered_Resolution 499:18632  some (SH 83603ms, ATP 1166ms): Try this: by (smt (cvc5, noematch) Max_ge finite.emptyI finite_Un finite_imageI finite_insert image_eqI) (568 ms)
0.sledgehammer goal.unfolding 38203ms Ordered_Resolution_Prover.FO_Ordered_Resolution 506:18768  timeout (SH 38201ms): Timed out
0.sledgehammer goal.proof     35033ms Ordered_Resolution_Prover.FO_Ordered_Resolution 507:18793  timeout (SH 35032ms): Timed out
0.sledgehammer goal.using     35741ms Ordered_Resolution_Prover.FO_Ordered_Resolution 509:18871  timeout (SH 35739ms): Timed out
0.sledgehammer goal.by        40810ms Ordered_Resolution_Prover.FO_Ordered_Resolution 510:18932  timeout (SH 40809ms): Timed out
0.sledgehammer goal.unfolding 90960ms Ordered_Resolution_Prover.FO_Ordered_Resolution 512:19061  some (SH 90958ms, ATP 2527ms): Try this: by (smt (cvc5, term_relev) Sup_insert UnCI all_AA_def da_in image_insert mk_disjoint_insert subsetI) (704 ms)
0.sledgehammer goal.using     40788ms Ordered_Resolution_Prover.FO_Ordered_Resolution 512:19082  some (SH 40786ms, ATP 1611ms): Try this: by (smt (cvc5, best) Sup_insert UnCI da_in image_insert mk_disjoint_insert subset_iff) (356 ms)
0.sledgehammer goal.by        24032ms Ordered_Resolution_Prover.FO_Ordered_Resolution 512:19094  some (SH 24031ms, ATP 1593ms): Try this: by (smt (cvc5, trigger_last) Sup_insert UnCI image_insert mk_disjoint_insert subset_iff) (259 ms)
0.sledgehammer goal.unfolding 15018ms Ordered_Resolution_Prover.FO_Ordered_Resolution 514:19158  some (SH 15016ms, ATP 2340ms): Try this: by (smt (cvc5, term_relev) in_listsI subset_iff) (76 ms)
0.sledgehammer goal.by         7730ms Ordered_Resolution_Prover.FO_Ordered_Resolution 514:19181  some (SH 7728ms, ATP 1187ms): Try this: by (smt (cvc5, quant_saturate) mem_Collect_eq) (66 ms)
0.sledgehammer goal.using     39092ms Ordered_Resolution_Prover.FO_Ordered_Resolution 517:19251  some (SH 39090ms, ATP 2572ms): Try this: by (smt (cvc5) FO_resolution.ord_resolve_rename_max_side_prems FO_resolution_axioms ord_resolve_rename.simps res_e)
0.sledgehammer goal.by        17070ms Ordered_Resolution_Prover.FO_Ordered_Resolution 518:19358  some (SH 17068ms, ATP 2625ms): Try this: by (smt (cvc5))
0.sledgehammer goal.unfolding 112210ms Ordered_Resolution_Prover.FO_Ordered_Resolution 520:19418  some (SH 112208ms, ATP 1065ms): Try this: by (smt (cvc5, fmf) Max_ge da_in fin_cc finite.emptyI finite_Un finite_imageI finite_insert image_eqI max_ary_def) (483 ms)
0.sledgehammer goal.using     131173ms Ordered_Resolution_Prover.FO_Ordered_Resolution 520:19440  some (SH 131171ms, ATP 933ms): Try this: by (smt (cvc5, noematch) Max_ge da_in fin_cc finite.emptyI finite_Un finite_imageI finite_insert image_eqI) (714 ms)
0.sledgehammer goal.by        100102ms Ordered_Resolution_Prover.FO_Ordered_Resolution 520:19459  some (SH 100099ms, ATP 1026ms): Try this: by (smt (cvc5, best) Max_ge finite.emptyI finite_Un finite_imageI finite_insert image_eqI) (919 ms)
0.sledgehammer goal.by        43740ms Ordered_Resolution_Prover.FO_Ordered_Resolution 527:19582  some (SH 43737ms, ATP 3360ms): Try this: by (smt (cvc5) Collect_mono insert_subset le_sup_iff)
0.sledgehammer goal.unfolding 39202ms Ordered_Resolution_Prover.FO_Ordered_Resolution 530:19675  timeout (SH 39200ms): Timed out
0.sledgehammer goal.by        44185ms Ordered_Resolution_Prover.FO_Ordered_Resolution 530:19717  some (SH 44183ms, ATP 4259ms): Try this: by (smt (cvc5) Collect_mono_iff case_prod_conv case_prod_conv case_prod_conv)
0.sledgehammer goal.unfolding 39855ms Ordered_Resolution_Prover.FO_Ordered_Resolution 532:19752  timeout (SH 39853ms): Timed out
0.sledgehammer goal.by        38521ms Ordered_Resolution_Prover.FO_Ordered_Resolution 533:19834  timeout (SH 38519ms): Timed out
0.sledgehammer goal.unfolding 59890ms Ordered_Resolution_Prover.FO_Ordered_Resolution 538:20013  some (SH 59888ms, ATP 1461ms): Try this: by (smt (cvc5) Un_insert_right empty_Collect_eq grounding_of_cls_empty grounding_of_grounding_of_cls infer_from_def inference.sel(2) insert_subset mem_Collect_eq ord_FO_\<Gamma>_def ord_FO_resolution.inferences_between_def ord_resolve_rename_empty_main_prem set_mset_add_mset_insert set_mset_union subset_eq sup_bot.right_neutral)
0.sledgehammer goal.using     67670ms Ordered_Resolution_Prover.FO_Ordered_Resolution 540:20138  some (SH 67667ms, ATP 4435ms): Try this: by (smt (cvc5) Un_insert_right empty_Collect_eq empty_Collect_eq inference.sel(2) mem_Collect_eq mem_Collect_eq ord_resolve_rename_empty_main_prem set_mset_add_mset_insert singleton_insert_inj_eq subset_singletonD sup_bot.right_neutral union_mset_add_mset_right)
0.sledgehammer goal.by        53408ms Ordered_Resolution_Prover.FO_Ordered_Resolution 540:20179  some (SH 53405ms, ATP 3933ms): Try this: by (smt (cvc5) add_mset_add_single empty_Collect_eq empty_Collect_eq inference.sel(2) mem_Collect_eq mem_Collect_eq set_mset_add_mset_insert set_mset_eq_empty_iff set_mset_union singletonD subset_singletonD union_single_eq_member)
0.sledgehammer goal.by         8822ms Ordered_Resolution_Prover.FO_Ordered_Resolution 555:20395  some (SH 8820ms, ATP 2744ms): Try this: by (smt (cvc5, term_relev) local.select) (88 ms)
0.sledgehammer goal.proof     40612ms Ordered_Resolution_Prover.FO_Ordered_Resolution 568:20773  timeout (SH 40610ms): Timed out
0.sledgehammer goal.by        37906ms Ordered_Resolution_Prover.FO_Ordered_Resolution 570:20937  timeout (SH 37903ms): Timed out
0.sledgehammer goal.unfolding 12385ms Ordered_Resolution_Prover.FO_Ordered_Resolution 574:21076  some (SH 12383ms, ATP 2160ms): Try this: by (smt (cvc5, trigger_relev) S_M_def) (208 ms)
0.sledgehammer goal.by         9296ms Ordered_Resolution_Prover.FO_Ordered_Resolution 574:21094  some (SH 8313ms, ATP 1227ms): Try this: by (smt (cvc5, trigger_max)) (220 ms)
0.sledgehammer goal.by        76195ms Ordered_Resolution_Prover.FO_Ordered_Resolution 577:21146  some (SH 75550ms, ATP 2070ms): Try this: by (smt (cvc5, term_relev) FO_resolution.S_M_grounding_of_clss FO_resolution_axioms S_M_def S_selects_subseteq selection_axioms subst_cls_mono_mset) (2.5 s)
0.sledgehammer goal.by        117981ms Ordered_Resolution_Prover.FO_Ordered_Resolution 580:21299  some (SH 117978ms, ATP 2263ms): Try this: by (smt (cvc5, trigger_relev) FO_resolution.S_M_grounding_of_clss[of "(\<cdot>a)" id_subst "(\<odot>)" renamings_apart atm_of_atms mgu less_atm S C M] FO_resolution_axioms Melem_subst_cls[of L "S _"] S_M_def[of C] S_selects_neg_lits[of L C] S_selects_neg_lits selection_axioms subst_lit_is_neg) (683 ms)
0.sledgehammer goal.using     37597ms Ordered_Resolution_Prover.FO_Ordered_Resolution 597:21676  timeout (SH 37595ms): Timed out
0.sledgehammer goal.proof     39851ms Ordered_Resolution_Prover.FO_Ordered_Resolution 598:21688  timeout (SH 39847ms): Timed out
0.sledgehammer goal.using     34666ms Ordered_Resolution_Prover.FO_Ordered_Resolution 603:21979  some (SH 34665ms, ATP 1997ms): Try this: by (smt (cvc5, fmf) mset_subset_eq_add_left subseteq_list_Union_mset) (1.6 s)
0.sledgehammer goal.by        14644ms Ordered_Resolution_Prover.FO_Ordered_Resolution 603:22025  some (SH 14642ms, ATP 1801ms): Try this: by (smt (cvc5, best) mset_subset_eq_add_left) (1.9 s)
0.sledgehammer goal.using      7201ms Ordered_Resolution_Prover.FO_Ordered_Resolution 605:22096  some (SH 7199ms, ATP 841ms): Try this: by (smt (cvc5, noematch)) (30 ms)
0.sledgehammer goal.by         7445ms Ordered_Resolution_Prover.FO_Ordered_Resolution 605:22142  some (SH 6133ms, ATP 884ms): Try this: by (smt (cvc5, fmf)) (37 ms)
0.sledgehammer goal.using     10010ms Ordered_Resolution_Prover.FO_Ordered_Resolution 607:22198  some (SH 8893ms, ATP 973ms): Try this: by (smt (cvc5, noematch) gr_cas sum_list_subseteq_mset_is_ground_cls_list sum_mset_sum_list) (232 ms)
0.sledgehammer goal.by         9721ms Ordered_Resolution_Prover.FO_Ordered_Resolution 607:22211  some (SH 9720ms, ATP 1064ms): Try this: by (smt (cvc5, noematch) sum_list_subseteq_mset_is_ground_cls_list sum_mset_sum_list) (301 ms)
0.sledgehammer goal.by        13221ms Ordered_Resolution_Prover.FO_Ordered_Resolution 609:22250  some (SH 13219ms, ATP 1253ms): Try this: by (smt (cvc5, best) da mset_subset_eq_add_left) (49 ms)
0.sledgehammer goal.using      8743ms Ordered_Resolution_Prover.FO_Ordered_Resolution 611:22308  some (SH 8742ms, ATP 821ms): Try this: by (smt (cvc5, noematch) gr_da is_ground_cls_mono) (295 ms)
0.sledgehammer goal.by         7124ms Ordered_Resolution_Prover.FO_Ordered_Resolution 611:22339  some (SH 7123ms, ATP 854ms): Try this: by (smt (cvc5, best)) (439 ms)
0.sledgehammer goal.using     57663ms Ordered_Resolution_Prover.FO_Ordered_Resolution 614:22395  some (SH 57340ms, ATP 2611ms): Try this: by (smt (cvc5, trigger_last) gr_cs gr_d is_ground_cls_list_is_ground_cls_sum_list is_ground_cls_union sum_mset_sum_list) (130 ms)
0.sledgehammer goal.by        28156ms Ordered_Resolution_Prover.FO_Ordered_Resolution 614:22412  some (SH 28154ms, ATP 1166ms): Try this: by (smt (cvc5, trigger_relev) is_ground_cls_list_is_ground_cls_sum_list is_ground_cls_union sum_mset_sum_list) (165 ms)
0.sledgehammer goal.by         8769ms Ordered_Resolution_Prover.FO_Ordered_Resolution 616:22462  some (SH 8767ms, ATP 1885ms): Try this: by (smt (cvc5, term_relev) is_ground_subst_cls) (172 ms)
0.sledgehammer goal.using     25531ms Ordered_Resolution_Prover.FO_Ordered_Resolution 618:22494  some (SH 25530ms, ATP 1122ms): Try this: by (smt (cvc5, fmf) cs_sub_cas d_sub_da subset_mset.add_mono) (225 ms)
0.sledgehammer goal.by         8579ms Ordered_Resolution_Prover.FO_Ordered_Resolution 618:22520  some (SH 8577ms, ATP 1193ms): Try this: by (smt (cvc5, term_relev) subset_mset.add_mono) (336 ms)
0.sledgehammer goal.using     38331ms Ordered_Resolution_Prover.FO_Ordered_Resolution 650:23527  timeout (SH 38329ms): Timed out
0.sledgehammer goal.proof     36177ms Ordered_Resolution_Prover.FO_Ordered_Resolution 651:23539  timeout (SH 36094ms): Timed out
0.sledgehammer goal.using      8822ms Ordered_Resolution_Prover.FO_Ordered_Resolution 655:23772  some (SH 8820ms, ATP 2332ms): Try this: apply (smt (cvc5, trigger_last) c(3)) (82 ms)
0.sledgehammer goal.by         9848ms Ordered_Resolution_Prover.FO_Ordered_Resolution 655:23782  some (SH 8607ms, ATP 2762ms): Try this: apply (smt (cvc5, fmf)) (77 ms)
0.sledgehammer goal.using     84816ms Ordered_Resolution_Prover.FO_Ordered_Resolution 657:23826  some (SH 84448ms, ATP 5454ms): Try this: by (smt (cvc5, quant_saturate) add_right_imp_eq c(1,2) calculation(1) cas local.ord_resolve(4) nth_equalityI) (409 ms)
0.sledgehammer goal.by        45598ms Ordered_Resolution_Prover.FO_Ordered_Resolution 657:23882  some (SH 45595ms, ATP 2986ms): Try this: by (smt (cvc5, trigger_last) add_right_imp_eq nth_equalityI) (502 ms)
0.sledgehammer goal.using      7135ms Ordered_Resolution_Prover.FO_Ordered_Resolution 662:24192  some (SH 7133ms, ATP 687ms): Try this: apply (smt (cvc5, term_relev) local.ord_resolve(7)) (133 ms)
0.sledgehammer goal.by        12096ms Ordered_Resolution_Prover.FO_Ordered_Resolution 662:24210  some (SH 11830ms, ATP 1628ms): Try this: apply (smt (cvc5, term_relev)) (96 ms)
0.sledgehammer goal.by        11197ms Ordered_Resolution_Prover.FO_Ordered_Resolution 666:24334  some (SH 9310ms, ATP 1394ms): Try this: by (smt (cvc5, trigger_last) local.select) (44 ms)
0.sledgehammer goal.using     79357ms Ordered_Resolution_Prover.FO_Ordered_Resolution 670:24494  some (SH 78456ms, ATP 1483ms): Try this: by (smt (cvc5) FO_resolution.S_M_grounding_of_clss FO_resolution_axioms grounding insert_subset le_sup_iff local.select multi_member_split set_mset_add_mset_insert set_mset_mset)
0.sledgehammer goal.by        42038ms Ordered_Resolution_Prover.FO_Ordered_Resolution 670:24539  some (SH 42035ms, ATP 506ms): Try this: by (smt (cvc5, trigger_max) in_mono le_sup_iff) (1.8 s)
0.sledgehammer goal.using     73792ms Ordered_Resolution_Prover.FO_Ordered_Resolution 672:24704  some (SH 73790ms, ATP 1894ms): Try this: by (smt (cvc5, fmf) \<open>n_twin = n\<close> local.ord_resolve(3) nth_mem) (991 ms)
0.sledgehammer goal.by        32612ms Ordered_Resolution_Prover.FO_Ordered_Resolution 672:24712  some (SH 32611ms, ATP 2139ms): Try this: by (smt (cvc5, noematch) nth_mem) (1.3 s)
0.sledgehammer goal.using     39097ms Ordered_Resolution_Prover.FO_Ordered_Resolution 678:24931  timeout (SH 39095ms): Timed out
0.sledgehammer goal.by        37719ms Ordered_Resolution_Prover.FO_Ordered_Resolution 678:24939  timeout (SH 37717ms): Timed out
0.sledgehammer goal.unfolding 34657ms Ordered_Resolution_Prover.FO_Ordered_Resolution 686:25110  timeout (SH 34654ms): Timed out
0.sledgehammer goal.by        48867ms Ordered_Resolution_Prover.FO_Ordered_Resolution 686:25137  some (SH 48865ms, ATP 1203ms): Try this: apply (smt (cvc5, quant_saturate) \<open>Cs_twins = Cs\<close> \<open>n_twin = n\<close> cs_len length_map length_map list.set(1) local.ord_resolve(6) map_nth mset_set.empty size_empty) (69 ms)
0.sledgehammer goal.unfolding 47669ms Ordered_Resolution_Prover.FO_Ordered_Resolution 691:25296  some (SH 47667ms, ATP 975ms): Try this: by (smt (cvc5, trigger_last) CAs0_def \<eta>s0_def f_p(1) in_set_conv_nth length_map n(1) nth_map nth_upt plus_nat.add_0) (527 ms)
0.sledgehammer goal.using     103304ms Ordered_Resolution_Prover.FO_Ordered_Resolution 691:25315  some (SH 103302ms, ATP 2755ms): Try this: by (smt (cvc5) add_0 f_p(1) in_set_conv_nth in_set_conv_nth length_map map_eq_conv map_nth n(2) nth_upt)
0.sledgehammer goal.by        70890ms Ordered_Resolution_Prover.FO_Ordered_Resolution 691:25328  some (SH 70889ms, ATP 2010ms): Try this: by (smt (cvc5, quant_saturate) CAs0_def add_0 in_set_conv_nth length_map length_upt n(2) nth_map_upt) (249 ms)
0.sledgehammer goal.unfolding 38155ms Ordered_Resolution_Prover.FO_Ordered_Resolution 693:25382  timeout (SH 38153ms): Timed out
0.sledgehammer goal.using     71838ms Ordered_Resolution_Prover.FO_Ordered_Resolution 693:25409  some (SH 71836ms, ATP 4107ms): Try this: by (smt (cvc5) CAs0_def \<eta>s0_def add_0 f_p(2) length_map length_upt min.idem n(1,2,4) nth_equalityI nth_map nth_map_upt nth_upt subst_cls_lists_length subst_cls_lists_nth)
0.sledgehammer goal.by        38421ms Ordered_Resolution_Prover.FO_Ordered_Resolution 693:25423  timeout (SH 38419ms): Timed out
0.sledgehammer goal.unfolding 39478ms Ordered_Resolution_Prover.FO_Ordered_Resolution 695:25533  timeout (SH 39475ms): Timed out
0.sledgehammer goal.using     37319ms Ordered_Resolution_Prover.FO_Ordered_Resolution 695:25560  timeout (SH 37318ms): Timed out
0.sledgehammer goal.by        36512ms Ordered_Resolution_Prover.FO_Ordered_Resolution 695:25575  timeout (SH 36510ms): Timed out
0.sledgehammer goal.unfolding 89929ms Ordered_Resolution_Prover.FO_Ordered_Resolution 697:25668  some (SH 89927ms, ATP 2661ms): Try this: by (smt (cvc5, trigger_relev) \<eta>s0_def add_0 f_p(4) in_set_conv_nth length_map n(1) nth_map nth_upt) (287 ms)
0.sledgehammer goal.using     68987ms Ordered_Resolution_Prover.FO_Ordered_Resolution 697:25686  some (SH 68984ms, ATP 1581ms): Try this: by (smt (cvc5, trigger_relev) \<eta>s0_def add_0 f_p(4) in_set_conv_nth length_map length_upt n(1) nth_map_upt) (201 ms)
0.sledgehammer goal.by        37114ms Ordered_Resolution_Prover.FO_Ordered_Resolution 697:25698  some (SH 37112ms, ATP 2101ms): Try this: by (smt (cvc5, quant_saturate) \<eta>s0_def add_0 in_set_conv_nth length_map length_upt nth_map_upt) (287 ms)
0.sledgehammer goal.using      8457ms Ordered_Resolution_Prover.FO_Ordered_Resolution 699:25750  some (SH 8455ms, ATP 1180ms): Try this: by (smt (cvc5, best) is_ground_subst_list_def) (151 ms)
0.sledgehammer goal.unfolding 11461ms Ordered_Resolution_Prover.FO_Ordered_Resolution 699:25758  some (SH 11459ms, ATP 2490ms): Try this: by (smt (cvc5, noematch) is_ground_subst_list_def) (125 ms)
0.sledgehammer goal.by         6217ms Ordered_Resolution_Prover.FO_Ordered_Resolution 699:25793  some (SH 6215ms, ATP 685ms): Try this: by (smt (cvc5, noematch)) (98 ms)
0.sledgehammer goal.proof     40811ms Ordered_Resolution_Prover.FO_Ordered_Resolution 705:26020  timeout (SH 39356ms): Timed out
0.sledgehammer goal.proof     35103ms Ordered_Resolution_Prover.FO_Ordered_Resolution 707:26106  timeout (SH 35098ms): Timed out
0.sledgehammer goal.using     64472ms Ordered_Resolution_Prover.FO_Ordered_Resolution 711:26208  some (SH 64469ms, ATP 1058ms): Try this: by (smt (cvc5, best) CAs0_to_CAs \<open>i < n\<close> n(1,2) subst_cls_lists_nth) (254 ms)
0.sledgehammer goal.by         8994ms Ordered_Resolution_Prover.FO_Ordered_Resolution 711:26246  some (SH 8992ms, ATP 1083ms): Try this: by (smt (cvc5, noematch) subst_cls_lists_nth) (419 ms)
0.sledgehammer goal.using     36812ms Ordered_Resolution_Prover.FO_Ordered_Resolution 713:26310  some (SH 36810ms, ATP 1813ms): Try this: by (smt (cvc5, best) \<open>i < n\<close> cas mset_subset_eq_add_right) (114 ms)
0.sledgehammer goal.by        10657ms Ordered_Resolution_Prover.FO_Ordered_Resolution 713:26328  some (SH 10655ms, ATP 3072ms): Try this: by (smt (cvc5, best) mset_subset_eq_add_right) (130 ms)
0.sledgehammer goal.using     36572ms Ordered_Resolution_Prover.FO_Ordered_Resolution 716:26456  timeout (SH 36571ms): Timed out
0.sledgehammer goal.unfolding 37917ms Ordered_Resolution_Prover.FO_Ordered_Resolution 716:26487  some (SH 37914ms, ATP 5551ms): Try this: by (smt (cvc5, quant_saturate) subst_cls_def) (483 ms)
0.sledgehammer goal.by        11588ms Ordered_Resolution_Prover.FO_Ordered_Resolution 716:26511  some (SH 11587ms, ATP 1950ms): Try this: by (smt (cvc5, trigger_max)) (400 ms)
0.sledgehammer goal.unfolding 36649ms Ordered_Resolution_Prover.FO_Ordered_Resolution 718:26574  timeout (SH 36647ms): Timed out
0.sledgehammer goal.by        38106ms Ordered_Resolution_Prover.FO_Ordered_Resolution 718:26598  timeout (SH 38103ms): Timed out
0.sledgehammer goal.using     36993ms Ordered_Resolution_Prover.FO_Ordered_Resolution 725:26837  timeout (SH 36991ms): Timed out
0.sledgehammer goal.unfolding 37006ms Ordered_Resolution_Prover.FO_Ordered_Resolution 725:26845  timeout (SH 37004ms): Timed out
0.sledgehammer goal.by        35962ms Ordered_Resolution_Prover.FO_Ordered_Resolution 725:26863  timeout (SH 35960ms): Timed out
0.sledgehammer goal.using     37652ms Ordered_Resolution_Prover.FO_Ordered_Resolution 727:26923  some (SH 37650ms, ATP 1329ms): Try this: by (smt (cvc5, quant_saturate) literal.inject(1) multiset.inj_map_strong nn subst_cls_poss) (268 ms)
0.sledgehammer goal.by        32303ms Ordered_Resolution_Prover.FO_Ordered_Resolution 727:26932  some (SH 32301ms, ATP 271ms): Try this: by (smt (cvc5, best) literal.inject(1) multiset.inj_map_strong subst_cls_poss) (337 ms)
0.sledgehammer goal.using      7535ms Ordered_Resolution_Prover.FO_Ordered_Resolution 729:27063  some (SH 7534ms, ATP 1450ms): Try this: by (smt (cvc5, best) na nn) (32 ms)
0.sledgehammer goal.by         6427ms Ordered_Resolution_Prover.FO_Ordered_Resolution 729:27075  some (SH 6193ms, ATP 1480ms): Try this: by (smt (cvc5, noematch)) (38 ms)
0.sledgehammer goal.by        10019ms Ordered_Resolution_Prover.FO_Ordered_Resolution 731:27170  some (SH 9460ms, ATP 1459ms): Try this: by (smt (cvc5, fmf)) (435 ms)
0.sledgehammer goal.by        37949ms Ordered_Resolution_Prover.FO_Ordered_Resolution 735:27307  timeout (SH 37947ms): Timed out
0.sledgehammer goal.by        29267ms Ordered_Resolution_Prover.FO_Ordered_Resolution 740:27406  some (SH 29265ms, ATP 1563ms): Try this: by (smt (cvc5, best) \<eta>s0_def length_map n(1)) (88 ms)
0.sledgehammer goal.using     133897ms Ordered_Resolution_Prover.FO_Ordered_Resolution 744:27518  some (SH 133895ms, ATP 1879ms): Try this: by (smt (cvc5, best) AAs0f_p \<eta>s0_def add_0 length_map length_upt n(1) nth_map_upt) (501 ms)
0.sledgehammer goal.by        80452ms Ordered_Resolution_Prover.FO_Ordered_Resolution 744:27532  some (SH 80450ms, ATP 2197ms): Try this: by (smt (cvc5, trigger_last) \<eta>s0_def add_0 length_map length_upt n(1) nth_map_upt) (735 ms)
0.sledgehammer goal.using     124435ms Ordered_Resolution_Prover.FO_Ordered_Resolution 746:27593  some (SH 124433ms, ATP 2242ms): Try this: by (smt (cvc5, noematch) aas_len min.idem n(1,8) nth_equalityI subst_atm_mset_lists_length subst_atm_mset_lists_nth) (650 ms)
0.sledgehammer goal.by        87040ms Ordered_Resolution_Prover.FO_Ordered_Resolution 746:27601  some (SH 87037ms, ATP 4672ms): Try this: by (smt (cvc5, noematch) CAs0_to_CAs nth_equalityI subst_atm_mset_lists_length subst_atm_mset_lists_nth subst_cls_lists_length) (614 ms)
0.sledgehammer goal.using     39059ms Ordered_Resolution_Prover.FO_Ordered_Resolution 749:27714  some (SH 39057ms, ATP 2125ms): Try this: by (smt (cvc5, best) AAs0f_p \<eta>s0_def add_0 length_map length_upt n(1) nth_map_upt) (206 ms)
0.sledgehammer goal.by        39304ms Ordered_Resolution_Prover.FO_Ordered_Resolution 749:27728  some (SH 39302ms, ATP 2203ms): Try this: by (smt (cvc5, trigger_max) \<eta>s0_def add_0 length_map length_upt n(1) nth_map_upt) (251 ms)
0.sledgehammer goal.using     34510ms Ordered_Resolution_Prover.FO_Ordered_Resolution 755:27835  timeout (SH 34508ms): Timed out
0.sledgehammer goal.by        36379ms Ordered_Resolution_Prover.FO_Ordered_Resolution 755:27851  timeout (SH 36377ms): Timed out
0.sledgehammer goal.using     39054ms Ordered_Resolution_Prover.FO_Ordered_Resolution 759:27954  timeout (SH 39051ms): Timed out
0.sledgehammer goal.by        37397ms Ordered_Resolution_Prover.FO_Ordered_Resolution 759:27983  timeout (SH 37396ms): Timed out
0.sledgehammer goal.using     37310ms Ordered_Resolution_Prover.FO_Ordered_Resolution 761:28031  timeout (SH 37308ms): Timed out
0.sledgehammer goal.by        36239ms Ordered_Resolution_Prover.FO_Ordered_Resolution 761:28074  timeout (SH 36237ms): Timed out
0.sledgehammer goal.using     134844ms Ordered_Resolution_Prover.FO_Ordered_Resolution 764:28129  some (SH 134842ms, ATP 3181ms): Try this: by (smt (cvc5, quant_saturate) AAs0_AAs \<open>Cs0 \<cdot>\<cdot>cl \<eta>s0 = Cs\<close> \<open>\<forall>i<n. CAs0 ! i = Cs0 ! i + poss (AAs0 ! i)\<close> n(8,9) that) (339 ms)
0.sledgehammer goal.by        19093ms Ordered_Resolution_Prover.FO_Ordered_Resolution 767:28287  some (SH 19092ms, ATP 5011ms): Try this: by (smt (cvc5, quant_saturate)) (1.3 s)
0.sledgehammer goal.using     148824ms Ordered_Resolution_Prover.FO_Ordered_Resolution 772:28425  some (SH 148822ms, ATP 6603ms): Try this: by (smt (cvc5, fmf) FO_resolution.S_M_grounding_of_clss FO_resolution_axioms grounding in_mono insertCI le_sup_iff local.select) (956 ms)
0.sledgehammer goal.by        92163ms Ordered_Resolution_Prover.FO_Ordered_Resolution 772:28470  some (SH 92160ms, ATP 319ms): Try this: by (smt (cvc5, best) insert_subset le_sup_iff) (586 ms)
0.sledgehammer goal.by         9590ms Ordered_Resolution_Prover.FO_Ordered_Resolution 775:28627  some (SH 9589ms, ATP 958ms): Try this: by (smt (cvc5, trigger_last)) (904 ms)
0.sledgehammer goal.using      8304ms Ordered_Resolution_Prover.FO_Ordered_Resolution 778:28718  some (SH 8301ms, ATP 791ms): Try this: by (smt (cvc5, quant_saturate) DA0_\<eta>0_p) (22 ms)
0.sledgehammer goal.by         8198ms Ordered_Resolution_Prover.FO_Ordered_Resolution 778:28733  some (SH 7077ms, ATP 929ms): Try this: by (smt (cvc5, trigger_max)) (41 ms)
0.sledgehammer goal.using     11259ms Ordered_Resolution_Prover.FO_Ordered_Resolution 780:28779  some (SH 9972ms, ATP 865ms): Try this: by (smt (cvc5, fmf) DA0_\<eta>0_p) (73 ms)
0.sledgehammer goal.by         6756ms Ordered_Resolution_Prover.FO_Ordered_Resolution 780:28794  some (SH 6753ms, ATP 877ms): Try this: by (smt (cvc5, term_relev)) (28 ms)
0.sledgehammer goal.using      9039ms Ordered_Resolution_Prover.FO_Ordered_Resolution 782:28853  some (SH 7565ms, ATP 942ms): Try this: by (smt (cvc5, trigger_last) DA0_\<eta>0_p) (34 ms)
0.sledgehammer goal.by         6604ms Ordered_Resolution_Prover.FO_Ordered_Resolution 782:28868  some (SH 5483ms, ATP 913ms): Try this: by (smt (cvc5, quant_saturate)) (37 ms)
0.sledgehammer goal.using     12758ms Ordered_Resolution_Prover.FO_Ordered_Resolution 784:28908  some (SH 11330ms, ATP 750ms): Try this: by (smt (cvc5, trigger_relev) DA0_\<eta>0_p) (24 ms)
0.sledgehammer goal.by         6365ms Ordered_Resolution_Prover.FO_Ordered_Resolution 784:28923  some (SH 6363ms, ATP 746ms): Try this: by (smt (cvc5, fmf)) (86 ms)
0.sledgehammer goal.proof     41587ms Ordered_Resolution_Prover.FO_Ordered_Resolution 790:29163  timeout (SH 40367ms): Timed out
0.sledgehammer goal.by        36939ms Ordered_Resolution_Prover.FO_Ordered_Resolution 795:29366  timeout (SH 36936ms): Timed out
0.sledgehammer goal.by        10844ms Ordered_Resolution_Prover.FO_Ordered_Resolution 797:29457  some (SH 10842ms, ATP 1588ms): Try this: by (smt (cvc5, quant_saturate) image_mset_single) (128 ms)
0.sledgehammer goal.using     10424ms Ordered_Resolution_Prover.FO_Ordered_Resolution 799:29547  some (SH 10152ms, ATP 923ms): Try this: by (smt (cvc5, best) \<open>D_twin = D\<close> local.ord_resolve(1)) (74 ms)
0.sledgehammer goal.by         6749ms Ordered_Resolution_Prover.FO_Ordered_Resolution 799:29556  some (SH 6747ms, ATP 943ms): Try this: by (smt (cvc5, best)) (77 ms)
0.sledgehammer goal.using     50348ms Ordered_Resolution_Prover.FO_Ordered_Resolution 801:29634  some (SH 49076ms, ATP 1926ms): Try this: by (smt (cvc5, trigger_max) DA0_\<eta>0_p substitution.Melem_subst_cls substitution_renamings_axioms substitution_renamings_def union_mset_add_mset_right union_single_eq_member) (268 ms)
0.sledgehammer goal.by        41022ms Ordered_Resolution_Prover.FO_Ordered_Resolution 801:29650  some (SH 41020ms, ATP 1477ms): Try this: by (smt (cvc5, quant_saturate) Melem_subst_cls add_mset_add_single union_single_eq_member) (359 ms)
0.sledgehammer goal.by        34431ms Ordered_Resolution_Prover.FO_Ordered_Resolution 803:29806  some (SH 34428ms, ATP 1210ms): Try this: by (smt (cvc5, quant_saturate) Neg_atm_of_iff literal.disc(2) subst_lit_is_neg) (214 ms)
0.sledgehammer goal.using     51241ms Ordered_Resolution_Prover.FO_Ordered_Resolution 805:29945  some (SH 51239ms, ATP 1161ms): Try this: by (smt (cvc5, noematch) as atm_of_subst_lit image_mset_single literal.sel(2) mset_single_iff single_subset_iff subst_atm_list_single) (219 ms)
0.sledgehammer goal.by        50604ms Ordered_Resolution_Prover.FO_Ordered_Resolution 805:29968  some (SH 50602ms, ATP 2191ms): Try this: by (smt (cvc5, trigger_relev) atm_of_subst_lit image_mset_single literal.sel(2) mset_single_iff single_subset_iff subst_atm_list_single) (305 ms)
0.sledgehammer goal.using     20613ms Ordered_Resolution_Prover.FO_Ordered_Resolution 808:30122  some (SH 20612ms, ATP 1521ms): Try this: by (smt (cvc5, quant_saturate) a) (466 ms)
0.sledgehammer goal.by        10842ms Ordered_Resolution_Prover.FO_Ordered_Resolution 808:30130  some (SH 10840ms, ATP 1721ms): Try this: by (smt (cvc5, quant_saturate)) (687 ms)
0.sledgehammer goal.using     10672ms Ordered_Resolution_Prover.FO_Ordered_Resolution 814:30279  some (SH 10670ms, ATP 2375ms): Try this: by (smt (cvc5, trigger_max) DA0_\<eta>0_p da) (99 ms)
0.sledgehammer goal.by         7595ms Ordered_Resolution_Prover.FO_Ordered_Resolution 814:30314  some (SH 7593ms, ATP 1117ms): Try this: by (smt (cvc5, trigger_relev)) (218 ms)
0.sledgehammer goal.using     19897ms Ordered_Resolution_Prover.FO_Ordered_Resolution 816:30396  some (SH 19459ms, ATP 3356ms): Try this: by (smt (cvc5, trigger_max) instance_list) (322 ms)
0.sledgehammer goal.by        10315ms Ordered_Resolution_Prover.FO_Ordered_Resolution 816:30455  some (SH 10312ms, ATP 1430ms): Try this: by (smt (cvc5, trigger_max)) (237 ms)
0.sledgehammer goal.using     35876ms Ordered_Resolution_Prover.FO_Ordered_Resolution 819:30609  some (SH 35284ms, ATP 1876ms): Try this: by (smt (cvc5, noematch) S.S_selects_subseteq) (1.1 s)
0.sledgehammer goal.by        12662ms Ordered_Resolution_Prover.FO_Ordered_Resolution 819:30636  some (SH 12660ms, ATP 1864ms): Try this: by (smt (cvc5, trigger_max)) (1.5 s)
0.sledgehammer goal.using     50214ms Ordered_Resolution_Prover.FO_Ordered_Resolution 823:30798  some (SH 50212ms, ATP 2084ms): Try this: by (smt (cvc5, best) One_nat_def \<open>D_twin = D\<close> eligible.simps[of "S_M S M" \<sigma> As "D + negs (mset As)"] local.ord_resolve(11)) (3.0 s)
0.sledgehammer goal.unfolding 40654ms Ordered_Resolution_Prover.FO_Ordered_Resolution 823:30813  some (SH 40652ms, ATP 2033ms): Try this: by (smt (cvc5) One_nat_def eligible.simps)
0.sledgehammer goal.by        37429ms Ordered_Resolution_Prover.FO_Ordered_Resolution 823:30838  some (SH 37427ms, ATP 2006ms): Try this: by (smt (cvc5) One_nat_def)
0.sledgehammer goal.by         9119ms Ordered_Resolution_Prover.FO_Ordered_Resolution 827:31005  some (SH 9117ms, ATP 1230ms): Try this: by (smt (cvc5, fmf)) (826 ms)
0.sledgehammer goal.using     28863ms Ordered_Resolution_Prover.FO_Ordered_Resolution 829:31051  some (SH 28861ms, ATP 1610ms): Try this: by (smt (cvc5, best) \<open>n_twin = n\<close> local.ord_resolve(6) subst_atm_list_length) (52 ms)
0.sledgehammer goal.by        10819ms Ordered_Resolution_Prover.FO_Ordered_Resolution 829:31064  some (SH 10817ms, ATP 1771ms): Try this: by (smt (cvc5, trigger_last) subst_atm_list_length) (71 ms)
0.sledgehammer goal.using     12248ms Ordered_Resolution_Prover.FO_Ordered_Resolution 833:31126  some (SH 12246ms, ATP 1044ms): Try this: by (smt (cvc5, noematch) As0_p) (92 ms)
0.sledgehammer goal.by         8108ms Ordered_Resolution_Prover.FO_Ordered_Resolution 833:31138  some (SH 8105ms, ATP 1867ms): Try this: by (smt (cvc5, fmf)) (31 ms)
0.sledgehammer goal.using     44367ms Ordered_Resolution_Prover.FO_Ordered_Resolution 838:31251  some (SH 43334ms, ATP 3331ms): Try this: by (smt (cvc5, trigger_last) As0_p add_diff_cancel_right' subset_mset.add_diff_assoc2) (88 ms)
0.sledgehammer goal.by         9526ms Ordered_Resolution_Prover.FO_Ordered_Resolution 838:31263  some (SH 9524ms, ATP 1503ms): Try this: by (smt (cvc5, trigger_last) subset_mset.diff_add) (399 ms)
0.sledgehammer goal.using     96260ms Ordered_Resolution_Prover.FO_Ordered_Resolution 840:31305  some (SH 96259ms, ATP 1421ms): Try this: by (smt (cvc5, fmf) As0_p DA0_\<eta>0_p add_diff_cancel_right' da mset_subst_atm_list_subst_atm_mset subst_cls_union substitution.subst_cls_negs substitution_renamings_axioms substitution_renamings_def) (436 ms)
0.sledgehammer goal.by        55003ms Ordered_Resolution_Prover.FO_Ordered_Resolution 840:31330  some (SH 55000ms, ATP 1393ms): Try this: by (smt (cvc5, trigger_last) add_diff_cancel_right' mset_subst_atm_list_subst_atm_mset subst_cls_union substitution.subst_cls_negs substitution_axioms) (654 ms)
0.sledgehammer goal.using      7899ms Ordered_Resolution_Prover.FO_Ordered_Resolution 843:31417  some (SH 7897ms, ATP 833ms): Try this: by (smt (cvc5, term_relev) As0_p) (66 ms)
0.sledgehammer goal.by         8471ms Ordered_Resolution_Prover.FO_Ordered_Resolution 843:31429  some (SH 7567ms, ATP 1079ms): Try this: by (smt (cvc5, fmf)) (147 ms)
0.sledgehammer goal.using     74746ms Ordered_Resolution_Prover.FO_Ordered_Resolution 845:31466  some (SH 74145ms, ATP 1143ms): Try this: by (smt (cvc5, best) As0_p \<open>D0 \<cdot> \<eta>0 = D\<close> \<open>DA0 = D0 + negs (mset As0)\<close> n(8) that) (816 ms)
0.sledgehammer goal.by        14434ms Ordered_Resolution_Prover.FO_Ordered_Resolution 846:31563  some (SH 14432ms, ATP 1238ms): Try this: by (smt (cvc5, trigger_last)) (3.1 s)
0.sledgehammer goal.using     34033ms Ordered_Resolution_Prover.FO_Ordered_Resolution 850:31598  timeout (SH 34031ms): Timed out
0.sledgehammer goal.by         7764ms Ordered_Resolution_Prover.FO_Ordered_Resolution 861:32091  some (SH 7761ms, ATP 790ms): Try this: by (smt (cvc5, trigger_relev)) (42 ms)
0.sledgehammer goal.using     39353ms Ordered_Resolution_Prover.FO_Ordered_Resolution 879:32672  timeout (SH 37690ms): Timed out
0.sledgehammer goal.proof     36883ms Ordered_Resolution_Prover.FO_Ordered_Resolution 880:32684  timeout (SH 36882ms): Timed out
0.sledgehammer goal.using     41123ms Ordered_Resolution_Prover.FO_Ordered_Resolution 889:33164  timeout (SH 41120ms): Timed out
0.sledgehammer goal.unfolding 39372ms Ordered_Resolution_Prover.FO_Ordered_Resolution 889:33181  timeout (SH 39371ms): Timed out
0.sledgehammer goal.by        37213ms Ordered_Resolution_Prover.FO_Ordered_Resolution 889:33212  timeout (SH 37211ms): Timed out
0.sledgehammer goal.by         8645ms Ordered_Resolution_Prover.FO_Ordered_Resolution 893:33357  some (SH 8643ms, ATP 1359ms): Try this: by (smt (cvc5, trigger_max) local.select) (34 ms)
0.sledgehammer goal.using     66948ms Ordered_Resolution_Prover.FO_Ordered_Resolution 916:34005  some (SH 66473ms, ATP 4550ms): Try this: by (smt (cvc5) aas_len cas cas_len cs_len da grounding local.select ord_resolve_obtain_clauses res_e)
0.sledgehammer goal.by        37470ms Ordered_Resolution_Prover.FO_Ordered_Resolution 917:34203  some (SH 37468ms, ATP 4891ms): Try this: by (smt (cvc5))
0.sledgehammer goal.using     26155ms Ordered_Resolution_Prover.FO_Ordered_Resolution 922:34373  some (SH 26153ms, ATP 1048ms): Try this: by (smt (cvc5, noematch) length_Cons n(1) renamings_apart_length) (43 ms)
0.sledgehammer goal.by         9852ms Ordered_Resolution_Prover.FO_Ordered_Resolution 922:34404  some (SH 9850ms, ATP 1571ms): Try this: by (smt (cvc5, term_relev) length_Cons) (146 ms)
0.sledgehammer goal.using     37863ms Ordered_Resolution_Prover.FO_Ordered_Resolution 948:34972  timeout (SH 37861ms): Timed out
0.sledgehammer goal.unfolding 37042ms Ordered_Resolution_Prover.FO_Ordered_Resolution 948:35026  timeout (SH 37039ms): Timed out
0.sledgehammer goal.by        52043ms Ordered_Resolution_Prover.FO_Ordered_Resolution 949:35046  some (SH 52041ms, ATP 2983ms): Try this: by (smt (cvc5, term_relev) length_Suc_conv list.sel(1) list.set_intros(1) n(1)) (413 ms)
0.sledgehammer goal.using     39420ms Ordered_Resolution_Prover.FO_Ordered_Resolution 952:35177  timeout (SH 39418ms): Timed out
0.sledgehammer goal.unfolding 35420ms Ordered_Resolution_Prover.FO_Ordered_Resolution 952:35231  timeout (SH 35417ms): Timed out
0.sledgehammer goal.by        44208ms Ordered_Resolution_Prover.FO_Ordered_Resolution 953:35252  some (SH 44206ms, ATP 5746ms): Try this: by (smt (cvc5, best) is_renaming_list_def length_Suc_conv list.sel(3) list.set_intros(2) n(1)) (515 ms)
0.sledgehammer goal.unfolding 57002ms Ordered_Resolution_Prover.FO_Ordered_Resolution 956:35364  some (SH 57000ms, ATP 1471ms): Try this: by (smt (cvc5, trigger_max) Nitpick.size_list_simp(2) \<rho>s_def n(1) nat.inject nat.simps(3)) (131 ms)
0.sledgehammer goal.using     61475ms Ordered_Resolution_Prover.FO_Ordered_Resolution 956:35381  some (SH 61473ms, ATP 2444ms): Try this: by (smt (cvc5, best) Nitpick.size_list_simp(2) n(1) nat.distinct(1) nat.inject) (163 ms)
0.sledgehammer goal.by        19838ms Ordered_Resolution_Prover.FO_Ordered_Resolution 956:35389  some (SH 19835ms, ATP 2431ms): Try this: by (smt (cvc5, trigger_relev) Nitpick.size_list_simp(2) nat.distinct(1) nat.inject) (354 ms)
0.sledgehammer goal.unfolding 12260ms Ordered_Resolution_Prover.FO_Ordered_Resolution 959:35455  some (SH 12259ms, ATP 1082ms): Try this: by (smt (cvc5, best) As0'_def n(4) subst_atm_list_length) (43 ms)
0.sledgehammer goal.using     13358ms Ordered_Resolution_Prover.FO_Ordered_Resolution 959:35474  some (SH 13357ms, ATP 1125ms): Try this: by (smt (cvc5, best) n(4) subst_atm_list_length) (65 ms)
0.sledgehammer goal.by         7996ms Ordered_Resolution_Prover.FO_Ordered_Resolution 959:35482  some (SH 7994ms, ATP 1966ms): Try this: by (smt (cvc5, best) subst_atm_list_length) (97 ms)
0.sledgehammer goal.using     81556ms Ordered_Resolution_Prover.FO_Ordered_Resolution 961:35520  some (SH 81554ms, ATP 3300ms): Try this: by (smt (cvc5, best) CAs0'_def as0(7) cas_len n(12,3) subst_cls_lists_length) (181 ms)
0.sledgehammer goal.unfolding 52023ms Ordered_Resolution_Prover.FO_Ordered_Resolution 961:35535  some (SH 52022ms, ATP 3773ms): Try this: by (smt (cvc5) CAs0'_def \<open>\<And>thesis. (\<And>DA0 \<eta>0 CAs0 \<eta>s0 As0 AAs0 D0 Cs0. \<lbrakk>length CAs0 = n; length \<eta>s0 = n; DA0 \<in> M; DA0 \<cdot> \<eta>0 = DA; S DA0 \<cdot> \<eta>0 = S_M S M DA; \<forall>CA0\<in>set CAs0. CA0 \<in> M; CAs0 \<cdot>\<cdot>cl \<eta>s0 = CAs; map S CAs0 \<cdot>\<cdot>cl \<eta>s0 = map (S_M S M) CAs; is_ground_subst \<eta>0; is_ground_subst_list \<eta>s0; As0 \<cdot>al \<eta>0 = As; AAs0 \<cdot>\<cdot>aml \<eta>s0 = AAs; length As0 = n; D0 \<cdot> \<eta>0 = D; DA0 = D0 + negs (mset As0); S_M S M (D + negs (mset As)) \<noteq> {#} \<Longrightarrow> negs (mset As0) = S DA0; length Cs0 = n; Cs0 \<cdot>\<cdot>cl \<eta>s0 = Cs; \<forall>i<n. CAs0 ! i = Cs0 ! i + poss (AAs0 ! i); length AAs0 = n\<rbrakk> \<Longrightarrow> thesis) \<Longrightarrow> thesis\<close> subst_cls_lists_length)
0.sledgehammer goal.by        23105ms Ordered_Resolution_Prover.FO_Ordered_Resolution 961:35555  some (SH 23103ms, ATP 5525ms): Try this: by (smt (cvc5, best) as0(18) subst_cls_lists_length) (182 ms)
0.sledgehammer goal.unfolding 62462ms Ordered_Resolution_Prover.FO_Ordered_Resolution 963:35592  some (SH 62460ms, ATP 2917ms): Try this: by (smt (cvc5) Cs0'_def \<open>\<And>thesis. (\<And>DA0 \<eta>0 CAs0 \<eta>s0 As0 AAs0 D0 Cs0. \<lbrakk>length CAs0 = n; length \<eta>s0 = n; DA0 \<in> M; DA0 \<cdot> \<eta>0 = DA; S DA0 \<cdot> \<eta>0 = S_M S M DA; \<forall>CA0\<in>set CAs0. CA0 \<in> M; CAs0 \<cdot>\<cdot>cl \<eta>s0 = CAs; map S CAs0 \<cdot>\<cdot>cl \<eta>s0 = map (S_M S M) CAs; is_ground_subst \<eta>0; is_ground_subst_list \<eta>s0; As0 \<cdot>al \<eta>0 = As; AAs0 \<cdot>\<cdot>aml \<eta>s0 = AAs; length As0 = n; D0 \<cdot> \<eta>0 = D; DA0 = D0 + negs (mset As0); S_M S M (D + negs (mset As)) \<noteq> {#} \<Longrightarrow> negs (mset As0) = S DA0; length Cs0 = n; Cs0 \<cdot>\<cdot>cl \<eta>s0 = Cs; \<forall>i<n. CAs0 ! i = Cs0 ! i + poss (AAs0 ! i); length AAs0 = n\<rbrakk> \<Longrightarrow> thesis) \<Longrightarrow> thesis\<close> as0(18) cas_len n(12,3) subst_cls_lists_length)
0.sledgehammer goal.using     42459ms Ordered_Resolution_Prover.FO_Ordered_Resolution 963:35611  some (SH 42458ms, ATP 5619ms): Try this: by (smt (cvc5, noematch) as0(18) cs_len n(12,3) subst_cls_lists_length) (202 ms)
0.sledgehammer goal.by        51331ms Ordered_Resolution_Prover.FO_Ordered_Resolution 963:35619  some (SH 51329ms, ATP 3974ms): Try this: by (smt (cvc5) \<open>\<And>thesis. (\<And>DA0 \<eta>0 CAs0 \<eta>s0 As0 AAs0 D0 Cs0. \<lbrakk>length CAs0 = n; length \<eta>s0 = n; DA0 \<in> M; DA0 \<cdot> \<eta>0 = DA; S DA0 \<cdot> \<eta>0 = S_M S M DA; \<forall>CA0\<in>set CAs0. CA0 \<in> M; CAs0 \<cdot>\<cdot>cl \<eta>s0 = CAs; map S CAs0 \<cdot>\<cdot>cl \<eta>s0 = map (S_M S M) CAs; is_ground_subst \<eta>0; is_ground_subst_list \<eta>s0; As0 \<cdot>al \<eta>0 = As; AAs0 \<cdot>\<cdot>aml \<eta>s0 = AAs; length As0 = n; D0 \<cdot> \<eta>0 = D; DA0 = D0 + negs (mset As0); S_M S M (D + negs (mset As)) \<noteq> {#} \<Longrightarrow> negs (mset As0) = S DA0; length Cs0 = n; Cs0 \<cdot>\<cdot>cl \<eta>s0 = Cs; \<forall>i<n. CAs0 ! i = Cs0 ! i + poss (AAs0 ! i); length AAs0 = n\<rbrakk> \<Longrightarrow> thesis) \<Longrightarrow> thesis\<close> subst_cls_lists_length)
0.sledgehammer goal.unfolding 84313ms Ordered_Resolution_Prover.FO_Ordered_Resolution 965:35657  some (SH 84310ms, ATP 2599ms): Try this: by (smt (cvc5, best) AAs0'_def as0(18) cs_len n(12,3,5,6) subst_atm_mset_lists_length subst_cls_lists_length) (251 ms)
0.sledgehammer goal.using     35509ms Ordered_Resolution_Prover.FO_Ordered_Resolution 965:35677  some (SH 35507ms, ATP 3417ms): Try this: by (smt (cvc5, best) aas_len as0(12) n(12,3) subst_atm_mset_lists_length) (145 ms)
0.sledgehammer goal.by        36921ms Ordered_Resolution_Prover.FO_Ordered_Resolution 965:35685  some (SH 36920ms, ATP 4242ms): Try this: by (smt (cvc5, best) as0(12) subst_atm_mset_lists_length) (171 ms)
0.sledgehammer goal.using     111752ms Ordered_Resolution_Prover.FO_Ordered_Resolution 967:35722  some (SH 111750ms, ATP 2489ms): Try this: by (smt (cvc5, trigger_max) \<eta>s0'_def as0(18) comp_substs_length cs_len length_map n(12,6) subst_cls_lists_length) (190 ms)
0.sledgehammer goal.unfolding 45633ms Ordered_Resolution_Prover.FO_Ordered_Resolution 967:35737  some (SH 45631ms, ATP 1549ms): Try this: by (smt (cvc5, trigger_last) \<eta>s0'_def as0(18) comp_substs_length length_map subst_cls_lists_length) (244 ms)
0.sledgehammer goal.by        55700ms Ordered_Resolution_Prover.FO_Ordered_Resolution 967:35756  some (SH 55698ms, ATP 2131ms): Try this: by (smt (cvc5) \<open>\<And>thesis. (\<And>DA0 \<eta>0 CAs0 \<eta>s0 As0 AAs0 D0 Cs0. \<lbrakk>length CAs0 = n; length \<eta>s0 = n; DA0 \<in> M; DA0 \<cdot> \<eta>0 = DA; S DA0 \<cdot> \<eta>0 = S_M S M DA; \<forall>CA0\<in>set CAs0. CA0 \<in> M; CAs0 \<cdot>\<cdot>cl \<eta>s0 = CAs; map S CAs0 \<cdot>\<cdot>cl \<eta>s0 = map (S_M S M) CAs; is_ground_subst \<eta>0; is_ground_subst_list \<eta>s0; As0 \<cdot>al \<eta>0 = As; AAs0 \<cdot>\<cdot>aml \<eta>s0 = AAs; length As0 = n; D0 \<cdot> \<eta>0 = D; DA0 = D0 + negs (mset As0); S_M S M (D + negs (mset As)) \<noteq> {#} \<Longrightarrow> negs (mset As0) = S DA0; length Cs0 = n; Cs0 \<cdot>\<cdot>cl \<eta>s0 = Cs; \<forall>i<n. CAs0 ! i = Cs0 ! i + poss (AAs0 ! i); length AAs0 = n\<rbrakk> \<Longrightarrow> thesis) \<Longrightarrow> thesis\<close> comp_substs_length length_map subst_cls_lists_length)
0.sledgehammer goal.using     40407ms Ordered_Resolution_Prover.FO_Ordered_Resolution 971:35908  timeout (SH 40405ms): Timed out
0.sledgehammer goal.unfolding 38790ms Ordered_Resolution_Prover.FO_Ordered_Resolution 971:35921  timeout (SH 38788ms): Timed out
0.sledgehammer goal.using     35776ms Ordered_Resolution_Prover.FO_Ordered_Resolution 971:35948  some (SH 35773ms, ATP 1262ms): Try this: by (smt (cvc5, trigger_max) is_renaming_inv_renaming_cancel_cls renames_DA0 subst_cls_comp_subst) (240 ms)
0.sledgehammer goal.by        27977ms Ordered_Resolution_Prover.FO_Ordered_Resolution 971:35966  some (SH 27975ms, ATP 1385ms): Try this: by (smt (cvc5, best) is_renaming_inv_renaming_cancel_cls subst_cls_comp_subst) (230 ms)
0.sledgehammer goal.using     50497ms Ordered_Resolution_Prover.FO_Ordered_Resolution 973:36008  some (SH 50495ms, ATP 2820ms): Try this: by (smt (cvc5, best) D0'_def \<eta>0'_def as0(14) is_renaming_inv_renaming_cancel_cls renames_DA0 subst_cls_comp_subst) (213 ms)
0.sledgehammer goal.unfolding 33408ms Ordered_Resolution_Prover.FO_Ordered_Resolution 973:36022  some (SH 33406ms, ATP 1202ms): Try this: by (smt (cvc5, term_relev) D0'_def \<eta>0'_def is_renaming_inv_renaming_cancel_cls renames_DA0 subst_cls_comp_subst) (174 ms)
0.sledgehammer goal.using     36383ms Ordered_Resolution_Prover.FO_Ordered_Resolution 973:36048  some (SH 36381ms, ATP 1255ms): Try this: by (smt (cvc5, trigger_max) is_renaming_inv_renaming_cancel_cls renames_DA0 subst_cls_comp_subst) (250 ms)
0.sledgehammer goal.by        29216ms Ordered_Resolution_Prover.FO_Ordered_Resolution 973:36066  some (SH 29214ms, ATP 1301ms): Try this: by (smt (cvc5, best) is_renaming_inv_renaming_cancel_cls subst_cls_comp_subst) (218 ms)
0.sledgehammer goal.using     80287ms Ordered_Resolution_Prover.FO_Ordered_Resolution 975:36114  some (SH 80285ms, ATP 1621ms): Try this: by (smt (cvc5, best) As0'_def \<eta>0'_def as0(11) is_renaming_inv_renaming_cancel_atm_list renames_DA0 subst_atm_list_comp_subst) (174 ms)
0.sledgehammer goal.unfolding 27892ms Ordered_Resolution_Prover.FO_Ordered_Resolution 975:36128  some (SH 27890ms, ATP 1532ms): Try this: by (smt (cvc5, trigger_last) As0'_def \<eta>0'_def is_renaming_inv_renaming_cancel_atm_list renames_DA0 subst_atm_list_comp_subst) (178 ms)
0.sledgehammer goal.using     36502ms Ordered_Resolution_Prover.FO_Ordered_Resolution 975:36155  some (SH 36500ms, ATP 1429ms): Try this: by (smt (cvc5, best) is_renaming_inv_renaming_cancel_atm_list renames_DA0 subst_atm_list_comp_subst) (191 ms)
0.sledgehammer goal.by        29292ms Ordered_Resolution_Prover.FO_Ordered_Resolution 975:36173  some (SH 29290ms, ATP 1605ms): Try this: by (smt (cvc5, quant_saturate) is_renaming_inv_renaming_cancel_atm_list subst_atm_list_comp_subst) (354 ms)
0.sledgehammer goal.using     66494ms Ordered_Resolution_Prover.FO_Ordered_Resolution 977:36220  some (SH 66491ms, ATP 1556ms): Try this: by (smt (cvc5, best) DA0'_def \<eta>0'_def as0(5) inv_renaming_cancel_r renames_DA0 sel_stable subst_cls_comp_subst subst_cls_id_subst) (367 ms)
0.sledgehammer goal.unfolding 45693ms Ordered_Resolution_Prover.FO_Ordered_Resolution 977:36233  some (SH 45690ms, ATP 1733ms): Try this: by (smt (cvc5, trigger_max) DA0'_def \<eta>0'_def inv_renaming_cancel_r renames_DA0 sel_stable subst_cls_comp_subst subst_cls_id_subst) (365 ms)
0.sledgehammer goal.using     54521ms Ordered_Resolution_Prover.FO_Ordered_Resolution 977:36260  some (SH 54519ms, ATP 1515ms): Try this: by (smt (cvc5, term_relev) inv_renaming_cancel_r renames_DA0 sel_stable subst_cls_comp_subst subst_cls_id_subst) (586 ms)
0.sledgehammer goal.by        34411ms Ordered_Resolution_Prover.FO_Ordered_Resolution 977:36289  some (SH 34409ms, ATP 1502ms): Try this: by (smt (cvc5, trigger_max) inv_renaming_cancel_r subst_cls_comp_subst subst_cls_id_subst) (330 ms)
0.sledgehammer goal.using     49539ms Ordered_Resolution_Prover.FO_Ordered_Resolution 979:36343  some (SH 49536ms, ATP 4312ms): Try this: by (smt (cvc5, trigger_last) CAs0'_def \<eta>s0'_def as0(1,7) is_renaming_list_inv_renaming_cancel_cls_list n(17) renames_CAs0 subst_cls_lists_comp_substs) (277 ms)
0.sledgehammer goal.unfolding 104324ms Ordered_Resolution_Prover.FO_Ordered_Resolution 979:36356  some (SH 104322ms, ATP 2282ms): Try this: by (smt (cvc5, noematch) CAs0'_def \<eta>s0'_def is_renaming_list_inv_renaming_cancel_cls_list n(17,7) renames_CAs0 subst_cls_lists_comp_substs) (808 ms)
0.sledgehammer goal.using     75863ms Ordered_Resolution_Prover.FO_Ordered_Resolution 979:36385  some (SH 75861ms, ATP 1938ms): Try this: by (smt (cvc5, best) is_renaming_list_inv_renaming_cancel_cls_list n(17,7) renames_CAs0 subst_cls_lists_comp_substs) (535 ms)
0.sledgehammer goal.by        26282ms Ordered_Resolution_Prover.FO_Ordered_Resolution 979:36406  some (SH 26281ms, ATP 2852ms): Try this: by (smt (cvc5, trigger_max) is_renaming_list_inv_renaming_cancel_cls_list subst_cls_lists_comp_substs) (555 ms)
0.sledgehammer goal.using     77341ms Ordered_Resolution_Prover.FO_Ordered_Resolution 981:36456  some (SH 77339ms, ATP 2144ms): Try this: by (smt (cvc5, best) Cs0'_def \<eta>s0'_def as0(18) is_renaming_list_inv_renaming_cancel_cls_list n(11,17) renames_CAs0 subst_cls_lists_comp_substs) (352 ms)
0.sledgehammer goal.unfolding 59516ms Ordered_Resolution_Prover.FO_Ordered_Resolution 981:36470  some (SH 59513ms, ATP 1837ms): Try this: by (smt (cvc5, trigger_max) Cs0'_def \<eta>s0'_def is_renaming_list_inv_renaming_cancel_cls_list n(11,17) renames_CAs0 subst_cls_lists_comp_substs) (318 ms)
0.sledgehammer goal.using     37899ms Ordered_Resolution_Prover.FO_Ordered_Resolution 981:36498  some (SH 37897ms, ATP 1741ms): Try this: by (smt (cvc5, trigger_max) is_renaming_list_inv_renaming_cancel_cls_list n(11,17) renames_CAs0 subst_cls_lists_comp_substs) (224 ms)
0.sledgehammer goal.by        24200ms Ordered_Resolution_Prover.FO_Ordered_Resolution 981:36519  some (SH 24198ms, ATP 3404ms): Try this: by (smt (cvc5, best) subst_cls_lists_comp_substs subst_cls_lists_id_subst substitution.inv_renaming_cancel_r_list substitution_axioms) (426 ms)
0.sledgehammer goal.using     76289ms Ordered_Resolution_Prover.FO_Ordered_Resolution 983:36574  some (SH 76287ms, ATP 2498ms): Try this: by (smt (cvc5, best) AAs0'_def \<eta>s0'_def as0(12) is_renaming_list_inv_renaming_cancel_atm_mset_lists n(10,17) renames_CAs0 subst_atm_mset_lists_comp_substs) (319 ms)
0.sledgehammer goal.unfolding 53550ms Ordered_Resolution_Prover.FO_Ordered_Resolution 983:36588  some (SH 53548ms, ATP 2428ms): Try this: by (smt (cvc5, best) AAs0'_def \<eta>s0'_def is_renaming_list_inv_renaming_cancel_atm_mset_lists n(10,17) renames_CAs0 subst_atm_mset_lists_comp_substs) (317 ms)
0.sledgehammer goal.using     37258ms Ordered_Resolution_Prover.FO_Ordered_Resolution 983:36617  some (SH 37257ms, ATP 1855ms): Try this: by (smt (cvc5, best) is_renaming_list_inv_renaming_cancel_atm_mset_lists n(10,17) renames_CAs0 subst_atm_mset_lists_comp_substs) (264 ms)
0.sledgehammer goal.using     27786ms Ordered_Resolution_Prover.FO_Ordered_Resolution 983:36636  some (SH 27784ms, ATP 1801ms): Try this: by (smt (cvc5, quant_saturate) is_renaming_list_inv_renaming_cancel_atm_mset_lists n(10,17) subst_atm_mset_lists_comp_substs) (252 ms)
0.sledgehammer goal.by        27593ms Ordered_Resolution_Prover.FO_Ordered_Resolution 983:36644  some (SH 27590ms, ATP 3702ms): Try this: by (smt (cvc5, quant_saturate) subst_atm_mset_lists_comp_substs subst_atm_mset_lists_id_subst substitution.inv_renaming_cancel_r_list substitution_axioms) (332 ms)
0.sledgehammer goal.unfolding 38121ms Ordered_Resolution_Prover.FO_Ordered_Resolution 985:36707  timeout (SH 38119ms): Timed out
0.sledgehammer goal.using     85372ms Ordered_Resolution_Prover.FO_Ordered_Resolution 985:36736  some (SH 85370ms, ATP 4892ms): Try this: by (smt (cvc5, trigger_max) as0(8) id_subst_comp_substs n(17,7,8) renames_CAs0 sel_ren_list_inv subst_cls_lists_comp_substs substitution.inv_renaming_cancel_r_list substitution_axioms) (652 ms)
0.sledgehammer goal.by        66777ms Ordered_Resolution_Prover.FO_Ordered_Resolution 985:36781  some (SH 66775ms, ATP 5643ms): Try this: by (smt (cvc5, trigger_last) id_subst_comp_substs subst_cls_lists_comp_substs substitution.inv_renaming_cancel_r_list substitution_axioms) (1.3 s)
0.sledgehammer goal.using     77368ms Ordered_Resolution_Prover.FO_Ordered_Resolution 988:36845  some (SH 77366ms, ATP 2167ms): Try this: by (smt (cvc5, best) As0'_def D0'_def DA0'_def as0(15) mset_subst_atm_list_subst_atm_mset subst_cls_negs subst_cls_union) (133 ms)
0.sledgehammer goal.by        30407ms Ordered_Resolution_Prover.FO_Ordered_Resolution 988:36885  some (SH 30404ms, ATP 1605ms): Try this: by (smt (cvc5, best) mset_subst_atm_list_subst_atm_mset subst_cls_negs subst_cls_union) (111 ms)
0.sledgehammer goal.by         8993ms Ordered_Resolution_Prover.FO_Ordered_Resolution 990:36940  some (SH 8991ms, ATP 1069ms): Try this: by (smt (cvc5, trigger_relev) mset_subset_eq_add_left) (55 ms)
0.sledgehammer goal.by        12866ms Ordered_Resolution_Prover.FO_Ordered_Resolution 992:37025  some (SH 12865ms, ATP 2306ms): Try this: by (smt (cvc5, trigger_relev) mset_subset_eq_add_right) (111 ms)
0.sledgehammer goal.using     120108ms Ordered_Resolution_Prover.FO_Ordered_Resolution 995:37106  some (SH 120106ms, ATP 2958ms): Try this: by (smt (cvc5) AAs0'_def CAs0'_def Cs0'_def as0(19) n(10,11,17,7) subst_atm_mset_lists_nth subst_cls_lists_nth subst_cls_poss subst_cls_union)
0.sledgehammer goal.by        32686ms Ordered_Resolution_Prover.FO_Ordered_Resolution 995:37151  some (SH 32684ms, ATP 5155ms): Try this: by (smt (cvc5) subst_atm_mset_lists_nth subst_cls_lists_nth subst_cls_poss subst_cls_union)
0.sledgehammer goal.by        14014ms Ordered_Resolution_Prover.FO_Ordered_Resolution 997:37205  some (SH 14012ms, ATP 2127ms): Try this: by (smt (cvc5, trigger_last) mset_subset_eq_add_left) (120 ms)
0.sledgehammer goal.by        11232ms Ordered_Resolution_Prover.FO_Ordered_Resolution 999:37304  some (SH 11230ms, ATP 2168ms): Try this: by (smt (cvc5, best) mset_subset_eq_add_right) (162 ms)
0.sledgehammer goal.by        91623ms Ordered_Resolution_Prover.FO_Ordered_Resolution 1001:37401  some (SH 91622ms, ATP 3083ms): Try this: by (smt (cvc5, trigger_last) CAs0'_split atm_imp_pos_or_neg_lit atms_of_poss neg_lit_in_atms_of pos_lit_in_atms_of union_iff) (359 ms)
0.sledgehammer goal.proof     91361ms Ordered_Resolution_Prover.FO_Ordered_Resolution 1005:37529  some (SH 91360ms, ATP 1659ms): Try this: by (smt (cvc5, best) As0'_def DA0'_def as0(16) mset_subst_atm_list_subst_atm_mset renames_DA0 sel_stable subst_cls_negs) (195 ms)
0.sledgehammer goal.using     10578ms Ordered_Resolution_Prover.FO_Ordered_Resolution 1008:37642  some (SH 10577ms, ATP 979ms): Try this: by (smt (cvc5, term_relev) as0(16)) (144 ms)
0.sledgehammer goal.unfolding  8664ms Ordered_Resolution_Prover.FO_Ordered_Resolution 1008:37656  some (SH 8662ms, ATP 1202ms): Try this: by (smt (cvc5, term_relev)) (199 ms)
0.sledgehammer goal.by         7694ms Ordered_Resolution_Prover.FO_Ordered_Resolution 1008:37672  some (SH 7692ms, ATP 1518ms): Try this: by (smt (cvc5, trigger_relev)) (166 ms)
0.sledgehammer goal.using     53350ms Ordered_Resolution_Prover.FO_Ordered_Resolution 1010:37729  some (SH 53310ms, ATP 3172ms): Try this: by (smt (cvc5, quant_saturate) As0'_def DA0'_def mset_subst_atm_list_subst_atm_mset renames_DA0 sel_stable subst_cls_negs) (397 ms)
0.sledgehammer goal.using     41374ms Ordered_Resolution_Prover.FO_Ordered_Resolution 1010:37754  some (SH 41372ms, ATP 2217ms): Try this: by (smt (cvc5, quant_saturate) mset_subst_atm_list_subst_atm_mset renames_DA0 sel_stable subst_cls_negs) (326 ms)
0.sledgehammer goal.by        32442ms Ordered_Resolution_Prover.FO_Ordered_Resolution 1010:37793  some (SH 32439ms, ATP 1892ms): Try this: by (smt (cvc5, quant_saturate) mset_subst_atm_list_subst_atm_mset subst_cls_negs) (136 ms)
0.sledgehammer goal.unfolding 106472ms Ordered_Resolution_Prover.FO_Ordered_Resolution 1014:37853  some (SH 106470ms, ATP 2206ms): Try this: by (smt (cvc5, best) CAs0'_def DA0'_def \<rho>_def \<rho>s_def length_Suc_conv list.sel(1,3) n(6) renamings_apart_var_disjoint subst_cls_lists_Cons) (234 ms)
0.sledgehammer goal.using     61428ms Ordered_Resolution_Prover.FO_Ordered_Resolution 1014:37882  some (SH 61425ms, ATP 2245ms): Try this: by (smt (cvc5, best) Nitpick.size_list_simp(2) \<rho>_def \<rho>s_def list.exhaust_sel n(6) nat.distinct(1) renamings_apart_var_disjoint subst_cls_lists_Cons) (360 ms)
0.sledgehammer goal.unfolding 84196ms Ordered_Resolution_Prover.FO_Ordered_Resolution 1015:37921  some (SH 84194ms, ATP 2019ms): Try this: by (smt (cvc5, quant_saturate) \<rho>_def \<rho>s_def list.exhaust_sel list.size(3) n(6) nat.distinct(1) subst_cls_lists_Cons) (381 ms)
0.sledgehammer goal.by        87716ms Ordered_Resolution_Prover.FO_Ordered_Resolution 1016:37948  some (SH 87713ms, ATP 2425ms): Try this: by (smt (cvc5, noematch) list.exhaust_sel list.size(3) n(6) nat.distinct(1) subst_cls_lists_Cons) (1.0 s)
0.sledgehammer goal.unfolding 40302ms Ordered_Resolution_Prover.FO_Ordered_Resolution 1020:38187  timeout (SH 40300ms): Timed out
0.sledgehammer goal.using     38035ms Ordered_Resolution_Prover.FO_Ordered_Resolution 1020:38214  timeout (SH 38033ms): Timed out
0.sledgehammer goal.by        36801ms Ordered_Resolution_Prover.FO_Ordered_Resolution 1020:38222  timeout (SH 36798ms): Timed out
0.sledgehammer goal.by         9707ms Ordered_Resolution_Prover.FO_Ordered_Resolution 1022:38332  some (SH 9705ms, ATP 1679ms): Try this: by (smt (cvc5, quant_saturate)) (882 ms)
0.sledgehammer goal.proof     37179ms Ordered_Resolution_Prover.FO_Ordered_Resolution 1024:38431  timeout (SH 37177ms): Timed out
0.sledgehammer goal.using     11627ms Ordered_Resolution_Prover.FO_Ordered_Resolution 1030:38648  some (SH 11625ms, ATP 2025ms): Try this: by (smt (cvc5, quant_saturate) \<eta>_p) (626 ms)
0.sledgehammer goal.by         9490ms Ordered_Resolution_Prover.FO_Ordered_Resolution 1030:38658  some (SH 9488ms, ATP 2003ms): Try this: by (smt (cvc5, quant_saturate)) (795 ms)
0.sledgehammer goal.using     18865ms Ordered_Resolution_Prover.FO_Ordered_Resolution 1032:38729  some (SH 18863ms, ATP 1288ms): Try this: by (smt (cvc5, best) a(2) single_subset_iff) (132 ms)
0.sledgehammer goal.by        14024ms Ordered_Resolution_Prover.FO_Ordered_Resolution 1032:38737  some (SH 14022ms, ATP 1342ms): Try this: by (smt (cvc5, trigger_max) single_subset_iff) (90 ms)
0.sledgehammer goal.by        15641ms Ordered_Resolution_Prover.FO_Ordered_Resolution 1033:38813  some (SH 15639ms, ATP 1350ms): Try this: by (smt (cvc5, best) add_mset_eq_single subst_cls_single) (111 ms)
0.sledgehammer goal.proof     38662ms Ordered_Resolution_Prover.FO_Ordered_Resolution 1036:38927  timeout (SH 38660ms): Timed out
0.sledgehammer goal.unfolding 38785ms Ordered_Resolution_Prover.FO_Ordered_Resolution 1042:39140  some (SH 38783ms, ATP 5661ms): Try this: by (smt (cvc5, quant_saturate) atms_of_def imageE) (239 ms)
0.sledgehammer goal.by        11772ms Ordered_Resolution_Prover.FO_Ordered_Resolution 1042:39162  some (SH 11770ms, ATP 1491ms): Try this: by (smt (cvc5, term_relev) imageE) (294 ms)
0.sledgehammer goal.using     14384ms Ordered_Resolution_Prover.FO_Ordered_Resolution 1044:39221  some (SH 14382ms, ATP 888ms): Try this: by (smt (cvc5, trigger_relev) \<eta>_p_lit a(1)) (473 ms)
0.sledgehammer goal.by         8637ms Ordered_Resolution_Prover.FO_Ordered_Resolution 1044:39237  some (SH 8635ms, ATP 907ms): Try this: by (smt (cvc5, fmf)) (667 ms)
0.sledgehammer goal.using     17939ms Ordered_Resolution_Prover.FO_Ordered_Resolution 1046:39298  some (SH 17936ms, ATP 1455ms): Try this: by (smt (cvc5, noematch) L_p atm_of_subst_lit) (145 ms)
0.sledgehammer goal.unfolding  8502ms Ordered_Resolution_Prover.FO_Ordered_Resolution 1046:39308  some (SH 8501ms, ATP 1297ms): Try this: by (smt (cvc5, noematch) atm_of_subst_lit) (189 ms)
0.sledgehammer goal.by        20432ms Ordered_Resolution_Prover.FO_Ordered_Resolution 1046:39332  some (SH 20431ms, ATP 1254ms): Try this: by (smt (cvc5, term_relev) \<open>L \<cdot>l (\<eta>0' # \<eta>s0') ! i = L \<cdot>l \<eta>\<close> atm_of_subst_lit) (164 ms)
0.sledgehammer goal.using     37882ms Ordered_Resolution_Prover.FO_Ordered_Resolution 1050:39393  timeout (SH 37880ms): Timed out
0.sledgehammer goal.by        108369ms Ordered_Resolution_Prover.FO_Ordered_Resolution 1050:39411  some (SH 108367ms, ATP 3117ms): Try this: by (smt (cvc5, noematch) D0'_subset_DA0' DA0'_split negs_As0'_subset_DA0' nth_Cons_0 subst_cls_union zero_less_Suc) (847 ms)
0.sledgehammer goal.using     155705ms Ordered_Resolution_Prover.FO_Ordered_Resolution 1051:39440  timeout (SH 155702ms):
0.sledgehammer goal.by        26793ms Ordered_Resolution_Prover.FO_Ordered_Resolution 1051:39474  some (SH 26790ms, ATP 4304ms): Try this: by (smt (cvc5, trigger_max) nth_Cons_0 zero_less_Suc) (404 ms)
0.sledgehammer goal.proof     36223ms Ordered_Resolution_Prover.FO_Ordered_Resolution 1053:39509  timeout (SH 36222ms): Timed out
0.sledgehammer goal.using     13610ms Ordered_Resolution_Prover.FO_Ordered_Resolution 1055:39585  some (SH 13608ms, ATP 1912ms): Try this: by (smt (cvc5, best) as_len n(3) subst_atm_list_length) (52 ms)
0.sledgehammer goal.by         8885ms Ordered_Resolution_Prover.FO_Ordered_Resolution 1055:39593  some (SH 8883ms, ATP 1880ms): Try this: by (smt (cvc5, trigger_last) subst_atm_list_length) (122 ms)
0.sledgehammer goal.proof     37268ms Ordered_Resolution_Prover.FO_Ordered_Resolution 1059:39683  timeout (SH 37267ms): Timed out
0.sledgehammer goal.using     89495ms Ordered_Resolution_Prover.FO_Ordered_Resolution 1062:39801  some (SH 89493ms, ATP 3778ms): Try this: by (smt (cvc5, best) \<eta>_p_atm nth_Cons_0 zero_less_Suc) (343 ms)
0.sledgehammer goal.by        55897ms Ordered_Resolution_Prover.FO_Ordered_Resolution 1062:39817  some (SH 55895ms, ATP 2282ms): Try this: by (smt (cvc5, best) nth_Cons_0 zero_less_Suc) (765 ms)
0.sledgehammer goal.using     129385ms Ordered_Resolution_Prover.FO_Ordered_Resolution 1064:39871  some (SH 129383ms, ATP 2948ms): Try this: by (smt (cvc5, trigger_relev) a image_eqI multiset.set_map neg_lit_in_atms_of negs_As0'_subset_DA0' nth_mem_mset set_mset_mono subsetD subst_atm_list_length) (393 ms)
0.sledgehammer goal.unfolding 95686ms Ordered_Resolution_Prover.FO_Ordered_Resolution 1064:39899  some (SH 95684ms, ATP 3205ms): Try this: by (smt (cvc5, term_relev) a atms_of_negs lits_subseteq_imp_atms_subseteq nth_mem set_mset_mono set_mset_mset subsetD subst_atm_list_length) (241 ms)
0.sledgehammer goal.using     61615ms Ordered_Resolution_Prover.FO_Ordered_Resolution 1065:39929  some (SH 61613ms, ATP 4742ms): Try this: by (smt (cvc5, fmf) a atms_of_def atms_of_negs lits_subseteq_imp_atms_subseteq nth_mem set_mset_mono set_mset_mset subsetD subst_atm_list_length) (348 ms)
0.sledgehammer goal.by        73810ms Ordered_Resolution_Prover.FO_Ordered_Resolution 1065:39939  some (SH 73808ms, ATP 1935ms): Try this: by (smt (cvc5, quant_saturate) atms_of_def image_subset_iff multiset.set_map neg_lit_in_atms_of nth_mem_mset set_mset_mono subst_atm_list_length) (453 ms)
0.sledgehammer goal.using      9461ms Ordered_Resolution_Prover.FO_Ordered_Resolution 1067:40007  some (SH 9458ms, ATP 1002ms): Try this: by (smt (cvc5, trigger_relev) A_eq) (152 ms)
0.sledgehammer goal.by         6169ms Ordered_Resolution_Prover.FO_Ordered_Resolution 1067:40018  some (SH 6167ms, ATP 898ms): Try this: by (smt (cvc5, trigger_last)) (210 ms)
0.sledgehammer goal.using     42386ms Ordered_Resolution_Prover.FO_Ordered_Resolution 1069:40078  some (SH 41857ms, ATP 2007ms): Try this: by (smt (cvc5, term_relev) As0'_As a subst_atm_list_length subst_atm_list_nth) (357 ms)
0.sledgehammer goal.by        23807ms Ordered_Resolution_Prover.FO_Ordered_Resolution 1069:40112  some (SH 23805ms, ATP 1211ms): Try this: by (smt (cvc5, term_relev) subst_atm_list_length subst_atm_list_nth) (308 ms)
0.sledgehammer goal.by         8268ms Ordered_Resolution_Prover.FO_Ordered_Resolution 1074:40161  some (SH 8266ms, ATP 1206ms): Try this: by (smt (cvc5, trigger_max) local.select) (68 ms)
0.sledgehammer goal.using     78410ms Ordered_Resolution_Prover.FO_Ordered_Resolution 1077:40216  some (SH 77733ms, ATP 1644ms): Try this: by (smt (cvc5) \<open>As0' \<cdot>al \<eta> = As\<close> \<open>S DA0' \<cdot> \<eta>0' = S_M S M DA\<close> as0' da eligible.cases local.ord_resolve(11) mset_subst_atm_list_subst_atm_mset subst_cls_empty_iff subst_cls_negs)
0.sledgehammer goal.by        30784ms Ordered_Resolution_Prover.FO_Ordered_Resolution 1077:40275  some (SH 30782ms, ATP 1953ms): Try this: by (smt (cvc5) \<open>As0' \<cdot>al \<eta> = As\<close> as0' da eligible.cases local.eligible mset_subst_atm_list_subst_atm_mset subst_cls_empty_iff subst_cls_negs)
0.sledgehammer goal.using     37689ms Ordered_Resolution_Prover.FO_Ordered_Resolution 1080:40367  timeout (SH 37687ms): Timed out
0.sledgehammer goal.by        37945ms Ordered_Resolution_Prover.FO_Ordered_Resolution 1080:40375  timeout (SH 37944ms): Timed out
0.sledgehammer goal.using     62036ms Ordered_Resolution_Prover.FO_Ordered_Resolution 1082:40431  some (SH 62033ms, ATP 1392ms): Try this: by (smt (cvc5, noematch) CAs0'_CAs cas_len n(1,2) nth_equalityI subst_cls_list_length subst_cls_list_nth subst_cls_lists_nth) (2.5 s)
0.sledgehammer goal.by        36912ms Ordered_Resolution_Prover.FO_Ordered_Resolution 1082:40439  timeout (SH 36911ms): Timed out
0.sledgehammer goal.using      8200ms Ordered_Resolution_Prover.FO_Ordered_Resolution 1084:40522  some (SH 8198ms, ATP 1788ms): Try this: by (smt (cvc5, best) CAs0'_CAs) (48 ms)
0.sledgehammer goal.by         7917ms Ordered_Resolution_Prover.FO_Ordered_Resolution 1084:40544  some (SH 7509ms, ATP 1134ms): Try this: by (smt (cvc5, fmf)) (129 ms)
0.sledgehammer goal.using     40965ms Ordered_Resolution_Prover.FO_Ordered_Resolution 1087:40628  timeout (SH 39965ms): Timed out
0.sledgehammer goal.by        37310ms Ordered_Resolution_Prover.FO_Ordered_Resolution 1087:40657  timeout (SH 37307ms): Timed out
0.sledgehammer goal.using     43823ms Ordered_Resolution_Prover.FO_Ordered_Resolution 1089:40725  timeout (SH 43822ms): Timed out
0.sledgehammer goal.by        35412ms Ordered_Resolution_Prover.FO_Ordered_Resolution 1089:40733  timeout (SH 35410ms): Timed out
0.sledgehammer goal.using      9529ms Ordered_Resolution_Prover.FO_Ordered_Resolution 1091:40839  some (SH 9528ms, ATP 913ms): Try this: by (smt (cvc5, trigger_max) \<open>map S CAs0' \<cdot>\<cdot>cl \<eta>s0' = map (S_M S M) CAs\<close>) (127 ms)
0.sledgehammer goal.by         8173ms Ordered_Resolution_Prover.FO_Ordered_Resolution 1091:40889  some (SH 8171ms, ATP 1046ms): Try this: by (smt (cvc5, best)) (231 ms)
0.sledgehammer goal.proof     49978ms Ordered_Resolution_Prover.FO_Ordered_Resolution 1094:40925  timeout (SH 48872ms): Timed out
0.sledgehammer goal.using     11195ms Ordered_Resolution_Prover.FO_Ordered_Resolution 1096:41001  some (SH 11193ms, ATP 1196ms): Try this: by (smt (cvc5, best) cs_len n(5) subst_cls_list_length) (62 ms)
0.sledgehammer goal.by         6591ms Ordered_Resolution_Prover.FO_Ordered_Resolution 1096:41009  some (SH 6589ms, ATP 934ms): Try this: by (smt (cvc5, trigger_relev) subst_cls_list_length) (99 ms)
0.sledgehammer goal.proof     35078ms Ordered_Resolution_Prover.FO_Ordered_Resolution 1100:41099  timeout (SH 34526ms): Timed out
0.sledgehammer goal.using     10242ms Ordered_Resolution_Prover.FO_Ordered_Resolution 1103:41181  some (SH 10240ms, ATP 1009ms): Try this: by (smt (cvc5, best) n(5) subst_cls_list_length) (49 ms)
0.sledgehammer goal.by         7659ms Ordered_Resolution_Prover.FO_Ordered_Resolution 1103:41189  some (SH 7657ms, ATP 1334ms): Try this: by (smt (cvc5, best) subst_cls_list_length) (73 ms)
0.sledgehammer goal.using      9081ms Ordered_Resolution_Prover.FO_Ordered_Resolution 1105:41249  some (SH 8868ms, ATP 1716ms): Try this: by (smt (cvc5, trigger_last) Cs0'_Cs) (51 ms)
0.sledgehammer goal.by         7808ms Ordered_Resolution_Prover.FO_Ordered_Resolution 1105:41267  some (SH 7806ms, ATP 1555ms): Try this: by (smt (cvc5, term_relev)) (137 ms)
0.sledgehammer goal.using     55083ms Ordered_Resolution_Prover.FO_Ordered_Resolution 1108:41365  timeout (SH 54334ms): Timed out
0.sledgehammer goal.by        51642ms Ordered_Resolution_Prover.FO_Ordered_Resolution 1108:41377  some (SH 51639ms, ATP 1564ms): Try this: by (smt (cvc5, best) Suc_less_eq nth_Cons_Suc) (409 ms)
0.sledgehammer goal.using     96159ms Ordered_Resolution_Prover.FO_Ordered_Resolution 1110:41446  some (SH 96157ms, ATP 1391ms): Try this: by (smt (cvc5, fmf) \<eta>_p_CAs0' \<open>\<forall>i<n. Cs0' ! i \<subseteq># CAs0' ! i\<close> a n(5) subst_cls_list_nth) (520 ms)
0.sledgehammer goal.by        19445ms Ordered_Resolution_Prover.FO_Ordered_Resolution 1110:41496  some (SH 19442ms, ATP 2037ms): Try this: by (smt (cvc5, fmf) subst_cls_list_nth) (507 ms)
0.sledgehammer goal.using     43464ms Ordered_Resolution_Prover.FO_Ordered_Resolution 1112:41572  some (SH 43462ms, ATP 1064ms): Try this: by (smt (cvc5, fmf) a n(2,5) subst_cls_lists_nth) (766 ms)
0.sledgehammer goal.by         9013ms Ordered_Resolution_Prover.FO_Ordered_Resolution 1112:41582  some (SH 9011ms, ATP 1885ms): Try this: by (smt (cvc5, quant_saturate) subst_cls_lists_nth) (447 ms)
0.sledgehammer goal.by         8139ms Ordered_Resolution_Prover.FO_Ordered_Resolution 1114:41649  some (SH 8138ms, ATP 943ms): Try this: by (smt (cvc5, best)) (218 ms)
0.sledgehammer goal.proof     42364ms Ordered_Resolution_Prover.FO_Ordered_Resolution 1119:41713  timeout (SH 42295ms): Timed out
0.sledgehammer goal.using     33694ms Ordered_Resolution_Prover.FO_Ordered_Resolution 1121:41792  some (SH 33692ms, ATP 1030ms): Try this: by (smt (cvc5, trigger_relev) aas_len length_subst_atm_mset_list n(4)) (196 ms)
0.sledgehammer goal.by         7802ms Ordered_Resolution_Prover.FO_Ordered_Resolution 1121:41800  some (SH 7800ms, ATP 796ms): Try this: by (smt (cvc5, quant_saturate) length_subst_atm_mset_list) (229 ms)
0.sledgehammer goal.proof     39024ms Ordered_Resolution_Prover.FO_Ordered_Resolution 1125:41895  timeout (SH 38307ms): Timed out
0.sledgehammer goal.using     14706ms Ordered_Resolution_Prover.FO_Ordered_Resolution 1128:41979  some (SH 14703ms, ATP 1075ms): Try this: by (smt (cvc5, best) length_subst_atm_mset_list n(4)) (38 ms)
0.sledgehammer goal.by        10069ms Ordered_Resolution_Prover.FO_Ordered_Resolution 1128:41987  some (SH 10067ms, ATP 944ms): Try this: by (smt (cvc5, fmf) length_subst_atm_mset_list) (120 ms)
0.sledgehammer goal.using     23748ms Ordered_Resolution_Prover.FO_Ordered_Resolution 1130:42100  some (SH 23747ms, ATP 1856ms): Try this: by (smt (cvc5, trigger_relev) Suc_less_eq \<eta>_p_atm) (497 ms)
0.sledgehammer goal.by        10528ms Ordered_Resolution_Prover.FO_Ordered_Resolution 1130:42116  some (SH 10526ms, ATP 1794ms): Try this: by (smt (cvc5, trigger_relev) Suc_less_eq) (398 ms)
0.sledgehammer goal.by        15952ms Ordered_Resolution_Prover.FO_Ordered_Resolution 1132:42210  some (SH 15765ms, ATP 1587ms): Try this: by (smt (cvc5, term_relev) nth_Cons_Suc) (236 ms)
0.sledgehammer goal.using     17440ms Ordered_Resolution_Prover.FO_Ordered_Resolution 1134:42291  some (SH 17438ms, ATP 1006ms): Try this: by (smt (cvc5, fmf) AAs0'_in_atms_of_CAs0' \<open>i < n\<close>) (717 ms)
0.sledgehammer goal.unfolding 10676ms Ordered_Resolution_Prover.FO_Ordered_Resolution 1134:42320  some (SH 10674ms, ATP 1132ms): Try this: by (smt (cvc5, fmf) \<open>i < n\<close>) (888 ms)
0.sledgehammer goal.using     12182ms Ordered_Resolution_Prover.FO_Ordered_Resolution 1135:42350  some (SH 12180ms, ATP 1157ms): Try this: by (smt (cvc5, term_relev) \<open>i < n\<close>) (498 ms)
0.sledgehammer goal.by         9855ms Ordered_Resolution_Prover.FO_Ordered_Resolution 1135:42360  some (SH 9853ms, ATP 1086ms): Try this: by (smt (cvc5, term_relev) \<open>i < n\<close>) (582 ms)
0.sledgehammer goal.unfolding 33187ms Ordered_Resolution_Prover.FO_Ordered_Resolution 1137:42437  timeout (SH 33185ms): Timed out
0.sledgehammer goal.using     55152ms Ordered_Resolution_Prover.FO_Ordered_Resolution 1137:42466  some (SH 55151ms, ATP 1224ms): Try this: by (smt (cvc5, fmf) A_eq image_mset_cong) (675 ms)
0.sledgehammer goal.unfolding 21921ms Ordered_Resolution_Prover.FO_Ordered_Resolution 1137:42477  some (SH 21920ms, ATP 3009ms): Try this: by (smt (cvc5, trigger_max) image_mset_cong) (436 ms)
0.sledgehammer goal.by        24715ms Ordered_Resolution_Prover.FO_Ordered_Resolution 1137:42506  some (SH 24712ms, ATP 1091ms): Try this: by (smt (cvc5, trigger_relev) image_mset_cong) (1.1 s)
0.sledgehammer goal.using     144622ms Ordered_Resolution_Prover.FO_Ordered_Resolution 1139:42570  some (SH 144620ms, ATP 1214ms): Try this: by (smt (cvc5, fmf) AAs0'_AAs \<open>i < n\<close> n(2,4) subst_atm_mset_list_nth subst_atm_mset_lists_nth) (1.1 s)
0.sledgehammer goal.by        63631ms Ordered_Resolution_Prover.FO_Ordered_Resolution 1139:42625  some (SH 63629ms, ATP 871ms): Try this: by (smt (cvc5, best) \<open>i < n\<close> subst_atm_mset_list_nth subst_atm_mset_lists_nth) (1.2 s)
0.sledgehammer goal.proof     37362ms Ordered_Resolution_Prover.FO_Ordered_Resolution 1147:42790  timeout (SH 37360ms): Timed out
0.sledgehammer goal.using     134635ms Ordered_Resolution_Prover.FO_Ordered_Resolution 1149:42894  some (SH 134633ms, ATP 716ms): Try this: by (smt (cvc5, term_relev) AAs0'_AAs \<open>As0' \<cdot>al \<eta> = As\<close> image_iff is_unifiers_mgu list.set_finite list.set_map mgu multiset.set_finite) (1.1 s)
0.sledgehammer goal.unfolding 98369ms Ordered_Resolution_Prover.FO_Ordered_Resolution 1149:42925  some (SH 98367ms, ATP 346ms): Try this: by (smt (cvc5, trigger_last) AAs0'_AAs \<open>As0' \<cdot>al \<eta> = As\<close> finite_imageI imageE list.set_finite multiset.set_finite) (772 ms)
0.sledgehammer goal.using     109751ms Ordered_Resolution_Prover.FO_Ordered_Resolution 1149:42956  some (SH 109748ms, ATP 4191ms): Try this: by (smt (cvc5, trigger_last) Setcompr_eq_image \<open>As0' \<cdot>al \<eta> = As\<close> finite_imageI list.set_finite mem_Collect_eq multiset.set_finite) (1.5 s)
0.sledgehammer goal.by        72890ms Ordered_Resolution_Prover.FO_Ordered_Resolution 1149:42980  some (SH 72888ms, ATP 4104ms): Try this: by (smt (cvc5, best) Setcompr_eq_image finite_imageI list.set_finite mem_Collect_eq multiset.set_finite) (754 ms)
0.sledgehammer goal.proof     37856ms Ordered_Resolution_Prover.FO_Ordered_Resolution 1151:43074  timeout (SH 37855ms): Timed out
0.sledgehammer goal.unfolding 35355ms Ordered_Resolution_Prover.FO_Ordered_Resolution 1154:43211  timeout (SH 35350ms): Timed out
0.sledgehammer goal.using     35301ms Ordered_Resolution_Prover.FO_Ordered_Resolution 1154:43261  timeout (SH 35296ms): Timed out
0.sledgehammer goal.by        58534ms Ordered_Resolution_Prover.FO_Ordered_Resolution 1155:43309  some (SH 58531ms, ATP 1051ms): Try this: by (smt (cvc5) image_cong image_image image_image list.set_map multiset.set_map)
0.sledgehammer goal.using     36560ms Ordered_Resolution_Prover.FO_Ordered_Resolution 1157:43461  some (SH 36558ms, ATP 1098ms): Try this: by (smt (cvc5, trigger_last) map2_add_mset_map n(3,4) uu) (488 ms)
0.sledgehammer goal.by        41535ms Ordered_Resolution_Prover.FO_Ordered_Resolution 1157:43470  some (SH 41533ms, ATP 1087ms): Try this: by (smt (cvc5, noematch) map2_add_mset_map n(3,4)) (1.0 s)
0.sledgehammer goal.using      9682ms Ordered_Resolution_Prover.FO_Ordered_Resolution 1159:43538  some (SH 9680ms, ATP 1115ms): Try this: by (smt (cvc5, quant_saturate) is_unifiers_comp) (100 ms)
0.sledgehammer goal.by         7016ms Ordered_Resolution_Prover.FO_Ordered_Resolution 1159:43561  some (SH 6929ms, ATP 930ms): Try this: by (smt (cvc5, trigger_relev)) (167 ms)
0.sledgehammer goal.using     50272ms Ordered_Resolution_Prover.FO_Ordered_Resolution 1163:43677  some (SH 49879ms, ATP 2468ms): Try this: by (smt (cvc5, quant_saturate) Setcompr_eq_image finite_imageI list.set_finite mem_Collect_eq mgu_complete multiset.set_finite) (571 ms)
0.sledgehammer goal.by        64984ms Ordered_Resolution_Prover.FO_Ordered_Resolution 1164:43702  some (SH 64982ms, ATP 2648ms): Try this: by (smt (cvc5, best) Setcompr_eq_image finite_imageI list.set_finite mem_Collect_eq multiset.set_finite) (900 ms)
0.sledgehammer goal.by        130009ms Ordered_Resolution_Prover.FO_Ordered_Resolution 1166:43857  some (SH 130006ms, ATP 1507ms): Try this: by (smt (cvc5) Setcompr_eq_image \<eta>\<sigma>uni finite_imageI is_mgu_most_general list.set_finite mem_Collect_eq multiset.set_finite)
0.sledgehammer goal.using     10603ms Ordered_Resolution_Prover.FO_Ordered_Resolution 1169:44072  some (SH 10601ms, ATP 1120ms): Try this: by (smt (cvc5, noematch) that) (791 ms)
0.sledgehammer goal.by         9215ms Ordered_Resolution_Prover.FO_Ordered_Resolution 1169:44083  some (SH 9156ms, ATP 1112ms): Try this: by (smt (cvc5, trigger_last)) (1.0 s)
0.sledgehammer goal.proof     35145ms Ordered_Resolution_Prover.FO_Ordered_Resolution 1174:44190  timeout (SH 35143ms): Timed out
0.sledgehammer goal.using     38763ms Ordered_Resolution_Prover.FO_Ordered_Resolution 1177:44375  some (SH 38761ms, ATP 1690ms): Try this: by (smt (cvc5, best) eligible.simps local.eligible) (1.6 s)
0.sledgehammer goal.unfolding 15443ms Ordered_Resolution_Prover.FO_Ordered_Resolution 1177:44390  some (SH 15442ms, ATP 1557ms): Try this: by (smt (cvc5, best) eligible.simps) (1.9 s)
0.sledgehammer goal.by        14407ms Ordered_Resolution_Prover.FO_Ordered_Resolution 1177:44415  some (SH 14405ms, ATP 1601ms): Try this: by (smt (cvc5, fmf)) (2.4 s)
0.sledgehammer goal.proof     39142ms Ordered_Resolution_Prover.FO_Ordered_Resolution 1179:44449  timeout (SH 39140ms): Timed out
0.sledgehammer goal.using     33464ms Ordered_Resolution_Prover.FO_Ordered_Resolution 1182:44577  timeout (SH 33462ms): Timed out
0.sledgehammer goal.by        34375ms Ordered_Resolution_Prover.FO_Ordered_Resolution 1182:44585  some (SH 34373ms, ATP 1378ms): Try this: by (smt (cvc5, quant_saturate) image_mset_is_empty_iff size_empty size_mset) (71 ms)
0.sledgehammer goal.using      9005ms Ordered_Resolution_Prover.FO_Ordered_Resolution 1184:44666  some (SH 9003ms, ATP 997ms): Try this: by (smt (cvc5, best) DA0'_split as0') (77 ms)
0.sledgehammer goal.by         6808ms Ordered_Resolution_Prover.FO_Ordered_Resolution 1184:44688  some (SH 6806ms, ATP 1062ms): Try this: by (smt (cvc5, best)) (118 ms)
0.sledgehammer goal.unfolding 17637ms Ordered_Resolution_Prover.FO_Ordered_Resolution 1186:44728  some (SH 16730ms, ATP 1395ms): Try this: by (smt (cvc5, quant_saturate) eligible.simps) (1.2 s)
0.sledgehammer goal.by         8093ms Ordered_Resolution_Prover.FO_Ordered_Resolution 1186:44766  some (SH 8091ms, ATP 1494ms): Try this: by (smt (cvc5, noematch)) (82 ms)
0.sledgehammer goal.using     64181ms Ordered_Resolution_Prover.FO_Ordered_Resolution 1191:44976  some (SH 62975ms, ATP 1746ms): Try this: by (smt (cvc5, quant_saturate) DA0'_split \<open>S DA0' \<cdot> \<eta> = S_M S M DA\<close> da subst_cls_empty_iff) (96 ms)
0.sledgehammer goal.by        10262ms Ordered_Resolution_Prover.FO_Ordered_Resolution 1192:45110  some (SH 10259ms, ATP 1545ms): Try this: by (smt (cvc5, quant_saturate)) (368 ms)
0.sledgehammer goal.using     11243ms Ordered_Resolution_Prover.FO_Ordered_Resolution 1194:45177  some (SH 11241ms, ATP 1376ms): Try this: by (smt (cvc5, fmf) as_len n(3)) (64 ms)
0.sledgehammer goal.by         9780ms Ordered_Resolution_Prover.FO_Ordered_Resolution 1194:45201  some (SH 9779ms, ATP 1749ms): Try this: by (smt (cvc5, trigger_last) as_len n(3)) (63 ms)
0.sledgehammer goal.using     122024ms Ordered_Resolution_Prover.FO_Ordered_Resolution 1196:45319  some (SH 122023ms, ATP 2542ms): Try this: by (smt (cvc5, noematch) DA0'_DA DA0'_split One_nat_def \<open>As0' \<cdot>al \<eta> = As\<close> \<tau>\<phi>(2) da l subst_atm_list_comp_subst subst_atm_list_nth subst_cls_comp_subst zero_less_Suc) (427 ms)
0.sledgehammer goal.using     92985ms Ordered_Resolution_Prover.FO_Ordered_Resolution 1196:45357  some (SH 92983ms, ATP 3346ms): Try this: by (smt (cvc5, quant_saturate) DA0'_DA DA0'_split One_nat_def \<tau>\<phi>(2) da l subst_atm_list_comp_subst subst_atm_list_nth subst_cls_comp_subst zero_less_Suc) (531 ms)
0.sledgehammer goal.by        61760ms Ordered_Resolution_Prover.FO_Ordered_Resolution 1196:45368  some (SH 61759ms, ATP 2918ms): Try this: by (smt (cvc5, quant_saturate) DA0'_DA DA0'_split One_nat_def da subst_atm_list_comp_subst subst_atm_list_nth subst_cls_comp_subst zero_less_Suc) (358 ms)
0.sledgehammer goal.by        19061ms Ordered_Resolution_Prover.FO_Ordered_Resolution 1198:45470  some (SH 19058ms, ATP 1408ms): Try this: by (smt (cvc5, best) subst_atm_comp_subst subst_cls_comp_subst) (46 ms)
0.sledgehammer goal.using     10382ms Ordered_Resolution_Prover.FO_Ordered_Resolution 1200:45563  some (SH 10380ms, ATP 1495ms): Try this: by (smt (cvc5, quant_saturate) maximal_wrt_subst) (367 ms)
0.sledgehammer goal.by         8651ms Ordered_Resolution_Prover.FO_Ordered_Resolution 1200:45587  some (SH 8649ms, ATP 1527ms): Try this: by (smt (cvc5, noematch)) (249 ms)
0.sledgehammer goal.unfolding 15945ms Ordered_Resolution_Prover.FO_Ordered_Resolution 1202:45634  some (SH 15615ms, ATP 1547ms): Try this: by (smt (cvc5, quant_saturate) eligible.simps) (3.1 s)
0.sledgehammer goal.by         9199ms Ordered_Resolution_Prover.FO_Ordered_Resolution 1202:45671  some (SH 9197ms, ATP 1374ms): Try this: by (smt (cvc5, trigger_max) One_nat_def) (111 ms)
0.sledgehammer goal.proof     37594ms Ordered_Resolution_Prover.FO_Ordered_Resolution 1209:45842  timeout (SH 37592ms): Timed out
0.sledgehammer goal.using      8961ms Ordered_Resolution_Prover.FO_Ordered_Resolution 1211:45956  some (SH 8959ms, ATP 1363ms): Try this: by (smt (cvc5, trigger_relev) \<open>As0' \<cdot>al \<eta> = As\<close> \<open>Cs0' \<cdot>cl \<eta> = Cs\<close>) (130 ms)
0.sledgehammer goal.by         8461ms Ordered_Resolution_Prover.FO_Ordered_Resolution 1211:45999  some (SH 8459ms, ATP 1573ms): Try this: by (smt (cvc5, fmf)) (406 ms)
0.sledgehammer goal.using     163606ms Ordered_Resolution_Prover.FO_Ordered_Resolution 1213:46101  timeout (SH 163430ms):
0.sledgehammer goal.by        46265ms Ordered_Resolution_Prover.FO_Ordered_Resolution 1213:46112  some (SH 46263ms, ATP 188ms): Try this: by (smt (cvc5, quant_saturate) subst_atm_comp_subst subst_cls_comp_subst subst_cls_list_nth substitution.subst_atm_list_nth substitution_axioms) (213 ms)
0.sledgehammer goal.by        27747ms Ordered_Resolution_Prover.FO_Ordered_Resolution 1215:46211  some (SH 27745ms, ATP 2077ms): Try this: by (smt (cvc5, trigger_relev) subst_atm_comp_subst subst_cls_comp_subst) (347 ms)
0.sledgehammer goal.using     10607ms Ordered_Resolution_Prover.FO_Ordered_Resolution 1217:46301  some (SH 10605ms, ATP 1519ms): Try this: by (smt (cvc5, trigger_relev) strictly_maximal_wrt_subst) (377 ms)
0.sledgehammer goal.by         7933ms Ordered_Resolution_Prover.FO_Ordered_Resolution 1217:46337  some (SH 7931ms, ATP 1481ms): Try this: by (smt (cvc5, fmf)) (390 ms)
0.sledgehammer goal.proof     34361ms Ordered_Resolution_Prover.FO_Ordered_Resolution 1222:46447  timeout (SH 34359ms): Timed out
0.sledgehammer goal.by         7840ms Ordered_Resolution_Prover.FO_Ordered_Resolution 1224:46528  some (SH 7838ms, ATP 1019ms): Try this: by (smt (cvc5, trigger_max) SCAs0'_\<eta>_fo_SMCAs) (318 ms)
0.sledgehammer goal.using     36360ms Ordered_Resolution_Prover.FO_Ordered_Resolution 1226:46651  timeout (SH 36358ms): Timed out
0.sledgehammer goal.by        35395ms Ordered_Resolution_Prover.FO_Ordered_Resolution 1226:46659  timeout (SH 35394ms): Timed out
0.sledgehammer goal.using     10855ms Ordered_Resolution_Prover.FO_Ordered_Resolution 1228:46722  some (SH 10853ms, ATP 2042ms): Try this: by (smt (cvc5, fmf) sel_empt) (592 ms)
0.sledgehammer goal.by        10873ms Ordered_Resolution_Prover.FO_Ordered_Resolution 1228:46786  some (SH 10459ms, ATP 2095ms): Try this: by (smt (cvc5, quant_saturate)) (695 ms)
0.sledgehammer goal.using     13458ms Ordered_Resolution_Prover.FO_Ordered_Resolution 1230:46844  some (SH 13456ms, ATP 3634ms): Try this: by (smt (cvc5, term_relev) subst_cls_empty_iff) (137 ms)
0.sledgehammer goal.by         9120ms Ordered_Resolution_Prover.FO_Ordered_Resolution 1230:46870  some (SH 9118ms, ATP 2201ms): Try this: by (smt (cvc5, best)) (416 ms)
0.sledgehammer goal.using     47792ms Ordered_Resolution_Prover.FO_Ordered_Resolution 1235:46958  some (SH 47790ms, ATP 4828ms): Try this: by (smt (cvc5, trigger_max) AAs0'_AAs local.ord_resolve(9) n(4) subst_atm_mset_empty_iff substitution.subst_atm_mset_list_nth substitution_axioms) (224 ms)
0.sledgehammer goal.by        39006ms Ordered_Resolution_Prover.FO_Ordered_Resolution 1235:47000  some (SH 39004ms, ATP 2178ms): Try this: by (smt (cvc5, quant_saturate) subst_atm_mset_empty_iff subst_atm_mset_list_nth) (164 ms)
0.sledgehammer goal.using     36505ms Ordered_Resolution_Prover.FO_Ordered_Resolution 1242:47168  timeout (SH 36503ms): Timed out
0.sledgehammer goal.unfolding 18100ms Ordered_Resolution_Prover.FO_Ordered_Resolution 1245:47398  some (SH 18098ms, ATP 1690ms): Try this: by (smt (cvc5, fmf) CAs0'_split DA0'_split E0'_def n(1,3,4,5) nz) (536 ms)
0.sledgehammer goal.using     15741ms Ordered_Resolution_Prover.FO_Ordered_Resolution 1245:47416  some (SH 15739ms, ATP 1433ms): Try this: by (smt (cvc5, term_relev) CAs0'_split DA0'_split n(1,3,4,5) nz) (474 ms)
0.sledgehammer goal.by        11654ms Ordered_Resolution_Prover.FO_Ordered_Resolution 1245:47483  some (SH 11652ms, ATP 1987ms): Try this: by (smt (cvc5, noematch)) (526 ms)
0.sledgehammer goal.proof     113991ms Ordered_Resolution_Prover.FO_Ordered_Resolution 1249:47578  some (SH 113989ms, ATP 1453ms): Try this: by (smt (cvc5, quant_saturate) E0'_def \<open>Cs0' \<cdot>cl \<eta> = Cs\<close> \<open>D0' \<cdot> \<eta> = D\<close> \<tau>\<phi>(2) e subst_cls_comp_subst subst_cls_union sum_list_subst_cls_list_subst_cls sum_mset_sum_list) (453 ms)
0.sledgehammer goal.unfolding 14852ms Ordered_Resolution_Prover.FO_Ordered_Resolution 1251:47649  some (SH 14849ms, ATP 703ms): Try this: by (smt (cvc5, fmf) E0'_def subst_cls_comp_subst) (77 ms)
0.sledgehammer goal.by         7535ms Ordered_Resolution_Prover.FO_Ordered_Resolution 1251:47667  some (SH 7533ms, ATP 846ms): Try this: by (smt (cvc5, quant_saturate) subst_cls_comp_subst) (98 ms)
0.sledgehammer goal.using      8624ms Ordered_Resolution_Prover.FO_Ordered_Resolution 1253:47735  some (SH 8323ms, ATP 828ms): Try this: by (smt (cvc5, best) \<tau>\<phi>(2)) (51 ms)
0.sledgehammer goal.by        10297ms Ordered_Resolution_Prover.FO_Ordered_Resolution 1253:47744  some (SH 9680ms, ATP 928ms): Try this: by (smt (cvc5, noematch)) (92 ms)
0.sledgehammer goal.using     92215ms Ordered_Resolution_Prover.FO_Ordered_Resolution 1255:47802  some (SH 91390ms, ATP 1973ms): Try this: by (smt (cvc5, trigger_max) \<open>Cs0' \<cdot>cl \<eta> = Cs\<close> \<open>D0' \<cdot> \<eta> = D\<close> subst_cls_comp_subst subst_cls_union sum_list_subst_cls_list_subst_cls sum_mset_sum_list) (241 ms)
0.sledgehammer goal.by        41964ms Ordered_Resolution_Prover.FO_Ordered_Resolution 1255:47840  some (SH 41961ms, ATP 1856ms): Try this: by (smt (cvc5, noematch) subst_cls_comp_subst subst_cls_union sum_list_subst_cls_list_subst_cls sum_mset_sum_list) (353 ms)
0.sledgehammer goal.using      9576ms Ordered_Resolution_Prover.FO_Ordered_Resolution 1257:47876  some (SH 9573ms, ATP 747ms): Try this: by (smt (cvc5, trigger_max) e) (31 ms)
0.sledgehammer goal.by        14040ms Ordered_Resolution_Prover.FO_Ordered_Resolution 1257:47884  some (SH 13139ms, ATP 887ms): Try this: by (smt (cvc5, trigger_max)) (19 ms)
0.sledgehammer goal.proof     100311ms Ordered_Resolution_Prover.FO_Ordered_Resolution 1265:48072  some (SH 100309ms, ATP 2887ms): Try this: by (smt (cvc5) \<open>\<And>thesis. (\<And>DA0 \<eta>0 CAs0 \<eta>s0 As0 AAs0 D0 Cs0. \<lbrakk>length CAs0 = n; length \<eta>s0 = n; DA0 \<in> M; DA0 \<cdot> \<eta>0 = DA; S DA0 \<cdot> \<eta>0 = S_M S M DA; \<forall>CA0\<in>set CAs0. CA0 \<in> M; CAs0 \<cdot>\<cdot>cl \<eta>s0 = CAs; map S CAs0 \<cdot>\<cdot>cl \<eta>s0 = map (S_M S M) CAs; is_ground_subst \<eta>0; is_ground_subst_list \<eta>s0; As0 \<cdot>al \<eta>0 = As; AAs0 \<cdot>\<cdot>aml \<eta>s0 = AAs; length As0 = n; D0 \<cdot> \<eta>0 = D; DA0 = D0 + negs (mset As0); S_M S M (D + negs (mset As)) \<noteq> {#} \<Longrightarrow> negs (mset As0) = S DA0; length Cs0 = n; Cs0 \<cdot>\<cdot>cl \<eta>s0 = Cs; \<forall>i<n. CAs0 ! i = Cs0 ! i + poss (AAs0 ! i); length AAs0 = n\<rbrakk> \<Longrightarrow> thesis) \<Longrightarrow> thesis\<close> e e0'\<phi>e ground_subst_ground_cls ground_subst_ground_cls_lists is_ground_cls_list_is_ground_cls_sum_list is_ground_cls_union is_ground_subst_cls make_ground_subst substitution_ops.is_ground_subst_list_def sum_mset_sum_list)
0.sledgehammer goal.using     46169ms Ordered_Resolution_Prover.FO_Ordered_Resolution 1267:48139  some (SH 46167ms, ATP 1205ms): Try this: apply (smt (cvc5, quant_saturate) as0(10,7) ground_subst_ground_cls_lists substitution_ops.is_ground_subst_list_def) (124 ms)
0.sledgehammer goal.unfolding 40115ms Ordered_Resolution_Prover.FO_Ordered_Resolution 1267:48172  some (SH 40112ms, ATP 1089ms): Try this: apply (smt (cvc5, trigger_relev) as0(10,7) ground_subst_ground_cls_lists substitution_ops.is_ground_subst_list_def) (213 ms)
0.sledgehammer goal.by        23736ms Ordered_Resolution_Prover.FO_Ordered_Resolution 1267:48205  some (SH 23733ms, ATP 1193ms): Try this: apply (smt (cvc5, quant_saturate) in_subset_eq_grounding_of_clss_is_ground_cls sup.bounded_iff) (292 ms)
0.sledgehammer goal.using     174199ms Ordered_Resolution_Prover.FO_Ordered_Resolution 1269:48251  timeout (SH 174198ms):
0.sledgehammer goal.by        170617ms Ordered_Resolution_Prover.FO_Ordered_Resolution 1269:48287  some (SH 170614ms, ATP 1871ms): Try this: by (smt (cvc5, trigger_max) as0(10,14,18,9) e ground_subst_ground_cls ground_subst_ground_cls_lists is_ground_cls_list_is_ground_cls_sum_list is_ground_cls_union is_ground_subst_cls substitution_ops.is_ground_subst_list_def sum_mset_sum_list) (822 ms)
0.sledgehammer goal.using     25792ms Ordered_Resolution_Prover.FO_Ordered_Resolution 1271:48351  some (SH 25790ms, ATP 1265ms): Try this: by (smt (cvc5, noematch) e0'\<phi>e make_ground_subst that) (338 ms)
0.sledgehammer goal.by         8857ms Ordered_Resolution_Prover.FO_Ordered_Resolution 1271:48386  some (SH 8855ms, ATP 1246ms): Try this: by (smt (cvc5, trigger_relev)) (633 ms)
0.sledgehammer goal.using      8803ms Ordered_Resolution_Prover.FO_Ordered_Resolution 1275:48439  some (SH 8801ms, ATP 867ms): Try this: by (smt (cvc5, term_relev) cas_len n(7)) (35 ms)
0.sledgehammer goal.by         7039ms Ordered_Resolution_Prover.FO_Ordered_Resolution 1275:48447  some (SH 7038ms, ATP 1207ms): Try this: by (smt (cvc5, term_relev)) (212 ms)
0.sledgehammer goal.using      9011ms Ordered_Resolution_Prover.FO_Ordered_Resolution 1278:48493  some (SH 8765ms, ATP 1063ms): Try this: by (smt (cvc5, noematch) cas_len n(8)) (101 ms)
0.sledgehammer goal.by         6760ms Ordered_Resolution_Prover.FO_Ordered_Resolution 1278:48501  some (SH 6758ms, ATP 1345ms): Try this: by (smt (cvc5, term_relev)) (225 ms)
0.sledgehammer goal.using     10573ms Ordered_Resolution_Prover.FO_Ordered_Resolution 1282:48620  some (SH 10483ms, ATP 2160ms): Try this: by (smt (cvc5, best) AAs0'_def As0'_def CAs0'_def DA0'_def res_e0') (60 ms)
0.sledgehammer goal.by         8874ms Ordered_Resolution_Prover.FO_Ordered_Resolution 1282:48698  some (SH 8873ms, ATP 2190ms): Try this: by (smt (cvc5, best)) (204 ms)
0.sledgehammer goal.using     16274ms Ordered_Resolution_Prover.FO_Ordered_Resolution 1284:48762  some (SH 16272ms, ATP 2183ms): Try this: by (smt (cvc5, term_relev) as0(19) mset_subset_eq_add_right) (95 ms)
0.sledgehammer goal.by        11348ms Ordered_Resolution_Prover.FO_Ordered_Resolution 1284:48776  some (SH 11346ms, ATP 2271ms): Try this: by (smt (cvc5, best) mset_subset_eq_add_right) (186 ms)
0.sledgehammer goal.using     13829ms Ordered_Resolution_Prover.FO_Ordered_Resolution 1286:48829  some (SH 13828ms, ATP 1451ms): Try this: by (smt (cvc5, best) as0(15) mset_subset_eq_add_right) (37 ms)
0.sledgehammer goal.by         8260ms Ordered_Resolution_Prover.FO_Ordered_Resolution 1286:48849  some (SH 8258ms, ATP 1293ms): Try this: by (smt (cvc5, trigger_max) mset_subset_eq_add_right) (84 ms)
0.sledgehammer goal.using     38771ms Ordered_Resolution_Prover.FO_Ordered_Resolution 1288:48926  some (SH 38769ms, ATP 3997ms): Try this: by (smt (cvc5) \<rho>_def \<rho>s_def n(10,7,9) ord_resolve_rename.simps)
0.sledgehammer goal.by        10361ms Ordered_Resolution_Prover.FO_Ordered_Resolution 1288:49003  some (SH 10359ms, ATP 1973ms): Try this: by (smt (cvc5, trigger_last)) (422 ms)
0.sledgehammer goal.using     38894ms Ordered_Resolution_Prover.FO_Ordered_Resolution 1290:49034  timeout (SH 38290ms): Timed out
0.sledgehammer goal.by        40176ms Ordered_Resolution_Prover.FO_Ordered_Resolution 1293:49294  some (SH 40174ms, ATP 5555ms): Try this: by (smt (cvc5, term_relev) insertE[of _ DA0 "set CAs0"] insert_is_Un[of DA0 "set CAs0"] subsetI[of "insert DA0 (set CAs0)" M]) (1.6 s)
0.sledgehammer goal.proof     33823ms Ordered_Resolution_Prover.FO_Ordered_Resolution 1303:49566  timeout (SH 33821ms): Timed out
0.sledgehammer goal.using     20754ms Ordered_Resolution_Prover.FO_Ordered_Resolution 1305:49644  some (SH 20753ms, ATP 1284ms): Try this: by (smt (cvc5, trigger_max) CAs_p ground_resolution_with_selection.intro ground_resolution_with_selection.ord_resolve_atms_of_concl_subset local.select) (157 ms)
0.sledgehammer goal.by         7716ms Ordered_Resolution_Prover.FO_Ordered_Resolution 1306:49784  some (SH 7714ms, ATP 706ms): Try this: by (smt (cvc5, term_relev)) (50 ms)
0.sledgehammer goal.by         9927ms Ordered_Resolution_Prover.FO_Ordered_Resolution 1311:49886  some (SH 8405ms, ATP 870ms): Try this: by (smt (cvc5, fmf) atm_of_lit_in_atms_of) (197 ms)
0.sledgehammer goal.using     37290ms Ordered_Resolution_Prover.FO_Ordered_Resolution 1313:49966  timeout (SH 37199ms): Timed out
0.sledgehammer goal.by        35435ms Ordered_Resolution_Prover.FO_Ordered_Resolution 1314:50057  timeout (SH 35432ms): Timed out
0.sledgehammer goal.unfolding 10777ms Ordered_Resolution_Prover.FO_Ordered_Resolution 1317:50093  some (SH 10774ms, ATP 1347ms): Try this: by (smt (cvc5, fmf) is_ground_cls_def is_ground_lit_def) (320 ms)
0.sledgehammer goal.by         6047ms Ordered_Resolution_Prover.FO_Ordered_Resolution 1317:50139  some (SH 6046ms, ATP 688ms): Try this: by (smt (cvc5, noematch)) (86 ms)
0.sledgehammer goal.proof     39056ms Ordered_Resolution_Prover.FO_Ordered_Resolution 1327:50465  timeout (SH 37788ms): Timed out
0.sledgehammer goal.using     10016ms Ordered_Resolution_Prover.FO_Ordered_Resolution 1335:50981  some (SH 10014ms, ATP 2392ms): Try this: by (smt (cvc5, best) aas_len as_len) (24 ms)
0.sledgehammer goal.by         6891ms Ordered_Resolution_Prover.FO_Ordered_Resolution 1335:51002  some (SH 6889ms, ATP 1802ms): Try this: by (smt (cvc5, best)) (44 ms)
0.sledgehammer goal.by        58491ms Ordered_Resolution_Prover.FO_Ordered_Resolution 1338:51090  some (SH 57723ms, ATP 1886ms): Try this: by (smt (cvc5, fmf) insertE set_mset_add_mset_insert) (1.6 s)
0.sledgehammer goal.using     40890ms Ordered_Resolution_Prover.FO_Ordered_Resolution 1340:51178  some (SH 40887ms, ATP 1856ms): Try this: by (smt (cvc5, best) card_le_Suc0_iff_eq multiset.set_finite) (656 ms)
0.sledgehammer goal.by        14520ms Ordered_Resolution_Prover.FO_Ordered_Resolution 1340:51197  some (SH 14518ms, ATP 1868ms): Try this: by (smt (cvc5, best)) (1.3 s)
0.sledgehammer goal.using     16261ms Ordered_Resolution_Prover.FO_Ordered_Resolution 1342:51295  some (SH 16259ms, ATP 1121ms): Try this: by (smt (cvc5, best) aas_len) (107 ms)
0.sledgehammer goal.by         7105ms Ordered_Resolution_Prover.FO_Ordered_Resolution 1342:51309  some (SH 7103ms, ATP 1260ms): Try this: by (smt (cvc5, trigger_last)) (250 ms)
0.sledgehammer goal.using     37919ms Ordered_Resolution_Prover.FO_Ordered_Resolution 1344:51396  timeout (SH 37552ms): Timed out
0.sledgehammer goal.by        31691ms Ordered_Resolution_Prover.FO_Ordered_Resolution 1344:51453  some (SH 31688ms, ATP 1828ms): Try this: by (smt (cvc5, noematch) mem_Collect_eq) (1.3 s)
0.sledgehammer goal.unfolding 69444ms Ordered_Resolution_Prover.FO_Ordered_Resolution 1346:51540  some (SH 69442ms, ATP 2882ms): Try this: by (smt (cvc5, trigger_last) One_nat_def Setcompr_eq_image is_unifiers_def mem_Collect_eq subst_atms_id_subst substitution_ops.is_unifier_def) (475 ms)
0.sledgehammer goal.by        31967ms Ordered_Resolution_Prover.FO_Ordered_Resolution 1346:51581  some (SH 31965ms, ATP 2207ms): Try this: by (smt (cvc5, trigger_last) One_nat_def Setcompr_eq_image mem_Collect_eq subst_atms_id_subst) (344 ms)
0.sledgehammer goal.by        26539ms Ordered_Resolution_Prover.FO_Ordered_Resolution 1348:51658  some (SH 26537ms, ATP 1328ms): Try this: by (smt (cvc5, quant_saturate) finite_imageI list.set_finite) (97 ms)
0.sledgehammer goal.by        22926ms Ordered_Resolution_Prover.FO_Ordered_Resolution 1350:51743  some (SH 22925ms, ATP 1351ms): Try this: by (smt (cvc5, trigger_relev) imageE multiset.set_finite) (256 ms)
0.sledgehammer goal.using     12126ms Ordered_Resolution_Prover.FO_Ordered_Resolution 1353:51847  some (SH 12124ms, ATP 1542ms): Try this: by (smt (cvc5, noematch) mgu_complete) (970 ms)
0.sledgehammer goal.by        11215ms Ordered_Resolution_Prover.FO_Ordered_Resolution 1353:51866  some (SH 11213ms, ATP 1251ms): Try this: by (smt (cvc5, quant_saturate)) (1.6 s)
0.sledgehammer goal.using      8694ms Ordered_Resolution_Prover.FO_Ordered_Resolution 1356:51972  some (SH 8692ms, ATP 891ms): Try this: by (smt (cvc5, fmf) eligibility) (80 ms)
0.sledgehammer goal.by         8187ms Ordered_Resolution_Prover.FO_Ordered_Resolution 1356:51990  some (SH 6984ms, ATP 1048ms): Try this: by (smt (cvc5, fmf)) (18 ms)
0.sledgehammer goal.using     79821ms Ordered_Resolution_Prover.FO_Ordered_Resolution 1358:52053  some (SH 77788ms, ATP 237ms): Try this: by (smt (cvc5, noematch) "1"(11) cas cas_len ground_cas is_ground_cls_list_def is_ground_cls_union nth_mem) (181 ms)
0.sledgehammer goal.unfolding 45005ms Ordered_Resolution_Prover.FO_Ordered_Resolution 1358:52102  some (SH 45003ms, ATP 1425ms): Try this: by (smt (cvc5, trigger_max) is_ground_cls_list_def is_ground_cls_union) (507 ms)
0.sledgehammer goal.by        10569ms Ordered_Resolution_Prover.FO_Ordered_Resolution 1358:52135  some (SH 10566ms, ATP 1360ms): Try this: by (smt (cvc5, noematch) is_ground_cls_union) (507 ms)
0.sledgehammer goal.using     37808ms Ordered_Resolution_Prover.FO_Ordered_Resolution 1360:52196  some (SH 37806ms, ATP 3878ms): Try this: by (smt (cvc5, best) "1"(2) atms_of_negs ground_da is_ground_atms_def is_ground_cls_def is_ground_cls_imp_is_ground_atm mset_add set_mset_mset union_mset_add_mset_right union_single_eq_member) (870 ms)
0.sledgehammer goal.by        32312ms Ordered_Resolution_Prover.FO_Ordered_Resolution 1360:52215  some (SH 32309ms, ATP 1042ms): Try this: by (smt (cvc5, fmf) atms_of_negs is_ground_cls_is_ground_atms_atms_of is_ground_cls_union set_mset_mset) (169 ms)
0.sledgehammer goal.unfolding 51696ms Ordered_Resolution_Prover.FO_Ordered_Resolution 1363:52381  some (SH 51694ms, ATP 1068ms): Try this: by (smt (cvc5, noematch) atms_of_negs da ground_da is_ground_atm_mset_def is_ground_cls_imp_is_ground_atm is_ground_cls_union) (324 ms)
0.sledgehammer goal.by         8902ms Ordered_Resolution_Prover.FO_Ordered_Resolution 1363:52433  some (SH 8900ms, ATP 945ms): Try this: by (smt (cvc5, fmf) set_mset_mset) (378 ms)
0.sledgehammer goal.using     10065ms Ordered_Resolution_Prover.FO_Ordered_Resolution 1365:52487  some (SH 10063ms, ATP 992ms): Try this: by (smt (cvc5, term_relev) ground_set_as is_ground_atm_list_def is_ground_atms_def) (157 ms)
0.sledgehammer goal.by         7012ms Ordered_Resolution_Prover.FO_Ordered_Resolution 1365:52549  some (SH 7011ms, ATP 1005ms): Try this: by (smt (cvc5, trigger_relev)) (240 ms)
0.sledgehammer goal.using     22714ms Ordered_Resolution_Prover.FO_Ordered_Resolution 1367:52596  some (SH 22662ms, ATP 831ms): Try this: by (smt (cvc5, best) da ground_da is_ground_cls_union) (25 ms)
0.sledgehammer goal.by         6417ms Ordered_Resolution_Prover.FO_Ordered_Resolution 1367:52615  some (SH 6325ms, ATP 947ms): Try this: by (smt (cvc5, trigger_last) is_ground_cls_union) (38 ms)
0.sledgehammer goal.by        62827ms Ordered_Resolution_Prover.FO_Ordered_Resolution 1372:52720  some (SH 61850ms, ATP 1363ms): Try this: apply (smt (cvc5, quant_saturate) Un_empty atms_empty_iff_empty atms_of_negs image_mset_is_empty_iff set_mset_mset size_empty size_mset) (787 ms)
0.sledgehammer goal.using      9455ms Ordered_Resolution_Prover.FO_Ordered_Resolution 1374:52792  some (SH 9453ms, ATP 861ms): Try this: by (smt (cvc5, term_relev) Max_in) (625 ms)
0.sledgehammer goal.by         6847ms Ordered_Resolution_Prover.FO_Ordered_Resolution 1374:52805  some (SH 6845ms, ATP 782ms): Try this: by (smt (cvc5, quant_saturate)) (432 ms)
0.sledgehammer goal.using     75177ms Ordered_Resolution_Prover.FO_Ordered_Resolution 1376:52888  some (SH 74950ms, ATP 968ms): Try this: by (smt (cvc5, trigger_max) UnE ground_as ground_d is_ground_atm_list_def is_ground_cls_as_atms) (318 ms)
0.sledgehammer goal.unfolding 41442ms Ordered_Resolution_Prover.FO_Ordered_Resolution 1377:52954  some (SH 41440ms, ATP 1132ms): Try this: by (smt (cvc5, fmf) UnE ground_as is_ground_atm_list_def) (891 ms)
0.sledgehammer goal.by        40621ms Ordered_Resolution_Prover.FO_Ordered_Resolution 1377:52987  some (SH 40620ms, ATP 947ms): Try this: by (smt (cvc5, fmf) UnE ground_as is_ground_atm_list_def) (905 ms)
0.sledgehammer goal.unfolding 52055ms Ordered_Resolution_Prover.FO_Ordered_Resolution 1380:53069  some (SH 52053ms, ATP 1879ms): Try this: by (smt (cvc5, trigger_last) Max_less_iff atms(1,2) atms_of_negs atms_of_plus da ground_da is_ground_Max is_ground_cls_imp_is_ground_atm less_atm_ground maximal_wrt_def order_less_irrefl set_mset_mset) (319 ms)
0.sledgehammer goal.by        155858ms Ordered_Resolution_Prover.FO_Ordered_Resolution 1381:53099  timeout (SH 155855ms):
0.sledgehammer goal.using     15773ms Ordered_Resolution_Prover.FO_Ordered_Resolution 1386:53414  some (SH 15771ms, ATP 804ms): Try this: apply (smt (cvc5, trigger_max) is_ground_Max is_ground_subst_atm) (223 ms)
0.sledgehammer goal.by         8237ms Ordered_Resolution_Prover.FO_Ordered_Resolution 1386:53470  some (SH 8235ms, ATP 890ms): Try this: apply (smt (cvc5, term_relev) is_ground_subst_atm) (211 ms)
0.sledgehammer goal.using     36890ms Ordered_Resolution_Prover.FO_Ordered_Resolution 1388:53550  timeout (SH 36888ms): Timed out
0.sledgehammer goal.unfolding 36457ms Ordered_Resolution_Prover.FO_Ordered_Resolution 1388:53568  timeout (SH 36453ms): Timed out
0.sledgehammer goal.by        35359ms Ordered_Resolution_Prover.FO_Ordered_Resolution 1390:53714  some (SH 35357ms, ATP 1790ms): Try this: by (smt (cvc5) atms_of_negs atms_of_plus da ground_da is_ground_subst_cls set_mset_mset subset_mset.add_eq_0_iff_both_eq_0)
0.sledgehammer goal.using     40066ms Ordered_Resolution_Prover.FO_Ordered_Resolution 1393:53783  timeout (SH 40064ms): Timed out
0.sledgehammer goal.unfolding 38602ms Ordered_Resolution_Prover.FO_Ordered_Resolution 1395:53958  timeout (SH 38600ms): Timed out
0.sledgehammer goal.by        37917ms Ordered_Resolution_Prover.FO_Ordered_Resolution 1395:53993  timeout (SH 37915ms): Timed out
0.sledgehammer goal.by        29655ms Ordered_Resolution_Prover.FO_Ordered_Resolution 1397:54124  some (SH 29653ms, ATP 1730ms): Try this: by (smt (cvc5, trigger_max) as_len ground_as ground_cs is_ground_subst_atm_list_member is_ground_subst_cls) (321 ms)
0.sledgehammer goal.using     46965ms Ordered_Resolution_Prover.FO_Ordered_Resolution 1400:54206  some (SH 46963ms, ATP 4507ms): Try this: by (smt (cvc5, trigger_last) cs_len e ground_cs ground_d in_set_conv_nth is_ground_cls_list_def is_ground_cls_list_is_ground_cls_sum_list is_ground_cls_union sum_mset_sum_list) (309 ms)
0.sledgehammer goal.unfolding 37223ms Ordered_Resolution_Prover.FO_Ordered_Resolution 1400:54238  some (SH 37222ms, ATP 3476ms): Try this: by (smt (cvc5, trigger_max) e in_set_conv_nth is_ground_cls_list_def is_ground_cls_list_is_ground_cls_sum_list is_ground_cls_union sum_mset_sum_list) (294 ms)
0.sledgehammer goal.by        30615ms Ordered_Resolution_Prover.FO_Ordered_Resolution 1401:54272  some (SH 30613ms, ATP 2292ms): Try this: by (smt (cvc5, trigger_max) in_Union_mset_iff in_mset_conv_nth union_iff) (467 ms)
0.sledgehammer goal.using     37482ms Ordered_Resolution_Prover.FO_Ordered_Resolution 1404:54342  timeout (SH 37480ms): Timed out
0.sledgehammer goal.by        10560ms Ordered_Resolution_Prover.FO_Ordered_Resolution 1406:54483  some (SH 9778ms, ATP 1597ms): Try this: by (smt (cvc5, quant_saturate) substitution.is_ground_subst_cls substitution_axioms) (445 ms)
0.sledgehammer goal.using     36057ms Ordered_Resolution_Prover.FO_Ordered_Resolution_Prover 24:932  some (SH 36055ms, ATP 1806ms): Try this: by (smt (cvc5, best) exists_least_iff is_least_def) (226 ms)
0.sledgehammer goal.unfolding 26559ms Ordered_Resolution_Prover.FO_Ordered_Resolution_Prover 24:955  some (SH 26557ms, ATP 322ms): Try this: by (smt (cvc5, trigger_last) is_least_def) (328 ms)
0.sledgehammer goal.by        17114ms Ordered_Resolution_Prover.FO_Ordered_Resolution_Prover 24:978  some (SH 17112ms, ATP 1529ms): Try this: by (smt (cvc5, fmf)) (422 ms)
0.sledgehammer goal.by        37919ms Ordered_Resolution_Prover.FO_Ordered_Resolution_Prover 90:3444  timeout (SH 37917ms): Timed out
0.sledgehammer goal.using     40312ms Ordered_Resolution_Prover.FO_Ordered_Resolution_Prover 111:4293  some (SH 40310ms, ATP 3193ms): Try this: apply (smt (cvc5) Liminf_state_def Sts(1,2,3,4,5) lfinite_Liminf_llist lfinite_lmap llast_lmap llist.map_disc_iff)
0.sledgehammer goal.by        37325ms Ordered_Resolution_Prover.FO_Ordered_Resolution_Prover 111:4303  some (SH 37323ms, ATP 2699ms): Try this: apply (smt (cvc5) Liminf_state_def lfinite_Liminf_llist lfinite_lmap llast_lmap llist.map_disc_iff)
0.sledgehammer goal.using     61883ms Ordered_Resolution_Prover.FO_Ordered_Resolution_Prover 114:4437  some (SH 61881ms, ATP 1449ms): Try this: by (smt (cvc5, fmf) Liminf_state_def N_of_Liminf_state_fin N_of_state.simps P_of_Liminf_state_fin P_of_state.simps Q_of_Liminf_state_fin Q_of_state.simps) (1.5 s)
0.sledgehammer goal.by        46051ms Ordered_Resolution_Prover.FO_Ordered_Resolution_Prover 115:4511  some (SH 46050ms, ATP 2271ms): Try this: by (smt (cvc5, fmf) Liminf_state_def N_of_state.simps P_of_state.simps Q_of_state.simps) (1.2 s)
0.sledgehammer goal.using     66259ms Ordered_Resolution_Prover.FO_Ordered_Resolution_Prover 128:4933  some (SH 66257ms, ATP 1594ms): Try this: apply (smt (cvc5, noematch) Liminf_state_def N_of_state.simps Sts(1,2) emb_Liminf_llist_infinite emb_lmap lfinite_lmap) (323 ms)
0.sledgehammer goal.by        50005ms Ordered_Resolution_Prover.FO_Ordered_Resolution_Prover 128:4943  some (SH 50003ms, ATP 1593ms): Try this: apply (smt (cvc5, noematch) Liminf_state_def N_of_state.simps emb_Liminf_llist_infinite emb_lmap lfinite_lmap) (432 ms)
0.sledgehammer goal.using     33115ms Ordered_Resolution_Prover.FO_Ordered_Resolution_Prover 132:5122  some (SH 33113ms, ATP 1139ms): Try this: by (smt (cvc5, trigger_max) N_of_Liminf_state_inf P_of_Liminf_state_inf Q_of_Liminf_state_inf sup.mono) (329 ms)
0.sledgehammer goal.by         8624ms Ordered_Resolution_Prover.FO_Ordered_Resolution_Prover 132:5194  some (SH 8623ms, ATP 1248ms): Try this: by (smt (cvc5, noematch) sup.mono) (576 ms)
0.sledgehammer goal.unfolding 46393ms Ordered_Resolution_Prover.FO_Ordered_Resolution_Prover 151:5592  some (SH 46391ms, ATP 1110ms): Try this: by (smt (cvc5, quant_saturate) S_M_selects_neg_lits S_M_selects_subseteq S_Q_def selection.intro selection_axioms) (356 ms)
0.sledgehammer goal.using     49637ms Ordered_Resolution_Prover.FO_Ordered_Resolution_Prover 151:5610  some (SH 49635ms, ATP 1349ms): Try this: by (smt (cvc5, fmf) S_M_selects_neg_lits S_M_selects_subseteq selection.intro selection_axioms) (817 ms)
0.sledgehammer goal.by        32684ms Ordered_Resolution_Prover.FO_Ordered_Resolution_Prover 152:5677  some (SH 32682ms, ATP 1480ms): Try this: by (smt (cvc5, noematch) selection.intro) (1.1 s)
0.sledgehammer goal.by         8951ms Ordered_Resolution_Prover.FO_Ordered_Resolution_Prover 155:5759  some (SH 8949ms, ATP 1148ms): Try this: by (smt (cvc5, trigger_last) ground_resolution_with_selection_def sq.selection_axioms) (52 ms)
0.sledgehammer goal.by         9620ms Ordered_Resolution_Prover.FO_Ordered_Resolution_Prover 158:5848  some (SH 8389ms, ATP 1070ms): Try this: by (smt (cvc5, trigger_last) gr.reductive_inference_system_axioms standard_redundancy_criterion_reductive_def) (91 ms)
0.sledgehammer goal.by         8115ms Ordered_Resolution_Prover.FO_Ordered_Resolution_Prover 162:5994  some (SH 7698ms, ATP 1098ms): Try this: by (smt (cvc5, trigger_max) gr.counterex_reducing_inference_system_axioms standard_redundancy_criterion_counterex_reducing_def) (72 ms)
0.sledgehammer goal.unfolding 54837ms Ordered_Resolution_Prover.FO_Ordered_Resolution_Prover 176:6358  some (SH 53906ms, ATP 1536ms): Try this: by (smt (cvc5) Collect_mono_iff gr.\<Gamma>_sound gr.ord_\<Gamma>_def ground_sound_\<Gamma>_def mem_Collect_eq)
0.sledgehammer goal.using     52275ms Ordered_Resolution_Prover.FO_Ordered_Resolution_Prover 176:6387  some (SH 52273ms, ATP 1631ms): Try this: by (smt (cvc5) Collect_mono_iff gr.\<Gamma>_sound gr.ord_\<Gamma>_def mem_Collect_eq)
0.sledgehammer goal.by        41531ms Ordered_Resolution_Prover.FO_Ordered_Resolution_Prover 176:6427  some (SH 41529ms, ATP 2761ms): Try this: by (smt (cvc5) Collect_mono_iff)
0.sledgehammer goal.unfolding 46984ms Ordered_Resolution_Prover.FO_Ordered_Resolution_Prover 179:6511  some (SH 46982ms, ATP 2552ms): Try this: by (smt (cvc5) ground_sound_\<Gamma>_def inference.simps(1) mem_Collect_eq sound_inference_system_def)
0.sledgehammer goal.by        38314ms Ordered_Resolution_Prover.FO_Ordered_Resolution_Prover 179:6567  some (SH 38311ms, ATP 1695ms): Try this: by (smt (cvc5) inference.sel(1,2,3) mem_Collect_eq)
0.sledgehammer goal.using     38005ms Ordered_Resolution_Prover.FO_Ordered_Resolution_Prover 182:6664  timeout (SH 38003ms): Timed out
0.sledgehammer goal.by         9476ms Ordered_Resolution_Prover.FO_Ordered_Resolution_Prover 183:6773  some (SH 9473ms, ATP 1214ms): Try this: by (smt (cvc5, trigger_last)) (1.2 s)
0.sledgehammer goal.unfolding 35402ms Ordered_Resolution_Prover.FO_Ordered_Resolution_Prover 190:6999  timeout (SH 35400ms): Timed out
0.sledgehammer goal.using     71719ms Ordered_Resolution_Prover.FO_Ordered_Resolution_Prover 191:7065  some (SH 71718ms, ATP 3222ms): Try this: by (smt (cvc5) Collect_mono_iff DiffE UnCI UnE gd_ord_\<Gamma>_ngd_ord_\<Gamma> gr.ground_resolution_with_selection_axioms ground_resolution_with_selection.ord_\<Gamma>_def ground_sound_\<Gamma>_def mem_Collect_eq redundancy_criterion.intro sat_preserving_ground_sound_\<Gamma> sr.Ri_indep sr.Ri_mono standard_redundancy_criterion.Rf_indep standard_redundancy_criterion.Rf_mono standard_redundancy_criterion.Rf_sat standard_redundancy_criterion.Ri_def subsetI)
0.sledgehammer goal.by        66775ms Ordered_Resolution_Prover.FO_Ordered_Resolution_Prover 192:7195  some (SH 66773ms, ATP 733ms): Try this: by (smt (cvc5) Collect_mono_iff DiffE UnCI UnE gr.ord_\<Gamma>_def ground_sound_\<Gamma>_def mem_Collect_eq redundancy_criterion.intro sr.Ri_indep sr.Ri_mono standard_redundancy_criterion.Rf_indep standard_redundancy_criterion.Rf_mono standard_redundancy_criterion.Rf_sat standard_redundancy_criterion.Ri_def subsetI)
0.sledgehammer goal.proof     36701ms Ordered_Resolution_Prover.FO_Ordered_Resolution_Prover 199:7365  timeout (SH 36698ms): Timed out
0.sledgehammer goal.unfolding 112971ms Ordered_Resolution_Prover.FO_Ordered_Resolution_Prover 201:7417  some (SH 112967ms, ATP 1353ms): Try this: by (smt (cvc5, best) mset_subset_eqD subset_mset.less_imp_le true_cls_def) (327 ms)
0.sledgehammer goal.by         9750ms Ordered_Resolution_Prover.FO_Ordered_Resolution_Prover 201:7440  some (SH 9749ms, ATP 1716ms): Try this: by (smt (cvc5, fmf) mset_subsetD) (686 ms)
0.sledgehammer goal.using     36157ms Ordered_Resolution_Prover.FO_Ordered_Resolution_Prover 203:7481  timeout (SH 36156ms): Timed out
0.sledgehammer goal.by        36906ms Ordered_Resolution_Prover.FO_Ordered_Resolution_Prover 203:7491  timeout (SH 36905ms): Timed out
0.sledgehammer goal.using     51680ms Ordered_Resolution_Prover.FO_Ordered_Resolution_Prover 205:7576  some (SH 51677ms, ATP 1944ms): Try this: by (smt (cvc5, best) ground_\<sigma> ground_subst_ground_cls grounding_of_cls_ground grounding_of_subst_cls_subset singletonI subsetD) (210 ms)
0.sledgehammer goal.by        44369ms Ordered_Resolution_Prover.FO_Ordered_Resolution_Prover 205:7591  some (SH 44367ms, ATP 1431ms): Try this: by (smt (cvc5, trigger_last) ground_subst_ground_cls grounding_of_cls_ground grounding_of_subst_cls_subset insert_subset) (116 ms)
0.sledgehammer goal.by        25473ms Ordered_Resolution_Prover.FO_Ordered_Resolution_Prover 209:7804  some (SH 25472ms, ATP 1156ms): Try this: apply (smt (cvc5, best) ground_\<sigma> ground_subst_ground_cls grounding_of_cls_ground grounding_of_subst_cls_subset set_mset_add_mset_insert set_mset_empty) (118 ms)
0.sledgehammer goal.using     35849ms Ordered_Resolution_Prover.FO_Ordered_Resolution_Prover 211:7836  some (SH 35846ms, ATP 3335ms): Try this: by (smt (cvc5, quant_saturate) mem_Collect_eq standard_redundancy_criterion.Rf_def) (244 ms)
0.sledgehammer goal.by        32227ms Ordered_Resolution_Prover.FO_Ordered_Resolution_Prover 211:7852  some (SH 32225ms, ATP 280ms): Try this: by (smt (cvc5, best) mem_Collect_eq standard_redundancy_criterion.Rf_def) (356 ms)
0.sledgehammer goal.using     42853ms Ordered_Resolution_Prover.FO_Ordered_Resolution_Prover 220:8031  some (SH 42850ms, ATP 5240ms): Try this: by (smt (cvc5, trigger_last) assms(1,2,3) grounding_of_clss_insert mk_disjoint_insert sr_ext.Rf_mono strict_subset_subsumption_redundant_clause subsetD sup_ge1) (258 ms)
0.sledgehammer goal.proof     63720ms Ordered_Resolution_Prover.FO_Ordered_Resolution_Prover 221:8043  some (SH 63718ms, ATP 2239ms): Try this: by (smt (cvc5, best) grounding_of_clss_insert mk_disjoint_insert sr_ext.Rf_mono strict_subset_subsumption_redundant_clause subsetD sup_ge1) (308 ms)
0.sledgehammer goal.using     10395ms Ordered_Resolution_Prover.FO_Ordered_Resolution_Prover 223:8095  some (SH 10393ms, ATP 868ms): Try this: by (smt (cvc5, trigger_last) assms(1,2) strict_subset_subsumption_redundant_clause[of D \<sigma> C]) (48 ms)
0.sledgehammer goal.by         8728ms Ordered_Resolution_Prover.FO_Ordered_Resolution_Prover 223:8150  some (SH 8726ms, ATP 877ms): Try this: by (smt (cvc5))
0.sledgehammer goal.using     75557ms Ordered_Resolution_Prover.FO_Ordered_Resolution_Prover 225:8182  some (SH 75481ms, ATP 4061ms): Try this: by (smt (cvc5, term_relev) assms(3) grounding_of_clss_insert insert_subset mk_disjoint_insert sr_ext.Rf_mono sup_ge1) (184 ms)
0.sledgehammer goal.unfolding 33386ms Ordered_Resolution_Prover.FO_Ordered_Resolution_Prover 225:8194  some (SH 33383ms, ATP 2211ms): Try this: by (smt (cvc5, trigger_last) grounding_of_clss_insert insert_subset mk_disjoint_insert sr_ext.Rf_mono sup_ge1) (201 ms)
0.sledgehammer goal.by        51435ms Ordered_Resolution_Prover.FO_Ordered_Resolution_Prover 226:8230  some (SH 51433ms, ATP 4595ms): Try this: by (smt (cvc5, best) grounding_of_clss_def grounding_of_clss_insert insert_subset mk_disjoint_insert sr_ext.Rf_mono sup_ge1) (270 ms)
0.sledgehammer goal.proof     36286ms Ordered_Resolution_Prover.FO_Ordered_Resolution_Prover 234:8486  timeout (SH 36284ms): Timed out
0.sledgehammer goal.unfolding 49219ms Ordered_Resolution_Prover.FO_Ordered_Resolution_Prover 239:8604  some (SH 49218ms, ATP 2240ms): Try this: by (smt (cvc5, quant_saturate) mem_Collect_eq substitution_ops.grounding_of_cls_def) (199 ms)
0.sledgehammer goal.by        11102ms Ordered_Resolution_Prover.FO_Ordered_Resolution_Prover 239:8635  some (SH 11100ms, ATP 1391ms): Try this: by (smt (cvc5, quant_saturate) mem_Collect_eq) (460 ms)
0.sledgehammer goal.using     10844ms Ordered_Resolution_Prover.FO_Ordered_Resolution_Prover 241:8682  some (SH 10842ms, ATP 1302ms): Try this: by (smt (cvc5, best) D\<sigma>_subset_C subst_subset_mono[of "D \<cdot> \<sigma>" C \<mu>]) (32 ms)
0.sledgehammer goal.by         7307ms Ordered_Resolution_Prover.FO_Ordered_Resolution_Prover 241:8718  some (SH 7305ms, ATP 964ms): Try this: by (smt (cvc5))
0.sledgehammer goal.using     80214ms Ordered_Resolution_Prover.FO_Ordered_Resolution_Prover 243:8778  some (SH 79507ms, ATP 1406ms): Try this: by (smt (cvc5, fmf) D_in_St \<mu>_p ground_subst_ground_cls make_ground_subst strict_subset_subsumption_redundant_clss subst_cls_comp_subst) (719 ms)
0.sledgehammer goal.by        34685ms Ordered_Resolution_Prover.FO_Ordered_Resolution_Prover 243:8859  some (SH 34683ms, ATP 1088ms): Try this: by (smt (cvc5, noematch) is_ground_comp_subst subst_cls_comp_subst) (811 ms)
0.sledgehammer goal.proof     36584ms Ordered_Resolution_Prover.FO_Ordered_Resolution_Prover 251:9058  timeout (SH 36582ms): Timed out
0.sledgehammer goal.by        21754ms Ordered_Resolution_Prover.FO_Ordered_Resolution_Prover 254:9127  some (SH 21751ms, ATP 1570ms): Try this: by (smt (cvc5, quant_saturate) subset_mset.le_neq_trans subsumes_def) (534 ms)
0.sledgehammer goal.by         8015ms Ordered_Resolution_Prover.FO_Ordered_Resolution_Prover 256:9213  some (SH 8013ms, ATP 1140ms): Try this: by (smt (cvc5, fmf)) (57 ms)
0.sledgehammer goal.proof     37767ms Ordered_Resolution_Prover.FO_Ordered_Resolution_Prover 258:9266  timeout (SH 36297ms): Timed out
0.sledgehammer goal.using      7609ms Ordered_Resolution_Prover.FO_Ordered_Resolution_Prover 261:9357  some (SH 7606ms, ATP 861ms): Try this: by (smt (cvc5, trigger_max) grounding_of_subst_cls_subset) (72 ms)
0.sledgehammer goal.by         9665ms Ordered_Resolution_Prover.FO_Ordered_Resolution_Prover 262:9409  some (SH 9000ms, ATP 890ms): Try this: by (smt (cvc5, noematch)) (787 ms)
0.sledgehammer goal.using     156152ms Ordered_Resolution_Prover.FO_Ordered_Resolution_Prover 264:9520  timeout (SH 156150ms):
0.sledgehammer goal.unfolding 106919ms Ordered_Resolution_Prover.FO_Ordered_Resolution_Prover 264:9532  some (SH 106917ms, ATP 1816ms): Try this: by (smt (cvc5, trigger_last) Un_assoc Un_commute grounding_of_clss_insert mk_disjoint_insert subset_Un_eq) (1.7 s)
0.sledgehammer goal.by        105087ms Ordered_Resolution_Prover.FO_Ordered_Resolution_Prover 264:9564  some (SH 105086ms, ATP 1540ms): Try this: by (smt (cvc5, best) Un_assoc Un_commute grounding_of_clss_def grounding_of_clss_insert mk_disjoint_insert subset_Un_eq) (1.3 s)
0.sledgehammer goal.by        42463ms Ordered_Resolution_Prover.FO_Ordered_Resolution_Prover 266:9600  some (SH 42462ms, ATP 3809ms): Try this: by (smt (cvc5, best) Diff_subset_conv sr_ext.derive.simps sup_ge1) (497 ms)
0.sledgehammer goal.using     17952ms Ordered_Resolution_Prover.FO_Ordered_Resolution_Prover 270:9745  some (SH 17950ms, ATP 920ms): Try this: by (smt (cvc5, term_relev) assms(1) strict_subset_subsumption_grounding_redundant_clss[of D \<sigma> C "N_of_state St \<union> P_of_state St \<union> Q_of_state St"]) (102 ms)
0.sledgehammer goal.by        14539ms Ordered_Resolution_Prover.FO_Ordered_Resolution_Prover 270:9808  some (SH 14537ms, ATP 984ms): Try this: by (smt (cvc5))
0.sledgehammer goal.unfolding 62221ms Ordered_Resolution_Prover.FO_Ordered_Resolution_Prover 272:9844  some (SH 62219ms, ATP 4073ms): Try this: by (smt (cvc5, quant_saturate) Diff_subset_conv Un_commute le_supI1 sr_ext.derive.simps subset_Un_eq sup_ge1) (771 ms)
0.sledgehammer goal.by        73450ms Ordered_Resolution_Prover.FO_Ordered_Resolution_Prover 272:9876  some (SH 73448ms, ATP 4885ms): Try this: by (smt (cvc5) Diff_subset_conv ground_sound_\<Gamma>_def le_supI1 set_mset_empty sr_ext.derive.simps subset_Un_eq sup.mono sup_bot.right_neutral sup_ge1)
0.sledgehammer goal.proof     40418ms Ordered_Resolution_Prover.FO_Ordered_Resolution_Prover 283:10156  timeout (SH 40415ms): Timed out
0.sledgehammer goal.unfolding 55469ms Ordered_Resolution_Prover.FO_Ordered_Resolution_Prover 287:10240  some (SH 55467ms, ATP 3121ms): Try this: by (smt (cvc5, best) S_M_grounding_of_clss grounding_of_clss_singleton selection_axioms singletonD) (1.0 s)
0.sledgehammer goal.by        10605ms Ordered_Resolution_Prover.FO_Ordered_Resolution_Prover 287:10271  some (SH 10603ms, ATP 1691ms): Try this: by (smt (cvc5, quant_saturate) mem_Collect_eq) (504 ms)
0.sledgehammer goal.unfolding 132703ms Ordered_Resolution_Prover.FO_Ordered_Resolution_Prover 293:10438  some (SH 132702ms, ATP 5367ms): Try this: by (smt (cvc5, best) Un_iff \<mu>_p assms(2) ground_subst_ground_cls grounding_of_cls_ground grounding_of_clss_insert grounding_of_clss_union grounding_of_subst_cls_subset insert_absorb insert_subset) (311 ms)
0.sledgehammer goal.by        139182ms Ordered_Resolution_Prover.FO_Ordered_Resolution_Prover 294:10495  some (SH 139181ms, ATP 738ms): Try this: by (smt (cvc5, trigger_max) UN_iff Un_iff \<mu>_p assms(2) ground_subst_ground_cls grounding_of_cls_def grounding_of_cls_ground grounding_of_subst_cls_subset singletonI subsetD subset_iff) (341 ms)
0.sledgehammer goal.using     69928ms Ordered_Resolution_Prover.FO_Ordered_Resolution_Prover 297:10723  some (SH 69926ms, ATP 2050ms): Try this: by (smt (cvc5, quant_saturate) Un_iff \<mu>_p ground_subst_ground_cls grounding_of_cls_ground grounding_of_clss_singleton grounding_of_clss_union grounding_of_subst_cls_subset singletonI subsetD) (341 ms)
0.sledgehammer goal.unfolding 34155ms Ordered_Resolution_Prover.FO_Ordered_Resolution_Prover 297:10733  some (SH 34153ms, ATP 1682ms): Try this: by (smt (cvc5, best) Un_iff ground_subst_ground_cls grounding_of_cls_ground grounding_of_clss_singleton grounding_of_clss_union grounding_of_subst_cls_subset insert_subset) (191 ms)
0.sledgehammer goal.by        105863ms Ordered_Resolution_Prover.FO_Ordered_Resolution_Prover 297:10787  some (SH 105861ms, ATP 2839ms): Try this: by (smt (cvc5, best) Sup_insert UN_Un Un_iff ground_subst_ground_cls grounding_of_cls_def grounding_of_cls_ground grounding_of_subst_cls_subset image_insert singletonI subsetD) (633 ms)
0.sledgehammer goal.by        37122ms Ordered_Resolution_Prover.FO_Ordered_Resolution_Prover 300:10908  timeout (SH 37119ms): Timed out
0.sledgehammer goal.using     48910ms Ordered_Resolution_Prover.FO_Ordered_Resolution_Prover 302:11009  some (SH 48908ms, ATP 3648ms): Try this: by (smt (cvc5, trigger_last) assms(3) subst_cls_single subst_cls_union subst_minus) (354 ms)
0.sledgehammer goal.by        53418ms Ordered_Resolution_Prover.FO_Ordered_Resolution_Prover 303:11025  some (SH 53416ms, ATP 292ms): Try this: by (smt (cvc5, best) subst_cls_single subst_cls_union subst_minus) (418 ms)
0.sledgehammer goal.using     77275ms Ordered_Resolution_Prover.FO_Ordered_Resolution_Prover 305:11184  some (SH 77272ms, ATP 2792ms): Try this: by (smt (cvc5, quant_saturate) assms(4) subset_mset.less_eqE subst_cls_union true_cls_union) (481 ms)
0.sledgehammer goal.by        45823ms Ordered_Resolution_Prover.FO_Ordered_Resolution_Prover 305:11196  some (SH 45821ms, ATP 2916ms): Try this: by (smt (cvc5, quant_saturate) subset_mset.less_eqE subst_cls_union true_cls_union) (716 ms)
0.sledgehammer goal.by        10712ms Ordered_Resolution_Prover.FO_Ordered_Resolution_Prover 307:11367  some (SH 10710ms, ATP 1486ms): Try this: by (smt (cvc5, noematch) true_cls_mset_singleton) (478 ms)
0.sledgehammer goal.unfolding 36963ms Ordered_Resolution_Prover.FO_Ordered_Resolution_Prover 309:11492  timeout (SH 36961ms): Timed out
0.sledgehammer goal.unfolding 36337ms Ordered_Resolution_Prover.FO_Ordered_Resolution_Prover 309:11529  timeout (SH 36335ms): Timed out
0.sledgehammer goal.by        35790ms Ordered_Resolution_Prover.FO_Ordered_Resolution_Prover 309:11579  timeout (SH 35789ms): Timed out
0.sledgehammer goal.using     42845ms Ordered_Resolution_Prover.FO_Ordered_Resolution_Prover 311:11687  some (SH 42843ms, ATP 4592ms): Try this: by (smt (cvc5, trigger_relev) \<gamma>_def dual_order.refl inference.sel(3) insert_image insert_subset) (249 ms)
0.sledgehammer goal.unfolding 25165ms Ordered_Resolution_Prover.FO_Ordered_Resolution_Prover 311:11703  some (SH 25163ms, ATP 3059ms): Try this: by (smt (cvc5, best) \<gamma>_def inference.sel(3)) (195 ms)
0.sledgehammer goal.by        19881ms Ordered_Resolution_Prover.FO_Ordered_Resolution_Prover 311:11719  some (SH 19878ms, ATP 2178ms): Try this: by (smt (cvc5, trigger_relev) inference.sel(3)) (98 ms)
0.sledgehammer goal.using      8643ms Ordered_Resolution_Prover.FO_Ordered_Resolution_Prover 313:11829  some (SH 8641ms, ATP 1213ms): Try this: by (smt (cvc5, best) \<mu>_p) (34 ms)
0.sledgehammer goal.by         7934ms Ordered_Resolution_Prover.FO_Ordered_Resolution_Prover 313:11839  some (SH 5975ms, ATP 1098ms): Try this: by (smt (cvc5, best)) (69 ms)
0.sledgehammer goal.proof     38394ms Ordered_Resolution_Prover.FO_Ordered_Resolution_Prover 322:12050  timeout (SH 37118ms): Timed out
0.sledgehammer goal.using     76654ms Ordered_Resolution_Prover.FO_Ordered_Resolution_Prover 325:12230  some (SH 76652ms, ATP 5685ms): Try this: by (smt (cvc5) Diff_subset_conv Un_assoc Un_commute grounding_of_clss_singleton grounding_of_clss_union insert_subset mk_disjoint_insert reduction_in_concls_of subsetI sup_ge1)
0.sledgehammer goal.unfolding 100803ms Ordered_Resolution_Prover.FO_Ordered_Resolution_Prover 325:12259  some (SH 100800ms, ATP 716ms): Try this: by (smt (cvc5, trigger_last) Diff_iff Un_iff Un_insert_right grounding_of_clss_insert subsetI) (448 ms)
0.sledgehammer goal.by        86905ms Ordered_Resolution_Prover.FO_Ordered_Resolution_Prover 325:12291  some (SH 86903ms, ATP 1785ms): Try this: by (smt (cvc5, term_relev) Diff_iff Un_iff Un_insert_right grounding_of_clss_insert subsetI substitution_ops.grounding_of_clss_def) (571 ms)
0.sledgehammer goal.using     36953ms Ordered_Resolution_Prover.FO_Ordered_Resolution_Prover 328:12391  timeout (SH 36951ms): Timed out
0.sledgehammer goal.by        113850ms Ordered_Resolution_Prover.FO_Ordered_Resolution_Prover 329:12469  some (SH 113848ms, ATP 1616ms): Try this: by (smt (cvc5, trigger_relev) Un_iff add_cancel_right_right mset_subset_eq_add_left multi_self_add_other_not_self singletonI subset_mset.less_le subst_cls_id_subst) (344 ms)
0.sledgehammer goal.unfolding 46308ms Ordered_Resolution_Prover.FO_Ordered_Resolution_Prover 332:12606  some (SH 46306ms, ATP 1697ms): Try this: by (smt (cvc5, trigger_relev) Diff_subset_conv Un_mono grounding_of_clss_singleton grounding_of_clss_union sup_ge1) (317 ms)
0.sledgehammer goal.by        63529ms Ordered_Resolution_Prover.FO_Ordered_Resolution_Prover 332:12638  some (SH 63528ms, ATP 4281ms): Try this: by (smt (cvc5, trigger_max) Diff_subset_conv Un_mono grounding_of_clss_singleton grounding_of_clss_union substitution_ops.grounding_of_clss_def sup_ge1) (575 ms)
0.sledgehammer goal.using     11441ms Ordered_Resolution_Prover.FO_Ordered_Resolution_Prover 335:12758  some (SH 11439ms, ATP 2126ms): Try this: by (smt (cvc5, fmf) sr_ext.derive.simps) (837 ms)
0.sledgehammer goal.by         6423ms Ordered_Resolution_Prover.FO_Ordered_Resolution_Prover 337:12871  some (SH 6420ms, ATP 820ms): Try this: by (smt (cvc5, trigger_max)) (70 ms)
0.sledgehammer goal.proof     41696ms Ordered_Resolution_Prover.FO_Ordered_Resolution_Prover 346:13092  timeout (SH 39221ms): Timed out
0.sledgehammer goal.unfolding 43621ms Ordered_Resolution_Prover.FO_Ordered_Resolution_Prover 353:13265  some (SH 43619ms, ATP 1290ms): Try this: by (smt (cvc5, quant_saturate) S_M_grounding_of_clss grounding_of_clss_singleton selection_axioms singletonD) (1.0 s)
0.sledgehammer goal.by        11904ms Ordered_Resolution_Prover.FO_Ordered_Resolution_Prover 353:13296  some (SH 11902ms, ATP 1341ms): Try this: by (smt (cvc5, noematch) mem_Collect_eq) (479 ms)
0.sledgehammer goal.using     60587ms Ordered_Resolution_Prover.FO_Ordered_Resolution_Prover 355:13366  some (SH 60521ms, ATP 932ms): Try this: by (smt (cvc5, fmf) Neg_Melem_subst_atm_subst_cls Pos_Melem_subst_atm_subst_cls tautology_deletion.hyps(1,2)) (367 ms)
0.sledgehammer goal.by         6447ms Ordered_Resolution_Prover.FO_Ordered_Resolution_Prover 355:13451  some (SH 6445ms, ATP 967ms): Try this: by (smt (cvc5, term_relev)) (428 ms)
0.sledgehammer goal.using     12170ms Ordered_Resolution_Prover.FO_Ordered_Resolution_Prover 357:13523  some (SH 10863ms, ATP 2127ms): Try this: by (smt (cvc5, fmf) sr.tautology_Rf) (375 ms)
0.sledgehammer goal.by         7789ms Ordered_Resolution_Prover.FO_Ordered_Resolution_Prover 357:13545  some (SH 7787ms, ATP 1260ms): Try this: by (smt (cvc5, quant_saturate)) (608 ms)
0.sledgehammer goal.unfolding 85765ms Ordered_Resolution_Prover.FO_Ordered_Resolution_Prover 361:13684  some (SH 85156ms, ATP 2554ms): Try this: by (smt (cvc5) DiffD1 DiffD2 N_of_state.simps P_of_state.simps Q_of_state.simps Un_commute Un_iff boolean_algebra_cancel.sup1 grounding_of_clss_insert insert_is_Un subsetI)
0.sledgehammer goal.by        168129ms Ordered_Resolution_Prover.FO_Ordered_Resolution_Prover 361:13716  timeout (SH 168127ms):
0.sledgehammer goal.unfolding 66766ms Ordered_Resolution_Prover.FO_Ordered_Resolution_Prover 363:13817  some (SH 66763ms, ATP 3456ms): Try this: by (smt (cvc5) Diff_cancel Diff_empty N_of_state.simps P_of_state.simps Q_of_state.simps Un_Diff Un_Diff_cancel Un_Diff_cancel2 Un_assoc Un_commute Un_insert_left Un_insert_right empty_Diff grounding_of_clss_union insert_is_Un sup.right_idem sup_bot.right_neutral)
0.sledgehammer goal.by        148921ms Ordered_Resolution_Prover.FO_Ordered_Resolution_Prover 363:13849  some (SH 148911ms, ATP 3544ms): Try this: by (smt (cvc5, trigger_relev) Diff_eq_empty_iff[of "grounding_of_clss (Q \<union> (N \<union> P))" "grounding_of_clss (Q \<union> (N \<union> insert C P))"] N_of_state.simps[of "N \<union> {C}" P Q] N_of_state.simps[of N P Q] P_of_state.simps[of "N \<union> {C}" P Q] P_of_state.simps[of N P Q] Q_of_state.simps[of "N \<union> {C}" P Q] Q_of_state.simps[of N P Q] Un_commute[of P "N \<union> {C}"] Un_commute[of "Q_of_state (N \<union> {C}, P, Q)" "N_of_state (N \<union> {C}, P, Q) \<union> P_of_state (N \<union> {C}, P, Q)"] Un_commute[of "Q_of_state (N, P, Q)" "N_of_state (N, P, Q) \<union> P_of_state (N, P, Q)"] Un_commute[of P N] Un_commute[of "grounding_of_clss (Q \<union> (N \<union> P))" "grounding_of_cls C \<union> grounding_of_clss (Q \<union> (N \<union> P))"] Un_insert_right[of P C N] Un_insert_right[of N C "{}"] Un_insert_right[of Q C "N \<union> P"] Un_insert_right[of N C P] grounding_of_clss_insert[of C "Q \<union> (N \<union> P)"] subset_Un_eq[of "grounding_of_clss (Q \<union> (N \<union> P))" "grounding_of_cls C \<union> grounding_of_clss (Q \<union> (N \<union> P))"] substitution_ops.grounding_of_clss_def[of "(\<cdot>a)" "N_of_state (N \<union> {C}, P, Q) \<union> P_of_state (N \<union> {C}, P, Q) \<union> Q_of_state (N \<union> {C}, P, Q)"] substitution_ops.grounding_of_clss_def[of "(\<cdot>a)" "N_of_state (N, P, Q) \<union> P_of_state (N, P, Q) \<union> Q_of_state (N, P, Q)"] sup.right_idem[of "grounding_of_cls C" "grounding_of_clss (Q \<union> (N \<union> P))"] sup_bot.right_neutral[of N]) (267 ms)
0.sledgehammer goal.using     42575ms Ordered_Resolution_Prover.FO_Ordered_Resolution_Prover 365:13885  some (SH 42574ms, ATP 1367ms): Try this: by (smt (cvc5, best) empty_subsetI sr_ext.derive.intros) (174 ms)
0.sledgehammer goal.by        20402ms Ordered_Resolution_Prover.FO_Ordered_Resolution_Prover 367:13994  some (SH 20399ms, ATP 1380ms): Try this: by (smt (cvc5, fmf) sup.order_iff sup_bot.right_neutral) (2.6 s)
0.sledgehammer goal.using     156993ms Ordered_Resolution_Prover.FO_Ordered_Resolution_Prover 371:14068  timeout (SH 156991ms):
0.sledgehammer goal.unfolding 122358ms Ordered_Resolution_Prover.FO_Ordered_Resolution_Prover 371:14120  some (SH 122355ms, ATP 2468ms): Try this: by (smt (cvc5, term_relev) N_of_state.simps[of "N \<union> {C}" P Q] N_of_state.simps[of N P Q] P_of_state.simps[of "N \<union> {C}" P Q] P_of_state.simps[of N P Q] Q_of_state.simps[of "N \<union> {C}" P Q] Q_of_state.simps[of N P Q] Un_commute[of "grounding_of_cls C" "grounding_of_clss (N_of_state (N, P, Q) \<union> P_of_state (N, P, Q) \<union> Q_of_state (N, P, Q))"] Un_commute[of "N \<union> P" Q] Un_commute[of "{}" N] Un_commute[of N "{C}"] Un_iff[of D N P] Un_iff[of D P Q] Un_iff[of D Q "N \<union> P"] Un_insert_left[of C "N \<union> P" Q] Un_insert_left[of C N P] Un_insert_left[of C "{}" N] grounding_of_clss_insert[of C "N_of_state (N, P, Q) \<union> P_of_state (N, P, Q) \<union> Q_of_state (N, P, Q)"] sup_bot.right_neutral[of N]) (292 ms)
0.sledgehammer goal.by        156479ms Ordered_Resolution_Prover.FO_Ordered_Resolution_Prover 372:14156  timeout (SH 156477ms):
0.sledgehammer goal.using     65335ms Ordered_Resolution_Prover.FO_Ordered_Resolution_Prover 376:14269  some (SH 65333ms, ATP 4342ms): Try this: by (smt (cvc5, trigger_last) N_of_state.simps P_of_state.simps Q_of_state.simps Un_assoc Un_commute Un_iff bot_set_def derive_if_remove_subsumed grounding_of_clss_singleton grounding_of_clss_union strictly_subsumes_def) (480 ms)
0.sledgehammer goal.unfolding 66652ms Ordered_Resolution_Prover.FO_Ordered_Resolution_Prover 377:14347  some (SH 66649ms, ATP 2796ms): Try this: by (smt (cvc5, quant_saturate) N_of_state.simps P_of_state.simps Q_of_state.simps Un_assoc Un_commute Un_iff grounding_of_clss_singleton grounding_of_clss_union) (375 ms)
0.sledgehammer goal.by        44552ms Ordered_Resolution_Prover.FO_Ordered_Resolution_Prover 377:14379  some (SH 44550ms, ATP 2594ms): Try this: by (smt (cvc5, best) N_of_state.simps P_of_state.simps Q_of_state.simps Un_assoc Un_commute Un_iff grounding_of_clss_singleton grounding_of_clss_union substitution_ops.grounding_of_clss_def) (358 ms)
0.sledgehammer goal.using     158488ms Ordered_Resolution_Prover.FO_Ordered_Resolution_Prover 381:14492  timeout (SH 158486ms):
0.sledgehammer goal.unfolding 59664ms Ordered_Resolution_Prover.FO_Ordered_Resolution_Prover 382:14570  some (SH 59662ms, ATP 1410ms): Try this: by (smt (cvc5, quant_saturate) N_of_state.simps P_of_state.simps Q_of_state.simps UnI1 Un_assoc grounding_of_clss_singleton grounding_of_clss_union) (417 ms)
0.sledgehammer goal.by        68292ms Ordered_Resolution_Prover.FO_Ordered_Resolution_Prover 382:14602  some (SH 68291ms, ATP 2057ms): Try this: by (smt (cvc5, trigger_max) N_of_state.simps P_of_state.simps Q_of_state.simps UN_insert UnI1 Un_commute Un_insert_right sup_bot.right_neutral) (480 ms)
0.sledgehammer goal.using     74992ms Ordered_Resolution_Prover.FO_Ordered_Resolution_Prover 386:14717  some (SH 74990ms, ATP 2209ms): Try this: by (smt (cvc5, trigger_relev) N_of_state.simps P_of_state.simps Q_of_state.simps Un_assoc Un_commute Un_insert_right insertCI mk_disjoint_insert reduction_derivable) (960 ms)
0.sledgehammer goal.by        61732ms Ordered_Resolution_Prover.FO_Ordered_Resolution_Prover 386:14763  some (SH 61730ms, ATP 457ms): Try this: by (smt (cvc5, trigger_relev) N_of_state.simps P_of_state.simps Q_of_state.simps Un_iff Un_insert_left Un_insert_right sup_bot.right_neutral) (513 ms)
0.sledgehammer goal.using     39710ms Ordered_Resolution_Prover.FO_Ordered_Resolution_Prover 390:14846  some (SH 39708ms, ATP 1441ms): Try this: by (smt (cvc5, trigger_relev) N_of_state.simps P_of_state.simps Q_of_state.simps Un_assoc Un_commute Un_insert_left insertCI mk_disjoint_insert reduction_derivable) (795 ms)
0.sledgehammer goal.by        77279ms Ordered_Resolution_Prover.FO_Ordered_Resolution_Prover 390:14892  some (SH 77277ms, ATP 318ms): Try this: by (smt (cvc5, trigger_last) N_of_state.simps P_of_state.simps Q_of_state.simps UnI1 Un_assoc Un_commute) (492 ms)
0.sledgehammer goal.using     41218ms Ordered_Resolution_Prover.FO_Ordered_Resolution_Prover 394:14975  some (SH 41215ms, ATP 1440ms): Try this: by (smt (cvc5, quant_saturate) N_of_state.simps P_of_state.simps Q_of_state.simps Un_assoc Un_commute Un_insert_left insertCI mk_disjoint_insert reduction_derivable) (652 ms)
0.sledgehammer goal.by        52883ms Ordered_Resolution_Prover.FO_Ordered_Resolution_Prover 394:15021  some (SH 52882ms, ATP 394ms): Try this: by (smt (cvc5, best) N_of_state.simps P_of_state.simps Q_of_state.simps UnI1 Un_assoc Un_commute) (508 ms)
0.sledgehammer goal.using     156890ms Ordered_Resolution_Prover.FO_Ordered_Resolution_Prover 398:15092  timeout (SH 156888ms):
0.sledgehammer goal.by        123412ms Ordered_Resolution_Prover.FO_Ordered_Resolution_Prover 398:15119  some (SH 123409ms, ATP 1546ms): Try this: by (smt (cvc5, quant_saturate) Diff_cancel N_of_state.simps P_of_state.simps Q_of_state.simps Un_assoc Un_commute empty_subsetI) (806 ms)
0.sledgehammer goal.unfolding 44797ms Ordered_Resolution_Prover.FO_Ordered_Resolution_Prover 406:15310  some (SH 44795ms, ATP 1375ms): Try this: by (smt (cvc5, fmf) S_M_grounding_of_clss selection_axioms) (1.0 s)
0.sledgehammer goal.by        75146ms Ordered_Resolution_Prover.FO_Ordered_Resolution_Prover 406:15363  some (SH 75144ms, ATP 1562ms): Try this: by (smt (cvc5, best) S_M_grounding_of_clss \<open>E\<mu> \<in> grounding_of_clss N\<close> selection_axioms) (1.5 s)
0.sledgehammer goal.using     10723ms Ordered_Resolution_Prover.FO_Ordered_Resolution_Prover 408:15459  some (SH 10721ms, ATP 1355ms): Try this: by (smt (cvc5, trigger_relev) local.inference_computation) (29 ms)
0.sledgehammer goal.by         9128ms Ordered_Resolution_Prover.FO_Ordered_Resolution_Prover 408:15487  some (SH 6827ms, ATP 1172ms): Try this: by (smt (cvc5, fmf)) (100 ms)
0.sledgehammer goal.unfolding 74744ms Ordered_Resolution_Prover.FO_Ordered_Resolution_Prover 411:15613  some (SH 72773ms, ATP 971ms): Try this: by (smt (cvc5, quant_saturate) image_iff mem_Collect_eq ord_FO_resolution.inferences_between_def) (549 ms)
0.sledgehammer goal.by        33345ms Ordered_Resolution_Prover.FO_Ordered_Resolution_Prover 411:15664  some (SH 33342ms, ATP 324ms): Try this: by (smt (cvc5, best) image_iff mem_Collect_eq) (496 ms)
0.sledgehammer goal.unfolding 60932ms Ordered_Resolution_Prover.FO_Ordered_Resolution_Prover 414:15805  some (SH 60930ms, ATP 5919ms): Try this: by (smt (cvc5, fmf) FO_resolution.ord_FO_\<Gamma>_def FO_resolution_axioms inference.sel(3) mem_Collect_eq) (1.0 s)
0.sledgehammer goal.by        49786ms Ordered_Resolution_Prover.FO_Ordered_Resolution_Prover 414:15828  some (SH 49784ms, ATP 2417ms): Try this: by (smt (cvc5, term_relev) inference.sel(3) mem_Collect_eq) (1.2 s)
0.sledgehammer goal.using     37307ms Ordered_Resolution_Prover.FO_Ordered_Resolution_Prover 422:16159  some (SH 37305ms, ATP 2100ms): Try this: by (smt (cvc5, trigger_max) E_\<mu>_p \<gamma>_p2 \<rho>_def \<rho>s_def ord_resolve_rename_ground_inst_sound[of S CAs D AAs As \<sigma> E "tl (renamings_apart (D # CAs))" "hd (renamings_apart (D # CAs))" _ \<mu>]) (1.1 s)
0.sledgehammer goal.by        17178ms Ordered_Resolution_Prover.FO_Ordered_Resolution_Prover 423:16258  some (SH 17176ms, ATP 2381ms): Try this: by (smt (cvc5))
0.sledgehammer goal.unfolding 20187ms Ordered_Resolution_Prover.FO_Ordered_Resolution_Prover 425:16352  some (SH 20185ms, ATP 2166ms): Try this: by (smt (cvc5, quant_saturate) \<gamma>_ground_def mem_Collect_eq) (984 ms)
0.sledgehammer goal.by        17883ms Ordered_Resolution_Prover.FO_Ordered_Resolution_Prover 425:16375  some (SH 17882ms, ATP 3395ms): Try this: by (smt (cvc5, quant_saturate) mem_Collect_eq) (2.7 s)
0.sledgehammer goal.proof     40012ms Ordered_Resolution_Prover.FO_Ordered_Resolution_Prover 427:16474  timeout (SH 40010ms): Timed out
0.sledgehammer goal.unfolding 35441ms Ordered_Resolution_Prover.FO_Ordered_Resolution_Prover 429:16517  timeout (SH 35438ms): Timed out
0.sledgehammer goal.using     37153ms Ordered_Resolution_Prover.FO_Ordered_Resolution_Prover 429:16540  timeout (SH 37150ms): Timed out
0.sledgehammer goal.unfolding 74091ms Ordered_Resolution_Prover.FO_Ordered_Resolution_Prover 429:16561  some (SH 74089ms, ATP 3539ms): Try this: by (smt (cvc5, trigger_relev) Un_insert_right infer_from_def inference.sel(2) insert_iff subsetD sup_bot.right_neutral union_mset_add_mset_right union_single_eq_member) (216 ms)
0.sledgehammer goal.unfolding 73379ms Ordered_Resolution_Prover.FO_Ordered_Resolution_Prover 430:16594  some (SH 73377ms, ATP 3766ms): Try this: by (smt (cvc5, best) Un_insert_right inference.sel(2) insert_iff subsetD sup_bot.right_neutral union_mset_add_mset_right union_single_eq_member) (336 ms)
0.sledgehammer goal.by        57039ms Ordered_Resolution_Prover.FO_Ordered_Resolution_Prover 430:16647  some (SH 57036ms, ATP 3949ms): Try this: by (smt (cvc5, best) Un_insert_right inference.sel(2) insert_iff subsetD sup_bot.right_neutral union_mset_add_mset_right union_single_eq_member) (277 ms)
0.sledgehammer goal.using     65494ms Ordered_Resolution_Prover.FO_Ordered_Resolution_Prover 432:16763  some (SH 65491ms, ATP 1520ms): Try this: by (smt (cvc5, quant_saturate) E_\<mu>_p ground_subst_ground_cls grounding_of_cls_ground grounding_of_subst_cls_subset insert_subset subsetD) (360 ms)
0.sledgehammer goal.unfolding 56716ms Ordered_Resolution_Prover.FO_Ordered_Resolution_Prover 433:16783  some (SH 56713ms, ATP 1796ms): Try this: by (smt (cvc5, quant_saturate) ground_subst_ground_cls grounding_of_cls_ground grounding_of_subst_cls_subset insert_subset order_trans) (854 ms)
0.sledgehammer goal.by        48219ms Ordered_Resolution_Prover.FO_Ordered_Resolution_Prover 434:16822  some (SH 48217ms, ATP 516ms): Try this: by (smt (cvc5) ground_subst_ground_cls grounding_of_cls_def grounding_of_cls_ground grounding_of_subst_cls_subset insert_subset mem_Collect_eq order_trans)
0.sledgehammer goal.by         8465ms Ordered_Resolution_Prover.FO_Ordered_Resolution_Prover 438:17084  some (SH 8463ms, ATP 832ms): Try this: by (smt (cvc5, trigger_max)) (350 ms)
0.sledgehammer goal.proof     42538ms Ordered_Resolution_Prover.FO_Ordered_Resolution_Prover 442:17324  timeout (SH 41110ms): Timed out
0.sledgehammer goal.by        64346ms Ordered_Resolution_Prover.FO_Ordered_Resolution_Prover 446:17475  some (SH 64344ms, ATP 1485ms): Try this: by (smt (cvc5, best) min_less_iff_conj subst_cls_list_length subst_cls_lists_length) (80 ms)
0.sledgehammer goal.using     97525ms Ordered_Resolution_Prover.FO_Ordered_Resolution_Prover 448:17542  some (SH 97523ms, ATP 3605ms): Try this: by (smt (cvc5, term_relev) Un_iff \<gamma>_p \<gamma>_p2 infer_from_def inference.sel(1) nth_mem_mset set_mset_union subset_iff) (220 ms)
0.sledgehammer goal.unfolding 30439ms Ordered_Resolution_Prover.FO_Ordered_Resolution_Prover 448:17557  some (SH 30436ms, ATP 1617ms): Try this: by (smt (cvc5, trigger_last) Un_iff infer_from_def inference.sel(1) nth_mem_mset set_mset_union subsetD) (307 ms)
0.sledgehammer goal.by        62641ms Ordered_Resolution_Prover.FO_Ordered_Resolution_Prover 449:17592  some (SH 62639ms, ATP 1469ms): Try this: by (smt (cvc5, fmf) Un_iff inference.sel(1) nth_mem_mset set_mset_union subsetD) (284 ms)
0.sledgehammer goal.using     37820ms Ordered_Resolution_Prover.FO_Ordered_Resolution_Prover 455:17994  timeout (SH 37817ms): Timed out
0.sledgehammer goal.unfolding 37035ms Ordered_Resolution_Prover.FO_Ordered_Resolution_Prover 456:18025  timeout (SH 37033ms): Timed out
0.sledgehammer goal.apply     36736ms Ordered_Resolution_Prover.FO_Ordered_Resolution_Prover 457:18116  timeout (SH 36734ms): Timed out
0.sledgehammer goal.apply     39080ms Ordered_Resolution_Prover.FO_Ordered_Resolution_Prover 458:18134  timeout (SH 39078ms): Timed out
0.sledgehammer goal.apply     38758ms Ordered_Resolution_Prover.FO_Ordered_Resolution_Prover 460:18192  timeout (SH 38755ms): Timed out
0.sledgehammer goal.apply     37513ms Ordered_Resolution_Prover.FO_Ordered_Resolution_Prover 461:18224  timeout (SH 37511ms): Timed out
0.sledgehammer goal.apply     37043ms Ordered_Resolution_Prover.FO_Ordered_Resolution_Prover 462:18262  timeout (SH 37040ms): Timed out
0.sledgehammer goal.using     77941ms Ordered_Resolution_Prover.FO_Ordered_Resolution_Prover 463:18321  some (SH 77940ms, ATP 5107ms): Try this: by (smt (cvc5, trigger_max) \<open>i < length (CAs \<cdot>\<cdot>cl \<rho>s \<cdot>cl \<sigma> \<cdot>cl \<mu>)\<close> \<rho>s_def is_ground_comp_subst length_tl list.sel(3) renamings_apart_length subst_cls_comp_subst subst_cls_list_length subst_cls_list_nth subst_cls_lists_nth) (791 ms)
0.sledgehammer goal.using     160570ms Ordered_Resolution_Prover.FO_Ordered_Resolution_Prover 463:18334  timeout (SH 160568ms):
0.sledgehammer goal.by        120168ms Ordered_Resolution_Prover.FO_Ordered_Resolution_Prover 463:18363  some (SH 120165ms, ATP 3459ms): Try this: by (smt (cvc5, trigger_max) is_ground_comp_subst length_tl list.sel(3) min.idem subst_cls_comp_subst subst_cls_list_comp_subst subst_cls_list_nth subst_cls_lists_length substitution.subst_cls_lists_nth substitution_axioms) (2.3 s)
0.sledgehammer goal.apply     38132ms Ordered_Resolution_Prover.FO_Ordered_Resolution_Prover 465:18409  timeout (SH 38129ms): Timed out
0.sledgehammer goal.apply     38812ms Ordered_Resolution_Prover.FO_Ordered_Resolution_Prover 466:18441  timeout (SH 38810ms): Timed out
0.sledgehammer goal.apply     37309ms Ordered_Resolution_Prover.FO_Ordered_Resolution_Prover 467:18473  timeout (SH 37306ms): Timed out
0.sledgehammer goal.by        33801ms Ordered_Resolution_Prover.FO_Ordered_Resolution_Prover 468:18532  some (SH 33799ms, ATP 1508ms): Try this: by (smt (cvc5, quant_saturate) Un_commute Un_insert_right insert_iff sup_bot.right_neutral) (248 ms)
0.sledgehammer goal.apply     60357ms Ordered_Resolution_Prover.FO_Ordered_Resolution_Prover 470:18575  some (SH 60354ms, ATP 674ms): Try this: by (smt (cvc5) \<rho>s_def is_ground_comp_subst length_tl length_tl list.sel(3) mem_Collect_eq min.idem renamings_apart_length subst_cls_comp_subst subst_cls_list_comp_subst subst_cls_list_nth subst_cls_lists_length substitution.subst_cls_lists_nth substitution_axioms)
0.sledgehammer goal.apply     76207ms Ordered_Resolution_Prover.FO_Ordered_Resolution_Prover 471:18615  some (SH 76204ms, ATP 579ms): Try this: by (smt (cvc5, trigger_max) \<rho>s_def is_ground_comp_subst length_tl list.sel(3) min.idem renamings_apart_length subst_cls_comp_subst subst_cls_list_comp_subst subst_cls_list_nth subst_cls_lists_length substitution.subst_cls_lists_nth substitution_axioms) (800 ms)
0.sledgehammer goal.using     162398ms Ordered_Resolution_Prover.FO_Ordered_Resolution_Prover 472:18676  timeout (SH 162395ms):
0.sledgehammer goal.using     90281ms Ordered_Resolution_Prover.FO_Ordered_Resolution_Prover 472:18689  some (SH 90279ms, ATP 2754ms): Try this: by (smt (cvc5, trigger_max) is_ground_comp_subst length_tl list.sel(3) min.idem renamings_apart_length subst_cls_comp_subst subst_cls_list_comp_subst subst_cls_list_nth subst_cls_lists_length substitution.subst_cls_lists_nth substitution_axioms) (1.8 s)
0.sledgehammer goal.by        164388ms Ordered_Resolution_Prover.FO_Ordered_Resolution_Prover 472:18718  some (SH 164386ms, ATP 3837ms): Try this: by (smt (cvc5, trigger_max) is_ground_comp_subst length_tl list.sel(3) min.idem subst_cls_comp_subst subst_cls_list_comp_subst subst_cls_list_nth subst_cls_lists_length substitution.subst_cls_lists_nth substitution_axioms) (1.9 s)
0.sledgehammer goal.by        10572ms Ordered_Resolution_Prover.FO_Ordered_Resolution_Prover 477:18954  some (SH 10570ms, ATP 1218ms): Try this: by (smt (cvc5, noematch) Un_iff) (402 ms)
0.sledgehammer goal.by        15870ms Ordered_Resolution_Prover.FO_Ordered_Resolution_Prover 481:19165  some (SH 15767ms, ATP 1390ms): Try this: by (smt (cvc5, fmf) in_mset_conv_nth) (1.1 s)
0.sledgehammer goal.unfolding 52711ms Ordered_Resolution_Prover.FO_Ordered_Resolution_Prover 484:19357  some (SH 52709ms, ATP 4430ms): Try this: by (smt (cvc5) Collect_cong grounding_of_cls_def grounding_of_clss_def image_cong mset_subst_cls_list_subst_cls_mset subsetI sup_assoc)
0.sledgehammer goal.using     45692ms Ordered_Resolution_Prover.FO_Ordered_Resolution_Prover 485:19418  some (SH 45690ms, ATP 1612ms): Try this: by (smt (cvc5, noematch) mset_subst_cls_list_subst_cls_mset subsetI sup_assoc) (751 ms)
0.sledgehammer goal.by        31103ms Ordered_Resolution_Prover.FO_Ordered_Resolution_Prover 485:19459  some (SH 31101ms, ATP 1764ms): Try this: by (smt (cvc5, quant_saturate) subsetI sup_assoc) (540 ms)
0.sledgehammer goal.unfolding 106156ms Ordered_Resolution_Prover.FO_Ordered_Resolution_Prover 487:19505  some (SH 106154ms, ATP 4927ms): Try this: by (smt (cvc5) N_of_state.simps P_of_state.simps Q_of_state.simps UN_I UnI2 Un_commute Un_insert_right \<gamma>_ground_def grounding_of_clss_insert grounding_of_clss_union inference.sel(1,2) insert_subset set_mset_add_mset_insert set_mset_empty set_mset_union substitution_ops.grounding_of_clss_def sup_bot.right_neutral)
0.sledgehammer goal.by        186350ms Ordered_Resolution_Prover.FO_Ordered_Resolution_Prover 487:19550  timeout (SH 186348ms):
0.sledgehammer goal.unfolding 37792ms Ordered_Resolution_Prover.FO_Ordered_Resolution_Prover 491:19681  timeout (SH 37789ms): Timed out
0.sledgehammer goal.using     45179ms Ordered_Resolution_Prover.FO_Ordered_Resolution_Prover 493:19803  some (SH 45177ms, ATP 392ms): Try this: by (smt (cvc5, trigger_last) \<gamma>_ground_def image_iff inference.sel(3) mem_Collect_eq) (302 ms)
0.sledgehammer goal.by        40188ms Ordered_Resolution_Prover.FO_Ordered_Resolution_Prover 493:19822  some (SH 40186ms, ATP 455ms): Try this: by (smt (cvc5, best) image_iff inference.sel(3) mem_Collect_eq) (389 ms)
0.sledgehammer goal.using     12984ms Ordered_Resolution_Prover.FO_Ordered_Resolution_Prover 495:19996  some (SH 12982ms, ATP 1067ms): Try this: by (smt (cvc5, best) E_\<mu>_p) (57 ms)
0.sledgehammer goal.by         7873ms Ordered_Resolution_Prover.FO_Ordered_Resolution_Prover 495:20008  some (SH 7870ms, ATP 999ms): Try this: by (smt (cvc5, trigger_last)) (77 ms)
0.sledgehammer goal.unfolding 51378ms Ordered_Resolution_Prover.FO_Ordered_Resolution_Prover 499:20190  some (SH 49376ms, ATP 2248ms): Try this: by (smt (cvc5, trigger_last) Diff_iff N_of_state.simps P_of_state.simps Q_of_state.simps Un_iff grounding_of_clss_union subsetI) (782 ms)
0.sledgehammer goal.by        159425ms Ordered_Resolution_Prover.FO_Ordered_Resolution_Prover 499:20222  some (SH 159423ms, ATP 1574ms): Try this: by (smt (cvc5, term_relev) DiffD1 DiffD2 N_of_state.simps P_of_state.simps Q_of_state.simps UN_Un Un_iff subsetI) (796 ms)
0.sledgehammer goal.unfolding 67720ms Ordered_Resolution_Prover.FO_Ordered_Resolution_Prover 501:20330  some (SH 67718ms, ATP 3758ms): Try this: by (smt (cvc5, trigger_max) Diff_eq_empty_iff N_of_state.simps P_of_state.simps Q_of_state.simps Un_assoc Un_commute Un_upper2 grounding_of_clss_mono sup_bot.right_neutral) (427 ms)
0.sledgehammer goal.by        86984ms Ordered_Resolution_Prover.FO_Ordered_Resolution_Prover 501:20362  some (SH 86976ms, ATP 2192ms): Try this: by (smt (cvc5) Diff_eq_empty_iff N_of_state.simps P_of_state.simps Q_of_state.simps Sup_empty Un_assoc Un_commute Un_left_commute grounding_of_clss_union insert_is_Un substitution_ops.grounding_of_clss_def sup.order_iff sup.right_idem)
0.sledgehammer goal.using     20193ms Ordered_Resolution_Prover.FO_Ordered_Resolution_Prover 503:20398  some (SH 20192ms, ATP 1295ms): Try this: by (smt (cvc5, trigger_relev) empty_subsetI sr_ext.derive.intros) (438 ms)
0.sledgehammer goal.by        28058ms Ordered_Resolution_Prover.FO_Ordered_Resolution_Prover 504:20516  some (SH 28056ms, ATP 1420ms): Try this: by (smt (cvc5, best) sup.order_iff sup_bot.right_neutral) (2.4 s)
0.sledgehammer goal.proof     37913ms Ordered_Resolution_Prover.FO_Ordered_Resolution_Prover 512:20649  timeout (SH 37911ms): Timed out
0.sledgehammer goal.proof     37693ms Ordered_Resolution_Prover.FO_Ordered_Resolution_Prover 522:20977  timeout (SH 37691ms): Timed out
0.sledgehammer goal.unfolding 37469ms Ordered_Resolution_Prover.FO_Ordered_Resolution_Prover 525:21046  timeout (SH 37467ms): Timed out
0.sledgehammer goal.by        37833ms Ordered_Resolution_Prover.FO_Ordered_Resolution_Prover 527:21158  timeout (SH 37831ms): Timed out
0.sledgehammer goal.using     26319ms Ordered_Resolution_Prover.FO_Ordered_Resolution_Prover 529:21269  some (SH 26318ms, ATP 860ms): Try this: by (smt (cvc5, trigger_last) deduct true_clss_mono) (365 ms)
0.sledgehammer goal.by         8540ms Ordered_Resolution_Prover.FO_Ordered_Resolution_Prover 529:21282  some (SH 8538ms, ATP 883ms): Try this: by (smt (cvc5, fmf) true_clss_mono) (458 ms)
0.sledgehammer goal.using     59762ms Ordered_Resolution_Prover.FO_Ordered_Resolution_Prover 531:21348  some (SH 59760ms, ATP 1025ms): Try this: by (smt (cvc5, fmf) Un_Diff_cancel2 bef true_clss_union) (106 ms)
0.sledgehammer goal.unfolding 37134ms Ordered_Resolution_Prover.FO_Ordered_Resolution_Prover 531:21358  some (SH 37132ms, ATP 994ms): Try this: by (smt (cvc5, fmf) Un_Diff_cancel2 true_clss_union) (120 ms)
0.sledgehammer goal.by        22627ms Ordered_Resolution_Prover.FO_Ordered_Resolution_Prover 531:21382  some (SH 22625ms, ATP 1043ms): Try this: by (smt (cvc5, fmf) Un_Diff_cancel2 Un_iff) (306 ms)
0.sledgehammer goal.by        36765ms Ordered_Resolution_Prover.FO_Ordered_Resolution_Prover 535:21469  timeout (SH 36763ms): Timed out
0.sledgehammer goal.using      7137ms Ordered_Resolution_Prover.FO_Ordered_Resolution_Prover 538:21679  some (SH 7136ms, ATP 962ms): Try this: by (smt (cvc5, best) true_clss_union) (61 ms)
0.sledgehammer goal.by         6919ms Ordered_Resolution_Prover.FO_Ordered_Resolution_Prover 538:21701  some (SH 5768ms, ATP 819ms): Try this: by (smt (cvc5, trigger_max)) (88 ms)
0.sledgehammer goal.using     15349ms Ordered_Resolution_Prover.FO_Ordered_Resolution_Prover 540:21756  some (SH 13921ms, ATP 844ms): Try this: by (smt (cvc5, fmf) delete true_clss_mono) (376 ms)
0.sledgehammer goal.by         8877ms Ordered_Resolution_Prover.FO_Ordered_Resolution_Prover 540:21769  some (SH 8875ms, ATP 961ms): Try this: by (smt (cvc5, fmf) true_clss_mono) (469 ms)
0.sledgehammer goal.using     33538ms Ordered_Resolution_Prover.FO_Ordered_Resolution_Prover 542:21834  some (SH 33536ms, ATP 1083ms): Try this: by (smt (cvc5, fmf) Un_Diff_cancel aft true_clss_union) (91 ms)
0.sledgehammer goal.unfolding 34694ms Ordered_Resolution_Prover.FO_Ordered_Resolution_Prover 542:21844  some (SH 34693ms, ATP 1119ms): Try this: by (smt (cvc5, fmf) Diff_subset_conv \<open>I \<Turnstile>s grounding_of_clss (N_of_state St' \<union> P_of_state St' \<union> Q_of_state St') \<union> sr.Rf (grounding_of_clss (N_of_state St' \<union> P_of_state St' \<union> Q_of_state St'))\<close> delete true_clss_mono) (399 ms)
0.sledgehammer goal.by        23965ms Ordered_Resolution_Prover.FO_Ordered_Resolution_Prover 542:21868  some (SH 23963ms, ATP 1117ms): Try this: by (smt (cvc5, fmf) Un_Diff_cancel2 Un_iff) (271 ms)
0.sledgehammer goal.using     45230ms Ordered_Resolution_Prover.FO_Ordered_Resolution_Prover 551:22088  some (SH 45228ms, ATP 2670ms): Try this: by (smt (cvc5, noematch) RP_ground_derive chain_lmap) (321 ms)
0.sledgehammer goal.by        14528ms Ordered_Resolution_Prover.FO_Ordered_Resolution_Prover 551:22111  some (SH 14526ms, ATP 1366ms): Try this: by (smt (cvc5, noematch) chain_lmap) (1.0 s)
0.sledgehammer goal.proof     33199ms Ordered_Resolution_Prover.FO_Ordered_Resolution_Prover 560:22326  timeout (SH 33198ms): Timed out
0.sledgehammer goal.using     11182ms Ordered_Resolution_Prover.FO_Ordered_Resolution_Prover 563:22445  some (SH 11179ms, ATP 1198ms): Try this: by (smt (cvc5, noematch) Sup_llist_imp_exists_index assms) (329 ms)
0.sledgehammer goal.by         9162ms Ordered_Resolution_Prover.FO_Ordered_Resolution_Prover 563:22484  some (SH 9160ms, ATP 1197ms): Try this: by (smt (cvc5, best)) (434 ms)
0.sledgehammer goal.unfolding 38356ms Ordered_Resolution_Prover.FO_Ordered_Resolution_Prover 565:22516  some (SH 38116ms, ATP 1556ms): Try this: by (smt (cvc5, trigger_relev) llength_lmap lnth_lmap substitution.grounding_ground substitution_axioms) (339 ms)
0.sledgehammer goal.by        66902ms Ordered_Resolution_Prover.FO_Ordered_Resolution_Prover 565:22569  some (SH 66900ms, ATP 1084ms): Try this: by (smt (cvc5, trigger_last) \<open>\<exists>j. enat j < llength (lmap (\<lambda>St. grounding_of_clss (N_of_state St \<union> P_of_state St \<union> Q_of_state St)) Sts) \<and> C \<in> lnth (lmap (\<lambda>St. grounding_of_clss (N_of_state St \<union> P_of_state St \<union> Q_of_state St)) Sts) j\<close> llength_lmap lnth_lmap substitution.grounding_ground substitution_axioms) (663 ms)
0.sledgehammer goal.using     13747ms Ordered_Resolution_Prover.FO_Ordered_Resolution_Prover 570:22693  some (SH 13745ms, ATP 998ms): Try this: by (smt (cvc5, fmf) Liminf_llist_subset_Sup_llist Sup_llist_grounding_of_state_ground subsetD) (445 ms)
0.sledgehammer goal.by         9523ms Ordered_Resolution_Prover.FO_Ordered_Resolution_Prover 572:22805  some (SH 9522ms, ATP 1223ms): Try this: by (smt (cvc5, noematch) subsetD) (351 ms)
0.sledgehammer goal.proof     36248ms Ordered_Resolution_Prover.FO_Ordered_Resolution_Prover 577:22986  timeout (SH 36246ms): Timed out
0.sledgehammer goal.using     27750ms Ordered_Resolution_Prover.FO_Ordered_Resolution_Prover 580:23101  some (SH 27749ms, ATP 1097ms): Try this: by (smt (cvc5, noematch) Sup_llist_imp_exists_index llength_lmap) (900 ms)
0.sledgehammer goal.by        11217ms Ordered_Resolution_Prover.FO_Ordered_Resolution_Prover 580:23134  some (SH 11215ms, ATP 1188ms): Try this: by (smt (cvc5, fmf) llength_lmap) (873 ms)
0.sledgehammer goal.using     58867ms Ordered_Resolution_Prover.FO_Ordered_Resolution_Prover 583:23244  some (SH 58866ms, ATP 1467ms): Try this: by (smt (cvc5, term_relev) S_M_grounding_of_clss[of S C "N_of_state (lnth Sts i) \<union> P_of_state (lnth Sts i) \<union> Q_of_state (lnth Sts i)"] lnth_lmap[of i Sts "\<lambda>uua. grounding_of_clss (N_of_state uua \<union> P_of_state uua \<union> Q_of_state uua)"] selection_axioms) (1.5 s)
0.sledgehammer goal.unfolding 71275ms Ordered_Resolution_Prover.FO_Ordered_Resolution_Prover 583:23256  some (SH 71272ms, ATP 539ms): Try this: by (smt (cvc5, quant_saturate) S_M_grounding_of_clss[of S C "N_of_state (lnth Sts i) \<union> P_of_state (lnth Sts i) \<union> Q_of_state (lnth Sts i)"] lnth_lmap[of i Sts "\<lambda>uua. grounding_of_clss (N_of_state uua \<union> P_of_state uua \<union> Q_of_state uua)"] selection_axioms) (2.2 s)
0.sledgehammer goal.by        55216ms Ordered_Resolution_Prover.FO_Ordered_Resolution_Prover 583:23309  some (SH 55214ms, ATP 4805ms): Try this: by (smt (cvc5, trigger_relev) S_M_grounding_of_clss i_p lnth_lmap selection_axioms) (3.1 s)
0.sledgehammer goal.using     37583ms Ordered_Resolution_Prover.FO_Ordered_Resolution_Prover 585:23406  timeout (SH 37581ms): Timed out
0.sledgehammer goal.unfolding 36426ms Ordered_Resolution_Prover.FO_Ordered_Resolution_Prover 585:23416  timeout (SH 36424ms): Timed out
0.sledgehammer goal.by        66332ms Ordered_Resolution_Prover.FO_Ordered_Resolution_Prover 586:23444  some (SH 66329ms, ATP 1917ms): Try this: by (smt (cvc5, noematch) N_of_state.simps[of "Sup_llist (lmap N_of_state Sts)" "Sup_llist (lmap P_of_state Sts)" "Sup_llist (lmap Q_of_state Sts)"] P_of_state.simps[of "Sup_llist (lmap N_of_state Sts)" "Sup_llist (lmap P_of_state Sts)" "Sup_llist (lmap Q_of_state Sts)"] Q_of_state.simps[of "Sup_llist (lmap N_of_state Sts)" "Sup_llist (lmap P_of_state Sts)" "Sup_llist (lmap Q_of_state Sts)"] UnE[of D "N_of_state (lnth Sts i)" "P_of_state (lnth Sts i)"] UnE[of D "N_of_state (lnth Sts i) \<union> P_of_state (lnth Sts i)" "Q_of_state (lnth Sts i)"] UnI1[of D "Sup_llist (lmap N_of_state Sts)" "Sup_llist (lmap P_of_state Sts)"] UnI1[of D "Sup_llist (lmap N_of_state Sts) \<union> Sup_llist (lmap P_of_state Sts)" "Sup_llist (lmap Q_of_state Sts)"] UnI2[of D "Sup_llist (lmap Q_of_state Sts)" "Sup_llist (lmap N_of_state Sts) \<union> Sup_llist (lmap P_of_state Sts)"] UnI2[of D "Sup_llist (lmap P_of_state Sts)" "Sup_llist (lmap N_of_state Sts)"] llength_lmap[of Q_of_state Sts] llength_lmap[of P_of_state Sts] llength_lmap[of N_of_state Sts] lnth_lmap[of i Sts Q_of_state] lnth_lmap[of i Sts P_of_state] lnth_lmap[of i Sts N_of_state] lnth_subset_Sup_llist[of i "lmap Q_of_state Sts"] lnth_subset_Sup_llist[of i "lmap P_of_state Sts"] lnth_subset_Sup_llist[of i "lmap N_of_state Sts"] subsetD[of "lnth (lmap Q_of_state Sts) i" "Sup_llist (lmap Q_of_state Sts)" D] subsetD[of "P_of_state (lnth Sts i)" "Sup_llist (lmap P_of_state Sts)" D] subsetD[of "N_of_state (lnth Sts i)" "Sup_llist (lmap N_of_state Sts)" D]) (1.6 s)
0.sledgehammer goal.by         9840ms Ordered_Resolution_Prover.FO_Ordered_Resolution_Prover 589:23627  some (SH 9837ms, ATP 1017ms): Try this: by (smt (cvc5, best)) (970 ms)
0.sledgehammer goal.unfolding  9907ms Ordered_Resolution_Prover.FO_Ordered_Resolution_Prover 595:23832  some (SH 9905ms, ATP 1352ms): Try this: apply (smt (cvc5, noematch) Liminf_state_def N_of_state.simps) (337 ms)
0.sledgehammer goal.by         6994ms Ordered_Resolution_Prover.FO_Ordered_Resolution_Prover 595:23859  some (SH 6970ms, ATP 985ms): Try this: apply (smt (cvc5, trigger_relev) N_of_state.simps) (108 ms)
0.sledgehammer goal.proof     38166ms Ordered_Resolution_Prover.FO_Ordered_Resolution_Prover 604:24143  timeout (SH 37382ms): Timed out
0.sledgehammer goal.using     36114ms Ordered_Resolution_Prover.FO_Ordered_Resolution_Prover 607:24265  timeout (SH 36113ms): Timed out
0.sledgehammer goal.by        35250ms Ordered_Resolution_Prover.FO_Ordered_Resolution_Prover 607:24276  timeout (SH 35247ms): Timed out
0.sledgehammer goal.unfolding 60001ms Ordered_Resolution_Prover.FO_Ordered_Resolution_Prover 609:24397  some (SH 60000ms, ATP 1558ms): Try this: by (smt (cvc5, trigger_max) assms(3) llength_lmap llength_lnull lnth_lmap not_Liminf_llist_imp_exists_index zero_order(3)) (586 ms)
0.sledgehammer goal.using     40534ms Ordered_Resolution_Prover.FO_Ordered_Resolution_Prover 609:24424  some (SH 40531ms, ATP 993ms): Try this: by (smt (cvc5, quant_saturate) INT_I UN_iff i_Sts llength_lmap lnth_lmap mem_Collect_eq) (430 ms)
0.sledgehammer goal.by        42563ms Ordered_Resolution_Prover.FO_Ordered_Resolution_Prover 609:24436  some (SH 42561ms, ATP 2046ms): Try this: by (smt (cvc5, best) INT_I UN_iff llength_lmap lnth_lmap mem_Collect_eq) (610 ms)
0.sledgehammer goal.using      9907ms Ordered_Resolution_Prover.FO_Ordered_Resolution_Prover 611:24466  some (SH 9904ms, ATP 982ms): Try this: by (smt (cvc5, noematch) N_of_state_Liminf empty_iff fair fair_state_seq_def) (134 ms)
0.sledgehammer goal.unfolding 13258ms Ordered_Resolution_Prover.FO_Ordered_Resolution_Prover 611:24477  some (SH 13256ms, ATP 1239ms): Try this: by (smt (cvc5, best) N_of_state_Liminf empty_iff fair_state_seq_def) (126 ms)
0.sledgehammer goal.by         9748ms Ordered_Resolution_Prover.FO_Ordered_Resolution_Prover 611:24506  some (SH 9746ms, ATP 1072ms): Try this: by (smt (cvc5, fmf) N_of_state_Liminf empty_iff) (169 ms)
0.sledgehammer goal.proof     40056ms Ordered_Resolution_Prover.FO_Ordered_Resolution_Prover 621:24819  timeout (SH 39944ms): Timed out
0.sledgehammer goal.using     38218ms Ordered_Resolution_Prover.FO_Ordered_Resolution_Prover 624:24941  timeout (SH 38216ms): Timed out
0.sledgehammer goal.by        36613ms Ordered_Resolution_Prover.FO_Ordered_Resolution_Prover 624:24952  timeout (SH 36611ms): Timed out
0.sledgehammer goal.unfolding 106419ms Ordered_Resolution_Prover.FO_Ordered_Resolution_Prover 626:25073  some (SH 106417ms, ATP 1505ms): Try this: by (smt (cvc5, best) i_Sts llength_lmap llength_lnull lnth_lmap not_Liminf_llist_imp_exists_index not_less_zero) (764 ms)
0.sledgehammer goal.using     74585ms Ordered_Resolution_Prover.FO_Ordered_Resolution_Prover 626:25100  some (SH 74583ms, ATP 1341ms): Try this: by (smt (cvc5, trigger_max) INT_I UN_iff i_Sts llength_lmap lnth_lmap mem_Collect_eq) (525 ms)
0.sledgehammer goal.by        53964ms Ordered_Resolution_Prover.FO_Ordered_Resolution_Prover 626:25112  some (SH 53961ms, ATP 2181ms): Try this: by (smt (cvc5, best) P_of_state_Liminf empty_iff fair fair_state_seq_def llength_lmap llength_lnull lnth_lmap not_Liminf_llist_imp_exists_index zero_order(3)) (1.5 s)
0.sledgehammer goal.using     11992ms Ordered_Resolution_Prover.FO_Ordered_Resolution_Prover 628:25142  some (SH 11989ms, ATP 1147ms): Try this: by (smt (cvc5, term_relev) P_of_state_Liminf empty_iff fair fair_state_seq_def) (187 ms)
0.sledgehammer goal.unfolding  9820ms Ordered_Resolution_Prover.FO_Ordered_Resolution_Prover 628:25153  some (SH 9819ms, ATP 1010ms): Try this: by (smt (cvc5, noematch) P_of_state_Liminf empty_iff fair_state_seq_def) (214 ms)
0.sledgehammer goal.by         8315ms Ordered_Resolution_Prover.FO_Ordered_Resolution_Prover 628:25182  some (SH 8313ms, ATP 1116ms): Try this: by (smt (cvc5, fmf) P_of_state_Liminf empty_iff) (158 ms)
0.sledgehammer goal.proof     39560ms Ordered_Resolution_Prover.FO_Ordered_Resolution_Prover 638:25530  timeout (SH 39481ms): Timed out
0.sledgehammer goal.using     37084ms Ordered_Resolution_Prover.FO_Ordered_Resolution_Prover 643:25662  some (SH 37081ms, ATP 2751ms): Try this: by (smt (cvc5, trigger_max) Diff_iff Liminf_grounding_of_state_ground assms(3) ns) (98 ms)
0.sledgehammer goal.using     15530ms Ordered_Resolution_Prover.FO_Ordered_Resolution_Prover 643:25670  some (SH 15529ms, ATP 1124ms): Try this: by (smt (cvc5, best) DiffD1 Liminf_grounding_of_state_ground ns) (112 ms)
0.sledgehammer goal.by        10417ms Ordered_Resolution_Prover.FO_Ordered_Resolution_Prover 643:25712  some (SH 10415ms, ATP 1001ms): Try this: by (smt (cvc5, trigger_last) DiffD1) (219 ms)
0.sledgehammer goal.using     18142ms Ordered_Resolution_Prover.FO_Ordered_Resolution_Prover 646:25766  some (SH 18140ms, ATP 1011ms): Try this: by (smt (cvc5, best) assms(1) ground_derive_chain ns) (34 ms)
0.sledgehammer goal.by         8014ms Ordered_Resolution_Prover.FO_Ordered_Resolution_Prover 646:25801  some (SH 8012ms, ATP 988ms): Try this: by (smt (cvc5, best)) (66 ms)
0.sledgehammer goal.proof     40745ms Ordered_Resolution_Prover.FO_Ordered_Resolution_Prover 649:25835  timeout (SH 38001ms): Timed out
0.sledgehammer goal.unfolding  8639ms Ordered_Resolution_Prover.FO_Ordered_Resolution_Prover 652:25951  some (SH 8635ms, ATP 1261ms): Try this: by (smt (cvc5, term_relev) subsumes_def) (151 ms)
0.sledgehammer goal.by         7251ms Ordered_Resolution_Prover.FO_Ordered_Resolution_Prover 653:25980  some (SH 7170ms, ATP 942ms): Try this: by (smt (cvc5, trigger_max)) (146 ms)
0.sledgehammer goal.using     39072ms Ordered_Resolution_Prover.FO_Ordered_Resolution_Prover 656:26063  some (SH 37451ms, ATP 1286ms): Try this: by (smt (cvc5, trigger_last) ground_C is_ground_cls_mono make_ground_subst) (846 ms)
0.sledgehammer goal.by        27511ms Ordered_Resolution_Prover.FO_Ordered_Resolution_Prover 656:26078  some (SH 27510ms, ATP 1393ms): Try this: by (smt (cvc5, fmf) is_ground_cls_mono make_ground_subst) (776 ms)
0.sledgehammer goal.using     14816ms Ordered_Resolution_Prover.FO_Ordered_Resolution_Prover 658:26196  some (SH 14815ms, ATP 942ms): Try this: by (smt (cvc5, fmf) subset_mset.le_neq_trans) (344 ms)
0.sledgehammer goal.by         7856ms Ordered_Resolution_Prover.FO_Ordered_Resolution_Prover 658:26232  some (SH 7854ms, ATP 916ms): Try this: by (smt (cvc5, quant_saturate)) (468 ms)
0.sledgehammer goal.using      8397ms Ordered_Resolution_Prover.FO_Ordered_Resolution_Prover 660:26284  some (SH 7697ms, ATP 792ms): Try this: by (smt (cvc5, trigger_max) \<tau>_p) (24 ms)
0.sledgehammer goal.by         7223ms Ordered_Resolution_Prover.FO_Ordered_Resolution_Prover 660:26294  some (SH 6078ms, ATP 705ms): Try this: by (smt (cvc5, trigger_max)) (87 ms)
0.sledgehammer goal.using      9408ms Ordered_Resolution_Prover.FO_Ordered_Resolution_Prover 662:26359  some (SH 7939ms, ATP 904ms): Try this: by (smt (cvc5, trigger_relev) d(1)) (21 ms)
0.sledgehammer goal.by         8084ms Ordered_Resolution_Prover.FO_Ordered_Resolution_Prover 662:26367  some (SH 6313ms, ATP 863ms): Try this: by (smt (cvc5, trigger_max)) (53 ms)
0.sledgehammer goal.using     16810ms Ordered_Resolution_Prover.FO_Ordered_Resolution_Prover 664:26447  some (SH 14974ms, ATP 924ms): Try this: by (smt (cvc5, fmf) strict_subset_subsumption_redundant_clss[of D \<tau> C "N_of_state (lnth Sts i) \<union> P_of_state (lnth Sts i) \<union> Q_of_state (lnth Sts i)"]) (91 ms)
0.sledgehammer goal.by        13610ms Ordered_Resolution_Prover.FO_Ordered_Resolution_Prover 664:26494  some (SH 13608ms, ATP 924ms): Try this: by (smt (cvc5))
0.sledgehammer goal.using     37808ms Ordered_Resolution_Prover.FO_Ordered_Resolution_Prover 666:26549  timeout (SH 37806ms): Timed out
0.sledgehammer goal.by        45174ms Ordered_Resolution_Prover.FO_Ordered_Resolution_Prover 666:26560  some (SH 45172ms, ATP 844ms): Try this: by (smt (cvc5, quant_saturate) insert_subset llength_lmap lnth_lmap lnth_subset_Sup_llist mk_disjoint_insert standard_redundancy_criterion.Rf_mono) (305 ms)
0.sledgehammer goal.unfolding  9414ms Ordered_Resolution_Prover.FO_Ordered_Resolution_Prover 668:26698  some (SH 9413ms, ATP 932ms): Try this: by (smt (cvc5, fmf) derivns sr_ext.Rf_limit_Sup) (243 ms)
0.sledgehammer goal.using     15179ms Ordered_Resolution_Prover.FO_Ordered_Resolution_Prover 668:26711  some (SH 15178ms, ATP 810ms): Try this: by (smt (cvc5, quant_saturate) derivns ns sr_ext.Rf_limit_Sup) (89 ms)
0.sledgehammer goal.by         8876ms Ordered_Resolution_Prover.FO_Ordered_Resolution_Prover 668:26754  some (SH 8874ms, ATP 990ms): Try this: by (smt (cvc5, quant_saturate)) (349 ms)
0.sledgehammer goal.using     11966ms Ordered_Resolution_Prover.FO_Ordered_Resolution_Prover 670:26788  some (SH 11719ms, ATP 936ms): Try this: by (smt (cvc5, best) Diff_iff c) (30 ms)
0.sledgehammer goal.by         6918ms Ordered_Resolution_Prover.FO_Ordered_Resolution_Prover 670:26796  some (SH 6916ms, ATP 977ms): Try this: by (smt (cvc5, best) Diff_iff) (38 ms)
0.sledgehammer goal.using     30359ms Ordered_Resolution_Prover.FO_Ordered_Resolution_Prover 674:26872  some (SH 29371ms, ATP 2119ms): Try this: by (smt (cvc5, fmf) ground_C make_ground_subst) (852 ms)
0.sledgehammer goal.by        12183ms Ordered_Resolution_Prover.FO_Ordered_Resolution_Prover 674:26887  some (SH 12181ms, ATP 1866ms): Try this: by (smt (cvc5, fmf) make_ground_subst) (849 ms)
0.sledgehammer goal.by         7943ms Ordered_Resolution_Prover.FO_Ordered_Resolution_Prover 676:26940  some (SH 7941ms, ATP 705ms): Try this: by (smt (cvc5, quant_saturate)) (367 ms)
0.sledgehammer goal.proof     38618ms Ordered_Resolution_Prover.FO_Ordered_Resolution_Prover 689:27388  timeout (SH 37740ms): Timed out
0.sledgehammer goal.using     36734ms Ordered_Resolution_Prover.FO_Ordered_Resolution_Prover 694:27520  some (SH 36732ms, ATP 1026ms): Try this: by (smt (cvc5, trigger_max) DiffD1 Liminf_grounding_of_state_ground c ns) (71 ms)
0.sledgehammer goal.using     27411ms Ordered_Resolution_Prover.FO_Ordered_Resolution_Prover 694:27528  some (SH 27410ms, ATP 1112ms): Try this: by (smt (cvc5, trigger_max) DiffD1 Liminf_grounding_of_state_ground ns) (102 ms)
0.sledgehammer goal.by        10879ms Ordered_Resolution_Prover.FO_Ordered_Resolution_Prover 694:27570  some (SH 10877ms, ATP 1106ms): Try this: by (smt (cvc5, term_relev) DiffD1) (118 ms)
0.sledgehammer goal.using      9401ms Ordered_Resolution_Prover.FO_Ordered_Resolution_Prover 697:27624  some (SH 9398ms, ATP 919ms): Try this: by (smt (cvc5, best) deriv ground_derive_chain ns) (38 ms)
0.sledgehammer goal.by         7332ms Ordered_Resolution_Prover.FO_Ordered_Resolution_Prover 697:27659  some (SH 7331ms, ATP 958ms): Try this: by (smt (cvc5, trigger_last)) (63 ms)
0.sledgehammer goal.using     37741ms Ordered_Resolution_Prover.FO_Ordered_Resolution_Prover 700:27715  timeout (SH 36285ms): Timed out
0.sledgehammer goal.unfolding 49797ms Ordered_Resolution_Prover.FO_Ordered_Resolution_Prover 700:27769  some (SH 49795ms, ATP 410ms): Try this: by (smt (cvc5, fmf) Un_iff ns) (407 ms)
0.sledgehammer goal.by        25471ms Ordered_Resolution_Prover.FO_Ordered_Resolution_Prover 700:27782  some (SH 25469ms, ATP 361ms): Try this: by (smt (cvc5, quant_saturate) Un_iff) (461 ms)
0.sledgehammer goal.by         7296ms Ordered_Resolution_Prover.FO_Ordered_Resolution_Prover 703:27856  some (SH 7295ms, ATP 794ms): Try this: by (smt (cvc5, fmf)) (333 ms)
0.sledgehammer goal.proof     37550ms Ordered_Resolution_Prover.FO_Ordered_Resolution_Prover 708:28007  timeout (SH 36489ms): Timed out
0.sledgehammer goal.using     29136ms Ordered_Resolution_Prover.FO_Ordered_Resolution_Prover 716:28219  some (SH 29135ms, ATP 921ms): Try this: by (smt (cvc5, quant_saturate) chain_lnth_rel deriv llen) (293 ms)
0.sledgehammer goal.by         9633ms Ordered_Resolution_Prover.FO_Ordered_Resolution_Prover 716:28251  some (SH 9631ms, ATP 2061ms): Try this: by (smt (cvc5, term_relev)) (626 ms)
0.sledgehammer goal.proof     39144ms Ordered_Resolution_Prover.FO_Ordered_Resolution_Prover 718:28314  timeout (SH 39142ms): Timed out
0.sledgehammer goal.using     11323ms Ordered_Resolution_Prover.FO_Ordered_Resolution_Prover 725:28573  some (SH 11320ms, ATP 977ms): Try this: by (smt (cvc5, quant_saturate) calculation(3,4)) (643 ms)
0.sledgehammer goal.by         9641ms Ordered_Resolution_Prover.FO_Ordered_Resolution_Prover 725:28602  some (SH 9640ms, ATP 1056ms): Try this: by (smt (cvc5, quant_saturate)) (848 ms)
0.sledgehammer goal.using     10248ms Ordered_Resolution_Prover.FO_Ordered_Resolution_Prover 727:28684  some (SH 10246ms, ATP 1241ms): Try this: by (smt (cvc5, noematch) d(3) strictly_subsumes_def subsumes_trans) (310 ms)
0.sledgehammer goal.unfolding  8244ms Ordered_Resolution_Prover.FO_Ordered_Resolution_Prover 727:28707  some (SH 8242ms, ATP 1183ms): Try this: by (smt (cvc5, noematch) strictly_subsumes_def) (367 ms)
0.sledgehammer goal.by         8880ms Ordered_Resolution_Prover.FO_Ordered_Resolution_Prover 727:28739  some (SH 8879ms, ATP 996ms): Try this: by (smt (cvc5, quant_saturate)) (497 ms)
0.sledgehammer goal.using     99560ms Ordered_Resolution_Prover.FO_Ordered_Resolution_Prover 729:28853  some (SH 99127ms, ATP 4197ms): Try this: by (smt (cvc5, quant_saturate) D_subsumes_p N_of_state.simps Sup_state_def UnI1 llen llength_lmap lnth_lmap lnth_subset_Sup_llist subsetD) (203 ms)
0.sledgehammer goal.by        138625ms Ordered_Resolution_Prover.FO_Ordered_Resolution_Prover 730:28887  some (SH 138622ms, ATP 4938ms): Try this: by (smt (cvc5, best) N_of_state.simps Sup_state_def UnI1 llength_lmap lnth_lmap lnth_subset_Sup_llist subsetD) (309 ms)
0.sledgehammer goal.using     12537ms Ordered_Resolution_Prover.FO_Ordered_Resolution_Prover 733:29056  some (SH 12535ms, ATP 2186ms): Try this: by (smt (cvc5, best) d_least mem_Collect_eq) (110 ms)
0.sledgehammer goal.unfolding 14853ms Ordered_Resolution_Prover.FO_Ordered_Resolution_Prover 733:29070  some (SH 14808ms, ATP 2412ms): Try this: by (smt (cvc5, quant_saturate) mem_Collect_eq) (82 ms)
0.sledgehammer goal.by        20267ms Ordered_Resolution_Prover.FO_Ordered_Resolution_Prover 733:29093  some (SH 20265ms, ATP 2604ms): Try this: by (smt (cvc5, trigger_max) mem_Collect_eq) (102 ms)
0.sledgehammer goal.using     50595ms Ordered_Resolution_Prover.FO_Ordered_Resolution_Prover 736:29147  some (SH 50593ms, ATP 1322ms): Try this: by (smt (cvc5, trigger_max) Q_of_state.simps Un_insert_right d_in_q insert_iff sup_bot.right_neutral) (208 ms)
0.sledgehammer goal.by        70661ms Ordered_Resolution_Prover.FO_Ordered_Resolution_Prover 736:29160  some (SH 70659ms, ATP 1250ms): Try this: by (smt (cvc5, trigger_max) Q_of_state.simps Un_insert_right insert_iff sup_bot.right_neutral) (474 ms)
0.sledgehammer goal.using     175455ms Ordered_Resolution_Prover.FO_Ordered_Resolution_Prover 742:29347  some (SH 175453ms, ATP 1483ms): Try this: by (smt (cvc5, best) P_of_state.simps Un_iff add_cancel_right_right insertCI local.backward_reduction_Q(2) mset_subset_eq_add_left multi_self_add_other_not_self subset_mset.le_imp_less_or_eq subset_strictly_subsumes) (564 ms)
0.sledgehammer goal.by        51815ms Ordered_Resolution_Prover.FO_Ordered_Resolution_Prover 742:29408  some (SH 51812ms, ATP 1455ms): Try this: by (smt (cvc5, trigger_last) P_of_state.simps Un_iff insertCI multi_psub_of_add_self subset_mset.less_add_same_cancel1) (171 ms)
0.sledgehammer goal.using     13473ms Ordered_Resolution_Prover.FO_Ordered_Resolution_Prover 744:29466  some (SH 13471ms, ATP 1381ms): Try this: by (smt (cvc5, fmf) d(3) strictly_subsumes_def subsumes_trans) (309 ms)
0.sledgehammer goal.unfolding  8297ms Ordered_Resolution_Prover.FO_Ordered_Resolution_Prover 744:29492  some (SH 8296ms, ATP 1307ms): Try this: by (smt (cvc5, noematch) strictly_subsumes_def) (346 ms)
0.sledgehammer goal.by         7936ms Ordered_Resolution_Prover.FO_Ordered_Resolution_Prover 744:29524  some (SH 7935ms, ATP 937ms): Try this: by (smt (cvc5, quant_saturate)) (387 ms)
0.sledgehammer goal.using     107793ms Ordered_Resolution_Prover.FO_Ordered_Resolution_Prover 746:29602  some (SH 106672ms, ATP 2927ms): Try this: by (smt (cvc5, trigger_last) P_of_state.simps Sup_state_def UnI1 Un_commute llen llength_lmap lnth_lmap lnth_subset_Sup_llist subsetD) (625 ms)
0.sledgehammer goal.by        120309ms Ordered_Resolution_Prover.FO_Ordered_Resolution_Prover 746:29613  some (SH 120306ms, ATP 1672ms): Try this: by (smt (cvc5, best) P_of_state.simps Sup_state_def UnI1 exists_index_imp_Sup_llist llength_lmap lnth_lmap subsetD sup_ge2) (380 ms)
0.sledgehammer goal.using     25726ms Ordered_Resolution_Prover.FO_Ordered_Resolution_Prover 749:29781  some (SH 25723ms, ATP 2101ms): Try this: by (smt (cvc5, best) D'_p d_least mem_Collect_eq subc) (107 ms)
0.sledgehammer goal.by        12329ms Ordered_Resolution_Prover.FO_Ordered_Resolution_Prover 749:29805  some (SH 12327ms, ATP 2162ms): Try this: by (smt (cvc5, best) mem_Collect_eq) (120 ms)
0.sledgehammer goal.using     44399ms Ordered_Resolution_Prover.FO_Ordered_Resolution_Prover 752:29853  some (SH 44397ms, ATP 1252ms): Try this: by (smt (cvc5, trigger_last) Q_of_state.simps Un_insert_right d_in_q insert_iff local.backward_reduction_Q(1,2) sup_bot.right_neutral) (215 ms)
0.sledgehammer goal.by        23882ms Ordered_Resolution_Prover.FO_Ordered_Resolution_Prover 752:29887  some (SH 23879ms, ATP 1459ms): Try this: by (smt (cvc5, best) Q_of_state.simps Un_insert_right insert_iff sup_bot.right_neutral) (159 ms)
0.sledgehammer goal.proof     38275ms Ordered_Resolution_Prover.FO_Ordered_Resolution_Prover 757:30098  timeout (SH 38273ms): Timed out
0.sledgehammer goal.using     36599ms Ordered_Resolution_Prover.FO_Ordered_Resolution_Prover 759:30151  timeout (SH 36597ms): Timed out
0.sledgehammer goal.apply     37136ms Ordered_Resolution_Prover.FO_Ordered_Resolution_Prover 760:30172  timeout (SH 37135ms): Timed out
0.sledgehammer goal.using     33490ms Ordered_Resolution_Prover.FO_Ordered_Resolution_Prover 761:30225  some (SH 33487ms, ATP 1319ms): Try this: by (smt (cvc5, noematch) d(1) diff_is_0_eq le_antisym) (454 ms)
0.sledgehammer goal.by        15493ms Ordered_Resolution_Prover.FO_Ordered_Resolution_Prover 761:30233  some (SH 15491ms, ATP 1274ms): Try this: by (smt (cvc5, noematch) diff_is_0_eq le_antisym) (442 ms)
0.sledgehammer goal.using     55272ms Ordered_Resolution_Prover.FO_Ordered_Resolution_Prover 762:30255  some (SH 55270ms, ATP 5473ms): Try this: by (smt (cvc5) Nat.add_diff_assoc2 One_nat_def Suc_ile_eq add.commute diff_Suc_1' diff_is_0_eq diff_le_self in_Sts_in_Sts_Suc le_SucE le_add1 order_less_imp_le plus_1_eq_Suc)
0.sledgehammer goal.by        99898ms Ordered_Resolution_Prover.FO_Ordered_Resolution_Prover 763:30292  some (SH 99895ms, ATP 5161ms): Try this: by (smt (cvc5, trigger_last) Suc_ile_eq Suc_le_D diff_Suc_1' diff_commute diff_le_self le_SucE order_less_imp_le) (875 ms)
0.sledgehammer goal.using     24988ms Ordered_Resolution_Prover.FO_Ordered_Resolution_Prover 767:30479  some (SH 24985ms, ATP 963ms): Try this: by (smt (cvc5, trigger_last) enat in_Sts_in_Sts_Suc l_i) (333 ms)
0.sledgehammer goal.by         8435ms Ordered_Resolution_Prover.FO_Ordered_Resolution_Prover 767:30512  some (SH 8434ms, ATP 1016ms): Try this: by (smt (cvc5, trigger_last)) (826 ms)
0.sledgehammer goal.apply     150645ms Ordered_Resolution_Prover.FO_Ordered_Resolution_Prover 770:30605  some (SH 150643ms, ATP 479ms): Try this: by (smt (cvc5) D_in_Sts_Suc One_nat_def Suc_diff_le d(1) diff_Suc_1' diff_is_0_eq le_SucE le_add1 plus_1_eq_Suc)
0.sledgehammer goal.using      8729ms Ordered_Resolution_Prover.FO_Ordered_Resolution_Prover 771:30633  some (SH 8728ms, ATP 1956ms): Try this: by (smt (cvc5, trigger_relev) d(1) le_zero_eq) (168 ms)
0.sledgehammer goal.by         7450ms Ordered_Resolution_Prover.FO_Ordered_Resolution_Prover 771:30644  some (SH 7448ms, ATP 938ms): Try this: by (smt (cvc5, term_relev) le_zero_eq) (124 ms)
0.sledgehammer goal.using     41716ms Ordered_Resolution_Prover.FO_Ordered_Resolution_Prover 773:30717  some (SH 41715ms, ATP 1544ms): Try this: by (smt (cvc5, noematch) D_in_Sts_Suc d(1) le_SucE) (728 ms)
0.sledgehammer goal.by        10157ms Ordered_Resolution_Prover.FO_Ordered_Resolution_Prover 773:30748  some (SH 10155ms, ATP 1184ms): Try this: by (smt (cvc5, trigger_last) le_SucE) (690 ms)
0.sledgehammer goal.unfolding 135847ms Ordered_Resolution_Prover.FO_Ordered_Resolution_Prover 776:30862  some (SH 135845ms, ATP 1154ms): Try this: by (smt (cvc5, best) d(2) llength_lmap llength_lnull lnth_lmap not_Liminf_llist_imp_exists_index not_less_zero) (1.6 s)
0.sledgehammer goal.by        55713ms Ordered_Resolution_Prover.FO_Ordered_Resolution_Prover 776:30889  some (SH 55710ms, ATP 3164ms): Try this: by (smt (cvc5, best) INT_I UN_I d(2) llength_lmap lnth_lmap mem_Collect_eq) (559 ms)
0.sledgehammer goal.unfolding 11251ms Ordered_Resolution_Prover.FO_Ordered_Resolution_Prover 778:30951  some (SH 11249ms, ATP 1179ms): Try this: by (smt (cvc5, quant_saturate) Liminf_state_def Q_of_state.simps) (95 ms)
0.sledgehammer goal.by         7662ms Ordered_Resolution_Prover.FO_Ordered_Resolution_Prover 778:30978  some (SH 7659ms, ATP 1126ms): Try this: by (smt (cvc5, term_relev) Q_of_state.simps) (55 ms)
0.sledgehammer goal.proof     38148ms Ordered_Resolution_Prover.FO_Ordered_Resolution_Prover 791:31443  timeout (SH 37386ms): Timed out
0.sledgehammer goal.using     32302ms Ordered_Resolution_Prover.FO_Ordered_Resolution_Prover 797:31617  some (SH 32301ms, ATP 1064ms): Try this: by (smt (cvc5, trigger_last) DiffD1 Liminf_grounding_of_state_ground c ns) (76 ms)
0.sledgehammer goal.using     27811ms Ordered_Resolution_Prover.FO_Ordered_Resolution_Prover 797:31625  some (SH 27810ms, ATP 1049ms): Try this: by (smt (cvc5, quant_saturate) DiffD1 Liminf_grounding_of_state_ground ns) (113 ms)
0.sledgehammer goal.by         9568ms Ordered_Resolution_Prover.FO_Ordered_Resolution_Prover 797:31667  some (SH 9567ms, ATP 1148ms): Try this: by (smt (cvc5, trigger_max) DiffD1) (140 ms)
0.sledgehammer goal.using      9123ms Ordered_Resolution_Prover.FO_Ordered_Resolution_Prover 800:31721  some (SH 9121ms, ATP 940ms): Try this: by (smt (cvc5, best) deriv ground_derive_chain ns) (45 ms)
0.sledgehammer goal.by         7022ms Ordered_Resolution_Prover.FO_Ordered_Resolution_Prover 800:31756  some (SH 7021ms, ATP 1034ms): Try this: by (smt (cvc5, best)) (51 ms)
0.sledgehammer goal.using     39067ms Ordered_Resolution_Prover.FO_Ordered_Resolution_Prover 803:31812  timeout (SH 37395ms): Timed out
0.sledgehammer goal.by        35020ms Ordered_Resolution_Prover.FO_Ordered_Resolution_Prover 803:31869  some (SH 35018ms, ATP 619ms): Try this: by (smt (cvc5, quant_saturate) Un_iff) (441 ms)
0.sledgehammer goal.by         6721ms Ordered_Resolution_Prover.FO_Ordered_Resolution_Prover 806:31943  some (SH 6720ms, ATP 748ms): Try this: by (smt (cvc5, trigger_max)) (420 ms)
0.sledgehammer goal.using     66122ms Ordered_Resolution_Prover.FO_Ordered_Resolution_Prover 811:32091  some (SH 65414ms, ATP 1196ms): Try this: by (smt (cvc5, trigger_last) d(1,2) eventually_removed_from_P fair) (1.2 s)
0.sledgehammer goal.using     52029ms Ordered_Resolution_Prover.FO_Ordered_Resolution_Prover 811:32102  some (SH 52027ms, ATP 1406ms): Try this: by (smt (cvc5, fmf) d(1,2) eventually_removed_from_P) (1.0 s)
0.sledgehammer goal.unfolding 11623ms Ordered_Resolution_Prover.FO_Ordered_Resolution_Prover 811:32136  some (SH 11621ms, ATP 1178ms): Try this: by (smt (cvc5, best)) (1.7 s)
0.sledgehammer goal.by        11018ms Ordered_Resolution_Prover.FO_Ordered_Resolution_Prover 811:32149  some (SH 11016ms, ATP 1154ms): Try this: by (smt (cvc5, noematch)) (1.5 s)
0.sledgehammer goal.using     11671ms Ordered_Resolution_Prover.FO_Ordered_Resolution_Prover 813:32207  some (SH 11669ms, ATP 1093ms): Try this: by (smt (cvc5, best) llength_lmap ns) (72 ms)
0.sledgehammer goal.by         7337ms Ordered_Resolution_Prover.FO_Ordered_Resolution_Prover 813:32216  some (SH 7336ms, ATP 1104ms): Try this: by (smt (cvc5, trigger_last) llength_lmap) (118 ms)
0.sledgehammer goal.using     11413ms Ordered_Resolution_Prover.FO_Ordered_Resolution_Prover 815:32276  some (SH 11230ms, ATP 1261ms): Try this: by (smt (cvc5, fmf) chain_lnth_rel deriv) (456 ms)
0.sledgehammer goal.using      9503ms Ordered_Resolution_Prover.FO_Ordered_Resolution_Prover 815:32288  some (SH 9501ms, ATP 1046ms): Try this: by (smt (cvc5, fmf) chain_lnth_rel) (600 ms)
0.sledgehammer goal.by         8273ms Ordered_Resolution_Prover.FO_Ordered_Resolution_Prover 815:32309  some (SH 8271ms, ATP 1208ms): Try this: by (smt (cvc5, best)) (616 ms)
0.sledgehammer goal.proof     37570ms Ordered_Resolution_Prover.FO_Ordered_Resolution_Prover 817:32339  timeout (SH 36661ms): Timed out
0.sledgehammer goal.using     22638ms Ordered_Resolution_Prover.FO_Ordered_Resolution_Prover 822:32613  some (SH 22636ms, ATP 1206ms): Try this: apply (smt (cvc5, best) P_of_state.simps Un_insert_right insert_iff l_p sup_bot.right_neutral) (124 ms)
0.sledgehammer goal.by        34696ms Ordered_Resolution_Prover.FO_Ordered_Resolution_Prover 822:32623  some (SH 34694ms, ATP 1348ms): Try this: apply (smt (cvc5, trigger_max) P_of_state.simps Un_insert_right insert_iff sup_bot.right_neutral) (150 ms)
0.sledgehammer goal.unfolding 11525ms Ordered_Resolution_Prover.FO_Ordered_Resolution_Prover 825:32713  some (SH 11523ms, ATP 1118ms): Try this: by (smt (cvc5, term_relev) d(3) strictly_subsumes_def subsumes_trans) (318 ms)
0.sledgehammer goal.using     37283ms Ordered_Resolution_Prover.FO_Ordered_Resolution_Prover 825:32758  some (SH 37282ms, ATP 3146ms): Try this: by (smt (cvc5, best) d(3) subsumes_def subsumes_trans) (157 ms)
0.sledgehammer goal.by        33931ms Ordered_Resolution_Prover.FO_Ordered_Resolution_Prover 826:32772  some (SH 33929ms, ATP 2985ms): Try this: by (smt (cvc5, best) d(3) substitution_ops.subsumes_def subsumes_trans) (175 ms)
0.sledgehammer goal.unfolding 95083ms Ordered_Resolution_Prover.FO_Ordered_Resolution_Prover 828:32886  some (SH 95081ms, ATP 2560ms): Try this: by (smt (cvc5, trigger_max) N_of_state.simps Sup_state_def UnI1 exists_index_imp_Sup_llist l_p llength_lmap lnth_lmap twins(2)) (359 ms)
0.sledgehammer goal.using     86414ms Ordered_Resolution_Prover.FO_Ordered_Resolution_Prover 828:32916  some (SH 86412ms, ATP 1482ms): Try this: by (smt (cvc5, quant_saturate) N_of_state.simps Sup_state_def UnI1 exists_index_imp_Sup_llist l_p llength_lmap lnth_lmap) (472 ms)
0.sledgehammer goal.by        49254ms Ordered_Resolution_Prover.FO_Ordered_Resolution_Prover 829:32932  some (SH 49251ms, ATP 2439ms): Try this: by (smt (cvc5, quant_saturate) N_of_state.simps Sup_state_def UnI1 exists_index_imp_Sup_llist llength_lmap lnth_lmap) (261 ms)
0.sledgehammer goal.using     23868ms Ordered_Resolution_Prover.FO_Ordered_Resolution_Prover 832:33080  some (SH 23866ms, ATP 2714ms): Try this: by (smt (cvc5, best) d_least local.backward_subsumption_P(4) mem_Collect_eq subc twins(1)) (111 ms)
0.sledgehammer goal.by        12923ms Ordered_Resolution_Prover.FO_Ordered_Resolution_Prover 832:33104  some (SH 12921ms, ATP 2144ms): Try this: by (smt (cvc5, best) mem_Collect_eq) (101 ms)
0.sledgehammer goal.by        36328ms Ordered_Resolution_Prover.FO_Ordered_Resolution_Prover 834:33140  some (SH 36327ms, ATP 4916ms): Try this: by (smt (cvc5, best) \<open>D' \<in> N_of_state (Sup_state Sts) \<union> P_of_state (Sup_state Sts) \<union> Q_of_state (Sup_state Sts)\<close> d_least local.backward_subsumption_P(4) mem_Collect_eq subc twins(1)) (11 ms)
0.sledgehammer goal.using     31710ms Ordered_Resolution_Prover.FO_Ordered_Resolution_Prover 839:33368  some (SH 31708ms, ATP 2028ms): Try this: apply (smt (cvc5, quant_saturate) P_of_state.simps Un_insert_right insert_iff l_p) (188 ms)
0.sledgehammer goal.by        32494ms Ordered_Resolution_Prover.FO_Ordered_Resolution_Prover 839:33378  some (SH 32492ms, ATP 1243ms): Try this: apply (smt (cvc5, best) P_of_state.simps Un_insert_right insert_iff) (151 ms)
0.sledgehammer goal.using     59431ms Ordered_Resolution_Prover.FO_Ordered_Resolution_Prover 841:33456  some (SH 59430ms, ATP 1548ms): Try this: by (smt (cvc5, quant_saturate) Un_iff insertCI multi_psub_of_add_self subset_mset.less_add_same_cancel1 subset_strictly_subsumes) (347 ms)
0.sledgehammer goal.by        59285ms Ordered_Resolution_Prover.FO_Ordered_Resolution_Prover 841:33496  some (SH 59283ms, ATP 1441ms): Try this: by (smt (cvc5, trigger_last) Un_iff insertCI multi_psub_of_add_self subset_mset.less_add_same_cancel1) (528 ms)
0.sledgehammer goal.using     10414ms Ordered_Resolution_Prover.FO_Ordered_Resolution_Prover 843:33546  some (SH 10412ms, ATP 1485ms): Try this: by (smt (cvc5, term_relev) d(3) strictly_subsumes_def subsumes_trans) (299 ms)
0.sledgehammer goal.unfolding  8637ms Ordered_Resolution_Prover.FO_Ordered_Resolution_Prover 843:33572  some (SH 8636ms, ATP 1371ms): Try this: by (smt (cvc5, trigger_relev) strictly_subsumes_def) (262 ms)
0.sledgehammer goal.by         7475ms Ordered_Resolution_Prover.FO_Ordered_Resolution_Prover 843:33604  some (SH 7474ms, ATP 927ms): Try this: by (smt (cvc5, trigger_last)) (468 ms)
0.sledgehammer goal.using     95916ms Ordered_Resolution_Prover.FO_Ordered_Resolution_Prover 845:33674  some (SH 95404ms, ATP 1581ms): Try this: by (smt (cvc5, quant_saturate) P_of_state.simps Sup_state_def UnI1 exists_index_imp_Sup_llist l_p llength_lmap lnth_lmap subsetD sup_ge2) (503 ms)
0.sledgehammer goal.by        63396ms Ordered_Resolution_Prover.FO_Ordered_Resolution_Prover 845:33684  some (SH 63394ms, ATP 2501ms): Try this: by (smt (cvc5, quant_saturate) P_of_state.simps Sup_state_def UnI1 UnI2 exists_index_imp_Sup_llist llength_lmap lnth_lmap) (281 ms)
0.sledgehammer goal.using     24979ms Ordered_Resolution_Prover.FO_Ordered_Resolution_Prover 848:33840  some (SH 24977ms, ATP 2402ms): Try this: by (smt (cvc5, best) D'_p d_least mem_Collect_eq subc) (91 ms)
0.sledgehammer goal.by        12601ms Ordered_Resolution_Prover.FO_Ordered_Resolution_Prover 848:33864  some (SH 12600ms, ATP 3036ms): Try this: by (smt (cvc5, best) mem_Collect_eq) (128 ms)
0.sledgehammer goal.by        32031ms Ordered_Resolution_Prover.FO_Ordered_Resolution_Prover 850:33900  some (SH 32029ms, ATP 3010ms): Try this: by (smt (cvc5, best) D'_p \<open>D' \<in> N_of_state (Sup_state Sts) \<union> P_of_state (Sup_state Sts) \<union> Q_of_state (Sup_state Sts)\<close> d_least mem_Collect_eq subc) (11 ms)
0.sledgehammer goal.using     27690ms Ordered_Resolution_Prover.FO_Ordered_Resolution_Prover 855:34089  some (SH 27687ms, ATP 1064ms): Try this: apply (smt (cvc5, quant_saturate) P_of_state.simps Un_insert_right insert_iff l_p sup_bot.right_neutral) (140 ms)
0.sledgehammer goal.by        41217ms Ordered_Resolution_Prover.FO_Ordered_Resolution_Prover 855:34099  some (SH 41215ms, ATP 1470ms): Try this: apply (smt (cvc5, noematch) P_of_state.simps UnE empty_iff insert_iff) (399 ms)
0.sledgehammer goal.using     32455ms Ordered_Resolution_Prover.FO_Ordered_Resolution_Prover 857:34135  some (SH 32453ms, ATP 1349ms): Try this: by (smt (cvc5, trigger_last) Un_iff l_p) (159 ms)
0.sledgehammer goal.by        22836ms Ordered_Resolution_Prover.FO_Ordered_Resolution_Prover 857:34149  some (SH 22833ms, ATP 1224ms): Try this: by (smt (cvc5, quant_saturate) Un_iff) (185 ms)
0.sledgehammer goal.proof     39292ms Ordered_Resolution_Prover.FO_Ordered_Resolution_Prover 873:34824  timeout (SH 39290ms): Timed out
0.sledgehammer goal.using     35915ms Ordered_Resolution_Prover.FO_Ordered_Resolution_Prover 879:34998  some (SH 35913ms, ATP 940ms): Try this: by (smt (cvc5, best) DiffD1 Liminf_grounding_of_state_ground c ns) (96 ms)
0.sledgehammer goal.using     20233ms Ordered_Resolution_Prover.FO_Ordered_Resolution_Prover 879:35006  some (SH 20231ms, ATP 1311ms): Try this: by (smt (cvc5, best) DiffD1 Liminf_grounding_of_state_ground ns) (110 ms)
0.sledgehammer goal.by        10225ms Ordered_Resolution_Prover.FO_Ordered_Resolution_Prover 879:35048  some (SH 10223ms, ATP 1202ms): Try this: by (smt (cvc5, term_relev) DiffD1) (113 ms)
0.sledgehammer goal.using      9508ms Ordered_Resolution_Prover.FO_Ordered_Resolution_Prover 882:35102  some (SH 9506ms, ATP 892ms): Try this: by (smt (cvc5, best) deriv ground_derive_chain ns) (41 ms)
0.sledgehammer goal.by         7286ms Ordered_Resolution_Prover.FO_Ordered_Resolution_Prover 882:35137  some (SH 7284ms, ATP 1119ms): Try this: by (smt (cvc5, noematch)) (61 ms)
0.sledgehammer goal.using     40413ms Ordered_Resolution_Prover.FO_Ordered_Resolution_Prover 885:35193  timeout (SH 38979ms): Timed out
0.sledgehammer goal.by        32305ms Ordered_Resolution_Prover.FO_Ordered_Resolution_Prover 885:35250  some (SH 32303ms, ATP 1111ms): Try this: by (smt (cvc5, trigger_relev) UnI1) (562 ms)
0.sledgehammer goal.by         7790ms Ordered_Resolution_Prover.FO_Ordered_Resolution_Prover 888:35324  some (SH 7789ms, ATP 748ms): Try this: by (smt (cvc5, noematch)) (474 ms)
0.sledgehammer goal.using     26509ms Ordered_Resolution_Prover.FO_Ordered_Resolution_Prover 891:35394  some (SH 25459ms, ATP 1434ms): Try this: by (smt (cvc5, noematch) DiffD2 sr.tautology_Rf) (497 ms)
0.sledgehammer goal.by        16845ms Ordered_Resolution_Prover.FO_Ordered_Resolution_Prover 891:35416  some (SH 16843ms, ATP 1097ms): Try this: by (smt (cvc5, noematch) DiffD2) (435 ms)
0.sledgehammer goal.using     54443ms Ordered_Resolution_Prover.FO_Ordered_Resolution_Prover 895:35547  some (SH 54442ms, ATP 1377ms): Try this: by (smt (cvc5, best) d(1,2) eventually_removed_from_N fair) (746 ms)
0.sledgehammer goal.using     50100ms Ordered_Resolution_Prover.FO_Ordered_Resolution_Prover 895:35558  some (SH 50098ms, ATP 1482ms): Try this: by (smt (cvc5, noematch) d(1,2) eventually_removed_from_N) (824 ms)
0.sledgehammer goal.unfolding 10824ms Ordered_Resolution_Prover.FO_Ordered_Resolution_Prover 895:35592  some (SH 10822ms, ATP 2215ms): Try this: by (smt (cvc5, noematch)) (1.0 s)
0.sledgehammer goal.by        10367ms Ordered_Resolution_Prover.FO_Ordered_Resolution_Prover 895:35605  some (SH 10365ms, ATP 1329ms): Try this: by (smt (cvc5, best)) (1.5 s)
0.sledgehammer goal.by         9986ms Ordered_Resolution_Prover.FO_Ordered_Resolution_Prover 899:35757  some (SH 9984ms, ATP 2281ms): Try this: by (smt (cvc5, trigger_last)) (979 ms)
0.sledgehammer goal.using     11687ms Ordered_Resolution_Prover.FO_Ordered_Resolution_Prover 901:35815  some (SH 11685ms, ATP 1271ms): Try this: by (smt (cvc5, best) llength_lmap ns) (68 ms)
0.sledgehammer goal.by         8983ms Ordered_Resolution_Prover.FO_Ordered_Resolution_Prover 901:35824  some (SH 8981ms, ATP 1209ms): Try this: by (smt (cvc5, quant_saturate) llength_lmap) (96 ms)
0.sledgehammer goal.using     10821ms Ordered_Resolution_Prover.FO_Ordered_Resolution_Prover 903:35884  some (SH 10819ms, ATP 1375ms): Try this: by (smt (cvc5, noematch) chain_lnth_rel deriv) (404 ms)
0.sledgehammer goal.using      9796ms Ordered_Resolution_Prover.FO_Ordered_Resolution_Prover 903:35896  some (SH 9794ms, ATP 1388ms): Try this: by (smt (cvc5, noematch) chain_lnth_rel) (521 ms)
0.sledgehammer goal.by         8388ms Ordered_Resolution_Prover.FO_Ordered_Resolution_Prover 903:35917  some (SH 8387ms, ATP 1574ms): Try this: by (smt (cvc5, quant_saturate)) (679 ms)
0.sledgehammer goal.proof     40507ms Ordered_Resolution_Prover.FO_Ordered_Resolution_Prover 905:35947  timeout (SH 39988ms): Timed out
0.sledgehammer goal.using     58439ms Ordered_Resolution_Prover.FO_Ordered_Resolution_Prover 908:36054  some (SH 58437ms, ATP 1326ms): Try this: by (smt (cvc5, best) N_of_state.simps Un_insert_right insert_iff l_p sup_bot.right_neutral) (150 ms)
0.sledgehammer goal.by        35856ms Ordered_Resolution_Prover.FO_Ordered_Resolution_Prover 908:36064  some (SH 35855ms, ATP 1204ms): Try this: by (smt (cvc5, term_relev) N_of_state.simps Un_insert_right insert_iff sup_bot.right_neutral) (165 ms)
0.sledgehammer goal.using     47635ms Ordered_Resolution_Prover.FO_Ordered_Resolution_Prover 910:36132  some (SH 47634ms, ATP 1088ms): Try this: by (smt (cvc5, fmf) Neg_Melem_subst_atm_subst_cls Pos_Melem_subst_atm_subst_cls \<sigma>(1) local.tautology_deletion(3,4)) (237 ms)
0.sledgehammer goal.by        23213ms Ordered_Resolution_Prover.FO_Ordered_Resolution_Prover 911:36170  some (SH 23211ms, ATP 1110ms): Try this: by (smt (cvc5, noematch) Neg_Melem_subst_atm_subst_cls Pos_Melem_subst_atm_subst_cls) (337 ms)
0.sledgehammer goal.using      8264ms Ordered_Resolution_Prover.FO_Ordered_Resolution_Prover 913:36263  some (SH 8262ms, ATP 972ms): Try this: by (smt (cvc5, term_relev) no_taut) (137 ms)
0.sledgehammer goal.by         7790ms Ordered_Resolution_Prover.FO_Ordered_Resolution_Prover 913:36277  some (SH 7677ms, ATP 999ms): Try this: by (smt (cvc5, trigger_relev)) (257 ms)
0.sledgehammer goal.by        38943ms Ordered_Resolution_Prover.FO_Ordered_Resolution_Prover 915:36314  timeout (SH 38292ms): Timed out
0.sledgehammer goal.using     60355ms Ordered_Resolution_Prover.FO_Ordered_Resolution_Prover 921:36573  some (SH 60353ms, ATP 1200ms): Try this: apply (smt (cvc5, best) N_of_state.simps Un_insert_right insert_iff l_p sup_bot.right_neutral) (140 ms)
0.sledgehammer goal.by        46829ms Ordered_Resolution_Prover.FO_Ordered_Resolution_Prover 921:36583  some (SH 46827ms, ATP 1332ms): Try this: apply (smt (cvc5, fmf) N_of_state.simps UnE empty_iff insert_iff) (271 ms)
0.sledgehammer goal.using     10591ms Ordered_Resolution_Prover.FO_Ordered_Resolution_Prover 924:36681  some (SH 10589ms, ATP 1065ms): Try this: by (smt (cvc5, fmf) d(3) subsumes_trans) (298 ms)
0.sledgehammer goal.by         9042ms Ordered_Resolution_Prover.FO_Ordered_Resolution_Prover 924:36692  some (SH 8523ms, ATP 1233ms): Try this: by (smt (cvc5, term_relev) subsumes_trans) (396 ms)
0.sledgehammer goal.using     95030ms Ordered_Resolution_Prover.FO_Ordered_Resolution_Prover 926:36786  some (SH 95028ms, ATP 2396ms): Try this: by (smt (cvc5, trigger_last) P_of_state.simps Q_of_state.simps Suc_ile_eq Sup_state_def Un_iff exists_index_imp_Sup_llist l_p llength_lmap lnth_lmap local.forward_subsumption(3) order_less_imp_le twins(5,7)) (505 ms)
0.sledgehammer goal.unfolding 87851ms Ordered_Resolution_Prover.FO_Ordered_Resolution_Prover 926:36807  some (SH 87849ms, ATP 3134ms): Try this: by (smt (cvc5, quant_saturate) P_of_state.simps Q_of_state.simps Sup_state_def Un_iff exists_index_imp_Sup_llist llength_lmap lnth_lmap) (471 ms)
0.sledgehammer goal.by        91274ms Ordered_Resolution_Prover.FO_Ordered_Resolution_Prover 927:36837  some (SH 91271ms, ATP 1704ms): Try this: by (smt (cvc5, term_relev) P_of_state.simps Q_of_state.simps Un_iff exists_index_imp_Sup_llist llength_lmap lnth_lmap) (1.0 s)
0.sledgehammer goal.using     12886ms Ordered_Resolution_Prover.FO_Ordered_Resolution_Prover 929:36977  some (SH 12884ms, ATP 2523ms): Try this: by (smt (cvc5, trigger_max) d_least mem_Collect_eq) (97 ms)
0.sledgehammer goal.by        10845ms Ordered_Resolution_Prover.FO_Ordered_Resolution_Prover 929:36991  some (SH 10843ms, ATP 2648ms): Try this: by (smt (cvc5, term_relev) mem_Collect_eq) (207 ms)
0.sledgehammer goal.unfolding 10691ms Ordered_Resolution_Prover.FO_Ordered_Resolution_Prover 931:37035  some (SH 10689ms, ATP 2455ms): Try this: by (smt (cvc5, best) local.forward_subsumption(4) strictly_subsumes_def twins(1)) (97 ms)
0.sledgehammer goal.using      7195ms Ordered_Resolution_Prover.FO_Ordered_Resolution_Prover 931:37067  some (SH 7194ms, ATP 1108ms): Try this: by (smt (cvc5, best) D'_p(2)) (50 ms)
0.sledgehammer goal.by         7869ms Ordered_Resolution_Prover.FO_Ordered_Resolution_Prover 931:37078  some (SH 6893ms, ATP 924ms): Try this: by (smt (cvc5, noematch)) (33 ms)
0.sledgehammer goal.using     10410ms Ordered_Resolution_Prover.FO_Ordered_Resolution_Prover 933:37125  some (SH 8528ms, ATP 735ms): Try this: by (smt (cvc5, best) local.forward_subsumption(4) twins(1) variants_iff_subsumes) (57 ms)
0.sledgehammer goal.unfolding  7417ms Ordered_Resolution_Prover.FO_Ordered_Resolution_Prover 933:37136  some (SH 6649ms, ATP 732ms): Try this: by (smt (cvc5, quant_saturate) variants_iff_subsumes) (37 ms)
0.sledgehammer goal.by         6856ms Ordered_Resolution_Prover.FO_Ordered_Resolution_Prover 933:37168  some (SH 5640ms, ATP 1059ms): Try this: by (smt (cvc5, quant_saturate)) (52 ms)
0.sledgehammer goal.using     12961ms Ordered_Resolution_Prover.FO_Ordered_Resolution_Prover 936:37291  some (SH 11370ms, ATP 1536ms): Try this: by (smt (cvc5, fmf) d_least neg_strictly_subsumes_variants) (454 ms)
0.sledgehammer goal.by         9221ms Ordered_Resolution_Prover.FO_Ordered_Resolution_Prover 936:37352  some (SH 9220ms, ATP 1410ms): Try this: by (smt (cvc5, trigger_last)) (695 ms)
0.sledgehammer goal.using     80956ms Ordered_Resolution_Prover.FO_Ordered_Resolution_Prover 939:37402  some (SH 80954ms, ATP 468ms): Try this: by (smt (cvc5, quant_saturate) \<sigma>(1) generalizes_def generalizes_trans variants_def) (269 ms)
0.sledgehammer goal.by        59012ms Ordered_Resolution_Prover.FO_Ordered_Resolution_Prover 939:37456  some (SH 59010ms, ATP 578ms): Try this: by (smt (cvc5, trigger_last) generalizes_def generalizes_trans) (691 ms)
0.sledgehammer goal.using     23006ms Ordered_Resolution_Prover.FO_Ordered_Resolution_Prover 941:37548  some (SH 23004ms, ATP 1174ms): Try this: by (smt (cvc5, quant_saturate) ground_C make_ground_subst) (433 ms)
0.sledgehammer goal.by        10540ms Ordered_Resolution_Prover.FO_Ordered_Resolution_Prover 941:37563  some (SH 10538ms, ATP 1344ms): Try this: by (smt (cvc5, trigger_last) make_ground_subst) (630 ms)
0.sledgehammer goal.by         7852ms Ordered_Resolution_Prover.FO_Ordered_Resolution_Prover 944:37675  some (SH 7851ms, ATP 728ms): Try this: by (smt (cvc5, trigger_relev)) (400 ms)
0.sledgehammer goal.using     124834ms Ordered_Resolution_Prover.FO_Ordered_Resolution_Prover 947:37708  some (SH 123921ms, ATP 1542ms): Try this: by (smt (cvc5, best) Suc_ile_eq \<sigma>'_p l_p local.forward_subsumption(3) mini order_less_imp_le subs twins(5,7)) (1.2 s)
0.sledgehammer goal.by        14805ms Ordered_Resolution_Prover.FO_Ordered_Resolution_Prover 947:37744  some (SH 14804ms, ATP 2527ms): Try this: by (smt (cvc5, fmf)) (1.7 s)
0.sledgehammer goal.using     31151ms Ordered_Resolution_Prover.FO_Ordered_Resolution_Prover 952:37969  some (SH 31149ms, ATP 1310ms): Try this: apply (smt (cvc5, best) N_of_state.simps Un_insert_right insert_iff l_p) (206 ms)
0.sledgehammer goal.by        27355ms Ordered_Resolution_Prover.FO_Ordered_Resolution_Prover 952:37979  some (SH 27353ms, ATP 1274ms): Try this: apply (smt (cvc5, best) N_of_state.simps Un_insert_right insert_iff) (149 ms)
0.sledgehammer goal.using     94785ms Ordered_Resolution_Prover.FO_Ordered_Resolution_Prover 954:38057  some (SH 94783ms, ATP 1533ms): Try this: by (smt (cvc5, best) Un_iff insertCI multi_psub_of_add_self subset_mset.less_add_same_cancel1 subset_strictly_subsumes) (688 ms)
0.sledgehammer goal.by        75722ms Ordered_Resolution_Prover.FO_Ordered_Resolution_Prover 954:38097  some (SH 75720ms, ATP 1570ms): Try this: by (smt (cvc5, trigger_relev) Un_iff insertCI multi_psub_of_add_self subset_mset.less_add_same_cancel1) (494 ms)
0.sledgehammer goal.using     11294ms Ordered_Resolution_Prover.FO_Ordered_Resolution_Prover 956:38147  some (SH 11292ms, ATP 1512ms): Try this: by (smt (cvc5, trigger_relev) d(3) strictly_subsumes_def subsumes_trans) (281 ms)
0.sledgehammer goal.unfolding  9720ms Ordered_Resolution_Prover.FO_Ordered_Resolution_Prover 956:38173  some (SH 9718ms, ATP 1493ms): Try this: by (smt (cvc5, trigger_max) strictly_subsumes_def) (335 ms)
0.sledgehammer goal.by         9476ms Ordered_Resolution_Prover.FO_Ordered_Resolution_Prover 956:38205  some (SH 9475ms, ATP 1284ms): Try this: by (smt (cvc5, quant_saturate)) (491 ms)
0.sledgehammer goal.using     70991ms Ordered_Resolution_Prover.FO_Ordered_Resolution_Prover 958:38276  some (SH 70715ms, ATP 1761ms): Try this: by (smt (cvc5, trigger_max) N_of_state.simps Sup_state_def UnI1 exists_index_imp_Sup_llist l_p llength_lmap lnth_lmap) (391 ms)
0.sledgehammer goal.by        60282ms Ordered_Resolution_Prover.FO_Ordered_Resolution_Prover 958:38286  some (SH 60279ms, ATP 2820ms): Try this: by (smt (cvc5, best) N_of_state.simps Sup_state_def UnI1 exists_index_imp_Sup_llist llength_lmap lnth_lmap) (356 ms)
0.sledgehammer goal.using     25136ms Ordered_Resolution_Prover.FO_Ordered_Resolution_Prover 961:38434  some (SH 25134ms, ATP 2794ms): Try this: by (smt (cvc5, best) D'_p d_least mem_Collect_eq subc) (63 ms)
0.sledgehammer goal.by        12258ms Ordered_Resolution_Prover.FO_Ordered_Resolution_Prover 961:38458  some (SH 12256ms, ATP 2868ms): Try this: by (smt (cvc5, best) mem_Collect_eq) (141 ms)
0.sledgehammer goal.by        17531ms Ordered_Resolution_Prover.FO_Ordered_Resolution_Prover 963:38494  some (SH 17529ms, ATP 2594ms): Try this: by (smt (cvc5, quant_saturate) D'_p \<open>D' \<in> N_of_state (Sup_state Sts) \<union> P_of_state (Sup_state Sts) \<union> Q_of_state (Sup_state Sts)\<close> d_least subc) (12 ms)
0.sledgehammer goal.using     30045ms Ordered_Resolution_Prover.FO_Ordered_Resolution_Prover 968:38701  some (SH 30043ms, ATP 1115ms): Try this: apply (smt (cvc5, trigger_last) N_of_state.simps Un_insert_right insert_iff l_p sup_bot.right_neutral) (133 ms)
0.sledgehammer goal.by        36784ms Ordered_Resolution_Prover.FO_Ordered_Resolution_Prover 968:38711  some (SH 36781ms, ATP 1196ms): Try this: apply (smt (cvc5, term_relev) N_of_state.simps Un_insert_right insert_iff sup_bot.right_neutral) (256 ms)
0.sledgehammer goal.using     70617ms Ordered_Resolution_Prover.FO_Ordered_Resolution_Prover 970:38747  some (SH 70616ms, ATP 2100ms): Try this: by (smt (cvc5, best) Un_iff \<sigma>(1,2) d(3) d_least l_p) (717 ms)
0.sledgehammer goal.by        67341ms Ordered_Resolution_Prover.FO_Ordered_Resolution_Prover 970:38769  some (SH 67339ms, ATP 608ms): Try this: by (smt (cvc5, quant_saturate) Un_iff) (455 ms)
0.sledgehammer goal.proof     35327ms Ordered_Resolution_Prover.FO_Ordered_Resolution_Prover 985:39300  timeout (SH 35325ms): Timed out
0.sledgehammer goal.unfolding 49645ms Ordered_Resolution_Prover.FO_Ordered_Resolution_Prover 992:39528  some (SH 49643ms, ATP 4163ms): Try this: by (smt (cvc5) N_of_state.simps P_of_state.simps Q_of_state.simps Sup_llist_imp_exists_index Sup_state_def UnE llength_lmap lnth_lmap)
0.sledgehammer goal.by        47418ms Ordered_Resolution_Prover.FO_Ordered_Resolution_Prover 993:39556  some (SH 47416ms, ATP 383ms): Try this: by (smt (cvc5) N_of_state.simps P_of_state.simps Q_of_state.simps Sup_llist_imp_exists_index UnE llength_lmap lnth_lmap)
0.sledgehammer goal.using     10856ms Ordered_Resolution_Prover.FO_Ordered_Resolution_Prover 996:39683  some (SH 10854ms, ATP 1036ms): Try this: by (smt (cvc5, best) deriv ground_derive_chain ns) (38 ms)
0.sledgehammer goal.by         7833ms Ordered_Resolution_Prover.FO_Ordered_Resolution_Prover 996:39718  some (SH 7126ms, ATP 1117ms): Try this: by (smt (cvc5, fmf)) (55 ms)
0.sledgehammer goal.using     38520ms Ordered_Resolution_Prover.FO_Ordered_Resolution_Prover 999:39774  timeout (SH 36422ms): Timed out
0.sledgehammer goal.by        36262ms Ordered_Resolution_Prover.FO_Ordered_Resolution_Prover 999:39837  some (SH 36259ms, ATP 2547ms): Try this: by (smt (cvc5, best) Un_iff) (347 ms)
0.sledgehammer goal.by        15793ms Ordered_Resolution_Prover.FO_Ordered_Resolution_Prover 1002:39911  some (SH 15791ms, ATP 2540ms): Try this: by (smt (cvc5, best)) (518 ms)
0.sledgehammer goal.using     40758ms Ordered_Resolution_Prover.FO_Ordered_Resolution_Prover 1013:40213  timeout (SH 40756ms): Timed out
0.sledgehammer goal.by        50470ms Ordered_Resolution_Prover.FO_Ordered_Resolution_Prover 1013:40273  timeout (SH 50466ms): Timed out
0.sledgehammer goal.using     42835ms Ordered_Resolution_Prover.FO_Ordered_Resolution_Prover 1016:40358  timeout (SH 42831ms): Timed out
0.sledgehammer goal.by        30385ms Ordered_Resolution_Prover.FO_Ordered_Resolution_Prover 1016:40422  some (SH 30378ms, ATP 3717ms): Try this: by (smt (cvc5, fmf) UnE[of D' "P_of_state (lnth Sts l)" "Q_of_state (lnth Sts l)"]) (1.6 s)
0.sledgehammer goal.using     71845ms Ordered_Resolution_Prover.FO_Ordered_Resolution_Prover 1018:40488  some (SH 71842ms, ATP 5496ms): Try this: by (smt (cvc5, best) D'_p(5,6) c deriv fair from_Q_to_Q_inf[of Gs C D' l'] ns) (378 ms)
0.sledgehammer goal.by        22525ms Ordered_Resolution_Prover.FO_Ordered_Resolution_Prover 1018:40545  some (SH 22521ms, ATP 4298ms): Try this: by (smt (cvc5, trigger_last)) (644 ms)
0.sledgehammer goal.using     27581ms Ordered_Resolution_Prover.FO_Ordered_Resolution_Prover 1020:40581  some (SH 27578ms, ATP 2904ms): Try this: by (smt (cvc5, noematch) D'_p(2,4)) (691 ms)
0.sledgehammer goal.by        23660ms Ordered_Resolution_Prover.FO_Ordered_Resolution_Prover 1020:40592  some (SH 23657ms, ATP 3504ms): Try this: by (smt (cvc5, quant_saturate)) (894 ms)
0.sledgehammer goal.using     66113ms Ordered_Resolution_Prover.FO_Ordered_Resolution_Prover 1027:40720  some (SH 65830ms, ATP 2884ms): Try this: by (smt (cvc5, trigger_max) D_p(2,3) c deriv fair from_P_to_Q[of Gs C D i] i_p(1) ns) (517 ms)
0.sledgehammer goal.by        16286ms Ordered_Resolution_Prover.FO_Ordered_Resolution_Prover 1027:40781  some (SH 16276ms, ATP 2540ms): Try this: by (smt (cvc5, quant_saturate)) (547 ms)
0.sledgehammer goal.using     52691ms Ordered_Resolution_Prover.FO_Ordered_Resolution_Prover 1029:40845  some (SH 51071ms, ATP 5101ms): Try this: by (smt (cvc5, fmf) D_p(2,3) c deriv fair from_Q_to_Q_inf[of Gs C D l'] ns) (444 ms)
0.sledgehammer goal.by        11197ms Ordered_Resolution_Prover.FO_Ordered_Resolution_Prover 1029:40927  some (SH 11194ms, ATP 2593ms): Try this: by (smt (cvc5, fmf)) (178 ms)
0.sledgehammer goal.using     23958ms Ordered_Resolution_Prover.FO_Ordered_Resolution_Prover 1031:40963  some (SH 22975ms, ATP 1431ms): Try this: by (smt (cvc5, fmf) \<sigma>(1,2)) (508 ms)
0.sledgehammer goal.by        10799ms Ordered_Resolution_Prover.FO_Ordered_Resolution_Prover 1031:40975  some (SH 10797ms, ATP 1269ms): Try this: by (smt (cvc5, quant_saturate)) (867 ms)
0.sledgehammer goal.using     49536ms Ordered_Resolution_Prover.FO_Ordered_Resolution_Prover 1037:41084  some (SH 49533ms, ATP 3098ms): Try this: by (smt (cvc5, trigger_last) assms(3,4) c deriv fair from_Q_to_Q_inf[of Gs C D i] i_p(1) ns) (520 ms)
0.sledgehammer goal.by         7210ms Ordered_Resolution_Prover.FO_Ordered_Resolution_Prover 1037:41146  some (SH 7208ms, ATP 1202ms): Try this: by (smt (cvc5, best)) (185 ms)
0.sledgehammer goal.using     20394ms Ordered_Resolution_Prover.FO_Ordered_Resolution_Prover 1039:41182  some (SH 18711ms, ATP 1044ms): Try this: by (smt (cvc5, fmf) \<sigma>(1,2)) (504 ms)
0.sledgehammer goal.by         8004ms Ordered_Resolution_Prover.FO_Ordered_Resolution_Prover 1039:41194  some (SH 8003ms, ATP 1147ms): Try this: by (smt (cvc5, best)) (681 ms)
0.sledgehammer goal.using     16244ms Ordered_Resolution_Prover.FO_Ordered_Resolution_Prover 1042:41236  some (SH 15774ms, ATP 1101ms): Try this: by (smt (cvc5, term_relev) i_p(2)) (244 ms)
0.sledgehammer goal.by         7082ms Ordered_Resolution_Prover.FO_Ordered_Resolution_Prover 1042:41246  some (SH 7079ms, ATP 1019ms): Try this: by (smt (cvc5, quant_saturate)) (531 ms)
0.sledgehammer goal.proof     39166ms Ordered_Resolution_Prover.FO_Ordered_Resolution_Prover 1056:41596  timeout (SH 38580ms): Timed out
0.sledgehammer goal.using     34398ms Ordered_Resolution_Prover.FO_Ordered_Resolution_Prover 1062:41819  some (SH 34396ms, ATP 1670ms): Try this: by (smt (cvc5, trigger_last) Liminf_state_def Q_of_state.simps fair fair_state_seq_def sup_bot_left) (381 ms)
0.sledgehammer goal.unfolding 25993ms Ordered_Resolution_Prover.FO_Ordered_Resolution_Prover 1062:41830  some (SH 25991ms, ATP 1394ms): Try this: by (smt (cvc5, trigger_relev) Liminf_state_def Q_of_state.simps fair_state_seq_def sup_bot_left) (463 ms)
0.sledgehammer goal.by        17605ms Ordered_Resolution_Prover.FO_Ordered_Resolution_Prover 1062:41876  some (SH 17603ms, ATP 1297ms): Try this: by (smt (cvc5, quant_saturate) Q_of_state.simps sup_bot_left) (414 ms)
0.sledgehammer goal.using     25602ms Ordered_Resolution_Prover.FO_Ordered_Resolution_Prover 1067:41990  some (SH 25600ms, ATP 1443ms): Try this: by (smt (cvc5, trigger_max) DiffD1 Liminf_llist_subset_Sup_llist subsetD) (288 ms)
0.sledgehammer goal.by        33228ms Ordered_Resolution_Prover.FO_Ordered_Resolution_Prover 1067:42033  some (SH 33226ms, ATP 1201ms): Try this: by (smt (cvc5, trigger_max) DiffD1 subsetD) (196 ms)
0.sledgehammer goal.using     45957ms Ordered_Resolution_Prover.FO_Ordered_Resolution_Prover 1070:42141  some (SH 45955ms, ATP 913ms): Try this: by (smt (cvc5, trigger_last) Sup_llist_grounding_of_state_ground in_Sup_llist_in_Sup_state is_ground_subst_cls_iff ns subsumes_def subsumes_refl) (423 ms)
0.sledgehammer goal.unfolding 79729ms Ordered_Resolution_Prover.FO_Ordered_Resolution_Prover 1070:42173  some (SH 79727ms, ATP 1835ms): Try this: by (smt (cvc5, fmf) ns subset_mset.dual_order.refl subsumes_def) (510 ms)
0.sledgehammer goal.by        26971ms Ordered_Resolution_Prover.FO_Ordered_Resolution_Prover 1070:42199  some (SH 26970ms, ATP 2255ms): Try this: by (smt (cvc5, fmf) subset_mset.dual_order.refl) (786 ms)
0.sledgehammer goal.using     39801ms Ordered_Resolution_Prover.FO_Ordered_Resolution_Prover 1075:42388  timeout (SH 39800ms): Timed out
0.sledgehammer goal.by        58967ms Ordered_Resolution_Prover.FO_Ordered_Resolution_Prover 1076:42488  some (SH 58965ms, ATP 1365ms): Try this: by (smt (cvc5, quant_saturate) empty_iff mem_Collect_eq[of _ "\<lambda>uuc. uuc \<in> N_of_state (Sup_state Sts) \<union> P_of_state (Sup_state Sts) \<union> Q_of_state (Sup_state Sts) \<and> subsumes uuc C"]) (810 ms)
0.sledgehammer goal.using     16059ms Ordered_Resolution_Prover.FO_Ordered_Resolution_Prover 1079:42536  some (SH 16057ms, ATP 866ms): Try this: by (smt (cvc5, best) Sup_llist_grounding_of_state_ground \<open>C \<in> Sup_llist Gs\<close> ns) (139 ms)
0.sledgehammer goal.using     12044ms Ordered_Resolution_Prover.FO_Ordered_Resolution_Prover 1079:42546  some (SH 12043ms, ATP 990ms): Try this: by (smt (cvc5, trigger_last) Sup_llist_grounding_of_state_ground \<open>C \<in> Sup_llist Gs\<close> ns) (175 ms)
0.sledgehammer goal.by        10299ms Ordered_Resolution_Prover.FO_Ordered_Resolution_Prover 1079:42588  some (SH 10297ms, ATP 1278ms): Try this: by (smt (cvc5, trigger_relev) Sup_llist_grounding_of_state_ground \<open>C \<in> Sup_llist Gs\<close>) (171 ms)
0.sledgehammer goal.using     99253ms Ordered_Resolution_Prover.FO_Ordered_Resolution_Prover 1082:42688  some (SH 99251ms, ATP 4073ms): Try this: by (smt (cvc5, trigger_max) C_p D_p(1,2,3) deriv eventually_in_Qinf[of D C Gs] fair ground_C ns) (331 ms)
0.sledgehammer goal.using     68856ms Ordered_Resolution_Prover.FO_Ordered_Resolution_Prover 1082:42724  some (SH 68853ms, ATP 1239ms): Try this: by (smt (cvc5, quant_saturate) C_p D_p(1,2,3) deriv fair ground_C ns) (385 ms)
0.sledgehammer goal.by         9557ms Ordered_Resolution_Prover.FO_Ordered_Resolution_Prover 1082:42766  some (SH 9555ms, ATP 1183ms): Try this: by (smt (cvc5, trigger_last)) (860 ms)
0.sledgehammer goal.by        10485ms Ordered_Resolution_Prover.FO_Ordered_Resolution_Prover 1085:42886  some (SH 9624ms, ATP 987ms): Try this: by (smt (cvc5, trigger_max)) (698 ms)
0.sledgehammer goal.by         9593ms Ordered_Resolution_Prover.FO_Ordered_Resolution_Prover 1087:42951  some (SH 9288ms, ATP 1070ms): Try this: by (smt (cvc5, trigger_last) Un_iff) (88 ms)
0.sledgehammer goal.unfolding 69268ms Ordered_Resolution_Prover.FO_Ordered_Resolution_Prover 1089:43019  some (SH 67728ms, ATP 1856ms): Try this: by (smt (cvc5, quant_saturate) D'_p Un_iff ground_C grounding_of_cls_ground grounding_of_clss_insert grounding_of_subst_cls_subset insert_subset mk_disjoint_insert) (181 ms)
0.sledgehammer goal.using     49090ms Ordered_Resolution_Prover.FO_Ordered_Resolution_Prover 1089:43072  some (SH 49088ms, ATP 2242ms): Try this: by (smt (cvc5, best) D'_p UN_insert Un_iff ground_C grounding_of_cls_def grounding_of_cls_ground grounding_of_subst_cls_subset insert_subset mk_disjoint_insert) (365 ms)
0.sledgehammer goal.by        69975ms Ordered_Resolution_Prover.FO_Ordered_Resolution_Prover 1089:43083  some (SH 69973ms, ATP 2348ms): Try this: by (smt (cvc5, best) UN_insert Un_iff ground_C grounding_of_cls_def grounding_of_cls_ground grounding_of_subst_cls_subset insert_subset mk_disjoint_insert) (596 ms)
0.sledgehammer goal.using     104567ms Ordered_Resolution_Prover.FO_Ordered_Resolution_Prover 1091:43163  some (SH 104564ms, ATP 7856ms): Try this: by (smt (cvc5, noematch) fair fair_state_seq_def sup_bot_left) (145 ms)
0.sledgehammer goal.by        14501ms Ordered_Resolution_Prover.FO_Ordered_Resolution_Prover 1091:43199  some (SH 14498ms, ATP 1340ms): Try this: by (smt (cvc5, trigger_max) sup_bot_left) (87 ms)
0.sledgehammer goal.proof     36743ms Ordered_Resolution_Prover.FO_Ordered_Resolution_Prover 1105:43533  timeout (SH 36741ms): Timed out
0.sledgehammer goal.unfolding 37580ms Ordered_Resolution_Prover.FO_Ordered_Resolution_Prover 1108:43672  timeout (SH 37578ms): Timed out
0.sledgehammer goal.by        40112ms Ordered_Resolution_Prover.FO_Ordered_Resolution_Prover 1108:43716  timeout (SH 40109ms): Timed out
0.sledgehammer goal.by        39234ms Ordered_Resolution_Prover.FO_Ordered_Resolution_Prover 1111:43859  timeout (SH 39233ms): Timed out
0.sledgehammer goal.unfolding 33074ms Ordered_Resolution_Prover.FO_Ordered_Resolution_Prover 1117:43951  timeout (SH 33071ms): Timed out
0.sledgehammer goal.using     89607ms Ordered_Resolution_Prover.FO_Ordered_Resolution_Prover 1117:43967  some (SH 89283ms, ATP 1708ms): Try this: by (smt (cvc5, trigger_last) Max_in assms(1,2) f_p finite_imageI image_iff image_is_empty) (596 ms)
0.sledgehammer goal.by        51927ms Ordered_Resolution_Prover.FO_Ordered_Resolution_Prover 1118:43990  some (SH 51925ms, ATP 1619ms): Try this: by (smt (cvc5, trigger_relev) Max_in assms(2) finite_imageI image_iff image_is_empty) (553 ms)
0.sledgehammer goal.proof     37620ms Ordered_Resolution_Prover.FO_Ordered_Resolution_Prover 1120:44163  timeout (SH 37617ms): Timed out
0.sledgehammer goal.unfolding 45317ms Ordered_Resolution_Prover.FO_Ordered_Resolution_Prover 1124:44323  some (SH 45315ms, ATP 3605ms): Try this: by (smt (cvc5, trigger_relev) Max_ge assms(1) enat_ord_simps(1) finite_imageI image_insert insert_iff j_def le_trans mk_disjoint_insert) (364 ms)
0.sledgehammer goal.using     119877ms Ordered_Resolution_Prover.FO_Ordered_Resolution_Prover 1124:44339  some (SH 119875ms, ATP 1611ms): Try this: by (smt (cvc5, trigger_relev) Max.bounded_iff assms(1,2) enat_ord_simps(1) finite_imageI image_eqI image_is_empty) (1.0 s)
0.sledgehammer goal.by        81222ms Ordered_Resolution_Prover.FO_Ordered_Resolution_Prover 1124:44370  some (SH 81221ms, ATP 1889ms): Try this: by (smt (cvc5, quant_saturate) assms(2) enat_ord_simps(1) finite_imageI image_eqI image_is_empty) (765 ms)
0.sledgehammer goal.using     13244ms Ordered_Resolution_Prover.FO_Ordered_Resolution_Prover 1126:44429  some (SH 13243ms, ATP 2683ms): Try this: by (smt (cvc5, term_relev) a(1,3) enat_ord_simps(1) f_p) (433 ms)
0.sledgehammer goal.by        11803ms Ordered_Resolution_Prover.FO_Ordered_Resolution_Prover 1126:44441  some (SH 11802ms, ATP 1572ms): Try this: by (smt (cvc5, term_relev) enat_ord_simps(1)) (558 ms)
0.sledgehammer goal.by        28306ms Ordered_Resolution_Prover.FO_Ordered_Resolution_Prover 1129:44485  some (SH 28265ms, ATP 1462ms): Try this: by (smt (cvc5, fmf) subsetI) (874 ms)
0.sledgehammer goal.proof     62243ms Ordered_Resolution_Prover.FO_Ordered_Resolution_Prover 1138:44726  some (SH 62242ms, ATP 3917ms): Try this: by (smt (cvc5, term_relev) DiffE DiffI S_M_grounding_of_clss assms(3) deriv fair fair_imp_Liminf_minus_Rf_subset_ground_Liminf_state selection_axioms singletonI standard_redundancy_criterion.contradiction_Rf subsetD subst_cls_empty_iff) (1.6 s)
0.sledgehammer goal.unfolding 62112ms Ordered_Resolution_Prover.FO_Ordered_Resolution_Prover 1142:44913  some (SH 62109ms, ATP 1282ms): Try this: by (smt (cvc5, best) Diff_iff ns singletonI standard_redundancy_criterion.contradiction_Rf) (240 ms)
0.sledgehammer goal.by        45553ms Ordered_Resolution_Prover.FO_Ordered_Resolution_Prover 1142:44936  some (SH 45551ms, ATP 2295ms): Try this: by (smt (cvc5, fmf) Diff_iff mem_Collect_eq singletonI standard_redundancy_criterion.Rf_def standard_redundancy_criterion.contradiction_Rf) (541 ms)
0.sledgehammer goal.using     24682ms Ordered_Resolution_Prover.FO_Ordered_Resolution_Prover 1144:45018  some (SH 24680ms, ATP 1108ms): Try this: by (smt (cvc5, trigger_last) deriv fair fair_imp_Liminf_minus_Rf_subset_ground_Liminf_state ns subsetD) (541 ms)
0.sledgehammer goal.by         8353ms Ordered_Resolution_Prover.FO_Ordered_Resolution_Prover 1144:45094  some (SH 8351ms, ATP 1232ms): Try this: by (smt (cvc5, term_relev) subsetD) (370 ms)
0.sledgehammer goal.unfolding 27945ms Ordered_Resolution_Prover.FO_Ordered_Resolution_Prover 1146:45126  some (SH 27943ms, ATP 1561ms): Try this: by (smt (cvc5, quant_saturate) S_M_grounding_of_clss selection_axioms subst_cls_empty_iff) (928 ms)
0.sledgehammer goal.by        45588ms Ordered_Resolution_Prover.FO_Ordered_Resolution_Prover 1146:45179  some (SH 45587ms, ATP 1482ms): Try this: by (smt (cvc5, trigger_relev) S_M_grounding_of_clss \<open>{#} \<in> grounding_of_clss (Q_of_state (Liminf_state Sts))\<close> selection_axioms subst_cls_empty_iff) (852 ms)
0.sledgehammer goal.proof     40719ms Ordered_Resolution_Prover.FO_Ordered_Resolution_Prover 1151:45327  timeout (SH 40718ms): Timed out
0.sledgehammer goal.unfolding 39609ms Ordered_Resolution_Prover.FO_Ordered_Resolution_Prover 1156:45519  some (SH 39606ms, ATP 1687ms): Try this: by (smt (cvc5, best) S_M_grounding_of_clss selection_axioms) (1.5 s)
0.sledgehammer goal.by        56179ms Ordered_Resolution_Prover.FO_Ordered_Resolution_Prover 1156:45572  some (SH 56177ms, ATP 1501ms): Try this: by (smt (cvc5, noematch) S_M_grounding_of_clss \<open>C \<in> grounding_of_clss (N_of_state (Liminf_state Sts) \<union> P_of_state (Liminf_state Sts) \<union> Q_of_state (Liminf_state Sts))\<close> selection_axioms) (1.9 s)
0.sledgehammer goal.unfolding 29430ms Ordered_Resolution_Prover.FO_Ordered_Resolution_Prover 1159:45727  some (SH 29427ms, ATP 1640ms): Try this: by (smt (cvc5, trigger_relev) Liminf_state_def N_of_state_Liminf P_of_state_Liminf Q_of_state.simps Un_iff) (143 ms)
0.sledgehammer goal.by        83012ms Ordered_Resolution_Prover.FO_Ordered_Resolution_Prover 1159:45754  some (SH 83010ms, ATP 1335ms): Try this: by (smt (cvc5, fmf) Liminf_state_def N_of_state.simps P_of_state_Liminf Q_of_state.simps UnE) (748 ms)
0.sledgehammer goal.unfolding 37920ms Ordered_Resolution_Prover.FO_Ordered_Resolution_Prover 1163:45984  timeout (SH 37919ms): Timed out
0.sledgehammer goal.using     39976ms Ordered_Resolution_Prover.FO_Ordered_Resolution_Prover 1164:46058  timeout (SH 39974ms): Timed out
0.sledgehammer goal.apply     40542ms Ordered_Resolution_Prover.FO_Ordered_Resolution_Prover 1165:46074  timeout (SH 40540ms): Timed out
0.sledgehammer goal.apply     38866ms Ordered_Resolution_Prover.FO_Ordered_Resolution_Prover 1166:46086  timeout (SH 38864ms): Timed out
0.sledgehammer goal.apply     38558ms Ordered_Resolution_Prover.FO_Ordered_Resolution_Prover 1168:46124  timeout (SH 38556ms): Timed out
0.sledgehammer goal.using     34996ms Ordered_Resolution_Prover.FO_Ordered_Resolution_Prover 1169:46150  timeout (SH 34994ms): Timed out
0.sledgehammer goal.by        39137ms Ordered_Resolution_Prover.FO_Ordered_Resolution_Prover 1169:46162  timeout (SH 39134ms): Timed out
0.sledgehammer goal.apply     39922ms Ordered_Resolution_Prover.FO_Ordered_Resolution_Prover 1171:46188  timeout (SH 39920ms): Timed out
0.sledgehammer goal.apply     38229ms Ordered_Resolution_Prover.FO_Ordered_Resolution_Prover 1173:46230  timeout (SH 38227ms): Timed out
0.sledgehammer goal.apply     37844ms Ordered_Resolution_Prover.FO_Ordered_Resolution_Prover 1174:46258  timeout (SH 37842ms): Timed out
0.sledgehammer goal.using     37464ms Ordered_Resolution_Prover.FO_Ordered_Resolution_Prover 1175:46286  timeout (SH 37462ms): Timed out
0.sledgehammer goal.by        37896ms Ordered_Resolution_Prover.FO_Ordered_Resolution_Prover 1175:46298  timeout (SH 37893ms): Timed out
0.sledgehammer goal.apply     39237ms Ordered_Resolution_Prover.FO_Ordered_Resolution_Prover 1177:46328  timeout (SH 39235ms): Timed out
0.sledgehammer goal.apply     37300ms Ordered_Resolution_Prover.FO_Ordered_Resolution_Prover 1178:46356  timeout (SH 37297ms): Timed out
0.sledgehammer goal.using     40080ms Ordered_Resolution_Prover.FO_Ordered_Resolution_Prover 1179:46384  timeout (SH 40079ms): Timed out
0.sledgehammer goal.by        37344ms Ordered_Resolution_Prover.FO_Ordered_Resolution_Prover 1179:46396  timeout (SH 37342ms): Timed out
0.sledgehammer goal.unfolding 39348ms Ordered_Resolution_Prover.FO_Ordered_Resolution_Prover 1183:46489  timeout (SH 39345ms): Timed out
0.sledgehammer goal.by        39406ms Ordered_Resolution_Prover.FO_Ordered_Resolution_Prover 1183:46538  timeout (SH 39404ms): Timed out
0.sledgehammer goal.proof     38375ms Ordered_Resolution_Prover.FO_Ordered_Resolution_Prover 1191:46710  timeout (SH 38373ms): Timed out
0.sledgehammer goal.unfolding 60163ms Ordered_Resolution_Prover.FO_Ordered_Resolution_Prover 1193:46786  some (SH 60161ms, ATP 2217ms): Try this: by (smt (cvc5, best) UN_iff grounding_of_cls_ground is_ground_cls_empty singletonI substitution_ops.grounding_of_clss_def) (315 ms)
0.sledgehammer goal.by        49359ms Ordered_Resolution_Prover.FO_Ordered_Resolution_Prover 1193:46818  some (SH 49357ms, ATP 1470ms): Try this: by (smt (cvc5, best) UN_iff grounding_of_cls_empty singletonI) (161 ms)
0.sledgehammer goal.using     11003ms Ordered_Resolution_Prover.FO_Ordered_Resolution_Prover 1195:46919  some (SH 11001ms, ATP 1183ms): Try this: by (smt (cvc5, fmf) grounding_of_state_Liminf_state_subseteq subsetD) (369 ms)
0.sledgehammer goal.by        10673ms Ordered_Resolution_Prover.FO_Ordered_Resolution_Prover 1195:46966  some (SH 10672ms, ATP 2342ms): Try this: by (smt (cvc5, term_relev) subsetD) (480 ms)
0.sledgehammer goal.using     24603ms Ordered_Resolution_Prover.FO_Ordered_Resolution_Prover 1197:47051  some (SH 24602ms, ATP 1542ms): Try this: by (smt (cvc5, best) true_cls_empty true_clss_def) (175 ms)
0.sledgehammer goal.by         9104ms Ordered_Resolution_Prover.FO_Ordered_Resolution_Prover 1197:47071  some (SH 9102ms, ATP 1622ms): Try this: by (smt (cvc5, noematch) true_cls_empty) (363 ms)
0.sledgehammer goal.using     25852ms Ordered_Resolution_Prover.FO_Ordered_Resolution_Prover 1199:47147  some (SH 25694ms, ATP 2649ms): Try this: by (smt (cvc5, best) deriv ground_derive_chain sr_ext.sat_limit_iff) (216 ms)
0.sledgehammer goal.by         7893ms Ordered_Resolution_Prover.FO_Ordered_Resolution_Prover 1199:47200  some (SH 7891ms, ATP 1295ms): Try this: by (smt (cvc5, trigger_last)) (466 ms)
0.sledgehammer goal.using     42751ms Ordered_Resolution_Prover.FO_Ordered_Resolution_Prover 1201:47233  some (SH 42086ms, ATP 2028ms): Try this: by (smt (cvc5, noematch) chain_not_lnull deriv llist.map_sel(1)) (288 ms)
0.sledgehammer goal.by        10261ms Ordered_Resolution_Prover.FO_Ordered_Resolution_Prover 1201:47261  some (SH 10259ms, ATP 1744ms): Try this: by (smt (cvc5, noematch) llist.map_sel(1)) (824 ms)
0.sledgehammer goal.proof     37428ms Ordered_Resolution_Prover.FO_Ordered_Resolution_Prover 1210:47500  timeout (SH 37426ms): Timed out
0.sledgehammer goal.using     14994ms Ordered_Resolution_Prover.FO_Ordered_Resolution_Prover 1222:47913  some (SH 14993ms, ATP 1174ms): Try this: by (smt (cvc5, noematch) deriv fair fair_imp_Liminf_minus_Rf_subset_ground_Liminf_state ns) (444 ms)
0.sledgehammer goal.by         9533ms Ordered_Resolution_Prover.FO_Ordered_Resolution_Prover 1222:47985  some (SH 9532ms, ATP 1321ms): Try this: by (smt (cvc5, trigger_last)) (811 ms)
0.sledgehammer goal.using      9398ms Ordered_Resolution_Prover.FO_Ordered_Resolution_Prover 1225:48040  some (SH 9397ms, ATP 1143ms): Try this: by (smt (cvc5, best) deriv ground_derive_chain ns) (39 ms)
0.sledgehammer goal.by         6986ms Ordered_Resolution_Prover.FO_Ordered_Resolution_Prover 1225:48075  some (SH 6984ms, ATP 1341ms): Try this: by (smt (cvc5, trigger_relev)) (60 ms)
0.sledgehammer goal.using     10073ms Ordered_Resolution_Prover.FO_Ordered_Resolution_Prover 1238:48485  some (SH 8284ms, ATP 1251ms): Try this: by (smt (cvc5, trigger_max) Liminf_grounding_of_state_ground is_ground_clss_def) (134 ms)
0.sledgehammer goal.unfolding  9329ms Ordered_Resolution_Prover.FO_Ordered_Resolution_Prover 1238:48524  some (SH 8943ms, ATP 1610ms): Try this: by (smt (cvc5, quant_saturate) is_ground_clss_def) (142 ms)
0.sledgehammer goal.by         6637ms Ordered_Resolution_Prover.FO_Ordered_Resolution_Prover 1238:48553  some (SH 6635ms, ATP 1017ms): Try this: by (smt (cvc5, term_relev)) (134 ms)
0.sledgehammer goal.using     93993ms Ordered_Resolution_Prover.FO_Ordered_Resolution_Prover 1241:48620  some (SH 92614ms, ATP 1952ms): Try this: by (smt (cvc5, trigger_relev) DiffD1 Liminf_grounding_of_state_ground a is_ground_clss_def is_ground_clss_mono is_ground_clss_union) (203 ms)
0.sledgehammer goal.by        96379ms Ordered_Resolution_Prover.FO_Ordered_Resolution_Prover 1241:48668  some (SH 96378ms, ATP 1209ms): Try this: by (smt (cvc5, trigger_last) deriv fair fair_imp_Liminf_minus_Rf_subset_ground_Liminf_state is_ground_clss_grounding_of_clss is_ground_clss_mono is_ground_clss_union) (426 ms)
0.sledgehammer goal.using     110539ms Ordered_Resolution_Prover.FO_Ordered_Resolution_Prover 1244:48723  some (SH 110538ms, ATP 1119ms): Try this: by (smt (cvc5, best) a deriv fair fair_imp_Liminf_minus_Rf_subset_ground_Liminf_state in_subset_eq_grounding_of_clss_is_ground_cls insertCI order_trans sup.bounded_iff) (656 ms)
0.sledgehammer goal.by        102282ms Ordered_Resolution_Prover.FO_Ordered_Resolution_Prover 1245:48786  some (SH 102279ms, ATP 1539ms): Try this: by (smt (cvc5, best) deriv fair fair_imp_Liminf_minus_Rf_subset_ground_Liminf_state in_subset_eq_grounding_of_clss_is_ground_cls order_trans sup.bounded_iff) (1.0 s)
0.sledgehammer goal.unfolding 78197ms Ordered_Resolution_Prover.FO_Ordered_Resolution_Prover 1249:48943  some (SH 78195ms, ATP 2005ms): Try this: by (smt (cvc5, quant_saturate) gr.ord_\<Gamma>_def inference.sel(1,2,3) mem_Collect_eq) (600 ms)
0.sledgehammer goal.by        81016ms Ordered_Resolution_Prover.FO_Ordered_Resolution_Prover 1249:48966  some (SH 81015ms, ATP 1864ms): Try this: by (smt (cvc5, quant_saturate) inference.sel(1,2,3) mem_Collect_eq) (1.2 s)
0.sledgehammer goal.using     123236ms Ordered_Resolution_Prover.FO_Ordered_Resolution_Prover 1253:49091  some (SH 123233ms, ATP 1082ms): Try this: by (smt (cvc5, best) CAs_p Un_commute a deriv fair fair_imp_Liminf_minus_Rf_subset_ground_Liminf_state order_trans set_mset_mset) (523 ms)
0.sledgehammer goal.unfolding 84679ms Ordered_Resolution_Prover.FO_Ordered_Resolution_Prover 1253:49110  some (SH 84677ms, ATP 1060ms): Try this: by (smt (cvc5, noematch) Un_commute deriv fair_imp_Liminf_minus_Rf_subset_ground_Liminf_state order_trans set_mset_mset) (793 ms)
0.sledgehammer goal.by        89588ms Ordered_Resolution_Prover.FO_Ordered_Resolution_Prover 1254:49145  some (SH 89587ms, ATP 1192ms): Try this: by (smt (cvc5, noematch) Un_commute deriv fair fair_imp_Liminf_minus_Rf_subset_ground_Liminf_state order_trans set_mset_mset) (851 ms)
0.sledgehammer goal.using     34501ms Ordered_Resolution_Prover.FO_Ordered_Resolution_Prover 1258:49331  some (SH 34499ms, ATP 1285ms): Try this: by (smt (cvc5, fmf) in_subset_eq_grounding_of_clss_is_ground_cls is_ground_cls_list_def sup.bounded_iff) (271 ms)
0.sledgehammer goal.unfolding 36698ms Ordered_Resolution_Prover.FO_Ordered_Resolution_Prover 1258:49343  some (SH 36696ms, ATP 1254ms): Try this: by (smt (cvc5, fmf) in_subset_eq_grounding_of_clss_is_ground_cls is_ground_cls_list_def sup.bounded_iff) (400 ms)
0.sledgehammer goal.by        23009ms Ordered_Resolution_Prover.FO_Ordered_Resolution_Prover 1258:49376  some (SH 23007ms, ATP 963ms): Try this: by (smt (cvc5, best) ground_cc is_ground_clss_def set_mset_mset) (193 ms)
0.sledgehammer goal.by        18292ms Ordered_Resolution_Prover.FO_Ordered_Resolution_Prover 1261:49442  some (SH 18290ms, ATP 1469ms): Try this: by (smt (cvc5, best) CAs_p gr.ground_resolution_with_selection_axioms ground_cas ground_da ground_ord_resolve_imp_ord_resolve) (380 ms)
0.sledgehammer goal.by        14814ms Ordered_Resolution_Prover.FO_Ordered_Resolution_Prover 1265:49668  some (SH 14812ms, ATP 961ms): Try this: by (smt (cvc5, trigger_max)) (250 ms)
0.sledgehammer goal.using     59543ms Ordered_Resolution_Prover.FO_Ordered_Resolution_Prover 1275:50015  some (SH 59540ms, ATP 5905ms): Try this: by (smt (cvc5) DA_CAs_in_ground_Liminf S_Q_def ord_resolve_rename_lifting sel_stable selection_axioms)
0.sledgehammer goal.by        19350ms Ordered_Resolution_Prover.FO_Ordered_Resolution_Prover 1276:50178  some (SH 19348ms, ATP 2922ms): Try this: by (smt (cvc5))
0.sledgehammer goal.unfolding 137415ms Ordered_Resolution_Prover.FO_Ordered_Resolution_Prover 1278:50271  some (SH 137413ms, ATP 3133ms): Try this: by (smt (cvc5, best) Un_empty dual_order.refl finite.emptyI finite_Un finite_insert insert_not_empty list.set_finite subseteq_Liminf_state_eventually_always sup_commute) (588 ms)
0.sledgehammer goal.using     126673ms Ordered_Resolution_Prover.FO_Ordered_Resolution_Prover 1279:50304  some (SH 126671ms, ATP 3954ms): Try this: by (smt (cvc5, trigger_last) Un_empty dual_order.refl finite.emptyI finite_Un finite_insert insert_not_empty list.set_finite subseteq_Liminf_state_eventually_always sup_commute) (575 ms)
0.sledgehammer goal.by        120784ms Ordered_Resolution_Prover.FO_Ordered_Resolution_Prover 1279:50373  some (SH 120783ms, ATP 2928ms): Try this: by (smt (cvc5, term_relev) Un_empty dual_order.refl finite.emptyI finite_Un finite_insert insert_not_empty list.set_finite sup_commute) (995 ms)
0.sledgehammer goal.using     32104ms Ordered_Resolution_Prover.FO_Ordered_Resolution_Prover 1282:50489  some (SH 32103ms, ATP 195ms): Try this: by (smt (cvc5, quant_saturate) least_exists) (512 ms)
0.sledgehammer goal.by        10140ms Ordered_Resolution_Prover.FO_Ordered_Resolution_Prover 1282:50566  some (SH 10138ms, ATP 1263ms): Try this: by (smt (cvc5, quant_saturate)) (685 ms)
0.sledgehammer goal.unfolding 13627ms Ordered_Resolution_Prover.FO_Ordered_Resolution_Prover 1284:50651  some (SH 13624ms, ATP 1197ms): Try this: apply (smt (cvc5, trigger_relev) is_least_def) (108 ms)
0.sledgehammer goal.by         7917ms Ordered_Resolution_Prover.FO_Ordered_Resolution_Prover 1284:50674  some (SH 7915ms, ATP 913ms): Try this: apply (smt (cvc5, trigger_relev)) (98 ms)
0.sledgehammer goal.using     41757ms Ordered_Resolution_Prover.FO_Ordered_Resolution_Prover 1286:50715  some (SH 40436ms, ATP 2921ms): Try this: by (smt (cvc5, quant_saturate) Un_empty assms(3) chain_not_lnull deriv empty_not_insert lhd_conv_lnth sup.order_iff) (411 ms)
0.sledgehammer goal.by        38948ms Ordered_Resolution_Prover.FO_Ordered_Resolution_Prover 1286:50730  some (SH 38946ms, ATP 2537ms): Try this: by (smt (cvc5, quant_saturate) Un_empty chain_not_lnull deriv empty_not_insert lhd_conv_lnth subset_empty) (274 ms)
0.sledgehammer goal.using     79867ms Ordered_Resolution_Prover.FO_Ordered_Resolution_Prover 1289:50939  some (SH 79865ms, ATP 3580ms): Try this: apply (smt (cvc5, term_relev) One_nat_def Suc_ile_eq Suc_pred bot_nat_0.not_eq_extremum diff_less is_least_def j_p order_less_imp_le zero_less_one) (436 ms)
0.sledgehammer goal.unfolding 79772ms Ordered_Resolution_Prover.FO_Ordered_Resolution_Prover 1289:50949  some (SH 79769ms, ATP 4083ms): Try this: apply (smt (cvc5, best) One_nat_def Suc_ile_eq Suc_pred bot_nat_0.not_eq_extremum diff_less is_least_def order_less_imp_le zero_less_one) (413 ms)
0.sledgehammer goal.apply     155084ms Ordered_Resolution_Prover.FO_Ordered_Resolution_Prover 1290:50979  timeout (SH 155082ms):
0.sledgehammer goal.using      6947ms Ordered_Resolution_Prover.FO_Ordered_Resolution_Prover 1292:51129  some (SH 6945ms, ATP 783ms): Try this: by (smt (cvc5, trigger_relev) j_p'(2)) (22 ms)
0.sledgehammer goal.by         7402ms Ordered_Resolution_Prover.FO_Ordered_Resolution_Prover 1292:51143  some (SH 6247ms, ATP 718ms): Try this: by (smt (cvc5, fmf)) (29 ms)
0.sledgehammer goal.using     83267ms Ordered_Resolution_Prover.FO_Ordered_Resolution_Prover 1294:51199  some (SH 81722ms, ATP 1930ms): Try this: by (smt (cvc5, fmf) One_nat_def Suc_pred bot_nat_0.not_eq_extremum chain_lnth_rel deriv is_least_def j_p jn0) (338 ms)
0.sledgehammer goal.by        24775ms Ordered_Resolution_Prover.FO_Ordered_Resolution_Prover 1294:51254  some (SH 24773ms, ATP 1916ms): Try this: by (smt (cvc5, noematch) One_nat_def Suc_pred gr_zeroI) (540 ms)
0.sledgehammer goal.using     85526ms Ordered_Resolution_Prover.FO_Ordered_Resolution_Prover 1302:51532  some (SH 85524ms, ATP 4848ms): Try this: by (smt (cvc5) N_of_state.simps P_of_state.simps Q_of_state.simps RP.cases Un_insert_right insert_absorb j_adds_CAs'(1) j_p'(2) subset_Un_eq subset_insert sup_bot.right_neutral)
0.sledgehammer goal.by        91555ms Ordered_Resolution_Prover.FO_Ordered_Resolution_Prover 1302:51550  some (SH 91553ms, ATP 3234ms): Try this: by (smt (cvc5) N_of_state.simps P_of_state.simps Q_of_state.simps RP.cases Un_insert_right insert_absorb subset_Un_eq subset_insert sup_bot.right_neutral)
0.sledgehammer goal.proof     38314ms Ordered_Resolution_Prover.FO_Ordered_Resolution_Prover 1304:51611  timeout (SH 38311ms): Timed out
0.sledgehammer goal.unfolding 38166ms Ordered_Resolution_Prover.FO_Ordered_Resolution_Prover 1306:51729  timeout (SH 38164ms): Timed out
0.sledgehammer goal.apply     38923ms Ordered_Resolution_Prover.FO_Ordered_Resolution_Prover 1307:51815  timeout (SH 38921ms): Timed out
0.sledgehammer goal.by         6905ms Ordered_Resolution_Prover.FO_Ordered_Resolution_Prover 1308:51892  some (SH 6902ms, ATP 922ms): Try this: by (smt (cvc5, trigger_last) inference.sel(3)) (95 ms)
0.sledgehammer goal.unfolding 145759ms Ordered_Resolution_Prover.FO_Ordered_Resolution_Prover 1310:51926  some (SH 144840ms, ATP 480ms): Try this: by (smt (cvc5, noematch) C'_p(3,5) inference.sel(1,2) j_p'(2) mem_Collect_eq s_p(4) set_mset_add_mset_insert set_mset_empty set_mset_mset set_mset_union) (433 ms)
0.sledgehammer goal.by        168911ms Ordered_Resolution_Prover.FO_Ordered_Resolution_Prover 1311:51961  some (SH 168908ms, ATP 543ms): Try this: by (smt (cvc5, quant_saturate) C'_p(3,5) inference.sel(1,2) j_p'(2) mem_Collect_eq s_p(4) set_mset_add_mset_insert set_mset_empty set_mset_mset set_mset_union) (655 ms)
0.sledgehammer goal.using     10220ms Ordered_Resolution_Prover.FO_Ordered_Resolution_Prover 1314:52092  some (SH 10218ms, ATP 1152ms): Try this: by (smt (cvc5, quant_saturate) C'_p(4)) (127 ms)
0.sledgehammer goal.by         7640ms Ordered_Resolution_Prover.FO_Ordered_Resolution_Prover 1314:52106  some (SH 6914ms, ATP 1049ms): Try this: by (smt (cvc5, quant_saturate)) (149 ms)
0.sledgehammer goal.using     11990ms Ordered_Resolution_Prover.FO_Ordered_Resolution_Prover 1317:52176  some (SH 10529ms, ATP 1619ms): Try this: by (smt (cvc5, best) UnI1) (147 ms)
0.sledgehammer goal.by         8999ms Ordered_Resolution_Prover.FO_Ordered_Resolution_Prover 1317:52187  some (SH 8998ms, ATP 1450ms): Try this: by (smt (cvc5, term_relev) UnI1) (160 ms)
0.sledgehammer goal.using     39473ms Ordered_Resolution_Prover.FO_Ordered_Resolution_Prover 1319:52254  timeout (SH 39471ms): Timed out
0.sledgehammer goal.unfolding 37759ms Ordered_Resolution_Prover.FO_Ordered_Resolution_Prover 1319:52274  timeout (SH 37756ms): Timed out
0.sledgehammer goal.by        43327ms Ordered_Resolution_Prover.FO_Ordered_Resolution_Prover 1319:52327  some (SH 43325ms, ATP 653ms): Try this: by (smt (cvc5, trigger_last) UN_iff mem_Collect_eq) (407 ms)
0.sledgehammer goal.using     32779ms Ordered_Resolution_Prover.FO_Ordered_Resolution_Prover 1321:52402  some (SH 32777ms, ATP 1185ms): Try this: by (smt (cvc5, trigger_relev) UnCI \<gamma>_p sr.Ri_effective) (134 ms)
0.sledgehammer goal.by        14815ms Ordered_Resolution_Prover.FO_Ordered_Resolution_Prover 1321:52428  some (SH 14813ms, ATP 1231ms): Try this: by (smt (cvc5, term_relev) Un_iff) (175 ms)
0.sledgehammer goal.unfolding 24891ms Ordered_Resolution_Prover.FO_Ordered_Resolution_Prover 1323:52479  some (SH 24888ms, ATP 1553ms): Try this: by (smt (cvc5, noematch) Un_iff sr_ext_Ri_def) (56 ms)
0.sledgehammer goal.by         7924ms Ordered_Resolution_Prover.FO_Ordered_Resolution_Prover 1323:52503  some (SH 7923ms, ATP 914ms): Try this: by (smt (cvc5, trigger_relev) UnCI) (157 ms)
0.sledgehammer goal.using     42231ms Ordered_Resolution_Prover.FO_Ordered_Resolution_Prover 1325:52589  timeout (SH 41617ms): Timed out
0.sledgehammer goal.by        39661ms Ordered_Resolution_Prover.FO_Ordered_Resolution_Prover 1325:52675  some (SH 39659ms, ATP 1246ms): Try this: by (smt (cvc5, trigger_last)) (285 ms)
0.sledgehammer goal.using     18079ms Ordered_Resolution_Prover.FO_Ordered_Resolution_Prover 1327:52773  some (SH 18077ms, ATP 1225ms): Try this: by (smt (cvc5, best) deriv ground_derive_chain sr_ext.Ri_limit_Sup) (194 ms)
0.sledgehammer goal.by         9201ms Ordered_Resolution_Prover.FO_Ordered_Resolution_Prover 1327:52817  some (SH 9199ms, ATP 1193ms): Try this: by (smt (cvc5, quant_saturate)) (337 ms)
0.sledgehammer goal.unfolding 178833ms Ordered_Resolution_Prover.FO_Ordered_Resolution_Prover 1330:52915  timeout (SH 178258ms):
0.sledgehammer goal.by        142300ms Ordered_Resolution_Prover.FO_Ordered_Resolution_Prover 1331:53011  some (SH 142297ms, ATP 5155ms): Try this: by (smt (cvc5, noematch) DiffI UnCI mem_Collect_eq set_mset_add_mset_insert set_mset_empty set_mset_union subsetI) (416 ms)
0.sledgehammer goal.using     184595ms Ordered_Resolution_Prover.FO_Ordered_Resolution_Prover 1333:53043  timeout (SH 184592ms):
0.sledgehammer goal.unfolding 73885ms Ordered_Resolution_Prover.FO_Ordered_Resolution_Prover 1335:53181  some (SH 73882ms, ATP 376ms): Try this: by (smt (cvc5, best) redundancy_criterion.saturated_upto_def redundancy_criterion_standard_extension redundancy_criterion_standard_extension_saturated_upto_iff sr_ext.saturated_upto_def sr_ext_Ri_def) (454 ms)
0.sledgehammer goal.by        120378ms Ordered_Resolution_Prover.FO_Ordered_Resolution_Prover 1335:53205  some (SH 120375ms, ATP 1212ms): Try this: by (smt (cvc5, best) Diff_iff Un_iff \<open>\<And>\<gamma>. \<lbrakk>\<gamma> \<in> gr.ord_\<Gamma>; set_mset (side_prems_of \<gamma>) \<union> {main_prem_of \<gamma>} \<subseteq> Liminf_llist (lmap (\<lambda>St. grounding_of_clss (N_of_state St \<union> P_of_state St \<union> Q_of_state St)) Sts) - sr.Rf (Liminf_llist (lmap (\<lambda>St. grounding_of_clss (N_of_state St \<union> P_of_state St \<union> Q_of_state St)) Sts))\<rbrakk> \<Longrightarrow> \<gamma> \<in> sr_ext_Ri (Liminf_llist (lmap (\<lambda>St. grounding_of_clss (N_of_state St \<union> P_of_state St \<union> Q_of_state St)) Sts))\<close> gr.inferences_from_def infer_from_def mem_Collect_eq set_mset_add_mset_insert set_mset_empty set_mset_union sr.saturated_upto_def sr_ext_Ri_def subsetI) (622 ms)
0.sledgehammer goal.proof     57494ms Ordered_Resolution_Prover.FO_Ordered_Resolution_Prover 1345:53475  some (SH 57491ms, ATP 3055ms): Try this: by (smt (cvc5, trigger_last) RP_saturated_if_fair assms(4) chain_not_lnull deriv empty_Q0 empty_clause_in_Q_of_Liminf_state fair ground_derive_chain llist.map_sel(1) sr.saturated_upto_complete_if sr_ext.sat_limit_iff) (760 ms)
0.sledgehammer goal.using     50401ms Ordered_Resolution_Prover.FO_Ordered_Resolution_Prover 1347:53555  some (SH 50399ms, ATP 2405ms): Try this: by (smt (cvc5, quant_saturate) chain_not_lnull deriv ground_derive_chain llist.map_sel(1) sr_ext.sat_limit_iff unsat) (388 ms)
0.sledgehammer goal.by        14216ms Ordered_Resolution_Prover.FO_Ordered_Resolution_Prover 1347:53634  some (SH 14214ms, ATP 2822ms): Try this: by (smt (cvc5, trigger_last) llist.map_sel(1)) (1.2 s)
0.sledgehammer goal.by        18193ms Ordered_Resolution_Prover.FO_Ordered_Resolution_Prover 1349:53732  some (SH 18191ms, ATP 931ms): Try this: by (smt (cvc5, trigger_last) RP_saturated_if_fair deriv empty_Q0 fair) (58 ms)
0.sledgehammer goal.using     13105ms Ordered_Resolution_Prover.FO_Ordered_Resolution_Prover 1351:53872  some (SH 13104ms, ATP 1323ms): Try this: by (smt (cvc5, trigger_relev) sr.saturated_upto_complete_if) (155 ms)
0.sledgehammer goal.by         8178ms Ordered_Resolution_Prover.FO_Ordered_Resolution_Prover 1351:53908  some (SH 8176ms, ATP 1519ms): Try this: by (smt (cvc5, trigger_max)) (354 ms)
0.sledgehammer goal.using     11938ms Ordered_Resolution_Prover.FO_Ordered_Resolution_Prover 1353:53940  some (SH 11697ms, ATP 1046ms): Try this: by (smt (cvc5, quant_saturate) deriv empty_clause_in_Q_of_Liminf_state fair) (56 ms)
0.sledgehammer goal.by         8587ms Ordered_Resolution_Prover.FO_Ordered_Resolution_Prover 1353:53995  some (SH 8585ms, ATP 1061ms): Try this: by (smt (cvc5, trigger_relev)) (53 ms)
0.sledgehammer finalize   Total number of sledgehammer calls: 3162
0.sledgehammer finalize   Number of successful sledgehammer calls: 2435
0.sledgehammer finalize   Number of sledgehammer lemmas: 11180
0.sledgehammer finalize   Max number of sledgehammer lemmas: 26
0.sledgehammer finalize   Success rate: 77.0%
0.sledgehammer finalize   Total number of nontrivial sledgehammer calls: 3162
0.sledgehammer finalize   Number of successful nontrivial sledgehammer calls: 2435
0.sledgehammer finalize   Total time for sledgehammer calls (Isabelle): 116607.652
0.sledgehammer finalize   Total time for successful sledgehammer calls (ATP): 4105.227
0.sledgehammer finalize   Average time for sledgehammer calls (Isabelle): 36.878
0.sledgehammer finalize   Average time for successful sledgehammer calls (ATP): 1.686
