data/Apr20/RP/FO_Ordered_Resolution_Prover/mirabelle.log:0.sledgehammer goal.by        31836ms Ordered_Resolution_Prover.FO_Ordered_Resolution_Prover 90:3444  timeout (SH 31836ms): Timed out
data/Apr20/RP/FO_Ordered_Resolution_Prover/mirabelle.log:0.sledgehammer goal.using     39016ms Ordered_Resolution_Prover.FO_Ordered_Resolution_Prover 111:4293  timeout (SH 39016ms): Timed out
data/Apr20/RP/FO_Ordered_Resolution_Prover/mirabelle.log:0.sledgehammer goal.using     34566ms Ordered_Resolution_Prover.FO_Ordered_Resolution_Prover 182:6664  timeout (SH 34566ms): Timed out
data/Apr20/RP/FO_Ordered_Resolution_Prover/mirabelle.log:0.sledgehammer goal.unfolding 30962ms Ordered_Resolution_Prover.FO_Ordered_Resolution_Prover 190:6999  timeout (SH 30962ms): Timed out
data/Apr20/RP/FO_Ordered_Resolution_Prover/mirabelle.log:0.sledgehammer goal.proof     32455ms Ordered_Resolution_Prover.FO_Ordered_Resolution_Prover 199:7365  timeout (SH 32455ms): Timed out
data/Apr20/RP/FO_Ordered_Resolution_Prover/mirabelle.log:0.sledgehammer goal.using     35390ms Ordered_Resolution_Prover.FO_Ordered_Resolution_Prover 203:7481  timeout (SH 35390ms): Timed out
data/Apr20/RP/FO_Ordered_Resolution_Prover/mirabelle.log:0.sledgehammer goal.by        34622ms Ordered_Resolution_Prover.FO_Ordered_Resolution_Prover 203:7491  timeout (SH 34622ms): Timed out
data/Apr20/RP/FO_Ordered_Resolution_Prover/mirabelle.log:0.sledgehammer goal.using     31741ms Ordered_Resolution_Prover.FO_Ordered_Resolution_Prover 220:8031  timeout (SH 31741ms): Timed out
data/Apr20/RP/FO_Ordered_Resolution_Prover/mirabelle.log:0.sledgehammer goal.proof     35401ms Ordered_Resolution_Prover.FO_Ordered_Resolution_Prover 234:8486  timeout (SH 35401ms): Timed out
data/Apr20/RP/FO_Ordered_Resolution_Prover/mirabelle.log:0.sledgehammer goal.proof     34687ms Ordered_Resolution_Prover.FO_Ordered_Resolution_Prover 251:9058  timeout (SH 34687ms): Timed out
data/Apr20/RP/FO_Ordered_Resolution_Prover/mirabelle.log:0.sledgehammer goal.proof     30658ms Ordered_Resolution_Prover.FO_Ordered_Resolution_Prover 258:9266  timeout (SH 30658ms): Timed out
data/Apr20/RP/FO_Ordered_Resolution_Prover/mirabelle.log:0.sledgehammer goal.proof     35509ms Ordered_Resolution_Prover.FO_Ordered_Resolution_Prover 283:10156  timeout (SH 35509ms): Timed out
data/Apr20/RP/FO_Ordered_Resolution_Prover/mirabelle.log:0.sledgehammer goal.by        35294ms Ordered_Resolution_Prover.FO_Ordered_Resolution_Prover 300:10908  timeout (SH 35294ms): Timed out
data/Apr20/RP/FO_Ordered_Resolution_Prover/mirabelle.log:0.sledgehammer goal.unfolding 34552ms Ordered_Resolution_Prover.FO_Ordered_Resolution_Prover 309:11492  timeout (SH 34552ms): Timed out
data/Apr20/RP/FO_Ordered_Resolution_Prover/mirabelle.log:0.sledgehammer goal.unfolding 34914ms Ordered_Resolution_Prover.FO_Ordered_Resolution_Prover 309:11529  timeout (SH 34914ms): Timed out
data/Apr20/RP/FO_Ordered_Resolution_Prover/mirabelle.log:0.sledgehammer goal.by        34403ms Ordered_Resolution_Prover.FO_Ordered_Resolution_Prover 309:11579  timeout (SH 34403ms): Timed out
data/Apr20/RP/FO_Ordered_Resolution_Prover/mirabelle.log:0.sledgehammer goal.proof     34829ms Ordered_Resolution_Prover.FO_Ordered_Resolution_Prover 322:12050  timeout (SH 34829ms): Timed out
data/Apr20/RP/FO_Ordered_Resolution_Prover/mirabelle.log:0.sledgehammer goal.proof     32575ms Ordered_Resolution_Prover.FO_Ordered_Resolution_Prover 346:13092  timeout (SH 32575ms): Timed out
data/Apr20/RP/FO_Ordered_Resolution_Prover/mirabelle.log:0.sledgehammer goal.unfolding 155516ms Ordered_Resolution_Prover.FO_Ordered_Resolution_Prover 361:13684  timeout (SH 155516ms):
data/Apr20/RP/FO_Ordered_Resolution_Prover/mirabelle.log:0.sledgehammer goal.using     155353ms Ordered_Resolution_Prover.FO_Ordered_Resolution_Prover 386:14717  timeout (SH 155353ms):
data/Apr20/RP/FO_Ordered_Resolution_Prover/mirabelle.log:0.sledgehammer goal.proof     35394ms Ordered_Resolution_Prover.FO_Ordered_Resolution_Prover 427:16474  timeout (SH 35394ms): Timed out
data/Apr20/RP/FO_Ordered_Resolution_Prover/mirabelle.log:0.sledgehammer goal.unfolding 34961ms Ordered_Resolution_Prover.FO_Ordered_Resolution_Prover 429:16517  timeout (SH 34961ms): Timed out
data/Apr20/RP/FO_Ordered_Resolution_Prover/mirabelle.log:0.sledgehammer goal.using     34974ms Ordered_Resolution_Prover.FO_Ordered_Resolution_Prover 429:16540  timeout (SH 34974ms): Timed out
data/Apr20/RP/FO_Ordered_Resolution_Prover/mirabelle.log:0.sledgehammer goal.proof     38605ms Ordered_Resolution_Prover.FO_Ordered_Resolution_Prover 442:17324  timeout (SH 38605ms): Timed out
data/Apr20/RP/FO_Ordered_Resolution_Prover/mirabelle.log:0.sledgehammer goal.using     36131ms Ordered_Resolution_Prover.FO_Ordered_Resolution_Prover 455:17994  timeout (SH 36131ms): Timed out
data/Apr20/RP/FO_Ordered_Resolution_Prover/mirabelle.log:0.sledgehammer goal.unfolding 35020ms Ordered_Resolution_Prover.FO_Ordered_Resolution_Prover 456:18025  timeout (SH 35020ms): Timed out
data/Apr20/RP/FO_Ordered_Resolution_Prover/mirabelle.log:0.sledgehammer goal.apply     35758ms Ordered_Resolution_Prover.FO_Ordered_Resolution_Prover 457:18116  timeout (SH 35758ms): Timed out
data/Apr20/RP/FO_Ordered_Resolution_Prover/mirabelle.log:0.sledgehammer goal.apply     35844ms Ordered_Resolution_Prover.FO_Ordered_Resolution_Prover 458:18134  timeout (SH 35844ms): Timed out
data/Apr20/RP/FO_Ordered_Resolution_Prover/mirabelle.log:0.sledgehammer goal.apply     36601ms Ordered_Resolution_Prover.FO_Ordered_Resolution_Prover 465:18409  timeout (SH 36601ms): Timed out
data/Apr20/RP/FO_Ordered_Resolution_Prover/mirabelle.log:0.sledgehammer goal.apply     35312ms Ordered_Resolution_Prover.FO_Ordered_Resolution_Prover 466:18441  timeout (SH 35312ms): Timed out
data/Apr20/RP/FO_Ordered_Resolution_Prover/mirabelle.log:0.sledgehammer goal.unfolding 34890ms Ordered_Resolution_Prover.FO_Ordered_Resolution_Prover 491:19681  timeout (SH 34890ms): Timed out
data/Apr20/RP/FO_Ordered_Resolution_Prover/mirabelle.log:0.sledgehammer goal.proof     34729ms Ordered_Resolution_Prover.FO_Ordered_Resolution_Prover 512:20649  timeout (SH 34729ms): Timed out
data/Apr20/RP/FO_Ordered_Resolution_Prover/mirabelle.log:0.sledgehammer goal.proof     35677ms Ordered_Resolution_Prover.FO_Ordered_Resolution_Prover 522:20977  timeout (SH 35676ms): Timed out
data/Apr20/RP/FO_Ordered_Resolution_Prover/mirabelle.log:0.sledgehammer goal.unfolding 34818ms Ordered_Resolution_Prover.FO_Ordered_Resolution_Prover 525:21046  timeout (SH 34818ms): Timed out
data/Apr20/RP/FO_Ordered_Resolution_Prover/mirabelle.log:0.sledgehammer goal.by        34871ms Ordered_Resolution_Prover.FO_Ordered_Resolution_Prover 527:21158  timeout (SH 34871ms): Timed out
data/Apr20/RP/FO_Ordered_Resolution_Prover/mirabelle.log:0.sledgehammer goal.proof     30132ms Ordered_Resolution_Prover.FO_Ordered_Resolution_Prover 560:22162  timeout (SH 30132ms): Timed out
data/Apr20/RP/FO_Ordered_Resolution_Prover/mirabelle.log:0.sledgehammer goal.unfolding 34504ms Ordered_Resolution_Prover.FO_Ordered_Resolution_Prover 565:22352  timeout (SH 34504ms): Timed out
data/Apr20/RP/FO_Ordered_Resolution_Prover/mirabelle.log:0.sledgehammer goal.by        34717ms Ordered_Resolution_Prover.FO_Ordered_Resolution_Prover 565:22405  timeout (SH 34716ms): Timed out
data/Apr20/RP/FO_Ordered_Resolution_Prover/mirabelle.log:0.sledgehammer goal.proof     31010ms Ordered_Resolution_Prover.FO_Ordered_Resolution_Prover 577:22822  timeout (SH 31010ms): Timed out
data/Apr20/RP/FO_Ordered_Resolution_Prover/mirabelle.log:0.sledgehammer goal.using     31674ms Ordered_Resolution_Prover.FO_Ordered_Resolution_Prover 585:23242  timeout (SH 31674ms): Timed out
data/Apr20/RP/FO_Ordered_Resolution_Prover/mirabelle.log:0.sledgehammer goal.unfolding 31043ms Ordered_Resolution_Prover.FO_Ordered_Resolution_Prover 585:23252  timeout (SH 31043ms): Timed out
data/Apr20/RP/FO_Ordered_Resolution_Prover/mirabelle.log:0.sledgehammer goal.proof     34704ms Ordered_Resolution_Prover.FO_Ordered_Resolution_Prover 604:23979  timeout (SH 34704ms): Timed out
data/Apr20/RP/FO_Ordered_Resolution_Prover/mirabelle.log:0.sledgehammer goal.using     34599ms Ordered_Resolution_Prover.FO_Ordered_Resolution_Prover 607:24101  timeout (SH 34599ms): Timed out
data/Apr20/RP/FO_Ordered_Resolution_Prover/mirabelle.log:0.sledgehammer goal.by        34541ms Ordered_Resolution_Prover.FO_Ordered_Resolution_Prover 607:24112  timeout (SH 34541ms): Timed out
data/Apr20/RP/FO_Ordered_Resolution_Prover/mirabelle.log:0.sledgehammer goal.proof     35627ms Ordered_Resolution_Prover.FO_Ordered_Resolution_Prover 621:24655  timeout (SH 35627ms): Timed out
data/Apr20/RP/FO_Ordered_Resolution_Prover/mirabelle.log:0.sledgehammer goal.using     34740ms Ordered_Resolution_Prover.FO_Ordered_Resolution_Prover 624:24777  timeout (SH 34740ms): Timed out
data/Apr20/RP/FO_Ordered_Resolution_Prover/mirabelle.log:0.sledgehammer goal.by        34074ms Ordered_Resolution_Prover.FO_Ordered_Resolution_Prover 624:24788  timeout (SH 34074ms): Timed out
data/Apr20/RP/FO_Ordered_Resolution_Prover/mirabelle.log:0.sledgehammer goal.proof     32382ms Ordered_Resolution_Prover.FO_Ordered_Resolution_Prover 638:25366  timeout (SH 32382ms): Timed out
data/Apr20/RP/FO_Ordered_Resolution_Prover/mirabelle.log:0.sledgehammer goal.proof     37692ms Ordered_Resolution_Prover.FO_Ordered_Resolution_Prover 649:25671  timeout (SH 37692ms): Timed out
data/Apr20/RP/FO_Ordered_Resolution_Prover/mirabelle.log:0.sledgehammer goal.proof     34993ms Ordered_Resolution_Prover.FO_Ordered_Resolution_Prover 689:27131  timeout (SH 34993ms): Timed out
data/Apr20/RP/FO_Ordered_Resolution_Prover/mirabelle.log:0.sledgehammer goal.proof     34948ms Ordered_Resolution_Prover.FO_Ordered_Resolution_Prover 708:27750  timeout (SH 34948ms): Timed out
data/Apr20/RP/FO_Ordered_Resolution_Prover/mirabelle.log:0.sledgehammer goal.proof     35878ms Ordered_Resolution_Prover.FO_Ordered_Resolution_Prover 718:28057  timeout (SH 35878ms): Timed out
data/Apr20/RP/FO_Ordered_Resolution_Prover/mirabelle.log:0.sledgehammer goal.proof     35169ms Ordered_Resolution_Prover.FO_Ordered_Resolution_Prover 757:29841  timeout (SH 35169ms): Timed out
data/Apr20/RP/FO_Ordered_Resolution_Prover/mirabelle.log:0.sledgehammer goal.using     34593ms Ordered_Resolution_Prover.FO_Ordered_Resolution_Prover 759:29894  timeout (SH 34593ms): Timed out
data/Apr20/RP/FO_Ordered_Resolution_Prover/mirabelle.log:0.sledgehammer goal.apply     34570ms Ordered_Resolution_Prover.FO_Ordered_Resolution_Prover 760:29915  timeout (SH 34570ms): Timed out
data/Apr20/RP/FO_Ordered_Resolution_Prover/mirabelle.log:0.sledgehammer goal.proof     35297ms Ordered_Resolution_Prover.FO_Ordered_Resolution_Prover 791:31186  timeout (SH 35297ms): Timed out
data/Apr20/RP/FO_Ordered_Resolution_Prover/mirabelle.log:0.sledgehammer goal.using     31448ms Ordered_Resolution_Prover.FO_Ordered_Resolution_Prover 803:31555  timeout (SH 31448ms): Timed out
data/Apr20/RP/FO_Ordered_Resolution_Prover/mirabelle.log:0.sledgehammer goal.proof     34210ms Ordered_Resolution_Prover.FO_Ordered_Resolution_Prover 817:32082  timeout (SH 34209ms): Timed out
data/Apr20/RP/FO_Ordered_Resolution_Prover/mirabelle.log:0.sledgehammer goal.proof     35663ms Ordered_Resolution_Prover.FO_Ordered_Resolution_Prover 873:34567  timeout (SH 35663ms): Timed out
data/Apr20/RP/FO_Ordered_Resolution_Prover/mirabelle.log:0.sledgehammer goal.using     32491ms Ordered_Resolution_Prover.FO_Ordered_Resolution_Prover 885:34936  timeout (SH 32491ms): Timed out
data/Apr20/RP/FO_Ordered_Resolution_Prover/mirabelle.log:0.sledgehammer goal.proof     35869ms Ordered_Resolution_Prover.FO_Ordered_Resolution_Prover 905:35690  timeout (SH 35869ms): Timed out
data/Apr20/RP/FO_Ordered_Resolution_Prover/mirabelle.log:0.sledgehammer goal.proof     32204ms Ordered_Resolution_Prover.FO_Ordered_Resolution_Prover 985:39043  timeout (SH 32204ms): Timed out
data/Apr20/RP/FO_Ordered_Resolution_Prover/mirabelle.log:0.sledgehammer goal.using     33068ms Ordered_Resolution_Prover.FO_Ordered_Resolution_Prover 999:39517  timeout (SH 33068ms): Timed out
data/Apr20/RP/FO_Ordered_Resolution_Prover/mirabelle.log:0.sledgehammer goal.using     32159ms Ordered_Resolution_Prover.FO_Ordered_Resolution_Prover 1013:39956  timeout (SH 32159ms): Timed out
data/Apr20/RP/FO_Ordered_Resolution_Prover/mirabelle.log:0.sledgehammer goal.proof     35704ms Ordered_Resolution_Prover.FO_Ordered_Resolution_Prover 1056:41339  timeout (SH 35704ms): Timed out
data/Apr20/RP/FO_Ordered_Resolution_Prover/mirabelle.log:0.sledgehammer goal.using     34491ms Ordered_Resolution_Prover.FO_Ordered_Resolution_Prover 1075:42131  timeout (SH 34491ms): Timed out
data/Apr20/RP/FO_Ordered_Resolution_Prover/mirabelle.log:0.sledgehammer goal.proof     32331ms Ordered_Resolution_Prover.FO_Ordered_Resolution_Prover 1105:43276  timeout (SH 32331ms): Timed out
data/Apr20/RP/FO_Ordered_Resolution_Prover/mirabelle.log:0.sledgehammer goal.unfolding 35090ms Ordered_Resolution_Prover.FO_Ordered_Resolution_Prover 1108:43415  timeout (SH 35090ms): Timed out
data/Apr20/RP/FO_Ordered_Resolution_Prover/mirabelle.log:0.sledgehammer goal.by        37146ms Ordered_Resolution_Prover.FO_Ordered_Resolution_Prover 1108:43459  timeout (SH 37146ms): Timed out
data/Apr20/RP/FO_Ordered_Resolution_Prover/mirabelle.log:0.sledgehammer goal.by        35914ms Ordered_Resolution_Prover.FO_Ordered_Resolution_Prover 1111:43602  timeout (SH 35914ms): Timed out
data/Apr20/RP/FO_Ordered_Resolution_Prover/mirabelle.log:0.sledgehammer goal.unfolding 30774ms Ordered_Resolution_Prover.FO_Ordered_Resolution_Prover 1117:43694  timeout (SH 30774ms): Timed out
data/Apr20/RP/FO_Ordered_Resolution_Prover/mirabelle.log:0.sledgehammer goal.proof     35777ms Ordered_Resolution_Prover.FO_Ordered_Resolution_Prover 1120:43906  timeout (SH 35777ms): Timed out
data/Apr20/RP/FO_Ordered_Resolution_Prover/mirabelle.log:0.sledgehammer goal.proof     35386ms Ordered_Resolution_Prover.FO_Ordered_Resolution_Prover 1151:45070  timeout (SH 35385ms): Timed out
data/Apr20/RP/FO_Ordered_Resolution_Prover/mirabelle.log:0.sledgehammer goal.unfolding 32509ms Ordered_Resolution_Prover.FO_Ordered_Resolution_Prover 1163:45727  timeout (SH 32509ms): Timed out
data/Apr20/RP/FO_Ordered_Resolution_Prover/mirabelle.log:0.sledgehammer goal.using     35894ms Ordered_Resolution_Prover.FO_Ordered_Resolution_Prover 1164:45801  timeout (SH 35894ms): Timed out
data/Apr20/RP/FO_Ordered_Resolution_Prover/mirabelle.log:0.sledgehammer goal.apply     35220ms Ordered_Resolution_Prover.FO_Ordered_Resolution_Prover 1165:45817  timeout (SH 35220ms): Timed out
data/Apr20/RP/FO_Ordered_Resolution_Prover/mirabelle.log:0.sledgehammer goal.apply     35454ms Ordered_Resolution_Prover.FO_Ordered_Resolution_Prover 1166:45829  timeout (SH 35454ms): Timed out
data/Apr20/RP/FO_Ordered_Resolution_Prover/mirabelle.log:0.sledgehammer goal.apply     35902ms Ordered_Resolution_Prover.FO_Ordered_Resolution_Prover 1168:45867  timeout (SH 35902ms): Timed out
data/Apr20/RP/FO_Ordered_Resolution_Prover/mirabelle.log:0.sledgehammer goal.using     35388ms Ordered_Resolution_Prover.FO_Ordered_Resolution_Prover 1169:45893  timeout (SH 35388ms): Timed out
data/Apr20/RP/FO_Ordered_Resolution_Prover/mirabelle.log:0.sledgehammer goal.by        36033ms Ordered_Resolution_Prover.FO_Ordered_Resolution_Prover 1169:45905  timeout (SH 36033ms): Timed out
data/Apr20/RP/FO_Ordered_Resolution_Prover/mirabelle.log:0.sledgehammer goal.apply     35825ms Ordered_Resolution_Prover.FO_Ordered_Resolution_Prover 1171:45931  timeout (SH 35825ms): Timed out
data/Apr20/RP/FO_Ordered_Resolution_Prover/mirabelle.log:0.sledgehammer goal.apply     35050ms Ordered_Resolution_Prover.FO_Ordered_Resolution_Prover 1173:45973  timeout (SH 35050ms): Timed out
data/Apr20/RP/FO_Ordered_Resolution_Prover/mirabelle.log:0.sledgehammer goal.apply     35969ms Ordered_Resolution_Prover.FO_Ordered_Resolution_Prover 1174:46001  timeout (SH 35969ms): Timed out
data/Apr20/RP/FO_Ordered_Resolution_Prover/mirabelle.log:0.sledgehammer goal.using     36194ms Ordered_Resolution_Prover.FO_Ordered_Resolution_Prover 1175:46029  timeout (SH 36194ms): Timed out
data/Apr20/RP/FO_Ordered_Resolution_Prover/mirabelle.log:0.sledgehammer goal.by        35971ms Ordered_Resolution_Prover.FO_Ordered_Resolution_Prover 1175:46041  timeout (SH 35971ms): Timed out
data/Apr20/RP/FO_Ordered_Resolution_Prover/mirabelle.log:0.sledgehammer goal.apply     36617ms Ordered_Resolution_Prover.FO_Ordered_Resolution_Prover 1177:46071  timeout (SH 36617ms): Timed out
data/Apr20/RP/FO_Ordered_Resolution_Prover/mirabelle.log:0.sledgehammer goal.apply     35225ms Ordered_Resolution_Prover.FO_Ordered_Resolution_Prover 1178:46099  timeout (SH 35225ms): Timed out
data/Apr20/RP/FO_Ordered_Resolution_Prover/mirabelle.log:0.sledgehammer goal.using     37171ms Ordered_Resolution_Prover.FO_Ordered_Resolution_Prover 1179:46127  timeout (SH 37171ms): Timed out
data/Apr20/RP/FO_Ordered_Resolution_Prover/mirabelle.log:0.sledgehammer goal.by        36349ms Ordered_Resolution_Prover.FO_Ordered_Resolution_Prover 1179:46139  timeout (SH 36349ms): Timed out
data/Apr20/RP/FO_Ordered_Resolution_Prover/mirabelle.log:0.sledgehammer goal.unfolding 36544ms Ordered_Resolution_Prover.FO_Ordered_Resolution_Prover 1183:46232  timeout (SH 36544ms): Timed out
data/Apr20/RP/FO_Ordered_Resolution_Prover/mirabelle.log:0.sledgehammer goal.by        36470ms Ordered_Resolution_Prover.FO_Ordered_Resolution_Prover 1183:46281  timeout (SH 36470ms): Timed out
data/Apr20/RP/FO_Ordered_Resolution_Prover/mirabelle.log:0.sledgehammer goal.proof     35606ms Ordered_Resolution_Prover.FO_Ordered_Resolution_Prover 1191:46453  timeout (SH 35606ms): Timed out
data/Apr20/RP/FO_Ordered_Resolution_Prover/mirabelle.log:0.sledgehammer goal.proof     35209ms Ordered_Resolution_Prover.FO_Ordered_Resolution_Prover 1210:47243  timeout (SH 35209ms): Timed out
data/Apr20/RP/FO_Ordered_Resolution_Prover/mirabelle.log:0.sledgehammer goal.using     30727ms Ordered_Resolution_Prover.FO_Ordered_Resolution_Prover 1286:50458  timeout (SH 30727ms): Timed out
data/Apr20/RP/FO_Ordered_Resolution_Prover/mirabelle.log:0.sledgehammer goal.unfolding 165456ms Ordered_Resolution_Prover.FO_Ordered_Resolution_Prover 1289:50692  timeout (SH 165456ms):
data/Apr20/RP/FO_Ordered_Resolution_Prover/mirabelle.log:0.sledgehammer goal.proof     35700ms Ordered_Resolution_Prover.FO_Ordered_Resolution_Prover 1304:51354  timeout (SH 35700ms): Timed out
data/Apr20/RP/FO_Ordered_Resolution_Prover/mirabelle.log:0.sledgehammer goal.unfolding 35768ms Ordered_Resolution_Prover.FO_Ordered_Resolution_Prover 1306:51472  timeout (SH 35767ms): Timed out
data/Apr20/RP/FO_Ordered_Resolution_Prover/mirabelle.log:0.sledgehammer goal.apply     34863ms Ordered_Resolution_Prover.FO_Ordered_Resolution_Prover 1307:51558  timeout (SH 34863ms): Timed out
data/Apr20/RP/FO_Ordered_Resolution_Prover/mirabelle.log:0.sledgehammer goal.using     35331ms Ordered_Resolution_Prover.FO_Ordered_Resolution_Prover 1319:51997  timeout (SH 35331ms): Timed out
data/Apr20/RP/FO_Ordered_Resolution_Prover/mirabelle.log:0.sledgehammer goal.using     36696ms Ordered_Resolution_Prover.FO_Ordered_Resolution_Prover 1325:52332  timeout (SH 36696ms): Timed out
data/Apr20/RP/FO_Ordered_Resolution_Prover/mirabelle.log:0.sledgehammer goal.unfolding 35072ms Ordered_Resolution_Prover.FO_Ordered_Resolution_Prover 1330:52647  timeout (SH 35072ms): Timed out
data/Apr20/RP/FO_Ordered_Resolution_Prover/mirabelle.log:0.sledgehammer goal.proof     34907ms Ordered_Resolution_Prover.FO_Ordered_Resolution_Prover 1345:53207  timeout (SH 34907ms): Timed out
data/Apr20/RP/Ground_Resolution_Model/mirabelle.log:0.sledgehammer goal.unfolding 33478ms Ordered_Resolution_Prover.Ground_Resolution_Model 74:2601  timeout (SH 33478ms): Timed out
data/Apr20/RP/Ground_Resolution_Model/mirabelle.log:0.sledgehammer goal.by        32762ms Ordered_Resolution_Prover.Ground_Resolution_Model 74:2654  timeout (SH 32762ms): Timed out
data/Apr20/RP/Ground_Resolution_Model/mirabelle.log:0.sledgehammer goal.using     33122ms Ordered_Resolution_Prover.Ground_Resolution_Model 201:7701  timeout (SH 33122ms): Timed out
data/Apr20/RP/Ground_Resolution_Model/mirabelle.log:0.sledgehammer goal.proof     34069ms Ordered_Resolution_Prover.Ground_Resolution_Model 210:8002  timeout (SH 34069ms): Timed out
data/Apr20/RP/Ground_Resolution_Model/mirabelle.log:0.sledgehammer goal.proof     158884ms Ordered_Resolution_Prover.Ground_Resolution_Model 268:9883  timeout (SH 158884ms):
data/Apr20/RP/Ground_Resolution_Model/mirabelle.log:0.sledgehammer goal.proof     33351ms Ordered_Resolution_Prover.Ground_Resolution_Model 313:11061  timeout (SH 33351ms): Timed out
data/Apr20/RP/Ground_Resolution_Model/mirabelle.log:0.sledgehammer goal.using     30113ms Ordered_Resolution_Prover.Ground_Resolution_Model 369:13237  timeout (SH 30113ms): Timed out
data/Apr20/RP/Herbrand_Interpretation/mirabelle.log:0.sledgehammer goal.unfolding 31400ms Ordered_Resolution_Prover.Herbrand_Interpretation 29:849  timeout (SH 31400ms): Timed out
data/Apr20/RP/Clausal_Logic/mirabelle.log:0.sledgehammer goal.unfolding 153755ms Ordered_Resolution_Prover.Clausal_Logic 127:3497  timeout (SH 153755ms):
data/Apr20/RP/Clausal_Logic/mirabelle.log:0.sledgehammer goal.by        32511ms Ordered_Resolution_Prover.Clausal_Logic 158:4433  timeout (SH 32511ms): Timed out
data/Apr20/RP/Clausal_Logic/mirabelle.log:0.sledgehammer goal.unfolding 33037ms Ordered_Resolution_Prover.Clausal_Logic 230:6668  timeout (SH 33037ms): Timed out
data/Apr20/RP/Clausal_Logic/mirabelle.log:0.sledgehammer goal.by        33267ms Ordered_Resolution_Prover.Clausal_Logic 271:8232  timeout (SH 33267ms): Timed out
data/Apr20/RP/FO_Ordered_Resolution/mirabelle.log:0.sledgehammer goal.using     31011ms Ordered_Resolution_Prover.FO_Ordered_Resolution 48:1815  timeout (SH 31011ms): Timed out
data/Apr20/RP/FO_Ordered_Resolution/mirabelle.log:0.sledgehammer goal.by        35974ms Ordered_Resolution_Prover.FO_Ordered_Resolution 48:1827  timeout (SH 35974ms): Timed out
data/Apr20/RP/FO_Ordered_Resolution/mirabelle.log:0.sledgehammer goal.proof     36086ms Ordered_Resolution_Prover.FO_Ordered_Resolution 53:1981  timeout (SH 36086ms): Timed out
data/Apr20/RP/FO_Ordered_Resolution/mirabelle.log:0.sledgehammer goal.by        35825ms Ordered_Resolution_Prover.FO_Ordered_Resolution 63:2458  timeout (SH 35825ms): Timed out
data/Apr20/RP/FO_Ordered_Resolution/mirabelle.log:0.sledgehammer goal.using     36290ms Ordered_Resolution_Prover.FO_Ordered_Resolution 78:2951  timeout (SH 36290ms): Timed out
data/Apr20/RP/FO_Ordered_Resolution/mirabelle.log:0.sledgehammer goal.proof     35395ms Ordered_Resolution_Prover.FO_Ordered_Resolution 79:2963  timeout (SH 35395ms): Timed out
data/Apr20/RP/FO_Ordered_Resolution/mirabelle.log:0.sledgehammer goal.using     35582ms Ordered_Resolution_Prover.FO_Ordered_Resolution 89:3476  timeout (SH 35582ms): Timed out
data/Apr20/RP/FO_Ordered_Resolution/mirabelle.log:0.sledgehammer goal.by        34459ms Ordered_Resolution_Prover.FO_Ordered_Resolution 89:3491  timeout (SH 34459ms): Timed out
data/Apr20/RP/FO_Ordered_Resolution/mirabelle.log:0.sledgehammer goal.using     35820ms Ordered_Resolution_Prover.FO_Ordered_Resolution 102:4345  timeout (SH 35820ms): Timed out
data/Apr20/RP/FO_Ordered_Resolution/mirabelle.log:0.sledgehammer goal.by        36011ms Ordered_Resolution_Prover.FO_Ordered_Resolution 102:4355  timeout (SH 36011ms): Timed out
data/Apr20/RP/FO_Ordered_Resolution/mirabelle.log:0.sledgehammer goal.using     35500ms Ordered_Resolution_Prover.FO_Ordered_Resolution 195:7378  timeout (SH 35500ms): Timed out
data/Apr20/RP/FO_Ordered_Resolution/mirabelle.log:0.sledgehammer goal.proof     34369ms Ordered_Resolution_Prover.FO_Ordered_Resolution 196:7390  timeout (SH 34369ms): Timed out
data/Apr20/RP/FO_Ordered_Resolution/mirabelle.log:0.sledgehammer goal.proof     35689ms Ordered_Resolution_Prover.FO_Ordered_Resolution 213:8057  timeout (SH 35689ms): Timed out
data/Apr20/RP/FO_Ordered_Resolution/mirabelle.log:0.sledgehammer goal.unfolding 33073ms Ordered_Resolution_Prover.FO_Ordered_Resolution 216:8167  timeout (SH 33073ms): Timed out
data/Apr20/RP/FO_Ordered_Resolution/mirabelle.log:0.sledgehammer goal.by        32071ms Ordered_Resolution_Prover.FO_Ordered_Resolution 216:8196  timeout (SH 32070ms): Timed out
data/Apr20/RP/FO_Ordered_Resolution/mirabelle.log:0.sledgehammer goal.using     36206ms Ordered_Resolution_Prover.FO_Ordered_Resolution 239:9016  timeout (SH 36205ms): Timed out
data/Apr20/RP/FO_Ordered_Resolution/mirabelle.log:0.sledgehammer goal.by        35656ms Ordered_Resolution_Prover.FO_Ordered_Resolution 239:9030  timeout (SH 35656ms): Timed out
data/Apr20/RP/FO_Ordered_Resolution/mirabelle.log:0.sledgehammer goal.unfolding 35255ms Ordered_Resolution_Prover.FO_Ordered_Resolution 245:9272  timeout (SH 35255ms): Timed out
data/Apr20/RP/FO_Ordered_Resolution/mirabelle.log:0.sledgehammer goal.using     34804ms Ordered_Resolution_Prover.FO_Ordered_Resolution 264:9932  timeout (SH 34804ms): Timed out
data/Apr20/RP/FO_Ordered_Resolution/mirabelle.log:0.sledgehammer goal.proof     31828ms Ordered_Resolution_Prover.FO_Ordered_Resolution 276:10316  timeout (SH 31828ms): Timed out
data/Apr20/RP/FO_Ordered_Resolution/mirabelle.log:0.sledgehammer goal.proof     37124ms Ordered_Resolution_Prover.FO_Ordered_Resolution 303:11359  timeout (SH 37124ms): Timed out
data/Apr20/RP/FO_Ordered_Resolution/mirabelle.log:0.sledgehammer goal.using     30689ms Ordered_Resolution_Prover.FO_Ordered_Resolution 334:12411  timeout (SH 30689ms): Timed out
data/Apr20/RP/FO_Ordered_Resolution/mirabelle.log:0.sledgehammer goal.proof     34117ms Ordered_Resolution_Prover.FO_Ordered_Resolution 335:12423  timeout (SH 34117ms): Timed out
data/Apr20/RP/FO_Ordered_Resolution/mirabelle.log:0.sledgehammer goal.using     35313ms Ordered_Resolution_Prover.FO_Ordered_Resolution 341:12704  timeout (SH 35313ms): Timed out
data/Apr20/RP/FO_Ordered_Resolution/mirabelle.log:0.sledgehammer goal.using     32477ms Ordered_Resolution_Prover.FO_Ordered_Resolution 354:13038  timeout (SH 32477ms): Timed out
data/Apr20/RP/FO_Ordered_Resolution/mirabelle.log:0.sledgehammer goal.using     30684ms Ordered_Resolution_Prover.FO_Ordered_Resolution 363:13369  timeout (SH 30684ms): Timed out
data/Apr20/RP/FO_Ordered_Resolution/mirabelle.log:0.sledgehammer goal.proof     36605ms Ordered_Resolution_Prover.FO_Ordered_Resolution 395:14557  timeout (SH 36605ms): Timed out
data/Apr20/RP/FO_Ordered_Resolution/mirabelle.log:0.sledgehammer goal.unfolding 35424ms Ordered_Resolution_Prover.FO_Ordered_Resolution 417:15534  timeout (SH 35424ms): Timed out
data/Apr20/RP/FO_Ordered_Resolution/mirabelle.log:0.sledgehammer goal.using     35280ms Ordered_Resolution_Prover.FO_Ordered_Resolution 417:15549  timeout (SH 35280ms): Timed out
data/Apr20/RP/FO_Ordered_Resolution/mirabelle.log:0.sledgehammer goal.by        34496ms Ordered_Resolution_Prover.FO_Ordered_Resolution 417:15562  timeout (SH 34496ms): Timed out
data/Apr20/RP/FO_Ordered_Resolution/mirabelle.log:0.sledgehammer goal.proof     36365ms Ordered_Resolution_Prover.FO_Ordered_Resolution 422:15690  timeout (SH 36365ms): Timed out
data/Apr20/RP/FO_Ordered_Resolution/mirabelle.log:0.sledgehammer goal.proof     38257ms Ordered_Resolution_Prover.FO_Ordered_Resolution 432:16014  timeout (SH 38257ms): Timed out
data/Apr20/RP/FO_Ordered_Resolution/mirabelle.log:0.sledgehammer goal.unfolding 29772ms Ordered_Resolution_Prover.FO_Ordered_Resolution 437:16179  timeout (SH 29772ms): Timed out
data/Apr20/RP/FO_Ordered_Resolution/mirabelle.log:0.sledgehammer goal.using     35102ms Ordered_Resolution_Prover.FO_Ordered_Resolution 442:16372  timeout (SH 35101ms): Timed out
data/Apr20/RP/FO_Ordered_Resolution/mirabelle.log:0.sledgehammer goal.proof     35649ms Ordered_Resolution_Prover.FO_Ordered_Resolution 443:16392  timeout (SH 35648ms): Timed out
data/Apr20/RP/FO_Ordered_Resolution/mirabelle.log:0.sledgehammer goal.unfolding 36317ms Ordered_Resolution_Prover.FO_Ordered_Resolution 449:16668  timeout (SH 36317ms): Timed out
data/Apr20/RP/FO_Ordered_Resolution/mirabelle.log:0.sledgehammer goal.proof     34785ms Ordered_Resolution_Prover.FO_Ordered_Resolution 450:16696  timeout (SH 34785ms): Timed out
data/Apr20/RP/FO_Ordered_Resolution/mirabelle.log:0.sledgehammer goal.unfolding 35317ms Ordered_Resolution_Prover.FO_Ordered_Resolution 452:16782  timeout (SH 35317ms): Timed out
data/Apr20/RP/FO_Ordered_Resolution/mirabelle.log:0.sledgehammer goal.proof     31585ms Ordered_Resolution_Prover.FO_Ordered_Resolution 453:16821  timeout (SH 31585ms): Timed out
data/Apr20/RP/FO_Ordered_Resolution/mirabelle.log:0.sledgehammer goal.unfolding 34549ms Ordered_Resolution_Prover.FO_Ordered_Resolution 506:18768  timeout (SH 34549ms): Timed out
data/Apr20/RP/FO_Ordered_Resolution/mirabelle.log:0.sledgehammer goal.proof     36749ms Ordered_Resolution_Prover.FO_Ordered_Resolution 507:18793  timeout (SH 36749ms): Timed out
data/Apr20/RP/FO_Ordered_Resolution/mirabelle.log:0.sledgehammer goal.unfolding 35735ms Ordered_Resolution_Prover.FO_Ordered_Resolution 530:19675  timeout (SH 35735ms): Timed out
data/Apr20/RP/FO_Ordered_Resolution/mirabelle.log:0.sledgehammer goal.unfolding 35615ms Ordered_Resolution_Prover.FO_Ordered_Resolution 532:19752  timeout (SH 35615ms): Timed out
data/Apr20/RP/FO_Ordered_Resolution/mirabelle.log:0.sledgehammer goal.by        35095ms Ordered_Resolution_Prover.FO_Ordered_Resolution 533:19834  timeout (SH 35095ms): Timed out
data/Apr20/RP/FO_Ordered_Resolution/mirabelle.log:0.sledgehammer goal.unfolding 177157ms Ordered_Resolution_Prover.FO_Ordered_Resolution 538:20013  timeout (SH 177157ms):
data/Apr20/RP/FO_Ordered_Resolution/mirabelle.log:0.sledgehammer goal.proof     35372ms Ordered_Resolution_Prover.FO_Ordered_Resolution 568:20773  timeout (SH 35372ms): Timed out
data/Apr20/RP/FO_Ordered_Resolution/mirabelle.log:0.sledgehammer goal.by        35532ms Ordered_Resolution_Prover.FO_Ordered_Resolution 570:20937  timeout (SH 35532ms): Timed out
data/Apr20/RP/FO_Ordered_Resolution/mirabelle.log:0.sledgehammer goal.using     35739ms Ordered_Resolution_Prover.FO_Ordered_Resolution 597:21676  timeout (SH 35739ms): Timed out
data/Apr20/RP/FO_Ordered_Resolution/mirabelle.log:0.sledgehammer goal.using     36879ms Ordered_Resolution_Prover.FO_Ordered_Resolution 650:23527  timeout (SH 36879ms): Timed out
data/Apr20/RP/FO_Ordered_Resolution/mirabelle.log:0.sledgehammer goal.proof     37715ms Ordered_Resolution_Prover.FO_Ordered_Resolution 651:23539  timeout (SH 37715ms): Timed out
data/Apr20/RP/FO_Ordered_Resolution/mirabelle.log:0.sledgehammer goal.using     34914ms Ordered_Resolution_Prover.FO_Ordered_Resolution 678:24931  timeout (SH 34914ms): Timed out
data/Apr20/RP/FO_Ordered_Resolution/mirabelle.log:0.sledgehammer goal.by        34430ms Ordered_Resolution_Prover.FO_Ordered_Resolution 678:24939  timeout (SH 34430ms): Timed out
data/Apr20/RP/FO_Ordered_Resolution/mirabelle.log:0.sledgehammer goal.unfolding 31566ms Ordered_Resolution_Prover.FO_Ordered_Resolution 686:25110  timeout (SH 31566ms): Timed out
data/Apr20/RP/FO_Ordered_Resolution/mirabelle.log:0.sledgehammer goal.unfolding 154544ms Ordered_Resolution_Prover.FO_Ordered_Resolution 693:25382  timeout (SH 154544ms):
data/Apr20/RP/FO_Ordered_Resolution/mirabelle.log:0.sledgehammer goal.unfolding 36595ms Ordered_Resolution_Prover.FO_Ordered_Resolution 695:25533  timeout (SH 36595ms): Timed out
data/Apr20/RP/FO_Ordered_Resolution/mirabelle.log:0.sledgehammer goal.using     34973ms Ordered_Resolution_Prover.FO_Ordered_Resolution 695:25560  timeout (SH 34972ms): Timed out
data/Apr20/RP/FO_Ordered_Resolution/mirabelle.log:0.sledgehammer goal.by        35481ms Ordered_Resolution_Prover.FO_Ordered_Resolution 695:25575  timeout (SH 35481ms): Timed out
data/Apr20/RP/FO_Ordered_Resolution/mirabelle.log:0.sledgehammer goal.proof     38284ms Ordered_Resolution_Prover.FO_Ordered_Resolution 705:26020  timeout (SH 38284ms): Timed out
data/Apr20/RP/FO_Ordered_Resolution/mirabelle.log:0.sledgehammer goal.proof     37172ms Ordered_Resolution_Prover.FO_Ordered_Resolution 707:26106  timeout (SH 37171ms): Timed out
data/Apr20/RP/FO_Ordered_Resolution/mirabelle.log:0.sledgehammer goal.using     37015ms Ordered_Resolution_Prover.FO_Ordered_Resolution 716:26456  timeout (SH 37015ms): Timed out
data/Apr20/RP/FO_Ordered_Resolution/mirabelle.log:0.sledgehammer goal.unfolding 33709ms Ordered_Resolution_Prover.FO_Ordered_Resolution 718:26574  timeout (SH 33709ms): Timed out
data/Apr20/RP/FO_Ordered_Resolution/mirabelle.log:0.sledgehammer goal.by        35298ms Ordered_Resolution_Prover.FO_Ordered_Resolution 718:26598  timeout (SH 35298ms): Timed out
data/Apr20/RP/FO_Ordered_Resolution/mirabelle.log:0.sledgehammer goal.using     35308ms Ordered_Resolution_Prover.FO_Ordered_Resolution 725:26837  timeout (SH 35308ms): Timed out
data/Apr20/RP/FO_Ordered_Resolution/mirabelle.log:0.sledgehammer goal.unfolding 35221ms Ordered_Resolution_Prover.FO_Ordered_Resolution 725:26845  timeout (SH 35221ms): Timed out
data/Apr20/RP/FO_Ordered_Resolution/mirabelle.log:0.sledgehammer goal.by        34999ms Ordered_Resolution_Prover.FO_Ordered_Resolution 725:26863  timeout (SH 34999ms): Timed out
data/Apr20/RP/FO_Ordered_Resolution/mirabelle.log:0.sledgehammer goal.by        35985ms Ordered_Resolution_Prover.FO_Ordered_Resolution 735:27307  timeout (SH 35985ms): Timed out
data/Apr20/RP/FO_Ordered_Resolution/mirabelle.log:0.sledgehammer goal.using     30506ms Ordered_Resolution_Prover.FO_Ordered_Resolution 755:27835  timeout (SH 30506ms): Timed out
data/Apr20/RP/FO_Ordered_Resolution/mirabelle.log:0.sledgehammer goal.by        35400ms Ordered_Resolution_Prover.FO_Ordered_Resolution 755:27851  timeout (SH 35400ms): Timed out
data/Apr20/RP/FO_Ordered_Resolution/mirabelle.log:0.sledgehammer goal.using     33566ms Ordered_Resolution_Prover.FO_Ordered_Resolution 759:27954  timeout (SH 33566ms): Timed out
data/Apr20/RP/FO_Ordered_Resolution/mirabelle.log:0.sledgehammer goal.by        35052ms Ordered_Resolution_Prover.FO_Ordered_Resolution 759:27983  timeout (SH 35052ms): Timed out
data/Apr20/RP/FO_Ordered_Resolution/mirabelle.log:0.sledgehammer goal.using     32416ms Ordered_Resolution_Prover.FO_Ordered_Resolution 761:28031  timeout (SH 32416ms): Timed out
data/Apr20/RP/FO_Ordered_Resolution/mirabelle.log:0.sledgehammer goal.by        32075ms Ordered_Resolution_Prover.FO_Ordered_Resolution 761:28074  timeout (SH 32075ms): Timed out
data/Apr20/RP/FO_Ordered_Resolution/mirabelle.log:0.sledgehammer goal.proof     36928ms Ordered_Resolution_Prover.FO_Ordered_Resolution 790:29163  timeout (SH 36928ms): Timed out
data/Apr20/RP/FO_Ordered_Resolution/mirabelle.log:0.sledgehammer goal.by        38634ms Ordered_Resolution_Prover.FO_Ordered_Resolution 795:29366  timeout (SH 38634ms): Timed out
data/Apr20/RP/FO_Ordered_Resolution/mirabelle.log:0.sledgehammer goal.using     30863ms Ordered_Resolution_Prover.FO_Ordered_Resolution 850:31598  timeout (SH 30863ms): Timed out
data/Apr20/RP/FO_Ordered_Resolution/mirabelle.log:0.sledgehammer goal.using     36957ms Ordered_Resolution_Prover.FO_Ordered_Resolution 879:32672  timeout (SH 36957ms): Timed out
data/Apr20/RP/FO_Ordered_Resolution/mirabelle.log:0.sledgehammer goal.proof     36488ms Ordered_Resolution_Prover.FO_Ordered_Resolution 880:32684  timeout (SH 36487ms): Timed out
data/Apr20/RP/FO_Ordered_Resolution/mirabelle.log:0.sledgehammer goal.using     37336ms Ordered_Resolution_Prover.FO_Ordered_Resolution 889:33164  timeout (SH 37336ms): Timed out
data/Apr20/RP/FO_Ordered_Resolution/mirabelle.log:0.sledgehammer goal.unfolding 36392ms Ordered_Resolution_Prover.FO_Ordered_Resolution 889:33181  timeout (SH 36392ms): Timed out
data/Apr20/RP/FO_Ordered_Resolution/mirabelle.log:0.sledgehammer goal.by        36272ms Ordered_Resolution_Prover.FO_Ordered_Resolution 889:33212  timeout (SH 36272ms): Timed out
data/Apr20/RP/FO_Ordered_Resolution/mirabelle.log:0.sledgehammer goal.using     36833ms Ordered_Resolution_Prover.FO_Ordered_Resolution 916:34005  timeout (SH 36833ms): Timed out
data/Apr20/RP/FO_Ordered_Resolution/mirabelle.log:0.sledgehammer goal.using     33910ms Ordered_Resolution_Prover.FO_Ordered_Resolution 948:34972  timeout (SH 33910ms): Timed out
data/Apr20/RP/FO_Ordered_Resolution/mirabelle.log:0.sledgehammer goal.unfolding 34190ms Ordered_Resolution_Prover.FO_Ordered_Resolution 948:35026  timeout (SH 34190ms): Timed out
data/Apr20/RP/FO_Ordered_Resolution/mirabelle.log:0.sledgehammer goal.using     34404ms Ordered_Resolution_Prover.FO_Ordered_Resolution 952:35177  timeout (SH 34404ms): Timed out
data/Apr20/RP/FO_Ordered_Resolution/mirabelle.log:0.sledgehammer goal.unfolding 33901ms Ordered_Resolution_Prover.FO_Ordered_Resolution 952:35231  timeout (SH 33901ms): Timed out
data/Apr20/RP/FO_Ordered_Resolution/mirabelle.log:0.sledgehammer goal.unfolding 33243ms Ordered_Resolution_Prover.FO_Ordered_Resolution 963:35592  timeout (SH 33243ms): Timed out
data/Apr20/RP/FO_Ordered_Resolution/mirabelle.log:0.sledgehammer goal.using     36323ms Ordered_Resolution_Prover.FO_Ordered_Resolution 971:35908  timeout (SH 36322ms): Timed out
data/Apr20/RP/FO_Ordered_Resolution/mirabelle.log:0.sledgehammer goal.unfolding 36183ms Ordered_Resolution_Prover.FO_Ordered_Resolution 971:35921  timeout (SH 36183ms): Timed out
data/Apr20/RP/FO_Ordered_Resolution/mirabelle.log:0.sledgehammer goal.using     35204ms Ordered_Resolution_Prover.FO_Ordered_Resolution 979:36343  timeout (SH 35204ms): Timed out
data/Apr20/RP/FO_Ordered_Resolution/mirabelle.log:0.sledgehammer goal.unfolding 35986ms Ordered_Resolution_Prover.FO_Ordered_Resolution 985:36707  timeout (SH 35986ms): Timed out
data/Apr20/RP/FO_Ordered_Resolution/mirabelle.log:0.sledgehammer goal.unfolding 35895ms Ordered_Resolution_Prover.FO_Ordered_Resolution 1020:38187  timeout (SH 35895ms): Timed out
data/Apr20/RP/FO_Ordered_Resolution/mirabelle.log:0.sledgehammer goal.by        35359ms Ordered_Resolution_Prover.FO_Ordered_Resolution 1020:38222  timeout (SH 35358ms): Timed out
data/Apr20/RP/FO_Ordered_Resolution/mirabelle.log:0.sledgehammer goal.proof     34449ms Ordered_Resolution_Prover.FO_Ordered_Resolution 1024:38431  timeout (SH 34449ms): Timed out
data/Apr20/RP/FO_Ordered_Resolution/mirabelle.log:0.sledgehammer goal.proof     34629ms Ordered_Resolution_Prover.FO_Ordered_Resolution 1036:38927  timeout (SH 34629ms): Timed out
data/Apr20/RP/FO_Ordered_Resolution/mirabelle.log:0.sledgehammer goal.using     34633ms Ordered_Resolution_Prover.FO_Ordered_Resolution 1050:39393  timeout (SH 34633ms): Timed out
data/Apr20/RP/FO_Ordered_Resolution/mirabelle.log:0.sledgehammer goal.proof     33024ms Ordered_Resolution_Prover.FO_Ordered_Resolution 1053:39509  timeout (SH 33024ms): Timed out
data/Apr20/RP/FO_Ordered_Resolution/mirabelle.log:0.sledgehammer goal.proof     33627ms Ordered_Resolution_Prover.FO_Ordered_Resolution 1059:39683  timeout (SH 33627ms): Timed out
data/Apr20/RP/FO_Ordered_Resolution/mirabelle.log:0.sledgehammer goal.using     34985ms Ordered_Resolution_Prover.FO_Ordered_Resolution 1089:40725  timeout (SH 34985ms): Timed out
data/Apr20/RP/FO_Ordered_Resolution/mirabelle.log:0.sledgehammer goal.by        35655ms Ordered_Resolution_Prover.FO_Ordered_Resolution 1089:40733  timeout (SH 35655ms): Timed out
data/Apr20/RP/FO_Ordered_Resolution/mirabelle.log:0.sledgehammer goal.proof     30563ms Ordered_Resolution_Prover.FO_Ordered_Resolution 1094:40925  timeout (SH 30563ms): Timed out
data/Apr20/RP/FO_Ordered_Resolution/mirabelle.log:0.sledgehammer goal.proof     31814ms Ordered_Resolution_Prover.FO_Ordered_Resolution 1119:41713  timeout (SH 31814ms): Timed out
data/Apr20/RP/FO_Ordered_Resolution/mirabelle.log:0.sledgehammer goal.proof     34605ms Ordered_Resolution_Prover.FO_Ordered_Resolution 1125:41895  timeout (SH 34605ms): Timed out
data/Apr20/RP/FO_Ordered_Resolution/mirabelle.log:0.sledgehammer goal.proof     34720ms Ordered_Resolution_Prover.FO_Ordered_Resolution 1147:42790  timeout (SH 34720ms): Timed out
data/Apr20/RP/FO_Ordered_Resolution/mirabelle.log:0.sledgehammer goal.proof     35914ms Ordered_Resolution_Prover.FO_Ordered_Resolution 1151:43074  timeout (SH 35914ms): Timed out
data/Apr20/RP/FO_Ordered_Resolution/mirabelle.log:0.sledgehammer goal.unfolding 35371ms Ordered_Resolution_Prover.FO_Ordered_Resolution 1154:43211  timeout (SH 35371ms): Timed out
data/Apr20/RP/FO_Ordered_Resolution/mirabelle.log:0.sledgehammer goal.using     34456ms Ordered_Resolution_Prover.FO_Ordered_Resolution 1154:43261  timeout (SH 34456ms): Timed out
data/Apr20/RP/FO_Ordered_Resolution/mirabelle.log:0.sledgehammer goal.proof     32804ms Ordered_Resolution_Prover.FO_Ordered_Resolution 1174:44190  timeout (SH 32804ms): Timed out
data/Apr20/RP/FO_Ordered_Resolution/mirabelle.log:0.sledgehammer goal.proof     36439ms Ordered_Resolution_Prover.FO_Ordered_Resolution 1179:44449  timeout (SH 36439ms): Timed out
data/Apr20/RP/FO_Ordered_Resolution/mirabelle.log:0.sledgehammer goal.proof     35469ms Ordered_Resolution_Prover.FO_Ordered_Resolution 1209:45842  timeout (SH 35469ms): Timed out
data/Apr20/RP/FO_Ordered_Resolution/mirabelle.log:0.sledgehammer goal.proof     32164ms Ordered_Resolution_Prover.FO_Ordered_Resolution 1222:46447  timeout (SH 32164ms): Timed out
data/Apr20/RP/FO_Ordered_Resolution/mirabelle.log:0.sledgehammer goal.using     35207ms Ordered_Resolution_Prover.FO_Ordered_Resolution 1226:46651  timeout (SH 35207ms): Timed out
data/Apr20/RP/FO_Ordered_Resolution/mirabelle.log:0.sledgehammer goal.by        34929ms Ordered_Resolution_Prover.FO_Ordered_Resolution 1226:46659  timeout (SH 34929ms): Timed out
data/Apr20/RP/FO_Ordered_Resolution/mirabelle.log:0.sledgehammer goal.using     34931ms Ordered_Resolution_Prover.FO_Ordered_Resolution 1290:49034  timeout (SH 34931ms): Timed out
data/Apr20/RP/FO_Ordered_Resolution/mirabelle.log:0.sledgehammer goal.using     34614ms Ordered_Resolution_Prover.FO_Ordered_Resolution 1313:49966  timeout (SH 34614ms): Timed out
data/Apr20/RP/FO_Ordered_Resolution/mirabelle.log:0.sledgehammer goal.by        34887ms Ordered_Resolution_Prover.FO_Ordered_Resolution 1314:50057  timeout (SH 34887ms): Timed out
data/Apr20/RP/FO_Ordered_Resolution/mirabelle.log:0.sledgehammer goal.proof     32954ms Ordered_Resolution_Prover.FO_Ordered_Resolution 1327:50465  timeout (SH 32954ms): Timed out
data/Apr20/RP/FO_Ordered_Resolution/mirabelle.log:0.sledgehammer goal.using     34533ms Ordered_Resolution_Prover.FO_Ordered_Resolution 1344:51396  timeout (SH 34533ms): Timed out
data/Apr20/RP/FO_Ordered_Resolution/mirabelle.log:0.sledgehammer goal.using     35051ms Ordered_Resolution_Prover.FO_Ordered_Resolution 1388:53550  timeout (SH 35051ms): Timed out
data/Apr20/RP/FO_Ordered_Resolution/mirabelle.log:0.sledgehammer goal.unfolding 35228ms Ordered_Resolution_Prover.FO_Ordered_Resolution 1388:53568  timeout (SH 35228ms): Timed out
data/Apr20/RP/FO_Ordered_Resolution/mirabelle.log:0.sledgehammer goal.using     35035ms Ordered_Resolution_Prover.FO_Ordered_Resolution 1393:53783  timeout (SH 35035ms): Timed out
data/Apr20/RP/FO_Ordered_Resolution/mirabelle.log:0.sledgehammer goal.unfolding 34810ms Ordered_Resolution_Prover.FO_Ordered_Resolution 1395:53958  timeout (SH 34810ms): Timed out
data/Apr20/RP/FO_Ordered_Resolution/mirabelle.log:0.sledgehammer goal.by        35171ms Ordered_Resolution_Prover.FO_Ordered_Resolution 1395:53993  timeout (SH 35171ms): Timed out
data/Apr20/RP/FO_Ordered_Resolution/mirabelle.log:0.sledgehammer goal.using     32240ms Ordered_Resolution_Prover.FO_Ordered_Resolution 1404:54342  timeout (SH 32240ms): Timed out
data/Apr20/RP/Unordered_Ground_Resolution/mirabelle.log:0.sledgehammer goal.by        35149ms Ordered_Resolution_Prover.Unordered_Ground_Resolution 31:901  timeout (SH 35149ms): Timed out
data/Apr20/RP/Unordered_Ground_Resolution/mirabelle.log:0.sledgehammer goal.proof     34659ms Ordered_Resolution_Prover.Unordered_Ground_Resolution 57:1709  timeout (SH 34659ms): Timed out
data/Apr20/RP/Unordered_Ground_Resolution/mirabelle.log:0.sledgehammer goal.using     34188ms Ordered_Resolution_Prover.Unordered_Ground_Resolution 94:3148  timeout (SH 34188ms): Timed out
data/Apr20/RP/Unordered_Ground_Resolution/mirabelle.log:0.sledgehammer goal.by        34333ms Ordered_Resolution_Prover.Unordered_Ground_Resolution 95:3212  timeout (SH 34333ms): Timed out
data/Apr20/RP/Unordered_Ground_Resolution/mirabelle.log:0.sledgehammer goal.proof     29778ms Ordered_Resolution_Prover.Unordered_Ground_Resolution 144:5134  timeout (SH 29778ms): Timed out
data/Apr20/RP/Map2/mirabelle.log:0.sledgehammer goal.by        35201ms Ordered_Resolution_Prover.Map2 26:870  timeout (SH 35201ms): Timed out
data/Apr20/RP/Map2/mirabelle.log:0.sledgehammer goal.by        160050ms Ordered_Resolution_Prover.Map2 29:959  timeout (SH 160050ms):
data/Apr20/RP/Inference_System/mirabelle.log:0.sledgehammer goal.unfolding 35061ms Ordered_Resolution_Prover.Inference_System 50:1674  timeout (SH 35061ms): Timed out
data/Apr20/RP/Inference_System/mirabelle.log:0.sledgehammer goal.proof     33575ms Ordered_Resolution_Prover.Inference_System 87:2779  timeout (SH 33574ms): Timed out
data/Apr20/RP/Inference_System/mirabelle.log:0.sledgehammer goal.proof     33940ms Ordered_Resolution_Prover.Inference_System 131:4388  timeout (SH 33940ms): Timed out
data/Apr20/RP/Inference_System/mirabelle.log:0.sledgehammer goal.using     33187ms Ordered_Resolution_Prover.Inference_System 137:4556  timeout (SH 33187ms): Timed out
data/Apr20/RP/Inference_System/mirabelle.log:0.sledgehammer goal.by        33234ms Ordered_Resolution_Prover.Inference_System 197:6164  timeout (SH 33234ms): Timed out
data/Apr20/RP/Inference_System/mirabelle.log:0.sledgehammer goal.unfolding 169370ms Ordered_Resolution_Prover.Inference_System 200:6295  timeout (SH 169370ms):
data/Apr20/RP/Inference_System/mirabelle.log:0.sledgehammer goal.proof     33278ms Ordered_Resolution_Prover.Inference_System 204:6518  timeout (SH 33278ms): Timed out
data/Apr20/RP/Inference_System/mirabelle.log:0.sledgehammer goal.using     34109ms Ordered_Resolution_Prover.Inference_System 214:6832  timeout (SH 34109ms): Timed out
data/Apr20/RP/Inference_System/mirabelle.log:0.sledgehammer goal.by        32992ms Ordered_Resolution_Prover.Inference_System 214:6846  timeout (SH 32992ms): Timed out
data/Apr20/RP/Inference_System/mirabelle.log:0.sledgehammer goal.by        34270ms Ordered_Resolution_Prover.Inference_System 242:7706  timeout (SH 34270ms): Timed out
data/Apr20/RP/Inference_System/mirabelle.log:0.sledgehammer goal.proof     33643ms Ordered_Resolution_Prover.Inference_System 275:8850  timeout (SH 33643ms): Timed out
data/Apr20/RP/Lazy_List_Chain/mirabelle.log:0.sledgehammer goal.proof     35331ms Ordered_Resolution_Prover.Lazy_List_Chain 41:1268  timeout (SH 35331ms): Timed out
data/Apr20/RP/Lazy_List_Chain/mirabelle.log:0.sledgehammer goal.using     35109ms Ordered_Resolution_Prover.Lazy_List_Chain 44:1331  timeout (SH 35109ms): Timed out
data/Apr20/RP/Lazy_List_Chain/mirabelle.log:0.sledgehammer goal.proof     34734ms Ordered_Resolution_Prover.Lazy_List_Chain 45:1348  timeout (SH 34734ms): Timed out
data/Apr20/RP/Lazy_List_Chain/mirabelle.log:0.sledgehammer goal.using     34008ms Ordered_Resolution_Prover.Lazy_List_Chain 74:2345  timeout (SH 34008ms): Timed out
data/Apr20/RP/Lazy_List_Chain/mirabelle.log:0.sledgehammer goal.by        33132ms Ordered_Resolution_Prover.Lazy_List_Chain 75:2359  timeout (SH 33132ms): Timed out
data/Apr20/RP/Lazy_List_Chain/mirabelle.log:0.sledgehammer goal.using     34292ms Ordered_Resolution_Prover.Lazy_List_Chain 116:3900  timeout (SH 34292ms): Timed out
data/Apr20/RP/Lazy_List_Chain/mirabelle.log:0.sledgehammer goal.proof     33511ms Ordered_Resolution_Prover.Lazy_List_Chain 117:3912  timeout (SH 33511ms): Timed out
data/Apr20/RP/Lazy_List_Chain/mirabelle.log:0.sledgehammer goal.using     154343ms Ordered_Resolution_Prover.Lazy_List_Chain 148:4947  timeout (SH 154343ms):
data/Apr20/RP/Lazy_List_Chain/mirabelle.log:0.sledgehammer goal.proof     153285ms Ordered_Resolution_Prover.Lazy_List_Chain 149:4959  timeout (SH 153285ms):
data/Apr20/RP/Lazy_List_Chain/mirabelle.log:0.sledgehammer goal.proof     33803ms Ordered_Resolution_Prover.Lazy_List_Chain 176:5945  timeout (SH 33803ms): Timed out
data/Apr20/RP/Lazy_List_Chain/mirabelle.log:0.sledgehammer goal.proof     33887ms Ordered_Resolution_Prover.Lazy_List_Chain 201:6704  timeout (SH 33887ms): Timed out
data/Apr20/RP/Lazy_List_Chain/mirabelle.log:0.sledgehammer goal.proof     33300ms Ordered_Resolution_Prover.Lazy_List_Chain 218:7280  timeout (SH 33300ms): Timed out
data/Apr20/RP/Lazy_List_Chain/mirabelle.log:0.sledgehammer goal.unfolding 34543ms Ordered_Resolution_Prover.Lazy_List_Chain 235:7728  timeout (SH 34542ms): Timed out
data/Apr20/RP/Lazy_List_Chain/mirabelle.log:0.sledgehammer goal.using     34275ms Ordered_Resolution_Prover.Lazy_List_Chain 235:7745  timeout (SH 34275ms): Timed out
data/Apr20/RP/Lazy_List_Chain/mirabelle.log:0.sledgehammer goal.by        33908ms Ordered_Resolution_Prover.Lazy_List_Chain 258:8405  timeout (SH 33908ms): Timed out
data/Apr20/RP/Lazy_List_Chain/mirabelle.log:0.sledgehammer goal.by        33561ms Ordered_Resolution_Prover.Lazy_List_Chain 261:8496  timeout (SH 33561ms): Timed out
data/Apr20/RP/Lazy_List_Chain/mirabelle.log:0.sledgehammer goal.by        30663ms Ordered_Resolution_Prover.Lazy_List_Chain 264:8599  timeout (SH 30663ms): Timed out
data/Apr20/RP/Lazy_List_Chain/mirabelle.log:0.sledgehammer goal.by        34017ms Ordered_Resolution_Prover.Lazy_List_Chain 267:8742  timeout (SH 34017ms): Timed out
data/Apr20/RP/Lazy_List_Chain/mirabelle.log:0.sledgehammer goal.by        33392ms Ordered_Resolution_Prover.Lazy_List_Chain 270:8860  timeout (SH 33392ms): Timed out
data/Apr20/RP/Lazy_List_Chain/mirabelle.log:0.sledgehammer goal.by        34140ms Ordered_Resolution_Prover.Lazy_List_Chain 274:8994  timeout (SH 34140ms): Timed out
data/Apr20/RP/Lazy_List_Chain/mirabelle.log:0.sledgehammer goal.by        33944ms Ordered_Resolution_Prover.Lazy_List_Chain 278:9199  timeout (SH 33944ms): Timed out
data/Apr20/RP/Lazy_List_Chain/mirabelle.log:0.sledgehammer goal.by        33644ms Ordered_Resolution_Prover.Lazy_List_Chain 281:9290  timeout (SH 33643ms): Timed out
data/Apr20/RP/Lazy_List_Chain/mirabelle.log:0.sledgehammer goal.by        33279ms Ordered_Resolution_Prover.Lazy_List_Chain 288:9518  timeout (SH 33279ms): Timed out
data/Apr20/RP/Lazy_List_Chain/mirabelle.log:0.sledgehammer goal.using     35895ms Ordered_Resolution_Prover.Lazy_List_Chain 294:9762  timeout (SH 35895ms): Timed out
data/Apr20/RP/Lazy_List_Chain/mirabelle.log:0.sledgehammer goal.proof     29756ms Ordered_Resolution_Prover.Lazy_List_Chain 294:9772  timeout (SH 29756ms): Timed out
data/Apr20/RP/Lazy_List_Chain/mirabelle.log:0.sledgehammer goal.using     35710ms Ordered_Resolution_Prover.Lazy_List_Chain 306:10256  timeout (SH 35710ms): Timed out
data/Apr20/RP/Lazy_List_Chain/mirabelle.log:0.sledgehammer goal.proof     34243ms Ordered_Resolution_Prover.Lazy_List_Chain 306:10271  timeout (SH 34243ms): Timed out
data/Apr20/RP/Lazy_List_Chain/mirabelle.log:0.sledgehammer goal.by        34807ms Ordered_Resolution_Prover.Lazy_List_Chain 309:10362  timeout (SH 34807ms): Timed out
data/Apr20/RP/Lazy_List_Chain/mirabelle.log:0.sledgehammer goal.proof     36150ms Ordered_Resolution_Prover.Lazy_List_Chain 324:10844  timeout (SH 36150ms): Timed out
data/Apr20/RP/Lazy_List_Chain/mirabelle.log:0.sledgehammer goal.using     34808ms Ordered_Resolution_Prover.Lazy_List_Chain 326:10897  timeout (SH 34808ms): Timed out
data/Apr20/RP/Lazy_List_Chain/mirabelle.log:0.sledgehammer goal.by        34131ms Ordered_Resolution_Prover.Lazy_List_Chain 327:10913  timeout (SH 34130ms): Timed out
data/Apr20/RP/Lazy_List_Chain/mirabelle.log:0.sledgehammer goal.using     34406ms Ordered_Resolution_Prover.Lazy_List_Chain 331:11087  timeout (SH 34406ms): Timed out
data/Apr20/RP/Lazy_List_Chain/mirabelle.log:0.sledgehammer goal.proof     33509ms Ordered_Resolution_Prover.Lazy_List_Chain 332:11101  timeout (SH 33508ms): Timed out
data/Apr20/RP/Lazy_List_Chain/mirabelle.log:0.sledgehammer goal.by        33696ms Ordered_Resolution_Prover.Lazy_List_Chain 346:11624  timeout (SH 33696ms): Timed out
data/Apr20/RP/Lazy_List_Chain/mirabelle.log:0.sledgehammer goal.proof     33805ms Ordered_Resolution_Prover.Lazy_List_Chain 355:12074  timeout (SH 33804ms): Timed out
data/Apr20/RP/Lazy_List_Chain/mirabelle.log:0.sledgehammer goal.proof     33775ms Ordered_Resolution_Prover.Lazy_List_Chain 401:13756  timeout (SH 33775ms): Timed out
data/Apr20/RP/Lazy_List_Chain/mirabelle.log:0.sledgehammer goal.proof     33802ms Ordered_Resolution_Prover.Lazy_List_Chain 413:14103  timeout (SH 33802ms): Timed out
data/Apr20/RP/Lazy_List_Chain/mirabelle.log:0.sledgehammer goal.proof     33799ms Ordered_Resolution_Prover.Lazy_List_Chain 416:14191  timeout (SH 33799ms): Timed out
data/Apr20/RP/Lazy_List_Chain/mirabelle.log:0.sledgehammer goal.by        34182ms Ordered_Resolution_Prover.Lazy_List_Chain 419:14273  timeout (SH 34182ms): Timed out
data/Apr20/RP/Lazy_List_Chain/mirabelle.log:0.sledgehammer goal.unfolding 33714ms Ordered_Resolution_Prover.Lazy_List_Chain 426:14504  timeout (SH 33714ms): Timed out
data/Apr20/RP/Lazy_List_Chain/mirabelle.log:0.sledgehammer goal.unfolding 33702ms Ordered_Resolution_Prover.Lazy_List_Chain 447:15113  timeout (SH 33701ms): Timed out
data/Apr20/RP/Lazy_List_Chain/mirabelle.log:0.sledgehammer goal.by        165480ms Ordered_Resolution_Prover.Lazy_List_Chain 469:16017  timeout (SH 165480ms):
data/Apr20/RP/Lazy_List_Chain/mirabelle.log:0.sledgehammer goal.proof     33818ms Ordered_Resolution_Prover.Lazy_List_Chain 475:16232  timeout (SH 33818ms): Timed out
data/Apr20/RP/Lazy_List_Chain/mirabelle.log:0.sledgehammer goal.proof     34782ms Ordered_Resolution_Prover.Lazy_List_Chain 495:16871  timeout (SH 34782ms): Timed out
data/Apr20/RP/Lazy_List_Chain/mirabelle.log:0.sledgehammer goal.proof     33335ms Ordered_Resolution_Prover.Lazy_List_Chain 498:16943  timeout (SH 33334ms): Timed out
data/Apr20/RP/Lazy_List_Chain/mirabelle.log:0.sledgehammer goal.proof     34020ms Ordered_Resolution_Prover.Lazy_List_Chain 508:17288  timeout (SH 34020ms): Timed out
data/Apr20/RP/Lazy_List_Chain/mirabelle.log:0.sledgehammer goal.by        33705ms Ordered_Resolution_Prover.Lazy_List_Chain 515:17584  timeout (SH 33705ms): Timed out
data/Apr20/RP/Lazy_List_Chain/mirabelle.log:0.sledgehammer goal.using     29632ms Ordered_Resolution_Prover.Lazy_List_Chain 529:18180  timeout (SH 29632ms): Timed out
data/Apr20/RP/Lazy_List_Chain/mirabelle.log:0.sledgehammer goal.proof     29158ms Ordered_Resolution_Prover.Lazy_List_Chain 529:18192  timeout (SH 29158ms): Timed out
data/Apr20/RP/Lazy_List_Chain/mirabelle.log:0.sledgehammer goal.proof     34234ms Ordered_Resolution_Prover.Lazy_List_Chain 532:18280  timeout (SH 34234ms): Timed out
data/Apr20/RP/Lazy_List_Chain/mirabelle.log:0.sledgehammer goal.using     34554ms Ordered_Resolution_Prover.Lazy_List_Chain 535:18335  timeout (SH 34554ms): Timed out
data/Apr20/RP/Lazy_List_Chain/mirabelle.log:0.sledgehammer goal.unfolding 33716ms Ordered_Resolution_Prover.Lazy_List_Chain 536:18396  timeout (SH 33716ms): Timed out
data/Apr20/RP/Lazy_List_Chain/mirabelle.log:0.sledgehammer goal.by        33637ms Ordered_Resolution_Prover.Lazy_List_Chain 547:18943  timeout (SH 33637ms): Timed out
data/Apr20/RP/Lazy_List_Chain/mirabelle.log:0.sledgehammer goal.proof     34438ms Ordered_Resolution_Prover.Lazy_List_Chain 557:19231  timeout (SH 34438ms): Timed out
data/Apr20/RP/Lazy_List_Chain/mirabelle.log:0.sledgehammer goal.unfolding 34549ms Ordered_Resolution_Prover.Lazy_List_Chain 561:19342  timeout (SH 34549ms): Timed out
data/Apr20/RP/Lazy_List_Chain/mirabelle.log:0.sledgehammer goal.by        34448ms Ordered_Resolution_Prover.Lazy_List_Chain 561:19369  timeout (SH 34448ms): Timed out
data/Apr20/RP/Lazy_List_Chain/mirabelle.log:0.sledgehammer goal.proof     33988ms Ordered_Resolution_Prover.Lazy_List_Chain 565:19500  timeout (SH 33988ms): Timed out
data/Apr20/RP/Lazy_List_Chain/mirabelle.log:0.sledgehammer goal.proof     32978ms Ordered_Resolution_Prover.Lazy_List_Chain 604:20728  timeout (SH 32978ms): Timed out
data/Apr20/RP/Lazy_List_Chain/mirabelle.log:0.sledgehammer goal.by        34664ms Ordered_Resolution_Prover.Lazy_List_Chain 610:20967  timeout (SH 34664ms): Timed out
data/Apr20/RP/Lazy_List_Chain/mirabelle.log:0.sledgehammer goal.using     33913ms Ordered_Resolution_Prover.Lazy_List_Chain 632:21677  timeout (SH 33912ms): Timed out
data/Apr20/RP/Lazy_List_Chain/mirabelle.log:0.sledgehammer goal.by        33712ms Ordered_Resolution_Prover.Lazy_List_Chain 633:21691  timeout (SH 33711ms): Timed out
data/Apr20/RP/Lazy_List_Chain/mirabelle.log:0.sledgehammer goal.proof     33363ms Ordered_Resolution_Prover.Lazy_List_Chain 638:21921  timeout (SH 33363ms): Timed out
data/Apr20/RP/Lazy_List_Chain/mirabelle.log:0.sledgehammer goal.by        35044ms Ordered_Resolution_Prover.Lazy_List_Chain 664:22827  timeout (SH 35044ms): Timed out
data/Apr20/RP/Abstract_Substitution/mirabelle.log:0.sledgehammer goal.proof     34804ms Ordered_Resolution_Prover.Abstract_Substitution 29:822  timeout (SH 34804ms): Timed out
data/Apr20/RP/Abstract_Substitution/mirabelle.log:0.sledgehammer goal.proof     34169ms Ordered_Resolution_Prover.Abstract_Substitution 32:927  timeout (SH 34169ms): Timed out
data/Apr20/RP/Abstract_Substitution/mirabelle.log:0.sledgehammer goal.by        34592ms Ordered_Resolution_Prover.Abstract_Substitution 48:1458  timeout (SH 34592ms): Timed out
data/Apr20/RP/Abstract_Substitution/mirabelle.log:0.sledgehammer goal.by        33840ms Ordered_Resolution_Prover.Abstract_Substitution 54:1574  timeout (SH 33840ms): Timed out
data/Apr20/RP/Abstract_Substitution/mirabelle.log:0.sledgehammer goal.using     34713ms Ordered_Resolution_Prover.Abstract_Substitution 60:1764  timeout (SH 34713ms): Timed out
data/Apr20/RP/Abstract_Substitution/mirabelle.log:0.sledgehammer goal.by        32428ms Ordered_Resolution_Prover.Abstract_Substitution 60:1783  timeout (SH 32428ms): Timed out
data/Apr20/RP/Abstract_Substitution/mirabelle.log:0.sledgehammer goal.by        33955ms Ordered_Resolution_Prover.Abstract_Substitution 247:8382  timeout (SH 33955ms): Timed out
data/Apr20/RP/Abstract_Substitution/mirabelle.log:0.sledgehammer goal.using     153909ms Ordered_Resolution_Prover.Abstract_Substitution 253:8614  timeout (SH 153909ms):
data/Apr20/RP/Abstract_Substitution/mirabelle.log:0.sledgehammer goal.by        153304ms Ordered_Resolution_Prover.Abstract_Substitution 253:8636  timeout (SH 153303ms):
data/Apr20/RP/Abstract_Substitution/mirabelle.log:0.sledgehammer goal.unfolding 33149ms Ordered_Resolution_Prover.Abstract_Substitution 256:8718  timeout (SH 33148ms): Timed out
data/Apr20/RP/Abstract_Substitution/mirabelle.log:0.sledgehammer goal.unfolding 32212ms Ordered_Resolution_Prover.Abstract_Substitution 262:8911  timeout (SH 32212ms): Timed out
data/Apr20/RP/Abstract_Substitution/mirabelle.log:0.sledgehammer goal.unfolding 33048ms Ordered_Resolution_Prover.Abstract_Substitution 271:9257  timeout (SH 33048ms): Timed out
data/Apr20/RP/Abstract_Substitution/mirabelle.log:0.sledgehammer goal.unfolding 32704ms Ordered_Resolution_Prover.Abstract_Substitution 280:9570  timeout (SH 32704ms): Timed out
data/Apr20/RP/Abstract_Substitution/mirabelle.log:0.sledgehammer goal.unfolding 155239ms Ordered_Resolution_Prover.Abstract_Substitution 286:9790  timeout (SH 155239ms):
data/Apr20/RP/Abstract_Substitution/mirabelle.log:0.sledgehammer goal.by        153517ms Ordered_Resolution_Prover.Abstract_Substitution 286:9820  timeout (SH 153517ms):
data/Apr20/RP/Abstract_Substitution/mirabelle.log:0.sledgehammer goal.unfolding 32058ms Ordered_Resolution_Prover.Abstract_Substitution 289:9903  timeout (SH 32058ms): Timed out
data/Apr20/RP/Abstract_Substitution/mirabelle.log:0.sledgehammer goal.by        32196ms Ordered_Resolution_Prover.Abstract_Substitution 295:10046  timeout (SH 32196ms): Timed out
data/Apr20/RP/Abstract_Substitution/mirabelle.log:0.sledgehammer goal.unfolding 32494ms Ordered_Resolution_Prover.Abstract_Substitution 301:10207  timeout (SH 32494ms): Timed out
data/Apr20/RP/Abstract_Substitution/mirabelle.log:0.sledgehammer goal.unfolding 31838ms Ordered_Resolution_Prover.Abstract_Substitution 307:10428  timeout (SH 31837ms): Timed out
data/Apr20/RP/Abstract_Substitution/mirabelle.log:0.sledgehammer goal.by        32081ms Ordered_Resolution_Prover.Abstract_Substitution 307:10457  timeout (SH 32081ms): Timed out
data/Apr20/RP/Abstract_Substitution/mirabelle.log:0.sledgehammer goal.unfolding 34324ms Ordered_Resolution_Prover.Abstract_Substitution 310:10541  timeout (SH 34324ms): Timed out
data/Apr20/RP/Abstract_Substitution/mirabelle.log:0.sledgehammer goal.by        33641ms Ordered_Resolution_Prover.Abstract_Substitution 310:10570  timeout (SH 33641ms): Timed out
data/Apr20/RP/Abstract_Substitution/mirabelle.log:0.sledgehammer goal.unfolding 35339ms Ordered_Resolution_Prover.Abstract_Substitution 313:10666  timeout (SH 35339ms): Timed out
data/Apr20/RP/Abstract_Substitution/mirabelle.log:0.sledgehammer goal.by        32744ms Ordered_Resolution_Prover.Abstract_Substitution 313:10700  timeout (SH 32744ms): Timed out
data/Apr20/RP/Abstract_Substitution/mirabelle.log:0.sledgehammer goal.unfolding 34978ms Ordered_Resolution_Prover.Abstract_Substitution 316:10804  timeout (SH 34978ms): Timed out
data/Apr20/RP/Abstract_Substitution/mirabelle.log:0.sledgehammer goal.unfolding 32353ms Ordered_Resolution_Prover.Abstract_Substitution 320:10987  timeout (SH 32353ms): Timed out
data/Apr20/RP/Abstract_Substitution/mirabelle.log:0.sledgehammer goal.by        32678ms Ordered_Resolution_Prover.Abstract_Substitution 320:11011  timeout (SH 32677ms): Timed out
data/Apr20/RP/Abstract_Substitution/mirabelle.log:0.sledgehammer goal.unfolding 35172ms Ordered_Resolution_Prover.Abstract_Substitution 323:11113  timeout (SH 35172ms): Timed out
data/Apr20/RP/Abstract_Substitution/mirabelle.log:0.sledgehammer goal.by        32790ms Ordered_Resolution_Prover.Abstract_Substitution 323:11137  timeout (SH 32790ms): Timed out
data/Apr20/RP/Abstract_Substitution/mirabelle.log:0.sledgehammer goal.unfolding 32332ms Ordered_Resolution_Prover.Abstract_Substitution 329:11325  timeout (SH 32332ms): Timed out
data/Apr20/RP/Abstract_Substitution/mirabelle.log:0.sledgehammer goal.by        32306ms Ordered_Resolution_Prover.Abstract_Substitution 329:11354  timeout (SH 32305ms): Timed out
data/Apr20/RP/Abstract_Substitution/mirabelle.log:0.sledgehammer goal.unfolding 35375ms Ordered_Resolution_Prover.Abstract_Substitution 332:11448  timeout (SH 35375ms): Timed out
data/Apr20/RP/Abstract_Substitution/mirabelle.log:0.sledgehammer goal.unfolding 32998ms Ordered_Resolution_Prover.Abstract_Substitution 336:11636  timeout (SH 32998ms): Timed out
data/Apr20/RP/Abstract_Substitution/mirabelle.log:0.sledgehammer goal.by        33443ms Ordered_Resolution_Prover.Abstract_Substitution 336:11665  timeout (SH 33443ms): Timed out
data/Apr20/RP/Abstract_Substitution/mirabelle.log:0.sledgehammer goal.unfolding 34959ms Ordered_Resolution_Prover.Abstract_Substitution 342:11822  timeout (SH 34959ms): Timed out
data/Apr20/RP/Abstract_Substitution/mirabelle.log:0.sledgehammer goal.unfolding 32853ms Ordered_Resolution_Prover.Abstract_Substitution 345:11932  timeout (SH 32852ms): Timed out
data/Apr20/RP/Abstract_Substitution/mirabelle.log:0.sledgehammer goal.by        31849ms Ordered_Resolution_Prover.Abstract_Substitution 345:11956  timeout (SH 31849ms): Timed out
data/Apr20/RP/Abstract_Substitution/mirabelle.log:0.sledgehammer goal.by        32017ms Ordered_Resolution_Prover.Abstract_Substitution 348:12079  timeout (SH 32017ms): Timed out
data/Apr20/RP/Abstract_Substitution/mirabelle.log:0.sledgehammer goal.unfolding 34796ms Ordered_Resolution_Prover.Abstract_Substitution 372:12752  timeout (SH 34796ms): Timed out
data/Apr20/RP/Abstract_Substitution/mirabelle.log:0.sledgehammer goal.by        32877ms Ordered_Resolution_Prover.Abstract_Substitution 372:12809  timeout (SH 32877ms): Timed out
data/Apr20/RP/Abstract_Substitution/mirabelle.log:0.sledgehammer goal.unfolding 34942ms Ordered_Resolution_Prover.Abstract_Substitution 375:12882  timeout (SH 34942ms): Timed out
data/Apr20/RP/Abstract_Substitution/mirabelle.log:0.sledgehammer goal.by        32883ms Ordered_Resolution_Prover.Abstract_Substitution 375:12939  timeout (SH 32883ms): Timed out
data/Apr20/RP/Abstract_Substitution/mirabelle.log:0.sledgehammer goal.proof     34636ms Ordered_Resolution_Prover.Abstract_Substitution 378:13010  timeout (SH 34636ms): Timed out
data/Apr20/RP/Abstract_Substitution/mirabelle.log:0.sledgehammer goal.by        35759ms Ordered_Resolution_Prover.Abstract_Substitution 382:13274  timeout (SH 35759ms): Timed out
data/Apr20/RP/Abstract_Substitution/mirabelle.log:0.sledgehammer goal.unfolding 32054ms Ordered_Resolution_Prover.Abstract_Substitution 400:13799  timeout (SH 32053ms): Timed out
data/Apr20/RP/Abstract_Substitution/mirabelle.log:0.sledgehammer goal.unfolding 34846ms Ordered_Resolution_Prover.Abstract_Substitution 403:13883  timeout (SH 34846ms): Timed out
data/Apr20/RP/Abstract_Substitution/mirabelle.log:0.sledgehammer goal.unfolding 43493ms Ordered_Resolution_Prover.Abstract_Substitution 409:14089  timeout (SH 43493ms): Timed out
data/Apr20/RP/Abstract_Substitution/mirabelle.log:0.sledgehammer goal.unfolding 28752ms Ordered_Resolution_Prover.Abstract_Substitution 412:14181  timeout (SH 28752ms): Timed out
data/Apr20/RP/Abstract_Substitution/mirabelle.log:0.sledgehammer goal.unfolding 33269ms Ordered_Resolution_Prover.Abstract_Substitution 415:14277  timeout (SH 33269ms): Timed out
data/Apr20/RP/Abstract_Substitution/mirabelle.log:0.sledgehammer goal.unfolding 32193ms Ordered_Resolution_Prover.Abstract_Substitution 424:14553  timeout (SH 32193ms): Timed out
data/Apr20/RP/Abstract_Substitution/mirabelle.log:0.sledgehammer goal.unfolding 35414ms Ordered_Resolution_Prover.Abstract_Substitution 427:14639  timeout (SH 35414ms): Timed out
data/Apr20/RP/Abstract_Substitution/mirabelle.log:0.sledgehammer goal.unfolding 33842ms Ordered_Resolution_Prover.Abstract_Substitution 430:14732  timeout (SH 33841ms): Timed out
data/Apr20/RP/Abstract_Substitution/mirabelle.log:0.sledgehammer goal.unfolding 32037ms Ordered_Resolution_Prover.Abstract_Substitution 433:14826  timeout (SH 32037ms): Timed out
data/Apr20/RP/Abstract_Substitution/mirabelle.log:0.sledgehammer goal.unfolding 32409ms Ordered_Resolution_Prover.Abstract_Substitution 436:14926  timeout (SH 32409ms): Timed out
data/Apr20/RP/Abstract_Substitution/mirabelle.log:0.sledgehammer goal.unfolding 33192ms Ordered_Resolution_Prover.Abstract_Substitution 439:15026  timeout (SH 33192ms): Timed out
data/Apr20/RP/Abstract_Substitution/mirabelle.log:0.sledgehammer goal.unfolding 33105ms Ordered_Resolution_Prover.Abstract_Substitution 442:15127  timeout (SH 33104ms): Timed out
data/Apr20/RP/Abstract_Substitution/mirabelle.log:0.sledgehammer goal.unfolding 32191ms Ordered_Resolution_Prover.Abstract_Substitution 445:15233  timeout (SH 32191ms): Timed out
data/Apr20/RP/Abstract_Substitution/mirabelle.log:0.sledgehammer goal.unfolding 31869ms Ordered_Resolution_Prover.Abstract_Substitution 448:15345  timeout (SH 31869ms): Timed out
data/Apr20/RP/Abstract_Substitution/mirabelle.log:0.sledgehammer goal.using     49699ms Ordered_Resolution_Prover.Abstract_Substitution 451:15477  timeout (SH 49699ms): Timed out
data/Apr20/RP/Abstract_Substitution/mirabelle.log:0.sledgehammer goal.unfolding 35660ms Ordered_Resolution_Prover.Abstract_Substitution 457:15686  timeout (SH 35660ms): Timed out
data/Apr20/RP/Abstract_Substitution/mirabelle.log:0.sledgehammer goal.unfolding 32492ms Ordered_Resolution_Prover.Abstract_Substitution 460:15786  timeout (SH 32492ms): Timed out
data/Apr20/RP/Abstract_Substitution/mirabelle.log:0.sledgehammer goal.using     33273ms Ordered_Resolution_Prover.Abstract_Substitution 463:15903  timeout (SH 33273ms): Timed out
data/Apr20/RP/Abstract_Substitution/mirabelle.log:0.sledgehammer goal.unfolding 32120ms Ordered_Resolution_Prover.Abstract_Substitution 466:16021  timeout (SH 32120ms): Timed out
data/Apr20/RP/Abstract_Substitution/mirabelle.log:0.sledgehammer goal.unfolding 34496ms Ordered_Resolution_Prover.Abstract_Substitution 472:16173  timeout (SH 34496ms): Timed out
data/Apr20/RP/Abstract_Substitution/mirabelle.log:0.sledgehammer goal.unfolding 32384ms Ordered_Resolution_Prover.Abstract_Substitution 475:16287  timeout (SH 32384ms): Timed out
data/Apr20/RP/Abstract_Substitution/mirabelle.log:0.sledgehammer goal.unfolding 33045ms Ordered_Resolution_Prover.Abstract_Substitution 478:16399  timeout (SH 33045ms): Timed out
data/Apr20/RP/Abstract_Substitution/mirabelle.log:0.sledgehammer goal.unfolding 32373ms Ordered_Resolution_Prover.Abstract_Substitution 481:16513  timeout (SH 32373ms): Timed out
data/Apr20/RP/Abstract_Substitution/mirabelle.log:0.sledgehammer goal.unfolding 37884ms Ordered_Resolution_Prover.Abstract_Substitution 484:16640  timeout (SH 37884ms): Timed out
data/Apr20/RP/Abstract_Substitution/mirabelle.log:0.sledgehammer goal.unfolding 37249ms Ordered_Resolution_Prover.Abstract_Substitution 490:16849  timeout (SH 37249ms): Timed out
data/Apr20/RP/Abstract_Substitution/mirabelle.log:0.sledgehammer goal.unfolding 32662ms Ordered_Resolution_Prover.Abstract_Substitution 493:16960  timeout (SH 32662ms): Timed out
data/Apr20/RP/Abstract_Substitution/mirabelle.log:0.sledgehammer goal.unfolding 33585ms Ordered_Resolution_Prover.Abstract_Substitution 498:17148  timeout (SH 33585ms): Timed out
data/Apr20/RP/Abstract_Substitution/mirabelle.log:0.sledgehammer goal.unfolding 31912ms Ordered_Resolution_Prover.Abstract_Substitution 501:17263  timeout (SH 31912ms): Timed out
data/Apr20/RP/Abstract_Substitution/mirabelle.log:0.sledgehammer goal.unfolding 32398ms Ordered_Resolution_Prover.Abstract_Substitution 507:17403  timeout (SH 32398ms): Timed out
data/Apr20/RP/Abstract_Substitution/mirabelle.log:0.sledgehammer goal.unfolding 37139ms Ordered_Resolution_Prover.Abstract_Substitution 510:17498  timeout (SH 37139ms): Timed out
data/Apr20/RP/Abstract_Substitution/mirabelle.log:0.sledgehammer goal.unfolding 33565ms Ordered_Resolution_Prover.Abstract_Substitution 513:17593  timeout (SH 33565ms): Timed out
data/Apr20/RP/Abstract_Substitution/mirabelle.log:0.sledgehammer goal.unfolding 36199ms Ordered_Resolution_Prover.Abstract_Substitution 516:17695  timeout (SH 36199ms): Timed out
data/Apr20/RP/Abstract_Substitution/mirabelle.log:0.sledgehammer goal.unfolding 33529ms Ordered_Resolution_Prover.Abstract_Substitution 519:17795  timeout (SH 33529ms): Timed out
data/Apr20/RP/Abstract_Substitution/mirabelle.log:0.sledgehammer goal.unfolding 35612ms Ordered_Resolution_Prover.Abstract_Substitution 525:17959  timeout (SH 35612ms): Timed out
data/Apr20/RP/Abstract_Substitution/mirabelle.log:0.sledgehammer goal.unfolding 33025ms Ordered_Resolution_Prover.Abstract_Substitution 528:18052  timeout (SH 33025ms): Timed out
data/Apr20/RP/Abstract_Substitution/mirabelle.log:0.sledgehammer goal.unfolding 35461ms Ordered_Resolution_Prover.Abstract_Substitution 531:18153  timeout (SH 35461ms): Timed out
data/Apr20/RP/Abstract_Substitution/mirabelle.log:0.sledgehammer goal.by        33438ms Ordered_Resolution_Prover.Abstract_Substitution 531:18183  timeout (SH 33438ms): Timed out
data/Apr20/RP/Abstract_Substitution/mirabelle.log:0.sledgehammer goal.unfolding 35948ms Ordered_Resolution_Prover.Abstract_Substitution 540:18383  timeout (SH 35948ms): Timed out
data/Apr20/RP/Abstract_Substitution/mirabelle.log:0.sledgehammer goal.unfolding 33639ms Ordered_Resolution_Prover.Abstract_Substitution 543:18501  timeout (SH 33639ms): Timed out
data/Apr20/RP/Abstract_Substitution/mirabelle.log:0.sledgehammer goal.unfolding 33303ms Ordered_Resolution_Prover.Abstract_Substitution 546:18635  timeout (SH 33303ms): Timed out
data/Apr20/RP/Abstract_Substitution/mirabelle.log:0.sledgehammer goal.by        32521ms Ordered_Resolution_Prover.Abstract_Substitution 546:18670  timeout (SH 32521ms): Timed out
data/Apr20/RP/Abstract_Substitution/mirabelle.log:0.sledgehammer goal.unfolding 32845ms Ordered_Resolution_Prover.Abstract_Substitution 549:18750  timeout (SH 32845ms): Timed out
data/Apr20/RP/Abstract_Substitution/mirabelle.log:0.sledgehammer goal.unfolding 32599ms Ordered_Resolution_Prover.Abstract_Substitution 552:18870  timeout (SH 32599ms): Timed out
data/Apr20/RP/Abstract_Substitution/mirabelle.log:0.sledgehammer goal.by        33883ms Ordered_Resolution_Prover.Abstract_Substitution 552:18900  timeout (SH 33883ms): Timed out
data/Apr20/RP/Abstract_Substitution/mirabelle.log:0.sledgehammer goal.by        34040ms Ordered_Resolution_Prover.Abstract_Substitution 561:19109  timeout (SH 34040ms): Timed out
data/Apr20/RP/Abstract_Substitution/mirabelle.log:0.sledgehammer goal.by        33122ms Ordered_Resolution_Prover.Abstract_Substitution 564:19193  timeout (SH 33121ms): Timed out
data/Apr20/RP/Abstract_Substitution/mirabelle.log:0.sledgehammer goal.by        36086ms Ordered_Resolution_Prover.Abstract_Substitution 567:19308  timeout (SH 36086ms): Timed out
data/Apr20/RP/Abstract_Substitution/mirabelle.log:0.sledgehammer goal.by        33687ms Ordered_Resolution_Prover.Abstract_Substitution 574:19496  timeout (SH 33687ms): Timed out
data/Apr20/RP/Abstract_Substitution/mirabelle.log:0.sledgehammer goal.unfolding 33587ms Ordered_Resolution_Prover.Abstract_Substitution 577:19609  timeout (SH 33587ms): Timed out
data/Apr20/RP/Abstract_Substitution/mirabelle.log:0.sledgehammer goal.unfolding 34784ms Ordered_Resolution_Prover.Abstract_Substitution 580:19774  timeout (SH 34784ms): Timed out
data/Apr20/RP/Abstract_Substitution/mirabelle.log:0.sledgehammer goal.unfolding 36586ms Ordered_Resolution_Prover.Abstract_Substitution 584:19947  timeout (SH 36586ms): Timed out
data/Apr20/RP/Abstract_Substitution/mirabelle.log:0.sledgehammer goal.by        32343ms Ordered_Resolution_Prover.Abstract_Substitution 584:19982  timeout (SH 32343ms): Timed out
data/Apr20/RP/Abstract_Substitution/mirabelle.log:0.sledgehammer goal.unfolding 33651ms Ordered_Resolution_Prover.Abstract_Substitution 591:20277  timeout (SH 33651ms): Timed out
data/Apr20/RP/Abstract_Substitution/mirabelle.log:0.sledgehammer goal.by        33358ms Ordered_Resolution_Prover.Abstract_Substitution 591:20307  timeout (SH 33357ms): Timed out
data/Apr20/RP/Abstract_Substitution/mirabelle.log:0.sledgehammer goal.unfolding 33777ms Ordered_Resolution_Prover.Abstract_Substitution 600:20569  timeout (SH 33777ms): Timed out
data/Apr20/RP/Abstract_Substitution/mirabelle.log:0.sledgehammer goal.by        32959ms Ordered_Resolution_Prover.Abstract_Substitution 600:20598  timeout (SH 32959ms): Timed out
data/Apr20/RP/Abstract_Substitution/mirabelle.log:0.sledgehammer goal.unfolding 32862ms Ordered_Resolution_Prover.Abstract_Substitution 603:20693  timeout (SH 32862ms): Timed out
data/Apr20/RP/Abstract_Substitution/mirabelle.log:0.sledgehammer goal.unfolding 35143ms Ordered_Resolution_Prover.Abstract_Substitution 606:20830  timeout (SH 35143ms): Timed out
data/Apr20/RP/Abstract_Substitution/mirabelle.log:0.sledgehammer goal.unfolding 32733ms Ordered_Resolution_Prover.Abstract_Substitution 609:20976  timeout (SH 32733ms): Timed out
data/Apr20/RP/Abstract_Substitution/mirabelle.log:0.sledgehammer goal.by        33293ms Ordered_Resolution_Prover.Abstract_Substitution 609:21005  timeout (SH 33292ms): Timed out
data/Apr20/RP/Abstract_Substitution/mirabelle.log:0.sledgehammer goal.by        33227ms Ordered_Resolution_Prover.Abstract_Substitution 612:21117  timeout (SH 33227ms): Timed out
data/Apr20/RP/Abstract_Substitution/mirabelle.log:0.sledgehammer goal.unfolding 33066ms Ordered_Resolution_Prover.Abstract_Substitution 637:22116  timeout (SH 33066ms): Timed out
data/Apr20/RP/Abstract_Substitution/mirabelle.log:0.sledgehammer goal.by        33252ms Ordered_Resolution_Prover.Abstract_Substitution 637:22147  timeout (SH 33252ms): Timed out
data/Apr20/RP/Abstract_Substitution/mirabelle.log:0.sledgehammer goal.unfolding 32444ms Ordered_Resolution_Prover.Abstract_Substitution 707:25590  timeout (SH 32444ms): Timed out
data/Apr20/RP/Abstract_Substitution/mirabelle.log:0.sledgehammer goal.by        33007ms Ordered_Resolution_Prover.Abstract_Substitution 707:25615  timeout (SH 33007ms): Timed out
data/Apr20/RP/Abstract_Substitution/mirabelle.log:0.sledgehammer goal.unfolding 35800ms Ordered_Resolution_Prover.Abstract_Substitution 716:25878  timeout (SH 35800ms): Timed out
data/Apr20/RP/Abstract_Substitution/mirabelle.log:0.sledgehammer goal.unfolding 34667ms Ordered_Resolution_Prover.Abstract_Substitution 719:25980  timeout (SH 34667ms): Timed out
data/Apr20/RP/Abstract_Substitution/mirabelle.log:0.sledgehammer goal.unfolding 36160ms Ordered_Resolution_Prover.Abstract_Substitution 722:26095  timeout (SH 36160ms): Timed out
data/Apr20/RP/Abstract_Substitution/mirabelle.log:0.sledgehammer goal.unfolding 36449ms Ordered_Resolution_Prover.Abstract_Substitution 725:26236  timeout (SH 36449ms): Timed out
data/Apr20/RP/Abstract_Substitution/mirabelle.log:0.sledgehammer goal.unfolding 34169ms Ordered_Resolution_Prover.Abstract_Substitution 728:26349  timeout (SH 34169ms): Timed out
data/Apr20/RP/Abstract_Substitution/mirabelle.log:0.sledgehammer goal.unfolding 33189ms Ordered_Resolution_Prover.Abstract_Substitution 731:26471  timeout (SH 33189ms): Timed out
data/Apr20/RP/Abstract_Substitution/mirabelle.log:0.sledgehammer goal.unfolding 33331ms Ordered_Resolution_Prover.Abstract_Substitution 734:26596  timeout (SH 33331ms): Timed out
data/Apr20/RP/Abstract_Substitution/mirabelle.log:0.sledgehammer goal.proof     35356ms Ordered_Resolution_Prover.Abstract_Substitution 742:26798  timeout (SH 35356ms): Timed out
data/Apr20/RP/Abstract_Substitution/mirabelle.log:0.sledgehammer goal.using     47355ms Ordered_Resolution_Prover.Abstract_Substitution 750:27114  timeout (SH 47355ms): Timed out
data/Apr20/RP/Abstract_Substitution/mirabelle.log:0.sledgehammer goal.by        35525ms Ordered_Resolution_Prover.Abstract_Substitution 750:27122  timeout (SH 35525ms): Timed out
data/Apr20/RP/Abstract_Substitution/mirabelle.log:0.sledgehammer goal.using     43183ms Ordered_Resolution_Prover.Abstract_Substitution 759:27314  timeout (SH 43183ms): Timed out
data/Apr20/RP/Abstract_Substitution/mirabelle.log:0.sledgehammer goal.by        38570ms Ordered_Resolution_Prover.Abstract_Substitution 791:28438  timeout (SH 38570ms): Timed out
data/Apr20/RP/Abstract_Substitution/mirabelle.log:0.sledgehammer goal.by        31813ms Ordered_Resolution_Prover.Abstract_Substitution 794:28564  timeout (SH 31813ms): Timed out
data/Apr20/RP/Abstract_Substitution/mirabelle.log:0.sledgehammer goal.by        32137ms Ordered_Resolution_Prover.Abstract_Substitution 798:28714  timeout (SH 32137ms): Timed out
data/Apr20/RP/Abstract_Substitution/mirabelle.log:0.sledgehammer goal.by        32363ms Ordered_Resolution_Prover.Abstract_Substitution 802:28859  timeout (SH 32363ms): Timed out
data/Apr20/RP/Abstract_Substitution/mirabelle.log:0.sledgehammer goal.unfolding 35652ms Ordered_Resolution_Prover.Abstract_Substitution 837:30262  timeout (SH 35652ms): Timed out
data/Apr20/RP/Abstract_Substitution/mirabelle.log:0.sledgehammer goal.unfolding 35223ms Ordered_Resolution_Prover.Abstract_Substitution 840:30411  timeout (SH 35223ms): Timed out
data/Apr20/RP/Abstract_Substitution/mirabelle.log:0.sledgehammer goal.by        32897ms Ordered_Resolution_Prover.Abstract_Substitution 840:30463  timeout (SH 32897ms): Timed out
data/Apr20/RP/Abstract_Substitution/mirabelle.log:0.sledgehammer goal.unfolding 36064ms Ordered_Resolution_Prover.Abstract_Substitution 844:30586  timeout (SH 36064ms): Timed out
data/Apr20/RP/Abstract_Substitution/mirabelle.log:0.sledgehammer goal.by        33390ms Ordered_Resolution_Prover.Abstract_Substitution 844:30639  timeout (SH 33390ms): Timed out
data/Apr20/RP/Abstract_Substitution/mirabelle.log:0.sledgehammer goal.unfolding 32885ms Ordered_Resolution_Prover.Abstract_Substitution 854:30907  timeout (SH 32885ms): Timed out
data/Apr20/RP/Abstract_Substitution/mirabelle.log:0.sledgehammer goal.unfolding 40450ms Ordered_Resolution_Prover.Abstract_Substitution 858:31074  timeout (SH 40450ms): Timed out
data/Apr20/RP/Abstract_Substitution/mirabelle.log:0.sledgehammer goal.unfolding 35266ms Ordered_Resolution_Prover.Abstract_Substitution 867:31368  timeout (SH 35266ms): Timed out
data/Apr20/RP/Abstract_Substitution/mirabelle.log:0.sledgehammer goal.unfolding 32882ms Ordered_Resolution_Prover.Abstract_Substitution 870:31511  timeout (SH 32882ms): Timed out
data/Apr20/RP/Abstract_Substitution/mirabelle.log:0.sledgehammer goal.unfolding 36155ms Ordered_Resolution_Prover.Abstract_Substitution 873:31652  timeout (SH 36155ms): Timed out
data/Apr20/RP/Abstract_Substitution/mirabelle.log:0.sledgehammer goal.unfolding 32897ms Ordered_Resolution_Prover.Abstract_Substitution 883:32086  timeout (SH 32897ms): Timed out
data/Apr20/RP/Abstract_Substitution/mirabelle.log:0.sledgehammer goal.unfolding 35382ms Ordered_Resolution_Prover.Abstract_Substitution 886:32209  timeout (SH 35382ms): Timed out
data/Apr20/RP/Abstract_Substitution/mirabelle.log:0.sledgehammer goal.using     33116ms Ordered_Resolution_Prover.Abstract_Substitution 891:32399  timeout (SH 33116ms): Timed out
data/Apr20/RP/Abstract_Substitution/mirabelle.log:0.sledgehammer goal.by        33051ms Ordered_Resolution_Prover.Abstract_Substitution 891:32411  timeout (SH 33051ms): Timed out
data/Apr20/RP/Abstract_Substitution/mirabelle.log:0.sledgehammer goal.unfolding 35375ms Ordered_Resolution_Prover.Abstract_Substitution 907:33105  timeout (SH 35375ms): Timed out
data/Apr20/RP/Abstract_Substitution/mirabelle.log:0.sledgehammer goal.using     36859ms Ordered_Resolution_Prover.Abstract_Substitution 916:33406  timeout (SH 36859ms): Timed out
data/Apr20/RP/Abstract_Substitution/mirabelle.log:0.sledgehammer goal.by        33860ms Ordered_Resolution_Prover.Abstract_Substitution 917:33444  timeout (SH 33860ms): Timed out
data/Apr20/RP/Abstract_Substitution/mirabelle.log:0.sledgehammer goal.by        33201ms Ordered_Resolution_Prover.Abstract_Substitution 922:33633  timeout (SH 33201ms): Timed out
data/Apr20/RP/Abstract_Substitution/mirabelle.log:0.sledgehammer goal.unfolding 34161ms Ordered_Resolution_Prover.Abstract_Substitution 946:34731  timeout (SH 34161ms): Timed out
data/Apr20/RP/Abstract_Substitution/mirabelle.log:0.sledgehammer goal.unfolding 35281ms Ordered_Resolution_Prover.Abstract_Substitution 989:36505  timeout (SH 35281ms): Timed out
data/Apr20/RP/Abstract_Substitution/mirabelle.log:0.sledgehammer goal.unfolding 33287ms Ordered_Resolution_Prover.Abstract_Substitution 990:36553  timeout (SH 33287ms): Timed out
data/Apr20/RP/Abstract_Substitution/mirabelle.log:0.sledgehammer goal.unfolding 35099ms Ordered_Resolution_Prover.Abstract_Substitution 1011:37147  timeout (SH 35099ms): Timed out
data/Apr20/RP/Abstract_Substitution/mirabelle.log:0.sledgehammer goal.unfolding 31161ms Ordered_Resolution_Prover.Abstract_Substitution 1017:37382  timeout (SH 31161ms): Timed out
data/Apr20/RP/Abstract_Substitution/mirabelle.log:0.sledgehammer goal.by        33159ms Ordered_Resolution_Prover.Abstract_Substitution 1018:37471  timeout (SH 33159ms): Timed out
data/Apr20/RP/Abstract_Substitution/mirabelle.log:0.sledgehammer goal.unfolding 33804ms Ordered_Resolution_Prover.Abstract_Substitution 1028:37882  timeout (SH 33804ms): Timed out
data/Apr20/RP/Abstract_Substitution/mirabelle.log:0.sledgehammer goal.proof     34374ms Ordered_Resolution_Prover.Abstract_Substitution 1070:39515  timeout (SH 34374ms): Timed out
data/Apr20/RP/Abstract_Substitution/mirabelle.log:0.sledgehammer goal.using     33053ms Ordered_Resolution_Prover.Abstract_Substitution 1100:40794  timeout (SH 33053ms): Timed out
data/Apr20/RP/Abstract_Substitution/mirabelle.log:0.sledgehammer goal.unfolding 33055ms Ordered_Resolution_Prover.Abstract_Substitution 1106:40996  timeout (SH 33055ms): Timed out
data/Apr20/RP/Abstract_Substitution/mirabelle.log:0.sledgehammer goal.proof     35151ms Ordered_Resolution_Prover.Abstract_Substitution 1202:44435  timeout (SH 35151ms): Timed out
data/Apr20/RP/Abstract_Substitution/mirabelle.log:0.sledgehammer goal.proof     35288ms Ordered_Resolution_Prover.Abstract_Substitution 1213:44741  timeout (SH 35288ms): Timed out
data/Apr20/RP/Abstract_Substitution/mirabelle.log:0.sledgehammer goal.using     35096ms Ordered_Resolution_Prover.Abstract_Substitution 1222:45063  timeout (SH 35096ms): Timed out
data/Apr20/RP/Abstract_Substitution/mirabelle.log:0.sledgehammer goal.by        35030ms Ordered_Resolution_Prover.Abstract_Substitution 1222:45139  timeout (SH 35030ms): Timed out
data/Apr20/RP/Abstract_Substitution/mirabelle.log:0.sledgehammer goal.proof     34820ms Ordered_Resolution_Prover.Abstract_Substitution 1239:45789  timeout (SH 34820ms): Timed out
data/Apr20/RP/Abstract_Substitution/mirabelle.log:0.sledgehammer goal.by        35557ms Ordered_Resolution_Prover.Abstract_Substitution 1242:45849  timeout (SH 35557ms): Timed out
data/Apr20/RP/Abstract_Substitution/mirabelle.log:0.sledgehammer goal.by        35022ms Ordered_Resolution_Prover.Abstract_Substitution 1247:46005  timeout (SH 35022ms): Timed out
data/Apr20/RP/Abstract_Substitution/mirabelle.log:0.sledgehammer goal.using     34712ms Ordered_Resolution_Prover.Abstract_Substitution 1255:46373  timeout (SH 34712ms): Timed out
data/Apr20/RP/Abstract_Substitution/mirabelle.log:0.sledgehammer goal.by        35850ms Ordered_Resolution_Prover.Abstract_Substitution 1258:46529  timeout (SH 35850ms): Timed out
data/Apr20/RP/Abstract_Substitution/mirabelle.log:0.sledgehammer goal.proof     34539ms Ordered_Resolution_Prover.Abstract_Substitution 1263:46749  timeout (SH 34538ms): Timed out
data/Apr20/RP/Abstract_Substitution/mirabelle.log:0.sledgehammer goal.using     33185ms Ordered_Resolution_Prover.Abstract_Substitution 1267:46871  timeout (SH 33185ms): Timed out
data/Apr20/RP/Abstract_Substitution/mirabelle.log:0.sledgehammer goal.unfolding 33941ms Ordered_Resolution_Prover.Abstract_Substitution 1281:47434  timeout (SH 33941ms): Timed out
data/Apr20/RP/Abstract_Substitution/mirabelle.log:0.sledgehammer goal.using     33240ms Ordered_Resolution_Prover.Abstract_Substitution 1282:47498  timeout (SH 33240ms): Timed out
data/Apr20/RP/Abstract_Substitution/mirabelle.log:0.sledgehammer goal.by        34436ms Ordered_Resolution_Prover.Abstract_Substitution 1282:47541  timeout (SH 34435ms): Timed out
data/Apr20/RP/Abstract_Substitution/mirabelle.log:0.sledgehammer goal.unfolding 33530ms Ordered_Resolution_Prover.Abstract_Substitution 1284:47640  timeout (SH 33530ms): Timed out
data/Apr20/RP/Abstract_Substitution/mirabelle.log:0.sledgehammer goal.using     33558ms Ordered_Resolution_Prover.Abstract_Substitution 1288:47885  timeout (SH 33558ms): Timed out
data/Apr20/RP/Abstract_Substitution/mirabelle.log:0.sledgehammer goal.unfolding 33519ms Ordered_Resolution_Prover.Abstract_Substitution 1291:48046  timeout (SH 33519ms): Timed out
data/Apr20/RP/Abstract_Substitution/mirabelle.log:0.sledgehammer goal.by        33011ms Ordered_Resolution_Prover.Abstract_Substitution 1291:48064  timeout (SH 33011ms): Timed out
data/Apr20/RP/Abstract_Substitution/mirabelle.log:0.sledgehammer goal.proof     29261ms Ordered_Resolution_Prover.Abstract_Substitution 1297:48238  timeout (SH 29261ms): Timed out
data/Apr20/RP/Abstract_Substitution/mirabelle.log:0.sledgehammer goal.by        34047ms Ordered_Resolution_Prover.Abstract_Substitution 1303:48463  timeout (SH 34047ms): Timed out
data/Apr20/RP/Abstract_Substitution/mirabelle.log:0.sledgehammer goal.by        33563ms Ordered_Resolution_Prover.Abstract_Substitution 1312:48631  timeout (SH 33563ms): Timed out
data/Apr20/RP/Abstract_Substitution/mirabelle.log:0.sledgehammer goal.using     33419ms Ordered_Resolution_Prover.Abstract_Substitution 1314:48732  timeout (SH 33419ms): Timed out
data/Apr20/RP/Abstract_Substitution/mirabelle.log:0.sledgehammer goal.unfolding 32934ms Ordered_Resolution_Prover.Abstract_Substitution 1314:48747  timeout (SH 32934ms): Timed out
data/Apr20/RP/Abstract_Substitution/mirabelle.log:0.sledgehammer goal.using     33457ms Ordered_Resolution_Prover.Abstract_Substitution 1316:48818  timeout (SH 33457ms): Timed out
data/Apr20/RP/Abstract_Substitution/mirabelle.log:0.sledgehammer goal.unfolding 33008ms Ordered_Resolution_Prover.Abstract_Substitution 1316:48827  timeout (SH 33008ms): Timed out
data/Apr20/RP/Abstract_Substitution/mirabelle.log:0.sledgehammer goal.using     33309ms Ordered_Resolution_Prover.Abstract_Substitution 1320:49054  timeout (SH 33309ms): Timed out
data/Apr20/RP/Abstract_Substitution/mirabelle.log:0.sledgehammer goal.by        32697ms Ordered_Resolution_Prover.Abstract_Substitution 1320:49097  timeout (SH 32696ms): Timed out
data/Apr20/RP/Abstract_Substitution/mirabelle.log:0.sledgehammer goal.using     33276ms Ordered_Resolution_Prover.Abstract_Substitution 1325:49260  timeout (SH 33276ms): Timed out
data/Apr20/RP/Abstract_Substitution/mirabelle.log:0.sledgehammer goal.unfolding 32923ms Ordered_Resolution_Prover.Abstract_Substitution 1325:49269  timeout (SH 32923ms): Timed out
data/Apr20/RP/Abstract_Substitution/mirabelle.log:0.sledgehammer goal.by        33555ms Ordered_Resolution_Prover.Abstract_Substitution 1326:49324  timeout (SH 33555ms): Timed out
data/Apr20/RP/Abstract_Substitution/mirabelle.log:0.sledgehammer goal.by        33296ms Ordered_Resolution_Prover.Abstract_Substitution 1331:49651  timeout (SH 33296ms): Timed out
data/Apr20/RP/Abstract_Substitution/mirabelle.log:0.sledgehammer goal.using     33394ms Ordered_Resolution_Prover.Abstract_Substitution 1333:49709  timeout (SH 33394ms): Timed out
data/Apr20/RP/Abstract_Substitution/mirabelle.log:0.sledgehammer goal.unfolding 34019ms Ordered_Resolution_Prover.Abstract_Substitution 1335:49820  timeout (SH 34019ms): Timed out
data/Apr20/RP/Abstract_Substitution/mirabelle.log:0.sledgehammer goal.by        33636ms Ordered_Resolution_Prover.Abstract_Substitution 1335:49838  timeout (SH 33636ms): Timed out
data/Apr20/RP/Abstract_Substitution/mirabelle.log:0.sledgehammer goal.proof     32496ms Ordered_Resolution_Prover.Abstract_Substitution 1372:50960  timeout (SH 32496ms): Timed out
data/Apr20/RP/Abstract_Substitution/mirabelle.log:0.sledgehammer goal.using     34388ms Ordered_Resolution_Prover.Abstract_Substitution 1374:51039  timeout (SH 34388ms): Timed out
data/Apr20/RP/Abstract_Substitution/mirabelle.log:0.sledgehammer goal.using     33592ms Ordered_Resolution_Prover.Abstract_Substitution 1378:51240  timeout (SH 33592ms): Timed out
data/Apr20/RP/Abstract_Substitution/mirabelle.log:0.sledgehammer goal.unfolding 33216ms Ordered_Resolution_Prover.Abstract_Substitution 1378:51264  timeout (SH 33216ms): Timed out
data/Apr20/RP/Abstract_Substitution/mirabelle.log:0.sledgehammer goal.by        33795ms Ordered_Resolution_Prover.Abstract_Substitution 1379:51309  timeout (SH 33795ms): Timed out
data/Apr20/RP/Lazy_List_Liminf/mirabelle.log:0.sledgehammer goal.unfolding 33359ms Ordered_Resolution_Prover.Lazy_List_Liminf 46:1603  timeout (SH 33359ms): Timed out
data/Apr20/RP/Lazy_List_Liminf/mirabelle.log:0.sledgehammer goal.proof     33657ms Ordered_Resolution_Prover.Lazy_List_Liminf 47:1627  timeout (SH 33656ms): Timed out
data/Apr20/RP/Lazy_List_Liminf/mirabelle.log:0.sledgehammer goal.unfolding 35058ms Ordered_Resolution_Prover.Lazy_List_Liminf 70:2639  timeout (SH 35058ms): Timed out
data/Apr20/RP/Lazy_List_Liminf/mirabelle.log:0.sledgehammer goal.proof     33676ms Ordered_Resolution_Prover.Lazy_List_Liminf 75:2793  timeout (SH 33675ms): Timed out
data/Apr20/RP/Lazy_List_Liminf/mirabelle.log:0.sledgehammer goal.unfolding 30223ms Ordered_Resolution_Prover.Lazy_List_Liminf 82:2928  timeout (SH 30223ms): Timed out
data/Apr20/RP/Lazy_List_Liminf/mirabelle.log:0.sledgehammer goal.by        34057ms Ordered_Resolution_Prover.Lazy_List_Liminf 82:2967  timeout (SH 34057ms): Timed out
data/Apr20/RP/Lazy_List_Liminf/mirabelle.log:0.sledgehammer goal.unfolding 29491ms Ordered_Resolution_Prover.Lazy_List_Liminf 88:3184  timeout (SH 29491ms): Timed out
data/Apr20/RP/Lazy_List_Liminf/mirabelle.log:0.sledgehammer goal.by        33716ms Ordered_Resolution_Prover.Lazy_List_Liminf 88:3223  timeout (SH 33716ms): Timed out
data/Apr20/RP/Lazy_List_Liminf/mirabelle.log:0.sledgehammer goal.using     33778ms Ordered_Resolution_Prover.Lazy_List_Liminf 119:4418  timeout (SH 33778ms): Timed out
data/Apr20/RP/Lazy_List_Liminf/mirabelle.log:0.sledgehammer goal.proof     33087ms Ordered_Resolution_Prover.Lazy_List_Liminf 120:4430  timeout (SH 33087ms): Timed out
data/Apr20/RP/Lazy_List_Liminf/mirabelle.log:0.sledgehammer goal.using     154234ms Ordered_Resolution_Prover.Lazy_List_Liminf 129:4799  timeout (SH 154233ms):
data/Apr20/RP/Lazy_List_Liminf/mirabelle.log:0.sledgehammer goal.proof     33183ms Ordered_Resolution_Prover.Lazy_List_Liminf 147:5372  timeout (SH 33183ms): Timed out
data/Apr20/RP/Lazy_List_Liminf/mirabelle.log:0.sledgehammer goal.proof     34981ms Ordered_Resolution_Prover.Lazy_List_Liminf 150:5434  timeout (SH 34981ms): Timed out
data/Apr20/RP/Lazy_List_Liminf/mirabelle.log:0.sledgehammer goal.by        34255ms Ordered_Resolution_Prover.Lazy_List_Liminf 157:5697  timeout (SH 34255ms): Timed out
data/Apr20/RP/Lazy_List_Liminf/mirabelle.log:0.sledgehammer goal.by        34806ms Ordered_Resolution_Prover.Lazy_List_Liminf 162:6021  timeout (SH 34806ms): Timed out
data/Apr20/RP/Lazy_List_Liminf/mirabelle.log:0.sledgehammer goal.by        34403ms Ordered_Resolution_Prover.Lazy_List_Liminf 165:6144  timeout (SH 34402ms): Timed out
data/Apr20/RP/Lazy_List_Liminf/mirabelle.log:0.sledgehammer goal.by        33637ms Ordered_Resolution_Prover.Lazy_List_Liminf 184:6840  timeout (SH 33637ms): Timed out
data/Apr20/RP/Lazy_List_Liminf/mirabelle.log:0.sledgehammer goal.proof     33114ms Ordered_Resolution_Prover.Lazy_List_Liminf 189:7050  timeout (SH 33114ms): Timed out
data/Apr20/RP/Lazy_List_Liminf/mirabelle.log:0.sledgehammer goal.unfolding 33404ms Ordered_Resolution_Prover.Lazy_List_Liminf 205:7687  timeout (SH 33404ms): Timed out
data/Apr20/RP/Lazy_List_Liminf/mirabelle.log:0.sledgehammer goal.by        33255ms Ordered_Resolution_Prover.Lazy_List_Liminf 205:7714  timeout (SH 33255ms): Timed out
data/Apr20/RP/Lazy_List_Liminf/mirabelle.log:0.sledgehammer goal.unfolding 34876ms Ordered_Resolution_Prover.Lazy_List_Liminf 214:8021  timeout (SH 34876ms): Timed out
data/Apr20/RP/Lazy_List_Liminf/mirabelle.log:0.sledgehammer goal.proof     34009ms Ordered_Resolution_Prover.Lazy_List_Liminf 222:8294  timeout (SH 34009ms): Timed out
data/Apr20/RP/Lazy_List_Liminf/mirabelle.log:0.sledgehammer goal.proof     34089ms Ordered_Resolution_Prover.Lazy_List_Liminf 224:8319  timeout (SH 34089ms): Timed out
data/Apr20/RP/Lazy_List_Liminf/mirabelle.log:0.sledgehammer goal.using     33979ms Ordered_Resolution_Prover.Lazy_List_Liminf 233:8605  timeout (SH 33979ms): Timed out
data/Apr20/RP/Lazy_List_Liminf/mirabelle.log:0.sledgehammer goal.using     33780ms Ordered_Resolution_Prover.Lazy_List_Liminf 237:8836  timeout (SH 33779ms): Timed out
data/Apr20/RP/Lazy_List_Liminf/mirabelle.log:0.sledgehammer goal.proof     33890ms Ordered_Resolution_Prover.Lazy_List_Liminf 253:9380  timeout (SH 33890ms): Timed out
data/Apr20/RP/Lazy_List_Liminf/mirabelle.log:0.sledgehammer goal.proof     34364ms Ordered_Resolution_Prover.Lazy_List_Liminf 272:10029  timeout (SH 34364ms): Timed out
data/Apr20/RP/Lazy_List_Liminf/mirabelle.log:0.sledgehammer goal.proof     31441ms Ordered_Resolution_Prover.Lazy_List_Liminf 274:10058  timeout (SH 31441ms): Timed out
data/Apr20/RP/Lazy_List_Liminf/mirabelle.log:0.sledgehammer goal.unfolding 34271ms Ordered_Resolution_Prover.Lazy_List_Liminf 280:10270  timeout (SH 34271ms): Timed out
data/Apr20/RP/Lazy_List_Liminf/mirabelle.log:0.sledgehammer goal.apply     33893ms Ordered_Resolution_Prover.Lazy_List_Liminf 285:10517  timeout (SH 33893ms): Timed out
data/Apr20/RP/Lazy_List_Liminf/mirabelle.log:0.sledgehammer goal.using     33637ms Ordered_Resolution_Prover.Lazy_List_Liminf 286:10584  timeout (SH 33637ms): Timed out
data/Apr20/RP/Lazy_List_Liminf/mirabelle.log:0.sledgehammer goal.using     165172ms Ordered_Resolution_Prover.Lazy_List_Liminf 289:10780  timeout (SH 165172ms):
data/Apr20/RP/Lazy_List_Liminf/mirabelle.log:0.sledgehammer goal.unfolding 164551ms Ordered_Resolution_Prover.Lazy_List_Liminf 289:10791  timeout (SH 164551ms):
data/Apr20/RP/Lazy_List_Liminf/mirabelle.log:0.sledgehammer goal.using     34386ms Ordered_Resolution_Prover.Lazy_List_Liminf 293:10862  timeout (SH 34386ms): Timed out
data/Apr20/RP/Lazy_List_Liminf/mirabelle.log:0.sledgehammer goal.proof     30700ms Ordered_Resolution_Prover.Lazy_List_Liminf 300:11162  timeout (SH 30699ms): Timed out
data/Apr20/RP/Lazy_List_Liminf/mirabelle.log:0.sledgehammer goal.using     33950ms Ordered_Resolution_Prover.Lazy_List_Liminf 306:11371  timeout (SH 33950ms): Timed out
data/Apr20/RP/Lazy_List_Liminf/mirabelle.log:0.sledgehammer goal.using     33895ms Ordered_Resolution_Prover.Lazy_List_Liminf 310:11626  timeout (SH 33895ms): Timed out
data/Apr20/RP/Lazy_List_Liminf/mirabelle.log:0.sledgehammer goal.by        33972ms Ordered_Resolution_Prover.Lazy_List_Liminf 312:11754  timeout (SH 33972ms): Timed out
data/Apr20/RP/Lazy_List_Liminf/mirabelle.log:0.sledgehammer goal.using     31121ms Ordered_Resolution_Prover.Lazy_List_Liminf 316:11808  timeout (SH 31121ms): Timed out
data/Apr20/RP/Lazy_List_Liminf/mirabelle.log:0.sledgehammer goal.unfolding 31131ms Ordered_Resolution_Prover.Lazy_List_Liminf 316:11820  timeout (SH 31131ms): Timed out
data/Apr20/RP/Lazy_List_Liminf/mirabelle.log:0.sledgehammer goal.by        33980ms Ordered_Resolution_Prover.Lazy_List_Liminf 316:11847  timeout (SH 33980ms): Timed out
data/Apr20/RP/Lazy_List_Liminf/mirabelle.log:0.sledgehammer goal.unfolding 33218ms Ordered_Resolution_Prover.Lazy_List_Liminf 321:11970  timeout (SH 33218ms): Timed out
data/Apr20/RP/Lazy_List_Liminf/mirabelle.log:0.sledgehammer goal.by        33170ms Ordered_Resolution_Prover.Lazy_List_Liminf 321:11997  timeout (SH 33170ms): Timed out
data/Apr20/RP/Lazy_List_Liminf/mirabelle.log:0.sledgehammer goal.unfolding 33414ms Ordered_Resolution_Prover.Lazy_List_Liminf 333:12362  timeout (SH 33414ms): Timed out
data/Apr20/RP/Lazy_List_Liminf/mirabelle.log:0.sledgehammer goal.by        34312ms Ordered_Resolution_Prover.Lazy_List_Liminf 334:12413  timeout (SH 34312ms): Timed out
data/Apr20/RP/Lazy_List_Liminf/mirabelle.log:0.sledgehammer goal.proof     33064ms Ordered_Resolution_Prover.Lazy_List_Liminf 339:12618  timeout (SH 33064ms): Timed out
data/Apr20/RP/Lazy_List_Liminf/mirabelle.log:0.sledgehammer goal.by        34716ms Ordered_Resolution_Prover.Lazy_List_Liminf 342:12722  timeout (SH 34716ms): Timed out
data/Apr20/RP/Lazy_List_Liminf/mirabelle.log:0.sledgehammer goal.by        33288ms Ordered_Resolution_Prover.Lazy_List_Liminf 375:13812  timeout (SH 33288ms): Timed out
data/Apr20/RP/Lazy_List_Liminf/mirabelle.log:0.sledgehammer goal.unfolding 32843ms Ordered_Resolution_Prover.Lazy_List_Liminf 387:14250  timeout (SH 32843ms): Timed out
data/Apr20/RP/Lazy_List_Liminf/mirabelle.log:0.sledgehammer goal.using     33700ms Ordered_Resolution_Prover.Lazy_List_Liminf 387:14299  timeout (SH 33700ms): Timed out
data/Apr20/RP/Lazy_List_Liminf/mirabelle.log:0.sledgehammer goal.by        34033ms Ordered_Resolution_Prover.Lazy_List_Liminf 387:14323  timeout (SH 34033ms): Timed out
