0.sledgehammer initialize Params for sledgehammer: {abduce = SOME 0, cache_dir = NONE, compress = NONE, debug = false, expect =
0.sledgehammer initialize  "", fact_filter = NONE, fact_thresholds = (0.45, 0.85), falsify =
0.sledgehammer initialize  SOME false, induction_rules = NONE, instantiate = NONE, isar_proofs = NONE,
0.sledgehammer initialize  lam_trans = NONE, learn = true, max_facts = NONE, max_mono_iters = NONE,
0.sledgehammer initialize  max_new_mono_instances = NONE, max_proofs = 4, minimize = true, overlord =
0.sledgehammer initialize  false, preplay_provers = ["cvc5"], preplay_timeout = 1.000, provers =
0.sledgehammer initialize  ["cvc5_proof"], slices = 96, smt_proofs = true, spy = false, strict =
0.sledgehammer initialize  false, timeout = 10.000, try0 = false, type_enc = NONE, uncurried_aliases =
0.sledgehammer initialize  NONE, verbose = false}
0.sledgehammer goal.proof     12419ms Simplex.Simplex_Auxiliary 58:1518  timeout (SH 12419ms): Timed out
0.sledgehammer goal.proof     54389ms Simplex.Simplex_Auxiliary 196:5105  timeout (SH 54389ms):
0.sledgehammer goal.using     41805ms Simplex.Simplex_Auxiliary 202:5274  some (SH 41804ms, ATP 848ms): Try this: by (smt (cvc5, interleave) insert_iff mem_Collect_eq) (3.2 s)
0.sledgehammer goal.using     41805ms Simplex.Simplex_Auxiliary 202:5274  some Preplay: (smt (cvc5, interleave) insert_iff mem_Collect_eq) (3.2 s)
0.sledgehammer goal.using     41805ms Simplex.Simplex_Auxiliary 202:5274  some Preplay: (smt (cvc5, prereg_lazy) insert_iff mem_Collect_eq) (3.3 s)
0.sledgehammer goal.using     41805ms Simplex.Simplex_Auxiliary 202:5274  some Preplay: (smt (cvc5, term_db_relevant) insert_iff mem_Collect_eq) (3.4 s)
0.sledgehammer goal.using     41805ms Simplex.Simplex_Auxiliary 202:5274  some Preplay: (smt (cvc5, mbqi) insert_iff mem_Collect_eq) (3.6 s)
0.sledgehammer goal.using     41805ms Simplex.Simplex_Auxiliary 202:5274  some Preplay: (smt (cvc5, finite_mode_find_e_matching) insert_iff mem_Collect_eq) (3.9 s)
0.sledgehammer goal.using     41805ms Simplex.Simplex_Auxiliary 202:5274  some Preplay: (smt (cvc5, no_fmf_mbqi) insert_iff mem_Collect_eq) (4.1 s)
0.sledgehammer goal.using     41805ms Simplex.Simplex_Auxiliary 202:5274  some Preplay: (smt (cvc5, best) insert_iff mem_Collect_eq) (7.0 s)
0.sledgehammer goal.using     41805ms Simplex.Simplex_Auxiliary 202:5274  some Preplay: (smt (cvc5, dec_internal_no_simp) insert_iff mem_Collect_eq) (> 1.0 s, timed out)
0.sledgehammer goal.using     41805ms Simplex.Simplex_Auxiliary 202:5274  some Preplay: (smt (cvc5, dec_internal_enum_inst_sum) insert_iff mem_Collect_eq) (> 1.0 s, timed out)
0.sledgehammer goal.using     41805ms Simplex.Simplex_Auxiliary 202:5274  some Preplay: (smt (cvc5, finite_mode_find) insert_iff mem_Collect_eq) (> 1.0 s, timed out)
0.sledgehammer goal.using     41805ms Simplex.Simplex_Auxiliary 202:5274  some Preplay: (smt (cvc5, finite_mode_find_dec_internal) insert_iff mem_Collect_eq) (> 1.0 s, timed out)
0.sledgehammer goal.using     41805ms Simplex.Simplex_Auxiliary 202:5274  some Preplay: (smt (cvc5, finite_mode_find_macro_quant) insert_iff mem_Collect_eq) (failed)
0.sledgehammer goal.by        43728ms Simplex.Simplex_Auxiliary 203:5297  some (SH 43728ms, ATP 822ms): Try this: by (smt (cvc5, term_db_relevant) insert_iff mem_Collect_eq) (2.8 s)
0.sledgehammer goal.by        43728ms Simplex.Simplex_Auxiliary 203:5297  some Preplay: (smt (cvc5, term_db_relevant) insert_iff mem_Collect_eq) (2.8 s)
0.sledgehammer goal.by        43728ms Simplex.Simplex_Auxiliary 203:5297  some Preplay: (smt (cvc5, prereg_lazy) insert_iff mem_Collect_eq) (2.9 s)
0.sledgehammer goal.by        43728ms Simplex.Simplex_Auxiliary 203:5297  some Preplay: (smt (cvc5, interleave) insert_iff mem_Collect_eq) (3.6 s)
0.sledgehammer goal.by        43728ms Simplex.Simplex_Auxiliary 203:5297  some Preplay: (smt (cvc5, best) insert_iff mem_Collect_eq) (3.7 s)
0.sledgehammer goal.by        43728ms Simplex.Simplex_Auxiliary 203:5297  some Preplay: (smt (cvc5, finite_mode_find_e_matching) insert_iff mem_Collect_eq) (4.1 s)
0.sledgehammer goal.by        43728ms Simplex.Simplex_Auxiliary 203:5297  some Preplay: (smt (cvc5, mbqi) insert_iff mem_Collect_eq) (4.2 s)
0.sledgehammer goal.by        43728ms Simplex.Simplex_Auxiliary 203:5297  some Preplay: (smt (cvc5, no_fmf_mbqi) insert_iff mem_Collect_eq) (4.6 s)
0.sledgehammer goal.by        43728ms Simplex.Simplex_Auxiliary 203:5297  some Preplay: (smt (cvc5, dec_internal_no_simp) insert_iff mem_Collect_eq) (> 1.0 s, timed out)
0.sledgehammer goal.by        43728ms Simplex.Simplex_Auxiliary 203:5297  some Preplay: (smt (cvc5, dec_internal_enum_inst_sum) insert_iff mem_Collect_eq) (> 1.0 s, timed out)
0.sledgehammer goal.by        43728ms Simplex.Simplex_Auxiliary 203:5297  some Preplay: (smt (cvc5, finite_mode_find) insert_iff mem_Collect_eq) (> 1.0 s, timed out)
0.sledgehammer goal.by        43728ms Simplex.Simplex_Auxiliary 203:5297  some Preplay: (smt (cvc5, finite_mode_find_dec_internal) insert_iff mem_Collect_eq) (> 1.0 s, timed out)
0.sledgehammer goal.by        43728ms Simplex.Simplex_Auxiliary 203:5297  some Preplay: (smt (cvc5, finite_mode_find_macro_quant) insert_iff mem_Collect_eq) (failed)
0.sledgehammer goal.proof     61192ms Simplex.Rel_Chain 164:4587  some (SH 61191ms, ATP 637ms): Try this: by (smt (cvc5) List.last_tl \<open>tl l \<noteq> []\<close> add_diff_cancel_right' add_gr_0 assms(1,2,4) hd_conv_nth last_append last_take_conv_nth less_imp_le_nat take_eq_Nil tl_take zero_less_one)
0.sledgehammer goal.proof     61192ms Simplex.Rel_Chain 164:4587  some Preplay: (smt (cvc5, best) List.last_tl \<open>tl l \<noteq> []\<close> add_diff_cancel_right' add_gr_0 assms(1,2,4) hd_conv_nth last_append last_take_conv_nth less_imp_le_nat take_eq_Nil tl_take zero_less_one) (> 1.0 s, timed out)
0.sledgehammer goal.proof     61192ms Simplex.Rel_Chain 164:4587  some Preplay: (smt (cvc5, dec_internal_no_simp) List.last_tl \<open>tl l \<noteq> []\<close> add_diff_cancel_right' add_gr_0 assms(1,2,4) hd_conv_nth last_append last_take_conv_nth less_imp_le_nat take_eq_Nil tl_take zero_less_one) (> 1.0 s, timed out)
0.sledgehammer goal.proof     61192ms Simplex.Rel_Chain 164:4587  some Preplay: (smt (cvc5, dec_internal_enum_inst_sum) List.last_tl \<open>tl l \<noteq> []\<close> add_diff_cancel_right' add_gr_0 assms(1,2,4) hd_conv_nth last_append last_take_conv_nth less_imp_le_nat take_eq_Nil tl_take zero_less_one) (> 1.0 s, timed out)
0.sledgehammer goal.proof     61192ms Simplex.Rel_Chain 164:4587  some Preplay: (smt (cvc5, term_db_relevant) List.last_tl \<open>tl l \<noteq> []\<close> add_diff_cancel_right' add_gr_0 assms(1,2,4) hd_conv_nth last_append last_take_conv_nth less_imp_le_nat take_eq_Nil tl_take zero_less_one) (> 1.0 s, timed out)
0.sledgehammer goal.proof     61192ms Simplex.Rel_Chain 164:4587  some Preplay: (smt (cvc5, interleave) List.last_tl \<open>tl l \<noteq> []\<close> add_diff_cancel_right' add_gr_0 assms(1,2,4) hd_conv_nth last_append last_take_conv_nth less_imp_le_nat take_eq_Nil tl_take zero_less_one) (> 1.0 s, timed out)
0.sledgehammer goal.proof     61192ms Simplex.Rel_Chain 164:4587  some Preplay: (smt (cvc5, prereg_lazy) List.last_tl \<open>tl l \<noteq> []\<close> add_diff_cancel_right' add_gr_0 assms(1,2,4) hd_conv_nth last_append last_take_conv_nth less_imp_le_nat take_eq_Nil tl_take zero_less_one) (> 1.0 s, timed out)
0.sledgehammer goal.proof     61192ms Simplex.Rel_Chain 164:4587  some Preplay: (smt (cvc5, finite_mode_find) List.last_tl \<open>tl l \<noteq> []\<close> add_diff_cancel_right' add_gr_0 assms(1,2,4) hd_conv_nth last_append last_take_conv_nth less_imp_le_nat take_eq_Nil tl_take zero_less_one) (> 1.0 s, timed out)
0.sledgehammer goal.proof     61192ms Simplex.Rel_Chain 164:4587  some Preplay: (smt (cvc5, no_fmf_mbqi) List.last_tl \<open>tl l \<noteq> []\<close> add_diff_cancel_right' add_gr_0 assms(1,2,4) hd_conv_nth last_append last_take_conv_nth less_imp_le_nat take_eq_Nil tl_take zero_less_one) (> 1.0 s, timed out)
0.sledgehammer goal.proof     61192ms Simplex.Rel_Chain 164:4587  some Preplay: (smt (cvc5, finite_mode_find_dec_internal) List.last_tl \<open>tl l \<noteq> []\<close> add_diff_cancel_right' add_gr_0 assms(1,2,4) hd_conv_nth last_append last_take_conv_nth less_imp_le_nat take_eq_Nil tl_take zero_less_one) (> 1.0 s, timed out)
0.sledgehammer goal.proof     61192ms Simplex.Rel_Chain 164:4587  some Preplay: (smt (cvc5, finite_mode_find_macro_quant) List.last_tl \<open>tl l \<noteq> []\<close> add_diff_cancel_right' add_gr_0 assms(1,2,4) hd_conv_nth last_append last_take_conv_nth less_imp_le_nat take_eq_Nil tl_take zero_less_one) (> 1.0 s, timed out)
0.sledgehammer goal.proof     61192ms Simplex.Rel_Chain 164:4587  some Preplay: (smt (cvc5, finite_mode_find_e_matching) List.last_tl \<open>tl l \<noteq> []\<close> add_diff_cancel_right' add_gr_0 assms(1,2,4) hd_conv_nth last_append last_take_conv_nth less_imp_le_nat take_eq_Nil tl_take zero_less_one) (> 1.0 s, timed out)
0.sledgehammer goal.proof     61192ms Simplex.Rel_Chain 164:4587  some Preplay: (smt (cvc5, mbqi) List.last_tl \<open>tl l \<noteq> []\<close> add_diff_cancel_right' add_gr_0 assms(1,2,4) hd_conv_nth last_append last_take_conv_nth less_imp_le_nat take_eq_Nil tl_take zero_less_one) (> 1.0 s, timed out)
0.sledgehammer goal.proof     87520ms Simplex.Rel_Chain 178:5030  some (SH 87519ms, ATP 1518ms): Try this: by (smt (cvc5) append_take_drop_id assms(1,2,4,5) diff_diff_cancel diff_is_0_eq' hd_conv_nth hd_take hd_tl last_drop le_add2 le_numeral_extra(4) le_trans less_add_same_cancel2 linordered_semidom_class.add_diff_inverse list.size(3) nat_less_le rel_chain_append rel_chain_appendD(2) rel_chain_def rel_chain_take rel_chain_tl tl_take)
0.sledgehammer goal.proof     87520ms Simplex.Rel_Chain 178:5030  some Preplay: (smt (cvc5, best) append_take_drop_id assms(1,2,4,5) diff_diff_cancel diff_is_0_eq' hd_conv_nth hd_take hd_tl last_drop le_add2 le_numeral_extra(4) le_trans less_add_same_cancel2 linordered_semidom_class.add_diff_inverse list.size(3) nat_less_le rel_chain_append rel_chain_appendD(2) rel_chain_def rel_chain_take rel_chain_tl tl_take) (> 1.0 s, timed out)
0.sledgehammer goal.proof     87520ms Simplex.Rel_Chain 178:5030  some Preplay: (smt (cvc5, dec_internal_no_simp) append_take_drop_id assms(1,2,4,5) diff_diff_cancel diff_is_0_eq' hd_conv_nth hd_take hd_tl last_drop le_add2 le_numeral_extra(4) le_trans less_add_same_cancel2 linordered_semidom_class.add_diff_inverse list.size(3) nat_less_le rel_chain_append rel_chain_appendD(2) rel_chain_def rel_chain_take rel_chain_tl tl_take) (> 1.0 s, timed out)
0.sledgehammer goal.proof     87520ms Simplex.Rel_Chain 178:5030  some Preplay: (smt (cvc5, dec_internal_enum_inst_sum) append_take_drop_id assms(1,2,4,5) diff_diff_cancel diff_is_0_eq' hd_conv_nth hd_take hd_tl last_drop le_add2 le_numeral_extra(4) le_trans less_add_same_cancel2 linordered_semidom_class.add_diff_inverse list.size(3) nat_less_le rel_chain_append rel_chain_appendD(2) rel_chain_def rel_chain_take rel_chain_tl tl_take) (> 1.0 s, timed out)
0.sledgehammer goal.proof     87520ms Simplex.Rel_Chain 178:5030  some Preplay: (smt (cvc5, term_db_relevant) append_take_drop_id assms(1,2,4,5) diff_diff_cancel diff_is_0_eq' hd_conv_nth hd_take hd_tl last_drop le_add2 le_numeral_extra(4) le_trans less_add_same_cancel2 linordered_semidom_class.add_diff_inverse list.size(3) nat_less_le rel_chain_append rel_chain_appendD(2) rel_chain_def rel_chain_take rel_chain_tl tl_take) (> 1.0 s, timed out)
0.sledgehammer goal.proof     87520ms Simplex.Rel_Chain 178:5030  some Preplay: (smt (cvc5, interleave) append_take_drop_id assms(1,2,4,5) diff_diff_cancel diff_is_0_eq' hd_conv_nth hd_take hd_tl last_drop le_add2 le_numeral_extra(4) le_trans less_add_same_cancel2 linordered_semidom_class.add_diff_inverse list.size(3) nat_less_le rel_chain_append rel_chain_appendD(2) rel_chain_def rel_chain_take rel_chain_tl tl_take) (> 1.0 s, timed out)
0.sledgehammer goal.proof     87520ms Simplex.Rel_Chain 178:5030  some Preplay: (smt (cvc5, prereg_lazy) append_take_drop_id assms(1,2,4,5) diff_diff_cancel diff_is_0_eq' hd_conv_nth hd_take hd_tl last_drop le_add2 le_numeral_extra(4) le_trans less_add_same_cancel2 linordered_semidom_class.add_diff_inverse list.size(3) nat_less_le rel_chain_append rel_chain_appendD(2) rel_chain_def rel_chain_take rel_chain_tl tl_take) (> 1.0 s, timed out)
0.sledgehammer goal.proof     87520ms Simplex.Rel_Chain 178:5030  some Preplay: (smt (cvc5, finite_mode_find) append_take_drop_id assms(1,2,4,5) diff_diff_cancel diff_is_0_eq' hd_conv_nth hd_take hd_tl last_drop le_add2 le_numeral_extra(4) le_trans less_add_same_cancel2 linordered_semidom_class.add_diff_inverse list.size(3) nat_less_le rel_chain_append rel_chain_appendD(2) rel_chain_def rel_chain_take rel_chain_tl tl_take) (> 1.0 s, timed out)
0.sledgehammer goal.proof     87520ms Simplex.Rel_Chain 178:5030  some Preplay: (smt (cvc5, no_fmf_mbqi) append_take_drop_id assms(1,2,4,5) diff_diff_cancel diff_is_0_eq' hd_conv_nth hd_take hd_tl last_drop le_add2 le_numeral_extra(4) le_trans less_add_same_cancel2 linordered_semidom_class.add_diff_inverse list.size(3) nat_less_le rel_chain_append rel_chain_appendD(2) rel_chain_def rel_chain_take rel_chain_tl tl_take) (> 1.0 s, timed out)
0.sledgehammer goal.proof     87520ms Simplex.Rel_Chain 178:5030  some Preplay: (smt (cvc5, finite_mode_find_dec_internal) append_take_drop_id assms(1,2,4,5) diff_diff_cancel diff_is_0_eq' hd_conv_nth hd_take hd_tl last_drop le_add2 le_numeral_extra(4) le_trans less_add_same_cancel2 linordered_semidom_class.add_diff_inverse list.size(3) nat_less_le rel_chain_append rel_chain_appendD(2) rel_chain_def rel_chain_take rel_chain_tl tl_take) (> 1.0 s, timed out)
0.sledgehammer goal.proof     87520ms Simplex.Rel_Chain 178:5030  some Preplay: (smt (cvc5, finite_mode_find_macro_quant) append_take_drop_id assms(1,2,4,5) diff_diff_cancel diff_is_0_eq' hd_conv_nth hd_take hd_tl last_drop le_add2 le_numeral_extra(4) le_trans less_add_same_cancel2 linordered_semidom_class.add_diff_inverse list.size(3) nat_less_le rel_chain_append rel_chain_appendD(2) rel_chain_def rel_chain_take rel_chain_tl tl_take) (> 1.0 s, timed out)
0.sledgehammer goal.proof     87520ms Simplex.Rel_Chain 178:5030  some Preplay: (smt (cvc5, finite_mode_find_e_matching) append_take_drop_id assms(1,2,4,5) diff_diff_cancel diff_is_0_eq' hd_conv_nth hd_take hd_tl last_drop le_add2 le_numeral_extra(4) le_trans less_add_same_cancel2 linordered_semidom_class.add_diff_inverse list.size(3) nat_less_le rel_chain_append rel_chain_appendD(2) rel_chain_def rel_chain_take rel_chain_tl tl_take) (> 1.0 s, timed out)
0.sledgehammer goal.proof     87520ms Simplex.Rel_Chain 178:5030  some Preplay: (smt (cvc5, mbqi) append_take_drop_id assms(1,2,4,5) diff_diff_cancel diff_is_0_eq' hd_conv_nth hd_take hd_tl last_drop le_add2 le_numeral_extra(4) le_trans less_add_same_cancel2 linordered_semidom_class.add_diff_inverse list.size(3) nat_less_le rel_chain_append rel_chain_appendD(2) rel_chain_def rel_chain_take rel_chain_tl tl_take) (> 1.0 s, timed out)
0.sledgehammer goal.using     136993ms Simplex.Simplex_Algebra 139:3514  some (SH 136992ms, ATP 1352ms): Try this: by (smt (cvc5, best) dbl_inc_simps(2) less_numeral_extra(3) local.dual_order.asym local.neq_iff local.scaleRat_less1 local.scaleRat_one local.scaleRat_scaleRat mult.commute nonzero_eq_divide_eq) (602 ms)
0.sledgehammer goal.using     136993ms Simplex.Simplex_Algebra 139:3514  some Preplay: (smt (cvc5, best) dbl_inc_simps(2) less_numeral_extra(3) local.dual_order.asym local.neq_iff local.scaleRat_less1 local.scaleRat_one local.scaleRat_scaleRat mult.commute nonzero_eq_divide_eq) (602 ms)
0.sledgehammer goal.using     136993ms Simplex.Simplex_Algebra 139:3514  some Preplay: (smt (cvc5, term_db_relevant) dbl_inc_simps(2) less_numeral_extra(3) local.dual_order.asym local.neq_iff local.scaleRat_less1 local.scaleRat_one local.scaleRat_scaleRat mult.commute nonzero_eq_divide_eq) (> 602 ms, timed out)
0.sledgehammer goal.using     136993ms Simplex.Simplex_Algebra 139:3514  some Preplay: (smt (cvc5, interleave) dbl_inc_simps(2) less_numeral_extra(3) local.dual_order.asym local.neq_iff local.scaleRat_less1 local.scaleRat_one local.scaleRat_scaleRat mult.commute nonzero_eq_divide_eq) (> 602 ms, timed out)
0.sledgehammer goal.using     136993ms Simplex.Simplex_Algebra 139:3514  some Preplay: (smt (cvc5, prereg_lazy) dbl_inc_simps(2) less_numeral_extra(3) local.dual_order.asym local.neq_iff local.scaleRat_less1 local.scaleRat_one local.scaleRat_scaleRat mult.commute nonzero_eq_divide_eq) (> 602 ms, timed out)
0.sledgehammer goal.using     136993ms Simplex.Simplex_Algebra 139:3514  some Preplay: (smt (cvc5, finite_mode_find) dbl_inc_simps(2) less_numeral_extra(3) local.dual_order.asym local.neq_iff local.scaleRat_less1 local.scaleRat_one local.scaleRat_scaleRat mult.commute nonzero_eq_divide_eq) (> 602 ms, timed out)
0.sledgehammer goal.using     136993ms Simplex.Simplex_Algebra 139:3514  some Preplay: (smt (cvc5, no_fmf_mbqi) dbl_inc_simps(2) less_numeral_extra(3) local.dual_order.asym local.neq_iff local.scaleRat_less1 local.scaleRat_one local.scaleRat_scaleRat mult.commute nonzero_eq_divide_eq) (> 602 ms, timed out)
0.sledgehammer goal.using     136993ms Simplex.Simplex_Algebra 139:3514  some Preplay: (smt (cvc5, finite_mode_find_dec_internal) dbl_inc_simps(2) less_numeral_extra(3) local.dual_order.asym local.neq_iff local.scaleRat_less1 local.scaleRat_one local.scaleRat_scaleRat mult.commute nonzero_eq_divide_eq) (> 602 ms, timed out)
0.sledgehammer goal.using     136993ms Simplex.Simplex_Algebra 139:3514  some Preplay: (smt (cvc5, finite_mode_find_macro_quant) dbl_inc_simps(2) less_numeral_extra(3) local.dual_order.asym local.neq_iff local.scaleRat_less1 local.scaleRat_one local.scaleRat_scaleRat mult.commute nonzero_eq_divide_eq) (> 602 ms, timed out)
0.sledgehammer goal.using     136993ms Simplex.Simplex_Algebra 139:3514  some Preplay: (smt (cvc5, finite_mode_find_e_matching) dbl_inc_simps(2) less_numeral_extra(3) local.dual_order.asym local.neq_iff local.scaleRat_less1 local.scaleRat_one local.scaleRat_scaleRat mult.commute nonzero_eq_divide_eq) (> 602 ms, timed out)
0.sledgehammer goal.using     136993ms Simplex.Simplex_Algebra 139:3514  some Preplay: (smt (cvc5, mbqi) dbl_inc_simps(2) less_numeral_extra(3) local.dual_order.asym local.neq_iff local.scaleRat_less1 local.scaleRat_one local.scaleRat_scaleRat mult.commute nonzero_eq_divide_eq) (> 602 ms, timed out)
0.sledgehammer goal.using     136993ms Simplex.Simplex_Algebra 139:3514  some Preplay: (smt (cvc5, dec_internal_no_simp) dbl_inc_simps(2) less_numeral_extra(3) local.dual_order.asym local.neq_iff local.scaleRat_less1 local.scaleRat_one local.scaleRat_scaleRat mult.commute nonzero_eq_divide_eq) (> 1.0 s, timed out)
0.sledgehammer goal.using     136993ms Simplex.Simplex_Algebra 139:3514  some Preplay: (smt (cvc5, dec_internal_enum_inst_sum) dbl_inc_simps(2) less_numeral_extra(3) local.dual_order.asym local.neq_iff local.scaleRat_less1 local.scaleRat_one local.scaleRat_scaleRat mult.commute nonzero_eq_divide_eq) (> 1.0 s, timed out)
0.sledgehammer goal.using     101681ms Simplex.Simplex_Algebra 144:3677  some (SH 101681ms, ATP 1462ms): Try this: by (smt (cvc5, finite_mode_find_e_matching) less_numeral_extra(3) local.not_less_iff_gr_or_eq local.scaleRat_less1 local.scaleRat_one local.scaleRat_scaleRat mult.commute nonzero_eq_divide_eq) (454 ms)
0.sledgehammer goal.using     101681ms Simplex.Simplex_Algebra 144:3677  some Preplay: (smt (cvc5, finite_mode_find_e_matching) less_numeral_extra(3) local.not_less_iff_gr_or_eq local.scaleRat_less1 local.scaleRat_one local.scaleRat_scaleRat mult.commute nonzero_eq_divide_eq) (454 ms)
0.sledgehammer goal.using     101681ms Simplex.Simplex_Algebra 144:3677  some Preplay: (smt (cvc5, no_fmf_mbqi) less_numeral_extra(3) local.not_less_iff_gr_or_eq local.scaleRat_less1 local.scaleRat_one local.scaleRat_scaleRat mult.commute nonzero_eq_divide_eq) (526 ms)
0.sledgehammer goal.using     101681ms Simplex.Simplex_Algebra 144:3677  some Preplay: (smt (cvc5, dec_internal_no_simp) less_numeral_extra(3) local.not_less_iff_gr_or_eq local.scaleRat_less1 local.scaleRat_one local.scaleRat_scaleRat mult.commute nonzero_eq_divide_eq) (575 ms)
0.sledgehammer goal.using     101681ms Simplex.Simplex_Algebra 144:3677  some Preplay: (smt (cvc5, dec_internal_enum_inst_sum) less_numeral_extra(3) local.not_less_iff_gr_or_eq local.scaleRat_less1 local.scaleRat_one local.scaleRat_scaleRat mult.commute nonzero_eq_divide_eq) (577 ms)
0.sledgehammer goal.using     101681ms Simplex.Simplex_Algebra 144:3677  some Preplay: (smt (cvc5, term_db_relevant) less_numeral_extra(3) local.not_less_iff_gr_or_eq local.scaleRat_less1 local.scaleRat_one local.scaleRat_scaleRat mult.commute nonzero_eq_divide_eq) (581 ms)
0.sledgehammer goal.using     101681ms Simplex.Simplex_Algebra 144:3677  some Preplay: (smt (cvc5, mbqi) less_numeral_extra(3) local.not_less_iff_gr_or_eq local.scaleRat_less1 local.scaleRat_one local.scaleRat_scaleRat mult.commute nonzero_eq_divide_eq) (634 ms)
0.sledgehammer goal.using     101681ms Simplex.Simplex_Algebra 144:3677  some Preplay: (smt (cvc5, best) less_numeral_extra(3) local.not_less_iff_gr_or_eq local.scaleRat_less1 local.scaleRat_one local.scaleRat_scaleRat mult.commute nonzero_eq_divide_eq) (2.8 s)
0.sledgehammer goal.using     101681ms Simplex.Simplex_Algebra 144:3677  some Preplay: (smt (cvc5, interleave) dbl_inc_simps(2) less_numeral_extra(3) local.not_less_iff_gr_or_eq local.scaleRat_less1 local.scaleRat_one local.scaleRat_scaleRat mult.commute nonzero_eq_divide_eq) (> 1.0 s, timed out)
0.sledgehammer goal.using     101681ms Simplex.Simplex_Algebra 144:3677  some Preplay: (smt (cvc5, prereg_lazy) dbl_inc_simps(2) less_numeral_extra(3) local.not_less_iff_gr_or_eq local.scaleRat_less1 local.scaleRat_one local.scaleRat_scaleRat mult.commute nonzero_eq_divide_eq) (> 1.0 s, timed out)
0.sledgehammer goal.using     101681ms Simplex.Simplex_Algebra 144:3677  some Preplay: (smt (cvc5, finite_mode_find) dbl_inc_simps(2) less_numeral_extra(3) local.not_less_iff_gr_or_eq local.scaleRat_less1 local.scaleRat_one local.scaleRat_scaleRat mult.commute nonzero_eq_divide_eq) (> 1.0 s, timed out)
0.sledgehammer goal.using     101681ms Simplex.Simplex_Algebra 144:3677  some Preplay: (smt (cvc5, finite_mode_find_dec_internal) dbl_inc_simps(2) less_numeral_extra(3) local.not_less_iff_gr_or_eq local.scaleRat_less1 local.scaleRat_one local.scaleRat_scaleRat mult.commute nonzero_eq_divide_eq) (> 1.0 s, timed out)
0.sledgehammer goal.using     101681ms Simplex.Simplex_Algebra 144:3677  some Preplay: (smt (cvc5, finite_mode_find_macro_quant) dbl_inc_simps(2) less_numeral_extra(3) local.not_less_iff_gr_or_eq local.scaleRat_less1 local.scaleRat_one local.scaleRat_scaleRat mult.commute nonzero_eq_divide_eq) (> 1.0 s, timed out)
0.sledgehammer goal.by         6503ms Simplex.Abstract_Linear_Poly 265:9052  some (SH 6503ms, ATP 1024ms): Try this: by (smt (cvc5, finite_mode_find_e_matching) Collect_cong) (695 ms)
0.sledgehammer goal.by         6503ms Simplex.Abstract_Linear_Poly 265:9052  some Preplay: (smt (cvc5, finite_mode_find_e_matching) Collect_cong) (695 ms)
0.sledgehammer goal.by         6503ms Simplex.Abstract_Linear_Poly 265:9052  some Preplay: (smt (cvc5, mbqi) Collect_cong) (732 ms)
0.sledgehammer goal.by         6503ms Simplex.Abstract_Linear_Poly 265:9052  some Preplay: (smt (cvc5, no_fmf_mbqi) Collect_cong) (904 ms)
0.sledgehammer goal.by         6503ms Simplex.Abstract_Linear_Poly 265:9052  some Preplay: (smt (cvc5, finite_mode_find_macro_quant) Collect_cong) (1.0 s)
0.sledgehammer goal.by         6503ms Simplex.Abstract_Linear_Poly 265:9052  some Preplay: (smt (cvc5, best) Collect_cong) (1.0 s)
0.sledgehammer goal.by         6503ms Simplex.Abstract_Linear_Poly 265:9052  some Preplay: (smt (cvc5, finite_mode_find_dec_internal) Collect_cong) (1.0 s)
0.sledgehammer goal.by         6503ms Simplex.Abstract_Linear_Poly 265:9052  some Preplay: (smt (cvc5, term_db_relevant) Collect_cong) (1.1 s)
0.sledgehammer goal.by         6503ms Simplex.Abstract_Linear_Poly 265:9052  some Preplay: (smt (cvc5, finite_mode_find) Collect_cong) (1.1 s)
0.sledgehammer goal.by         6503ms Simplex.Abstract_Linear_Poly 265:9052  some Preplay: (smt (cvc5, dec_internal_no_simp) Collect_cong) (1.1 s)
0.sledgehammer goal.by         6503ms Simplex.Abstract_Linear_Poly 265:9052  some Preplay: (smt (cvc5, dec_internal_enum_inst_sum) Collect_cong) (1.1 s)
0.sledgehammer goal.by         6503ms Simplex.Abstract_Linear_Poly 265:9052  some Preplay: (smt (cvc5, prereg_lazy) Collect_cong) (1.2 s)
0.sledgehammer goal.by         6503ms Simplex.Abstract_Linear_Poly 265:9052  some Preplay: (smt (cvc5, interleave) Collect_cong) (1.2 s)
0.sledgehammer goal.by        45868ms Simplex.Linear_Poly_Maps 33:1280  some (SH 45868ms, ATP 1117ms): Try this: by (smt (cvc5, dec_internal_no_simp) bi_uniqueDl linear_poly.bi_unique rel_funI rel_fun_eq) (2.6 s)
0.sledgehammer goal.by        45868ms Simplex.Linear_Poly_Maps 33:1280  some Preplay: (smt (cvc5, dec_internal_no_simp) bi_uniqueDl linear_poly.bi_unique rel_funI rel_fun_eq) (2.6 s)
0.sledgehammer goal.by        45868ms Simplex.Linear_Poly_Maps 33:1280  some Preplay: (smt (cvc5, dec_internal_enum_inst_sum) bi_uniqueDl linear_poly.bi_unique rel_funI rel_fun_eq) (3.3 s)
0.sledgehammer goal.by        45868ms Simplex.Linear_Poly_Maps 33:1280  some Preplay: (smt (cvc5, finite_mode_find) bi_uniqueDl linear_poly.bi_unique rel_funI rel_fun_eq) (> 1.0 s, timed out)
0.sledgehammer goal.by        45868ms Simplex.Linear_Poly_Maps 33:1280  some Preplay: (smt (cvc5, finite_mode_find_dec_internal) bi_uniqueDl linear_poly.bi_unique rel_funI rel_fun_eq) (> 1.0 s, timed out)
0.sledgehammer goal.by        45868ms Simplex.Linear_Poly_Maps 33:1280  some Preplay: (smt (cvc5, finite_mode_find_macro_quant) bi_uniqueDl linear_poly.bi_unique rel_funI rel_fun_eq) (> 1.0 s, timed out)
0.sledgehammer goal.by        45868ms Simplex.Linear_Poly_Maps 33:1280  some Preplay: (smt (cvc5, finite_mode_find_e_matching) bi_uniqueDl linear_poly.bi_unique rel_funI rel_fun_eq) (> 1.0 s, timed out)
0.sledgehammer goal.by        45868ms Simplex.Linear_Poly_Maps 33:1280  some Preplay: (smt (cvc5, best) bi_uniqueDl linear_poly.bi_unique rel_funI rel_fun_eq) (failed)
0.sledgehammer goal.by        45868ms Simplex.Linear_Poly_Maps 33:1280  some Preplay: (smt (cvc5, term_db_relevant) bi_uniqueDl linear_poly.bi_unique rel_funI rel_fun_eq) (failed)
0.sledgehammer goal.by        45868ms Simplex.Linear_Poly_Maps 33:1280  some Preplay: (smt (cvc5, interleave) bi_uniqueDl linear_poly.bi_unique rel_funI rel_fun_eq) (failed)
0.sledgehammer goal.by        45868ms Simplex.Linear_Poly_Maps 33:1280  some Preplay: (smt (cvc5, prereg_lazy) bi_uniqueDl linear_poly.bi_unique rel_funI rel_fun_eq) (failed)
0.sledgehammer goal.by        45868ms Simplex.Linear_Poly_Maps 33:1280  some Preplay: (smt (cvc5, no_fmf_mbqi) bi_uniqueDl linear_poly.bi_unique rel_funI rel_fun_eq) (failed)
0.sledgehammer goal.by        45868ms Simplex.Linear_Poly_Maps 33:1280  some Preplay: (smt (cvc5, mbqi) bi_uniqueDl linear_poly.bi_unique rel_funI rel_fun_eq) (failed)
0.sledgehammer goal.by        16406ms Simplex.Linear_Poly_Maps 39:1686  some (SH 16406ms, ATP 415ms): Try this: by (smt (cvc5, term_db_relevant) Abstract_Linear_Poly.inv_def Collect_cong domI dom_def mem_Collect_eq) (650 ms)
0.sledgehammer goal.by        16406ms Simplex.Linear_Poly_Maps 39:1686  some Preplay: (smt (cvc5, term_db_relevant) Abstract_Linear_Poly.inv_def Collect_cong domI dom_def mem_Collect_eq) (650 ms)
0.sledgehammer goal.by        16406ms Simplex.Linear_Poly_Maps 39:1686  some Preplay: (smt (cvc5, interleave) Abstract_Linear_Poly.inv_def Collect_cong domI dom_def mem_Collect_eq) (732 ms)
0.sledgehammer goal.by        16406ms Simplex.Linear_Poly_Maps 39:1686  some Preplay: (smt (cvc5, dec_internal_enum_inst_sum) Abstract_Linear_Poly.inv_def Collect_cong domI dom_def mem_Collect_eq) (878 ms)
0.sledgehammer goal.by        16406ms Simplex.Linear_Poly_Maps 39:1686  some Preplay: (smt (cvc5, no_fmf_mbqi) Abstract_Linear_Poly.inv_def Collect_cong domI dom_def mem_Collect_eq) (1.2 s)
0.sledgehammer goal.by        16406ms Simplex.Linear_Poly_Maps 39:1686  some Preplay: (smt (cvc5, best) Abstract_Linear_Poly.inv_def Collect_cong domI dom_def mem_Collect_eq) (2.0 s)
0.sledgehammer goal.by        16406ms Simplex.Linear_Poly_Maps 39:1686  some Preplay: (smt (cvc5, dec_internal_no_simp) Abstract_Linear_Poly.inv_def Collect_cong domI dom_def mem_Collect_eq) (2.2 s)
0.sledgehammer goal.by        16406ms Simplex.Linear_Poly_Maps 39:1686  some Preplay: (smt (cvc5, prereg_lazy) Abstract_Linear_Poly.inv_def Collect_cong domI dom_def mem_Collect_eq) (> 650 ms, timed out)
0.sledgehammer goal.by        16406ms Simplex.Linear_Poly_Maps 39:1686  some Preplay: (smt (cvc5, finite_mode_find) Abstract_Linear_Poly.inv_def Collect_cong domI dom_def mem_Collect_eq) (> 650 ms, timed out)
0.sledgehammer goal.by        16406ms Simplex.Linear_Poly_Maps 39:1686  some Preplay: (smt (cvc5, finite_mode_find_dec_internal) Abstract_Linear_Poly.inv_def Collect_cong domI dom_def mem_Collect_eq) (> 650 ms, timed out)
0.sledgehammer goal.by        16406ms Simplex.Linear_Poly_Maps 39:1686  some Preplay: (smt (cvc5, finite_mode_find_e_matching) Abstract_Linear_Poly.inv_def Collect_cong domI dom_def mem_Collect_eq) (> 650 ms, timed out)
0.sledgehammer goal.by        16406ms Simplex.Linear_Poly_Maps 39:1686  some Preplay: (smt (cvc5, mbqi) Abstract_Linear_Poly.inv_def Collect_cong domI dom_def mem_Collect_eq) (> 650 ms, timed out)
0.sledgehammer goal.by        16406ms Simplex.Linear_Poly_Maps 39:1686  some Preplay: (smt (cvc5, finite_mode_find_macro_quant) Abstract_Linear_Poly.inv_def Collect_cong domI dom_def mem_Collect_eq) (failed)
0.sledgehammer goal.by        70391ms Simplex.Linear_Poly_Maps 115:5052  timeout (SH 70391ms):
0.sledgehammer goal.by        39885ms Simplex.Linear_Poly_Maps 120:5273  some (SH 39885ms, ATP 1021ms): Try this: by (smt (cvc5) add.commute add_cancel_left_left option.case_eq_if option.case_eq_if)
0.sledgehammer goal.by        39885ms Simplex.Linear_Poly_Maps 120:5273  some Preplay: (smt (cvc5, best) add.commute add_cancel_left_left option.case_eq_if) (> 1.0 s, timed out)
0.sledgehammer goal.by        39885ms Simplex.Linear_Poly_Maps 120:5273  some Preplay: (smt (cvc5, dec_internal_no_simp) add.commute add_cancel_left_left option.case_eq_if) (> 1.0 s, timed out)
0.sledgehammer goal.by        39885ms Simplex.Linear_Poly_Maps 120:5273  some Preplay: (smt (cvc5, dec_internal_enum_inst_sum) add.commute add_cancel_left_left option.case_eq_if) (> 1.0 s, timed out)
0.sledgehammer goal.by        39885ms Simplex.Linear_Poly_Maps 120:5273  some Preplay: (smt (cvc5, term_db_relevant) add.commute add_cancel_left_left option.case_eq_if) (> 1.0 s, timed out)
0.sledgehammer goal.by        39885ms Simplex.Linear_Poly_Maps 120:5273  some Preplay: (smt (cvc5, interleave) add.commute add_cancel_left_left option.case_eq_if) (> 1.0 s, timed out)
0.sledgehammer goal.by        39885ms Simplex.Linear_Poly_Maps 120:5273  some Preplay: (smt (cvc5, prereg_lazy) add.commute add_cancel_left_left option.case_eq_if) (> 1.0 s, timed out)
0.sledgehammer goal.by        39885ms Simplex.Linear_Poly_Maps 120:5273  some Preplay: (smt (cvc5, finite_mode_find) add.commute add_cancel_left_left option.case_eq_if) (> 1.0 s, timed out)
0.sledgehammer goal.by        39885ms Simplex.Linear_Poly_Maps 120:5273  some Preplay: (smt (cvc5, no_fmf_mbqi) add.commute add_cancel_left_left option.case_eq_if) (> 1.0 s, timed out)
0.sledgehammer goal.by        39885ms Simplex.Linear_Poly_Maps 120:5273  some Preplay: (smt (cvc5, finite_mode_find_e_matching) add.commute add_cancel_left_left option.case_eq_if) (> 1.0 s, timed out)
0.sledgehammer goal.by        39885ms Simplex.Linear_Poly_Maps 120:5273  some Preplay: (smt (cvc5, mbqi) add.commute add_cancel_left_left option.case_eq_if) (> 1.0 s, timed out)
0.sledgehammer goal.by        39885ms Simplex.Linear_Poly_Maps 120:5273  some Preplay: (smt (cvc5, finite_mode_find_dec_internal) add.commute add_cancel_left_left option.case_eq_if) (failed)
0.sledgehammer goal.by        39885ms Simplex.Linear_Poly_Maps 120:5273  some Preplay: (smt (cvc5, finite_mode_find_macro_quant) add.commute add_cancel_left_left option.case_eq_if) (failed)
0.sledgehammer goal.by        57602ms Simplex.Simplex 143:5893  some (SH 57601ms, ATP 1023ms): Try this: by (smt (cvc5) Solve.intro simplex_sat0 simplex_unsat0 solve_def sum.case_eq_if sum.collapse(1) sum.disc(1,2) sum.sel(1,2) sum.split_sel)
0.sledgehammer goal.by        57602ms Simplex.Simplex 143:5893  some Preplay: (smt (cvc5, best) Solve.intro simplex_sat0 simplex_unsat0 solve_def sum.case_eq_if sum.collapse(1) sum.disc(1,2) sum.sel(1,2) sum.split_sel) (> 1.0 s, timed out)
0.sledgehammer goal.by        57602ms Simplex.Simplex 143:5893  some Preplay: (smt (cvc5, dec_internal_no_simp) Solve.intro simplex_sat0 simplex_unsat0 solve_def sum.case_eq_if sum.collapse(1) sum.disc(1,2) sum.sel(1,2) sum.split_sel) (> 1.0 s, timed out)
0.sledgehammer goal.by        57602ms Simplex.Simplex 143:5893  some Preplay: (smt (cvc5, dec_internal_enum_inst_sum) Solve.intro simplex_sat0 simplex_unsat0 solve_def sum.case_eq_if sum.collapse(1) sum.disc(1,2) sum.sel(1,2) sum.split_sel) (> 1.0 s, timed out)
0.sledgehammer goal.by        57602ms Simplex.Simplex 143:5893  some Preplay: (smt (cvc5, term_db_relevant) Solve.intro simplex_sat0 simplex_unsat0 solve_def sum.case_eq_if sum.collapse(1) sum.disc(1,2) sum.sel(1,2) sum.split_sel) (> 1.0 s, timed out)
0.sledgehammer goal.by        57602ms Simplex.Simplex 143:5893  some Preplay: (smt (cvc5, interleave) Solve.intro simplex_sat0 simplex_unsat0 solve_def sum.case_eq_if sum.collapse(1) sum.disc(1,2) sum.sel(1,2) sum.split_sel) (> 1.0 s, timed out)
0.sledgehammer goal.by        57602ms Simplex.Simplex 143:5893  some Preplay: (smt (cvc5, prereg_lazy) Solve.intro simplex_sat0 simplex_unsat0 solve_def sum.case_eq_if sum.collapse(1) sum.disc(1,2) sum.sel(1,2) sum.split_sel) (> 1.0 s, timed out)
0.sledgehammer goal.by        57602ms Simplex.Simplex 143:5893  some Preplay: (smt (cvc5, finite_mode_find) Solve.intro simplex_sat0 simplex_unsat0 solve_def sum.case_eq_if sum.collapse(1) sum.disc(1,2) sum.sel(1,2) sum.split_sel) (> 1.0 s, timed out)
0.sledgehammer goal.by        57602ms Simplex.Simplex 143:5893  some Preplay: (smt (cvc5, no_fmf_mbqi) Solve.intro simplex_sat0 simplex_unsat0 solve_def sum.case_eq_if sum.collapse(1) sum.disc(1,2) sum.sel(1,2) sum.split_sel) (> 1.0 s, timed out)
0.sledgehammer goal.by        57602ms Simplex.Simplex 143:5893  some Preplay: (smt (cvc5, finite_mode_find_dec_internal) Solve.intro simplex_sat0 simplex_unsat0 solve_def sum.case_eq_if sum.collapse(1) sum.disc(1,2) sum.sel(1,2) sum.split_sel) (> 1.0 s, timed out)
0.sledgehammer goal.by        57602ms Simplex.Simplex 143:5893  some Preplay: (smt (cvc5, finite_mode_find_e_matching) Solve.intro simplex_sat0 simplex_unsat0 solve_def sum.case_eq_if sum.collapse(1) sum.disc(1,2) sum.sel(1,2) sum.split_sel) (> 1.0 s, timed out)
0.sledgehammer goal.by        57602ms Simplex.Simplex 143:5893  some Preplay: (smt (cvc5, mbqi) Solve.intro simplex_sat0 simplex_unsat0 solve_def sum.case_eq_if sum.collapse(1) sum.disc(1,2) sum.sel(1,2) sum.split_sel) (> 1.0 s, timed out)
0.sledgehammer goal.by        57602ms Simplex.Simplex 143:5893  some Preplay: (smt (cvc5, finite_mode_find_macro_quant) Solve.intro simplex_sat0 simplex_unsat0 solve_def sum.case_eq_if sum.collapse(1) sum.disc(1,2) sum.sel(1,2) sum.split_sel) (failed)
0.sledgehammer goal.using     68622ms Simplex.Simplex 434:17586  some (SH 68622ms, ATP 462ms): Try this: by (smt (cvc5, mbqi) inf_sup_aci(6) le_iff_sup vars_minus) (80 ms)
0.sledgehammer goal.using     68622ms Simplex.Simplex 434:17586  some Preplay: (smt (cvc5, mbqi) inf_sup_aci(6) le_iff_sup vars_minus) (80 ms)
0.sledgehammer goal.using     68622ms Simplex.Simplex 434:17586  some Preplay: (smt (cvc5, no_fmf_mbqi) inf_sup_aci(6) le_iff_sup vars_minus) (93 ms)
0.sledgehammer goal.using     68622ms Simplex.Simplex 434:17586  some Preplay: (smt (cvc5, prereg_lazy) inf_sup_aci(6) le_iff_sup vars_minus) (160 ms)
0.sledgehammer goal.using     68622ms Simplex.Simplex 434:17586  some Preplay: (smt (cvc5, best) inf_sup_aci(6) le_iff_sup vars_minus) (201 ms)
0.sledgehammer goal.using     68622ms Simplex.Simplex 434:17586  some Preplay: (smt (cvc5, term_db_relevant) inf_sup_aci(6) le_iff_sup vars_minus) (294 ms)
0.sledgehammer goal.using     68622ms Simplex.Simplex 434:17586  some Preplay: (smt (cvc5, interleave) inf_sup_aci(5,6) le_iff_sup vars_minus) (> 159 ms, timed out)
0.sledgehammer goal.using     68622ms Simplex.Simplex 434:17586  some Preplay: (smt (cvc5, finite_mode_find) inf_sup_aci(5,6) le_iff_sup vars_minus) (> 159 ms, timed out)
0.sledgehammer goal.using     68622ms Simplex.Simplex 434:17586  some Preplay: (smt (cvc5, finite_mode_find_dec_internal) inf_sup_aci(5,6) le_iff_sup vars_minus) (> 159 ms, timed out)
0.sledgehammer goal.using     68622ms Simplex.Simplex 434:17586  some Preplay: (smt (cvc5, finite_mode_find_e_matching) inf_sup_aci(5,6) le_iff_sup vars_minus) (> 159 ms, timed out)
0.sledgehammer goal.using     68622ms Simplex.Simplex 434:17586  some Preplay: (smt (cvc5, dec_internal_no_simp) inf_sup_aci(5,6) le_iff_sup vars_minus) (> 165 ms, timed out)
0.sledgehammer goal.using     68622ms Simplex.Simplex 434:17586  some Preplay: (smt (cvc5, dec_internal_enum_inst_sum) inf_sup_aci(5,6) le_iff_sup vars_minus) (> 165 ms, timed out)
0.sledgehammer goal.using     68622ms Simplex.Simplex 434:17586  some Preplay: (smt (cvc5, finite_mode_find_macro_quant) inf_sup_aci(5,6) le_iff_sup vars_minus) (failed)
0.sledgehammer goal.unfolding 49416ms Simplex.Simplex 514:20339  some (SH 49416ms, ATP 1616ms): Try this: by (smt (cvc5) boolean_algebra.conj_zero_right disjoint_iff_not_equal image_iff inf_Int_eq inf_apply inf_right_idem mem_Sigma_iff satisfies_atom_set_def set_ConsD snd_conv)
0.sledgehammer goal.unfolding 49416ms Simplex.Simplex 514:20339  some Preplay: (smt (cvc5, best) boolean_algebra.conj_zero_right disjoint_iff_not_equal image_iff inf_Int_eq inf_apply inf_right_idem mem_Sigma_iff satisfies_atom_set_def set_ConsD snd_conv) (> 1.0 s, timed out)
0.sledgehammer goal.unfolding 49416ms Simplex.Simplex 514:20339  some Preplay: (smt (cvc5, dec_internal_no_simp) boolean_algebra.conj_zero_right disjoint_iff_not_equal image_iff inf_Int_eq inf_apply inf_right_idem mem_Sigma_iff satisfies_atom_set_def set_ConsD snd_conv) (> 1.0 s, timed out)
0.sledgehammer goal.unfolding 49416ms Simplex.Simplex 514:20339  some Preplay: (smt (cvc5, dec_internal_enum_inst_sum) boolean_algebra.conj_zero_right disjoint_iff_not_equal image_iff inf_Int_eq inf_apply inf_right_idem mem_Sigma_iff satisfies_atom_set_def set_ConsD snd_conv) (> 1.0 s, timed out)
0.sledgehammer goal.unfolding 49416ms Simplex.Simplex 514:20339  some Preplay: (smt (cvc5, term_db_relevant) boolean_algebra.conj_zero_right disjoint_iff_not_equal image_iff inf_Int_eq inf_apply inf_right_idem mem_Sigma_iff satisfies_atom_set_def set_ConsD snd_conv) (> 1.0 s, timed out)
0.sledgehammer goal.unfolding 49416ms Simplex.Simplex 514:20339  some Preplay: (smt (cvc5, interleave) boolean_algebra.conj_zero_right disjoint_iff_not_equal image_iff inf_Int_eq inf_apply inf_right_idem mem_Sigma_iff satisfies_atom_set_def set_ConsD snd_conv) (> 1.0 s, timed out)
0.sledgehammer goal.unfolding 49416ms Simplex.Simplex 514:20339  some Preplay: (smt (cvc5, prereg_lazy) boolean_algebra.conj_zero_right disjoint_iff_not_equal image_iff inf_Int_eq inf_apply inf_right_idem mem_Sigma_iff satisfies_atom_set_def set_ConsD snd_conv) (> 1.0 s, timed out)
0.sledgehammer goal.unfolding 49416ms Simplex.Simplex 514:20339  some Preplay: (smt (cvc5, finite_mode_find) boolean_algebra.conj_zero_right disjoint_iff_not_equal image_iff inf_Int_eq inf_apply inf_right_idem mem_Sigma_iff satisfies_atom_set_def set_ConsD snd_conv) (> 1.0 s, timed out)
0.sledgehammer goal.unfolding 49416ms Simplex.Simplex 514:20339  some Preplay: (smt (cvc5, no_fmf_mbqi) boolean_algebra.conj_zero_right disjoint_iff_not_equal image_iff inf_Int_eq inf_apply inf_right_idem mem_Sigma_iff satisfies_atom_set_def set_ConsD snd_conv) (> 1.0 s, timed out)
0.sledgehammer goal.unfolding 49416ms Simplex.Simplex 514:20339  some Preplay: (smt (cvc5, finite_mode_find_dec_internal) boolean_algebra.conj_zero_right disjoint_iff_not_equal image_iff inf_Int_eq inf_apply inf_right_idem mem_Sigma_iff satisfies_atom_set_def set_ConsD snd_conv) (> 1.0 s, timed out)
0.sledgehammer goal.unfolding 49416ms Simplex.Simplex 514:20339  some Preplay: (smt (cvc5, finite_mode_find_macro_quant) boolean_algebra.conj_zero_right disjoint_iff_not_equal image_iff inf_Int_eq inf_apply inf_right_idem mem_Sigma_iff satisfies_atom_set_def set_ConsD snd_conv) (> 1.0 s, timed out)
0.sledgehammer goal.unfolding 49416ms Simplex.Simplex 514:20339  some Preplay: (smt (cvc5, finite_mode_find_e_matching) boolean_algebra.conj_zero_right disjoint_iff_not_equal image_iff inf_Int_eq inf_apply inf_right_idem mem_Sigma_iff satisfies_atom_set_def set_ConsD snd_conv) (> 1.0 s, timed out)
0.sledgehammer goal.unfolding 49416ms Simplex.Simplex 514:20339  some Preplay: (smt (cvc5, mbqi) boolean_algebra.conj_zero_right disjoint_iff_not_equal image_iff inf_Int_eq inf_apply inf_right_idem mem_Sigma_iff satisfies_atom_set_def set_ConsD snd_conv) (> 1.0 s, timed out)
0.sledgehammer goal.unfolding 37580ms Simplex.Simplex 1018:42004  some (SH 37580ms, ATP 863ms): Try this: by (smt (cvc5) assms(1,2) atom_const.simps(1,2) atom_var.simps(1,2) distinct_indices_atoms_def distinct_indices_state_def index_valid_def)
0.sledgehammer goal.unfolding 37580ms Simplex.Simplex 1018:42004  some Preplay: (smt (cvc5, best) assms(1,2) atom_const.simps(1,2) atom_var.simps(1,2) distinct_indices_atoms_def distinct_indices_state_def index_valid_def) (> 1.0 s, timed out)
0.sledgehammer goal.unfolding 37580ms Simplex.Simplex 1018:42004  some Preplay: (smt (cvc5, dec_internal_no_simp) assms(1,2) atom_const.simps(1,2) atom_var.simps(1,2) distinct_indices_atoms_def distinct_indices_state_def index_valid_def) (> 1.0 s, timed out)
0.sledgehammer goal.unfolding 37580ms Simplex.Simplex 1018:42004  some Preplay: (smt (cvc5, dec_internal_enum_inst_sum) assms(1,2) atom_const.simps(1,2) atom_var.simps(1,2) distinct_indices_atoms_def distinct_indices_state_def index_valid_def) (> 1.0 s, timed out)
0.sledgehammer goal.unfolding 37580ms Simplex.Simplex 1018:42004  some Preplay: (smt (cvc5, term_db_relevant) assms(1,2) atom_const.simps(1,2) atom_var.simps(1,2) distinct_indices_atoms_def distinct_indices_state_def index_valid_def) (> 1.0 s, timed out)
0.sledgehammer goal.unfolding 37580ms Simplex.Simplex 1018:42004  some Preplay: (smt (cvc5, interleave) assms(1,2) atom_const.simps(1,2) atom_var.simps(1,2) distinct_indices_atoms_def distinct_indices_state_def index_valid_def) (> 1.0 s, timed out)
0.sledgehammer goal.unfolding 37580ms Simplex.Simplex 1018:42004  some Preplay: (smt (cvc5, prereg_lazy) assms(1,2) atom_const.simps(1,2) atom_var.simps(1,2) distinct_indices_atoms_def distinct_indices_state_def index_valid_def) (> 1.0 s, timed out)
0.sledgehammer goal.unfolding 37580ms Simplex.Simplex 1018:42004  some Preplay: (smt (cvc5, finite_mode_find) assms(1,2) atom_const.simps(1,2) atom_var.simps(1,2) distinct_indices_atoms_def distinct_indices_state_def index_valid_def) (> 1.0 s, timed out)
0.sledgehammer goal.unfolding 37580ms Simplex.Simplex 1018:42004  some Preplay: (smt (cvc5, no_fmf_mbqi) assms(1,2) atom_const.simps(1,2) atom_var.simps(1,2) distinct_indices_atoms_def distinct_indices_state_def index_valid_def) (> 1.0 s, timed out)
0.sledgehammer goal.unfolding 37580ms Simplex.Simplex 1018:42004  some Preplay: (smt (cvc5, finite_mode_find_dec_internal) assms(1,2) atom_const.simps(1,2) atom_var.simps(1,2) distinct_indices_atoms_def distinct_indices_state_def index_valid_def) (> 1.0 s, timed out)
0.sledgehammer goal.unfolding 37580ms Simplex.Simplex 1018:42004  some Preplay: (smt (cvc5, finite_mode_find_e_matching) assms(1,2) atom_const.simps(1,2) atom_var.simps(1,2) distinct_indices_atoms_def distinct_indices_state_def index_valid_def) (> 1.0 s, timed out)
0.sledgehammer goal.unfolding 37580ms Simplex.Simplex 1018:42004  some Preplay: (smt (cvc5, mbqi) assms(1,2) atom_const.simps(1,2) atom_var.simps(1,2) distinct_indices_atoms_def distinct_indices_state_def index_valid_def) (> 1.0 s, timed out)
0.sledgehammer goal.unfolding 37580ms Simplex.Simplex 1018:42004  some Preplay: (smt (cvc5, finite_mode_find_macro_quant) assms(1,2) atom_const.simps(1,2) atom_var.simps(1,2) distinct_indices_atoms_def distinct_indices_state_def index_valid_def) (failed)
0.sledgehammer goal.by        20488ms Simplex.Simplex 1536:62807  some (SH 20488ms, ATP 713ms): Try this: by (smt (cvc5, dec_internal_no_simp) Orderings.order_eq_iff option.case_eq_if order_less_imp_le order_less_trans) (1.8 s)
0.sledgehammer goal.by        20488ms Simplex.Simplex 1536:62807  some Preplay: (smt (cvc5, dec_internal_no_simp) Orderings.order_eq_iff option.case_eq_if order_less_imp_le order_less_trans) (1.8 s)
0.sledgehammer goal.by        20488ms Simplex.Simplex 1536:62807  some Preplay: (smt (cvc5, finite_mode_find_e_matching) Orderings.order_eq_iff option.case_eq_if order_less_imp_le order_less_trans) (2.0 s)
0.sledgehammer goal.by        20488ms Simplex.Simplex 1536:62807  some Preplay: (smt (cvc5, dec_internal_enum_inst_sum) Orderings.order_eq_iff option.case_eq_if order_less_imp_le order_less_trans) (2.1 s)
0.sledgehammer goal.by        20488ms Simplex.Simplex 1536:62807  some Preplay: (smt (cvc5, mbqi) Orderings.order_eq_iff option.case_eq_if order_less_imp_le order_less_trans) (2.3 s)
0.sledgehammer goal.by        20488ms Simplex.Simplex 1536:62807  some Preplay: (smt (cvc5, best) Orderings.order_eq_iff option.case_eq_if order_less_imp_le order_less_trans) (2.4 s)
0.sledgehammer goal.by        20488ms Simplex.Simplex 1536:62807  some Preplay: (smt (cvc5, finite_mode_find_dec_internal) Orderings.order_eq_iff option.case_eq_if order_less_imp_le order_less_trans) (2.6 s)
0.sledgehammer goal.by        20488ms Simplex.Simplex 1536:62807  some Preplay: (smt (cvc5, no_fmf_mbqi) Orderings.order_eq_iff option.case_eq_if order_less_imp_le order_less_trans) (2.6 s)
0.sledgehammer goal.by        20488ms Simplex.Simplex 1536:62807  some Preplay: (smt (cvc5, interleave) Orderings.order_eq_iff option.case_eq_if order_less_imp_le order_less_trans) (2.6 s)
0.sledgehammer goal.by        20488ms Simplex.Simplex 1536:62807  some Preplay: (smt (cvc5, term_db_relevant) Orderings.order_eq_iff option.case_eq_if order_less_imp_le order_less_trans) (2.8 s)
0.sledgehammer goal.by        20488ms Simplex.Simplex 1536:62807  some Preplay: (smt (cvc5, finite_mode_find) Orderings.order_eq_iff option.case_eq_if order_less_imp_le order_less_trans) (3.5 s)
0.sledgehammer goal.by        20488ms Simplex.Simplex 1536:62807  some Preplay: (smt (cvc5, prereg_lazy) Orderings.order_eq_iff option.case_eq_if order_less_imp_le order_less_trans) (3.9 s)
0.sledgehammer goal.by        20488ms Simplex.Simplex 1536:62807  some Preplay: (smt (cvc5, finite_mode_find_macro_quant) Orderings.order_eq_iff option.case_eq_if order_less_imp_le order_less_trans) (failed)
0.sledgehammer goal.by        33526ms Simplex.Simplex 1698:70115  some (SH 33526ms, ATP 827ms): Try this: by (smt (cvc5) prod.inject)
0.sledgehammer goal.by        33526ms Simplex.Simplex 1698:70115  some Preplay: (smt (cvc5, best) prod.inject) (> 1.0 s, timed out)
0.sledgehammer goal.by        33526ms Simplex.Simplex 1698:70115  some Preplay: (smt (cvc5, dec_internal_no_simp) prod.inject) (> 1.0 s, timed out)
0.sledgehammer goal.by        33526ms Simplex.Simplex 1698:70115  some Preplay: (smt (cvc5, dec_internal_enum_inst_sum) prod.inject) (> 1.0 s, timed out)
0.sledgehammer goal.by        33526ms Simplex.Simplex 1698:70115  some Preplay: (smt (cvc5, term_db_relevant) prod.inject) (> 1.0 s, timed out)
0.sledgehammer goal.by        33526ms Simplex.Simplex 1698:70115  some Preplay: (smt (cvc5, interleave) prod.inject) (> 1.0 s, timed out)
0.sledgehammer goal.by        33526ms Simplex.Simplex 1698:70115  some Preplay: (smt (cvc5, prereg_lazy) prod.inject) (> 1.0 s, timed out)
0.sledgehammer goal.by        33526ms Simplex.Simplex 1698:70115  some Preplay: (smt (cvc5, finite_mode_find) prod.inject) (> 1.0 s, timed out)
0.sledgehammer goal.by        33526ms Simplex.Simplex 1698:70115  some Preplay: (smt (cvc5, no_fmf_mbqi) prod.inject) (> 1.0 s, timed out)
0.sledgehammer goal.by        33526ms Simplex.Simplex 1698:70115  some Preplay: (smt (cvc5, finite_mode_find_dec_internal) prod.inject) (> 1.0 s, timed out)
0.sledgehammer goal.by        33526ms Simplex.Simplex 1698:70115  some Preplay: (smt (cvc5, finite_mode_find_macro_quant) prod.inject) (> 1.0 s, timed out)
0.sledgehammer goal.by        33526ms Simplex.Simplex 1698:70115  some Preplay: (smt (cvc5, finite_mode_find_e_matching) prod.inject) (> 1.0 s, timed out)
0.sledgehammer goal.by        33526ms Simplex.Simplex 1698:70115  some Preplay: (smt (cvc5, mbqi) prod.inject) (> 1.0 s, timed out)
0.sledgehammer goal.using     37467ms Simplex.Simplex 2146:87725  some (SH 37467ms, ATP 1135ms): Try this: by (smt (cvc5) assert_bound'_def assms(1,2,5))
0.sledgehammer goal.using     37467ms Simplex.Simplex 2146:87725  some Preplay: (smt (cvc5, best) assert_bound'_def assms(1,2,5)) (> 1.0 s, timed out)
0.sledgehammer goal.using     37467ms Simplex.Simplex 2146:87725  some Preplay: (smt (cvc5, dec_internal_no_simp) assert_bound'_def assms(1,2,5)) (> 1.0 s, timed out)
0.sledgehammer goal.using     37467ms Simplex.Simplex 2146:87725  some Preplay: (smt (cvc5, dec_internal_enum_inst_sum) assert_bound'_def assms(1,2,5)) (> 1.0 s, timed out)
0.sledgehammer goal.using     37467ms Simplex.Simplex 2146:87725  some Preplay: (smt (cvc5, term_db_relevant) assert_bound'_def assms(1,2,5)) (> 1.0 s, timed out)
0.sledgehammer goal.using     37467ms Simplex.Simplex 2146:87725  some Preplay: (smt (cvc5, interleave) assert_bound'_def assms(1,2,5)) (> 1.0 s, timed out)
0.sledgehammer goal.using     37467ms Simplex.Simplex 2146:87725  some Preplay: (smt (cvc5, prereg_lazy) assert_bound'_def assms(1,2,5)) (> 1.0 s, timed out)
0.sledgehammer goal.using     37467ms Simplex.Simplex 2146:87725  some Preplay: (smt (cvc5, finite_mode_find) assert_bound'_def assms(1,2,5)) (> 1.0 s, timed out)
0.sledgehammer goal.using     37467ms Simplex.Simplex 2146:87725  some Preplay: (smt (cvc5, no_fmf_mbqi) assert_bound'_def assms(1,2,5)) (> 1.0 s, timed out)
0.sledgehammer goal.using     37467ms Simplex.Simplex 2146:87725  some Preplay: (smt (cvc5, finite_mode_find_dec_internal) assert_bound'_def assms(1,2,5)) (> 1.0 s, timed out)
0.sledgehammer goal.using     37467ms Simplex.Simplex 2146:87725  some Preplay: (smt (cvc5, finite_mode_find_macro_quant) assert_bound'_def assms(1,2,5)) (> 1.0 s, timed out)
0.sledgehammer goal.using     37467ms Simplex.Simplex 2146:87725  some Preplay: (smt (cvc5, finite_mode_find_e_matching) assert_bound'_def assms(1,2,5)) (> 1.0 s, timed out)
0.sledgehammer goal.using     37467ms Simplex.Simplex 2146:87725  some Preplay: (smt (cvc5, mbqi) assert_bound'_def assms(1,2,5)) (> 1.0 s, timed out)
0.sledgehammer goal.by        18042ms Simplex.Simplex 2763:114076  some (SH 18042ms, ATP 1126ms): Try this: by (smt (cvc5))
0.sledgehammer goal.by        18042ms Simplex.Simplex 2763:114076  some Preplay: (smt (cvc5, best)) (> 1.0 s, timed out)
0.sledgehammer goal.by        18042ms Simplex.Simplex 2763:114076  some Preplay: (smt (cvc5, dec_internal_no_simp)) (> 1.0 s, timed out)
0.sledgehammer goal.by        18042ms Simplex.Simplex 2763:114076  some Preplay: (smt (cvc5, dec_internal_enum_inst_sum)) (> 1.0 s, timed out)
0.sledgehammer goal.by        18042ms Simplex.Simplex 2763:114076  some Preplay: (smt (cvc5, term_db_relevant)) (> 1.0 s, timed out)
0.sledgehammer goal.by        18042ms Simplex.Simplex 2763:114076  some Preplay: (smt (cvc5, interleave)) (> 1.0 s, timed out)
0.sledgehammer goal.by        18042ms Simplex.Simplex 2763:114076  some Preplay: (smt (cvc5, prereg_lazy)) (> 1.0 s, timed out)
0.sledgehammer goal.by        18042ms Simplex.Simplex 2763:114076  some Preplay: (smt (cvc5, finite_mode_find)) (> 1.0 s, timed out)
0.sledgehammer goal.by        18042ms Simplex.Simplex 2763:114076  some Preplay: (smt (cvc5, no_fmf_mbqi)) (> 1.0 s, timed out)
0.sledgehammer goal.by        18042ms Simplex.Simplex 2763:114076  some Preplay: (smt (cvc5, finite_mode_find_dec_internal)) (> 1.0 s, timed out)
0.sledgehammer goal.by        18042ms Simplex.Simplex 2763:114076  some Preplay: (smt (cvc5, finite_mode_find_macro_quant)) (> 1.0 s, timed out)
0.sledgehammer goal.by        18042ms Simplex.Simplex 2763:114076  some Preplay: (smt (cvc5, finite_mode_find_e_matching)) (> 1.0 s, timed out)
0.sledgehammer goal.by        18042ms Simplex.Simplex 2763:114076  some Preplay: (smt (cvc5, mbqi)) (> 1.0 s, timed out)
0.sledgehammer goal.unfolding 19325ms Simplex.Simplex 2770:114656  some (SH 19325ms, ATP 1543ms): Try this: by (smt (cvc5) Orderings.order_eq_iff order_le_imp_less_or_eq order_less_imp_le)
0.sledgehammer goal.unfolding 19325ms Simplex.Simplex 2770:114656  some Preplay: (smt (cvc5, best) Orderings.order_eq_iff order_le_imp_less_or_eq order_less_imp_le) (> 1.0 s, timed out)
0.sledgehammer goal.unfolding 19325ms Simplex.Simplex 2770:114656  some Preplay: (smt (cvc5, dec_internal_no_simp) Orderings.order_eq_iff order_le_imp_less_or_eq order_less_imp_le) (> 1.0 s, timed out)
0.sledgehammer goal.unfolding 19325ms Simplex.Simplex 2770:114656  some Preplay: (smt (cvc5, dec_internal_enum_inst_sum) Orderings.order_eq_iff order_le_imp_less_or_eq order_less_imp_le) (> 1.0 s, timed out)
0.sledgehammer goal.unfolding 19325ms Simplex.Simplex 2770:114656  some Preplay: (smt (cvc5, term_db_relevant) Orderings.order_eq_iff order_le_imp_less_or_eq order_less_imp_le) (> 1.0 s, timed out)
0.sledgehammer goal.unfolding 19325ms Simplex.Simplex 2770:114656  some Preplay: (smt (cvc5, interleave) Orderings.order_eq_iff order_le_imp_less_or_eq order_less_imp_le) (> 1.0 s, timed out)
0.sledgehammer goal.unfolding 19325ms Simplex.Simplex 2770:114656  some Preplay: (smt (cvc5, prereg_lazy) Orderings.order_eq_iff order_le_imp_less_or_eq order_less_imp_le) (> 1.0 s, timed out)
0.sledgehammer goal.unfolding 19325ms Simplex.Simplex 2770:114656  some Preplay: (smt (cvc5, finite_mode_find) Orderings.order_eq_iff order_le_imp_less_or_eq order_less_imp_le) (> 1.0 s, timed out)
0.sledgehammer goal.unfolding 19325ms Simplex.Simplex 2770:114656  some Preplay: (smt (cvc5, no_fmf_mbqi) Orderings.order_eq_iff order_le_imp_less_or_eq order_less_imp_le) (> 1.0 s, timed out)
0.sledgehammer goal.unfolding 19325ms Simplex.Simplex 2770:114656  some Preplay: (smt (cvc5, finite_mode_find_dec_internal) Orderings.order_eq_iff order_le_imp_less_or_eq order_less_imp_le) (> 1.0 s, timed out)
0.sledgehammer goal.unfolding 19325ms Simplex.Simplex 2770:114656  some Preplay: (smt (cvc5, finite_mode_find_macro_quant) Orderings.order_eq_iff order_le_imp_less_or_eq order_less_imp_le) (> 1.0 s, timed out)
0.sledgehammer goal.unfolding 19325ms Simplex.Simplex 2770:114656  some Preplay: (smt (cvc5, finite_mode_find_e_matching) Orderings.order_eq_iff order_le_imp_less_or_eq order_less_imp_le) (> 1.0 s, timed out)
0.sledgehammer goal.unfolding 19325ms Simplex.Simplex 2770:114656  some Preplay: (smt (cvc5, mbqi) Orderings.order_eq_iff order_le_imp_less_or_eq order_less_imp_le) (> 1.0 s, timed out)
0.sledgehammer goal.unfolding 18699ms Simplex.Simplex 2774:115054  some (SH 18699ms, ATP 1046ms): Try this: by (smt (cvc5))
0.sledgehammer goal.unfolding 18699ms Simplex.Simplex 2774:115054  some Preplay: (smt (cvc5, best)) (> 1.0 s, timed out)
0.sledgehammer goal.unfolding 18699ms Simplex.Simplex 2774:115054  some Preplay: (smt (cvc5, dec_internal_no_simp)) (> 1.0 s, timed out)
0.sledgehammer goal.unfolding 18699ms Simplex.Simplex 2774:115054  some Preplay: (smt (cvc5, dec_internal_enum_inst_sum)) (> 1.0 s, timed out)
0.sledgehammer goal.unfolding 18699ms Simplex.Simplex 2774:115054  some Preplay: (smt (cvc5, term_db_relevant)) (> 1.0 s, timed out)
0.sledgehammer goal.unfolding 18699ms Simplex.Simplex 2774:115054  some Preplay: (smt (cvc5, interleave)) (> 1.0 s, timed out)
0.sledgehammer goal.unfolding 18699ms Simplex.Simplex 2774:115054  some Preplay: (smt (cvc5, prereg_lazy)) (> 1.0 s, timed out)
0.sledgehammer goal.unfolding 18699ms Simplex.Simplex 2774:115054  some Preplay: (smt (cvc5, finite_mode_find)) (> 1.0 s, timed out)
0.sledgehammer goal.unfolding 18699ms Simplex.Simplex 2774:115054  some Preplay: (smt (cvc5, no_fmf_mbqi)) (> 1.0 s, timed out)
0.sledgehammer goal.unfolding 18699ms Simplex.Simplex 2774:115054  some Preplay: (smt (cvc5, finite_mode_find_dec_internal)) (> 1.0 s, timed out)
0.sledgehammer goal.unfolding 18699ms Simplex.Simplex 2774:115054  some Preplay: (smt (cvc5, finite_mode_find_macro_quant)) (> 1.0 s, timed out)
0.sledgehammer goal.unfolding 18699ms Simplex.Simplex 2774:115054  some Preplay: (smt (cvc5, finite_mode_find_e_matching)) (> 1.0 s, timed out)
0.sledgehammer goal.unfolding 18699ms Simplex.Simplex 2774:115054  some Preplay: (smt (cvc5, mbqi)) (> 1.0 s, timed out)
0.sledgehammer goal.unfolding 54794ms Simplex.Simplex 3201:136708  some (SH 54794ms, ATP 1577ms): Try this: by (smt (cvc5) Direction.sel(1,10,2,3,4,5,6,7,8,9) Negative_def Positive_def \<B>\<I>_set_unsat equiv(1,2))
0.sledgehammer goal.unfolding 54794ms Simplex.Simplex 3201:136708  some Preplay: (smt (cvc5, best) Direction.sel(1,10,2,3,4,5,6,7,8,9) Negative_def Positive_def \<B>\<I>_set_unsat equiv(1,2)) (> 1.0 s, timed out)
0.sledgehammer goal.unfolding 54794ms Simplex.Simplex 3201:136708  some Preplay: (smt (cvc5, dec_internal_no_simp) Direction.sel(1,10,2,3,4,5,6,7,8,9) Negative_def Positive_def \<B>\<I>_set_unsat equiv(1,2)) (> 1.0 s, timed out)
0.sledgehammer goal.unfolding 54794ms Simplex.Simplex 3201:136708  some Preplay: (smt (cvc5, dec_internal_enum_inst_sum) Direction.sel(1,10,2,3,4,5,6,7,8,9) Negative_def Positive_def \<B>\<I>_set_unsat equiv(1,2)) (> 1.0 s, timed out)
0.sledgehammer goal.unfolding 54794ms Simplex.Simplex 3201:136708  some Preplay: (smt (cvc5, term_db_relevant) Direction.sel(1,10,2,3,4,5,6,7,8,9) Negative_def Positive_def \<B>\<I>_set_unsat equiv(1,2)) (> 1.0 s, timed out)
0.sledgehammer goal.unfolding 54794ms Simplex.Simplex 3201:136708  some Preplay: (smt (cvc5, interleave) Direction.sel(1,10,2,3,4,5,6,7,8,9) Negative_def Positive_def \<B>\<I>_set_unsat equiv(1,2)) (> 1.0 s, timed out)
0.sledgehammer goal.unfolding 54794ms Simplex.Simplex 3201:136708  some Preplay: (smt (cvc5, prereg_lazy) Direction.sel(1,10,2,3,4,5,6,7,8,9) Negative_def Positive_def \<B>\<I>_set_unsat equiv(1,2)) (> 1.0 s, timed out)
0.sledgehammer goal.unfolding 54794ms Simplex.Simplex 3201:136708  some Preplay: (smt (cvc5, finite_mode_find) Direction.sel(1,10,2,3,4,5,6,7,8,9) Negative_def Positive_def \<B>\<I>_set_unsat equiv(1,2)) (> 1.0 s, timed out)
0.sledgehammer goal.unfolding 54794ms Simplex.Simplex 3201:136708  some Preplay: (smt (cvc5, no_fmf_mbqi) Direction.sel(1,10,2,3,4,5,6,7,8,9) Negative_def Positive_def \<B>\<I>_set_unsat equiv(1,2)) (> 1.0 s, timed out)
0.sledgehammer goal.unfolding 54794ms Simplex.Simplex 3201:136708  some Preplay: (smt (cvc5, finite_mode_find_dec_internal) Direction.sel(1,10,2,3,4,5,6,7,8,9) Negative_def Positive_def \<B>\<I>_set_unsat equiv(1,2)) (> 1.0 s, timed out)
0.sledgehammer goal.unfolding 54794ms Simplex.Simplex 3201:136708  some Preplay: (smt (cvc5, finite_mode_find_macro_quant) Direction.sel(1,10,2,3,4,5,6,7,8,9) Negative_def Positive_def \<B>\<I>_set_unsat equiv(1,2)) (> 1.0 s, timed out)
0.sledgehammer goal.unfolding 54794ms Simplex.Simplex 3201:136708  some Preplay: (smt (cvc5, finite_mode_find_e_matching) Direction.sel(1,10,2,3,4,5,6,7,8,9) Negative_def Positive_def \<B>\<I>_set_unsat equiv(1,2)) (> 1.0 s, timed out)
0.sledgehammer goal.unfolding 54794ms Simplex.Simplex 3201:136708  some Preplay: (smt (cvc5, mbqi) Direction.sel(1,10,2,3,4,5,6,7,8,9) Negative_def Positive_def \<B>\<I>_set_unsat equiv(1,2)) (> 1.0 s, timed out)
0.sledgehammer goal.unfolding 56611ms Simplex.Simplex 3254:139161  timeout (SH 56611ms):
0.sledgehammer goal.unfolding 49132ms Simplex.Simplex 3421:145375  some (SH 49131ms, ATP 633ms): Try this: by (smt (cvc5, term_db_relevant) map_reindex pivot_tableau'_def pivot_tableau_def) (498 ms)
0.sledgehammer goal.unfolding 49132ms Simplex.Simplex 3421:145375  some Preplay: (smt (cvc5, term_db_relevant) map_reindex pivot_tableau'_def pivot_tableau_def) (498 ms)
0.sledgehammer goal.unfolding 49132ms Simplex.Simplex 3421:145375  some Preplay: (smt (cvc5, dec_internal_enum_inst_sum) map_reindex pivot_tableau'_def pivot_tableau_def) (520 ms)
0.sledgehammer goal.unfolding 49132ms Simplex.Simplex 3421:145375  some Preplay: (smt (cvc5, dec_internal_no_simp) map_reindex pivot_tableau'_def pivot_tableau_def) (883 ms)
0.sledgehammer goal.unfolding 49132ms Simplex.Simplex 3421:145375  some Preplay: (smt (cvc5, best) map_reindex pivot_tableau'_def pivot_tableau_def) (984 ms)
0.sledgehammer goal.unfolding 49132ms Simplex.Simplex 3421:145375  some Preplay: (smt (cvc5, interleave) map_reindex pivot_tableau'_def pivot_tableau_def) (> 498 ms, timed out)
0.sledgehammer goal.unfolding 49132ms Simplex.Simplex 3421:145375  some Preplay: (smt (cvc5, prereg_lazy) map_reindex pivot_tableau'_def pivot_tableau_def) (> 498 ms, timed out)
0.sledgehammer goal.unfolding 49132ms Simplex.Simplex 3421:145375  some Preplay: (smt (cvc5, finite_mode_find) map_reindex pivot_tableau'_def pivot_tableau_def) (> 498 ms, timed out)
0.sledgehammer goal.unfolding 49132ms Simplex.Simplex 3421:145375  some Preplay: (smt (cvc5, no_fmf_mbqi) map_reindex pivot_tableau'_def pivot_tableau_def) (> 498 ms, timed out)
0.sledgehammer goal.unfolding 49132ms Simplex.Simplex 3421:145375  some Preplay: (smt (cvc5, finite_mode_find_dec_internal) map_reindex pivot_tableau'_def pivot_tableau_def) (> 498 ms, timed out)
0.sledgehammer goal.unfolding 49132ms Simplex.Simplex 3421:145375  some Preplay: (smt (cvc5, finite_mode_find_macro_quant) map_reindex pivot_tableau'_def pivot_tableau_def) (> 498 ms, timed out)
0.sledgehammer goal.unfolding 49132ms Simplex.Simplex 3421:145375  some Preplay: (smt (cvc5, finite_mode_find_e_matching) map_reindex pivot_tableau'_def pivot_tableau_def) (> 498 ms, timed out)
0.sledgehammer goal.unfolding 49132ms Simplex.Simplex 3421:145375  some Preplay: (smt (cvc5, mbqi) map_reindex pivot_tableau'_def pivot_tableau_def) (> 498 ms, timed out)
0.sledgehammer goal.unfolding 28336ms Simplex.Simplex 3422:145426  some (SH 28335ms, ATP 1354ms): Try this: by (smt (cvc5, mbqi) map_reindex) (963 ms)
0.sledgehammer goal.unfolding 28336ms Simplex.Simplex 3422:145426  some Preplay: (smt (cvc5, mbqi) map_reindex) (963 ms)
0.sledgehammer goal.unfolding 28336ms Simplex.Simplex 3422:145426  some Preplay: (smt (cvc5, finite_mode_find_e_matching) map_reindex) (1.3 s)
0.sledgehammer goal.unfolding 28336ms Simplex.Simplex 3422:145426  some Preplay: (smt (cvc5, dec_internal_no_simp) map_reindex) (1.4 s)
0.sledgehammer goal.unfolding 28336ms Simplex.Simplex 3422:145426  some Preplay: (smt (cvc5, best) map_reindex) (1.5 s)
0.sledgehammer goal.unfolding 28336ms Simplex.Simplex 3422:145426  some Preplay: (smt (cvc5, dec_internal_enum_inst_sum) map_reindex) (1.7 s)
0.sledgehammer goal.unfolding 28336ms Simplex.Simplex 3422:145426  some Preplay: (smt (cvc5, finite_mode_find) map_reindex) (1.8 s)
0.sledgehammer goal.unfolding 28336ms Simplex.Simplex 3422:145426  some Preplay: (smt (cvc5, no_fmf_mbqi) map_reindex) (1.9 s)
0.sledgehammer goal.unfolding 28336ms Simplex.Simplex 3422:145426  some Preplay: (smt (cvc5, finite_mode_find_macro_quant) map_reindex) (1.9 s)
0.sledgehammer goal.unfolding 28336ms Simplex.Simplex 3422:145426  some Preplay: (smt (cvc5, term_db_relevant) map_reindex) (2.0 s)
0.sledgehammer goal.unfolding 28336ms Simplex.Simplex 3422:145426  some Preplay: (smt (cvc5, prereg_lazy) map_reindex) (2.0 s)
0.sledgehammer goal.unfolding 28336ms Simplex.Simplex 3422:145426  some Preplay: (smt (cvc5, interleave) map_reindex) (2.1 s)
0.sledgehammer goal.unfolding 28336ms Simplex.Simplex 3422:145426  some Preplay: (smt (cvc5, finite_mode_find_dec_internal) map_reindex) (2.2 s)
0.sledgehammer goal.by        88173ms Simplex.Simplex 3561:150384  some (SH 88172ms, ATP 2242ms): Try this: by (smt (cvc5, prereg_lazy) Un_insert_left Un_insert_right \<open>rvars_eq (pivot_eq (\<T> s ! eq_idx_for_lvar (\<T> s) x\<^sub>i) x\<^sub>j) \<subseteq> {x\<^sub>i} \<union> (rvars (\<T> s) - {x\<^sub>j})\<close> rvars_def subset_Un_eq sup_bot_left) (169 ms)
0.sledgehammer goal.by        88173ms Simplex.Simplex 3561:150384  some Preplay: (smt (cvc5, prereg_lazy) Un_insert_left Un_insert_right \<open>rvars_eq (pivot_eq (\<T> s ! eq_idx_for_lvar (\<T> s) x\<^sub>i) x\<^sub>j) \<subseteq> {x\<^sub>i} \<union> (rvars (\<T> s) - {x\<^sub>j})\<close> rvars_def subset_Un_eq sup_bot_left) (169 ms)
0.sledgehammer goal.by        88173ms Simplex.Simplex 3561:150384  some Preplay: (smt (cvc5, best) Un_insert_left Un_insert_right \<open>rvars_eq (pivot_eq (\<T> s ! eq_idx_for_lvar (\<T> s) x\<^sub>i) x\<^sub>j) \<subseteq> {x\<^sub>i} \<union> (rvars (\<T> s) - {x\<^sub>j})\<close> rvars_def subset_Un_eq sup_bot_left) (236 ms)
0.sledgehammer goal.by        88173ms Simplex.Simplex 3561:150384  some Preplay: (smt (cvc5, finite_mode_find) Un_insert_left Un_insert_right \<open>rvars_eq (pivot_eq (\<T> s ! eq_idx_for_lvar (\<T> s) x\<^sub>i) x\<^sub>j) \<subseteq> {x\<^sub>i} \<union> (rvars (\<T> s) - {x\<^sub>j})\<close> rvars_def subset_Un_eq sup_bot_left) (> 169 ms, timed out)
0.sledgehammer goal.by        88173ms Simplex.Simplex 3561:150384  some Preplay: (smt (cvc5, no_fmf_mbqi) Un_insert_left Un_insert_right \<open>rvars_eq (pivot_eq (\<T> s ! eq_idx_for_lvar (\<T> s) x\<^sub>i) x\<^sub>j) \<subseteq> {x\<^sub>i} \<union> (rvars (\<T> s) - {x\<^sub>j})\<close> rvars_def subset_Un_eq sup_bot_left) (> 169 ms, timed out)
0.sledgehammer goal.by        88173ms Simplex.Simplex 3561:150384  some Preplay: (smt (cvc5, finite_mode_find_dec_internal) Un_insert_left Un_insert_right \<open>rvars_eq (pivot_eq (\<T> s ! eq_idx_for_lvar (\<T> s) x\<^sub>i) x\<^sub>j) \<subseteq> {x\<^sub>i} \<union> (rvars (\<T> s) - {x\<^sub>j})\<close> rvars_def subset_Un_eq sup_bot_left) (> 169 ms, timed out)
0.sledgehammer goal.by        88173ms Simplex.Simplex 3561:150384  some Preplay: (smt (cvc5, finite_mode_find_macro_quant) Un_insert_left Un_insert_right \<open>rvars_eq (pivot_eq (\<T> s ! eq_idx_for_lvar (\<T> s) x\<^sub>i) x\<^sub>j) \<subseteq> {x\<^sub>i} \<union> (rvars (\<T> s) - {x\<^sub>j})\<close> rvars_def subset_Un_eq sup_bot_left) (> 169 ms, timed out)
0.sledgehammer goal.by        88173ms Simplex.Simplex 3561:150384  some Preplay: (smt (cvc5, finite_mode_find_e_matching) Un_insert_left Un_insert_right \<open>rvars_eq (pivot_eq (\<T> s ! eq_idx_for_lvar (\<T> s) x\<^sub>i) x\<^sub>j) \<subseteq> {x\<^sub>i} \<union> (rvars (\<T> s) - {x\<^sub>j})\<close> rvars_def subset_Un_eq sup_bot_left) (> 169 ms, timed out)
0.sledgehammer goal.by        88173ms Simplex.Simplex 3561:150384  some Preplay: (smt (cvc5, mbqi) Un_insert_left Un_insert_right \<open>rvars_eq (pivot_eq (\<T> s ! eq_idx_for_lvar (\<T> s) x\<^sub>i) x\<^sub>j) \<subseteq> {x\<^sub>i} \<union> (rvars (\<T> s) - {x\<^sub>j})\<close> rvars_def subset_Un_eq sup_bot_left) (> 169 ms, timed out)
0.sledgehammer goal.by        88173ms Simplex.Simplex 3561:150384  some Preplay: (smt (cvc5, dec_internal_no_simp) Un_insert_left Un_insert_right \<open>rvars_eq (pivot_eq (\<T> s ! eq_idx_for_lvar (\<T> s) x\<^sub>i) x\<^sub>j) \<subseteq> {x\<^sub>i} \<union> (rvars (\<T> s) - {x\<^sub>j})\<close> rvars_def subset_Un_eq sup_bot_left) (> 236 ms, timed out)
0.sledgehammer goal.by        88173ms Simplex.Simplex 3561:150384  some Preplay: (smt (cvc5, dec_internal_enum_inst_sum) Un_insert_left Un_insert_right \<open>rvars_eq (pivot_eq (\<T> s ! eq_idx_for_lvar (\<T> s) x\<^sub>i) x\<^sub>j) \<subseteq> {x\<^sub>i} \<union> (rvars (\<T> s) - {x\<^sub>j})\<close> rvars_def subset_Un_eq sup_bot_left) (> 236 ms, timed out)
0.sledgehammer goal.by        88173ms Simplex.Simplex 3561:150384  some Preplay: (smt (cvc5, term_db_relevant) Un_insert_left Un_insert_right \<open>rvars_eq (pivot_eq (\<T> s ! eq_idx_for_lvar (\<T> s) x\<^sub>i) x\<^sub>j) \<subseteq> {x\<^sub>i} \<union> (rvars (\<T> s) - {x\<^sub>j})\<close> rvars_def subset_Un_eq sup_bot_left) (> 236 ms, timed out)
0.sledgehammer goal.by        88173ms Simplex.Simplex 3561:150384  some Preplay: (smt (cvc5, interleave) Un_insert_left Un_insert_right \<open>rvars_eq (pivot_eq (\<T> s ! eq_idx_for_lvar (\<T> s) x\<^sub>i) x\<^sub>j) \<subseteq> {x\<^sub>i} \<union> (rvars (\<T> s) - {x\<^sub>j})\<close> rvars_def subset_Un_eq sup_bot_left) (> 236 ms, timed out)
0.sledgehammer goal.using     45163ms Simplex.Simplex 3920:164552  some (SH 45162ms, ATP 1243ms): Try this: by (smt (cvc5) assms(1,2) check'_def isl_def old.sum.simps(5) sum.case_eq_if sum.split_sel)
0.sledgehammer goal.using     45163ms Simplex.Simplex 3920:164552  some Preplay: (smt (cvc5, best) assms(1,2) check'_def isl_def old.sum.simps(5) sum.case_eq_if sum.split_sel) (> 1.0 s, timed out)
0.sledgehammer goal.using     45163ms Simplex.Simplex 3920:164552  some Preplay: (smt (cvc5, dec_internal_no_simp) assms(1,2) check'_def isl_def old.sum.simps(5) sum.case_eq_if sum.split_sel) (> 1.0 s, timed out)
0.sledgehammer goal.using     45163ms Simplex.Simplex 3920:164552  some Preplay: (smt (cvc5, dec_internal_enum_inst_sum) assms(1,2) check'_def isl_def old.sum.simps(5) sum.case_eq_if sum.split_sel) (> 1.0 s, timed out)
0.sledgehammer goal.using     45163ms Simplex.Simplex 3920:164552  some Preplay: (smt (cvc5, term_db_relevant) assms(1,2) check'_def isl_def old.sum.simps(5) sum.case_eq_if sum.split_sel) (> 1.0 s, timed out)
0.sledgehammer goal.using     45163ms Simplex.Simplex 3920:164552  some Preplay: (smt (cvc5, interleave) assms(1,2) check'_def isl_def old.sum.simps(5) sum.case_eq_if sum.split_sel) (> 1.0 s, timed out)
0.sledgehammer goal.using     45163ms Simplex.Simplex 3920:164552  some Preplay: (smt (cvc5, prereg_lazy) assms(1,2) check'_def isl_def old.sum.simps(5) sum.case_eq_if sum.split_sel) (> 1.0 s, timed out)
0.sledgehammer goal.using     45163ms Simplex.Simplex 3920:164552  some Preplay: (smt (cvc5, finite_mode_find) assms(1,2) check'_def isl_def old.sum.simps(5) sum.case_eq_if sum.split_sel) (> 1.0 s, timed out)
0.sledgehammer goal.using     45163ms Simplex.Simplex 3920:164552  some Preplay: (smt (cvc5, no_fmf_mbqi) assms(1,2) check'_def isl_def old.sum.simps(5) sum.case_eq_if sum.split_sel) (> 1.0 s, timed out)
0.sledgehammer goal.using     45163ms Simplex.Simplex 3920:164552  some Preplay: (smt (cvc5, finite_mode_find_dec_internal) assms(1,2) check'_def isl_def old.sum.simps(5) sum.case_eq_if sum.split_sel) (> 1.0 s, timed out)
0.sledgehammer goal.using     45163ms Simplex.Simplex 3920:164552  some Preplay: (smt (cvc5, finite_mode_find_e_matching) assms(1,2) check'_def isl_def old.sum.simps(5) sum.case_eq_if sum.split_sel) (> 1.0 s, timed out)
0.sledgehammer goal.using     45163ms Simplex.Simplex 3920:164552  some Preplay: (smt (cvc5, mbqi) assms(1,2) check'_def isl_def old.sum.simps(5) sum.case_eq_if sum.split_sel) (> 1.0 s, timed out)
0.sledgehammer goal.using     45163ms Simplex.Simplex 3920:164552  some Preplay: (smt (cvc5, finite_mode_find_macro_quant) assms(1,2) check'_def isl_def old.sum.simps(5) sum.case_eq_if sum.split_sel) (failed)
0.sledgehammer goal.unfolding 52993ms Simplex.Simplex 3921:164566  some (SH 52992ms, ATP 629ms): Try this: by (smt (cvc5) check'_def old.sum.simps(5,6) sumE)
0.sledgehammer goal.unfolding 52993ms Simplex.Simplex 3921:164566  some Preplay: (smt (cvc5, best) check'_def old.sum.simps(5,6) sumE) (> 1.0 s, timed out)
0.sledgehammer goal.unfolding 52993ms Simplex.Simplex 3921:164566  some Preplay: (smt (cvc5, dec_internal_no_simp) check'_def old.sum.simps(5,6) sumE) (> 1.0 s, timed out)
0.sledgehammer goal.unfolding 52993ms Simplex.Simplex 3921:164566  some Preplay: (smt (cvc5, dec_internal_enum_inst_sum) check'_def old.sum.simps(5,6) sumE) (> 1.0 s, timed out)
0.sledgehammer goal.unfolding 52993ms Simplex.Simplex 3921:164566  some Preplay: (smt (cvc5, term_db_relevant) check'_def old.sum.simps(5,6) sumE) (> 1.0 s, timed out)
0.sledgehammer goal.unfolding 52993ms Simplex.Simplex 3921:164566  some Preplay: (smt (cvc5, interleave) check'_def old.sum.simps(5,6) sumE) (> 1.0 s, timed out)
0.sledgehammer goal.unfolding 52993ms Simplex.Simplex 3921:164566  some Preplay: (smt (cvc5, prereg_lazy) check'_def old.sum.simps(5,6) sumE) (> 1.0 s, timed out)
0.sledgehammer goal.unfolding 52993ms Simplex.Simplex 3921:164566  some Preplay: (smt (cvc5, finite_mode_find) check'_def old.sum.simps(5,6) sumE) (> 1.0 s, timed out)
0.sledgehammer goal.unfolding 52993ms Simplex.Simplex 3921:164566  some Preplay: (smt (cvc5, no_fmf_mbqi) check'_def old.sum.simps(5,6) sumE) (> 1.0 s, timed out)
0.sledgehammer goal.unfolding 52993ms Simplex.Simplex 3921:164566  some Preplay: (smt (cvc5, finite_mode_find_dec_internal) check'_def old.sum.simps(5,6) sumE) (> 1.0 s, timed out)
0.sledgehammer goal.unfolding 52993ms Simplex.Simplex 3921:164566  some Preplay: (smt (cvc5, finite_mode_find_e_matching) check'_def old.sum.simps(5,6) sumE) (> 1.0 s, timed out)
0.sledgehammer goal.unfolding 52993ms Simplex.Simplex 3921:164566  some Preplay: (smt (cvc5, mbqi) check'_def old.sum.simps(5,6) sumE) (> 1.0 s, timed out)
0.sledgehammer goal.unfolding 52993ms Simplex.Simplex 3921:164566  some Preplay: (smt (cvc5, finite_mode_find_macro_quant) check'_def old.sum.simps(5,6) sumE) (failed)
0.sledgehammer goal.by        52183ms Simplex.Simplex 3922:164589  some (SH 52183ms, ATP 2412ms): Try this: by (smt (cvc5) isl_def sum.case_eq_if sum.distinct(1) sum.split_sel)
0.sledgehammer goal.by        52183ms Simplex.Simplex 3922:164589  some Preplay: (smt (cvc5, best) isl_def sum.case_eq_if sum.distinct(1) sum.split_sel) (> 1.0 s, timed out)
0.sledgehammer goal.by        52183ms Simplex.Simplex 3922:164589  some Preplay: (smt (cvc5, dec_internal_no_simp) isl_def sum.case_eq_if sum.distinct(1) sum.split_sel) (> 1.0 s, timed out)
0.sledgehammer goal.by        52183ms Simplex.Simplex 3922:164589  some Preplay: (smt (cvc5, dec_internal_enum_inst_sum) isl_def sum.case_eq_if sum.distinct(1) sum.split_sel) (> 1.0 s, timed out)
0.sledgehammer goal.by        52183ms Simplex.Simplex 3922:164589  some Preplay: (smt (cvc5, term_db_relevant) isl_def sum.case_eq_if sum.distinct(1) sum.split_sel) (> 1.0 s, timed out)
0.sledgehammer goal.by        52183ms Simplex.Simplex 3922:164589  some Preplay: (smt (cvc5, interleave) isl_def sum.case_eq_if sum.distinct(1) sum.split_sel) (> 1.0 s, timed out)
0.sledgehammer goal.by        52183ms Simplex.Simplex 3922:164589  some Preplay: (smt (cvc5, prereg_lazy) isl_def sum.case_eq_if sum.distinct(1) sum.split_sel) (> 1.0 s, timed out)
0.sledgehammer goal.by        52183ms Simplex.Simplex 3922:164589  some Preplay: (smt (cvc5, finite_mode_find) isl_def sum.case_eq_if sum.distinct(1) sum.split_sel) (> 1.0 s, timed out)
0.sledgehammer goal.by        52183ms Simplex.Simplex 3922:164589  some Preplay: (smt (cvc5, no_fmf_mbqi) isl_def sum.case_eq_if sum.distinct(1) sum.split_sel) (> 1.0 s, timed out)
0.sledgehammer goal.by        52183ms Simplex.Simplex 3922:164589  some Preplay: (smt (cvc5, finite_mode_find_dec_internal) isl_def sum.case_eq_if sum.distinct(1) sum.split_sel) (> 1.0 s, timed out)
0.sledgehammer goal.by        52183ms Simplex.Simplex 3922:164589  some Preplay: (smt (cvc5, finite_mode_find_e_matching) isl_def sum.case_eq_if sum.distinct(1) sum.split_sel) (> 1.0 s, timed out)
0.sledgehammer goal.by        52183ms Simplex.Simplex 3922:164589  some Preplay: (smt (cvc5, mbqi) isl_def sum.case_eq_if sum.distinct(1) sum.split_sel) (> 1.0 s, timed out)
0.sledgehammer goal.by        52183ms Simplex.Simplex 3922:164589  some Preplay: (smt (cvc5, finite_mode_find_macro_quant) isl_def sum.case_eq_if sum.distinct(1) sum.split_sel) (failed)
0.sledgehammer goal.unfolding 51754ms Simplex.Simplex 4037:169170  some (SH 51753ms, ATP 3978ms): Try this: by (smt (cvc5) gt_state_def)
0.sledgehammer goal.unfolding 51754ms Simplex.Simplex 4037:169170  some Preplay: (smt (cvc5, best) gt_state_def) (> 1.0 s, timed out)
0.sledgehammer goal.unfolding 51754ms Simplex.Simplex 4037:169170  some Preplay: (smt (cvc5, dec_internal_no_simp) gt_state_def) (> 1.0 s, timed out)
0.sledgehammer goal.unfolding 51754ms Simplex.Simplex 4037:169170  some Preplay: (smt (cvc5, dec_internal_enum_inst_sum) gt_state_def) (> 1.0 s, timed out)
0.sledgehammer goal.unfolding 51754ms Simplex.Simplex 4037:169170  some Preplay: (smt (cvc5, term_db_relevant) gt_state_def) (> 1.0 s, timed out)
0.sledgehammer goal.unfolding 51754ms Simplex.Simplex 4037:169170  some Preplay: (smt (cvc5, interleave) gt_state_def) (> 1.0 s, timed out)
0.sledgehammer goal.unfolding 51754ms Simplex.Simplex 4037:169170  some Preplay: (smt (cvc5, prereg_lazy) gt_state_def) (> 1.0 s, timed out)
0.sledgehammer goal.unfolding 51754ms Simplex.Simplex 4037:169170  some Preplay: (smt (cvc5, finite_mode_find) gt_state_def) (> 1.0 s, timed out)
0.sledgehammer goal.unfolding 51754ms Simplex.Simplex 4037:169170  some Preplay: (smt (cvc5, no_fmf_mbqi) gt_state_def) (> 1.0 s, timed out)
0.sledgehammer goal.unfolding 51754ms Simplex.Simplex 4037:169170  some Preplay: (smt (cvc5, finite_mode_find_dec_internal) gt_state_def) (> 1.0 s, timed out)
0.sledgehammer goal.unfolding 51754ms Simplex.Simplex 4037:169170  some Preplay: (smt (cvc5, finite_mode_find_macro_quant) gt_state_def) (> 1.0 s, timed out)
0.sledgehammer goal.unfolding 51754ms Simplex.Simplex 4037:169170  some Preplay: (smt (cvc5, finite_mode_find_e_matching) gt_state_def) (> 1.0 s, timed out)
0.sledgehammer goal.unfolding 51754ms Simplex.Simplex 4037:169170  some Preplay: (smt (cvc5, mbqi) gt_state_def) (> 1.0 s, timed out)
0.sledgehammer goal.by        43320ms Simplex.Simplex 4073:170283  some (SH 43320ms, ATP 2420ms): Try this: by (smt (cvc5) Un_insert_left insert_Diff succ_vars sup_bot.right_neutral sup_commute)
0.sledgehammer goal.by        43320ms Simplex.Simplex 4073:170283  some Preplay: (smt (cvc5, best) Un_insert_left insert_Diff succ_vars sup_bot.right_neutral sup_commute) (> 1.0 s, timed out)
0.sledgehammer goal.by        43320ms Simplex.Simplex 4073:170283  some Preplay: (smt (cvc5, dec_internal_no_simp) Un_insert_left insert_Diff succ_vars sup_bot.right_neutral sup_commute) (> 1.0 s, timed out)
0.sledgehammer goal.by        43320ms Simplex.Simplex 4073:170283  some Preplay: (smt (cvc5, dec_internal_enum_inst_sum) Un_insert_left insert_Diff succ_vars sup_bot.right_neutral sup_commute) (> 1.0 s, timed out)
0.sledgehammer goal.by        43320ms Simplex.Simplex 4073:170283  some Preplay: (smt (cvc5, term_db_relevant) Un_insert_left insert_Diff succ_vars sup_bot.right_neutral sup_commute) (> 1.0 s, timed out)
0.sledgehammer goal.by        43320ms Simplex.Simplex 4073:170283  some Preplay: (smt (cvc5, interleave) Un_insert_left insert_Diff succ_vars sup_bot.right_neutral sup_commute) (> 1.0 s, timed out)
0.sledgehammer goal.by        43320ms Simplex.Simplex 4073:170283  some Preplay: (smt (cvc5, prereg_lazy) Un_insert_left insert_Diff succ_vars sup_bot.right_neutral sup_commute) (> 1.0 s, timed out)
0.sledgehammer goal.by        43320ms Simplex.Simplex 4073:170283  some Preplay: (smt (cvc5, finite_mode_find) Un_insert_left insert_Diff succ_vars sup_bot.right_neutral sup_commute) (> 1.0 s, timed out)
0.sledgehammer goal.by        43320ms Simplex.Simplex 4073:170283  some Preplay: (smt (cvc5, no_fmf_mbqi) Un_insert_left insert_Diff succ_vars sup_bot.right_neutral sup_commute) (> 1.0 s, timed out)
0.sledgehammer goal.by        43320ms Simplex.Simplex 4073:170283  some Preplay: (smt (cvc5, finite_mode_find_dec_internal) Un_insert_left insert_Diff succ_vars sup_bot.right_neutral sup_commute) (> 1.0 s, timed out)
0.sledgehammer goal.by        43320ms Simplex.Simplex 4073:170283  some Preplay: (smt (cvc5, finite_mode_find_macro_quant) Un_insert_left insert_Diff succ_vars sup_bot.right_neutral sup_commute) (> 1.0 s, timed out)
0.sledgehammer goal.by        43320ms Simplex.Simplex 4073:170283  some Preplay: (smt (cvc5, finite_mode_find_e_matching) Un_insert_left insert_Diff succ_vars sup_bot.right_neutral sup_commute) (> 1.0 s, timed out)
0.sledgehammer goal.by        43320ms Simplex.Simplex 4073:170283  some Preplay: (smt (cvc5, mbqi) Un_insert_left insert_Diff succ_vars sup_bot.right_neutral sup_commute) (> 1.0 s, timed out)
0.sledgehammer goal.unfolding 40940ms Simplex.Simplex 4086:170703  some (SH 40940ms, ATP 2967ms): Try this: by (smt (cvc5) gt_state_def)
0.sledgehammer goal.unfolding 40940ms Simplex.Simplex 4086:170703  some Preplay: (smt (cvc5, best) gt_state_def) (> 1.0 s, timed out)
0.sledgehammer goal.unfolding 40940ms Simplex.Simplex 4086:170703  some Preplay: (smt (cvc5, dec_internal_no_simp) gt_state_def) (> 1.0 s, timed out)
0.sledgehammer goal.unfolding 40940ms Simplex.Simplex 4086:170703  some Preplay: (smt (cvc5, dec_internal_enum_inst_sum) gt_state_def) (> 1.0 s, timed out)
0.sledgehammer goal.unfolding 40940ms Simplex.Simplex 4086:170703  some Preplay: (smt (cvc5, term_db_relevant) gt_state_def) (> 1.0 s, timed out)
0.sledgehammer goal.unfolding 40940ms Simplex.Simplex 4086:170703  some Preplay: (smt (cvc5, interleave) gt_state_def) (> 1.0 s, timed out)
0.sledgehammer goal.unfolding 40940ms Simplex.Simplex 4086:170703  some Preplay: (smt (cvc5, prereg_lazy) gt_state_def) (> 1.0 s, timed out)
0.sledgehammer goal.unfolding 40940ms Simplex.Simplex 4086:170703  some Preplay: (smt (cvc5, finite_mode_find) gt_state_def) (> 1.0 s, timed out)
0.sledgehammer goal.unfolding 40940ms Simplex.Simplex 4086:170703  some Preplay: (smt (cvc5, no_fmf_mbqi) gt_state_def) (> 1.0 s, timed out)
0.sledgehammer goal.unfolding 40940ms Simplex.Simplex 4086:170703  some Preplay: (smt (cvc5, finite_mode_find_dec_internal) gt_state_def) (> 1.0 s, timed out)
0.sledgehammer goal.unfolding 40940ms Simplex.Simplex 4086:170703  some Preplay: (smt (cvc5, finite_mode_find_macro_quant) gt_state_def) (> 1.0 s, timed out)
0.sledgehammer goal.unfolding 40940ms Simplex.Simplex 4086:170703  some Preplay: (smt (cvc5, finite_mode_find_e_matching) gt_state_def) (> 1.0 s, timed out)
0.sledgehammer goal.unfolding 40940ms Simplex.Simplex 4086:170703  some Preplay: (smt (cvc5, mbqi) gt_state_def) (> 1.0 s, timed out)
0.sledgehammer goal.unfolding 41632ms Simplex.Simplex 4111:171719  some (SH 41631ms, ATP 2923ms): Try this: by (smt (cvc5) gt_state_def)
0.sledgehammer goal.unfolding 41632ms Simplex.Simplex 4111:171719  some Preplay: (smt (cvc5, best) gt_state_def) (> 1.0 s, timed out)
0.sledgehammer goal.unfolding 41632ms Simplex.Simplex 4111:171719  some Preplay: (smt (cvc5, dec_internal_no_simp) gt_state_def) (> 1.0 s, timed out)
0.sledgehammer goal.unfolding 41632ms Simplex.Simplex 4111:171719  some Preplay: (smt (cvc5, dec_internal_enum_inst_sum) gt_state_def) (> 1.0 s, timed out)
0.sledgehammer goal.unfolding 41632ms Simplex.Simplex 4111:171719  some Preplay: (smt (cvc5, term_db_relevant) gt_state_def) (> 1.0 s, timed out)
0.sledgehammer goal.unfolding 41632ms Simplex.Simplex 4111:171719  some Preplay: (smt (cvc5, interleave) gt_state_def) (> 1.0 s, timed out)
0.sledgehammer goal.unfolding 41632ms Simplex.Simplex 4111:171719  some Preplay: (smt (cvc5, prereg_lazy) gt_state_def) (> 1.0 s, timed out)
0.sledgehammer goal.unfolding 41632ms Simplex.Simplex 4111:171719  some Preplay: (smt (cvc5, finite_mode_find) gt_state_def) (> 1.0 s, timed out)
0.sledgehammer goal.unfolding 41632ms Simplex.Simplex 4111:171719  some Preplay: (smt (cvc5, no_fmf_mbqi) gt_state_def) (> 1.0 s, timed out)
0.sledgehammer goal.unfolding 41632ms Simplex.Simplex 4111:171719  some Preplay: (smt (cvc5, finite_mode_find_dec_internal) gt_state_def) (> 1.0 s, timed out)
0.sledgehammer goal.unfolding 41632ms Simplex.Simplex 4111:171719  some Preplay: (smt (cvc5, finite_mode_find_macro_quant) gt_state_def) (> 1.0 s, timed out)
0.sledgehammer goal.unfolding 41632ms Simplex.Simplex 4111:171719  some Preplay: (smt (cvc5, finite_mode_find_e_matching) gt_state_def) (> 1.0 s, timed out)
0.sledgehammer goal.unfolding 41632ms Simplex.Simplex 4111:171719  some Preplay: (smt (cvc5, mbqi) gt_state_def) (> 1.0 s, timed out)
0.sledgehammer goal.unfolding 42130ms Simplex.Simplex 4136:172742  some (SH 42129ms, ATP 3044ms): Try this: by (smt (cvc5) gt_state_def)
0.sledgehammer goal.unfolding 42130ms Simplex.Simplex 4136:172742  some Preplay: (smt (cvc5, best) gt_state_def) (> 1.0 s, timed out)
0.sledgehammer goal.unfolding 42130ms Simplex.Simplex 4136:172742  some Preplay: (smt (cvc5, dec_internal_no_simp) gt_state_def) (> 1.0 s, timed out)
0.sledgehammer goal.unfolding 42130ms Simplex.Simplex 4136:172742  some Preplay: (smt (cvc5, dec_internal_enum_inst_sum) gt_state_def) (> 1.0 s, timed out)
0.sledgehammer goal.unfolding 42130ms Simplex.Simplex 4136:172742  some Preplay: (smt (cvc5, term_db_relevant) gt_state_def) (> 1.0 s, timed out)
0.sledgehammer goal.unfolding 42130ms Simplex.Simplex 4136:172742  some Preplay: (smt (cvc5, interleave) gt_state_def) (> 1.0 s, timed out)
0.sledgehammer goal.unfolding 42130ms Simplex.Simplex 4136:172742  some Preplay: (smt (cvc5, prereg_lazy) gt_state_def) (> 1.0 s, timed out)
0.sledgehammer goal.unfolding 42130ms Simplex.Simplex 4136:172742  some Preplay: (smt (cvc5, finite_mode_find) gt_state_def) (> 1.0 s, timed out)
0.sledgehammer goal.unfolding 42130ms Simplex.Simplex 4136:172742  some Preplay: (smt (cvc5, no_fmf_mbqi) gt_state_def) (> 1.0 s, timed out)
0.sledgehammer goal.unfolding 42130ms Simplex.Simplex 4136:172742  some Preplay: (smt (cvc5, finite_mode_find_dec_internal) gt_state_def) (> 1.0 s, timed out)
0.sledgehammer goal.unfolding 42130ms Simplex.Simplex 4136:172742  some Preplay: (smt (cvc5, finite_mode_find_macro_quant) gt_state_def) (> 1.0 s, timed out)
0.sledgehammer goal.unfolding 42130ms Simplex.Simplex 4136:172742  some Preplay: (smt (cvc5, finite_mode_find_e_matching) gt_state_def) (> 1.0 s, timed out)
0.sledgehammer goal.unfolding 42130ms Simplex.Simplex 4136:172742  some Preplay: (smt (cvc5, mbqi) gt_state_def) (> 1.0 s, timed out)
0.sledgehammer goal.apply     23039ms Simplex.Simplex 4732:192458  some (SH 23038ms, ATP 515ms): Try this: by (smt (cvc5, mbqi) \<open>(SOME t. t \<in> {t. lvars t = L \<and> rvars t = V - L \<and> \<triangle> t \<and> (\<forall>v. v \<Turnstile>\<^sub>t t = v \<Turnstile>\<^sub>t t0)}) \<in> {t. lvars t = L \<and> rvars t = V - L \<and> \<triangle> t \<and> (\<forall>v. v \<Turnstile>\<^sub>t t = v \<Turnstile>\<^sub>t t0)}\<close> \<open>x \<in> {t. lvars t = L \<and> rvars t = V - L \<and> \<triangle> t \<and> (\<forall>v. v \<Turnstile>\<^sub>t t = v \<Turnstile>\<^sub>t t0)}\<close> mem_Collect_eq tableau_perm) (3.2 s)
0.sledgehammer goal.apply     23039ms Simplex.Simplex 4732:192458  some Preplay: (smt (cvc5, mbqi) \<open>(SOME t. t \<in> {t. lvars t = L \<and> rvars t = V - L \<and> \<triangle> t \<and> (\<forall>v. v \<Turnstile>\<^sub>t t = v \<Turnstile>\<^sub>t t0)}) \<in> {t. lvars t = L \<and> rvars t = V - L \<and> \<triangle> t \<and> (\<forall>v. v \<Turnstile>\<^sub>t t = v \<Turnstile>\<^sub>t t0)}\<close> \<open>x \<in> {t. lvars t = L \<and> rvars t = V - L \<and> \<triangle> t \<and> (\<forall>v. v \<Turnstile>\<^sub>t t = v \<Turnstile>\<^sub>t t0)}\<close> mem_Collect_eq tableau_perm) (3.2 s)
0.sledgehammer goal.apply     23039ms Simplex.Simplex 4732:192458  some Preplay: (smt (cvc5, best) \<open>(SOME t. t \<in> {t. lvars t = L \<and> rvars t = V - L \<and> \<triangle> t \<and> (\<forall>v. v \<Turnstile>\<^sub>t t = v \<Turnstile>\<^sub>t t0)}) \<in> {t. lvars t = L \<and> rvars t = V - L \<and> \<triangle> t \<and> (\<forall>v. v \<Turnstile>\<^sub>t t = v \<Turnstile>\<^sub>t t0)}\<close> \<open>x \<in> {t. lvars t = L \<and> rvars t = V - L \<and> \<triangle> t \<and> (\<forall>v. v \<Turnstile>\<^sub>t t = v \<Turnstile>\<^sub>t t0)}\<close> mem_Collect_eq tableau_perm) (> 1.0 s, timed out)
0.sledgehammer goal.apply     23039ms Simplex.Simplex 4732:192458  some Preplay: (smt (cvc5, dec_internal_no_simp) \<open>(SOME t. t \<in> {t. lvars t = L \<and> rvars t = V - L \<and> \<triangle> t \<and> (\<forall>v. v \<Turnstile>\<^sub>t t = v \<Turnstile>\<^sub>t t0)}) \<in> {t. lvars t = L \<and> rvars t = V - L \<and> \<triangle> t \<and> (\<forall>v. v \<Turnstile>\<^sub>t t = v \<Turnstile>\<^sub>t t0)}\<close> \<open>x \<in> {t. lvars t = L \<and> rvars t = V - L \<and> \<triangle> t \<and> (\<forall>v. v \<Turnstile>\<^sub>t t = v \<Turnstile>\<^sub>t t0)}\<close> mem_Collect_eq tableau_perm) (> 1.0 s, timed out)
0.sledgehammer goal.apply     23039ms Simplex.Simplex 4732:192458  some Preplay: (smt (cvc5, dec_internal_enum_inst_sum) \<open>(SOME t. t \<in> {t. lvars t = L \<and> rvars t = V - L \<and> \<triangle> t \<and> (\<forall>v. v \<Turnstile>\<^sub>t t = v \<Turnstile>\<^sub>t t0)}) \<in> {t. lvars t = L \<and> rvars t = V - L \<and> \<triangle> t \<and> (\<forall>v. v \<Turnstile>\<^sub>t t = v \<Turnstile>\<^sub>t t0)}\<close> \<open>x \<in> {t. lvars t = L \<and> rvars t = V - L \<and> \<triangle> t \<and> (\<forall>v. v \<Turnstile>\<^sub>t t = v \<Turnstile>\<^sub>t t0)}\<close> mem_Collect_eq tableau_perm) (> 1.0 s, timed out)
0.sledgehammer goal.apply     23039ms Simplex.Simplex 4732:192458  some Preplay: (smt (cvc5, term_db_relevant) \<open>(SOME t. t \<in> {t. lvars t = L \<and> rvars t = V - L \<and> \<triangle> t \<and> (\<forall>v. v \<Turnstile>\<^sub>t t = v \<Turnstile>\<^sub>t t0)}) \<in> {t. lvars t = L \<and> rvars t = V - L \<and> \<triangle> t \<and> (\<forall>v. v \<Turnstile>\<^sub>t t = v \<Turnstile>\<^sub>t t0)}\<close> \<open>x \<in> {t. lvars t = L \<and> rvars t = V - L \<and> \<triangle> t \<and> (\<forall>v. v \<Turnstile>\<^sub>t t = v \<Turnstile>\<^sub>t t0)}\<close> mem_Collect_eq tableau_perm) (> 1.0 s, timed out)
0.sledgehammer goal.apply     23039ms Simplex.Simplex 4732:192458  some Preplay: (smt (cvc5, interleave) \<open>(SOME t. t \<in> {t. lvars t = L \<and> rvars t = V - L \<and> \<triangle> t \<and> (\<forall>v. v \<Turnstile>\<^sub>t t = v \<Turnstile>\<^sub>t t0)}) \<in> {t. lvars t = L \<and> rvars t = V - L \<and> \<triangle> t \<and> (\<forall>v. v \<Turnstile>\<^sub>t t = v \<Turnstile>\<^sub>t t0)}\<close> \<open>x \<in> {t. lvars t = L \<and> rvars t = V - L \<and> \<triangle> t \<and> (\<forall>v. v \<Turnstile>\<^sub>t t = v \<Turnstile>\<^sub>t t0)}\<close> mem_Collect_eq tableau_perm) (> 1.0 s, timed out)
0.sledgehammer goal.apply     23039ms Simplex.Simplex 4732:192458  some Preplay: (smt (cvc5, prereg_lazy) \<open>(SOME t. t \<in> {t. lvars t = L \<and> rvars t = V - L \<and> \<triangle> t \<and> (\<forall>v. v \<Turnstile>\<^sub>t t = v \<Turnstile>\<^sub>t t0)}) \<in> {t. lvars t = L \<and> rvars t = V - L \<and> \<triangle> t \<and> (\<forall>v. v \<Turnstile>\<^sub>t t = v \<Turnstile>\<^sub>t t0)}\<close> \<open>x \<in> {t. lvars t = L \<and> rvars t = V - L \<and> \<triangle> t \<and> (\<forall>v. v \<Turnstile>\<^sub>t t = v \<Turnstile>\<^sub>t t0)}\<close> mem_Collect_eq tableau_perm) (> 1.0 s, timed out)
0.sledgehammer goal.apply     23039ms Simplex.Simplex 4732:192458  some Preplay: (smt (cvc5, finite_mode_find) \<open>(SOME t. t \<in> {t. lvars t = L \<and> rvars t = V - L \<and> \<triangle> t \<and> (\<forall>v. v \<Turnstile>\<^sub>t t = v \<Turnstile>\<^sub>t t0)}) \<in> {t. lvars t = L \<and> rvars t = V - L \<and> \<triangle> t \<and> (\<forall>v. v \<Turnstile>\<^sub>t t = v \<Turnstile>\<^sub>t t0)}\<close> \<open>x \<in> {t. lvars t = L \<and> rvars t = V - L \<and> \<triangle> t \<and> (\<forall>v. v \<Turnstile>\<^sub>t t = v \<Turnstile>\<^sub>t t0)}\<close> mem_Collect_eq tableau_perm) (> 1.0 s, timed out)
0.sledgehammer goal.apply     23039ms Simplex.Simplex 4732:192458  some Preplay: (smt (cvc5, no_fmf_mbqi) \<open>(SOME t. t \<in> {t. lvars t = L \<and> rvars t = V - L \<and> \<triangle> t \<and> (\<forall>v. v \<Turnstile>\<^sub>t t = v \<Turnstile>\<^sub>t t0)}) \<in> {t. lvars t = L \<and> rvars t = V - L \<and> \<triangle> t \<and> (\<forall>v. v \<Turnstile>\<^sub>t t = v \<Turnstile>\<^sub>t t0)}\<close> \<open>x \<in> {t. lvars t = L \<and> rvars t = V - L \<and> \<triangle> t \<and> (\<forall>v. v \<Turnstile>\<^sub>t t = v \<Turnstile>\<^sub>t t0)}\<close> mem_Collect_eq tableau_perm) (> 1.0 s, timed out)
0.sledgehammer goal.apply     23039ms Simplex.Simplex 4732:192458  some Preplay: (smt (cvc5, finite_mode_find_dec_internal) \<open>(SOME t. t \<in> {t. lvars t = L \<and> rvars t = V - L \<and> \<triangle> t \<and> (\<forall>v. v \<Turnstile>\<^sub>t t = v \<Turnstile>\<^sub>t t0)}) \<in> {t. lvars t = L \<and> rvars t = V - L \<and> \<triangle> t \<and> (\<forall>v. v \<Turnstile>\<^sub>t t = v \<Turnstile>\<^sub>t t0)}\<close> \<open>x \<in> {t. lvars t = L \<and> rvars t = V - L \<and> \<triangle> t \<and> (\<forall>v. v \<Turnstile>\<^sub>t t = v \<Turnstile>\<^sub>t t0)}\<close> mem_Collect_eq tableau_perm) (> 1.0 s, timed out)
0.sledgehammer goal.apply     23039ms Simplex.Simplex 4732:192458  some Preplay: (smt (cvc5, finite_mode_find_e_matching) \<open>(SOME t. t \<in> {t. lvars t = L \<and> rvars t = V - L \<and> \<triangle> t \<and> (\<forall>v. v \<Turnstile>\<^sub>t t = v \<Turnstile>\<^sub>t t0)}) \<in> {t. lvars t = L \<and> rvars t = V - L \<and> \<triangle> t \<and> (\<forall>v. v \<Turnstile>\<^sub>t t = v \<Turnstile>\<^sub>t t0)}\<close> \<open>x \<in> {t. lvars t = L \<and> rvars t = V - L \<and> \<triangle> t \<and> (\<forall>v. v \<Turnstile>\<^sub>t t = v \<Turnstile>\<^sub>t t0)}\<close> mem_Collect_eq tableau_perm) (> 1.0 s, timed out)
0.sledgehammer goal.apply     23039ms Simplex.Simplex 4732:192458  some Preplay: (smt (cvc5, finite_mode_find_macro_quant) \<open>(SOME t. t \<in> {t. lvars t = L \<and> rvars t = V - L \<and> \<triangle> t \<and> (\<forall>v. v \<Turnstile>\<^sub>t t = v \<Turnstile>\<^sub>t t0)}) \<in> {t. lvars t = L \<and> rvars t = V - L \<and> \<triangle> t \<and> (\<forall>v. v \<Turnstile>\<^sub>t t = v \<Turnstile>\<^sub>t t0)}\<close> \<open>x \<in> {t. lvars t = L \<and> rvars t = V - L \<and> \<triangle> t \<and> (\<forall>v. v \<Turnstile>\<^sub>t t = v \<Turnstile>\<^sub>t t0)}\<close> mem_Collect_eq tableau_perm) (failed)
0.sledgehammer goal.by        39372ms Simplex.Simplex 5008:201242  some (SH 39372ms, ATP 1667ms): Try this: by (smt (cvc5) case_prodE mem_Collect_eq prod.inject tranclD2)
0.sledgehammer goal.by        39372ms Simplex.Simplex 5008:201242  some Preplay: (smt (cvc5, best) case_prodE mem_Collect_eq prod.inject tranclD2) (> 1.0 s, timed out)
0.sledgehammer goal.by        39372ms Simplex.Simplex 5008:201242  some Preplay: (smt (cvc5, dec_internal_no_simp) case_prodE mem_Collect_eq prod.inject tranclD2) (> 1.0 s, timed out)
0.sledgehammer goal.by        39372ms Simplex.Simplex 5008:201242  some Preplay: (smt (cvc5, dec_internal_enum_inst_sum) case_prodE mem_Collect_eq prod.inject tranclD2) (> 1.0 s, timed out)
0.sledgehammer goal.by        39372ms Simplex.Simplex 5008:201242  some Preplay: (smt (cvc5, term_db_relevant) case_prodE mem_Collect_eq prod.inject tranclD2) (> 1.0 s, timed out)
0.sledgehammer goal.by        39372ms Simplex.Simplex 5008:201242  some Preplay: (smt (cvc5, interleave) case_prodE mem_Collect_eq prod.inject tranclD2) (> 1.0 s, timed out)
0.sledgehammer goal.by        39372ms Simplex.Simplex 5008:201242  some Preplay: (smt (cvc5, prereg_lazy) case_prodE mem_Collect_eq prod.inject tranclD2) (> 1.0 s, timed out)
0.sledgehammer goal.by        39372ms Simplex.Simplex 5008:201242  some Preplay: (smt (cvc5, finite_mode_find) case_prodE mem_Collect_eq prod.inject tranclD2) (> 1.0 s, timed out)
0.sledgehammer goal.by        39372ms Simplex.Simplex 5008:201242  some Preplay: (smt (cvc5, no_fmf_mbqi) case_prodE mem_Collect_eq prod.inject tranclD2) (> 1.0 s, timed out)
0.sledgehammer goal.by        39372ms Simplex.Simplex 5008:201242  some Preplay: (smt (cvc5, finite_mode_find_dec_internal) case_prodE mem_Collect_eq prod.inject tranclD2) (> 1.0 s, timed out)
0.sledgehammer goal.by        39372ms Simplex.Simplex 5008:201242  some Preplay: (smt (cvc5, finite_mode_find_e_matching) case_prodE mem_Collect_eq prod.inject tranclD2) (> 1.0 s, timed out)
0.sledgehammer goal.by        39372ms Simplex.Simplex 5008:201242  some Preplay: (smt (cvc5, mbqi) case_prodE mem_Collect_eq prod.inject tranclD2) (> 1.0 s, timed out)
0.sledgehammer goal.by        39372ms Simplex.Simplex 5008:201242  some Preplay: (smt (cvc5, finite_mode_find_macro_quant) case_prodE mem_Collect_eq prod.inject tranclD2) (failed)
0.sledgehammer goal.using     46712ms Simplex.Simplex 5084:203641  some (SH 46712ms, ATP 690ms): Try this: by (smt (cvc5) accessible_bounds accessible_unsat_core image_iff image_iff image_iff image_iff image_iff insertCI insert_iff mem_Collect_eq mem_Sigma_iff mem_Sigma_iff mem_Sigma_iff mem_Sigma_iff subsetI)
0.sledgehammer goal.using     46712ms Simplex.Simplex 5084:203641  some Preplay: (smt (cvc5, best) accessible_bounds accessible_unsat_core image_iff insertCI insert_iff mem_Collect_eq mem_Sigma_iff subsetI) (> 1.0 s, timed out)
0.sledgehammer goal.using     46712ms Simplex.Simplex 5084:203641  some Preplay: (smt (cvc5, dec_internal_no_simp) accessible_bounds accessible_unsat_core image_iff insertCI insert_iff mem_Collect_eq mem_Sigma_iff subsetI) (> 1.0 s, timed out)
0.sledgehammer goal.using     46712ms Simplex.Simplex 5084:203641  some Preplay: (smt (cvc5, dec_internal_enum_inst_sum) accessible_bounds accessible_unsat_core image_iff insertCI insert_iff mem_Collect_eq mem_Sigma_iff subsetI) (> 1.0 s, timed out)
0.sledgehammer goal.using     46712ms Simplex.Simplex 5084:203641  some Preplay: (smt (cvc5, term_db_relevant) accessible_bounds accessible_unsat_core image_iff insertCI insert_iff mem_Collect_eq mem_Sigma_iff subsetI) (> 1.0 s, timed out)
0.sledgehammer goal.using     46712ms Simplex.Simplex 5084:203641  some Preplay: (smt (cvc5, interleave) accessible_bounds accessible_unsat_core image_iff insertCI insert_iff mem_Collect_eq mem_Sigma_iff subsetI) (> 1.0 s, timed out)
0.sledgehammer goal.using     46712ms Simplex.Simplex 5084:203641  some Preplay: (smt (cvc5, prereg_lazy) accessible_bounds accessible_unsat_core image_iff insertCI insert_iff mem_Collect_eq mem_Sigma_iff subsetI) (> 1.0 s, timed out)
0.sledgehammer goal.using     46712ms Simplex.Simplex 5084:203641  some Preplay: (smt (cvc5, finite_mode_find) accessible_bounds accessible_unsat_core image_iff insertCI insert_iff mem_Collect_eq mem_Sigma_iff subsetI) (> 1.0 s, timed out)
0.sledgehammer goal.using     46712ms Simplex.Simplex 5084:203641  some Preplay: (smt (cvc5, no_fmf_mbqi) accessible_bounds accessible_unsat_core image_iff insertCI insert_iff mem_Collect_eq mem_Sigma_iff subsetI) (> 1.0 s, timed out)
0.sledgehammer goal.using     46712ms Simplex.Simplex 5084:203641  some Preplay: (smt (cvc5, finite_mode_find_dec_internal) accessible_bounds accessible_unsat_core image_iff insertCI insert_iff mem_Collect_eq mem_Sigma_iff subsetI) (> 1.0 s, timed out)
0.sledgehammer goal.using     46712ms Simplex.Simplex 5084:203641  some Preplay: (smt (cvc5, finite_mode_find_macro_quant) accessible_bounds accessible_unsat_core image_iff insertCI insert_iff mem_Collect_eq mem_Sigma_iff subsetI) (> 1.0 s, timed out)
0.sledgehammer goal.using     46712ms Simplex.Simplex 5084:203641  some Preplay: (smt (cvc5, finite_mode_find_e_matching) accessible_bounds accessible_unsat_core image_iff insertCI insert_iff mem_Collect_eq mem_Sigma_iff subsetI) (> 1.0 s, timed out)
0.sledgehammer goal.using     46712ms Simplex.Simplex 5084:203641  some Preplay: (smt (cvc5, mbqi) accessible_bounds accessible_unsat_core image_iff insertCI insert_iff mem_Collect_eq mem_Sigma_iff subsetI) (> 1.0 s, timed out)
0.sledgehammer goal.using     15693ms Simplex.Simplex 5424:213779  timeout (SH 15693ms): Timed out
0.sledgehammer goal.using     56549ms Simplex.Simplex 5662:223958  timeout (SH 56549ms):
0.sledgehammer goal.using     55994ms Simplex.Simplex 5663:224028  timeout (SH 55994ms):
0.sledgehammer goal.using     54378ms Simplex.Simplex 5664:224078  timeout (SH 54378ms):
0.sledgehammer goal.using     55323ms Simplex.Simplex 5665:224138  some (SH 55322ms, ATP 2090ms): Try this: by (smt (cvc5) PivotUpdateMinVars.succ_min_rvar PivotUpdateMinVars_axioms dir2)
0.sledgehammer goal.using     55323ms Simplex.Simplex 5665:224138  some Preplay: (smt (cvc5, best) PivotUpdateMinVars.succ_min_rvar PivotUpdateMinVars_axioms dir2) (> 1.0 s, timed out)
0.sledgehammer goal.using     55323ms Simplex.Simplex 5665:224138  some Preplay: (smt (cvc5, dec_internal_no_simp) PivotUpdateMinVars.succ_min_rvar PivotUpdateMinVars_axioms dir2) (> 1.0 s, timed out)
0.sledgehammer goal.using     55323ms Simplex.Simplex 5665:224138  some Preplay: (smt (cvc5, dec_internal_enum_inst_sum) PivotUpdateMinVars.succ_min_rvar PivotUpdateMinVars_axioms dir2) (> 1.0 s, timed out)
0.sledgehammer goal.using     55323ms Simplex.Simplex 5665:224138  some Preplay: (smt (cvc5, term_db_relevant) PivotUpdateMinVars.succ_min_rvar PivotUpdateMinVars_axioms dir2) (> 1.0 s, timed out)
0.sledgehammer goal.using     55323ms Simplex.Simplex 5665:224138  some Preplay: (smt (cvc5, interleave) PivotUpdateMinVars.succ_min_rvar PivotUpdateMinVars_axioms dir2) (> 1.0 s, timed out)
0.sledgehammer goal.using     55323ms Simplex.Simplex 5665:224138  some Preplay: (smt (cvc5, prereg_lazy) PivotUpdateMinVars.succ_min_rvar PivotUpdateMinVars_axioms dir2) (> 1.0 s, timed out)
0.sledgehammer goal.using     55323ms Simplex.Simplex 5665:224138  some Preplay: (smt (cvc5, finite_mode_find) PivotUpdateMinVars.succ_min_rvar PivotUpdateMinVars_axioms dir2) (> 1.0 s, timed out)
0.sledgehammer goal.using     55323ms Simplex.Simplex 5665:224138  some Preplay: (smt (cvc5, no_fmf_mbqi) PivotUpdateMinVars.succ_min_rvar PivotUpdateMinVars_axioms dir2) (> 1.0 s, timed out)
0.sledgehammer goal.using     55323ms Simplex.Simplex 5665:224138  some Preplay: (smt (cvc5, finite_mode_find_dec_internal) PivotUpdateMinVars.succ_min_rvar PivotUpdateMinVars_axioms dir2) (> 1.0 s, timed out)
0.sledgehammer goal.using     55323ms Simplex.Simplex 5665:224138  some Preplay: (smt (cvc5, finite_mode_find_macro_quant) PivotUpdateMinVars.succ_min_rvar PivotUpdateMinVars_axioms dir2) (> 1.0 s, timed out)
0.sledgehammer goal.using     55323ms Simplex.Simplex 5665:224138  some Preplay: (smt (cvc5, finite_mode_find_e_matching) PivotUpdateMinVars.succ_min_rvar PivotUpdateMinVars_axioms dir2) (> 1.0 s, timed out)
0.sledgehammer goal.using     55323ms Simplex.Simplex 5665:224138  some Preplay: (smt (cvc5, mbqi) PivotUpdateMinVars.succ_min_rvar PivotUpdateMinVars_axioms dir2) (> 1.0 s, timed out)
0.sledgehammer goal.apply     57268ms Simplex.Simplex 5908:233123  timeout (SH 57268ms):
0.sledgehammer goal.proof     54281ms Simplex.Simplex 5945:234516  timeout (SH 54281ms):
0.sledgehammer goal.using     54047ms Simplex.Simplex 5963:235444  timeout (SH 54047ms):
0.sledgehammer goal.using     57994ms Simplex.Simplex 5964:235536  some (SH 57994ms, ATP 962ms): Try this: by (smt (cvc5, finite_mode_find_e_matching) MinLVarNotInBounds.min_lvar_not_in_bounds_lvars MinLVarNotInBounds_axioms min_rvar_incdec_eq_Some_rvars step' trans') (549 ms)
0.sledgehammer goal.using     57994ms Simplex.Simplex 5964:235536  some Preplay: (smt (cvc5, finite_mode_find_e_matching) MinLVarNotInBounds.min_lvar_not_in_bounds_lvars MinLVarNotInBounds_axioms min_rvar_incdec_eq_Some_rvars step' trans') (549 ms)
0.sledgehammer goal.using     57994ms Simplex.Simplex 5964:235536  some Preplay: (smt (cvc5, mbqi) MinLVarNotInBounds.min_lvar_not_in_bounds_lvars MinLVarNotInBounds_axioms min_rvar_incdec_eq_Some_rvars step' trans') (618 ms)
0.sledgehammer goal.using     57994ms Simplex.Simplex 5964:235536  some Preplay: (smt (cvc5, finite_mode_find_macro_quant) MinLVarNotInBounds.min_lvar_not_in_bounds_lvars MinLVarNotInBounds_axioms min_rvar_incdec_eq_Some_rvars step' trans') (796 ms)
0.sledgehammer goal.using     57994ms Simplex.Simplex 5964:235536  some Preplay: (smt (cvc5, best) MinLVarNotInBounds.min_lvar_not_in_bounds_lvars MinLVarNotInBounds_axioms min_rvar_incdec_eq_Some_rvars step' trans') (860 ms)
0.sledgehammer goal.using     57994ms Simplex.Simplex 5964:235536  some Preplay: (smt (cvc5, finite_mode_find_dec_internal) MinLVarNotInBounds.min_lvar_not_in_bounds_lvars MinLVarNotInBounds_axioms min_rvar_incdec_eq_Some_rvars step' trans') (916 ms)
0.sledgehammer goal.using     57994ms Simplex.Simplex 5964:235536  some Preplay: (smt (cvc5, dec_internal_no_simp) MinLVarNotInBounds.min_lvar_not_in_bounds_lvars MinLVarNotInBounds_axioms min_rvar_incdec_eq_Some_rvars step' trans') (959 ms)
0.sledgehammer goal.using     57994ms Simplex.Simplex 5964:235536  some Preplay: (smt (cvc5, interleave) MinLVarNotInBounds.min_lvar_not_in_bounds_lvars MinLVarNotInBounds_axioms min_rvar_incdec_eq_Some_rvars step' trans') (964 ms)
0.sledgehammer goal.using     57994ms Simplex.Simplex 5964:235536  some Preplay: (smt (cvc5, dec_internal_enum_inst_sum) MinLVarNotInBounds.min_lvar_not_in_bounds_lvars MinLVarNotInBounds_axioms min_rvar_incdec_eq_Some_rvars step' trans') (1.0 s)
0.sledgehammer goal.using     57994ms Simplex.Simplex 5964:235536  some Preplay: (smt (cvc5, no_fmf_mbqi) MinLVarNotInBounds.min_lvar_not_in_bounds_lvars MinLVarNotInBounds_axioms min_rvar_incdec_eq_Some_rvars step' trans') (1.1 s)
0.sledgehammer goal.using     57994ms Simplex.Simplex 5964:235536  some Preplay: (smt (cvc5, finite_mode_find) MinLVarNotInBounds.min_lvar_not_in_bounds_lvars MinLVarNotInBounds_axioms min_rvar_incdec_eq_Some_rvars step' trans') (1.1 s)
0.sledgehammer goal.using     57994ms Simplex.Simplex 5964:235536  some Preplay: (smt (cvc5, term_db_relevant) MinLVarNotInBounds.min_lvar_not_in_bounds_lvars MinLVarNotInBounds_axioms min_rvar_incdec_eq_Some_rvars step' trans') (1.1 s)
0.sledgehammer goal.using     57994ms Simplex.Simplex 5964:235536  some Preplay: (smt (cvc5, prereg_lazy) MinLVarNotInBounds.min_lvar_not_in_bounds_lvars MinLVarNotInBounds_axioms min_rvar_incdec_eq_Some_rvars step' trans') (1.9 s)
0.sledgehammer goal.proof     55058ms Simplex.Simplex 6014:237216  timeout (SH 55058ms):
0.sledgehammer goal.proof     49002ms Simplex.Simplex 6043:238444  some (SH 49002ms, ATP 559ms): Try this: by (smt (cvc5, best) fun_upd_other fun_upd_same valuate_update_x) (825 ms)
0.sledgehammer goal.proof     49002ms Simplex.Simplex 6043:238444  some Preplay: (smt (cvc5, best) fun_upd_other fun_upd_same valuate_update_x) (825 ms)
0.sledgehammer goal.proof     49002ms Simplex.Simplex 6043:238444  some Preplay: (smt (cvc5, mbqi) fun_upd_other fun_upd_same valuate_update_x) (844 ms)
0.sledgehammer goal.proof     49002ms Simplex.Simplex 6043:238444  some Preplay: (smt (cvc5, no_fmf_mbqi) fun_upd_other fun_upd_same valuate_update_x) (1.0 s)
0.sledgehammer goal.proof     49002ms Simplex.Simplex 6043:238444  some Preplay: (smt (cvc5, finite_mode_find_macro_quant) fun_upd_other fun_upd_same valuate_update_x) (1.0 s)
0.sledgehammer goal.proof     49002ms Simplex.Simplex 6043:238444  some Preplay: (smt (cvc5, term_db_relevant) fun_upd_other fun_upd_same valuate_update_x) (1.0 s)
0.sledgehammer goal.proof     49002ms Simplex.Simplex 6043:238444  some Preplay: (smt (cvc5, dec_internal_enum_inst_sum) fun_upd_other fun_upd_same valuate_update_x) (1.0 s)
0.sledgehammer goal.proof     49002ms Simplex.Simplex 6043:238444  some Preplay: (smt (cvc5, finite_mode_find_dec_internal) fun_upd_other fun_upd_same valuate_update_x) (1.1 s)
0.sledgehammer goal.proof     49002ms Simplex.Simplex 6043:238444  some Preplay: (smt (cvc5, dec_internal_no_simp) fun_upd_other fun_upd_same valuate_update_x) (1.1 s)
0.sledgehammer goal.proof     49002ms Simplex.Simplex 6043:238444  some Preplay: (smt (cvc5, finite_mode_find_e_matching) fun_upd_other fun_upd_same valuate_update_x) (1.1 s)
0.sledgehammer goal.proof     49002ms Simplex.Simplex 6043:238444  some Preplay: (smt (cvc5, finite_mode_find) fun_upd_other fun_upd_same valuate_update_x) (1.2 s)
0.sledgehammer goal.proof     49002ms Simplex.Simplex 6043:238444  some Preplay: (smt (cvc5, prereg_lazy) fun_upd_other fun_upd_same valuate_update_x) (1.4 s)
0.sledgehammer goal.proof     49002ms Simplex.Simplex 6043:238444  some Preplay: (smt (cvc5, interleave) fun_upd_other fun_upd_same valuate_update_x) (1.5 s)
0.sledgehammer goal.using     43653ms Simplex.Simplex 6766:272207  some (SH 43653ms, ATP 673ms): Try this: by (smt (cvc5) add_0 cancel_comm_monoid_add_class.diff_cancel cancel_comm_monoid_add_class.diff_cancel coeff_Var2 coeff_minus coeff_plus coeff_zero pivot_eq_def rational_vector.scale_zero_left rhs.simps vars_scaleRat)
0.sledgehammer goal.using     43653ms Simplex.Simplex 6766:272207  some Preplay: (smt (cvc5, best) add_0 cancel_comm_monoid_add_class.diff_cancel coeff_Var2 coeff_minus coeff_plus coeff_zero pivot_eq_def rational_vector.scale_zero_left rhs.simps vars_scaleRat) (> 1.0 s, timed out)
0.sledgehammer goal.using     43653ms Simplex.Simplex 6766:272207  some Preplay: (smt (cvc5, dec_internal_no_simp) add_0 cancel_comm_monoid_add_class.diff_cancel coeff_Var2 coeff_minus coeff_plus coeff_zero pivot_eq_def rational_vector.scale_zero_left rhs.simps vars_scaleRat) (> 1.0 s, timed out)
0.sledgehammer goal.using     43653ms Simplex.Simplex 6766:272207  some Preplay: (smt (cvc5, dec_internal_enum_inst_sum) add_0 cancel_comm_monoid_add_class.diff_cancel coeff_Var2 coeff_minus coeff_plus coeff_zero pivot_eq_def rational_vector.scale_zero_left rhs.simps vars_scaleRat) (> 1.0 s, timed out)
0.sledgehammer goal.using     43653ms Simplex.Simplex 6766:272207  some Preplay: (smt (cvc5, term_db_relevant) add_0 cancel_comm_monoid_add_class.diff_cancel coeff_Var2 coeff_minus coeff_plus coeff_zero pivot_eq_def rational_vector.scale_zero_left rhs.simps vars_scaleRat) (> 1.0 s, timed out)
0.sledgehammer goal.using     43653ms Simplex.Simplex 6766:272207  some Preplay: (smt (cvc5, interleave) add_0 cancel_comm_monoid_add_class.diff_cancel coeff_Var2 coeff_minus coeff_plus coeff_zero pivot_eq_def rational_vector.scale_zero_left rhs.simps vars_scaleRat) (> 1.0 s, timed out)
0.sledgehammer goal.using     43653ms Simplex.Simplex 6766:272207  some Preplay: (smt (cvc5, prereg_lazy) add_0 cancel_comm_monoid_add_class.diff_cancel coeff_Var2 coeff_minus coeff_plus coeff_zero pivot_eq_def rational_vector.scale_zero_left rhs.simps vars_scaleRat) (> 1.0 s, timed out)
0.sledgehammer goal.using     43653ms Simplex.Simplex 6766:272207  some Preplay: (smt (cvc5, no_fmf_mbqi) add_0 cancel_comm_monoid_add_class.diff_cancel coeff_Var2 coeff_minus coeff_plus coeff_zero pivot_eq_def rational_vector.scale_zero_left rhs.simps vars_scaleRat) (> 1.0 s, timed out)
0.sledgehammer goal.using     43653ms Simplex.Simplex 6766:272207  some Preplay: (smt (cvc5, finite_mode_find_e_matching) add_0 cancel_comm_monoid_add_class.diff_cancel coeff_Var2 coeff_minus coeff_plus coeff_zero pivot_eq_def rational_vector.scale_zero_left rhs.simps vars_scaleRat) (> 1.0 s, timed out)
0.sledgehammer goal.using     43653ms Simplex.Simplex 6766:272207  some Preplay: (smt (cvc5, mbqi) add_0 cancel_comm_monoid_add_class.diff_cancel coeff_Var2 coeff_minus coeff_plus coeff_zero pivot_eq_def rational_vector.scale_zero_left rhs.simps vars_scaleRat) (> 1.0 s, timed out)
0.sledgehammer goal.using     43653ms Simplex.Simplex 6766:272207  some Preplay: (smt (cvc5, finite_mode_find) add_0 cancel_comm_monoid_add_class.diff_cancel coeff_Var2 coeff_minus coeff_plus coeff_zero pivot_eq_def rational_vector.scale_zero_left rhs.simps vars_scaleRat) (failed)
0.sledgehammer goal.using     43653ms Simplex.Simplex 6766:272207  some Preplay: (smt (cvc5, finite_mode_find_dec_internal) add_0 cancel_comm_monoid_add_class.diff_cancel coeff_Var2 coeff_minus coeff_plus coeff_zero pivot_eq_def rational_vector.scale_zero_left rhs.simps vars_scaleRat) (failed)
0.sledgehammer goal.using     43653ms Simplex.Simplex 6766:272207  some Preplay: (smt (cvc5, finite_mode_find_macro_quant) add_0 cancel_comm_monoid_add_class.diff_cancel coeff_Var2 coeff_minus coeff_plus coeff_zero pivot_eq_def rational_vector.scale_zero_left rhs.simps vars_scaleRat) (failed)
0.sledgehammer goal.using     55645ms Simplex.Simplex 6767:272333  some (SH 55645ms, ATP 2284ms): Try this: by (smt (cvc5, prereg_lazy) add.inverse_neutral add.right_neutral coeff_Var2 coeff_minus coeff_plus coeff_scaleRat coeff_zero diff_0 mult_zero_right pivot_eq_def rhs.simps) (472 ms)
0.sledgehammer goal.using     55645ms Simplex.Simplex 6767:272333  some Preplay: (smt (cvc5, prereg_lazy) add.inverse_neutral add.right_neutral coeff_Var2 coeff_minus coeff_plus coeff_scaleRat coeff_zero diff_0 mult_zero_right pivot_eq_def rhs.simps) (472 ms)
0.sledgehammer goal.using     55645ms Simplex.Simplex 6767:272333  some Preplay: (smt (cvc5, finite_mode_find_e_matching) add.inverse_neutral add.right_neutral coeff_Var2 coeff_minus coeff_plus coeff_scaleRat coeff_zero diff_0 mult_zero_right pivot_eq_def rhs.simps) (729 ms)
0.sledgehammer goal.using     55645ms Simplex.Simplex 6767:272333  some Preplay: (smt (cvc5, interleave) add.inverse_neutral add.right_neutral coeff_Var2 coeff_minus coeff_plus coeff_scaleRat coeff_zero diff_0 mult_zero_right pivot_eq_def rhs.simps) (730 ms)
0.sledgehammer goal.using     55645ms Simplex.Simplex 6767:272333  some Preplay: (smt (cvc5, finite_mode_find) add.inverse_neutral add.right_neutral coeff_Var2 coeff_minus coeff_plus coeff_scaleRat coeff_zero diff_0 mult_zero_right pivot_eq_def rhs.simps) (> 472 ms, timed out)
0.sledgehammer goal.using     55645ms Simplex.Simplex 6767:272333  some Preplay: (smt (cvc5, no_fmf_mbqi) add.inverse_neutral add.right_neutral coeff_Var2 coeff_minus coeff_plus coeff_scaleRat coeff_zero diff_0 mult_zero_right pivot_eq_def rhs.simps) (> 472 ms, timed out)
0.sledgehammer goal.using     55645ms Simplex.Simplex 6767:272333  some Preplay: (smt (cvc5, finite_mode_find_dec_internal) add.inverse_neutral add.right_neutral coeff_Var2 coeff_minus coeff_plus coeff_scaleRat coeff_zero diff_0 mult_zero_right pivot_eq_def rhs.simps) (> 472 ms, timed out)
0.sledgehammer goal.using     55645ms Simplex.Simplex 6767:272333  some Preplay: (smt (cvc5, mbqi) add.inverse_neutral add.right_neutral coeff_Var2 coeff_minus coeff_plus coeff_scaleRat coeff_zero diff_0 mult_zero_right pivot_eq_def rhs.simps) (> 472 ms, timed out)
0.sledgehammer goal.using     55645ms Simplex.Simplex 6767:272333  some Preplay: (smt (cvc5, best) add.inverse_neutral add.right_neutral coeff_Var2 coeff_minus coeff_plus coeff_scaleRat coeff_zero diff_0 mult_zero_right pivot_eq_def rhs.simps) (> 1.0 s, timed out)
0.sledgehammer goal.using     55645ms Simplex.Simplex 6767:272333  some Preplay: (smt (cvc5, dec_internal_no_simp) add.inverse_neutral add.right_neutral coeff_Var2 coeff_minus coeff_plus coeff_scaleRat coeff_zero diff_0 mult_zero_right pivot_eq_def rhs.simps) (> 1.0 s, timed out)
0.sledgehammer goal.using     55645ms Simplex.Simplex 6767:272333  some Preplay: (smt (cvc5, dec_internal_enum_inst_sum) add.inverse_neutral add.right_neutral coeff_Var2 coeff_minus coeff_plus coeff_scaleRat coeff_zero diff_0 mult_zero_right pivot_eq_def rhs.simps) (> 1.0 s, timed out)
0.sledgehammer goal.using     55645ms Simplex.Simplex 6767:272333  some Preplay: (smt (cvc5, term_db_relevant) add.inverse_neutral add.right_neutral coeff_Var2 coeff_minus coeff_plus coeff_scaleRat coeff_zero diff_0 mult_zero_right pivot_eq_def rhs.simps) (> 1.0 s, timed out)
0.sledgehammer goal.using     55645ms Simplex.Simplex 6767:272333  some Preplay: (smt (cvc5, finite_mode_find_macro_quant) add.inverse_neutral add.right_neutral coeff_Var2 coeff_minus coeff_plus coeff_scaleRat coeff_zero diff_0 mult_zero_right pivot_eq_def rhs.simps) (failed)
0.sledgehammer goal.by        55355ms Simplex.Simplex 6768:272393  some (SH 55354ms, ATP 1474ms): Try this: by (smt (cvc5, best) Un_insert_left divide_eq_0_iff inf_sup_aci(5) insertE lrv_class.zero_neq_one pivot_eq_def rhs.simps subsetD sup_bot_left vars_Var vars_scaleRat zero_neq_neg_one) (426 ms)
0.sledgehammer goal.by        55355ms Simplex.Simplex 6768:272393  some Preplay: (smt (cvc5, best) Un_insert_left divide_eq_0_iff inf_sup_aci(5) insertE lrv_class.zero_neq_one pivot_eq_def rhs.simps subsetD sup_bot_left vars_Var vars_scaleRat zero_neq_neg_one) (426 ms)
0.sledgehammer goal.by        55355ms Simplex.Simplex 6768:272393  some Preplay: (smt (cvc5, dec_internal_no_simp) Un_insert_left divide_eq_0_iff inf_sup_aci(5) insertE lrv_class.zero_neq_one pivot_eq_def rhs.simps subsetD sup_bot_left vars_Var vars_scaleRat zero_neq_neg_one) (> 426 ms, timed out)
0.sledgehammer goal.by        55355ms Simplex.Simplex 6768:272393  some Preplay: (smt (cvc5, dec_internal_enum_inst_sum) Un_insert_left divide_eq_0_iff inf_sup_aci(5) insertE lrv_class.zero_neq_one pivot_eq_def rhs.simps subsetD sup_bot_left vars_Var vars_scaleRat zero_neq_neg_one) (> 426 ms, timed out)
0.sledgehammer goal.by        55355ms Simplex.Simplex 6768:272393  some Preplay: (smt (cvc5, term_db_relevant) Un_insert_left divide_eq_0_iff inf_sup_aci(5) insertE lrv_class.zero_neq_one pivot_eq_def rhs.simps subsetD sup_bot_left vars_Var vars_scaleRat zero_neq_neg_one) (> 426 ms, timed out)
0.sledgehammer goal.by        55355ms Simplex.Simplex 6768:272393  some Preplay: (smt (cvc5, interleave) Un_insert_left divide_eq_0_iff inf_sup_aci(5) insertE lrv_class.zero_neq_one pivot_eq_def rhs.simps subsetD sup_bot_left vars_Var vars_scaleRat zero_neq_neg_one) (> 426 ms, timed out)
0.sledgehammer goal.by        55355ms Simplex.Simplex 6768:272393  some Preplay: (smt (cvc5, prereg_lazy) Un_insert_left divide_eq_0_iff inf_sup_aci(5) insertE lrv_class.zero_neq_one pivot_eq_def rhs.simps subsetD sup_bot_left vars_Var vars_scaleRat zero_neq_neg_one) (> 426 ms, timed out)
0.sledgehammer goal.by        55355ms Simplex.Simplex 6768:272393  some Preplay: (smt (cvc5, finite_mode_find) Un_insert_left divide_eq_0_iff inf_sup_aci(5) insertE lrv_class.zero_neq_one pivot_eq_def rhs.simps subsetD sup_bot_left vars_Var vars_scaleRat zero_neq_neg_one) (> 426 ms, timed out)
0.sledgehammer goal.by        55355ms Simplex.Simplex 6768:272393  some Preplay: (smt (cvc5, no_fmf_mbqi) Un_insert_left divide_eq_0_iff inf_sup_aci(5) insertE lrv_class.zero_neq_one pivot_eq_def rhs.simps subsetD sup_bot_left vars_Var vars_scaleRat zero_neq_neg_one) (> 426 ms, timed out)
0.sledgehammer goal.by        55355ms Simplex.Simplex 6768:272393  some Preplay: (smt (cvc5, finite_mode_find_dec_internal) Un_insert_left divide_eq_0_iff inf_sup_aci(5) insertE lrv_class.zero_neq_one pivot_eq_def rhs.simps subsetD sup_bot_left vars_Var vars_scaleRat zero_neq_neg_one) (> 426 ms, timed out)
0.sledgehammer goal.by        55355ms Simplex.Simplex 6768:272393  some Preplay: (smt (cvc5, finite_mode_find_e_matching) Un_insert_left divide_eq_0_iff inf_sup_aci(5) insertE lrv_class.zero_neq_one pivot_eq_def rhs.simps subsetD sup_bot_left vars_Var vars_scaleRat zero_neq_neg_one) (> 426 ms, timed out)
0.sledgehammer goal.by        55355ms Simplex.Simplex 6768:272393  some Preplay: (smt (cvc5, mbqi) Un_insert_left divide_eq_0_iff inf_sup_aci(5) insertE lrv_class.zero_neq_one pivot_eq_def rhs.simps subsetD sup_bot_left vars_Var vars_scaleRat zero_neq_neg_one) (> 426 ms, timed out)
0.sledgehammer goal.by        55355ms Simplex.Simplex 6768:272393  some Preplay: (smt (cvc5, finite_mode_find_macro_quant) Un_insert_left divide_eq_0_iff inf_sup_aci(5) insertE lrv_class.zero_neq_one pivot_eq_def rhs.simps subsetD sup_bot_left vars_Var vars_scaleRat zero_neq_neg_one) (failed)
0.sledgehammer goal.by        60263ms Simplex.Simplex 6871:276014  timeout (SH 60263ms):
0.sledgehammer goal.proof     87408ms Simplex.Simplex 6882:276439  some (SH 87408ms, ATP 893ms): Try this: by (smt (cvc5) add_diff_cancel coeff_minus coeff_zero mem_Collect_eq rational_vector.scale_cancel_left singleton_conv vars_Var vars_scaleRat)
0.sledgehammer goal.proof     87408ms Simplex.Simplex 6882:276439  some Preplay: (smt (cvc5, best) add_diff_cancel coeff_minus coeff_zero mem_Collect_eq rational_vector.scale_cancel_left singleton_conv vars_Var vars_scaleRat) (> 1.0 s, timed out)
0.sledgehammer goal.proof     87408ms Simplex.Simplex 6882:276439  some Preplay: (smt (cvc5, dec_internal_no_simp) add_diff_cancel coeff_minus coeff_zero mem_Collect_eq rational_vector.scale_cancel_left singleton_conv vars_Var vars_scaleRat) (> 1.0 s, timed out)
0.sledgehammer goal.proof     87408ms Simplex.Simplex 6882:276439  some Preplay: (smt (cvc5, dec_internal_enum_inst_sum) add_diff_cancel coeff_minus coeff_zero mem_Collect_eq rational_vector.scale_cancel_left singleton_conv vars_Var vars_scaleRat) (> 1.0 s, timed out)
0.sledgehammer goal.proof     87408ms Simplex.Simplex 6882:276439  some Preplay: (smt (cvc5, term_db_relevant) add_diff_cancel coeff_minus coeff_zero mem_Collect_eq rational_vector.scale_cancel_left singleton_conv vars_Var vars_scaleRat) (> 1.0 s, timed out)
0.sledgehammer goal.proof     87408ms Simplex.Simplex 6882:276439  some Preplay: (smt (cvc5, interleave) add_diff_cancel coeff_minus coeff_zero mem_Collect_eq rational_vector.scale_cancel_left singleton_conv vars_Var vars_scaleRat) (> 1.0 s, timed out)
0.sledgehammer goal.proof     87408ms Simplex.Simplex 6882:276439  some Preplay: (smt (cvc5, prereg_lazy) add_diff_cancel coeff_minus coeff_zero mem_Collect_eq rational_vector.scale_cancel_left singleton_conv vars_Var vars_scaleRat) (> 1.0 s, timed out)
0.sledgehammer goal.proof     87408ms Simplex.Simplex 6882:276439  some Preplay: (smt (cvc5, finite_mode_find) add_diff_cancel coeff_minus coeff_zero mem_Collect_eq rational_vector.scale_cancel_left singleton_conv vars_Var vars_scaleRat) (> 1.0 s, timed out)
0.sledgehammer goal.proof     87408ms Simplex.Simplex 6882:276439  some Preplay: (smt (cvc5, no_fmf_mbqi) add_diff_cancel coeff_minus coeff_zero mem_Collect_eq rational_vector.scale_cancel_left singleton_conv vars_Var vars_scaleRat) (> 1.0 s, timed out)
0.sledgehammer goal.proof     87408ms Simplex.Simplex 6882:276439  some Preplay: (smt (cvc5, finite_mode_find_dec_internal) add_diff_cancel coeff_minus coeff_zero mem_Collect_eq rational_vector.scale_cancel_left singleton_conv vars_Var vars_scaleRat) (> 1.0 s, timed out)
0.sledgehammer goal.proof     87408ms Simplex.Simplex 6882:276439  some Preplay: (smt (cvc5, finite_mode_find_e_matching) add_diff_cancel coeff_minus coeff_zero mem_Collect_eq rational_vector.scale_cancel_left singleton_conv vars_Var vars_scaleRat) (> 1.0 s, timed out)
0.sledgehammer goal.proof     87408ms Simplex.Simplex 6882:276439  some Preplay: (smt (cvc5, mbqi) add_diff_cancel coeff_minus coeff_zero mem_Collect_eq rational_vector.scale_cancel_left singleton_conv vars_Var vars_scaleRat) (> 1.0 s, timed out)
0.sledgehammer goal.proof     87408ms Simplex.Simplex 6882:276439  some Preplay: (smt (cvc5, finite_mode_find_macro_quant) add_diff_cancel coeff_minus coeff_zero mem_Collect_eq rational_vector.scale_cancel_left singleton_conv vars_Var vars_scaleRat) (failed)
0.sledgehammer goal.using     49431ms Simplex.Simplex 6949:279061  some (SH 49431ms, ATP 648ms): Try this: by (smt (cvc5, mbqi) fun_upd_other fun_upd_same satisfies_eq_def valuate_update_x) (608 ms)
0.sledgehammer goal.using     49431ms Simplex.Simplex 6949:279061  some Preplay: (smt (cvc5, mbqi) fun_upd_other fun_upd_same satisfies_eq_def valuate_update_x) (608 ms)
0.sledgehammer goal.using     49431ms Simplex.Simplex 6949:279061  some Preplay: (smt (cvc5, finite_mode_find_e_matching) fun_upd_other fun_upd_same satisfies_eq_def valuate_update_x) (705 ms)
0.sledgehammer goal.using     49431ms Simplex.Simplex 6949:279061  some Preplay: (smt (cvc5, dec_internal_no_simp) fun_upd_other fun_upd_same satisfies_eq_def valuate_update_x) (961 ms)
0.sledgehammer goal.using     49431ms Simplex.Simplex 6949:279061  some Preplay: (smt (cvc5, dec_internal_enum_inst_sum) fun_upd_other fun_upd_same satisfies_eq_def valuate_update_x) (963 ms)
0.sledgehammer goal.using     49431ms Simplex.Simplex 6949:279061  some Preplay: (smt (cvc5, best) fun_upd_other fun_upd_same satisfies_eq_def valuate_update_x) (973 ms)
0.sledgehammer goal.using     49431ms Simplex.Simplex 6949:279061  some Preplay: (smt (cvc5, term_db_relevant) fun_upd_other fun_upd_same satisfies_eq_def valuate_update_x) (1.0 s)
0.sledgehammer goal.using     49431ms Simplex.Simplex 6949:279061  some Preplay: (smt (cvc5, finite_mode_find) fun_upd_other fun_upd_same satisfies_eq_def valuate_update_x) (1.1 s)
0.sledgehammer goal.using     49431ms Simplex.Simplex 6949:279061  some Preplay: (smt (cvc5, interleave) fun_upd_other fun_upd_same satisfies_eq_def valuate_update_x) (1.2 s)
0.sledgehammer goal.using     49431ms Simplex.Simplex 6949:279061  some Preplay: (smt (cvc5, no_fmf_mbqi) fun_upd_other fun_upd_same satisfies_eq_def valuate_update_x) (1.3 s)
0.sledgehammer goal.using     49431ms Simplex.Simplex 6949:279061  some Preplay: (smt (cvc5, prereg_lazy) fun_upd_other fun_upd_same satisfies_eq_def valuate_update_x) (1.8 s)
0.sledgehammer goal.using     49431ms Simplex.Simplex 6949:279061  some Preplay: (smt (cvc5, finite_mode_find_dec_internal) fun_upd_other fun_upd_same satisfies_eq_def valuate_update_x) (failed)
0.sledgehammer goal.using     49431ms Simplex.Simplex 6949:279061  some Preplay: (smt (cvc5, finite_mode_find_macro_quant) fun_upd_other fun_upd_same satisfies_eq_def valuate_update_x) (failed)
0.sledgehammer goal.using     15071ms Simplex.Simplex 7422:300441  timeout (SH 15070ms): Timed out
0.sledgehammer goal.by        30824ms Simplex.Simplex 7423:300489  some (SH 30823ms, ATP 1346ms): Try this: by (smt (cvc5, term_db_relevant) Sup_le_iff Un_iff in_mono linorder_not_less list.set_intros(2) list.simps(9) sup.strict_order_iff) (352 ms)
0.sledgehammer goal.by        30824ms Simplex.Simplex 7423:300489  some Preplay: (smt (cvc5, term_db_relevant) Sup_le_iff Un_iff in_mono linorder_not_less list.set_intros(2) list.simps(9) sup.strict_order_iff) (352 ms)
0.sledgehammer goal.by        30824ms Simplex.Simplex 7423:300489  some Preplay: (smt (cvc5, best) Sup_le_iff Un_iff in_mono linorder_not_less list.set_intros(2) list.simps(9) sup.strict_order_iff) (470 ms)
0.sledgehammer goal.by        30824ms Simplex.Simplex 7423:300489  some Preplay: (smt (cvc5, interleave) Sup_le_iff Un_iff in_mono linorder_not_less list.set_intros(2) list.simps(9) sup.strict_order_iff) (> 352 ms, timed out)
0.sledgehammer goal.by        30824ms Simplex.Simplex 7423:300489  some Preplay: (smt (cvc5, prereg_lazy) Sup_le_iff Un_iff in_mono linorder_not_less list.set_intros(2) list.simps(9) sup.strict_order_iff) (> 352 ms, timed out)
0.sledgehammer goal.by        30824ms Simplex.Simplex 7423:300489  some Preplay: (smt (cvc5, finite_mode_find) Sup_le_iff Un_iff in_mono linorder_not_less list.set_intros(2) list.simps(9) sup.strict_order_iff) (> 352 ms, timed out)
0.sledgehammer goal.by        30824ms Simplex.Simplex 7423:300489  some Preplay: (smt (cvc5, no_fmf_mbqi) Sup_le_iff Un_iff in_mono linorder_not_less list.set_intros(2) list.simps(9) sup.strict_order_iff) (> 352 ms, timed out)
0.sledgehammer goal.by        30824ms Simplex.Simplex 7423:300489  some Preplay: (smt (cvc5, finite_mode_find_dec_internal) Sup_le_iff Un_iff in_mono linorder_not_less list.set_intros(2) list.simps(9) sup.strict_order_iff) (> 352 ms, timed out)
0.sledgehammer goal.by        30824ms Simplex.Simplex 7423:300489  some Preplay: (smt (cvc5, finite_mode_find_e_matching) Sup_le_iff Un_iff in_mono linorder_not_less list.set_intros(2) list.simps(9) sup.strict_order_iff) (> 352 ms, timed out)
0.sledgehammer goal.by        30824ms Simplex.Simplex 7423:300489  some Preplay: (smt (cvc5, mbqi) Sup_le_iff Un_iff in_mono linorder_not_less list.set_intros(2) list.simps(9) sup.strict_order_iff) (> 352 ms, timed out)
0.sledgehammer goal.by        30824ms Simplex.Simplex 7423:300489  some Preplay: (smt (cvc5, dec_internal_no_simp) Sup_le_iff Un_iff in_mono linorder_not_less list.set_intros(2) list.simps(9) sup.strict_order_iff) (> 470 ms, timed out)
0.sledgehammer goal.by        30824ms Simplex.Simplex 7423:300489  some Preplay: (smt (cvc5, dec_internal_enum_inst_sum) Sup_le_iff Un_iff in_mono linorder_not_less list.set_intros(2) list.simps(9) sup.strict_order_iff) (> 470 ms, timed out)
0.sledgehammer goal.by        30824ms Simplex.Simplex 7423:300489  some Preplay: (smt (cvc5, finite_mode_find_macro_quant) Sup_le_iff Un_iff in_mono linorder_not_less list.set_intros(2) list.simps(9) sup.strict_order_iff) (failed)
0.sledgehammer goal.using     15349ms Simplex.Simplex 7483:302931  timeout (SH 15348ms): Timed out
0.sledgehammer goal.unfolding 15315ms Simplex.Simplex 7484:302976  timeout (SH 15315ms): Timed out
0.sledgehammer goal.by        52998ms Simplex.Simplex 7485:303021  timeout (SH 52997ms):
0.sledgehammer goal.unfolding 45840ms Simplex.Simplex 7514:304493  some (SH 45840ms, ATP 295ms): Try this: by (smt (cvc5) atom.exhaust atom_var.simps(1,2) fun_upd_apply satisfies_atom.simps(1,2) tv)
0.sledgehammer goal.unfolding 45840ms Simplex.Simplex 7514:304493  some Preplay: (smt (cvc5, best) atom.exhaust atom_var.simps(1,2) fun_upd_apply satisfies_atom.simps(1,2) tv) (> 1.0 s, timed out)
0.sledgehammer goal.unfolding 45840ms Simplex.Simplex 7514:304493  some Preplay: (smt (cvc5, dec_internal_no_simp) atom.exhaust atom_var.simps(1,2) fun_upd_apply satisfies_atom.simps(1,2) tv) (> 1.0 s, timed out)
0.sledgehammer goal.unfolding 45840ms Simplex.Simplex 7514:304493  some Preplay: (smt (cvc5, dec_internal_enum_inst_sum) atom.exhaust atom_var.simps(1,2) fun_upd_apply satisfies_atom.simps(1,2) tv) (> 1.0 s, timed out)
0.sledgehammer goal.unfolding 45840ms Simplex.Simplex 7514:304493  some Preplay: (smt (cvc5, term_db_relevant) atom.exhaust atom_var.simps(1,2) fun_upd_apply satisfies_atom.simps(1,2) tv) (> 1.0 s, timed out)
0.sledgehammer goal.unfolding 45840ms Simplex.Simplex 7514:304493  some Preplay: (smt (cvc5, interleave) atom.exhaust atom_var.simps(1,2) fun_upd_apply satisfies_atom.simps(1,2) tv) (> 1.0 s, timed out)
0.sledgehammer goal.unfolding 45840ms Simplex.Simplex 7514:304493  some Preplay: (smt (cvc5, prereg_lazy) atom.exhaust atom_var.simps(1,2) fun_upd_apply satisfies_atom.simps(1,2) tv) (> 1.0 s, timed out)
0.sledgehammer goal.unfolding 45840ms Simplex.Simplex 7514:304493  some Preplay: (smt (cvc5, no_fmf_mbqi) atom.exhaust atom_var.simps(1,2) fun_upd_apply satisfies_atom.simps(1,2) tv) (> 1.0 s, timed out)
0.sledgehammer goal.unfolding 45840ms Simplex.Simplex 7514:304493  some Preplay: (smt (cvc5, finite_mode_find_e_matching) atom.exhaust atom_var.simps(1,2) fun_upd_apply satisfies_atom.simps(1,2) tv) (> 1.0 s, timed out)
0.sledgehammer goal.unfolding 45840ms Simplex.Simplex 7514:304493  some Preplay: (smt (cvc5, mbqi) atom.exhaust atom_var.simps(1,2) fun_upd_apply satisfies_atom.simps(1,2) tv) (> 1.0 s, timed out)
0.sledgehammer goal.unfolding 45840ms Simplex.Simplex 7514:304493  some Preplay: (smt (cvc5, finite_mode_find) atom.exhaust atom_var.simps(1,2) fun_upd_apply satisfies_atom.simps(1,2) tv) (failed)
0.sledgehammer goal.unfolding 45840ms Simplex.Simplex 7514:304493  some Preplay: (smt (cvc5, finite_mode_find_dec_internal) atom.exhaust atom_var.simps(1,2) fun_upd_apply satisfies_atom.simps(1,2) tv) (failed)
0.sledgehammer goal.unfolding 45840ms Simplex.Simplex 7514:304493  some Preplay: (smt (cvc5, finite_mode_find_macro_quant) atom.exhaust atom_var.simps(1,2) fun_upd_apply satisfies_atom.simps(1,2) tv) (failed)
0.sledgehammer goal.unfolding 59912ms Simplex.Simplex 7629:309798  some (SH 59912ms, ATP 817ms): Try this: by (smt (cvc5, prereg_lazy) Pair_inject pivot_tableau_eq_def rev_map) (474 ms)
0.sledgehammer goal.unfolding 59912ms Simplex.Simplex 7629:309798  some Preplay: (smt (cvc5, prereg_lazy) Pair_inject pivot_tableau_eq_def rev_map) (474 ms)
0.sledgehammer goal.unfolding 59912ms Simplex.Simplex 7629:309798  some Preplay: (smt (cvc5, best) Pair_inject pivot_tableau_eq_def rev_map) (600 ms)
0.sledgehammer goal.unfolding 59912ms Simplex.Simplex 7629:309798  some Preplay: (smt (cvc5, no_fmf_mbqi) Pair_inject pivot_tableau_eq_def rev_map) (603 ms)
0.sledgehammer goal.unfolding 59912ms Simplex.Simplex 7629:309798  some Preplay: (smt (cvc5, dec_internal_no_simp) Pair_inject pivot_tableau_eq_def rev_map) (621 ms)
0.sledgehammer goal.unfolding 59912ms Simplex.Simplex 7629:309798  some Preplay: (smt (cvc5, term_db_relevant) Pair_inject pivot_tableau_eq_def rev_map) (628 ms)
0.sledgehammer goal.unfolding 59912ms Simplex.Simplex 7629:309798  some Preplay: (smt (cvc5, dec_internal_enum_inst_sum) Pair_inject pivot_tableau_eq_def rev_map) (709 ms)
0.sledgehammer goal.unfolding 59912ms Simplex.Simplex 7629:309798  some Preplay: (smt (cvc5, finite_mode_find_e_matching) Pair_inject pivot_tableau_eq_def rev_map) (785 ms)
0.sledgehammer goal.unfolding 59912ms Simplex.Simplex 7629:309798  some Preplay: (smt (cvc5, mbqi) Pair_inject pivot_tableau_eq_def rev_map) (853 ms)
0.sledgehammer goal.unfolding 59912ms Simplex.Simplex 7629:309798  some Preplay: (smt (cvc5, finite_mode_find_dec_internal) Pair_inject pivot_tableau_eq_def rev_map) (867 ms)
0.sledgehammer goal.unfolding 59912ms Simplex.Simplex 7629:309798  some Preplay: (smt (cvc5, interleave) Pair_inject pivot_tableau_eq_def rev_map) (877 ms)
0.sledgehammer goal.unfolding 59912ms Simplex.Simplex 7629:309798  some Preplay: (smt (cvc5, finite_mode_find) Pair_inject pivot_tableau_eq_def rev_map) (939 ms)
0.sledgehammer goal.unfolding 59912ms Simplex.Simplex 7629:309798  some Preplay: (smt (cvc5, finite_mode_find_macro_quant) Pair_inject pivot_tableau_eq_def rev_map) (failed)
0.sledgehammer goal.by        54934ms Simplex.Simplex 8033:328407  some (SH 54934ms, ATP 677ms): Try this: by (smt (cvc5, prereg_lazy) fst_conv image_Collect_subsetI image_iff) (2.2 s)
0.sledgehammer goal.by        54934ms Simplex.Simplex 8033:328407  some Preplay: (smt (cvc5, prereg_lazy) fst_conv image_Collect_subsetI image_iff) (2.2 s)
0.sledgehammer goal.by        54934ms Simplex.Simplex 8033:328407  some Preplay: (smt (cvc5, mbqi) fst_conv image_Collect_subsetI image_iff) (3.5 s)
0.sledgehammer goal.by        54934ms Simplex.Simplex 8033:328407  some Preplay: (smt (cvc5, interleave) fst_conv image_Collect_subsetI image_iff) (4.0 s)
0.sledgehammer goal.by        54934ms Simplex.Simplex 8033:328407  some Preplay: (smt (cvc5, best) fst_conv image_Collect_subsetI image_iff) (> 1.0 s, timed out)
0.sledgehammer goal.by        54934ms Simplex.Simplex 8033:328407  some Preplay: (smt (cvc5, dec_internal_no_simp) fst_conv image_Collect_subsetI image_iff) (> 1.0 s, timed out)
0.sledgehammer goal.by        54934ms Simplex.Simplex 8033:328407  some Preplay: (smt (cvc5, dec_internal_enum_inst_sum) fst_conv image_Collect_subsetI image_iff) (> 1.0 s, timed out)
0.sledgehammer goal.by        54934ms Simplex.Simplex 8033:328407  some Preplay: (smt (cvc5, term_db_relevant) fst_conv image_Collect_subsetI image_iff) (> 1.0 s, timed out)
0.sledgehammer goal.by        54934ms Simplex.Simplex 8033:328407  some Preplay: (smt (cvc5, finite_mode_find) fst_conv image_Collect_subsetI image_iff) (> 1.0 s, timed out)
0.sledgehammer goal.by        54934ms Simplex.Simplex 8033:328407  some Preplay: (smt (cvc5, no_fmf_mbqi) fst_conv image_Collect_subsetI image_iff) (> 1.0 s, timed out)
0.sledgehammer goal.by        54934ms Simplex.Simplex 8033:328407  some Preplay: (smt (cvc5, finite_mode_find_dec_internal) fst_conv image_Collect_subsetI image_iff) (> 1.0 s, timed out)
0.sledgehammer goal.by        54934ms Simplex.Simplex 8033:328407  some Preplay: (smt (cvc5, finite_mode_find_macro_quant) fst_conv image_Collect_subsetI image_iff) (> 1.0 s, timed out)
0.sledgehammer goal.by        54934ms Simplex.Simplex 8033:328407  some Preplay: (smt (cvc5, finite_mode_find_e_matching) fst_conv image_Collect_subsetI image_iff) (> 1.0 s, timed out)
0.sledgehammer goal.by        14949ms Simplex.Simplex_Incremental 55:2410  timeout (SH 14949ms): Timed out
0.sledgehammer goal.proof     36956ms Simplex.Simplex_Incremental 338:13900  some (SH 36956ms, ATP 2554ms): Try this: by (smt (cvc5) Compl_iff in_bounds.elims(3) satisfies_bounds_iff v)
0.sledgehammer goal.proof     36956ms Simplex.Simplex_Incremental 338:13900  some Preplay: (smt (cvc5, best) Compl_iff in_bounds.elims(3) satisfies_bounds_iff v) (> 1.0 s, timed out)
0.sledgehammer goal.proof     36956ms Simplex.Simplex_Incremental 338:13900  some Preplay: (smt (cvc5, dec_internal_no_simp) Compl_iff in_bounds.elims(3) satisfies_bounds_iff v) (> 1.0 s, timed out)
0.sledgehammer goal.proof     36956ms Simplex.Simplex_Incremental 338:13900  some Preplay: (smt (cvc5, dec_internal_enum_inst_sum) Compl_iff in_bounds.elims(3) satisfies_bounds_iff v) (> 1.0 s, timed out)
0.sledgehammer goal.proof     36956ms Simplex.Simplex_Incremental 338:13900  some Preplay: (smt (cvc5, term_db_relevant) Compl_iff in_bounds.elims(3) satisfies_bounds_iff v) (> 1.0 s, timed out)
0.sledgehammer goal.proof     36956ms Simplex.Simplex_Incremental 338:13900  some Preplay: (smt (cvc5, interleave) Compl_iff in_bounds.elims(3) satisfies_bounds_iff v) (> 1.0 s, timed out)
0.sledgehammer goal.proof     36956ms Simplex.Simplex_Incremental 338:13900  some Preplay: (smt (cvc5, prereg_lazy) Compl_iff in_bounds.elims(3) satisfies_bounds_iff v) (> 1.0 s, timed out)
0.sledgehammer goal.proof     36956ms Simplex.Simplex_Incremental 338:13900  some Preplay: (smt (cvc5, finite_mode_find) Compl_iff in_bounds.elims(3) satisfies_bounds_iff v) (> 1.0 s, timed out)
0.sledgehammer goal.proof     36956ms Simplex.Simplex_Incremental 338:13900  some Preplay: (smt (cvc5, no_fmf_mbqi) Compl_iff in_bounds.elims(3) satisfies_bounds_iff v) (> 1.0 s, timed out)
0.sledgehammer goal.proof     36956ms Simplex.Simplex_Incremental 338:13900  some Preplay: (smt (cvc5, finite_mode_find_dec_internal) Compl_iff in_bounds.elims(3) satisfies_bounds_iff v) (> 1.0 s, timed out)
0.sledgehammer goal.proof     36956ms Simplex.Simplex_Incremental 338:13900  some Preplay: (smt (cvc5, finite_mode_find_macro_quant) Compl_iff in_bounds.elims(3) satisfies_bounds_iff v) (> 1.0 s, timed out)
0.sledgehammer goal.proof     36956ms Simplex.Simplex_Incremental 338:13900  some Preplay: (smt (cvc5, finite_mode_find_e_matching) Compl_iff in_bounds.elims(3) satisfies_bounds_iff v) (> 1.0 s, timed out)
0.sledgehammer goal.proof     36956ms Simplex.Simplex_Incremental 338:13900  some Preplay: (smt (cvc5, mbqi) Compl_iff in_bounds.elims(3) satisfies_bounds_iff v) (> 1.0 s, timed out)
0.sledgehammer goal.by        63711ms Simplex.Simplex_Incremental 665:29292  some (SH 63711ms, ATP 1227ms): Try this: by (smt (cvc5, dec_internal_enum_inst_sum) Inr_inject Inr_not_Inl old.sum.simps(5,6) sumE) (630 ms)
0.sledgehammer goal.by        63711ms Simplex.Simplex_Incremental 665:29292  some Preplay: (smt (cvc5, dec_internal_enum_inst_sum) Inr_inject Inr_not_Inl old.sum.simps(5,6) sumE) (630 ms)
0.sledgehammer goal.by        63711ms Simplex.Simplex_Incremental 665:29292  some Preplay: (smt (cvc5, dec_internal_no_simp) Inr_inject Inr_not_Inl old.sum.simps(5,6) sumE) (772 ms)
0.sledgehammer goal.by        63711ms Simplex.Simplex_Incremental 665:29292  some Preplay: (smt (cvc5, best) Inr_inject Inr_not_Inl old.sum.simps(5,6) sumE) (808 ms)
0.sledgehammer goal.by        63711ms Simplex.Simplex_Incremental 665:29292  some Preplay: (smt (cvc5, term_db_relevant) Inr_inject Inr_not_Inl old.sum.simps(5,6) sumE) (> 630 ms, timed out)
0.sledgehammer goal.by        63711ms Simplex.Simplex_Incremental 665:29292  some Preplay: (smt (cvc5, interleave) Inr_inject Inr_not_Inl old.sum.simps(5,6) sumE) (> 630 ms, timed out)
0.sledgehammer goal.by        63711ms Simplex.Simplex_Incremental 665:29292  some Preplay: (smt (cvc5, prereg_lazy) Inr_inject Inr_not_Inl old.sum.simps(5,6) sumE) (> 630 ms, timed out)
0.sledgehammer goal.by        63711ms Simplex.Simplex_Incremental 665:29292  some Preplay: (smt (cvc5, finite_mode_find) Inr_inject Inr_not_Inl old.sum.simps(5,6) sumE) (> 630 ms, timed out)
0.sledgehammer goal.by        63711ms Simplex.Simplex_Incremental 665:29292  some Preplay: (smt (cvc5, no_fmf_mbqi) Inr_inject Inr_not_Inl old.sum.simps(5,6) sumE) (> 630 ms, timed out)
0.sledgehammer goal.by        63711ms Simplex.Simplex_Incremental 665:29292  some Preplay: (smt (cvc5, finite_mode_find_dec_internal) Inr_inject Inr_not_Inl old.sum.simps(5,6) sumE) (> 630 ms, timed out)
0.sledgehammer goal.by        63711ms Simplex.Simplex_Incremental 665:29292  some Preplay: (smt (cvc5, finite_mode_find_macro_quant) Inr_inject Inr_not_Inl old.sum.simps(5,6) sumE) (> 630 ms, timed out)
0.sledgehammer goal.by        63711ms Simplex.Simplex_Incremental 665:29292  some Preplay: (smt (cvc5, finite_mode_find_e_matching) Inr_inject Inr_not_Inl old.sum.simps(5,6) sumE) (> 630 ms, timed out)
0.sledgehammer goal.by        63711ms Simplex.Simplex_Incremental 665:29292  some Preplay: (smt (cvc5, mbqi) Inr_inject Inr_not_Inl old.sum.simps(5,6) sumE) (> 630 ms, timed out)
0.sledgehammer goal.by        40250ms Simplex.Simplex_Incremental 853:38343  some (SH 40250ms, ATP 917ms): Try this: by (smt (cvc5) Incremental_Atom_Ops_For_NS_Constraint_Ops_Default.backtrack_nsc.simps Incremental_Simplex.backtrack_cs.elims Pair_inject backtrack_simplex.elims simplex_checkpoint.inject simplex_state.inject)
0.sledgehammer goal.by        40250ms Simplex.Simplex_Incremental 853:38343  some Preplay: (smt (cvc5, best) Incremental_Atom_Ops_For_NS_Constraint_Ops_Default.backtrack_nsc.simps Incremental_Simplex.backtrack_cs.elims Pair_inject backtrack_simplex.elims simplex_checkpoint.inject simplex_state.inject) (> 1.0 s, timed out)
0.sledgehammer goal.by        40250ms Simplex.Simplex_Incremental 853:38343  some Preplay: (smt (cvc5, dec_internal_no_simp) Incremental_Atom_Ops_For_NS_Constraint_Ops_Default.backtrack_nsc.simps Incremental_Simplex.backtrack_cs.elims Pair_inject backtrack_simplex.elims simplex_checkpoint.inject simplex_state.inject) (> 1.0 s, timed out)
0.sledgehammer goal.by        40250ms Simplex.Simplex_Incremental 853:38343  some Preplay: (smt (cvc5, dec_internal_enum_inst_sum) Incremental_Atom_Ops_For_NS_Constraint_Ops_Default.backtrack_nsc.simps Incremental_Simplex.backtrack_cs.elims Pair_inject backtrack_simplex.elims simplex_checkpoint.inject simplex_state.inject) (> 1.0 s, timed out)
0.sledgehammer goal.by        40250ms Simplex.Simplex_Incremental 853:38343  some Preplay: (smt (cvc5, term_db_relevant) Incremental_Atom_Ops_For_NS_Constraint_Ops_Default.backtrack_nsc.simps Incremental_Simplex.backtrack_cs.elims Pair_inject backtrack_simplex.elims simplex_checkpoint.inject simplex_state.inject) (> 1.0 s, timed out)
0.sledgehammer goal.by        40250ms Simplex.Simplex_Incremental 853:38343  some Preplay: (smt (cvc5, interleave) Incremental_Atom_Ops_For_NS_Constraint_Ops_Default.backtrack_nsc.simps Incremental_Simplex.backtrack_cs.elims Pair_inject backtrack_simplex.elims simplex_checkpoint.inject simplex_state.inject) (> 1.0 s, timed out)
0.sledgehammer goal.by        40250ms Simplex.Simplex_Incremental 853:38343  some Preplay: (smt (cvc5, prereg_lazy) Incremental_Atom_Ops_For_NS_Constraint_Ops_Default.backtrack_nsc.simps Incremental_Simplex.backtrack_cs.elims Pair_inject backtrack_simplex.elims simplex_checkpoint.inject simplex_state.inject) (> 1.0 s, timed out)
0.sledgehammer goal.by        40250ms Simplex.Simplex_Incremental 853:38343  some Preplay: (smt (cvc5, finite_mode_find) Incremental_Atom_Ops_For_NS_Constraint_Ops_Default.backtrack_nsc.simps Incremental_Simplex.backtrack_cs.elims Pair_inject backtrack_simplex.elims simplex_checkpoint.inject simplex_state.inject) (> 1.0 s, timed out)
0.sledgehammer goal.by        40250ms Simplex.Simplex_Incremental 853:38343  some Preplay: (smt (cvc5, no_fmf_mbqi) Incremental_Atom_Ops_For_NS_Constraint_Ops_Default.backtrack_nsc.simps Incremental_Simplex.backtrack_cs.elims Pair_inject backtrack_simplex.elims simplex_checkpoint.inject simplex_state.inject) (> 1.0 s, timed out)
0.sledgehammer goal.by        40250ms Simplex.Simplex_Incremental 853:38343  some Preplay: (smt (cvc5, finite_mode_find_dec_internal) Incremental_Atom_Ops_For_NS_Constraint_Ops_Default.backtrack_nsc.simps Incremental_Simplex.backtrack_cs.elims Pair_inject backtrack_simplex.elims simplex_checkpoint.inject simplex_state.inject) (> 1.0 s, timed out)
0.sledgehammer goal.by        40250ms Simplex.Simplex_Incremental 853:38343  some Preplay: (smt (cvc5, finite_mode_find_macro_quant) Incremental_Atom_Ops_For_NS_Constraint_Ops_Default.backtrack_nsc.simps Incremental_Simplex.backtrack_cs.elims Pair_inject backtrack_simplex.elims simplex_checkpoint.inject simplex_state.inject) (> 1.0 s, timed out)
0.sledgehammer goal.by        40250ms Simplex.Simplex_Incremental 853:38343  some Preplay: (smt (cvc5, mbqi) Incremental_Atom_Ops_For_NS_Constraint_Ops_Default.backtrack_nsc.simps Incremental_Simplex.backtrack_cs.elims Pair_inject backtrack_simplex.elims simplex_checkpoint.inject simplex_state.inject) (> 1.0 s, timed out)
0.sledgehammer goal.by        40250ms Simplex.Simplex_Incremental 853:38343  some Preplay: (smt (cvc5, finite_mode_find_e_matching) Incremental_Atom_Ops_For_NS_Constraint_Ops_Default.backtrack_nsc.simps Incremental_Simplex.backtrack_cs.elims Pair_inject backtrack_simplex.elims simplex_checkpoint.inject simplex_state.inject) (failed)
0.sledgehammer goal.using     20387ms Simplex.Simplex_Incremental 917:40895  timeout (SH 20387ms): Timed out
0.sledgehammer goal.by        56925ms Simplex.Simplex_Incremental 976:43283  timeout (SH 56925ms):
0.sledgehammer finalize   Total number of sledgehammer calls: 70
0.sledgehammer finalize   Number of successful sledgehammer calls: 50
0.sledgehammer finalize   Number of sledgehammer lemmas: 347
0.sledgehammer finalize   Max number of sledgehammer lemmas: 24
0.sledgehammer finalize   Success rate: 71.4%
0.sledgehammer finalize   Total number of nontrivial sledgehammer calls: 70
0.sledgehammer finalize   Number of successful nontrivial sledgehammer calls: 50
0.sledgehammer finalize   Total time for sledgehammer calls (Isabelle): 3276.574
0.sledgehammer finalize   Total time for successful sledgehammer calls (ATP): 66.280
0.sledgehammer finalize   Average time for sledgehammer calls (Isabelle): 46.808
0.sledgehammer finalize   Average time for successful sledgehammer calls (ATP): 1.326
