QDelta/mirabelle.log:0.sledgehammer goal.by        11967ms Simplex.QDelta 100:2724  timeout (SH 11967ms): Timed out
QDelta/mirabelle.log:0.sledgehammer goal.by        11895ms Simplex.QDelta 104:2885  timeout (SH 11895ms): Timed out
QDelta/mirabelle.log:0.sledgehammer goal.using     11549ms Simplex.QDelta 108:3051  timeout (SH 11549ms): Timed out
QDelta/mirabelle.log:0.sledgehammer goal.by        11506ms Simplex.QDelta 109:3075  timeout (SH 11506ms): Timed out
QDelta/mirabelle.log:0.sledgehammer goal.unfolding 11667ms Simplex.QDelta 113:3222  timeout (SH 11667ms): Timed out
QDelta/mirabelle.log:0.sledgehammer goal.using     11611ms Simplex.QDelta 114:3254  timeout (SH 11611ms): Timed out
QDelta/mirabelle.log:0.sledgehammer goal.using     11824ms Simplex.QDelta 115:3390  timeout (SH 11824ms): Timed out
QDelta/mirabelle.log:0.sledgehammer goal.by        12530ms Simplex.QDelta 116:3414  timeout (SH 12530ms): Timed out
QDelta/mirabelle.log:0.sledgehammer goal.proof     11631ms Simplex.QDelta 121:3622  timeout (SH 11631ms): Timed out
QDelta/mirabelle.log:0.sledgehammer goal.using     11614ms Simplex.QDelta 131:3957  timeout (SH 11614ms): Timed out
QDelta/mirabelle.log:0.sledgehammer goal.by        11899ms Simplex.QDelta 132:3973  timeout (SH 11899ms): Timed out
QDelta/mirabelle.log:0.sledgehammer goal.by        11420ms Simplex.QDelta 142:4236  timeout (SH 11420ms): Timed out
QDelta/mirabelle.log:0.sledgehammer goal.by        11566ms Simplex.QDelta 146:4335  timeout (SH 11566ms): Timed out
QDelta/mirabelle.log:0.sledgehammer goal.by        12370ms Simplex.QDelta 150:4430  timeout (SH 12369ms): Timed out
QDelta/mirabelle.log:0.sledgehammer goal.proof     11578ms Simplex.QDelta 153:4543  timeout (SH 11578ms): Timed out
QDelta/mirabelle.log:0.sledgehammer goal.by        12913ms Simplex.QDelta 160:4759  timeout (SH 12913ms): Timed out
QDelta/mirabelle.log:0.sledgehammer goal.unfolding 11897ms Simplex.QDelta 161:4808  timeout (SH 11897ms): Timed out
QDelta/mirabelle.log:0.sledgehammer goal.unfolding 12635ms Simplex.QDelta 162:4859  timeout (SH 12635ms): Timed out
QDelta/mirabelle.log:0.sledgehammer goal.using     11839ms Simplex.QDelta 162:4872  timeout (SH 11839ms): Timed out
QDelta/mirabelle.log:0.sledgehammer goal.by        11890ms Simplex.QDelta 162:4888  timeout (SH 11890ms): Timed out
QDelta/mirabelle.log:0.sledgehammer goal.using     11696ms Simplex.QDelta 169:5071  timeout (SH 11696ms): Timed out
QDelta/mirabelle.log:0.sledgehammer goal.using     12543ms Simplex.QDelta 170:5085  timeout (SH 12543ms): Timed out
QDelta/mirabelle.log:0.sledgehammer goal.by        11645ms Simplex.QDelta 171:5100  timeout (SH 11645ms): Timed out
Abstract_Linear_Poly/mirabelle.log:0.sledgehammer goal.proof     12751ms Simplex.Abstract_Linear_Poly 40:1444  timeout (SH 12751ms): Timed out
Abstract_Linear_Poly/mirabelle.log:0.sledgehammer goal.using     11814ms Simplex.Abstract_Linear_Poly 45:1603  timeout (SH 11814ms): Timed out
Abstract_Linear_Poly/mirabelle.log:0.sledgehammer goal.by        11962ms Simplex.Abstract_Linear_Poly 46:1615  timeout (SH 11962ms): Timed out
Abstract_Linear_Poly/mirabelle.log:0.sledgehammer goal.proof     11385ms Simplex.Abstract_Linear_Poly 51:1735  timeout (SH 11385ms): Timed out
Abstract_Linear_Poly/mirabelle.log:0.sledgehammer goal.using     11646ms Simplex.Abstract_Linear_Poly 56:1842  timeout (SH 11646ms): Timed out
Abstract_Linear_Poly/mirabelle.log:0.sledgehammer goal.by        11617ms Simplex.Abstract_Linear_Poly 57:1854  timeout (SH 11617ms): Timed out
Abstract_Linear_Poly/mirabelle.log:0.sledgehammer goal.by        11501ms Simplex.Abstract_Linear_Poly 103:3545  timeout (SH 11501ms): Timed out
Abstract_Linear_Poly/mirabelle.log:0.sledgehammer goal.by        11508ms Simplex.Abstract_Linear_Poly 104:3588  timeout (SH 11508ms): Timed out
Abstract_Linear_Poly/mirabelle.log:0.sledgehammer goal.by         6562ms Simplex.Abstract_Linear_Poly 105:3627  timeout (SH 6562ms): Timed out
Abstract_Linear_Poly/mirabelle.log:0.sledgehammer goal.unfolding  7318ms Simplex.Abstract_Linear_Poly 106:3667  timeout (SH 7318ms): Timed out
Abstract_Linear_Poly/mirabelle.log:0.sledgehammer goal.by        11307ms Simplex.Abstract_Linear_Poly 106:3700  timeout (SH 11307ms): Timed out
Abstract_Linear_Poly/mirabelle.log:0.sledgehammer goal.by        11590ms Simplex.Abstract_Linear_Poly 110:3865  timeout (SH 11590ms): Timed out
Abstract_Linear_Poly/mirabelle.log:0.sledgehammer goal.by        11587ms Simplex.Abstract_Linear_Poly 113:3982  timeout (SH 11587ms): Timed out
Abstract_Linear_Poly/mirabelle.log:0.sledgehammer goal.by        12368ms Simplex.Abstract_Linear_Poly 114:4056  timeout (SH 12368ms): Timed out
Abstract_Linear_Poly/mirabelle.log:0.sledgehammer goal.by        11374ms Simplex.Abstract_Linear_Poly 117:4140  timeout (SH 11374ms): Timed out
Abstract_Linear_Poly/mirabelle.log:0.sledgehammer goal.by        11427ms Simplex.Abstract_Linear_Poly 144:4863  timeout (SH 11427ms): Timed out
Abstract_Linear_Poly/mirabelle.log:0.sledgehammer goal.by        11600ms Simplex.Abstract_Linear_Poly 148:4922  timeout (SH 11599ms): Timed out
Abstract_Linear_Poly/mirabelle.log:0.sledgehammer goal.by        12452ms Simplex.Abstract_Linear_Poly 155:5093  timeout (SH 12452ms): Timed out
Abstract_Linear_Poly/mirabelle.log:0.sledgehammer goal.by        11404ms Simplex.Abstract_Linear_Poly 158:5208  timeout (SH 11404ms): Timed out
Abstract_Linear_Poly/mirabelle.log:0.sledgehammer goal.by        11708ms Simplex.Abstract_Linear_Poly 171:5558  timeout (SH 11708ms): Timed out
Abstract_Linear_Poly/mirabelle.log:0.sledgehammer goal.by        12672ms Simplex.Abstract_Linear_Poly 175:5650  timeout (SH 12672ms): Timed out
Abstract_Linear_Poly/mirabelle.log:0.sledgehammer goal.using     11463ms Simplex.Abstract_Linear_Poly 180:5826  timeout (SH 11463ms): Timed out
Abstract_Linear_Poly/mirabelle.log:0.sledgehammer goal.by        11542ms Simplex.Abstract_Linear_Poly 181:5864  timeout (SH 11542ms): Timed out
Abstract_Linear_Poly/mirabelle.log:0.sledgehammer goal.using     12492ms Simplex.Abstract_Linear_Poly 187:6080  timeout (SH 12492ms): Timed out
Abstract_Linear_Poly/mirabelle.log:0.sledgehammer goal.proof     11589ms Simplex.Abstract_Linear_Poly 188:6092  timeout (SH 11589ms): Timed out
Abstract_Linear_Poly/mirabelle.log:0.sledgehammer goal.proof     11839ms Simplex.Abstract_Linear_Poly 192:6260  timeout (SH 11839ms): Timed out
Abstract_Linear_Poly/mirabelle.log:0.sledgehammer goal.unfolding 11923ms Simplex.Abstract_Linear_Poly 196:6373  timeout (SH 11922ms): Timed out
Abstract_Linear_Poly/mirabelle.log:0.sledgehammer goal.using     11557ms Simplex.Abstract_Linear_Poly 209:6845  timeout (SH 11557ms): Timed out
Abstract_Linear_Poly/mirabelle.log:0.sledgehammer goal.using     11624ms Simplex.Abstract_Linear_Poly 210:6859  timeout (SH 11624ms): Timed out
Abstract_Linear_Poly/mirabelle.log:0.sledgehammer goal.using     11855ms Simplex.Abstract_Linear_Poly 211:6896  timeout (SH 11855ms): Timed out
Abstract_Linear_Poly/mirabelle.log:0.sledgehammer goal.using     11724ms Simplex.Abstract_Linear_Poly 212:6938  timeout (SH 11724ms): Timed out
Abstract_Linear_Poly/mirabelle.log:0.sledgehammer goal.unfolding 12324ms Simplex.Abstract_Linear_Poly 217:7077  timeout (SH 12324ms): Timed out
Abstract_Linear_Poly/mirabelle.log:0.sledgehammer goal.by        11703ms Simplex.Abstract_Linear_Poly 218:7113  timeout (SH 11703ms): Timed out
Abstract_Linear_Poly/mirabelle.log:0.sledgehammer goal.proof     11991ms Simplex.Abstract_Linear_Poly 226:7404  timeout (SH 11991ms): Timed out
Abstract_Linear_Poly/mirabelle.log:0.sledgehammer goal.using     12582ms Simplex.Abstract_Linear_Poly 232:7575  timeout (SH 12582ms): Timed out
Abstract_Linear_Poly/mirabelle.log:0.sledgehammer goal.by        12186ms Simplex.Abstract_Linear_Poly 233:7591  timeout (SH 12185ms): Timed out
Abstract_Linear_Poly/mirabelle.log:0.sledgehammer goal.by        11933ms Simplex.Abstract_Linear_Poly 242:8116  timeout (SH 11933ms): Timed out
Abstract_Linear_Poly/mirabelle.log:0.sledgehammer goal.proof     12691ms Simplex.Abstract_Linear_Poly 244:8254  timeout (SH 12691ms): Timed out
Abstract_Linear_Poly/mirabelle.log:0.sledgehammer goal.by        12689ms Simplex.Abstract_Linear_Poly 249:8423  timeout (SH 12689ms): Timed out
Abstract_Linear_Poly/mirabelle.log:0.sledgehammer goal.using     12744ms Simplex.Abstract_Linear_Poly 254:8707  timeout (SH 12744ms): Timed out
Abstract_Linear_Poly/mirabelle.log:0.sledgehammer goal.by        12938ms Simplex.Abstract_Linear_Poly 255:8766  timeout (SH 12938ms): Timed out
Abstract_Linear_Poly/mirabelle.log:0.sledgehammer goal.using     12842ms Simplex.Abstract_Linear_Poly 262:8986  timeout (SH 12842ms): Timed out
Abstract_Linear_Poly/mirabelle.log:0.sledgehammer goal.using     11790ms Simplex.Abstract_Linear_Poly 263:9004  timeout (SH 11789ms): Timed out
Abstract_Linear_Poly/mirabelle.log:0.sledgehammer goal.using     11846ms Simplex.Abstract_Linear_Poly 264:9028  timeout (SH 11846ms): Timed out
Abstract_Linear_Poly/mirabelle.log:0.sledgehammer goal.by        16670ms Simplex.Abstract_Linear_Poly 272:9235  timeout (SH 16670ms): Timed out
Abstract_Linear_Poly/mirabelle.log:0.sledgehammer goal.proof     11500ms Simplex.Abstract_Linear_Poly 281:9480  timeout (SH 11500ms): Timed out
Abstract_Linear_Poly/mirabelle.log:0.sledgehammer goal.unfolding 11446ms Simplex.Abstract_Linear_Poly 293:9877  timeout (SH 11446ms): Timed out
Abstract_Linear_Poly/mirabelle.log:0.sledgehammer goal.using     11791ms Simplex.Abstract_Linear_Poly 294:9903  timeout (SH 11791ms): Timed out
Abstract_Linear_Poly/mirabelle.log:0.sledgehammer goal.by        11571ms Simplex.Abstract_Linear_Poly 295:9921  timeout (SH 11571ms): Timed out
Abstract_Linear_Poly/mirabelle.log:0.sledgehammer goal.by        11440ms Simplex.Abstract_Linear_Poly 299:10021  timeout (SH 11440ms): Timed out
Abstract_Linear_Poly/mirabelle.log:0.sledgehammer goal.by        12567ms Simplex.Abstract_Linear_Poly 302:10107  timeout (SH 12567ms): Timed out
Abstract_Linear_Poly/mirabelle.log:0.sledgehammer goal.by        11513ms Simplex.Abstract_Linear_Poly 306:10244  timeout (SH 11513ms): Timed out
Abstract_Linear_Poly/mirabelle.log:0.sledgehammer goal.by        11405ms Simplex.Abstract_Linear_Poly 310:10356  timeout (SH 11405ms): Timed out
Abstract_Linear_Poly/mirabelle.log:0.sledgehammer goal.proof     11650ms Simplex.Abstract_Linear_Poly 315:10488  timeout (SH 11650ms): Timed out
Abstract_Linear_Poly/mirabelle.log:0.sledgehammer goal.proof     11653ms Simplex.Abstract_Linear_Poly 318:10562  timeout (SH 11653ms): Timed out
Abstract_Linear_Poly/mirabelle.log:0.sledgehammer goal.using     163038ms Simplex.Abstract_Linear_Poly 338:11119  timeout (SH 163038ms):
Abstract_Linear_Poly/mirabelle.log:0.sledgehammer goal.unfolding 153235ms Simplex.Abstract_Linear_Poly 338:11138  timeout (SH 153235ms):
Abstract_Linear_Poly/mirabelle.log:0.sledgehammer goal.proof     152591ms Simplex.Abstract_Linear_Poly 339:11161  timeout (SH 152590ms):
Abstract_Linear_Poly/mirabelle.log:0.sledgehammer goal.apply     14553ms Simplex.Abstract_Linear_Poly 359:11824  timeout (SH 14553ms): Timed out
Abstract_Linear_Poly/mirabelle.log:0.sledgehammer goal.using     11820ms Simplex.Abstract_Linear_Poly 360:11875  timeout (SH 11820ms): Timed out
Abstract_Linear_Poly/mirabelle.log:0.sledgehammer goal.by        15292ms Simplex.Abstract_Linear_Poly 361:11909  timeout (SH 15292ms): Timed out
Abstract_Linear_Poly/mirabelle.log:0.sledgehammer goal.by        11907ms Simplex.Abstract_Linear_Poly 364:12013  timeout (SH 11907ms): Timed out
Abstract_Linear_Poly/mirabelle.log:0.sledgehammer goal.by        26973ms Simplex.Abstract_Linear_Poly 384:12524  timeout (SH 26973ms): Timed out
Abstract_Linear_Poly/mirabelle.log:0.sledgehammer goal.proof     13792ms Simplex.Abstract_Linear_Poly 387:12593  timeout (SH 13792ms): Timed out
Abstract_Linear_Poly/mirabelle.log:0.sledgehammer goal.by        17352ms Simplex.Abstract_Linear_Poly 395:12849  timeout (SH 17352ms): Timed out
Abstract_Linear_Poly/mirabelle.log:0.sledgehammer goal.unfolding 14456ms Simplex.Abstract_Linear_Poly 402:13031  timeout (SH 14456ms): Timed out
Abstract_Linear_Poly/mirabelle.log:0.sledgehammer goal.by        13729ms Simplex.Abstract_Linear_Poly 420:13541  timeout (SH 13729ms): Timed out
Abstract_Linear_Poly/mirabelle.log:0.sledgehammer goal.by        11618ms Simplex.Abstract_Linear_Poly 423:13605  timeout (SH 11618ms): Timed out
Abstract_Linear_Poly/mirabelle.log:0.sledgehammer goal.using     18301ms Simplex.Abstract_Linear_Poly 434:13848  timeout (SH 18301ms): Timed out
Abstract_Linear_Poly/mirabelle.log:0.sledgehammer goal.by        13561ms Simplex.Abstract_Linear_Poly 435:13862  timeout (SH 13561ms): Timed out
Abstract_Linear_Poly/mirabelle.log:0.sledgehammer goal.proof     12896ms Simplex.Abstract_Linear_Poly 444:14136  timeout (SH 12896ms): Timed out
Abstract_Linear_Poly/mirabelle.log:0.sledgehammer goal.using     24023ms Simplex.Abstract_Linear_Poly 453:14388  timeout (SH 24023ms): Timed out
Abstract_Linear_Poly/mirabelle.log:0.sledgehammer goal.by        14874ms Simplex.Abstract_Linear_Poly 453:14404  timeout (SH 14874ms): Timed out
Abstract_Linear_Poly/mirabelle.log:0.sledgehammer goal.using     46713ms Simplex.Abstract_Linear_Poly 471:14995  timeout (SH 46713ms): Timed out
Abstract_Linear_Poly/mirabelle.log:0.sledgehammer goal.unfolding 11914ms Simplex.Abstract_Linear_Poly 472:15010  timeout (SH 11914ms): Timed out
Abstract_Linear_Poly/mirabelle.log:0.sledgehammer goal.using     12244ms Simplex.Abstract_Linear_Poly 473:15053  timeout (SH 12244ms): Timed out
Abstract_Linear_Poly/mirabelle.log:0.sledgehammer goal.using     11579ms Simplex.Abstract_Linear_Poly 488:15479  timeout (SH 11579ms): Timed out
Abstract_Linear_Poly/mirabelle.log:0.sledgehammer goal.by        12628ms Simplex.Abstract_Linear_Poly 489:15493  timeout (SH 12628ms): Timed out
Abstract_Linear_Poly/mirabelle.log:0.sledgehammer goal.proof     11694ms Simplex.Abstract_Linear_Poly 494:15685  timeout (SH 11694ms): Timed out
Abstract_Linear_Poly/mirabelle.log:0.sledgehammer goal.using     12719ms Simplex.Abstract_Linear_Poly 497:15759  timeout (SH 12719ms): Timed out
Abstract_Linear_Poly/mirabelle.log:0.sledgehammer goal.by        13204ms Simplex.Abstract_Linear_Poly 498:15790  timeout (SH 13204ms): Timed out
Abstract_Linear_Poly/mirabelle.log:0.sledgehammer goal.using     12824ms Simplex.Abstract_Linear_Poly 502:15874  timeout (SH 12824ms): Timed out
Abstract_Linear_Poly/mirabelle.log:0.sledgehammer goal.using     13095ms Simplex.Abstract_Linear_Poly 503:15915  timeout (SH 13095ms): Timed out
Abstract_Linear_Poly/mirabelle.log:0.sledgehammer goal.unfolding 13348ms Simplex.Abstract_Linear_Poly 504:15948  timeout (SH 13348ms): Timed out
Abstract_Linear_Poly/mirabelle.log:0.sledgehammer goal.using     13060ms Simplex.Abstract_Linear_Poly 505:15983  timeout (SH 13060ms): Timed out
Abstract_Linear_Poly/mirabelle.log:0.sledgehammer goal.by        13240ms Simplex.Abstract_Linear_Poly 506:16053  timeout (SH 13240ms): Timed out
Abstract_Linear_Poly/mirabelle.log:0.sledgehammer goal.by        11811ms Simplex.Abstract_Linear_Poly 520:16457  timeout (SH 11811ms): Timed out
Abstract_Linear_Poly/mirabelle.log:0.sledgehammer goal.by        22765ms Simplex.Abstract_Linear_Poly 536:17029  timeout (SH 22765ms): Timed out
Abstract_Linear_Poly/mirabelle.log:0.sledgehammer goal.proof     44829ms Simplex.Abstract_Linear_Poly 541:17136  timeout (SH 44829ms): Timed out
Abstract_Linear_Poly/mirabelle.log:0.sledgehammer goal.proof     16218ms Simplex.Abstract_Linear_Poly 543:17201  timeout (SH 16218ms): Timed out
Abstract_Linear_Poly/mirabelle.log:0.sledgehammer goal.proof     66279ms Simplex.Abstract_Linear_Poly 550:17397  timeout (SH 66279ms): Timed out
Abstract_Linear_Poly/mirabelle.log:0.sledgehammer goal.using     11594ms Simplex.Abstract_Linear_Poly 563:17848  timeout (SH 11594ms): Timed out
Abstract_Linear_Poly/mirabelle.log:0.sledgehammer goal.using     12731ms Simplex.Abstract_Linear_Poly 564:17907  timeout (SH 12731ms): Timed out
Abstract_Linear_Poly/mirabelle.log:0.sledgehammer goal.using     43711ms Simplex.Abstract_Linear_Poly 576:18179  timeout (SH 43711ms): Timed out
Abstract_Linear_Poly/mirabelle.log:0.sledgehammer goal.using     15458ms Simplex.Abstract_Linear_Poly 577:18193  timeout (SH 15458ms): Timed out
Abstract_Linear_Poly/mirabelle.log:0.sledgehammer goal.by        11645ms Simplex.Abstract_Linear_Poly 578:18225  timeout (SH 11645ms): Timed out
Abstract_Linear_Poly/mirabelle.log:0.sledgehammer goal.by        34377ms Simplex.Abstract_Linear_Poly 585:18430  timeout (SH 34377ms): Timed out
Abstract_Linear_Poly/mirabelle.log:0.sledgehammer goal.using     12764ms Simplex.Abstract_Linear_Poly 595:18682  timeout (SH 12764ms): Timed out
Abstract_Linear_Poly/mirabelle.log:0.sledgehammer goal.by        11935ms Simplex.Abstract_Linear_Poly 595:18694  timeout (SH 11935ms): Timed out
Abstract_Linear_Poly/mirabelle.log:0.sledgehammer goal.by        12813ms Simplex.Abstract_Linear_Poly 599:18787  timeout (SH 12813ms): Timed out
Abstract_Linear_Poly/mirabelle.log:0.sledgehammer goal.using     17108ms Simplex.Abstract_Linear_Poly 607:19016  timeout (SH 17108ms): Timed out
Abstract_Linear_Poly/mirabelle.log:0.sledgehammer goal.proof     12753ms Simplex.Abstract_Linear_Poly 608:19029  timeout (SH 12753ms): Timed out
Abstract_Linear_Poly/mirabelle.log:0.sledgehammer goal.by        30910ms Simplex.Abstract_Linear_Poly 620:19343  timeout (SH 30910ms): Timed out
Abstract_Linear_Poly/mirabelle.log:0.sledgehammer goal.by        11988ms Simplex.Abstract_Linear_Poly 623:19504  timeout (SH 11988ms): Timed out
Linear_Poly_Maps/mirabelle.log:0.sledgehammer goal.proof     12265ms Simplex.Linear_Poly_Maps 19:789  timeout (SH 12265ms): Timed out
Linear_Poly_Maps/mirabelle.log:0.sledgehammer goal.unfolding 12880ms Simplex.Linear_Poly_Maps 21:842  timeout (SH 12880ms): Timed out
Linear_Poly_Maps/mirabelle.log:0.sledgehammer goal.by        11872ms Simplex.Linear_Poly_Maps 22:864  timeout (SH 11872ms): Timed out
Linear_Poly_Maps/mirabelle.log:0.sledgehammer goal.by        12292ms Simplex.Linear_Poly_Maps 43:1787  timeout (SH 12292ms): Timed out
Linear_Poly_Maps/mirabelle.log:0.sledgehammer goal.unfolding 11705ms Simplex.Linear_Poly_Maps 49:1931  timeout (SH 11705ms): Timed out
Linear_Poly_Maps/mirabelle.log:0.sledgehammer goal.by        11756ms Simplex.Linear_Poly_Maps 50:1952  timeout (SH 11756ms): Timed out
Linear_Poly_Maps/mirabelle.log:0.sledgehammer goal.by        13781ms Simplex.Linear_Poly_Maps 72:2775  timeout (SH 13781ms): Timed out
Linear_Poly_Maps/mirabelle.log:0.sledgehammer goal.proof     23771ms Simplex.Linear_Poly_Maps 76:2935  timeout (SH 23771ms): Timed out
Linear_Poly_Maps/mirabelle.log:0.sledgehammer goal.proof     18699ms Simplex.Linear_Poly_Maps 89:3626  timeout (SH 18699ms): Timed out
Linear_Poly_Maps/mirabelle.log:0.sledgehammer goal.unfolding 39427ms Simplex.Linear_Poly_Maps 103:4369  timeout (SH 39427ms): Timed out
Linear_Poly_Maps/mirabelle.log:0.sledgehammer goal.unfolding 12936ms Simplex.Linear_Poly_Maps 104:4442  timeout (SH 12936ms): Timed out
Linear_Poly_Maps/mirabelle.log:0.sledgehammer goal.unfolding 12974ms Simplex.Linear_Poly_Maps 105:4514  timeout (SH 12973ms): Timed out
Linear_Poly_Maps/mirabelle.log:0.sledgehammer goal.proof     12173ms Simplex.Linear_Poly_Maps 106:4563  timeout (SH 12173ms): Timed out
Linear_Poly_Maps/mirabelle.log:0.sledgehammer goal.proof     12128ms Simplex.Linear_Poly_Maps 109:4727  timeout (SH 12128ms): Timed out
Linear_Poly_Maps/mirabelle.log:0.sledgehammer goal.unfolding 22687ms Simplex.Linear_Poly_Maps 113:4915  timeout (SH 22687ms): Timed out
Linear_Poly_Maps/mirabelle.log:0.sledgehammer goal.using     13209ms Simplex.Linear_Poly_Maps 113:4954  timeout (SH 13209ms): Timed out
Linear_Poly_Maps/mirabelle.log:0.sledgehammer goal.unfolding 13376ms Simplex.Linear_Poly_Maps 114:4975  timeout (SH 13376ms): Timed out
Linear_Poly_Maps/mirabelle.log:0.sledgehammer goal.unfolding 11996ms Simplex.Linear_Poly_Maps 118:5134  timeout (SH 11995ms): Timed out
Linear_Poly_Maps/mirabelle.log:0.sledgehammer goal.using     12820ms Simplex.Linear_Poly_Maps 118:5174  timeout (SH 12820ms): Timed out
Linear_Poly_Maps/mirabelle.log:0.sledgehammer goal.unfolding 13514ms Simplex.Linear_Poly_Maps 119:5196  timeout (SH 13514ms): Timed out
Linear_Poly_Maps/mirabelle.log:0.sledgehammer goal.proof     11648ms Simplex.Linear_Poly_Maps 133:5564  timeout (SH 11648ms): Timed out
Linear_Poly_Maps/mirabelle.log:0.sledgehammer goal.unfolding 33528ms Simplex.Linear_Poly_Maps 136:5653  timeout (SH 33528ms): Timed out
Linear_Poly_Maps/mirabelle.log:0.sledgehammer goal.using     18974ms Simplex.Linear_Poly_Maps 136:5683  timeout (SH 18974ms): Timed out
Linear_Poly_Maps/mirabelle.log:0.sledgehammer goal.by        13433ms Simplex.Linear_Poly_Maps 137:5698  timeout (SH 13433ms): Timed out
Linear_Poly_Maps/mirabelle.log:0.sledgehammer goal.unfolding 26100ms Simplex.Linear_Poly_Maps 141:5792  timeout (SH 26100ms): Timed out
Linear_Poly_Maps/mirabelle.log:0.sledgehammer goal.using     12972ms Simplex.Linear_Poly_Maps 141:5823  timeout (SH 12972ms): Timed out
Linear_Poly_Maps/mirabelle.log:0.sledgehammer goal.by        11957ms Simplex.Linear_Poly_Maps 142:5839  timeout (SH 11957ms): Timed out
Linear_Poly_Maps/mirabelle.log:0.sledgehammer goal.by        12805ms Simplex.Linear_Poly_Maps 149:5954  timeout (SH 12805ms): Timed out
Linear_Poly_Maps/mirabelle.log:0.sledgehammer goal.unfolding 11681ms Simplex.Linear_Poly_Maps 154:6110  timeout (SH 11681ms): Timed out
Linear_Poly_Maps/mirabelle.log:0.sledgehammer goal.by        11561ms Simplex.Linear_Poly_Maps 155:6140  timeout (SH 11561ms): Timed out
Linear_Poly_Maps/mirabelle.log:0.sledgehammer goal.by        12649ms Simplex.Linear_Poly_Maps 159:6289  timeout (SH 12649ms): Timed out
Linear_Poly_Maps/mirabelle.log:0.sledgehammer goal.by        11936ms Simplex.Linear_Poly_Maps 164:6517  timeout (SH 11936ms): Timed out
Linear_Poly_Maps/mirabelle.log:0.sledgehammer goal.unfolding 12193ms Simplex.Linear_Poly_Maps 170:6710  timeout (SH 12192ms): Timed out
Linear_Poly_Maps/mirabelle.log:0.sledgehammer goal.proof     12020ms Simplex.Linear_Poly_Maps 171:6728  timeout (SH 12019ms): Timed out
Linear_Poly_Maps/mirabelle.log:0.sledgehammer goal.unfolding 32722ms Simplex.Linear_Poly_Maps 177:6941  timeout (SH 32722ms): Timed out
Linear_Poly_Maps/mirabelle.log:0.sledgehammer goal.by        12441ms Simplex.Linear_Poly_Maps 178:6969  timeout (SH 12441ms): Timed out
Linear_Poly_Maps/mirabelle.log:0.sledgehammer goal.proof     11844ms Simplex.Linear_Poly_Maps 184:7108  timeout (SH 11844ms): Timed out
Rel_Chain/mirabelle.log:0.sledgehammer goal.unfolding 13282ms Simplex.Rel_Chain 19:537  timeout (SH 13282ms): Timed out
Rel_Chain/mirabelle.log:0.sledgehammer goal.by        11809ms Simplex.Rel_Chain 20:563  timeout (SH 11809ms): Timed out
Rel_Chain/mirabelle.log:0.sledgehammer goal.unfolding 11534ms Simplex.Rel_Chain 24:641  timeout (SH 11534ms): Timed out
Rel_Chain/mirabelle.log:0.sledgehammer goal.by        11618ms Simplex.Rel_Chain 25:667  timeout (SH 11618ms): Timed out
Rel_Chain/mirabelle.log:0.sledgehammer goal.using     12109ms Simplex.Rel_Chain 40:1064  timeout (SH 12109ms): Timed out
Rel_Chain/mirabelle.log:0.sledgehammer goal.by        12710ms Simplex.Rel_Chain 41:1078  timeout (SH 12709ms): Timed out
Rel_Chain/mirabelle.log:0.sledgehammer goal.using     11829ms Simplex.Rel_Chain 46:1284  timeout (SH 11829ms): Timed out
Rel_Chain/mirabelle.log:0.sledgehammer goal.by        12851ms Simplex.Rel_Chain 47:1298  timeout (SH 12851ms): Timed out
Rel_Chain/mirabelle.log:0.sledgehammer goal.proof     11731ms Simplex.Rel_Chain 52:1496  timeout (SH 11730ms): Timed out
Rel_Chain/mirabelle.log:0.sledgehammer goal.by        11837ms Simplex.Rel_Chain 55:1537  timeout (SH 11837ms): Timed out
Rel_Chain/mirabelle.log:0.sledgehammer goal.by        32143ms Simplex.Rel_Chain 61:1734  timeout (SH 32143ms): Timed out
Rel_Chain/mirabelle.log:0.sledgehammer goal.proof     13927ms Simplex.Rel_Chain 66:1936  timeout (SH 13927ms): Timed out
Rel_Chain/mirabelle.log:0.sledgehammer goal.using     12923ms Simplex.Rel_Chain 73:2169  timeout (SH 12923ms): Timed out
Rel_Chain/mirabelle.log:0.sledgehammer goal.by        39855ms Simplex.Rel_Chain 74:2192  timeout (SH 39855ms): Timed out
Rel_Chain/mirabelle.log:0.sledgehammer goal.using     23205ms Simplex.Rel_Chain 81:2460  timeout (SH 23205ms): Timed out
Rel_Chain/mirabelle.log:0.sledgehammer goal.by        26764ms Simplex.Rel_Chain 82:2485  timeout (SH 26764ms): Timed out
Rel_Chain/mirabelle.log:0.sledgehammer goal.proof     46462ms Simplex.Rel_Chain 93:2789  timeout (SH 46462ms): Timed out
Rel_Chain/mirabelle.log:0.sledgehammer goal.using     36881ms Simplex.Rel_Chain 109:3041  timeout (SH 36881ms): Timed out
Rel_Chain/mirabelle.log:0.sledgehammer goal.by        11550ms Simplex.Rel_Chain 110:3074  timeout (SH 11550ms): Timed out
Rel_Chain/mirabelle.log:0.sledgehammer goal.proof     23203ms Simplex.Rel_Chain 135:3870  timeout (SH 23203ms): Timed out
Rel_Chain/mirabelle.log:0.sledgehammer goal.using     15074ms Simplex.Rel_Chain 141:3976  timeout (SH 15074ms): Timed out
Rel_Chain/mirabelle.log:0.sledgehammer goal.proof     16627ms Simplex.Rel_Chain 186:5267  timeout (SH 16627ms): Timed out
Rel_Chain/mirabelle.log:0.sledgehammer goal.proof     18206ms Simplex.Rel_Chain 225:6531  timeout (SH 18206ms): Timed out
Rel_Chain/mirabelle.log:0.sledgehammer goal.proof     16465ms Simplex.Rel_Chain 229:6668  timeout (SH 16465ms): Timed out
Rel_Chain/mirabelle.log:0.sledgehammer goal.proof     59590ms Simplex.Rel_Chain 245:7091  timeout (SH 59590ms): Timed out
Rel_Chain/mirabelle.log:0.sledgehammer goal.using     14361ms Simplex.Rel_Chain 248:7194  timeout (SH 14361ms): Timed out
Rel_Chain/mirabelle.log:0.sledgehammer goal.by        13031ms Simplex.Rel_Chain 249:7230  timeout (SH 13031ms): Timed out
Rel_Chain/mirabelle.log:0.sledgehammer goal.proof     12115ms Simplex.Rel_Chain 253:7321  timeout (SH 12115ms): Timed out
Rel_Chain/mirabelle.log:0.sledgehammer goal.using     26922ms Simplex.Rel_Chain 260:7613  timeout (SH 26922ms): Timed out
Rel_Chain/mirabelle.log:0.sledgehammer goal.using     12779ms Simplex.Rel_Chain 261:7670  timeout (SH 12779ms): Timed out
Rel_Chain/mirabelle.log:0.sledgehammer goal.using     12868ms Simplex.Rel_Chain 262:7718  timeout (SH 12868ms): Timed out
Rel_Chain/mirabelle.log:0.sledgehammer goal.using     12604ms Simplex.Rel_Chain 263:7765  timeout (SH 12604ms): Timed out
Rel_Chain/mirabelle.log:0.sledgehammer goal.using     51198ms Simplex.Rel_Chain 289:9002  timeout (SH 51198ms): Timed out
Rel_Chain/mirabelle.log:0.sledgehammer goal.using     25125ms Simplex.Rel_Chain 297:9298  timeout (SH 25125ms): Timed out
Rel_Chain/mirabelle.log:0.sledgehammer goal.using     12644ms Simplex.Rel_Chain 298:9344  timeout (SH 12644ms): Timed out
Rel_Chain/mirabelle.log:0.sledgehammer goal.using     13174ms Simplex.Rel_Chain 299:9391  timeout (SH 13174ms): Timed out
Rel_Chain/mirabelle.log:0.sledgehammer goal.using     12934ms Simplex.Rel_Chain 300:9440  timeout (SH 12934ms): Timed out
Rel_Chain/mirabelle.log:0.sledgehammer goal.by        13178ms Simplex.Rel_Chain 301:9482  timeout (SH 13178ms): Timed out
Simplex_Incremental/mirabelle.log:0.sledgehammer goal.proof     13267ms Simplex.Simplex_Incremental 52:2245  timeout (SH 13267ms): Timed out
Simplex_Incremental/mirabelle.log:0.sledgehammer goal.proof     28894ms Simplex.Simplex_Incremental 62:2658  timeout (SH 28894ms): Timed out
Simplex_Incremental/mirabelle.log:0.sledgehammer goal.proof     14475ms Simplex.Simplex_Incremental 65:2731  timeout (SH 14475ms): Timed out
Simplex_Incremental/mirabelle.log:0.sledgehammer goal.unfolding 28098ms Simplex.Simplex_Incremental 140:5366  timeout (SH 28098ms): Timed out
Simplex_Incremental/mirabelle.log:0.sledgehammer goal.proof     12908ms Simplex.Simplex_Incremental 141:5410  timeout (SH 12908ms): Timed out
Simplex_Incremental/mirabelle.log:0.sledgehammer goal.using     16802ms Simplex.Simplex_Incremental 154:6005  timeout (SH 16802ms): Timed out
Simplex_Incremental/mirabelle.log:0.sledgehammer goal.proof     12161ms Simplex.Simplex_Incremental 174:6802  timeout (SH 12161ms): Timed out
Simplex_Incremental/mirabelle.log:0.sledgehammer goal.unfolding 16756ms Simplex.Simplex_Incremental 234:9613  timeout (SH 16756ms): Timed out
Simplex_Incremental/mirabelle.log:0.sledgehammer goal.by        13468ms Simplex.Simplex_Incremental 234:9626  timeout (SH 13468ms): Timed out
Simplex_Incremental/mirabelle.log:0.sledgehammer goal.unfolding 12735ms Simplex.Simplex_Incremental 236:9732  timeout (SH 12735ms): Timed out
Simplex_Incremental/mirabelle.log:0.sledgehammer goal.by        12905ms Simplex.Simplex_Incremental 236:9745  timeout (SH 12905ms): Timed out
Simplex_Incremental/mirabelle.log:0.sledgehammer goal.unfolding 12913ms Simplex.Simplex_Incremental 255:10534  timeout (SH 12913ms): Timed out
Simplex_Incremental/mirabelle.log:0.sledgehammer goal.by        12804ms Simplex.Simplex_Incremental 255:10547  timeout (SH 12804ms): Timed out
Simplex_Incremental/mirabelle.log:0.sledgehammer goal.unfolding 13233ms Simplex.Simplex_Incremental 257:10684  timeout (SH 13233ms): Timed out
Simplex_Incremental/mirabelle.log:0.sledgehammer goal.by        12967ms Simplex.Simplex_Incremental 257:10697  timeout (SH 12966ms): Timed out
Simplex_Incremental/mirabelle.log:0.sledgehammer goal.by        13104ms Simplex.Simplex_Incremental 293:12121  timeout (SH 13104ms): Timed out
Simplex_Incremental/mirabelle.log:0.sledgehammer goal.unfolding  9121ms Simplex.Simplex_Incremental 308:12689  timeout (SH 9121ms): Timed out
Simplex_Incremental/mirabelle.log:0.sledgehammer goal.unfolding 13015ms Simplex.Simplex_Incremental 316:12999  timeout (SH 13015ms): Timed out
Simplex_Incremental/mirabelle.log:0.sledgehammer goal.unfolding 13168ms Simplex.Simplex_Incremental 322:13341  timeout (SH 13168ms): Timed out
Simplex_Incremental/mirabelle.log:0.sledgehammer goal.proof     12961ms Simplex.Simplex_Incremental 323:13376  timeout (SH 12961ms): Timed out
Simplex_Incremental/mirabelle.log:0.sledgehammer goal.proof     12798ms Simplex.Simplex_Incremental 326:13449  timeout (SH 12798ms): Timed out
Simplex_Incremental/mirabelle.log:0.sledgehammer goal.by        13000ms Simplex.Simplex_Incremental 329:13585  timeout (SH 12999ms): Timed out
Simplex_Incremental/mirabelle.log:0.sledgehammer goal.unfolding 12661ms Simplex.Simplex_Incremental 333:13715  timeout (SH 12661ms): Timed out
Simplex_Incremental/mirabelle.log:0.sledgehammer goal.by        12627ms Simplex.Simplex_Incremental 333:13752  timeout (SH 12627ms): Timed out
Simplex_Incremental/mirabelle.log:0.sledgehammer goal.unfolding 12744ms Simplex.Simplex_Incremental 337:13861  timeout (SH 12744ms): Timed out
Simplex_Incremental/mirabelle.log:0.sledgehammer goal.by        12874ms Simplex.Simplex_Incremental 342:14056  timeout (SH 12874ms): Timed out
Simplex_Incremental/mirabelle.log:0.sledgehammer goal.proof     15648ms Simplex.Simplex_Incremental 394:16533  timeout (SH 15648ms): Timed out
Simplex_Incremental/mirabelle.log:0.sledgehammer goal.unfolding 13699ms Simplex.Simplex_Incremental 396:16576  timeout (SH 13699ms): Timed out
Simplex_Incremental/mirabelle.log:0.sledgehammer goal.by        12728ms Simplex.Simplex_Incremental 396:16606  timeout (SH 12728ms): Timed out
Simplex_Incremental/mirabelle.log:0.sledgehammer goal.proof     12908ms Simplex.Simplex_Incremental 401:16700  timeout (SH 12908ms): Timed out
Simplex_Incremental/mirabelle.log:0.sledgehammer goal.unfolding 13440ms Simplex.Simplex_Incremental 404:16843  timeout (SH 13440ms): Timed out
Simplex_Incremental/mirabelle.log:0.sledgehammer goal.by        13066ms Simplex.Simplex_Incremental 405:16882  timeout (SH 13066ms): Timed out
Simplex_Incremental/mirabelle.log:0.sledgehammer goal.unfolding 12771ms Simplex.Simplex_Incremental 411:17164  timeout (SH 12771ms): Timed out
Simplex_Incremental/mirabelle.log:0.sledgehammer goal.by        13345ms Simplex.Simplex_Incremental 412:17203  timeout (SH 13345ms): Timed out
Simplex_Incremental/mirabelle.log:0.sledgehammer goal.unfolding 13076ms Simplex.Simplex_Incremental 422:17581  timeout (SH 13076ms): Timed out
Simplex_Incremental/mirabelle.log:0.sledgehammer goal.unfolding 13337ms Simplex.Simplex_Incremental 471:20041  timeout (SH 13337ms): Timed out
Simplex_Incremental/mirabelle.log:0.sledgehammer goal.proof     13808ms Simplex.Simplex_Incremental 478:20311  timeout (SH 13808ms): Timed out
Simplex_Incremental/mirabelle.log:0.sledgehammer goal.by        13993ms Simplex.Simplex_Incremental 485:20749  timeout (SH 13993ms): Timed out
Simplex_Incremental/mirabelle.log:0.sledgehammer goal.unfolding 10033ms Simplex.Simplex_Incremental 490:21072  timeout (SH 10033ms): Timed out
Simplex_Incremental/mirabelle.log:0.sledgehammer goal.proof     13469ms Simplex.Simplex_Incremental 498:21481  timeout (SH 13469ms): Timed out
Simplex_Incremental/mirabelle.log:0.sledgehammer goal.by        13765ms Simplex.Simplex_Incremental 501:21610  timeout (SH 13765ms): Timed out
Simplex_Incremental/mirabelle.log:0.sledgehammer goal.unfolding 13636ms Simplex.Simplex_Incremental 509:22158  timeout (SH 13636ms): Timed out
Simplex_Incremental/mirabelle.log:0.sledgehammer goal.by        13039ms Simplex.Simplex_Incremental 509:22202  timeout (SH 13039ms): Timed out
Simplex_Incremental/mirabelle.log:0.sledgehammer goal.by        13788ms Simplex.Simplex_Incremental 510:22265  timeout (SH 13788ms): Timed out
Simplex_Incremental/mirabelle.log:0.sledgehammer goal.by        13967ms Simplex.Simplex_Incremental 512:22339  timeout (SH 13967ms): Timed out
Simplex_Incremental/mirabelle.log:0.sledgehammer goal.using     13733ms Simplex.Simplex_Incremental 527:22922  timeout (SH 13733ms): Timed out
Simplex_Incremental/mirabelle.log:0.sledgehammer goal.unfolding 13703ms Simplex.Simplex_Incremental 527:22939  timeout (SH 13702ms): Timed out
Simplex_Incremental/mirabelle.log:0.sledgehammer goal.by        14153ms Simplex.Simplex_Incremental 528:22967  timeout (SH 14153ms): Timed out
Simplex_Incremental/mirabelle.log:0.sledgehammer goal.unfolding 13662ms Simplex.Simplex_Incremental 543:23743  timeout (SH 13662ms): Timed out
Simplex_Incremental/mirabelle.log:0.sledgehammer goal.by        12613ms Simplex.Simplex_Incremental 543:23787  timeout (SH 12613ms): Timed out
Simplex_Incremental/mirabelle.log:0.sledgehammer goal.using     13611ms Simplex.Simplex_Incremental 549:24101  timeout (SH 13611ms): Timed out
Simplex_Incremental/mirabelle.log:0.sledgehammer goal.unfolding 13467ms Simplex.Simplex_Incremental 549:24114  timeout (SH 13466ms): Timed out
Simplex_Incremental/mirabelle.log:0.sledgehammer goal.using     15582ms Simplex.Simplex_Incremental 549:24127  timeout (SH 15582ms): Timed out
Simplex_Incremental/mirabelle.log:0.sledgehammer goal.by        15184ms Simplex.Simplex_Incremental 549:24137  timeout (SH 15184ms): Timed out
Simplex_Incremental/mirabelle.log:0.sledgehammer goal.unfolding 14305ms Simplex.Simplex_Incremental 553:24294  timeout (SH 14305ms): Timed out
Simplex_Incremental/mirabelle.log:0.sledgehammer goal.using     14851ms Simplex.Simplex_Incremental 554:24323  timeout (SH 14851ms): Timed out
Simplex_Incremental/mirabelle.log:0.sledgehammer goal.by        15117ms Simplex.Simplex_Incremental 555:24380  timeout (SH 15117ms): Timed out
Simplex_Incremental/mirabelle.log:0.sledgehammer goal.using     14424ms Simplex.Simplex_Incremental 561:24711  timeout (SH 14424ms): Timed out
Simplex_Incremental/mirabelle.log:0.sledgehammer goal.by        14150ms Simplex.Simplex_Incremental 561:24742  timeout (SH 14150ms): Timed out
Simplex_Incremental/mirabelle.log:0.sledgehammer goal.using     14100ms Simplex.Simplex_Incremental 563:24803  timeout (SH 14100ms): Timed out
Simplex_Incremental/mirabelle.log:0.sledgehammer goal.by        14231ms Simplex.Simplex_Incremental 563:24813  timeout (SH 14231ms): Timed out
Simplex_Incremental/mirabelle.log:0.sledgehammer goal.using     14452ms Simplex.Simplex_Incremental 571:25277  timeout (SH 14452ms): Timed out
Simplex_Incremental/mirabelle.log:0.sledgehammer goal.by        14107ms Simplex.Simplex_Incremental 571:25294  timeout (SH 14107ms): Timed out
Simplex_Incremental/mirabelle.log:0.sledgehammer goal.using     13780ms Simplex.Simplex_Incremental 574:25344  timeout (SH 13780ms): Timed out
Simplex_Incremental/mirabelle.log:0.sledgehammer goal.by        13567ms Simplex.Simplex_Incremental 574:25367  timeout (SH 13567ms): Timed out
Simplex_Incremental/mirabelle.log:0.sledgehammer goal.using     14544ms Simplex.Simplex_Incremental 577:25428  timeout (SH 14544ms): Timed out
Simplex_Incremental/mirabelle.log:0.sledgehammer goal.by        14435ms Simplex.Simplex_Incremental 577:25454  timeout (SH 14435ms): Timed out
Simplex_Incremental/mirabelle.log:0.sledgehammer goal.proof     13178ms Simplex.Simplex_Incremental 659:28994  timeout (SH 13178ms): Timed out
Simplex_Incremental/mirabelle.log:0.sledgehammer goal.using     13452ms Simplex.Simplex_Incremental 684:30038  timeout (SH 13452ms): Timed out
Simplex_Incremental/mirabelle.log:0.sledgehammer goal.unfolding 14649ms Simplex.Simplex_Incremental 684:30057  timeout (SH 14649ms): Timed out
Simplex_Incremental/mirabelle.log:0.sledgehammer goal.by        13888ms Simplex.Simplex_Incremental 685:30084  timeout (SH 13888ms): Timed out
Simplex_Incremental/mirabelle.log:0.sledgehammer goal.by        14806ms Simplex.Simplex_Incremental 692:30394  timeout (SH 14806ms): Timed out
Simplex_Incremental/mirabelle.log:0.sledgehammer goal.by        13610ms Simplex.Simplex_Incremental 836:37330  timeout (SH 13610ms): Timed out
Simplex_Incremental/mirabelle.log:0.sledgehammer goal.by        12730ms Simplex.Simplex_Incremental 839:37561  timeout (SH 12730ms): Timed out
Simplex_Incremental/mirabelle.log:0.sledgehammer goal.by        14161ms Simplex.Simplex_Incremental 843:37807  timeout (SH 14161ms): Timed out
Simplex_Incremental/mirabelle.log:0.sledgehammer goal.using      9085ms Simplex.Simplex_Incremental 877:39059  timeout (SH 9085ms): Timed out
Simplex_Incremental/mirabelle.log:0.sledgehammer goal.proof     12792ms Simplex.Simplex_Incremental 881:39248  timeout (SH 12792ms): Timed out
Simplex_Incremental/mirabelle.log:0.sledgehammer goal.unfolding 13885ms Simplex.Simplex_Incremental 884:39400  timeout (SH 13885ms): Timed out
Simplex_Incremental/mirabelle.log:0.sledgehammer goal.proof     15058ms Simplex.Simplex_Incremental 891:39702  timeout (SH 15058ms): Timed out
Simplex_Incremental/mirabelle.log:0.sledgehammer goal.unfolding 13413ms Simplex.Simplex_Incremental 895:39872  timeout (SH 13413ms): Timed out
Simplex_Incremental/mirabelle.log:0.sledgehammer goal.using     158595ms Simplex.Simplex_Incremental 896:39929  timeout (SH 158595ms):
Simplex_Incremental/mirabelle.log:0.sledgehammer goal.proof     12712ms Simplex.Simplex_Incremental 902:40144  timeout (SH 12712ms): Timed out
Simplex_Incremental/mirabelle.log:0.sledgehammer goal.unfolding 13706ms Simplex.Simplex_Incremental 905:40283  timeout (SH 13706ms): Timed out
Simplex_Incremental/mirabelle.log:0.sledgehammer goal.proof     13397ms Simplex.Simplex_Incremental 912:40622  timeout (SH 13397ms): Timed out
Simplex_Incremental/mirabelle.log:0.sledgehammer goal.unfolding 14773ms Simplex.Simplex_Incremental 916:40819  timeout (SH 14773ms): Timed out
Simplex_Incremental/mirabelle.log:0.sledgehammer goal.proof     12213ms Simplex.Simplex_Incremental 933:41393  timeout (SH 12213ms): Timed out
Simplex_Incremental/mirabelle.log:0.sledgehammer goal.proof     12195ms Simplex.Simplex_Incremental 973:43111  timeout (SH 12195ms): Timed out
Simplex_Incremental/mirabelle.log:0.sledgehammer goal.proof     13070ms Simplex.Simplex_Incremental 983:43550  timeout (SH 13069ms): Timed out
Simplex_Incremental/mirabelle.log:0.sledgehammer goal.proof     13583ms Simplex.Simplex_Incremental 986:43619  timeout (SH 13583ms): Timed out
Simplex/mirabelle.log:0.sledgehammer goal.unfolding 12095ms Simplex.Simplex 71:2538  timeout (SH 12095ms): Timed out
Simplex/mirabelle.log:0.sledgehammer goal.by        12225ms Simplex.Simplex 180:7872  timeout (SH 12225ms): Timed out
Simplex/mirabelle.log:0.sledgehammer goal.using     13475ms Simplex.Simplex 214:9760  timeout (SH 13475ms): Timed out
Simplex/mirabelle.log:0.sledgehammer goal.by        12705ms Simplex.Simplex 214:9793  timeout (SH 12704ms): Timed out
Simplex/mirabelle.log:0.sledgehammer goal.by        12964ms Simplex.Simplex 247:11072  timeout (SH 12964ms): Timed out
Simplex/mirabelle.log:0.sledgehammer goal.proof     12463ms Simplex.Simplex 318:14090  timeout (SH 12463ms): Timed out
Simplex/mirabelle.log:0.sledgehammer goal.unfolding 12435ms Simplex.Simplex 322:14171  timeout (SH 12435ms): Timed out
Simplex/mirabelle.log:0.sledgehammer goal.using     12160ms Simplex.Simplex 328:14296  timeout (SH 12160ms): Timed out
Simplex/mirabelle.log:0.sledgehammer goal.unfolding 12300ms Simplex.Simplex 329:14312  timeout (SH 12300ms): Timed out
Simplex/mirabelle.log:0.sledgehammer goal.by        12449ms Simplex.Simplex 330:14349  timeout (SH 12449ms): Timed out
Simplex/mirabelle.log:0.sledgehammer goal.proof     12380ms Simplex.Simplex 336:14503  timeout (SH 12380ms): Timed out
Simplex/mirabelle.log:0.sledgehammer goal.proof     13316ms Simplex.Simplex 340:14651  timeout (SH 13316ms): Timed out
Simplex/mirabelle.log:0.sledgehammer goal.using     12639ms Simplex.Simplex 342:14736  timeout (SH 12639ms): Timed out
Simplex/mirabelle.log:0.sledgehammer goal.unfolding 12847ms Simplex.Simplex 343:14754  timeout (SH 12847ms): Timed out
Simplex/mirabelle.log:0.sledgehammer goal.unfolding 13045ms Simplex.Simplex 346:14828  timeout (SH 13045ms): Timed out
Simplex/mirabelle.log:0.sledgehammer goal.proof     12519ms Simplex.Simplex 347:14881  timeout (SH 12519ms): Timed out
Simplex/mirabelle.log:0.sledgehammer goal.proof     13077ms Simplex.Simplex 352:15018  timeout (SH 13077ms): Timed out
Simplex/mirabelle.log:0.sledgehammer goal.by        12616ms Simplex.Simplex 359:15274  timeout (SH 12616ms): Timed out
Simplex/mirabelle.log:0.sledgehammer goal.using     13750ms Simplex.Simplex 372:15649  timeout (SH 13750ms): Timed out
Simplex/mirabelle.log:0.sledgehammer goal.unfolding 13237ms Simplex.Simplex 373:15677  timeout (SH 13237ms): Timed out
Simplex/mirabelle.log:0.sledgehammer goal.apply     13850ms Simplex.Simplex 377:15785  timeout (SH 13850ms): Timed out
Simplex/mirabelle.log:0.sledgehammer goal.using     12542ms Simplex.Simplex 378:15823  timeout (SH 12542ms): Timed out
Simplex/mirabelle.log:0.sledgehammer goal.unfolding 12642ms Simplex.Simplex 379:15857  timeout (SH 12642ms): Timed out
Simplex/mirabelle.log:0.sledgehammer goal.proof     12501ms Simplex.Simplex 393:16193  timeout (SH 12501ms): Timed out
Simplex/mirabelle.log:0.sledgehammer goal.proof     12398ms Simplex.Simplex 399:16363  timeout (SH 12398ms): Timed out
Simplex/mirabelle.log:0.sledgehammer goal.unfolding 12820ms Simplex.Simplex 409:16634  timeout (SH 12820ms): Timed out
Simplex/mirabelle.log:0.sledgehammer goal.by        12811ms Simplex.Simplex 410:16662  timeout (SH 12811ms): Timed out
Simplex/mirabelle.log:0.sledgehammer goal.proof     12126ms Simplex.Simplex 412:16766  timeout (SH 12126ms): Timed out
Simplex/mirabelle.log:0.sledgehammer goal.using     12192ms Simplex.Simplex 430:17416  timeout (SH 12192ms): Timed out
Simplex/mirabelle.log:0.sledgehammer goal.unfolding 12010ms Simplex.Simplex 431:17491  timeout (SH 12010ms): Timed out
Simplex/mirabelle.log:0.sledgehammer goal.by        12694ms Simplex.Simplex 432:17521  timeout (SH 12694ms): Timed out
Simplex/mirabelle.log:0.sledgehammer goal.using     12451ms Simplex.Simplex 458:18187  timeout (SH 12450ms): Timed out
Simplex/mirabelle.log:0.sledgehammer goal.unfolding 12552ms Simplex.Simplex 459:18211  timeout (SH 12552ms): Timed out
Simplex/mirabelle.log:0.sledgehammer goal.using     12431ms Simplex.Simplex 510:20128  timeout (SH 12431ms): Timed out
Simplex/mirabelle.log:0.sledgehammer goal.by        12129ms Simplex.Simplex 510:20178  timeout (SH 12128ms): Timed out
Simplex/mirabelle.log:0.sledgehammer goal.using     12723ms Simplex.Simplex 545:22032  timeout (SH 12722ms): Timed out
Simplex/mirabelle.log:0.sledgehammer goal.by        12750ms Simplex.Simplex 545:22084  timeout (SH 12750ms): Timed out
Simplex/mirabelle.log:0.sledgehammer goal.using     12346ms Simplex.Simplex 557:22616  timeout (SH 12346ms): Timed out
Simplex/mirabelle.log:0.sledgehammer goal.unfolding 12501ms Simplex.Simplex 557:22628  timeout (SH 12501ms): Timed out
Simplex/mirabelle.log:0.sledgehammer goal.proof     13123ms Simplex.Simplex 591:24117  timeout (SH 13123ms): Timed out
Simplex/mirabelle.log:0.sledgehammer goal.unfolding 12405ms Simplex.Simplex 595:24298  timeout (SH 12405ms): Timed out
Simplex/mirabelle.log:0.sledgehammer goal.using     13158ms Simplex.Simplex 595:24334  timeout (SH 13158ms): Timed out
Simplex/mirabelle.log:0.sledgehammer goal.by        12383ms Simplex.Simplex 595:24343  timeout (SH 12383ms): Timed out
Simplex/mirabelle.log:0.sledgehammer goal.proof     12275ms Simplex.Simplex 602:24582  timeout (SH 12275ms): Timed out
Simplex/mirabelle.log:0.sledgehammer goal.unfolding 12144ms Simplex.Simplex 608:24947  timeout (SH 12144ms): Timed out
Simplex/mirabelle.log:0.sledgehammer goal.proof     12558ms Simplex.Simplex 609:24985  timeout (SH 12558ms): Timed out
Simplex/mirabelle.log:0.sledgehammer goal.unfolding 12704ms Simplex.Simplex 620:25532  timeout (SH 12704ms): Timed out
Simplex/mirabelle.log:0.sledgehammer goal.by        12375ms Simplex.Simplex 621:25566  timeout (SH 12375ms): Timed out
Simplex/mirabelle.log:0.sledgehammer goal.proof     12717ms Simplex.Simplex 631:25907  timeout (SH 12717ms): Timed out
Simplex/mirabelle.log:0.sledgehammer goal.by        13723ms Simplex.Simplex 642:26406  timeout (SH 13722ms): Timed out
Simplex/mirabelle.log:0.sledgehammer goal.proof     12348ms Simplex.Simplex 648:26564  timeout (SH 12347ms): Timed out
Simplex/mirabelle.log:0.sledgehammer goal.using     12153ms Simplex.Simplex 650:26630  timeout (SH 12153ms): Timed out
Simplex/mirabelle.log:0.sledgehammer goal.by        12420ms Simplex.Simplex 750:30541  timeout (SH 12420ms): Timed out
Simplex/mirabelle.log:0.sledgehammer goal.by        12054ms Simplex.Simplex 756:30697  timeout (SH 12054ms): Timed out
Simplex/mirabelle.log:0.sledgehammer goal.by        11863ms Simplex.Simplex 763:31013  timeout (SH 11863ms): Timed out
Simplex/mirabelle.log:0.sledgehammer goal.by        12069ms Simplex.Simplex 770:31386  timeout (SH 12069ms): Timed out
Simplex/mirabelle.log:0.sledgehammer goal.by        11947ms Simplex.Simplex 777:31580  timeout (SH 11946ms): Timed out
Simplex/mirabelle.log:0.sledgehammer goal.by        11863ms Simplex.Simplex 786:31874  timeout (SH 11863ms): Timed out
Simplex/mirabelle.log:0.sledgehammer goal.by        11985ms Simplex.Simplex 795:32172  timeout (SH 11985ms): Timed out
Simplex/mirabelle.log:0.sledgehammer goal.by        11996ms Simplex.Simplex 802:32472  timeout (SH 11996ms): Timed out
Simplex/mirabelle.log:0.sledgehammer goal.by        12243ms Simplex.Simplex 905:36891  timeout (SH 12243ms): Timed out
Simplex/mirabelle.log:0.sledgehammer goal.unfolding 14109ms Simplex.Simplex 952:39313  timeout (SH 14109ms): Timed out
Simplex/mirabelle.log:0.sledgehammer goal.proof     13302ms Simplex.Simplex 953:39357  timeout (SH 13302ms): Timed out
Simplex/mirabelle.log:0.sledgehammer goal.unfolding 12406ms Simplex.Simplex 966:39970  timeout (SH 12405ms): Timed out
Simplex/mirabelle.log:0.sledgehammer goal.proof     12748ms Simplex.Simplex 967:40010  timeout (SH 12748ms): Timed out
Simplex/mirabelle.log:0.sledgehammer goal.by        12459ms Simplex.Simplex 973:40228  timeout (SH 12459ms): Timed out
Simplex/mirabelle.log:0.sledgehammer goal.unfolding 12792ms Simplex.Simplex 986:40735  timeout (SH 12791ms): Timed out
Simplex/mirabelle.log:0.sledgehammer goal.unfolding 12602ms Simplex.Simplex 999:41250  timeout (SH 12602ms): Timed out
Simplex/mirabelle.log:0.sledgehammer goal.unfolding 12130ms Simplex.Simplex 1010:41705  timeout (SH 12130ms): Timed out
Simplex/mirabelle.log:0.sledgehammer goal.by        12905ms Simplex.Simplex 1010:41749  timeout (SH 12905ms): Timed out
Simplex/mirabelle.log:0.sledgehammer goal.unfolding 12102ms Simplex.Simplex 1013:41833  timeout (SH 12102ms): Timed out
Simplex/mirabelle.log:0.sledgehammer goal.using     12796ms Simplex.Simplex 1219:50481  timeout (SH 12796ms): Timed out
Simplex/mirabelle.log:0.sledgehammer goal.unfolding 13174ms Simplex.Simplex 1220:50501  timeout (SH 13174ms): Timed out
Simplex/mirabelle.log:0.sledgehammer goal.by        12800ms Simplex.Simplex 1221:50571  timeout (SH 12800ms): Timed out
Simplex/mirabelle.log:0.sledgehammer goal.using     13374ms Simplex.Simplex 1231:50843  timeout (SH 13374ms): Timed out
Simplex/mirabelle.log:0.sledgehammer goal.unfolding 12554ms Simplex.Simplex 1232:50863  timeout (SH 12554ms): Timed out
Simplex/mirabelle.log:0.sledgehammer goal.unfolding 12890ms Simplex.Simplex 1233:50962  timeout (SH 12890ms): Timed out
Simplex/mirabelle.log:0.sledgehammer goal.by        12885ms Simplex.Simplex 1234:50993  timeout (SH 12885ms): Timed out
Simplex/mirabelle.log:0.sledgehammer goal.using     12963ms Simplex.Simplex 1238:51118  timeout (SH 12963ms): Timed out
Simplex/mirabelle.log:0.sledgehammer goal.unfolding 13113ms Simplex.Simplex 1239:51138  timeout (SH 13112ms): Timed out
Simplex/mirabelle.log:0.sledgehammer goal.unfolding 12974ms Simplex.Simplex 1241:51280  timeout (SH 12974ms): Timed out
Simplex/mirabelle.log:0.sledgehammer goal.by        13247ms Simplex.Simplex 1242:51311  timeout (SH 13247ms): Timed out
Simplex/mirabelle.log:0.sledgehammer goal.using     12097ms Simplex.Simplex 1251:51518  timeout (SH 12097ms): Timed out
Simplex/mirabelle.log:0.sledgehammer goal.unfolding 12203ms Simplex.Simplex 1251:51536  timeout (SH 12203ms): Timed out
Simplex/mirabelle.log:0.sledgehammer goal.by        12413ms Simplex.Simplex 1268:52006  timeout (SH 12413ms): Timed out
Simplex/mirabelle.log:0.sledgehammer goal.unfolding 13028ms Simplex.Simplex 1345:55370  timeout (SH 13028ms): Timed out
Simplex/mirabelle.log:0.sledgehammer goal.using     13867ms Simplex.Simplex 1346:55419  timeout (SH 13867ms): Timed out
Simplex/mirabelle.log:0.sledgehammer goal.using     13379ms Simplex.Simplex 1347:55483  timeout (SH 13379ms): Timed out
Simplex/mirabelle.log:0.sledgehammer goal.by        12951ms Simplex.Simplex 1348:55574  timeout (SH 12951ms): Timed out
Simplex/mirabelle.log:0.sledgehammer goal.proof     12959ms Simplex.Simplex 1357:55869  timeout (SH 12959ms): Timed out
Simplex/mirabelle.log:0.sledgehammer goal.proof     14004ms Simplex.Simplex 1359:55970  timeout (SH 14004ms): Timed out
Simplex/mirabelle.log:0.sledgehammer goal.proof     12914ms Simplex.Simplex 1369:56277  timeout (SH 12914ms): Timed out
Simplex/mirabelle.log:0.sledgehammer goal.using     13024ms Simplex.Simplex 1377:56634  timeout (SH 13024ms): Timed out
Simplex/mirabelle.log:0.sledgehammer goal.unfolding 12961ms Simplex.Simplex 1378:56661  timeout (SH 12961ms): Timed out
Simplex/mirabelle.log:0.sledgehammer goal.using     12989ms Simplex.Simplex 1383:56782  timeout (SH 12989ms): Timed out
Simplex/mirabelle.log:0.sledgehammer goal.using     12935ms Simplex.Simplex 1384:56801  timeout (SH 12935ms): Timed out
Simplex/mirabelle.log:0.sledgehammer goal.using     13149ms Simplex.Simplex 1385:56833  timeout (SH 13149ms): Timed out
Simplex/mirabelle.log:0.sledgehammer goal.unfolding 12969ms Simplex.Simplex 1386:56890  timeout (SH 12969ms): Timed out
Simplex/mirabelle.log:0.sledgehammer goal.by        13233ms Simplex.Simplex 1387:56945  timeout (SH 13233ms): Timed out
Simplex/mirabelle.log:0.sledgehammer goal.using     13278ms Simplex.Simplex 1398:57313  timeout (SH 13278ms): Timed out
Simplex/mirabelle.log:0.sledgehammer goal.using     13001ms Simplex.Simplex 1399:57345  timeout (SH 13001ms): Timed out
Simplex/mirabelle.log:0.sledgehammer goal.unfolding 13405ms Simplex.Simplex 1400:57403  timeout (SH 13405ms): Timed out
Simplex/mirabelle.log:0.sledgehammer goal.by        13432ms Simplex.Simplex 1401:57452  timeout (SH 13432ms): Timed out
Simplex/mirabelle.log:0.sledgehammer goal.proof     13171ms Simplex.Simplex 1406:57604  timeout (SH 13171ms): Timed out
Simplex/mirabelle.log:0.sledgehammer goal.proof     13140ms Simplex.Simplex 1416:57853  timeout (SH 13140ms): Timed out
Simplex/mirabelle.log:0.sledgehammer goal.using     14193ms Simplex.Simplex 1419:57916  timeout (SH 14193ms): Timed out
Simplex/mirabelle.log:0.sledgehammer goal.unfolding 13490ms Simplex.Simplex 1420:57995  timeout (SH 13490ms): Timed out
Simplex/mirabelle.log:0.sledgehammer goal.unfolding 14206ms Simplex.Simplex 1425:58149  timeout (SH 14206ms): Timed out
Simplex/mirabelle.log:0.sledgehammer goal.proof     12376ms Simplex.Simplex 1440:58702  timeout (SH 12376ms): Timed out
Simplex/mirabelle.log:0.sledgehammer goal.unfolding 12603ms Simplex.Simplex 1445:58859  timeout (SH 12603ms): Timed out
Simplex/mirabelle.log:0.sledgehammer goal.using     12751ms Simplex.Simplex 1446:58879  timeout (SH 12751ms): Timed out
Simplex/mirabelle.log:0.sledgehammer goal.by        12690ms Simplex.Simplex 1447:58941  timeout (SH 12690ms): Timed out
Simplex/mirabelle.log:0.sledgehammer goal.using     12933ms Simplex.Simplex 1462:59386  timeout (SH 12933ms): Timed out
Simplex/mirabelle.log:0.sledgehammer goal.unfolding 12543ms Simplex.Simplex 1462:59440  timeout (SH 12543ms): Timed out
Simplex/mirabelle.log:0.sledgehammer goal.by        12517ms Simplex.Simplex 1463:59460  timeout (SH 12517ms): Timed out
Simplex/mirabelle.log:0.sledgehammer goal.unfolding 12260ms Simplex.Simplex 1465:59562  timeout (SH 12260ms): Timed out
Simplex/mirabelle.log:0.sledgehammer goal.by        12189ms Simplex.Simplex 1512:61743  timeout (SH 12189ms): Timed out
Simplex/mirabelle.log:0.sledgehammer goal.unfolding 12518ms Simplex.Simplex 1535:62715  timeout (SH 12518ms): Timed out
Simplex/mirabelle.log:0.sledgehammer goal.by        12092ms Simplex.Simplex 1540:62888  timeout (SH 12092ms): Timed out
Simplex/mirabelle.log:0.sledgehammer goal.unfolding 12047ms Simplex.Simplex 1545:63074  timeout (SH 12047ms): Timed out
Simplex/mirabelle.log:0.sledgehammer goal.by        11939ms Simplex.Simplex 1546:63108  timeout (SH 11939ms): Timed out
Simplex/mirabelle.log:0.sledgehammer goal.unfolding 12581ms Simplex.Simplex 1552:63310  timeout (SH 12581ms): Timed out
Simplex/mirabelle.log:0.sledgehammer goal.by        11867ms Simplex.Simplex 1553:63344  timeout (SH 11867ms): Timed out
Simplex/mirabelle.log:0.sledgehammer goal.unfolding 13046ms Simplex.Simplex 1558:63539  timeout (SH 13046ms): Timed out
Simplex/mirabelle.log:0.sledgehammer goal.by        11819ms Simplex.Simplex 1559:63573  timeout (SH 11819ms): Timed out
Simplex/mirabelle.log:0.sledgehammer goal.by         7638ms Simplex.Simplex 1623:66827  timeout (SH 7638ms): Timed out
Simplex/mirabelle.log:0.sledgehammer goal.unfolding 12751ms Simplex.Simplex 1672:68919  timeout (SH 12751ms): Timed out
Simplex/mirabelle.log:0.sledgehammer goal.using      8105ms Simplex.Simplex 1677:69139  timeout (SH 8105ms): Timed out
Simplex/mirabelle.log:0.sledgehammer goal.by         8103ms Simplex.Simplex 1678:69161  timeout (SH 8103ms): Timed out
Simplex/mirabelle.log:0.sledgehammer goal.using      8389ms Simplex.Simplex 1682:69294  timeout (SH 8389ms): Timed out
Simplex/mirabelle.log:0.sledgehammer goal.unfolding  7872ms Simplex.Simplex 1683:69338  timeout (SH 7872ms): Timed out
Simplex/mirabelle.log:0.sledgehammer goal.using      8051ms Simplex.Simplex 1687:69519  timeout (SH 8051ms): Timed out
Simplex/mirabelle.log:0.sledgehammer goal.by         7994ms Simplex.Simplex 1688:69541  timeout (SH 7993ms): Timed out
Simplex/mirabelle.log:0.sledgehammer goal.using     12640ms Simplex.Simplex 1692:69725  timeout (SH 12640ms): Timed out
Simplex/mirabelle.log:0.sledgehammer goal.unfolding 12717ms Simplex.Simplex 1693:69782  timeout (SH 12717ms): Timed out
Simplex/mirabelle.log:0.sledgehammer goal.using     12992ms Simplex.Simplex 1697:70021  timeout (SH 12991ms): Timed out
Simplex/mirabelle.log:0.sledgehammer goal.unfolding 12556ms Simplex.Simplex 1698:70078  timeout (SH 12556ms): Timed out
Simplex/mirabelle.log:0.sledgehammer goal.proof     12878ms Simplex.Simplex 1723:70861  timeout (SH 12878ms): Timed out
Simplex/mirabelle.log:0.sledgehammer goal.using     13012ms Simplex.Simplex 1756:72325  timeout (SH 13012ms): Timed out
Simplex/mirabelle.log:0.sledgehammer goal.using     12824ms Simplex.Simplex 1757:72367  timeout (SH 12824ms): Timed out
Simplex/mirabelle.log:0.sledgehammer goal.by        12969ms Simplex.Simplex 1758:72431  timeout (SH 12969ms): Timed out
Simplex/mirabelle.log:0.sledgehammer goal.proof     12892ms Simplex.Simplex 1801:74093  timeout (SH 12892ms): Timed out
Simplex/mirabelle.log:0.sledgehammer goal.unfolding 12664ms Simplex.Simplex 1813:74530  timeout (SH 12664ms): Timed out
Simplex/mirabelle.log:0.sledgehammer goal.by        13686ms Simplex.Simplex 1814:74557  timeout (SH 13686ms): Timed out
Simplex/mirabelle.log:0.sledgehammer goal.using     12961ms Simplex.Simplex 1854:76249  timeout (SH 12961ms): Timed out
Simplex/mirabelle.log:0.sledgehammer goal.using     13821ms Simplex.Simplex 1855:76263  timeout (SH 13821ms): Timed out
Simplex/mirabelle.log:0.sledgehammer goal.by        12790ms Simplex.Simplex 1856:76360  timeout (SH 12790ms): Timed out
Simplex/mirabelle.log:0.sledgehammer goal.proof     12768ms Simplex.Simplex 1875:77149  timeout (SH 12768ms): Timed out
Simplex/mirabelle.log:0.sledgehammer goal.proof     12637ms Simplex.Simplex 1877:77270  timeout (SH 12636ms): Timed out
Simplex/mirabelle.log:0.sledgehammer goal.proof     12749ms Simplex.Simplex 1892:77828  timeout (SH 12749ms): Timed out
Simplex/mirabelle.log:0.sledgehammer goal.using     13090ms Simplex.Simplex 1895:77897  timeout (SH 13090ms): Timed out
Simplex/mirabelle.log:0.sledgehammer goal.unfolding 13170ms Simplex.Simplex 1896:77919  timeout (SH 13170ms): Timed out
Simplex/mirabelle.log:0.sledgehammer goal.unfolding 13676ms Simplex.Simplex 1905:78312  timeout (SH 13676ms): Timed out
Simplex/mirabelle.log:0.sledgehammer goal.unfolding 13222ms Simplex.Simplex 1905:78325  timeout (SH 13222ms): Timed out
Simplex/mirabelle.log:0.sledgehammer goal.using     12993ms Simplex.Simplex 1905:78339  timeout (SH 12993ms): Timed out
Simplex/mirabelle.log:0.sledgehammer goal.by        13150ms Simplex.Simplex 1906:78402  timeout (SH 13150ms): Timed out
Simplex/mirabelle.log:0.sledgehammer goal.by        13060ms Simplex.Simplex 1914:78656  timeout (SH 13060ms): Timed out
Simplex/mirabelle.log:0.sledgehammer goal.by        12351ms Simplex.Simplex 1923:79208  timeout (SH 12350ms): Timed out
Simplex/mirabelle.log:0.sledgehammer goal.using     12801ms Simplex.Simplex 1928:79470  timeout (SH 12801ms): Timed out
Simplex/mirabelle.log:0.sledgehammer goal.using     13029ms Simplex.Simplex 1929:79503  timeout (SH 13029ms): Timed out
Simplex/mirabelle.log:0.sledgehammer goal.by        12722ms Simplex.Simplex 1930:79573  timeout (SH 12722ms): Timed out
Simplex/mirabelle.log:0.sledgehammer goal.proof     12894ms Simplex.Simplex 1935:79777  timeout (SH 12894ms): Timed out
Simplex/mirabelle.log:0.sledgehammer goal.proof     153383ms Simplex.Simplex 1945:80022  timeout (SH 153383ms):
Simplex/mirabelle.log:0.sledgehammer goal.using     153345ms Simplex.Simplex 1948:80085  timeout (SH 153345ms):
Simplex/mirabelle.log:0.sledgehammer goal.proof     12425ms Simplex.Simplex 1969:80956  timeout (SH 12425ms): Timed out
Simplex/mirabelle.log:0.sledgehammer goal.unfolding 12919ms Simplex.Simplex 1993:81906  timeout (SH 12919ms): Timed out
Simplex/mirabelle.log:0.sledgehammer goal.using     12643ms Simplex.Simplex 1994:81944  timeout (SH 12643ms): Timed out
Simplex/mirabelle.log:0.sledgehammer goal.using     12683ms Simplex.Simplex 1995:81991  timeout (SH 12683ms): Timed out
Simplex/mirabelle.log:0.sledgehammer goal.using     12906ms Simplex.Simplex 1996:82048  timeout (SH 12906ms): Timed out
Simplex/mirabelle.log:0.sledgehammer goal.by        12891ms Simplex.Simplex 1997:82108  timeout (SH 12891ms): Timed out
Simplex/mirabelle.log:0.sledgehammer goal.unfolding 12876ms Simplex.Simplex 2000:82228  timeout (SH 12876ms): Timed out
Simplex/mirabelle.log:0.sledgehammer goal.using     12834ms Simplex.Simplex 2001:82266  timeout (SH 12834ms): Timed out
Simplex/mirabelle.log:0.sledgehammer goal.unfolding 13806ms Simplex.Simplex 2002:82313  timeout (SH 13806ms): Timed out
Simplex/mirabelle.log:0.sledgehammer goal.using     13181ms Simplex.Simplex 2003:82335  timeout (SH 13181ms): Timed out
Simplex/mirabelle.log:0.sledgehammer goal.using     13045ms Simplex.Simplex 2004:82369  timeout (SH 13045ms): Timed out
Simplex/mirabelle.log:0.sledgehammer goal.using     12972ms Simplex.Simplex 2005:82431  timeout (SH 12972ms): Timed out
Simplex/mirabelle.log:0.sledgehammer goal.by        12949ms Simplex.Simplex 2006:82464  timeout (SH 12949ms): Timed out
Simplex/mirabelle.log:0.sledgehammer goal.using     13024ms Simplex.Simplex 2067:84757  timeout (SH 13024ms): Timed out
Simplex/mirabelle.log:0.sledgehammer goal.unfolding 12654ms Simplex.Simplex 2067:84790  timeout (SH 12654ms): Timed out
Simplex/mirabelle.log:0.sledgehammer goal.proof     13542ms Simplex.Simplex 2108:86666  timeout (SH 13542ms): Timed out
Simplex/mirabelle.log:0.sledgehammer goal.proof     13573ms Simplex.Simplex 2116:86812  timeout (SH 13573ms): Timed out
Simplex/mirabelle.log:0.sledgehammer goal.proof     13523ms Simplex.Simplex 2126:87068  timeout (SH 13523ms): Timed out
Simplex/mirabelle.log:0.sledgehammer goal.using     12812ms Simplex.Simplex 2129:87172  timeout (SH 12812ms): Timed out
Simplex/mirabelle.log:0.sledgehammer goal.using     13083ms Simplex.Simplex 2130:87258  timeout (SH 13083ms): Timed out
Simplex/mirabelle.log:0.sledgehammer goal.by        13205ms Simplex.Simplex 2131:87290  timeout (SH 13205ms): Timed out
Simplex/mirabelle.log:0.sledgehammer goal.proof     13943ms Simplex.Simplex 2137:87432  timeout (SH 13943ms): Timed out
Simplex/mirabelle.log:0.sledgehammer goal.using     12959ms Simplex.Simplex 2140:87508  timeout (SH 12959ms): Timed out
Simplex/mirabelle.log:0.sledgehammer goal.using     12907ms Simplex.Simplex 2141:87596  timeout (SH 12907ms): Timed out
Simplex/mirabelle.log:0.sledgehammer goal.by        13337ms Simplex.Simplex 2142:87630  timeout (SH 13337ms): Timed out
Simplex/mirabelle.log:0.sledgehammer goal.proof     12812ms Simplex.Simplex 2196:89791  timeout (SH 12812ms): Timed out
Simplex/mirabelle.log:0.sledgehammer goal.apply     13305ms Simplex.Simplex 2199:89848  timeout (SH 13305ms): Timed out
Simplex/mirabelle.log:0.sledgehammer goal.apply     12884ms Simplex.Simplex 2200:89888  timeout (SH 12884ms): Timed out
Simplex/mirabelle.log:0.sledgehammer goal.using     12080ms Simplex.Simplex 2201:89935  timeout (SH 12080ms): Timed out
Simplex/mirabelle.log:0.sledgehammer goal.using     13818ms Simplex.Simplex 2202:89971  timeout (SH 13818ms): Timed out
Simplex/mirabelle.log:0.sledgehammer goal.using     13219ms Simplex.Simplex 2203:90007  timeout (SH 13219ms): Timed out
Simplex/mirabelle.log:0.sledgehammer goal.using     13203ms Simplex.Simplex 2204:90043  timeout (SH 13203ms): Timed out
Simplex/mirabelle.log:0.sledgehammer goal.using     13309ms Simplex.Simplex 2205:90079  timeout (SH 13309ms): Timed out
Simplex/mirabelle.log:0.sledgehammer goal.using     13305ms Simplex.Simplex 2206:90115  timeout (SH 13305ms): Timed out
Simplex/mirabelle.log:0.sledgehammer goal.apply     13400ms Simplex.Simplex 2211:90188  timeout (SH 13400ms): Timed out
Simplex/mirabelle.log:0.sledgehammer goal.apply     12914ms Simplex.Simplex 2212:90228  timeout (SH 12914ms): Timed out
Simplex/mirabelle.log:0.sledgehammer goal.using     13215ms Simplex.Simplex 2213:90265  timeout (SH 13215ms): Timed out
Simplex/mirabelle.log:0.sledgehammer goal.unfolding 12924ms Simplex.Simplex 2224:90536  timeout (SH 12924ms): Timed out
Simplex/mirabelle.log:0.sledgehammer goal.unfolding 13851ms Simplex.Simplex 2231:90785  timeout (SH 13851ms): Timed out
Simplex/mirabelle.log:0.sledgehammer goal.proof     12767ms Simplex.Simplex 2232:90818  timeout (SH 12767ms): Timed out
Simplex/mirabelle.log:0.sledgehammer goal.proof     12737ms Simplex.Simplex 2235:90865  timeout (SH 12737ms): Timed out
Simplex/mirabelle.log:0.sledgehammer goal.using     13118ms Simplex.Simplex 2238:90931  timeout (SH 13118ms): Timed out
Simplex/mirabelle.log:0.sledgehammer goal.unfolding 12689ms Simplex.Simplex 2239:90949  timeout (SH 12689ms): Timed out
Simplex/mirabelle.log:0.sledgehammer goal.by        12678ms Simplex.Simplex 2240:90988  timeout (SH 12678ms): Timed out
Simplex/mirabelle.log:0.sledgehammer goal.using     12836ms Simplex.Simplex 2244:91094  timeout (SH 12836ms): Timed out
Simplex/mirabelle.log:0.sledgehammer goal.unfolding 12713ms Simplex.Simplex 2245:91112  timeout (SH 12713ms): Timed out
Simplex/mirabelle.log:0.sledgehammer goal.using     12674ms Simplex.Simplex 2246:91151  timeout (SH 12674ms): Timed out
Simplex/mirabelle.log:0.sledgehammer goal.by        12815ms Simplex.Simplex 2247:91166  timeout (SH 12815ms): Timed out
Simplex/mirabelle.log:0.sledgehammer goal.unfolding 12140ms Simplex.Simplex 2257:91550  timeout (SH 12140ms): Timed out
Simplex/mirabelle.log:0.sledgehammer goal.proof     12085ms Simplex.Simplex 2258:91585  timeout (SH 12085ms): Timed out
Simplex/mirabelle.log:0.sledgehammer goal.proof     12008ms Simplex.Simplex 2262:91696  timeout (SH 12008ms): Timed out
Simplex/mirabelle.log:0.sledgehammer goal.unfolding 12568ms Simplex.Simplex 2269:91921  timeout (SH 12568ms): Timed out
Simplex/mirabelle.log:0.sledgehammer goal.proof     12214ms Simplex.Simplex 2270:91958  timeout (SH 12214ms): Timed out
Simplex/mirabelle.log:0.sledgehammer goal.using     12270ms Simplex.Simplex 2273:92020  timeout (SH 12270ms): Timed out
Simplex/mirabelle.log:0.sledgehammer goal.using     13473ms Simplex.Simplex 2274:92082  timeout (SH 13473ms): Timed out
Simplex/mirabelle.log:0.sledgehammer goal.unfolding 12345ms Simplex.Simplex 2275:92130  timeout (SH 12345ms): Timed out
Simplex/mirabelle.log:0.sledgehammer goal.by        12382ms Simplex.Simplex 2276:92196  timeout (SH 12382ms): Timed out
Simplex/mirabelle.log:0.sledgehammer goal.using     13760ms Simplex.Simplex 2281:92324  timeout (SH 13760ms): Timed out
Simplex/mirabelle.log:0.sledgehammer goal.using     12849ms Simplex.Simplex 2282:92370  timeout (SH 12849ms): Timed out
Simplex/mirabelle.log:0.sledgehammer goal.using     12855ms Simplex.Simplex 2283:92416  timeout (SH 12854ms): Timed out
Simplex/mirabelle.log:0.sledgehammer goal.using     12877ms Simplex.Simplex 2284:92474  timeout (SH 12877ms): Timed out
Simplex/mirabelle.log:0.sledgehammer goal.using     12700ms Simplex.Simplex 2285:92524  timeout (SH 12700ms): Timed out
Simplex/mirabelle.log:0.sledgehammer goal.by        12470ms Simplex.Simplex 2286:92574  timeout (SH 12470ms): Timed out
Simplex/mirabelle.log:0.sledgehammer goal.unfolding 12210ms Simplex.Simplex 2288:92737  timeout (SH 12210ms): Timed out
Simplex/mirabelle.log:0.sledgehammer goal.proof     12213ms Simplex.Simplex 2289:92774  timeout (SH 12212ms): Timed out
Simplex/mirabelle.log:0.sledgehammer goal.proof     12159ms Simplex.Simplex 2293:92862  timeout (SH 12159ms): Timed out
Simplex/mirabelle.log:0.sledgehammer goal.using     12575ms Simplex.Simplex 2296:92938  timeout (SH 12575ms): Timed out
Simplex/mirabelle.log:0.sledgehammer goal.using     12114ms Simplex.Simplex 2297:92967  timeout (SH 12114ms): Timed out
Simplex/mirabelle.log:0.sledgehammer goal.unfolding 12024ms Simplex.Simplex 2298:93017  timeout (SH 12024ms): Timed out
Simplex/mirabelle.log:0.sledgehammer goal.by        13155ms Simplex.Simplex 2299:93060  timeout (SH 13155ms): Timed out
Simplex/mirabelle.log:0.sledgehammer goal.using     12516ms Simplex.Simplex 2303:93189  timeout (SH 12516ms): Timed out
Simplex/mirabelle.log:0.sledgehammer goal.by        12849ms Simplex.Simplex 2316:93556  timeout (SH 12849ms): Timed out
Simplex/mirabelle.log:0.sledgehammer goal.using     13542ms Simplex.Simplex 2337:94218  timeout (SH 13542ms): Timed out
Simplex/mirabelle.log:0.sledgehammer goal.unfolding 12356ms Simplex.Simplex 2338:94252  timeout (SH 12356ms): Timed out
Simplex/mirabelle.log:0.sledgehammer goal.by        13082ms Simplex.Simplex 2366:95232  timeout (SH 13082ms): Timed out
Simplex/mirabelle.log:0.sledgehammer goal.using     12975ms Simplex.Simplex 2371:95410  timeout (SH 12975ms): Timed out
Simplex/mirabelle.log:0.sledgehammer goal.by        13657ms Simplex.Simplex 2372:95424  timeout (SH 13657ms): Timed out
Simplex/mirabelle.log:0.sledgehammer goal.using     12773ms Simplex.Simplex 2378:95663  timeout (SH 12773ms): Timed out
Simplex/mirabelle.log:0.sledgehammer goal.by        12931ms Simplex.Simplex 2379:95677  timeout (SH 12931ms): Timed out
Simplex/mirabelle.log:0.sledgehammer goal.proof     13568ms Simplex.Simplex 2384:95879  timeout (SH 13568ms): Timed out
Simplex/mirabelle.log:0.sledgehammer goal.using     12818ms Simplex.Simplex 2388:95981  timeout (SH 12818ms): Timed out
Simplex/mirabelle.log:0.sledgehammer goal.by        12922ms Simplex.Simplex 2389:96017  timeout (SH 12922ms): Timed out
Simplex/mirabelle.log:0.sledgehammer goal.using     13172ms Simplex.Simplex 2391:96129  timeout (SH 13171ms): Timed out
Simplex/mirabelle.log:0.sledgehammer goal.by        13286ms Simplex.Simplex 2392:96172  timeout (SH 13286ms): Timed out
Simplex/mirabelle.log:0.sledgehammer goal.proof     12056ms Simplex.Simplex 2399:96276  timeout (SH 12056ms): Timed out
Simplex/mirabelle.log:0.sledgehammer goal.using     13040ms Simplex.Simplex 2407:96612  timeout (SH 13040ms): Timed out
Simplex/mirabelle.log:0.sledgehammer goal.by        13029ms Simplex.Simplex 2408:96647  timeout (SH 13029ms): Timed out
Simplex/mirabelle.log:0.sledgehammer goal.using     12848ms Simplex.Simplex 2415:96926  timeout (SH 12848ms): Timed out
Simplex/mirabelle.log:0.sledgehammer goal.proof     12978ms Simplex.Simplex 2422:97193  timeout (SH 12978ms): Timed out
Simplex/mirabelle.log:0.sledgehammer goal.using     13069ms Simplex.Simplex 2432:97501  timeout (SH 13069ms): Timed out
Simplex/mirabelle.log:0.sledgehammer goal.by        13615ms Simplex.Simplex 2433:97575  timeout (SH 13615ms): Timed out
Simplex/mirabelle.log:0.sledgehammer goal.using     13168ms Simplex.Simplex 2479:99786  timeout (SH 13168ms): Timed out
Simplex/mirabelle.log:0.sledgehammer goal.by        13519ms Simplex.Simplex 2480:99820  timeout (SH 13519ms): Timed out
Simplex/mirabelle.log:0.sledgehammer goal.by         8287ms Simplex.Simplex 2501:100704  timeout (SH 8287ms): Timed out
Simplex/mirabelle.log:0.sledgehammer goal.using     153152ms Simplex.Simplex 2513:101231  timeout (SH 153152ms):
Simplex/mirabelle.log:0.sledgehammer goal.using     12776ms Simplex.Simplex 2565:104260  timeout (SH 12775ms): Timed out
Simplex/mirabelle.log:0.sledgehammer goal.by        13690ms Simplex.Simplex 2566:104303  timeout (SH 13690ms): Timed out
Simplex/mirabelle.log:0.sledgehammer goal.using     12739ms Simplex.Simplex 2569:104526  timeout (SH 12739ms): Timed out
Simplex/mirabelle.log:0.sledgehammer goal.using     12571ms Simplex.Simplex 2570:104586  timeout (SH 12571ms): Timed out
Simplex/mirabelle.log:0.sledgehammer goal.by        12631ms Simplex.Simplex 2571:104614  timeout (SH 12631ms): Timed out
Simplex/mirabelle.log:0.sledgehammer goal.using     12671ms Simplex.Simplex 2581:105141  timeout (SH 12671ms): Timed out
Simplex/mirabelle.log:0.sledgehammer goal.using     12790ms Simplex.Simplex 2582:105198  timeout (SH 12790ms): Timed out
Simplex/mirabelle.log:0.sledgehammer goal.using     12858ms Simplex.Simplex 2583:105253  timeout (SH 12858ms): Timed out
Simplex/mirabelle.log:0.sledgehammer goal.using     12864ms Simplex.Simplex 2584:105305  timeout (SH 12864ms): Timed out
Simplex/mirabelle.log:0.sledgehammer goal.using     12745ms Simplex.Simplex 2585:105368  timeout (SH 12745ms): Timed out
Simplex/mirabelle.log:0.sledgehammer goal.by        12406ms Simplex.Simplex 2586:105413  timeout (SH 12406ms): Timed out
Simplex/mirabelle.log:0.sledgehammer goal.using     12469ms Simplex.Simplex 2592:105777  timeout (SH 12469ms): Timed out
Simplex/mirabelle.log:0.sledgehammer goal.by        13465ms Simplex.Simplex 2593:105833  timeout (SH 13465ms): Timed out
Simplex/mirabelle.log:0.sledgehammer goal.using     12563ms Simplex.Simplex 2610:106490  timeout (SH 12562ms): Timed out
Simplex/mirabelle.log:0.sledgehammer goal.by        12359ms Simplex.Simplex 2611:106534  timeout (SH 12359ms): Timed out
Simplex/mirabelle.log:0.sledgehammer goal.using     12648ms Simplex.Simplex 2623:106849  timeout (SH 12648ms): Timed out
Simplex/mirabelle.log:0.sledgehammer goal.using     12803ms Simplex.Simplex 2624:106878  timeout (SH 12803ms): Timed out
Simplex/mirabelle.log:0.sledgehammer goal.by        13440ms Simplex.Simplex 2628:107230  timeout (SH 13440ms): Timed out
Simplex/mirabelle.log:0.sledgehammer goal.by        12879ms Simplex.Simplex 2647:107933  timeout (SH 12879ms): Timed out
Simplex/mirabelle.log:0.sledgehammer goal.by        12979ms Simplex.Simplex 2650:108028  timeout (SH 12979ms): Timed out
Simplex/mirabelle.log:0.sledgehammer goal.unfolding 12198ms Simplex.Simplex 2654:108204  timeout (SH 12197ms): Timed out
Simplex/mirabelle.log:0.sledgehammer goal.by        13104ms Simplex.Simplex 2655:108255  timeout (SH 13104ms): Timed out
Simplex/mirabelle.log:0.sledgehammer goal.unfolding 12659ms Simplex.Simplex 2663:108614  timeout (SH 12659ms): Timed out
Simplex/mirabelle.log:0.sledgehammer goal.proof     12782ms Simplex.Simplex 2664:108652  timeout (SH 12782ms): Timed out
Simplex/mirabelle.log:0.sledgehammer goal.by        12679ms Simplex.Simplex 2679:109431  timeout (SH 12679ms): Timed out
Simplex/mirabelle.log:0.sledgehammer goal.proof     13340ms Simplex.Simplex 2686:109689  timeout (SH 13340ms): Timed out
Simplex/mirabelle.log:0.sledgehammer goal.unfolding 13227ms Simplex.Simplex 2690:109812  timeout (SH 13227ms): Timed out
Simplex/mirabelle.log:0.sledgehammer goal.unfolding 15109ms Simplex.Simplex 2706:110802  timeout (SH 15109ms): Timed out
Simplex/mirabelle.log:0.sledgehammer goal.proof     12786ms Simplex.Simplex 2707:110848  timeout (SH 12786ms): Timed out
Simplex/mirabelle.log:0.sledgehammer goal.proof     12454ms Simplex.Simplex 2736:112296  timeout (SH 12453ms): Timed out
Simplex/mirabelle.log:0.sledgehammer goal.by        12611ms Simplex.Simplex 2740:112411  timeout (SH 12611ms): Timed out
Simplex/mirabelle.log:0.sledgehammer goal.unfolding 12557ms Simplex.Simplex 2758:113751  timeout (SH 12557ms): Timed out
Simplex/mirabelle.log:0.sledgehammer goal.proof     12720ms Simplex.Simplex 2759:113766  timeout (SH 12719ms): Timed out
Simplex/mirabelle.log:0.sledgehammer goal.unfolding 12428ms Simplex.Simplex 2767:114407  timeout (SH 12428ms): Timed out
Simplex/mirabelle.log:0.sledgehammer goal.by        13016ms Simplex.Simplex 2779:115275  timeout (SH 13016ms): Timed out
Simplex/mirabelle.log:0.sledgehammer goal.by        13066ms Simplex.Simplex 2782:115519  timeout (SH 13066ms): Timed out
Simplex/mirabelle.log:0.sledgehammer goal.proof     13470ms Simplex.Simplex 2786:115826  timeout (SH 13470ms): Timed out
Simplex/mirabelle.log:0.sledgehammer goal.using     15571ms Simplex.Simplex 2788:115898  timeout (SH 15571ms): Timed out
Simplex/mirabelle.log:0.sledgehammer goal.by        14014ms Simplex.Simplex 2788:115923  timeout (SH 14013ms): Timed out
Simplex/mirabelle.log:0.sledgehammer goal.by        14152ms Simplex.Simplex 2795:116235  timeout (SH 14152ms): Timed out
Simplex/mirabelle.log:0.sledgehammer goal.by        13897ms Simplex.Simplex 2796:116376  timeout (SH 13897ms): Timed out
Simplex/mirabelle.log:0.sledgehammer goal.by        13621ms Simplex.Simplex 2797:116459  timeout (SH 13621ms): Timed out
Simplex/mirabelle.log:0.sledgehammer goal.by        14425ms Simplex.Simplex 2798:116570  timeout (SH 14425ms): Timed out
Simplex/mirabelle.log:0.sledgehammer goal.by        14149ms Simplex.Simplex 2800:116681  timeout (SH 14149ms): Timed out
Simplex/mirabelle.log:0.sledgehammer goal.by        12567ms Simplex.Simplex 2805:116818  timeout (SH 12567ms): Timed out
Simplex/mirabelle.log:0.sledgehammer goal.using     12070ms Simplex.Simplex 2815:117606  timeout (SH 12070ms): Timed out
Simplex/mirabelle.log:0.sledgehammer goal.by        12302ms Simplex.Simplex 2815:117616  timeout (SH 12302ms): Timed out
Simplex/mirabelle.log:0.sledgehammer goal.proof     13609ms Simplex.Simplex 2821:117934  timeout (SH 13609ms): Timed out
Simplex/mirabelle.log:0.sledgehammer goal.unfolding 13293ms Simplex.Simplex 2823:118073  timeout (SH 13293ms): Timed out
Simplex/mirabelle.log:0.sledgehammer goal.using     14140ms Simplex.Simplex 2823:118090  timeout (SH 14140ms): Timed out
Simplex/mirabelle.log:0.sledgehammer goal.unfolding 13562ms Simplex.Simplex 2823:118107  timeout (SH 13562ms): Timed out
Simplex/mirabelle.log:0.sledgehammer goal.unfolding 13511ms Simplex.Simplex 2827:118273  timeout (SH 13511ms): Timed out
Simplex/mirabelle.log:0.sledgehammer goal.proof     12568ms Simplex.Simplex 2835:118840  timeout (SH 12568ms): Timed out
Simplex/mirabelle.log:0.sledgehammer goal.proof     12446ms Simplex.Simplex 2839:118967  timeout (SH 12446ms): Timed out
Simplex/mirabelle.log:0.sledgehammer goal.by        12680ms Simplex.Simplex 2843:119202  timeout (SH 12680ms): Timed out
Simplex/mirabelle.log:0.sledgehammer goal.unfolding 13165ms Simplex.Simplex 2861:120021  timeout (SH 13165ms): Timed out
Simplex/mirabelle.log:0.sledgehammer goal.unfolding 13189ms Simplex.Simplex 2867:120269  timeout (SH 13189ms): Timed out
Simplex/mirabelle.log:0.sledgehammer goal.using     13123ms Simplex.Simplex 2878:120776  timeout (SH 13123ms): Timed out
Simplex/mirabelle.log:0.sledgehammer goal.by        13926ms Simplex.Simplex 2879:120793  timeout (SH 13926ms): Timed out
Simplex/mirabelle.log:0.sledgehammer goal.proof     12717ms Simplex.Simplex 2888:121268  timeout (SH 12717ms): Timed out
Simplex/mirabelle.log:0.sledgehammer goal.unfolding 13586ms Simplex.Simplex 2890:121363  timeout (SH 13586ms): Timed out
Simplex/mirabelle.log:0.sledgehammer goal.proof     12635ms Simplex.Simplex 2891:121380  timeout (SH 12635ms): Timed out
Simplex/mirabelle.log:0.sledgehammer goal.using     13897ms Simplex.Simplex 2897:121683  timeout (SH 13897ms): Timed out
Simplex/mirabelle.log:0.sledgehammer goal.using     14017ms Simplex.Simplex 2898:121699  timeout (SH 14017ms): Timed out
Simplex/mirabelle.log:0.sledgehammer goal.by        12919ms Simplex.Simplex 2899:121768  timeout (SH 12919ms): Timed out
Simplex/mirabelle.log:0.sledgehammer goal.proof     12978ms Simplex.Simplex 2904:122072  timeout (SH 12978ms): Timed out
Simplex/mirabelle.log:0.sledgehammer goal.unfolding 12249ms Simplex.Simplex 2914:122664  timeout (SH 12249ms): Timed out
Simplex/mirabelle.log:0.sledgehammer goal.proof     12356ms Simplex.Simplex 2915:122681  timeout (SH 12356ms): Timed out
Simplex/mirabelle.log:0.sledgehammer goal.using     12659ms Simplex.Simplex 2926:123145  timeout (SH 12659ms): Timed out
Simplex/mirabelle.log:0.sledgehammer goal.by        12736ms Simplex.Simplex 2927:123175  timeout (SH 12736ms): Timed out
Simplex/mirabelle.log:0.sledgehammer goal.using     13068ms Simplex.Simplex 2930:123349  timeout (SH 13068ms): Timed out
Simplex/mirabelle.log:0.sledgehammer goal.by        12741ms Simplex.Simplex 2931:123418  timeout (SH 12741ms): Timed out
Simplex/mirabelle.log:0.sledgehammer goal.using     12868ms Simplex.Simplex 2937:123638  timeout (SH 12868ms): Timed out
Simplex/mirabelle.log:0.sledgehammer goal.by        12827ms Simplex.Simplex 2938:123668  timeout (SH 12827ms): Timed out
Simplex/mirabelle.log:0.sledgehammer goal.proof     13236ms Simplex.Simplex 2947:124110  timeout (SH 13236ms): Timed out
Simplex/mirabelle.log:0.sledgehammer goal.proof     12644ms Simplex.Simplex 2951:124310  timeout (SH 12644ms): Timed out
Simplex/mirabelle.log:0.sledgehammer goal.using     12488ms Simplex.Simplex 2954:124392  timeout (SH 12488ms): Timed out
Simplex/mirabelle.log:0.sledgehammer goal.using     12498ms Simplex.Simplex 2955:124428  timeout (SH 12498ms): Timed out
Simplex/mirabelle.log:0.sledgehammer goal.using     12489ms Simplex.Simplex 2956:124468  timeout (SH 12489ms): Timed out
Simplex/mirabelle.log:0.sledgehammer goal.using     12451ms Simplex.Simplex 2957:124520  timeout (SH 12451ms): Timed out
Simplex/mirabelle.log:0.sledgehammer goal.using     13306ms Simplex.Simplex 2958:124572  timeout (SH 13306ms): Timed out
Simplex/mirabelle.log:0.sledgehammer goal.using     13247ms Simplex.Simplex 2959:124634  timeout (SH 13247ms): Timed out
Simplex/mirabelle.log:0.sledgehammer goal.by        13369ms Simplex.Simplex 2960:124654  timeout (SH 13369ms): Timed out
Simplex/mirabelle.log:0.sledgehammer goal.using     12872ms Simplex.Simplex 2964:124915  timeout (SH 12872ms): Timed out
Simplex/mirabelle.log:0.sledgehammer goal.using     12715ms Simplex.Simplex 2965:124973  timeout (SH 12715ms): Timed out
Simplex/mirabelle.log:0.sledgehammer goal.by        13759ms Simplex.Simplex 2966:125027  timeout (SH 13759ms): Timed out
Simplex/mirabelle.log:0.sledgehammer goal.proof     12732ms Simplex.Simplex 2974:125407  timeout (SH 12732ms): Timed out
Simplex/mirabelle.log:0.sledgehammer goal.unfolding 12546ms Simplex.Simplex 2986:125996  timeout (SH 12546ms): Timed out
Simplex/mirabelle.log:0.sledgehammer goal.proof     12921ms Simplex.Simplex 2987:126013  timeout (SH 12920ms): Timed out
Simplex/mirabelle.log:0.sledgehammer goal.using     12812ms Simplex.Simplex 2991:126178  timeout (SH 12812ms): Timed out
Simplex/mirabelle.log:0.sledgehammer goal.by        12934ms Simplex.Simplex 2992:126198  timeout (SH 12934ms): Timed out
Simplex/mirabelle.log:0.sledgehammer goal.using     13183ms Simplex.Simplex 2999:126567  timeout (SH 13183ms): Timed out
Simplex/mirabelle.log:0.sledgehammer goal.unfolding 13272ms Simplex.Simplex 3000:126589  timeout (SH 13272ms): Timed out
Simplex/mirabelle.log:0.sledgehammer goal.by        14033ms Simplex.Simplex 3001:126629  timeout (SH 14033ms): Timed out
Simplex/mirabelle.log:0.sledgehammer goal.using     13159ms Simplex.Simplex 3009:127063  timeout (SH 13159ms): Timed out
Simplex/mirabelle.log:0.sledgehammer goal.unfolding 13248ms Simplex.Simplex 3010:127083  timeout (SH 13248ms): Timed out
Simplex/mirabelle.log:0.sledgehammer goal.by        13049ms Simplex.Simplex 3011:127123  timeout (SH 13049ms): Timed out
Simplex/mirabelle.log:0.sledgehammer goal.unfolding 12370ms Simplex.Simplex 3033:127971  timeout (SH 12370ms): Timed out
Simplex/mirabelle.log:0.sledgehammer goal.proof     12195ms Simplex.Simplex 3034:127988  timeout (SH 12195ms): Timed out
Simplex/mirabelle.log:0.sledgehammer goal.unfolding 13453ms Simplex.Simplex 3038:128204  timeout (SH 13453ms): Timed out
Simplex/mirabelle.log:0.sledgehammer goal.by        12397ms Simplex.Simplex 3039:128293  timeout (SH 12397ms): Timed out
Simplex/mirabelle.log:0.sledgehammer goal.using     13158ms Simplex.Simplex 3063:129403  timeout (SH 13158ms): Timed out
Simplex/mirabelle.log:0.sledgehammer goal.by        13710ms Simplex.Simplex 3064:129449  timeout (SH 13710ms): Timed out
Simplex/mirabelle.log:0.sledgehammer goal.by        12425ms Simplex.Simplex 3080:130190  timeout (SH 12425ms): Timed out
Simplex/mirabelle.log:0.sledgehammer goal.proof     13317ms Simplex.Simplex 3083:130295  timeout (SH 13317ms): Timed out
Simplex/mirabelle.log:0.sledgehammer goal.unfolding 13478ms Simplex.Simplex 3086:130507  timeout (SH 13478ms): Timed out
Simplex/mirabelle.log:0.sledgehammer goal.proof     13506ms Simplex.Simplex 3087:130524  timeout (SH 13506ms): Timed out
Simplex/mirabelle.log:0.sledgehammer goal.using     13445ms Simplex.Simplex 3102:131107  timeout (SH 13445ms): Timed out
Simplex/mirabelle.log:0.sledgehammer goal.using     12604ms Simplex.Simplex 3103:131137  timeout (SH 12604ms): Timed out
Simplex/mirabelle.log:0.sledgehammer goal.by        12632ms Simplex.Simplex 3104:131186  timeout (SH 12632ms): Timed out
Simplex/mirabelle.log:0.sledgehammer goal.by        12427ms Simplex.Simplex 3115:131613  timeout (SH 12427ms): Timed out
Simplex/mirabelle.log:0.sledgehammer goal.unfolding 12881ms Simplex.Simplex 3134:132768  timeout (SH 12881ms): Timed out
Simplex/mirabelle.log:0.sledgehammer goal.using     12610ms Simplex.Simplex 3137:133030  timeout (SH 12610ms): Timed out
Simplex/mirabelle.log:0.sledgehammer goal.unfolding 12681ms Simplex.Simplex 3139:133165  timeout (SH 12681ms): Timed out
Simplex/mirabelle.log:0.sledgehammer goal.by        12582ms Simplex.Simplex 3139:133181  timeout (SH 12582ms): Timed out
Simplex/mirabelle.log:0.sledgehammer goal.unfolding 12975ms Simplex.Simplex 3142:133390  timeout (SH 12975ms): Timed out
Simplex/mirabelle.log:0.sledgehammer goal.using     12743ms Simplex.Simplex 3142:133406  timeout (SH 12743ms): Timed out
Simplex/mirabelle.log:0.sledgehammer goal.by        12872ms Simplex.Simplex 3142:133414  timeout (SH 12872ms): Timed out
Simplex/mirabelle.log:0.sledgehammer goal.unfolding 12189ms Simplex.Simplex 3143:133555  timeout (SH 12189ms): Timed out
Simplex/mirabelle.log:0.sledgehammer goal.proof     12624ms Simplex.Simplex 3144:133587  timeout (SH 12624ms): Timed out
Simplex/mirabelle.log:0.sledgehammer goal.using     13663ms Simplex.Simplex 3151:133905  timeout (SH 13663ms): Timed out
Simplex/mirabelle.log:0.sledgehammer goal.by        12879ms Simplex.Simplex 3151:133916  timeout (SH 12879ms): Timed out
Simplex/mirabelle.log:0.sledgehammer goal.using     13617ms Simplex.Simplex 3153:134005  timeout (SH 13617ms): Timed out
Simplex/mirabelle.log:0.sledgehammer goal.by        13017ms Simplex.Simplex 3153:134028  timeout (SH 13017ms): Timed out
Simplex/mirabelle.log:0.sledgehammer goal.unfolding 13442ms Simplex.Simplex 3158:134332  timeout (SH 13442ms): Timed out
Simplex/mirabelle.log:0.sledgehammer goal.by        13434ms Simplex.Simplex 3158:134366  timeout (SH 13434ms): Timed out
Simplex/mirabelle.log:0.sledgehammer goal.by        13111ms Simplex.Simplex 3167:134731  timeout (SH 13111ms): Timed out
Simplex/mirabelle.log:0.sledgehammer goal.unfolding 13206ms Simplex.Simplex 3187:135761  timeout (SH 13206ms): Timed out
Simplex/mirabelle.log:0.sledgehammer goal.by        12995ms Simplex.Simplex 3202:136728  timeout (SH 12995ms): Timed out
Simplex/mirabelle.log:0.sledgehammer goal.unfolding 12605ms Simplex.Simplex 3215:137436  timeout (SH 12605ms): Timed out
Simplex/mirabelle.log:0.sledgehammer goal.proof     13182ms Simplex.Simplex 3216:137456  timeout (SH 13182ms): Timed out
Simplex/mirabelle.log:0.sledgehammer goal.by        13705ms Simplex.Simplex 3228:138086  timeout (SH 13705ms): Timed out
Simplex/mirabelle.log:0.sledgehammer goal.proof     12967ms Simplex.Simplex 3232:138305  timeout (SH 12967ms): Timed out
Simplex/mirabelle.log:0.sledgehammer goal.proof     13131ms Simplex.Simplex 3238:138519  timeout (SH 13131ms): Timed out
Simplex/mirabelle.log:0.sledgehammer goal.using     13768ms Simplex.Simplex 3240:138580  timeout (SH 13768ms): Timed out
Simplex/mirabelle.log:0.sledgehammer goal.by        13030ms Simplex.Simplex 3240:138605  timeout (SH 13030ms): Timed out
Simplex/mirabelle.log:0.sledgehammer goal.using     13088ms Simplex.Simplex 3243:138734  timeout (SH 13088ms): Timed out
Simplex/mirabelle.log:0.sledgehammer goal.by        13022ms Simplex.Simplex 3243:138759  timeout (SH 13022ms): Timed out
Simplex/mirabelle.log:0.sledgehammer goal.unfolding 12802ms Simplex.Simplex 3247:138919  timeout (SH 12801ms): Timed out
Simplex/mirabelle.log:0.sledgehammer goal.using     13048ms Simplex.Simplex 3247:138934  timeout (SH 13048ms): Timed out
Simplex/mirabelle.log:0.sledgehammer goal.by        13003ms Simplex.Simplex 3248:138966  timeout (SH 13003ms): Timed out
Simplex/mirabelle.log:0.sledgehammer goal.using     12522ms Simplex.Simplex 3254:139149  timeout (SH 12522ms): Timed out
Simplex/mirabelle.log:0.sledgehammer goal.using     13656ms Simplex.Simplex 3254:139177  timeout (SH 13656ms): Timed out
Simplex/mirabelle.log:0.sledgehammer goal.by        12987ms Simplex.Simplex 3254:139221  timeout (SH 12987ms): Timed out
Simplex/mirabelle.log:0.sledgehammer goal.proof     13570ms Simplex.Simplex 3256:139271  timeout (SH 13570ms): Timed out
Simplex/mirabelle.log:0.sledgehammer goal.using     12896ms Simplex.Simplex 3264:139651  timeout (SH 12896ms): Timed out
Simplex/mirabelle.log:0.sledgehammer goal.by        12755ms Simplex.Simplex 3264:139662  timeout (SH 12755ms): Timed out
Simplex/mirabelle.log:0.sledgehammer goal.using     12655ms Simplex.Simplex 3266:139751  timeout (SH 12655ms): Timed out
Simplex/mirabelle.log:0.sledgehammer goal.by        12736ms Simplex.Simplex 3266:139774  timeout (SH 12736ms): Timed out
Simplex/mirabelle.log:0.sledgehammer goal.unfolding 13122ms Simplex.Simplex 3270:139968  timeout (SH 13122ms): Timed out
Simplex/mirabelle.log:0.sledgehammer goal.by        14779ms Simplex.Simplex 3271:139990  timeout (SH 14779ms): Timed out
Simplex/mirabelle.log:0.sledgehammer goal.proof     12901ms Simplex.Simplex 3395:144083  timeout (SH 12900ms): Timed out
Simplex/mirabelle.log:0.sledgehammer goal.proof     13703ms Simplex.Simplex 3400:144479  timeout (SH 13703ms): Timed out
Simplex/mirabelle.log:0.sledgehammer goal.proof     12209ms Simplex.Simplex 3435:145760  timeout (SH 12209ms): Timed out
Simplex/mirabelle.log:0.sledgehammer goal.using     12559ms Simplex.Simplex 3454:146376  timeout (SH 12559ms): Timed out
Simplex/mirabelle.log:0.sledgehammer goal.unfolding 12560ms Simplex.Simplex 3455:146393  timeout (SH 12560ms): Timed out
Simplex/mirabelle.log:0.sledgehammer goal.using     12615ms Simplex.Simplex 3467:146722  timeout (SH 12615ms): Timed out
Simplex/mirabelle.log:0.sledgehammer goal.unfolding 12793ms Simplex.Simplex 3468:146739  timeout (SH 12793ms): Timed out
Simplex/mirabelle.log:0.sledgehammer goal.using     12631ms Simplex.Simplex 3472:146813  timeout (SH 12631ms): Timed out
Simplex/mirabelle.log:0.sledgehammer goal.unfolding 12641ms Simplex.Simplex 3473:146847  timeout (SH 12641ms): Timed out
Simplex/mirabelle.log:0.sledgehammer goal.using     13354ms Simplex.Simplex 3498:147663  timeout (SH 13354ms): Timed out
Simplex/mirabelle.log:0.sledgehammer goal.by        13729ms Simplex.Simplex 3499:147759  timeout (SH 13728ms): Timed out
Simplex/mirabelle.log:0.sledgehammer goal.proof     13367ms Simplex.Simplex 3503:147955  timeout (SH 13367ms): Timed out
Simplex/mirabelle.log:0.sledgehammer goal.using     12775ms Simplex.Simplex 3506:148079  timeout (SH 12775ms): Timed out
Simplex/mirabelle.log:0.sledgehammer goal.by        12894ms Simplex.Simplex 3507:148135  timeout (SH 12894ms): Timed out
Simplex/mirabelle.log:0.sledgehammer goal.using     12774ms Simplex.Simplex 3509:148333  timeout (SH 12774ms): Timed out
Simplex/mirabelle.log:0.sledgehammer goal.by        12943ms Simplex.Simplex 3510:148388  timeout (SH 12943ms): Timed out
Simplex/mirabelle.log:0.sledgehammer goal.using     13063ms Simplex.Simplex 3512:148489  timeout (SH 13063ms): Timed out
Simplex/mirabelle.log:0.sledgehammer goal.by        12741ms Simplex.Simplex 3513:148525  timeout (SH 12741ms): Timed out
Simplex/mirabelle.log:0.sledgehammer goal.proof     12528ms Simplex.Simplex 3521:148825  timeout (SH 12528ms): Timed out
Simplex/mirabelle.log:0.sledgehammer goal.unfolding 12974ms Simplex.Simplex 3533:149240  timeout (SH 12974ms): Timed out
Simplex/mirabelle.log:0.sledgehammer goal.using     13001ms Simplex.Simplex 3534:149296  timeout (SH 13001ms): Timed out
Simplex/mirabelle.log:0.sledgehammer goal.by        13005ms Simplex.Simplex 3535:149327  timeout (SH 13005ms): Timed out
Simplex/mirabelle.log:0.sledgehammer goal.proof     12949ms Simplex.Simplex 3537:149449  timeout (SH 12949ms): Timed out
Simplex/mirabelle.log:0.sledgehammer goal.proof     13143ms Simplex.Simplex 3539:149491  timeout (SH 13143ms): Timed out
Simplex/mirabelle.log:0.sledgehammer goal.proof     12714ms Simplex.Simplex 3547:149752  timeout (SH 12713ms): Timed out
Simplex/mirabelle.log:0.sledgehammer goal.unfolding 13778ms Simplex.Simplex 3555:150136  timeout (SH 13777ms): Timed out
Simplex/mirabelle.log:0.sledgehammer goal.by        13771ms Simplex.Simplex 3556:150168  timeout (SH 13771ms): Timed out
Simplex/mirabelle.log:0.sledgehammer goal.proof     13767ms Simplex.Simplex 3569:150517  timeout (SH 13767ms): Timed out
Simplex/mirabelle.log:0.sledgehammer goal.proof     12862ms Simplex.Simplex 3573:150600  timeout (SH 12861ms): Timed out
Simplex/mirabelle.log:0.sledgehammer goal.using     12802ms Simplex.Simplex 3582:150901  timeout (SH 12802ms): Timed out
Simplex/mirabelle.log:0.sledgehammer goal.using     12813ms Simplex.Simplex 3583:150936  timeout (SH 12813ms): Timed out
Simplex/mirabelle.log:0.sledgehammer goal.unfolding 12976ms Simplex.Simplex 3584:151003  timeout (SH 12976ms): Timed out
Simplex/mirabelle.log:0.sledgehammer goal.by        12852ms Simplex.Simplex 3585:151035  timeout (SH 12852ms): Timed out
Simplex/mirabelle.log:0.sledgehammer goal.unfolding 12804ms Simplex.Simplex 3607:151668  timeout (SH 12803ms): Timed out
Simplex/mirabelle.log:0.sledgehammer goal.proof     13535ms Simplex.Simplex 3608:151703  timeout (SH 13535ms): Timed out
Simplex/mirabelle.log:0.sledgehammer goal.proof     12624ms Simplex.Simplex 3617:152000  timeout (SH 12624ms): Timed out
Simplex/mirabelle.log:0.sledgehammer goal.proof     12619ms Simplex.Simplex 3636:153266  timeout (SH 12619ms): Timed out
Simplex/mirabelle.log:0.sledgehammer goal.unfolding 13152ms Simplex.Simplex 3641:153531  timeout (SH 13151ms): Timed out
Simplex/mirabelle.log:0.sledgehammer goal.unfolding 13080ms Simplex.Simplex 3644:153662  timeout (SH 13080ms): Timed out
Simplex/mirabelle.log:0.sledgehammer goal.using     12905ms Simplex.Simplex 3656:154103  timeout (SH 12905ms): Timed out
Simplex/mirabelle.log:0.sledgehammer goal.using     13745ms Simplex.Simplex 3657:154146  timeout (SH 13745ms): Timed out
Simplex/mirabelle.log:0.sledgehammer goal.using     12909ms Simplex.Simplex 3658:154172  timeout (SH 12909ms): Timed out
Simplex/mirabelle.log:0.sledgehammer goal.using     13081ms Simplex.Simplex 3659:154208  timeout (SH 13081ms): Timed out
Simplex/mirabelle.log:0.sledgehammer goal.using     13037ms Simplex.Simplex 3660:154276  timeout (SH 13036ms): Timed out
Simplex/mirabelle.log:0.sledgehammer goal.unfolding 12870ms Simplex.Simplex 3661:154305  timeout (SH 12870ms): Timed out
Simplex/mirabelle.log:0.sledgehammer goal.by        13037ms Simplex.Simplex 3662:154331  timeout (SH 13037ms): Timed out
Simplex/mirabelle.log:0.sledgehammer goal.unfolding 12624ms Simplex.Simplex 3666:154407  timeout (SH 12624ms): Timed out
Simplex/mirabelle.log:0.sledgehammer goal.proof     12757ms Simplex.Simplex 3667:154441  timeout (SH 12757ms): Timed out
Simplex/mirabelle.log:0.sledgehammer goal.proof     12734ms Simplex.Simplex 3670:154535  timeout (SH 12734ms): Timed out
Simplex/mirabelle.log:0.sledgehammer goal.by        13514ms Simplex.Simplex 3689:155157  timeout (SH 13514ms): Timed out
Simplex/mirabelle.log:0.sledgehammer goal.using     12659ms Simplex.Simplex 3695:155408  timeout (SH 12659ms): Timed out
Simplex/mirabelle.log:0.sledgehammer goal.unfolding 12531ms Simplex.Simplex 3696:155439  timeout (SH 12531ms): Timed out
Simplex/mirabelle.log:0.sledgehammer goal.by        160381ms Simplex.Simplex 3697:155485  timeout (SH 160381ms):
Simplex/mirabelle.log:0.sledgehammer goal.using     12335ms Simplex.Simplex 3767:158409  timeout (SH 12335ms): Timed out
Simplex/mirabelle.log:0.sledgehammer goal.proof     13197ms Simplex.Simplex 3809:160129  timeout (SH 13197ms): Timed out
Simplex/mirabelle.log:0.sledgehammer goal.using     12237ms Simplex.Simplex 3811:160195  timeout (SH 12236ms): Timed out
Simplex/mirabelle.log:0.sledgehammer goal.using     12304ms Simplex.Simplex 3812:160209  timeout (SH 12304ms): Timed out
Simplex/mirabelle.log:0.sledgehammer goal.proof     12292ms Simplex.Simplex 3816:160394  timeout (SH 12292ms): Timed out
Simplex/mirabelle.log:0.sledgehammer goal.using     12199ms Simplex.Simplex 3823:160683  timeout (SH 12199ms): Timed out
Simplex/mirabelle.log:0.sledgehammer goal.by        12395ms Simplex.Simplex 3824:160697  timeout (SH 12395ms): Timed out
Simplex/mirabelle.log:0.sledgehammer goal.unfolding 13159ms Simplex.Simplex 3829:160917  timeout (SH 13159ms): Timed out
Simplex/mirabelle.log:0.sledgehammer goal.by        13320ms Simplex.Simplex 3830:160962  timeout (SH 13320ms): Timed out
Simplex/mirabelle.log:0.sledgehammer goal.using     12205ms Simplex.Simplex 3834:161145  timeout (SH 12205ms): Timed out
Simplex/mirabelle.log:0.sledgehammer goal.by        12213ms Simplex.Simplex 3835:161159  timeout (SH 12212ms): Timed out
Simplex/mirabelle.log:0.sledgehammer goal.using     12272ms Simplex.Simplex 3837:161266  timeout (SH 12271ms): Timed out
Simplex/mirabelle.log:0.sledgehammer goal.using     12363ms Simplex.Simplex 3838:161300  timeout (SH 12363ms): Timed out
Simplex/mirabelle.log:0.sledgehammer goal.by        12246ms Simplex.Simplex 3839:161370  timeout (SH 12246ms): Timed out
Simplex/mirabelle.log:0.sledgehammer goal.using     12216ms Simplex.Simplex 3847:161691  timeout (SH 12216ms): Timed out
Simplex/mirabelle.log:0.sledgehammer goal.by        12220ms Simplex.Simplex 3848:161705  timeout (SH 12220ms): Timed out
Simplex/mirabelle.log:0.sledgehammer goal.unfolding 13077ms Simplex.Simplex 3853:161925  timeout (SH 13077ms): Timed out
Simplex/mirabelle.log:0.sledgehammer goal.by        12453ms Simplex.Simplex 3854:161970  timeout (SH 12453ms): Timed out
Simplex/mirabelle.log:0.sledgehammer goal.using     12323ms Simplex.Simplex 3859:162154  timeout (SH 12323ms): Timed out
Simplex/mirabelle.log:0.sledgehammer goal.by        12164ms Simplex.Simplex 3860:162168  timeout (SH 12164ms): Timed out
Simplex/mirabelle.log:0.sledgehammer goal.using     13167ms Simplex.Simplex 3862:162275  timeout (SH 13167ms): Timed out
Simplex/mirabelle.log:0.sledgehammer goal.using     12372ms Simplex.Simplex 3863:162309  timeout (SH 12372ms): Timed out
Simplex/mirabelle.log:0.sledgehammer goal.by        12268ms Simplex.Simplex 3864:162379  timeout (SH 12268ms): Timed out
Simplex/mirabelle.log:0.sledgehammer goal.using     12644ms Simplex.Simplex 3867:162486  timeout (SH 12644ms): Timed out
Simplex/mirabelle.log:0.sledgehammer goal.apply     12559ms Simplex.Simplex 3868:162498  timeout (SH 12559ms): Timed out
Simplex/mirabelle.log:0.sledgehammer goal.using     12334ms Simplex.Simplex 3875:162787  timeout (SH 12334ms): Timed out
Simplex/mirabelle.log:0.sledgehammer goal.using     12581ms Simplex.Simplex 3876:162831  timeout (SH 12581ms): Timed out
Simplex/mirabelle.log:0.sledgehammer goal.by        12479ms Simplex.Simplex 3877:162888  timeout (SH 12479ms): Timed out
Simplex/mirabelle.log:0.sledgehammer goal.proof     13173ms Simplex.Simplex 3977:166779  timeout (SH 13173ms): Timed out
Simplex/mirabelle.log:0.sledgehammer goal.using     12841ms Simplex.Simplex 3979:166843  timeout (SH 12841ms): Timed out
Simplex/mirabelle.log:0.sledgehammer goal.using     12982ms Simplex.Simplex 3980:166947  timeout (SH 12982ms): Timed out
Simplex/mirabelle.log:0.sledgehammer goal.using     14522ms Simplex.Simplex 3981:167033  timeout (SH 14522ms): Timed out
Simplex/mirabelle.log:0.sledgehammer goal.by        14121ms Simplex.Simplex 3982:167049  timeout (SH 14121ms): Timed out
Simplex/mirabelle.log:0.sledgehammer goal.proof     12473ms Simplex.Simplex 4029:168914  timeout (SH 12473ms): Timed out
Simplex/mirabelle.log:0.sledgehammer goal.using     12265ms Simplex.Simplex 4072:170269  timeout (SH 12265ms): Timed out
Simplex/mirabelle.log:0.sledgehammer goal.proof     12339ms Simplex.Simplex 4104:171459  timeout (SH 12339ms): Timed out
Simplex/mirabelle.log:0.sledgehammer goal.using     13101ms Simplex.Simplex 4114:171797  timeout (SH 13101ms): Timed out
Simplex/mirabelle.log:0.sledgehammer goal.using     12415ms Simplex.Simplex 4115:171846  timeout (SH 12415ms): Timed out
Simplex/mirabelle.log:0.sledgehammer goal.using     12812ms Simplex.Simplex 4116:171929  timeout (SH 12812ms): Timed out
Simplex/mirabelle.log:0.sledgehammer goal.using     12416ms Simplex.Simplex 4117:172012  timeout (SH 12416ms): Timed out
Simplex/mirabelle.log:0.sledgehammer goal.using     12290ms Simplex.Simplex 4118:172059  timeout (SH 12290ms): Timed out
Simplex/mirabelle.log:0.sledgehammer goal.using     13487ms Simplex.Simplex 4119:172106  timeout (SH 13487ms): Timed out
Simplex/mirabelle.log:0.sledgehammer goal.using     12425ms Simplex.Simplex 4120:172160  timeout (SH 12425ms): Timed out
Simplex/mirabelle.log:0.sledgehammer goal.by        12496ms Simplex.Simplex 4121:172225  timeout (SH 12496ms): Timed out
Simplex/mirabelle.log:0.sledgehammer goal.proof     13001ms Simplex.Simplex 4129:172482  timeout (SH 13001ms): Timed out
Simplex/mirabelle.log:0.sledgehammer goal.using     12993ms Simplex.Simplex 4139:172823  timeout (SH 12993ms): Timed out
Simplex/mirabelle.log:0.sledgehammer goal.using     12440ms Simplex.Simplex 4140:172872  timeout (SH 12440ms): Timed out
Simplex/mirabelle.log:0.sledgehammer goal.using     13076ms Simplex.Simplex 4141:172955  timeout (SH 13076ms): Timed out
Simplex/mirabelle.log:0.sledgehammer goal.using     12575ms Simplex.Simplex 4142:173038  timeout (SH 12575ms): Timed out
Simplex/mirabelle.log:0.sledgehammer goal.using     12716ms Simplex.Simplex 4143:173087  timeout (SH 12716ms): Timed out
Simplex/mirabelle.log:0.sledgehammer goal.by        12770ms Simplex.Simplex 4144:173118  timeout (SH 12770ms): Timed out
Simplex/mirabelle.log:0.sledgehammer goal.proof     12370ms Simplex.Simplex 4161:173762  timeout (SH 12370ms): Timed out
Simplex/mirabelle.log:0.sledgehammer goal.using     14063ms Simplex.Simplex 4175:174343  timeout (SH 14063ms): Timed out
Simplex/mirabelle.log:0.sledgehammer goal.using     13098ms Simplex.Simplex 4176:174392  timeout (SH 13098ms): Timed out
Simplex/mirabelle.log:0.sledgehammer goal.using     12901ms Simplex.Simplex 4177:174475  timeout (SH 12901ms): Timed out
Simplex/mirabelle.log:0.sledgehammer goal.using     12861ms Simplex.Simplex 4178:174558  timeout (SH 12861ms): Timed out
Simplex/mirabelle.log:0.sledgehammer goal.using     12893ms Simplex.Simplex 4179:174607  timeout (SH 12893ms): Timed out
Simplex/mirabelle.log:0.sledgehammer goal.using     13050ms Simplex.Simplex 4180:174656  timeout (SH 13050ms): Timed out
Simplex/mirabelle.log:0.sledgehammer goal.by        12700ms Simplex.Simplex 4181:174708  timeout (SH 12700ms): Timed out
Simplex/mirabelle.log:0.sledgehammer goal.proof     12645ms Simplex.Simplex 4184:174903  timeout (SH 12645ms): Timed out
Simplex/mirabelle.log:0.sledgehammer goal.using     12488ms Simplex.Simplex 4187:175026  timeout (SH 12488ms): Timed out
Simplex/mirabelle.log:0.sledgehammer goal.by        12177ms Simplex.Simplex 4188:175042  timeout (SH 12177ms): Timed out
Simplex/mirabelle.log:0.sledgehammer goal.using     12856ms Simplex.Simplex 4192:175204  timeout (SH 12856ms): Timed out
Simplex/mirabelle.log:0.sledgehammer goal.using     12880ms Simplex.Simplex 4196:175373  timeout (SH 12880ms): Timed out
Simplex/mirabelle.log:0.sledgehammer goal.by        13575ms Simplex.Simplex 4197:175413  timeout (SH 13575ms): Timed out
Simplex/mirabelle.log:0.sledgehammer goal.proof     13548ms Simplex.Simplex 4213:176027  timeout (SH 13548ms): Timed out
Simplex/mirabelle.log:0.sledgehammer goal.using     13605ms Simplex.Simplex 4227:176723  timeout (SH 13605ms): Timed out
Simplex/mirabelle.log:0.sledgehammer goal.using     13365ms Simplex.Simplex 4228:176773  timeout (SH 13365ms): Timed out
Simplex/mirabelle.log:0.sledgehammer goal.proof     13085ms Simplex.Simplex 4234:177155  timeout (SH 13084ms): Timed out
Simplex/mirabelle.log:0.sledgehammer goal.using     12227ms Simplex.Simplex 4237:177282  timeout (SH 12227ms): Timed out
Simplex/mirabelle.log:0.sledgehammer goal.by        12695ms Simplex.Simplex 4238:177298  timeout (SH 12695ms): Timed out
Simplex/mirabelle.log:0.sledgehammer goal.by        13168ms Simplex.Simplex 4243:177521  timeout (SH 13168ms): Timed out
Simplex/mirabelle.log:0.sledgehammer goal.using     13473ms Simplex.Simplex 4246:177627  timeout (SH 13473ms): Timed out
Simplex/mirabelle.log:0.sledgehammer goal.using     13642ms Simplex.Simplex 4247:177691  timeout (SH 13642ms): Timed out
Simplex/mirabelle.log:0.sledgehammer goal.using     12803ms Simplex.Simplex 4249:177790  timeout (SH 12803ms): Timed out
Simplex/mirabelle.log:0.sledgehammer goal.by        12961ms Simplex.Simplex 4250:177850  timeout (SH 12960ms): Timed out
Simplex/mirabelle.log:0.sledgehammer goal.using     13273ms Simplex.Simplex 4259:178276  timeout (SH 13273ms): Timed out
Simplex/mirabelle.log:0.sledgehammer goal.using     12887ms Simplex.Simplex 4261:178371  timeout (SH 12887ms): Timed out
Simplex/mirabelle.log:0.sledgehammer goal.using     13018ms Simplex.Simplex 4262:178431  timeout (SH 13018ms): Timed out
Simplex/mirabelle.log:0.sledgehammer goal.using     13085ms Simplex.Simplex 4263:178485  timeout (SH 13085ms): Timed out
Simplex/mirabelle.log:0.sledgehammer goal.by        13155ms Simplex.Simplex 4264:178497  timeout (SH 13155ms): Timed out
Simplex/mirabelle.log:0.sledgehammer goal.proof     13000ms Simplex.Simplex 4272:178762  timeout (SH 13000ms): Timed out
Simplex/mirabelle.log:0.sledgehammer goal.unfolding 13853ms Simplex.Simplex 4280:179051  timeout (SH 13853ms): Timed out
Simplex/mirabelle.log:0.sledgehammer goal.by        13387ms Simplex.Simplex 4281:179078  timeout (SH 13387ms): Timed out
Simplex/mirabelle.log:0.sledgehammer goal.using     12756ms Simplex.Simplex 4299:179920  timeout (SH 12756ms): Timed out
Simplex/mirabelle.log:0.sledgehammer goal.using     12605ms Simplex.Simplex 4300:179974  timeout (SH 12605ms): Timed out
Simplex/mirabelle.log:0.sledgehammer goal.using     12728ms Simplex.Simplex 4301:180039  timeout (SH 12727ms): Timed out
Simplex/mirabelle.log:0.sledgehammer goal.using     13530ms Simplex.Simplex 4302:180110  timeout (SH 13530ms): Timed out
Simplex/mirabelle.log:0.sledgehammer goal.by        12662ms Simplex.Simplex 4303:180216  timeout (SH 12661ms): Timed out
Simplex/mirabelle.log:0.sledgehammer goal.proof     12491ms Simplex.Simplex 4310:180364  timeout (SH 12491ms): Timed out
Simplex/mirabelle.log:0.sledgehammer goal.unfolding 12980ms Simplex.Simplex 4318:180653  timeout (SH 12979ms): Timed out
Simplex/mirabelle.log:0.sledgehammer goal.by        14381ms Simplex.Simplex 4319:180680  timeout (SH 14380ms): Timed out
Simplex/mirabelle.log:0.sledgehammer goal.proof     12805ms Simplex.Simplex 4341:181584  timeout (SH 12805ms): Timed out
Simplex/mirabelle.log:0.sledgehammer goal.unfolding 13018ms Simplex.Simplex 4349:181876  timeout (SH 13018ms): Timed out
Simplex/mirabelle.log:0.sledgehammer goal.by        13282ms Simplex.Simplex 4350:181903  timeout (SH 13282ms): Timed out
Simplex/mirabelle.log:0.sledgehammer goal.using     12795ms Simplex.Simplex 4368:182591  timeout (SH 12795ms): Timed out
Simplex/mirabelle.log:0.sledgehammer goal.using     12424ms Simplex.Simplex 4380:183024  timeout (SH 12424ms): Timed out
Simplex/mirabelle.log:0.sledgehammer goal.proof     12763ms Simplex.Simplex 4381:183032  timeout (SH 12763ms): Timed out
Simplex/mirabelle.log:0.sledgehammer goal.using     12021ms Simplex.Simplex 4388:183164  timeout (SH 12021ms): Timed out
Simplex/mirabelle.log:0.sledgehammer goal.by        12173ms Simplex.Simplex 4389:183221  timeout (SH 12173ms): Timed out
Simplex/mirabelle.log:0.sledgehammer goal.proof     12298ms Simplex.Simplex 4392:183263  timeout (SH 12298ms): Timed out
Simplex/mirabelle.log:0.sledgehammer goal.using     13068ms Simplex.Simplex 4394:183320  timeout (SH 13068ms): Timed out
Simplex/mirabelle.log:0.sledgehammer goal.unfolding 13310ms Simplex.Simplex 4395:183353  timeout (SH 13310ms): Timed out
Simplex/mirabelle.log:0.sledgehammer goal.by        13429ms Simplex.Simplex 4396:183383  timeout (SH 13429ms): Timed out
Simplex/mirabelle.log:0.sledgehammer goal.using     12569ms Simplex.Simplex 4407:183593  timeout (SH 12568ms): Timed out
Simplex/mirabelle.log:0.sledgehammer goal.proof     12716ms Simplex.Simplex 4408:183605  timeout (SH 12715ms): Timed out
Simplex/mirabelle.log:0.sledgehammer goal.using     12171ms Simplex.Simplex 4419:183937  timeout (SH 12171ms): Timed out
Simplex/mirabelle.log:0.sledgehammer goal.proof     13164ms Simplex.Simplex 4420:183949  timeout (SH 13164ms): Timed out
Simplex/mirabelle.log:0.sledgehammer goal.proof     12166ms Simplex.Simplex 4431:184298  timeout (SH 12166ms): Timed out
Simplex/mirabelle.log:0.sledgehammer goal.using     12228ms Simplex.Simplex 4434:184356  timeout (SH 12228ms): Timed out
Simplex/mirabelle.log:0.sledgehammer goal.by        12299ms Simplex.Simplex 4435:184402  timeout (SH 12299ms): Timed out
Simplex/mirabelle.log:0.sledgehammer goal.using     12296ms Simplex.Simplex 4441:184484  timeout (SH 12296ms): Timed out
Simplex/mirabelle.log:0.sledgehammer goal.by        12369ms Simplex.Simplex 4442:184530  timeout (SH 12369ms): Timed out
Simplex/mirabelle.log:0.sledgehammer goal.using     12353ms Simplex.Simplex 4448:184686  timeout (SH 12353ms): Timed out
Simplex/mirabelle.log:0.sledgehammer goal.proof     13102ms Simplex.Simplex 4449:184698  timeout (SH 13102ms): Timed out
Simplex/mirabelle.log:0.sledgehammer goal.proof     12271ms Simplex.Simplex 4459:185012  timeout (SH 12271ms): Timed out
Simplex/mirabelle.log:0.sledgehammer goal.using     12352ms Simplex.Simplex 4462:185070  timeout (SH 12352ms): Timed out
Simplex/mirabelle.log:0.sledgehammer goal.using     12322ms Simplex.Simplex 4469:185206  timeout (SH 12322ms): Timed out
Simplex/mirabelle.log:0.sledgehammer goal.using     12189ms Simplex.Simplex 4476:185453  timeout (SH 12189ms): Timed out
Simplex/mirabelle.log:0.sledgehammer goal.proof     13731ms Simplex.Simplex 4477:185465  timeout (SH 13731ms): Timed out
Simplex/mirabelle.log:0.sledgehammer goal.using     12573ms Simplex.Simplex 4484:185586  timeout (SH 12573ms): Timed out
Simplex/mirabelle.log:0.sledgehammer goal.by        12791ms Simplex.Simplex 4485:185643  timeout (SH 12791ms): Timed out
Simplex/mirabelle.log:0.sledgehammer goal.proof     12544ms Simplex.Simplex 4488:185686  timeout (SH 12544ms): Timed out
Simplex/mirabelle.log:0.sledgehammer goal.using     12925ms Simplex.Simplex 4490:185768  timeout (SH 12925ms): Timed out
Simplex/mirabelle.log:0.sledgehammer goal.unfolding 13322ms Simplex.Simplex 4491:185801  timeout (SH 13322ms): Timed out
Simplex/mirabelle.log:0.sledgehammer goal.by        13342ms Simplex.Simplex 4492:185831  timeout (SH 13342ms): Timed out
Simplex/mirabelle.log:0.sledgehammer goal.proof     12419ms Simplex.Simplex 4496:185911  timeout (SH 12419ms): Timed out
Simplex/mirabelle.log:0.sledgehammer goal.using     14317ms Simplex.Simplex 4498:185976  timeout (SH 14317ms): Timed out
Simplex/mirabelle.log:0.sledgehammer goal.unfolding 13538ms Simplex.Simplex 4499:186009  timeout (SH 13538ms): Timed out
Simplex/mirabelle.log:0.sledgehammer goal.by        13859ms Simplex.Simplex 4500:186039  timeout (SH 13859ms): Timed out
Simplex/mirabelle.log:0.sledgehammer goal.using     12141ms Simplex.Simplex 4513:186337  timeout (SH 12141ms): Timed out
Simplex/mirabelle.log:0.sledgehammer goal.proof     13450ms Simplex.Simplex 4514:186349  timeout (SH 13450ms): Timed out
Simplex/mirabelle.log:0.sledgehammer goal.using     12196ms Simplex.Simplex 4524:186607  timeout (SH 12196ms): Timed out
Simplex/mirabelle.log:0.sledgehammer goal.by        12397ms Simplex.Simplex 4525:186624  timeout (SH 12397ms): Timed out
Simplex/mirabelle.log:0.sledgehammer goal.using     12786ms Simplex.Simplex 4528:186668  timeout (SH 12786ms): Timed out
Simplex/mirabelle.log:0.sledgehammer goal.unfolding 12712ms Simplex.Simplex 4529:186708  timeout (SH 12712ms): Timed out
Simplex/mirabelle.log:0.sledgehammer goal.by        13167ms Simplex.Simplex 4530:186736  timeout (SH 13167ms): Timed out
Simplex/mirabelle.log:0.sledgehammer goal.using     12459ms Simplex.Simplex 4540:187020  timeout (SH 12459ms): Timed out
Simplex/mirabelle.log:0.sledgehammer goal.by        12716ms Simplex.Simplex 4541:187054  timeout (SH 12716ms): Timed out
Simplex/mirabelle.log:0.sledgehammer goal.using     12564ms Simplex.Simplex 4546:187236  timeout (SH 12564ms): Timed out
Simplex/mirabelle.log:0.sledgehammer goal.using     12746ms Simplex.Simplex 4547:187261  timeout (SH 12746ms): Timed out
Simplex/mirabelle.log:0.sledgehammer goal.using     12560ms Simplex.Simplex 4548:187349  timeout (SH 12560ms): Timed out
Simplex/mirabelle.log:0.sledgehammer goal.by        12593ms Simplex.Simplex 4549:187421  timeout (SH 12593ms): Timed out
Simplex/mirabelle.log:0.sledgehammer goal.proof     12568ms Simplex.Simplex 4551:187498  timeout (SH 12567ms): Timed out
Simplex/mirabelle.log:0.sledgehammer goal.proof     12647ms Simplex.Simplex 4560:187790  timeout (SH 12647ms): Timed out
Simplex/mirabelle.log:0.sledgehammer goal.using     12579ms Simplex.Simplex 4569:188019  timeout (SH 12579ms): Timed out
Simplex/mirabelle.log:0.sledgehammer goal.using     12109ms Simplex.Simplex 4579:188314  timeout (SH 12109ms): Timed out
Simplex/mirabelle.log:0.sledgehammer goal.proof     12818ms Simplex.Simplex 4580:188326  timeout (SH 12818ms): Timed out
Simplex/mirabelle.log:0.sledgehammer goal.using     12159ms Simplex.Simplex 4591:188657  timeout (SH 12159ms): Timed out
Simplex/mirabelle.log:0.sledgehammer goal.proof     12428ms Simplex.Simplex 4592:188669  timeout (SH 12428ms): Timed out
Simplex/mirabelle.log:0.sledgehammer goal.using     12454ms Simplex.Simplex 4612:189336  timeout (SH 12454ms): Timed out
Simplex/mirabelle.log:0.sledgehammer goal.proof     12529ms Simplex.Simplex 4613:189348  timeout (SH 12529ms): Timed out
Simplex/mirabelle.log:0.sledgehammer goal.using     12138ms Simplex.Simplex 4625:189686  timeout (SH 12138ms): Timed out
Simplex/mirabelle.log:0.sledgehammer goal.proof     13220ms Simplex.Simplex 4626:189698  timeout (SH 13220ms): Timed out
Simplex/mirabelle.log:0.sledgehammer goal.using     13097ms Simplex.Simplex 4633:189828  timeout (SH 13097ms): Timed out
Simplex/mirabelle.log:0.sledgehammer goal.unfolding 13377ms Simplex.Simplex 4634:189859  timeout (SH 13377ms): Timed out
Simplex/mirabelle.log:0.sledgehammer goal.by        13613ms Simplex.Simplex 4635:189887  timeout (SH 13613ms): Timed out
Simplex/mirabelle.log:0.sledgehammer goal.proof     12029ms Simplex.Simplex 4640:189968  timeout (SH 12029ms): Timed out
Simplex/mirabelle.log:0.sledgehammer goal.using     12370ms Simplex.Simplex 4643:190058  timeout (SH 12370ms): Timed out
Simplex/mirabelle.log:0.sledgehammer goal.by        12176ms Simplex.Simplex 4644:190099  timeout (SH 12176ms): Timed out
Simplex/mirabelle.log:0.sledgehammer goal.using     12415ms Simplex.Simplex 4649:190266  timeout (SH 12415ms): Timed out
Simplex/mirabelle.log:0.sledgehammer goal.using     12453ms Simplex.Simplex 4650:190320  timeout (SH 12453ms): Timed out
Simplex/mirabelle.log:0.sledgehammer goal.by        12656ms Simplex.Simplex 4651:190393  timeout (SH 12656ms): Timed out
Simplex/mirabelle.log:0.sledgehammer goal.using     12787ms Simplex.Simplex 4657:190533  timeout (SH 12787ms): Timed out
Simplex/mirabelle.log:0.sledgehammer goal.using     12454ms Simplex.Simplex 4658:190552  timeout (SH 12454ms): Timed out
Simplex/mirabelle.log:0.sledgehammer goal.using     12208ms Simplex.Simplex 4670:190870  timeout (SH 12208ms): Timed out
Simplex/mirabelle.log:0.sledgehammer goal.proof     12258ms Simplex.Simplex 4671:190882  timeout (SH 12258ms): Timed out
Simplex/mirabelle.log:0.sledgehammer goal.using     12904ms Simplex.Simplex 4678:191012  timeout (SH 12904ms): Timed out
Simplex/mirabelle.log:0.sledgehammer goal.unfolding 13707ms Simplex.Simplex 4679:191043  timeout (SH 13707ms): Timed out
Simplex/mirabelle.log:0.sledgehammer goal.by        13174ms Simplex.Simplex 4680:191071  timeout (SH 13174ms): Timed out
Simplex/mirabelle.log:0.sledgehammer goal.proof     13415ms Simplex.Simplex 4685:191152  timeout (SH 13415ms): Timed out
Simplex/mirabelle.log:0.sledgehammer goal.using     12740ms Simplex.Simplex 4688:191242  timeout (SH 12740ms): Timed out
Simplex/mirabelle.log:0.sledgehammer goal.by        13745ms Simplex.Simplex 4689:191283  timeout (SH 13745ms): Timed out
Simplex/mirabelle.log:0.sledgehammer goal.using     12155ms Simplex.Simplex 4694:191450  timeout (SH 12155ms): Timed out
Simplex/mirabelle.log:0.sledgehammer goal.using     12452ms Simplex.Simplex 4695:191504  timeout (SH 12452ms): Timed out
Simplex/mirabelle.log:0.sledgehammer goal.by        12876ms Simplex.Simplex 4696:191577  timeout (SH 12876ms): Timed out
Simplex/mirabelle.log:0.sledgehammer goal.using     12370ms Simplex.Simplex 4702:191717  timeout (SH 12370ms): Timed out
Simplex/mirabelle.log:0.sledgehammer goal.using     12399ms Simplex.Simplex 4703:191736  timeout (SH 12399ms): Timed out
Simplex/mirabelle.log:0.sledgehammer goal.proof     12620ms Simplex.Simplex 4715:192105  timeout (SH 12620ms): Timed out
Simplex/mirabelle.log:0.sledgehammer goal.proof     12436ms Simplex.Simplex 4728:192385  timeout (SH 12436ms): Timed out
Simplex/mirabelle.log:0.sledgehammer goal.by        13478ms Simplex.Simplex 4740:192650  timeout (SH 13477ms): Timed out
Simplex/mirabelle.log:0.sledgehammer goal.proof     12473ms Simplex.Simplex 4749:192879  timeout (SH 12473ms): Timed out
Simplex/mirabelle.log:0.sledgehammer goal.by        12485ms Simplex.Simplex 4752:193027  timeout (SH 12485ms): Timed out
Simplex/mirabelle.log:0.sledgehammer goal.using     12532ms Simplex.Simplex 4754:193094  timeout (SH 12532ms): Timed out
Simplex/mirabelle.log:0.sledgehammer goal.using     13527ms Simplex.Simplex 4755:193115  timeout (SH 13527ms): Timed out
Simplex/mirabelle.log:0.sledgehammer goal.by        12651ms Simplex.Simplex 4756:193145  timeout (SH 12650ms): Timed out
Simplex/mirabelle.log:0.sledgehammer goal.proof     13259ms Simplex.Simplex 4761:193230  timeout (SH 13259ms): Timed out
Simplex/mirabelle.log:0.sledgehammer goal.by        12957ms Simplex.Simplex 4763:193288  timeout (SH 12957ms): Timed out
Simplex/mirabelle.log:0.sledgehammer goal.proof     13267ms Simplex.Simplex 4766:193396  timeout (SH 13267ms): Timed out
Simplex/mirabelle.log:0.sledgehammer goal.proof     12865ms Simplex.Simplex 4769:193518  timeout (SH 12865ms): Timed out
Simplex/mirabelle.log:0.sledgehammer goal.proof     12685ms Simplex.Simplex 4778:193807  timeout (SH 12685ms): Timed out
Simplex/mirabelle.log:0.sledgehammer goal.using     12353ms Simplex.Simplex 4780:193866  timeout (SH 12353ms): Timed out
Simplex/mirabelle.log:0.sledgehammer goal.using     12784ms Simplex.Simplex 4781:193924  timeout (SH 12784ms): Timed out
Simplex/mirabelle.log:0.sledgehammer goal.by        13077ms Simplex.Simplex 4782:193980  timeout (SH 13077ms): Timed out
Simplex/mirabelle.log:0.sledgehammer goal.using     13184ms Simplex.Simplex 4785:194039  timeout (SH 13184ms): Timed out
Simplex/mirabelle.log:0.sledgehammer goal.using     12538ms Simplex.Simplex 4786:194066  timeout (SH 12538ms): Timed out
Simplex/mirabelle.log:0.sledgehammer goal.by        14130ms Simplex.Simplex 4787:194103  timeout (SH 14130ms): Timed out
Simplex/mirabelle.log:0.sledgehammer goal.using     12409ms Simplex.Simplex 4790:194211  timeout (SH 12409ms): Timed out
Simplex/mirabelle.log:0.sledgehammer goal.by        12784ms Simplex.Simplex 4801:194493  timeout (SH 12784ms): Timed out
Simplex/mirabelle.log:0.sledgehammer goal.using     13127ms Simplex.Simplex 4804:194583  timeout (SH 13127ms): Timed out
Simplex/mirabelle.log:0.sledgehammer goal.proof     12700ms Simplex.Simplex 4821:195122  timeout (SH 12699ms): Timed out
Simplex/mirabelle.log:0.sledgehammer goal.using     13519ms Simplex.Simplex 4829:195465  timeout (SH 13519ms): Timed out
Simplex/mirabelle.log:0.sledgehammer goal.by        12776ms Simplex.Simplex 4830:195495  timeout (SH 12775ms): Timed out
Simplex/mirabelle.log:0.sledgehammer goal.proof     12640ms Simplex.Simplex 4832:195557  timeout (SH 12640ms): Timed out
Simplex/mirabelle.log:0.sledgehammer goal.unfolding 12555ms Simplex.Simplex 4841:195804  timeout (SH 12555ms): Timed out
Simplex/mirabelle.log:0.sledgehammer goal.proof     12860ms Simplex.Simplex 4842:195829  timeout (SH 12860ms): Timed out
Simplex/mirabelle.log:0.sledgehammer goal.proof     12645ms Simplex.Simplex 4857:196342  timeout (SH 12645ms): Timed out
Simplex/mirabelle.log:0.sledgehammer goal.proof     12710ms Simplex.Simplex 4889:197324  timeout (SH 12710ms): Timed out
Simplex/mirabelle.log:0.sledgehammer goal.using     13557ms Simplex.Simplex 4900:197656  timeout (SH 13557ms): Timed out
Simplex/mirabelle.log:0.sledgehammer goal.using     12942ms Simplex.Simplex 4907:197874  timeout (SH 12942ms): Timed out
Simplex/mirabelle.log:0.sledgehammer goal.by        12793ms Simplex.Simplex 4908:197906  timeout (SH 12792ms): Timed out
Simplex/mirabelle.log:0.sledgehammer goal.by        12261ms Simplex.Simplex 4912:198016  timeout (SH 12261ms): Timed out
Simplex/mirabelle.log:0.sledgehammer goal.proof     12478ms Simplex.Simplex 4915:198118  timeout (SH 12478ms): Timed out
Simplex/mirabelle.log:0.sledgehammer goal.using     12388ms Simplex.Simplex 4917:198205  timeout (SH 12388ms): Timed out
Simplex/mirabelle.log:0.sledgehammer goal.by        13139ms Simplex.Simplex 4918:198267  timeout (SH 13139ms): Timed out
Simplex/mirabelle.log:0.sledgehammer goal.by        12492ms Simplex.Simplex 4923:198408  timeout (SH 12492ms): Timed out
Simplex/mirabelle.log:0.sledgehammer goal.using     12340ms Simplex.Simplex 4925:198448  timeout (SH 12340ms): Timed out
Simplex/mirabelle.log:0.sledgehammer goal.by        12544ms Simplex.Simplex 4926:198505  timeout (SH 12544ms): Timed out
Simplex/mirabelle.log:0.sledgehammer goal.proof     13093ms Simplex.Simplex 4936:198640  timeout (SH 13093ms): Timed out
Simplex/mirabelle.log:0.sledgehammer goal.by        13927ms Simplex.Simplex 4938:198698  timeout (SH 13927ms): Timed out
Simplex/mirabelle.log:0.sledgehammer goal.proof     13297ms Simplex.Simplex 4941:198806  timeout (SH 13297ms): Timed out
Simplex/mirabelle.log:0.sledgehammer goal.by        12832ms Simplex.Simplex 4952:199332  timeout (SH 12832ms): Timed out
Simplex/mirabelle.log:0.sledgehammer goal.using     13402ms Simplex.Simplex 4954:199423  timeout (SH 13402ms): Timed out
Simplex/mirabelle.log:0.sledgehammer goal.by        13300ms Simplex.Simplex 4958:199598  timeout (SH 13300ms): Timed out
Simplex/mirabelle.log:0.sledgehammer goal.unfolding 12614ms Simplex.Simplex 4964:199782  timeout (SH 12614ms): Timed out
Simplex/mirabelle.log:0.sledgehammer goal.proof     13314ms Simplex.Simplex 4965:199807  timeout (SH 13314ms): Timed out
Simplex/mirabelle.log:0.sledgehammer goal.proof     12374ms Simplex.Simplex 4973:200138  timeout (SH 12374ms): Timed out
Simplex/mirabelle.log:0.sledgehammer goal.using     12381ms Simplex.Simplex 4979:200302  timeout (SH 12380ms): Timed out
Simplex/mirabelle.log:0.sledgehammer goal.by        12547ms Simplex.Simplex 4980:200320  timeout (SH 12547ms): Timed out
Simplex/mirabelle.log:0.sledgehammer goal.proof     12771ms Simplex.Simplex 4988:200535  timeout (SH 12771ms): Timed out
Simplex/mirabelle.log:0.sledgehammer goal.proof     13495ms Simplex.Simplex 4995:200773  timeout (SH 13495ms): Timed out
Simplex/mirabelle.log:0.sledgehammer goal.using     12216ms Simplex.Simplex 4997:200835  timeout (SH 12216ms): Timed out
Simplex/mirabelle.log:0.sledgehammer goal.using     13682ms Simplex.Simplex 4998:200862  timeout (SH 13682ms): Timed out
Simplex/mirabelle.log:0.sledgehammer goal.using     12177ms Simplex.Simplex 5001:201006  timeout (SH 12177ms): Timed out
Simplex/mirabelle.log:0.sledgehammer goal.using     12617ms Simplex.Simplex 5006:201178  timeout (SH 12617ms): Timed out
Simplex/mirabelle.log:0.sledgehammer goal.using     14365ms Simplex.Simplex 5007:201205  timeout (SH 14365ms): Timed out
Simplex/mirabelle.log:0.sledgehammer goal.using     13679ms Simplex.Simplex 5011:201350  timeout (SH 13679ms): Timed out
Simplex/mirabelle.log:0.sledgehammer goal.using     14349ms Simplex.Simplex 5016:201536  timeout (SH 14349ms): Timed out
Simplex/mirabelle.log:0.sledgehammer goal.by        12578ms Simplex.Simplex 5018:201678  timeout (SH 12578ms): Timed out
Simplex/mirabelle.log:0.sledgehammer goal.using     12314ms Simplex.Simplex 5021:201818  timeout (SH 12313ms): Timed out
Simplex/mirabelle.log:0.sledgehammer goal.using     12853ms Simplex.Simplex 5026:202040  timeout (SH 12853ms): Timed out
Simplex/mirabelle.log:0.sledgehammer goal.using     12647ms Simplex.Simplex 5031:202266  timeout (SH 12647ms): Timed out
Simplex/mirabelle.log:0.sledgehammer goal.proof     13408ms Simplex.Simplex 5051:202773  timeout (SH 13408ms): Timed out
Simplex/mirabelle.log:0.sledgehammer goal.by        13450ms Simplex.Simplex 5053:202827  timeout (SH 13450ms): Timed out
Simplex/mirabelle.log:0.sledgehammer goal.by        13313ms Simplex.Simplex 5054:202891  timeout (SH 13313ms): Timed out
Simplex/mirabelle.log:0.sledgehammer goal.proof     14209ms Simplex.Simplex 5059:202975  timeout (SH 14209ms): Timed out
Simplex/mirabelle.log:0.sledgehammer goal.by        13219ms Simplex.Simplex 5061:203029  timeout (SH 13219ms): Timed out
Simplex/mirabelle.log:0.sledgehammer goal.by        14130ms Simplex.Simplex 5062:203093  timeout (SH 14129ms): Timed out
Simplex/mirabelle.log:0.sledgehammer goal.proof     13174ms Simplex.Simplex 5074:203355  timeout (SH 13174ms): Timed out
Simplex/mirabelle.log:0.sledgehammer goal.using     13582ms Simplex.Simplex 5079:203482  timeout (SH 13582ms): Timed out
Simplex/mirabelle.log:0.sledgehammer goal.by        13602ms Simplex.Simplex 5080:203548  timeout (SH 13602ms): Timed out
Simplex/mirabelle.log:0.sledgehammer goal.unfolding 14039ms Simplex.Simplex 5088:203748  timeout (SH 14039ms): Timed out
Simplex/mirabelle.log:0.sledgehammer goal.using     13416ms Simplex.Simplex 5091:203828  timeout (SH 13416ms): Timed out
Simplex/mirabelle.log:0.sledgehammer goal.proof     13072ms Simplex.Simplex 5098:204023  timeout (SH 13072ms): Timed out
Simplex/mirabelle.log:0.sledgehammer goal.proof     13356ms Simplex.Simplex 5101:204095  timeout (SH 13356ms): Timed out
Simplex/mirabelle.log:0.sledgehammer goal.using     13046ms Simplex.Simplex 5112:204396  timeout (SH 13046ms): Timed out
Simplex/mirabelle.log:0.sledgehammer goal.unfolding 13011ms Simplex.Simplex 5113:204423  timeout (SH 13011ms): Timed out
Simplex/mirabelle.log:0.sledgehammer goal.using     13234ms Simplex.Simplex 5114:204453  timeout (SH 13234ms): Timed out
Simplex/mirabelle.log:0.sledgehammer goal.by        13063ms Simplex.Simplex 5115:204480  timeout (SH 13063ms): Timed out
Simplex/mirabelle.log:0.sledgehammer goal.proof     12884ms Simplex.Simplex 5123:204620  timeout (SH 12884ms): Timed out
Simplex/mirabelle.log:0.sledgehammer goal.by        12641ms Simplex.Simplex 5126:204738  timeout (SH 12641ms): Timed out
Simplex/mirabelle.log:0.sledgehammer goal.by        12729ms Simplex.Simplex 5129:204851  timeout (SH 12729ms): Timed out
Simplex/mirabelle.log:0.sledgehammer goal.proof     12722ms Simplex.Simplex 5137:205009  timeout (SH 12722ms): Timed out
Simplex/mirabelle.log:0.sledgehammer goal.proof     12995ms Simplex.Simplex 5139:205066  timeout (SH 12995ms): Timed out
Simplex/mirabelle.log:0.sledgehammer goal.by        12800ms Simplex.Simplex 5143:205202  timeout (SH 12800ms): Timed out
Simplex/mirabelle.log:0.sledgehammer goal.using     13105ms Simplex.Simplex 5162:205678  timeout (SH 13105ms): Timed out
Simplex/mirabelle.log:0.sledgehammer goal.unfolding 13133ms Simplex.Simplex 5163:205725  timeout (SH 13133ms): Timed out
Simplex/mirabelle.log:0.sledgehammer goal.proof     12053ms Simplex.Simplex 5168:205793  timeout (SH 12053ms): Timed out
Simplex/mirabelle.log:0.sledgehammer goal.by        12126ms Simplex.Simplex 5174:205947  timeout (SH 12126ms): Timed out
Simplex/mirabelle.log:0.sledgehammer goal.using     12138ms Simplex.Simplex 5181:206249  timeout (SH 12138ms): Timed out
Simplex/mirabelle.log:0.sledgehammer goal.unfolding 12169ms Simplex.Simplex 5182:206273  timeout (SH 12169ms): Timed out
Simplex/mirabelle.log:0.sledgehammer goal.using     13197ms Simplex.Simplex 5190:206569  timeout (SH 13197ms): Timed out
Simplex/mirabelle.log:0.sledgehammer goal.using     13319ms Simplex.Simplex 5199:206906  timeout (SH 13319ms): Timed out
Simplex/mirabelle.log:0.sledgehammer goal.using     13416ms Simplex.Simplex 5200:206934  timeout (SH 13416ms): Timed out
Simplex/mirabelle.log:0.sledgehammer goal.by        12632ms Simplex.Simplex 5201:207000  timeout (SH 12631ms): Timed out
Simplex/mirabelle.log:0.sledgehammer goal.by        13090ms Simplex.Simplex 5203:207133  timeout (SH 13090ms): Timed out
Simplex/mirabelle.log:0.sledgehammer goal.proof     12219ms Simplex.Simplex 5211:207360  timeout (SH 12219ms): Timed out
Simplex/mirabelle.log:0.sledgehammer goal.using     13603ms Simplex.Simplex 5213:207408  timeout (SH 13603ms): Timed out
Simplex/mirabelle.log:0.sledgehammer goal.proof     12930ms Simplex.Simplex 5215:207516  timeout (SH 12930ms): Timed out
Simplex/mirabelle.log:0.sledgehammer goal.proof     12112ms Simplex.Simplex 5225:207743  timeout (SH 12112ms): Timed out
Simplex/mirabelle.log:0.sledgehammer goal.proof     12224ms Simplex.Simplex 5229:207854  timeout (SH 12224ms): Timed out
Simplex/mirabelle.log:0.sledgehammer goal.by        12453ms Simplex.Simplex 5233:207987  timeout (SH 12453ms): Timed out
Simplex/mirabelle.log:0.sledgehammer goal.using     12195ms Simplex.Simplex 5237:208100  timeout (SH 12194ms): Timed out
Simplex/mirabelle.log:0.sledgehammer goal.using     12983ms Simplex.Simplex 5245:208342  timeout (SH 12983ms): Timed out
Simplex/mirabelle.log:0.sledgehammer goal.using     12947ms Simplex.Simplex 5246:208378  timeout (SH 12947ms): Timed out
Simplex/mirabelle.log:0.sledgehammer goal.by        13970ms Simplex.Simplex 5247:208410  timeout (SH 13970ms): Timed out
Simplex/mirabelle.log:0.sledgehammer goal.using     13028ms Simplex.Simplex 5250:208501  timeout (SH 13028ms): Timed out
Simplex/mirabelle.log:0.sledgehammer goal.by        12636ms Simplex.Simplex 5251:208562  timeout (SH 12636ms): Timed out
Simplex/mirabelle.log:0.sledgehammer goal.using     12323ms Simplex.Simplex 5256:208638  timeout (SH 12323ms): Timed out
Simplex/mirabelle.log:0.sledgehammer goal.using     12608ms Simplex.Simplex 5257:208673  timeout (SH 12608ms): Timed out
Simplex/mirabelle.log:0.sledgehammer goal.using     12737ms Simplex.Simplex 5258:208703  timeout (SH 12737ms): Timed out
Simplex/mirabelle.log:0.sledgehammer goal.by        12849ms Simplex.Simplex 5259:208750  timeout (SH 12849ms): Timed out
Simplex/mirabelle.log:0.sledgehammer goal.using     13724ms Simplex.Simplex 5263:208810  timeout (SH 13724ms): Timed out
Simplex/mirabelle.log:0.sledgehammer goal.unfolding 13318ms Simplex.Simplex 5264:208859  timeout (SH 13318ms): Timed out
Simplex/mirabelle.log:0.sledgehammer goal.by        13401ms Simplex.Simplex 5265:208889  timeout (SH 13401ms): Timed out
Simplex/mirabelle.log:0.sledgehammer goal.apply     13187ms Simplex.Simplex 5270:209030  timeout (SH 13187ms): Timed out
Simplex/mirabelle.log:0.sledgehammer goal.using     12450ms Simplex.Simplex 5274:209149  timeout (SH 12450ms): Timed out
Simplex/mirabelle.log:0.sledgehammer goal.by        12204ms Simplex.Simplex 5275:209189  timeout (SH 12203ms): Timed out
Simplex/mirabelle.log:0.sledgehammer goal.proof     12054ms Simplex.Simplex 5288:209496  timeout (SH 12054ms): Timed out
Simplex/mirabelle.log:0.sledgehammer goal.using     12485ms Simplex.Simplex 5304:209872  timeout (SH 12485ms): Timed out
Simplex/mirabelle.log:0.sledgehammer goal.proof     12561ms Simplex.Simplex 5309:209995  timeout (SH 12561ms): Timed out
Simplex/mirabelle.log:0.sledgehammer goal.using     12535ms Simplex.Simplex 5311:210066  timeout (SH 12535ms): Timed out
Simplex/mirabelle.log:0.sledgehammer goal.proof     12753ms Simplex.Simplex 5323:210449  timeout (SH 12753ms): Timed out
Simplex/mirabelle.log:0.sledgehammer goal.using     12412ms Simplex.Simplex 5325:210491  timeout (SH 12412ms): Timed out
Simplex/mirabelle.log:0.sledgehammer goal.using     13395ms Simplex.Simplex 5326:210523  timeout (SH 13395ms): Timed out
Simplex/mirabelle.log:0.sledgehammer goal.using     12619ms Simplex.Simplex 5327:210564  timeout (SH 12619ms): Timed out
Simplex/mirabelle.log:0.sledgehammer goal.unfolding 12509ms Simplex.Simplex 5328:210605  timeout (SH 12509ms): Timed out
Simplex/mirabelle.log:0.sledgehammer goal.proof     12386ms Simplex.Simplex 5332:210731  timeout (SH 12386ms): Timed out
Simplex/mirabelle.log:0.sledgehammer goal.using     12699ms Simplex.Simplex 5334:210792  timeout (SH 12699ms): Timed out
Simplex/mirabelle.log:0.sledgehammer goal.using     13614ms Simplex.Simplex 5335:210869  timeout (SH 13614ms): Timed out
Simplex/mirabelle.log:0.sledgehammer goal.using     12711ms Simplex.Simplex 5358:211479  timeout (SH 12711ms): Timed out
Simplex/mirabelle.log:0.sledgehammer goal.proof     12859ms Simplex.Simplex 5363:211669  timeout (SH 12859ms): Timed out
Simplex/mirabelle.log:0.sledgehammer goal.proof     12805ms Simplex.Simplex 5367:211761  timeout (SH 12804ms): Timed out
Simplex/mirabelle.log:0.sledgehammer goal.using     13150ms Simplex.Simplex 5370:211849  timeout (SH 13150ms): Timed out
Simplex/mirabelle.log:0.sledgehammer goal.using     12808ms Simplex.Simplex 5376:212066  timeout (SH 12808ms): Timed out
Simplex/mirabelle.log:0.sledgehammer goal.unfolding 12690ms Simplex.Simplex 5377:212100  timeout (SH 12690ms): Timed out
Simplex/mirabelle.log:0.sledgehammer goal.using     12764ms Simplex.Simplex 5387:212337  timeout (SH 12764ms): Timed out
Simplex/mirabelle.log:0.sledgehammer goal.proof     12907ms Simplex.Simplex 5392:212538  timeout (SH 12907ms): Timed out
Simplex/mirabelle.log:0.sledgehammer goal.proof     13535ms Simplex.Simplex 5396:212660  timeout (SH 13535ms): Timed out
Simplex/mirabelle.log:0.sledgehammer goal.proof     12894ms Simplex.Simplex 5409:213133  timeout (SH 12894ms): Timed out
Simplex/mirabelle.log:0.sledgehammer goal.proof     13436ms Simplex.Simplex 5417:213500  timeout (SH 13436ms): Timed out
Simplex/mirabelle.log:0.sledgehammer goal.using     12367ms Simplex.Simplex 5421:213657  timeout (SH 12367ms): Timed out
Simplex/mirabelle.log:0.sledgehammer goal.using     12256ms Simplex.Simplex 5422:213703  timeout (SH 12256ms): Timed out
Simplex/mirabelle.log:0.sledgehammer goal.using     12690ms Simplex.Simplex 5423:213744  timeout (SH 12690ms): Timed out
Simplex/mirabelle.log:0.sledgehammer goal.using     12285ms Simplex.Simplex 5427:213897  timeout (SH 12285ms): Timed out
Simplex/mirabelle.log:0.sledgehammer goal.using     12348ms Simplex.Simplex 5428:213941  timeout (SH 12348ms): Timed out
Simplex/mirabelle.log:0.sledgehammer goal.using     12609ms Simplex.Simplex 5429:213987  timeout (SH 12609ms): Timed out
Simplex/mirabelle.log:0.sledgehammer goal.using     15445ms Simplex.Simplex 5430:214038  timeout (SH 15445ms): Timed out
Simplex/mirabelle.log:0.sledgehammer goal.proof     12262ms Simplex.Simplex 5451:214705  timeout (SH 12262ms): Timed out
Simplex/mirabelle.log:0.sledgehammer goal.proof     12162ms Simplex.Simplex 5466:215178  timeout (SH 12162ms): Timed out
Simplex/mirabelle.log:0.sledgehammer goal.using     12543ms Simplex.Simplex 5469:215295  timeout (SH 12543ms): Timed out
Simplex/mirabelle.log:0.sledgehammer goal.using     12216ms Simplex.Simplex 5470:215343  timeout (SH 12216ms): Timed out
Simplex/mirabelle.log:0.sledgehammer goal.using     12396ms Simplex.Simplex 5471:215401  timeout (SH 12396ms): Timed out
Simplex/mirabelle.log:0.sledgehammer goal.using     13229ms Simplex.Simplex 5472:215454  timeout (SH 13229ms): Timed out
Simplex/mirabelle.log:0.sledgehammer goal.by        13732ms Simplex.Simplex 5473:215500  timeout (SH 13732ms): Timed out
Simplex/mirabelle.log:0.sledgehammer goal.using     12326ms Simplex.Simplex 5475:215571  timeout (SH 12326ms): Timed out
Simplex/mirabelle.log:0.sledgehammer goal.using     12751ms Simplex.Simplex 5476:215608  timeout (SH 12751ms): Timed out
Simplex/mirabelle.log:0.sledgehammer goal.using     13136ms Simplex.Simplex 5477:215654  timeout (SH 13136ms): Timed out
Simplex/mirabelle.log:0.sledgehammer goal.using     12808ms Simplex.Simplex 5478:215701  timeout (SH 12807ms): Timed out
Simplex/mirabelle.log:0.sledgehammer goal.using     12323ms Simplex.Simplex 5504:216563  timeout (SH 12323ms): Timed out
Simplex/mirabelle.log:0.sledgehammer goal.by        14219ms Simplex.Simplex 5505:216614  timeout (SH 14218ms): Timed out
Simplex/mirabelle.log:0.sledgehammer goal.using     12835ms Simplex.Simplex 5523:217255  timeout (SH 12835ms): Timed out
Simplex/mirabelle.log:0.sledgehammer goal.using     12938ms Simplex.Simplex 5524:217300  timeout (SH 12938ms): Timed out
Simplex/mirabelle.log:0.sledgehammer goal.by        13051ms Simplex.Simplex 5525:217358  timeout (SH 13051ms): Timed out
Simplex/mirabelle.log:0.sledgehammer goal.using     12738ms Simplex.Simplex 5527:217471  timeout (SH 12738ms): Timed out
Simplex/mirabelle.log:0.sledgehammer goal.unfolding 13032ms Simplex.Simplex 5528:217576  timeout (SH 13032ms): Timed out
Simplex/mirabelle.log:0.sledgehammer goal.by        12828ms Simplex.Simplex 5529:217615  timeout (SH 12828ms): Timed out
Simplex/mirabelle.log:0.sledgehammer goal.using     12731ms Simplex.Simplex 5531:217672  timeout (SH 12731ms): Timed out
Simplex/mirabelle.log:0.sledgehammer goal.by        12800ms Simplex.Simplex 5532:217732  timeout (SH 12800ms): Timed out
Simplex/mirabelle.log:0.sledgehammer goal.using     12866ms Simplex.Simplex 5536:217955  timeout (SH 12866ms): Timed out
Simplex/mirabelle.log:0.sledgehammer goal.using     13571ms Simplex.Simplex 5537:218000  timeout (SH 13571ms): Timed out
Simplex/mirabelle.log:0.sledgehammer goal.by        12718ms Simplex.Simplex 5538:218058  timeout (SH 12718ms): Timed out
Simplex/mirabelle.log:0.sledgehammer goal.using     12656ms Simplex.Simplex 5540:218171  timeout (SH 12656ms): Timed out
Simplex/mirabelle.log:0.sledgehammer goal.unfolding 12586ms Simplex.Simplex 5541:218276  timeout (SH 12586ms): Timed out
Simplex/mirabelle.log:0.sledgehammer goal.by        12719ms Simplex.Simplex 5542:218315  timeout (SH 12719ms): Timed out
Simplex/mirabelle.log:0.sledgehammer goal.using     13624ms Simplex.Simplex 5544:218414  timeout (SH 13623ms): Timed out
Simplex/mirabelle.log:0.sledgehammer goal.using     12591ms Simplex.Simplex 5551:218666  timeout (SH 12591ms): Timed out
Simplex/mirabelle.log:0.sledgehammer goal.by        12731ms Simplex.Simplex 5552:218726  timeout (SH 12731ms): Timed out
Simplex/mirabelle.log:0.sledgehammer goal.proof     12917ms Simplex.Simplex 5557:219000  timeout (SH 12917ms): Timed out
Simplex/mirabelle.log:0.sledgehammer goal.using     13372ms Simplex.Simplex 5564:219325  timeout (SH 13372ms): Timed out
Simplex/mirabelle.log:0.sledgehammer goal.unfolding 12602ms Simplex.Simplex 5565:219390  timeout (SH 12602ms): Timed out
Simplex/mirabelle.log:0.sledgehammer goal.by        12627ms Simplex.Simplex 5566:219431  timeout (SH 12627ms): Timed out
Simplex/mirabelle.log:0.sledgehammer goal.using     13347ms Simplex.Simplex 5574:219763  timeout (SH 13347ms): Timed out
Simplex/mirabelle.log:0.sledgehammer goal.unfolding 12605ms Simplex.Simplex 5575:219833  timeout (SH 12605ms): Timed out
Simplex/mirabelle.log:0.sledgehammer goal.by        12759ms Simplex.Simplex 5576:219874  timeout (SH 12759ms): Timed out
Simplex/mirabelle.log:0.sledgehammer goal.using     13373ms Simplex.Simplex 5580:219947  timeout (SH 13373ms): Timed out
Simplex/mirabelle.log:0.sledgehammer goal.using     12625ms Simplex.Simplex 5581:220007  timeout (SH 12625ms): Timed out
Simplex/mirabelle.log:0.sledgehammer goal.using     12663ms Simplex.Simplex 5582:220046  timeout (SH 12662ms): Timed out
Simplex/mirabelle.log:0.sledgehammer goal.by        13269ms Simplex.Simplex 5583:220089  timeout (SH 13269ms): Timed out
Simplex/mirabelle.log:0.sledgehammer goal.using     12725ms Simplex.Simplex 5586:220254  timeout (SH 12725ms): Timed out
Simplex/mirabelle.log:0.sledgehammer goal.by        12744ms Simplex.Simplex 5587:220273  timeout (SH 12744ms): Timed out
Simplex/mirabelle.log:0.sledgehammer goal.proof     13332ms Simplex.Simplex 5592:220426  timeout (SH 13332ms): Timed out
Simplex/mirabelle.log:0.sledgehammer goal.proof     13022ms Simplex.Simplex 5595:220620  timeout (SH 13022ms): Timed out
Simplex/mirabelle.log:0.sledgehammer goal.proof     12834ms Simplex.Simplex 5600:220845  timeout (SH 12834ms): Timed out
Simplex/mirabelle.log:0.sledgehammer goal.proof     12833ms Simplex.Simplex 5606:221061  timeout (SH 12833ms): Timed out
Simplex/mirabelle.log:0.sledgehammer goal.using     12676ms Simplex.Simplex 5612:221376  timeout (SH 12676ms): Timed out
Simplex/mirabelle.log:0.sledgehammer goal.apply     12830ms Simplex.Simplex 5613:221451  timeout (SH 12829ms): Timed out
Simplex/mirabelle.log:0.sledgehammer goal.using     13488ms Simplex.Simplex 5614:221511  timeout (SH 13488ms): Timed out
Simplex/mirabelle.log:0.sledgehammer goal.using     13091ms Simplex.Simplex 5615:221587  timeout (SH 13091ms): Timed out
Simplex/mirabelle.log:0.sledgehammer goal.unfolding 12909ms Simplex.Simplex 5616:221663  timeout (SH 12909ms): Timed out
Simplex/mirabelle.log:0.sledgehammer goal.by        12942ms Simplex.Simplex 5617:221710  timeout (SH 12942ms): Timed out
Simplex/mirabelle.log:0.sledgehammer goal.using     12658ms Simplex.Simplex 5619:221844  timeout (SH 12658ms): Timed out
Simplex/mirabelle.log:0.sledgehammer goal.using     12631ms Simplex.Simplex 5620:221890  timeout (SH 12631ms): Timed out
Simplex/mirabelle.log:0.sledgehammer goal.by        12668ms Simplex.Simplex 5621:221983  timeout (SH 12668ms): Timed out
Simplex/mirabelle.log:0.sledgehammer goal.using     12804ms Simplex.Simplex 5628:222341  timeout (SH 12804ms): Timed out
Simplex/mirabelle.log:0.sledgehammer goal.apply     13203ms Simplex.Simplex 5629:222416  timeout (SH 13203ms): Timed out
Simplex/mirabelle.log:0.sledgehammer goal.using     13109ms Simplex.Simplex 5630:222476  timeout (SH 13109ms): Timed out
Simplex/mirabelle.log:0.sledgehammer goal.using     13054ms Simplex.Simplex 5631:222552  timeout (SH 13054ms): Timed out
Simplex/mirabelle.log:0.sledgehammer goal.unfolding 13074ms Simplex.Simplex 5632:222628  timeout (SH 13073ms): Timed out
Simplex/mirabelle.log:0.sledgehammer goal.by        13008ms Simplex.Simplex 5633:222675  timeout (SH 13008ms): Timed out
Simplex/mirabelle.log:0.sledgehammer goal.using     12712ms Simplex.Simplex 5635:222809  timeout (SH 12712ms): Timed out
Simplex/mirabelle.log:0.sledgehammer goal.using     12864ms Simplex.Simplex 5636:222855  timeout (SH 12864ms): Timed out
Simplex/mirabelle.log:0.sledgehammer goal.by        12410ms Simplex.Simplex 5637:222948  timeout (SH 12410ms): Timed out
Simplex/mirabelle.log:0.sledgehammer goal.proof     13803ms Simplex.Simplex 5642:223077  timeout (SH 13803ms): Timed out
Simplex/mirabelle.log:0.sledgehammer goal.using     12632ms Simplex.Simplex 5645:223206  timeout (SH 12632ms): Timed out
Simplex/mirabelle.log:0.sledgehammer goal.using     12569ms Simplex.Simplex 5655:223709  timeout (SH 12569ms): Timed out
Simplex/mirabelle.log:0.sledgehammer goal.using     12732ms Simplex.Simplex 5656:223755  timeout (SH 12732ms): Timed out
Simplex/mirabelle.log:0.sledgehammer goal.by        12811ms Simplex.Simplex 5657:223828  timeout (SH 12811ms): Timed out
Simplex/mirabelle.log:0.sledgehammer goal.using     12612ms Simplex.Simplex 5670:224387  timeout (SH 12612ms): Timed out
Simplex/mirabelle.log:0.sledgehammer goal.using     12701ms Simplex.Simplex 5671:224443  timeout (SH 12701ms): Timed out
Simplex/mirabelle.log:0.sledgehammer goal.using     12791ms Simplex.Simplex 5672:224500  timeout (SH 12791ms): Timed out
Simplex/mirabelle.log:0.sledgehammer goal.by        13029ms Simplex.Simplex 5673:224556  timeout (SH 13028ms): Timed out
Simplex/mirabelle.log:0.sledgehammer goal.using     13777ms Simplex.Simplex 5681:224916  timeout (SH 13777ms): Timed out
Simplex/mirabelle.log:0.sledgehammer goal.using     12783ms Simplex.Simplex 5682:224947  timeout (SH 12783ms): Timed out
Simplex/mirabelle.log:0.sledgehammer goal.by        12696ms Simplex.Simplex 5683:225039  timeout (SH 12696ms): Timed out
Simplex/mirabelle.log:0.sledgehammer goal.using     12039ms Simplex.Simplex 5687:225185  timeout (SH 12039ms): Timed out
Simplex/mirabelle.log:0.sledgehammer goal.using     12670ms Simplex.Simplex 5690:225286  timeout (SH 12670ms): Timed out
Simplex/mirabelle.log:0.sledgehammer goal.using     13194ms Simplex.Simplex 5699:225586  timeout (SH 13194ms): Timed out
Simplex/mirabelle.log:0.sledgehammer goal.apply     13347ms Simplex.Simplex 5700:225607  timeout (SH 13347ms): Timed out
Simplex/mirabelle.log:0.sledgehammer goal.using     14205ms Simplex.Simplex 5701:225628  timeout (SH 14205ms): Timed out
Simplex/mirabelle.log:0.sledgehammer goal.apply     13232ms Simplex.Simplex 5702:225699  timeout (SH 13232ms): Timed out
Simplex/mirabelle.log:0.sledgehammer goal.using     13142ms Simplex.Simplex 5703:225751  timeout (SH 13141ms): Timed out
Simplex/mirabelle.log:0.sledgehammer goal.apply     13445ms Simplex.Simplex 5704:225821  timeout (SH 13445ms): Timed out
Simplex/mirabelle.log:0.sledgehammer goal.by        13134ms Simplex.Simplex 5707:225967  timeout (SH 13134ms): Timed out
Simplex/mirabelle.log:0.sledgehammer goal.using     13144ms Simplex.Simplex 5709:226084  timeout (SH 13144ms): Timed out
Simplex/mirabelle.log:0.sledgehammer goal.by        12978ms Simplex.Simplex 5710:226162  timeout (SH 12978ms): Timed out
Simplex/mirabelle.log:0.sledgehammer goal.using     13130ms Simplex.Simplex 5712:226236  timeout (SH 13130ms): Timed out
Simplex/mirabelle.log:0.sledgehammer goal.using     13125ms Simplex.Simplex 5713:226257  timeout (SH 13125ms): Timed out
Simplex/mirabelle.log:0.sledgehammer goal.using     13165ms Simplex.Simplex 5714:226330  timeout (SH 13165ms): Timed out
Simplex/mirabelle.log:0.sledgehammer goal.by        13148ms Simplex.Simplex 5715:226403  timeout (SH 13148ms): Timed out
Simplex/mirabelle.log:0.sledgehammer goal.using     13530ms Simplex.Simplex 5719:226493  timeout (SH 13530ms): Timed out
Simplex/mirabelle.log:0.sledgehammer goal.by        12788ms Simplex.Simplex 5720:226526  timeout (SH 12788ms): Timed out
Simplex/mirabelle.log:0.sledgehammer goal.proof     13352ms Simplex.Simplex 5744:227343  timeout (SH 13352ms): Timed out
Simplex/mirabelle.log:0.sledgehammer goal.proof     153788ms Simplex.Simplex 5756:227716  timeout (SH 153788ms):
Simplex/mirabelle.log:0.sledgehammer goal.using     13669ms Simplex.Simplex 5778:228526  timeout (SH 13669ms): Timed out
Simplex/mirabelle.log:0.sledgehammer goal.proof     14068ms Simplex.Simplex 5779:228538  timeout (SH 14068ms): Timed out
Simplex/mirabelle.log:0.sledgehammer goal.proof     14298ms Simplex.Simplex 5781:228647  timeout (SH 14298ms): Timed out
Simplex/mirabelle.log:0.sledgehammer goal.proof     15169ms Simplex.Simplex 5785:228781  timeout (SH 15169ms): Timed out
Simplex/mirabelle.log:0.sledgehammer goal.using     14039ms Simplex.Simplex 5789:228871  timeout (SH 14039ms): Timed out
Simplex/mirabelle.log:0.sledgehammer goal.using     13281ms Simplex.Simplex 5796:229081  timeout (SH 13281ms): Timed out
Simplex/mirabelle.log:0.sledgehammer goal.proof     13620ms Simplex.Simplex 5801:229204  timeout (SH 13620ms): Timed out
Simplex/mirabelle.log:0.sledgehammer goal.using     13050ms Simplex.Simplex 5815:229668  timeout (SH 13050ms): Timed out
Simplex/mirabelle.log:0.sledgehammer goal.proof     13206ms Simplex.Simplex 5819:229798  timeout (SH 13206ms): Timed out
Simplex/mirabelle.log:0.sledgehammer goal.by        12699ms Simplex.Simplex 5823:230062  timeout (SH 12699ms): Timed out
Simplex/mirabelle.log:0.sledgehammer goal.apply     13552ms Simplex.Simplex 5828:230257  timeout (SH 13552ms): Timed out
Simplex/mirabelle.log:0.sledgehammer goal.apply     13891ms Simplex.Simplex 5829:230309  timeout (SH 13891ms): Timed out
Simplex/mirabelle.log:0.sledgehammer goal.by        14724ms Simplex.Simplex 5841:230867  timeout (SH 14723ms): Timed out
Simplex/mirabelle.log:0.sledgehammer goal.apply     13749ms Simplex.Simplex 5846:231062  timeout (SH 13749ms): Timed out
Simplex/mirabelle.log:0.sledgehammer goal.apply     14018ms Simplex.Simplex 5847:231114  timeout (SH 14018ms): Timed out
Simplex/mirabelle.log:0.sledgehammer goal.using     13782ms Simplex.Simplex 5857:231479  timeout (SH 13782ms): Timed out
Simplex/mirabelle.log:0.sledgehammer goal.using     13583ms Simplex.Simplex 5858:231493  timeout (SH 13583ms): Timed out
Simplex/mirabelle.log:0.sledgehammer goal.proof     13179ms Simplex.Simplex 5881:232314  timeout (SH 13179ms): Timed out
Simplex/mirabelle.log:0.sledgehammer goal.proof     13096ms Simplex.Simplex 5890:232460  timeout (SH 13096ms): Timed out
Simplex/mirabelle.log:0.sledgehammer goal.using     12945ms Simplex.Simplex 5893:232543  timeout (SH 12945ms): Timed out
Simplex/mirabelle.log:0.sledgehammer goal.using     13119ms Simplex.Simplex 5894:232563  timeout (SH 13119ms): Timed out
Simplex/mirabelle.log:0.sledgehammer goal.using     12865ms Simplex.Simplex 5902:232875  timeout (SH 12865ms): Timed out
Simplex/mirabelle.log:0.sledgehammer goal.using     12951ms Simplex.Simplex 5903:232925  timeout (SH 12951ms): Timed out
Simplex/mirabelle.log:0.sledgehammer goal.using     13211ms Simplex.Simplex 5904:232975  timeout (SH 13211ms): Timed out
Simplex/mirabelle.log:0.sledgehammer goal.by        12977ms Simplex.Simplex 5905:233033  timeout (SH 12977ms): Timed out
Simplex/mirabelle.log:0.sledgehammer goal.using     154326ms Simplex.Simplex 5909:233155  timeout (SH 154326ms):
Simplex/mirabelle.log:0.sledgehammer goal.proof     13080ms Simplex.Simplex 5936:234324  timeout (SH 13080ms): Timed out
Simplex/mirabelle.log:0.sledgehammer goal.using     13270ms Simplex.Simplex 5941:234428  timeout (SH 13270ms): Timed out
Simplex/mirabelle.log:0.sledgehammer goal.proof     13542ms Simplex.Simplex 5942:234438  timeout (SH 13542ms): Timed out
Simplex/mirabelle.log:0.sledgehammer goal.using     154427ms Simplex.Simplex 5962:235372  timeout (SH 154427ms):
Simplex/mirabelle.log:0.sledgehammer goal.proof     13230ms Simplex.Simplex 5980:236274  timeout (SH 13230ms): Timed out
Simplex/mirabelle.log:0.sledgehammer goal.by        13111ms Simplex.Simplex 5982:236312  timeout (SH 13111ms): Timed out
Simplex/mirabelle.log:0.sledgehammer goal.proof     13043ms Simplex.Simplex 5999:236902  timeout (SH 13043ms): Timed out
Simplex/mirabelle.log:0.sledgehammer goal.using     13077ms Simplex.Simplex 6010:237122  timeout (SH 13077ms): Timed out
Simplex/mirabelle.log:0.sledgehammer goal.proof     12643ms Simplex.Simplex 6011:237138  timeout (SH 12643ms): Timed out
Simplex/mirabelle.log:0.sledgehammer goal.by        12833ms Simplex.Simplex 6050:238889  timeout (SH 12833ms): Timed out
Simplex/mirabelle.log:0.sledgehammer goal.proof     13122ms Simplex.Simplex 6085:240442  timeout (SH 13122ms): Timed out
Simplex/mirabelle.log:0.sledgehammer goal.by        12708ms Simplex.Simplex 6097:240940  timeout (SH 12708ms): Timed out
Simplex/mirabelle.log:0.sledgehammer goal.by        12578ms Simplex.Simplex 6103:241225  timeout (SH 12578ms): Timed out
Simplex/mirabelle.log:0.sledgehammer goal.using     12601ms Simplex.Simplex 6116:242006  timeout (SH 12600ms): Timed out
Simplex/mirabelle.log:0.sledgehammer goal.unfolding 12544ms Simplex.Simplex 6117:242023  timeout (SH 12543ms): Timed out
Simplex/mirabelle.log:0.sledgehammer goal.using     14911ms Simplex.Simplex 6117:242051  timeout (SH 14911ms): Timed out
Simplex/mirabelle.log:0.sledgehammer goal.by        14948ms Simplex.Simplex 6117:242061  timeout (SH 14948ms): Timed out
Simplex/mirabelle.log:0.sledgehammer goal.unfolding 13262ms Simplex.Simplex 6138:242931  timeout (SH 13262ms): Timed out
Simplex/mirabelle.log:0.sledgehammer goal.using     12633ms Simplex.Simplex 6148:243528  timeout (SH 12633ms): Timed out
Simplex/mirabelle.log:0.sledgehammer goal.by        12702ms Simplex.Simplex 6148:243538  timeout (SH 12701ms): Timed out
Simplex/mirabelle.log:0.sledgehammer goal.using     13522ms Simplex.Simplex 6149:243650  timeout (SH 13521ms): Timed out
Simplex/mirabelle.log:0.sledgehammer goal.by        13995ms Simplex.Simplex 6149:243660  timeout (SH 13995ms): Timed out
Simplex/mirabelle.log:0.sledgehammer goal.unfolding 13595ms Simplex.Simplex 6150:243752  timeout (SH 13595ms): Timed out
Simplex/mirabelle.log:0.sledgehammer goal.using     13005ms Simplex.Simplex 6150:243764  timeout (SH 13005ms): Timed out
Simplex/mirabelle.log:0.sledgehammer goal.by        13053ms Simplex.Simplex 6151:243784  timeout (SH 13052ms): Timed out
Simplex/mirabelle.log:0.sledgehammer goal.by        13468ms Simplex.Simplex 6153:243917  timeout (SH 13468ms): Timed out
Simplex/mirabelle.log:0.sledgehammer goal.unfolding 12724ms Simplex.Simplex 6155:244083  timeout (SH 12724ms): Timed out
Simplex/mirabelle.log:0.sledgehammer goal.using     12960ms Simplex.Simplex 6155:244096  timeout (SH 12960ms): Timed out
Simplex/mirabelle.log:0.sledgehammer goal.by        13530ms Simplex.Simplex 6156:244117  timeout (SH 13530ms): Timed out
Simplex/mirabelle.log:0.sledgehammer goal.using     13443ms Simplex.Simplex 6163:244438  timeout (SH 13443ms): Timed out
Simplex/mirabelle.log:0.sledgehammer goal.by        12415ms Simplex.Simplex 6163:244448  timeout (SH 12415ms): Timed out
Simplex/mirabelle.log:0.sledgehammer goal.using     13175ms Simplex.Simplex 6164:244560  timeout (SH 13175ms): Timed out
Simplex/mirabelle.log:0.sledgehammer goal.by        12911ms Simplex.Simplex 6164:244570  timeout (SH 12911ms): Timed out
Simplex/mirabelle.log:0.sledgehammer goal.unfolding 12978ms Simplex.Simplex 6165:244662  timeout (SH 12978ms): Timed out
Simplex/mirabelle.log:0.sledgehammer goal.using     13038ms Simplex.Simplex 6165:244674  timeout (SH 13038ms): Timed out
Simplex/mirabelle.log:0.sledgehammer goal.by        13010ms Simplex.Simplex 6166:244694  timeout (SH 13010ms): Timed out
Simplex/mirabelle.log:0.sledgehammer goal.by        13993ms Simplex.Simplex 6168:244827  timeout (SH 13993ms): Timed out
Simplex/mirabelle.log:0.sledgehammer goal.unfolding 12904ms Simplex.Simplex 6170:244993  timeout (SH 12903ms): Timed out
Simplex/mirabelle.log:0.sledgehammer goal.using     12922ms Simplex.Simplex 6170:245006  timeout (SH 12922ms): Timed out
Simplex/mirabelle.log:0.sledgehammer goal.by        13558ms Simplex.Simplex 6171:245027  timeout (SH 13558ms): Timed out
Simplex/mirabelle.log:0.sledgehammer goal.unfolding 13029ms Simplex.Simplex 6188:245788  timeout (SH 13029ms): Timed out
Simplex/mirabelle.log:0.sledgehammer goal.proof     14666ms Simplex.Simplex 6189:245831  timeout (SH 14666ms): Timed out
Simplex/mirabelle.log:0.sledgehammer goal.unfolding 14737ms Simplex.Simplex 6192:245944  timeout (SH 14737ms): Timed out
Simplex/mirabelle.log:0.sledgehammer goal.proof     13035ms Simplex.Simplex 6193:245991  timeout (SH 13034ms): Timed out
Simplex/mirabelle.log:0.sledgehammer goal.unfolding 12861ms Simplex.Simplex 6196:246171  timeout (SH 12861ms): Timed out
Simplex/mirabelle.log:0.sledgehammer goal.unfolding 12814ms Simplex.Simplex 6201:246434  timeout (SH 12814ms): Timed out
Simplex/mirabelle.log:0.sledgehammer goal.unfolding 13308ms Simplex.Simplex 6210:246809  timeout (SH 13308ms): Timed out
Simplex/mirabelle.log:0.sledgehammer goal.proof     13445ms Simplex.Simplex 6211:246848  timeout (SH 13445ms): Timed out
Simplex/mirabelle.log:0.sledgehammer goal.proof     12807ms Simplex.Simplex 6215:246957  timeout (SH 12807ms): Timed out
Simplex/mirabelle.log:0.sledgehammer goal.unfolding 13948ms Simplex.Simplex 6218:247064  timeout (SH 13948ms): Timed out
Simplex/mirabelle.log:0.sledgehammer goal.by        12821ms Simplex.Simplex 6233:248061  timeout (SH 12821ms): Timed out
Simplex/mirabelle.log:0.sledgehammer goal.unfolding 12677ms Simplex.Simplex 6236:248272  timeout (SH 12677ms): Timed out
Simplex/mirabelle.log:0.sledgehammer goal.proof     13050ms Simplex.Simplex 6237:248319  timeout (SH 13050ms): Timed out
Simplex/mirabelle.log:0.sledgehammer goal.unfolding 12528ms Simplex.Simplex 6247:249064  timeout (SH 12528ms): Timed out
Simplex/mirabelle.log:0.sledgehammer goal.using     157908ms Simplex.Simplex 6247:249108  timeout (SH 157908ms):
Simplex/mirabelle.log:0.sledgehammer goal.by        12375ms Simplex.Simplex 6247:249118  timeout (SH 12374ms): Timed out
Simplex/mirabelle.log:0.sledgehammer goal.by        13099ms Simplex.Simplex 6255:249510  timeout (SH 13099ms): Timed out
Simplex/mirabelle.log:0.sledgehammer goal.by        13021ms Simplex.Simplex 6265:250207  timeout (SH 13021ms): Timed out
Simplex/mirabelle.log:0.sledgehammer goal.by        13164ms Simplex.Simplex 6266:250318  timeout (SH 13164ms): Timed out
Simplex/mirabelle.log:0.sledgehammer goal.by        12657ms Simplex.Simplex 6271:250570  timeout (SH 12657ms): Timed out
Simplex/mirabelle.log:0.sledgehammer goal.by        12973ms Simplex.Simplex 6281:251291  timeout (SH 12973ms): Timed out
Simplex/mirabelle.log:0.sledgehammer goal.by        13099ms Simplex.Simplex 6282:251402  timeout (SH 13099ms): Timed out
Simplex/mirabelle.log:0.sledgehammer goal.unfolding 13212ms Simplex.Simplex 6288:251669  timeout (SH 13212ms): Timed out
Simplex/mirabelle.log:0.sledgehammer goal.proof     12975ms Simplex.Simplex 6289:251719  timeout (SH 12975ms): Timed out
Simplex/mirabelle.log:0.sledgehammer goal.unfolding 13932ms Simplex.Simplex 6293:251950  timeout (SH 13932ms): Timed out
Simplex/mirabelle.log:0.sledgehammer goal.proof     13009ms Simplex.Simplex 6295:252031  timeout (SH 13009ms): Timed out
Simplex/mirabelle.log:0.sledgehammer goal.proof     12937ms Simplex.Simplex 6301:252387  timeout (SH 12937ms): Timed out
Simplex/mirabelle.log:0.sledgehammer goal.using     13254ms Simplex.Simplex 6303:252465  timeout (SH 13254ms): Timed out
Simplex/mirabelle.log:0.sledgehammer goal.unfolding 13412ms Simplex.Simplex 6303:252475  timeout (SH 13412ms): Timed out
Simplex/mirabelle.log:0.sledgehammer goal.by        13610ms Simplex.Simplex 6307:252693  timeout (SH 13610ms): Timed out
Simplex/mirabelle.log:0.sledgehammer goal.by        12979ms Simplex.Simplex 6315:253229  timeout (SH 12979ms): Timed out
Simplex/mirabelle.log:0.sledgehammer goal.by        12652ms Simplex.Simplex 6316:253330  timeout (SH 12652ms): Timed out
Simplex/mirabelle.log:0.sledgehammer goal.by        12785ms Simplex.Simplex 6325:253690  timeout (SH 12785ms): Timed out
Simplex/mirabelle.log:0.sledgehammer goal.unfolding 12917ms Simplex.Simplex 6333:254037  timeout (SH 12917ms): Timed out
Simplex/mirabelle.log:0.sledgehammer goal.proof     13085ms Simplex.Simplex 6335:254118  timeout (SH 13085ms): Timed out
Simplex/mirabelle.log:0.sledgehammer goal.proof     12794ms Simplex.Simplex 6341:254474  timeout (SH 12794ms): Timed out
Simplex/mirabelle.log:0.sledgehammer goal.using     13509ms Simplex.Simplex 6343:254552  timeout (SH 13508ms): Timed out
Simplex/mirabelle.log:0.sledgehammer goal.unfolding 12909ms Simplex.Simplex 6343:254562  timeout (SH 12909ms): Timed out
Simplex/mirabelle.log:0.sledgehammer goal.by        14311ms Simplex.Simplex 6347:254780  timeout (SH 14311ms): Timed out
Simplex/mirabelle.log:0.sledgehammer goal.by        12796ms Simplex.Simplex 6355:255316  timeout (SH 12796ms): Timed out
Simplex/mirabelle.log:0.sledgehammer goal.by        12609ms Simplex.Simplex 6356:255417  timeout (SH 12609ms): Timed out
Simplex/mirabelle.log:0.sledgehammer goal.by        12495ms Simplex.Simplex 6365:255777  timeout (SH 12495ms): Timed out
Simplex/mirabelle.log:0.sledgehammer goal.unfolding 12528ms Simplex.Simplex 6376:256042  timeout (SH 12528ms): Timed out
Simplex/mirabelle.log:0.sledgehammer goal.proof     13344ms Simplex.Simplex 6377:256086  timeout (SH 13344ms): Timed out
Simplex/mirabelle.log:0.sledgehammer goal.unfolding 13061ms Simplex.Simplex 6381:256225  timeout (SH 13061ms): Timed out
Simplex/mirabelle.log:0.sledgehammer goal.unfolding 12955ms Simplex.Simplex 6384:256404  timeout (SH 12955ms): Timed out
Simplex/mirabelle.log:0.sledgehammer goal.unfolding 13893ms Simplex.Simplex 6389:256634  timeout (SH 13893ms): Timed out
Simplex/mirabelle.log:0.sledgehammer goal.by        12908ms Simplex.Simplex 6390:256679  timeout (SH 12908ms): Timed out
Simplex/mirabelle.log:0.sledgehammer goal.using     13150ms Simplex.Simplex 6414:257392  timeout (SH 13150ms): Timed out
Simplex/mirabelle.log:0.sledgehammer goal.unfolding 12877ms Simplex.Simplex 6414:257407  timeout (SH 12877ms): Timed out
Simplex/mirabelle.log:0.sledgehammer goal.by        12913ms Simplex.Simplex 6414:257425  timeout (SH 12912ms): Timed out
Simplex/mirabelle.log:0.sledgehammer goal.using     12809ms Simplex.Simplex 6424:257650  timeout (SH 12809ms): Timed out
Simplex/mirabelle.log:0.sledgehammer goal.by        12737ms Simplex.Simplex 6425:257677  timeout (SH 12737ms): Timed out
Simplex/mirabelle.log:0.sledgehammer goal.proof     12830ms Simplex.Simplex 6433:257921  timeout (SH 12830ms): Timed out
Simplex/mirabelle.log:0.sledgehammer goal.by        15902ms Simplex.Simplex 6442:258180  timeout (SH 15902ms): Timed out
Simplex/mirabelle.log:0.sledgehammer goal.by        13362ms Simplex.Simplex 6445:258287  timeout (SH 13362ms): Timed out
Simplex/mirabelle.log:0.sledgehammer goal.proof     10700ms Simplex.Simplex 6454:258631  timeout (SH 10700ms): Timed out
Simplex/mirabelle.log:0.sledgehammer goal.by        12501ms Simplex.Simplex 6466:259060  timeout (SH 12501ms): Timed out
Simplex/mirabelle.log:0.sledgehammer goal.proof     13469ms Simplex.Simplex 6471:259252  timeout (SH 13469ms): Timed out
Simplex/mirabelle.log:0.sledgehammer goal.using     13127ms Simplex.Simplex 6475:259403  timeout (SH 13127ms): Timed out
Simplex/mirabelle.log:0.sledgehammer goal.unfolding 13120ms Simplex.Simplex 6476:259449  timeout (SH 13120ms): Timed out
Simplex/mirabelle.log:0.sledgehammer goal.proof     12520ms Simplex.Simplex 6537:262317  timeout (SH 12520ms): Timed out
Simplex/mirabelle.log:0.sledgehammer goal.unfolding 12756ms Simplex.Simplex 6541:262405  timeout (SH 12756ms): Timed out
Simplex/mirabelle.log:0.sledgehammer goal.proof     13049ms Simplex.Simplex 6542:262456  timeout (SH 13049ms): Timed out
Simplex/mirabelle.log:0.sledgehammer goal.by        13979ms Simplex.Simplex 6546:262582  timeout (SH 13979ms): Timed out
Simplex/mirabelle.log:0.sledgehammer goal.using     12777ms Simplex.Simplex 6549:262764  timeout (SH 12777ms): Timed out
Simplex/mirabelle.log:0.sledgehammer goal.unfolding 13636ms Simplex.Simplex 6550:262800  timeout (SH 13636ms): Timed out
Simplex/mirabelle.log:0.sledgehammer goal.by        13274ms Simplex.Simplex 6550:262825  timeout (SH 13274ms): Timed out
Simplex/mirabelle.log:0.sledgehammer goal.using     12245ms Simplex.Simplex 6552:262919  timeout (SH 12245ms): Timed out
Simplex/mirabelle.log:0.sledgehammer goal.proof     13158ms Simplex.Simplex 6553:262931  timeout (SH 13157ms): Timed out
Simplex/mirabelle.log:0.sledgehammer goal.using     12976ms Simplex.Simplex 6559:263100  timeout (SH 12976ms): Timed out
Simplex/mirabelle.log:0.sledgehammer goal.unfolding 12718ms Simplex.Simplex 6560:263118  timeout (SH 12718ms): Timed out
Simplex/mirabelle.log:0.sledgehammer goal.by        13751ms Simplex.Simplex 6561:263153  timeout (SH 13751ms): Timed out
Simplex/mirabelle.log:0.sledgehammer goal.unfolding  7950ms Simplex.Simplex 6572:263456  timeout (SH 7950ms): Timed out
Simplex/mirabelle.log:0.sledgehammer goal.by        12594ms Simplex.Simplex 6573:263485  timeout (SH 12594ms): Timed out
Simplex/mirabelle.log:0.sledgehammer goal.proof      7512ms Simplex.Simplex 6585:264187  timeout (SH 7512ms): Timed out
Simplex/mirabelle.log:0.sledgehammer goal.unfolding 13069ms Simplex.Simplex 6589:264317  timeout (SH 13069ms): Timed out
Simplex/mirabelle.log:0.sledgehammer goal.unfolding 12854ms Simplex.Simplex 6598:264614  timeout (SH 12854ms): Timed out
Simplex/mirabelle.log:0.sledgehammer goal.proof      7701ms Simplex.Simplex 6615:265505  timeout (SH 7701ms): Timed out
Simplex/mirabelle.log:0.sledgehammer goal.by        12254ms Simplex.Simplex 6622:265914  timeout (SH 12254ms): Timed out
Simplex/mirabelle.log:0.sledgehammer goal.by        12506ms Simplex.Simplex 6632:266471  timeout (SH 12506ms): Timed out
Simplex/mirabelle.log:0.sledgehammer goal.proof     12545ms Simplex.Simplex 6634:266562  timeout (SH 12545ms): Timed out
Simplex/mirabelle.log:0.sledgehammer goal.unfolding 13598ms Simplex.Simplex 6641:266808  timeout (SH 13597ms): Timed out
Simplex/mirabelle.log:0.sledgehammer goal.unfolding 12681ms Simplex.Simplex 6641:266828  timeout (SH 12681ms): Timed out
Simplex/mirabelle.log:0.sledgehammer goal.using     13621ms Simplex.Simplex 6641:266856  timeout (SH 13621ms): Timed out
Simplex/mirabelle.log:0.sledgehammer goal.by        13602ms Simplex.Simplex 6642:266876  timeout (SH 13602ms): Timed out
Simplex/mirabelle.log:0.sledgehammer goal.unfolding 12689ms Simplex.Simplex 6650:267312  timeout (SH 12689ms): Timed out
Simplex/mirabelle.log:0.sledgehammer goal.unfolding 13043ms Simplex.Simplex 6650:267332  timeout (SH 13043ms): Timed out
Simplex/mirabelle.log:0.sledgehammer goal.using     13866ms Simplex.Simplex 6650:267360  timeout (SH 13866ms): Timed out
Simplex/mirabelle.log:0.sledgehammer goal.by        13528ms Simplex.Simplex 6651:267380  timeout (SH 13528ms): Timed out
Simplex/mirabelle.log:0.sledgehammer goal.proof     12690ms Simplex.Simplex 6662:268007  timeout (SH 12690ms): Timed out
Simplex/mirabelle.log:0.sledgehammer goal.unfolding 12496ms Simplex.Simplex 6665:268222  timeout (SH 12496ms): Timed out
Simplex/mirabelle.log:0.sledgehammer goal.by        13019ms Simplex.Simplex 6666:268269  timeout (SH 13019ms): Timed out
Simplex/mirabelle.log:0.sledgehammer goal.proof     12574ms Simplex.Simplex 6669:268475  timeout (SH 12574ms): Timed out
Simplex/mirabelle.log:0.sledgehammer goal.by        152577ms Simplex.Simplex 6680:268939  timeout (SH 152577ms):
Simplex/mirabelle.log:0.sledgehammer goal.by        12600ms Simplex.Simplex 6684:269142  timeout (SH 12600ms): Timed out
Simplex/mirabelle.log:0.sledgehammer goal.by        12541ms Simplex.Simplex 6690:269316  timeout (SH 12540ms): Timed out
Simplex/mirabelle.log:0.sledgehammer goal.using     12760ms Simplex.Simplex 6693:269468  timeout (SH 12760ms): Timed out
Simplex/mirabelle.log:0.sledgehammer goal.using     12489ms Simplex.Simplex 6712:270176  timeout (SH 12489ms): Timed out
Simplex/mirabelle.log:0.sledgehammer goal.proof     13684ms Simplex.Simplex 6713:270188  timeout (SH 13684ms): Timed out
Simplex/mirabelle.log:0.sledgehammer goal.by        12832ms Simplex.Simplex 6716:270251  timeout (SH 12832ms): Timed out
Simplex/mirabelle.log:0.sledgehammer goal.using     13070ms Simplex.Simplex 6720:270317  timeout (SH 13070ms): Timed out
Simplex/mirabelle.log:0.sledgehammer goal.by        12750ms Simplex.Simplex 6721:270353  timeout (SH 12750ms): Timed out
Simplex/mirabelle.log:0.sledgehammer goal.proof     12166ms Simplex.Simplex 6726:270551  timeout (SH 12166ms): Timed out
Simplex/mirabelle.log:0.sledgehammer goal.using     12269ms Simplex.Simplex 6731:270702  timeout (SH 12269ms): Timed out
Simplex/mirabelle.log:0.sledgehammer goal.using     12300ms Simplex.Simplex 6746:271240  timeout (SH 12300ms): Timed out
Simplex/mirabelle.log:0.sledgehammer goal.using     12515ms Simplex.Simplex 6747:271254  timeout (SH 12515ms): Timed out
Simplex/mirabelle.log:0.sledgehammer goal.using     12156ms Simplex.Simplex 6748:271351  timeout (SH 12156ms): Timed out
Simplex/mirabelle.log:0.sledgehammer goal.unfolding 12375ms Simplex.Simplex 6749:271431  timeout (SH 12375ms): Timed out
Simplex/mirabelle.log:0.sledgehammer goal.by        12170ms Simplex.Simplex 6750:271462  timeout (SH 12170ms): Timed out
Simplex/mirabelle.log:0.sledgehammer goal.proof     12475ms Simplex.Simplex 6756:271804  timeout (SH 12475ms): Timed out
Simplex/mirabelle.log:0.sledgehammer goal.using     12282ms Simplex.Simplex 6761:271949  timeout (SH 12282ms): Timed out
Simplex/mirabelle.log:0.sledgehammer goal.using     12170ms Simplex.Simplex 6762:271986  timeout (SH 12170ms): Timed out
Simplex/mirabelle.log:0.sledgehammer goal.by        12187ms Simplex.Simplex 6763:272112  timeout (SH 12187ms): Timed out
Simplex/mirabelle.log:0.sledgehammer goal.using     12122ms Simplex.Simplex 6765:272191  timeout (SH 12122ms): Timed out
Simplex/mirabelle.log:0.sledgehammer goal.proof     12096ms Simplex.Simplex 6772:272485  timeout (SH 12096ms): Timed out
Simplex/mirabelle.log:0.sledgehammer goal.proof     12823ms Simplex.Simplex 6781:272741  timeout (SH 12823ms): Timed out
Simplex/mirabelle.log:0.sledgehammer goal.proof     12483ms Simplex.Simplex 6783:272824  timeout (SH 12483ms): Timed out
Simplex/mirabelle.log:0.sledgehammer goal.using     12329ms Simplex.Simplex 6787:272950  timeout (SH 12329ms): Timed out
Simplex/mirabelle.log:0.sledgehammer goal.using     12383ms Simplex.Simplex 6788:273007  timeout (SH 12383ms): Timed out
Simplex/mirabelle.log:0.sledgehammer goal.by        12304ms Simplex.Simplex 6789:273049  timeout (SH 12304ms): Timed out
Simplex/mirabelle.log:0.sledgehammer goal.proof     12323ms Simplex.Simplex 6801:273539  timeout (SH 12323ms): Timed out
Simplex/mirabelle.log:0.sledgehammer goal.using     12056ms Simplex.Simplex 6820:274214  timeout (SH 12056ms): Timed out
Simplex/mirabelle.log:0.sledgehammer goal.using     13207ms Simplex.Simplex 6821:274276  timeout (SH 13207ms): Timed out
Simplex/mirabelle.log:0.sledgehammer goal.by        12144ms Simplex.Simplex 6822:274316  timeout (SH 12144ms): Timed out
Simplex/mirabelle.log:0.sledgehammer goal.proof     12850ms Simplex.Simplex 6849:275268  timeout (SH 12849ms): Timed out
Simplex/mirabelle.log:0.sledgehammer goal.proof     11979ms Simplex.Simplex 6852:275418  timeout (SH 11979ms): Timed out
Simplex/mirabelle.log:0.sledgehammer goal.proof     154066ms Simplex.Simplex 6863:275751  timeout (SH 154066ms):
Simplex/mirabelle.log:0.sledgehammer goal.using     153290ms Simplex.Simplex 6869:275901  timeout (SH 153290ms):
Simplex/mirabelle.log:0.sledgehammer goal.unfolding 12010ms Simplex.Simplex 6875:276149  timeout (SH 12010ms): Timed out
Simplex/mirabelle.log:0.sledgehammer goal.using     12032ms Simplex.Simplex 6876:276177  timeout (SH 12032ms): Timed out
Simplex/mirabelle.log:0.sledgehammer goal.using     12239ms Simplex.Simplex 6877:276259  timeout (SH 12239ms): Timed out
Simplex/mirabelle.log:0.sledgehammer goal.unfolding 159552ms Simplex.Simplex 6923:278034  timeout (SH 159552ms):
Simplex/mirabelle.log:0.sledgehammer goal.unfolding 12722ms Simplex.Simplex 6948:279024  timeout (SH 12722ms): Timed out
Simplex/mirabelle.log:0.sledgehammer goal.by        13650ms Simplex.Simplex 7089:286158  timeout (SH 13650ms): Timed out
Simplex/mirabelle.log:0.sledgehammer goal.proof     12810ms Simplex.Simplex 7110:287425  timeout (SH 12810ms): Timed out
Simplex/mirabelle.log:0.sledgehammer goal.proof     12026ms Simplex.Simplex 7114:287568  timeout (SH 12026ms): Timed out
Simplex/mirabelle.log:0.sledgehammer goal.by        12097ms Simplex.Simplex 7116:287608  timeout (SH 12097ms): Timed out
Simplex/mirabelle.log:0.sledgehammer goal.using     12362ms Simplex.Simplex 7121:287770  timeout (SH 12362ms): Timed out
Simplex/mirabelle.log:0.sledgehammer goal.by        12307ms Simplex.Simplex 7121:287783  timeout (SH 12307ms): Timed out
Simplex/mirabelle.log:0.sledgehammer goal.using     12451ms Simplex.Simplex 7126:287979  timeout (SH 12451ms): Timed out
Simplex/mirabelle.log:0.sledgehammer goal.by        11951ms Simplex.Simplex 7126:287992  timeout (SH 11951ms): Timed out
Simplex/mirabelle.log:0.sledgehammer goal.by        13085ms Simplex.Simplex 7134:288239  timeout (SH 13084ms): Timed out
Simplex/mirabelle.log:0.sledgehammer goal.by        11974ms Simplex.Simplex 7160:289095  timeout (SH 11974ms): Timed out
Simplex/mirabelle.log:0.sledgehammer goal.using     12580ms Simplex.Simplex 7167:289364  timeout (SH 12580ms): Timed out
Simplex/mirabelle.log:0.sledgehammer goal.by        12363ms Simplex.Simplex 7168:289384  timeout (SH 12363ms): Timed out
Simplex/mirabelle.log:0.sledgehammer goal.by        12231ms Simplex.Simplex 7172:289547  timeout (SH 12231ms): Timed out
Simplex/mirabelle.log:0.sledgehammer goal.by        12011ms Simplex.Simplex 7176:289746  timeout (SH 12011ms): Timed out
Simplex/mirabelle.log:0.sledgehammer goal.by        12339ms Simplex.Simplex 7180:289953  timeout (SH 12339ms): Timed out
Simplex/mirabelle.log:0.sledgehammer goal.by        12230ms Simplex.Simplex 7184:290215  timeout (SH 12230ms): Timed out
Simplex/mirabelle.log:0.sledgehammer goal.by        12727ms Simplex.Simplex 7190:290513  timeout (SH 12727ms): Timed out
Simplex/mirabelle.log:0.sledgehammer goal.proof     13211ms Simplex.Simplex 7195:290707  timeout (SH 13211ms): Timed out
Simplex/mirabelle.log:0.sledgehammer goal.using     12926ms Simplex.Simplex 7198:290767  timeout (SH 12926ms): Timed out
Simplex/mirabelle.log:0.sledgehammer goal.using     15131ms Simplex.Simplex 7199:290783  timeout (SH 15131ms): Timed out
Simplex/mirabelle.log:0.sledgehammer goal.apply     12457ms Simplex.Simplex 7200:290815  timeout (SH 12457ms): Timed out
Simplex/mirabelle.log:0.sledgehammer goal.using     13759ms Simplex.Simplex 7212:291341  timeout (SH 13759ms): Timed out
Simplex/mirabelle.log:0.sledgehammer goal.using     12419ms Simplex.Simplex 7213:291357  timeout (SH 12419ms): Timed out
Simplex/mirabelle.log:0.sledgehammer goal.apply     13327ms Simplex.Simplex 7214:291389  timeout (SH 13327ms): Timed out
Simplex/mirabelle.log:0.sledgehammer goal.by        13544ms Simplex.Simplex 7227:292032  timeout (SH 13544ms): Timed out
Simplex/mirabelle.log:0.sledgehammer goal.by        14108ms Simplex.Simplex 7231:292293  timeout (SH 14108ms): Timed out
Simplex/mirabelle.log:0.sledgehammer goal.by        12828ms Simplex.Simplex 7235:292608  timeout (SH 12828ms): Timed out
Simplex/mirabelle.log:0.sledgehammer goal.by        11903ms Simplex.Simplex 7237:292760  timeout (SH 11902ms): Timed out
Simplex/mirabelle.log:0.sledgehammer goal.using     12612ms Simplex.Simplex 7246:293128  timeout (SH 12612ms): Timed out
Simplex/mirabelle.log:0.sledgehammer goal.by        13427ms Simplex.Simplex 7247:293142  timeout (SH 13426ms): Timed out
Simplex/mirabelle.log:0.sledgehammer goal.using     13121ms Simplex.Simplex 7255:293645  timeout (SH 13121ms): Timed out
Simplex/mirabelle.log:0.sledgehammer goal.by        14103ms Simplex.Simplex 7255:293694  timeout (SH 14103ms): Timed out
Simplex/mirabelle.log:0.sledgehammer goal.by        12588ms Simplex.Simplex 7262:293859  timeout (SH 12588ms): Timed out
Simplex/mirabelle.log:0.sledgehammer goal.using     12364ms Simplex.Simplex 7267:294084  timeout (SH 12364ms): Timed out
Simplex/mirabelle.log:0.sledgehammer goal.proof     13026ms Simplex.Simplex 7268:294096  timeout (SH 13026ms): Timed out
Simplex/mirabelle.log:0.sledgehammer goal.proof     12884ms Simplex.Simplex 7273:294240  timeout (SH 12884ms): Timed out
Simplex/mirabelle.log:0.sledgehammer goal.using     14317ms Simplex.Simplex 7276:294323  timeout (SH 14317ms): Timed out
Simplex/mirabelle.log:0.sledgehammer goal.by        13678ms Simplex.Simplex 7277:294360  timeout (SH 13678ms): Timed out
Simplex/mirabelle.log:0.sledgehammer goal.proof     12224ms Simplex.Simplex 7285:294744  timeout (SH 12224ms): Timed out
Simplex/mirabelle.log:0.sledgehammer goal.using     12756ms Simplex.Simplex 7290:294983  timeout (SH 12756ms): Timed out
Simplex/mirabelle.log:0.sledgehammer goal.by        12913ms Simplex.Simplex 7290:295006  timeout (SH 12913ms): Timed out
Simplex/mirabelle.log:0.sledgehammer goal.using     12575ms Simplex.Simplex 7292:295068  timeout (SH 12575ms): Timed out
Simplex/mirabelle.log:0.sledgehammer goal.by        13537ms Simplex.Simplex 7293:295121  timeout (SH 13537ms): Timed out
Simplex/mirabelle.log:0.sledgehammer goal.using     12962ms Simplex.Simplex 7297:295292  timeout (SH 12962ms): Timed out
Simplex/mirabelle.log:0.sledgehammer goal.by        13119ms Simplex.Simplex 7297:295322  timeout (SH 13119ms): Timed out
Simplex/mirabelle.log:0.sledgehammer goal.using     12545ms Simplex.Simplex 7298:295370  timeout (SH 12545ms): Timed out
Simplex/mirabelle.log:0.sledgehammer goal.by        12453ms Simplex.Simplex 7299:295394  timeout (SH 12453ms): Timed out
Simplex/mirabelle.log:0.sledgehammer goal.by        13222ms Simplex.Simplex 7306:295750  timeout (SH 13222ms): Timed out
Simplex/mirabelle.log:0.sledgehammer goal.using     12833ms Simplex.Simplex 7308:295827  timeout (SH 12832ms): Timed out
Simplex/mirabelle.log:0.sledgehammer goal.by        13134ms Simplex.Simplex 7308:295854  timeout (SH 13134ms): Timed out
Simplex/mirabelle.log:0.sledgehammer goal.by        13383ms Simplex.Simplex 7309:295926  timeout (SH 13383ms): Timed out
Simplex/mirabelle.log:0.sledgehammer goal.unfolding 12881ms Simplex.Simplex 7310:295987  timeout (SH 12881ms): Timed out
Simplex/mirabelle.log:0.sledgehammer goal.by        12792ms Simplex.Simplex 7310:296002  timeout (SH 12792ms): Timed out
Simplex/mirabelle.log:0.sledgehammer goal.using     12898ms Simplex.Simplex 7313:296088  timeout (SH 12898ms): Timed out
Simplex/mirabelle.log:0.sledgehammer goal.by        13191ms Simplex.Simplex 7313:296110  timeout (SH 13191ms): Timed out
Simplex/mirabelle.log:0.sledgehammer goal.using     12578ms Simplex.Simplex 7328:296555  timeout (SH 12578ms): Timed out
Simplex/mirabelle.log:0.sledgehammer goal.proof     12749ms Simplex.Simplex 7329:296567  timeout (SH 12749ms): Timed out
Simplex/mirabelle.log:0.sledgehammer goal.by        13182ms Simplex.Simplex 7331:296652  timeout (SH 13182ms): Timed out
Simplex/mirabelle.log:0.sledgehammer goal.using     14119ms Simplex.Simplex 7339:297008  timeout (SH 14119ms): Timed out
Simplex/mirabelle.log:0.sledgehammer goal.proof     13421ms Simplex.Simplex 7340:297020  timeout (SH 13421ms): Timed out
Simplex/mirabelle.log:0.sledgehammer goal.by        14319ms Simplex.Simplex 7343:297064  timeout (SH 14319ms): Timed out
Simplex/mirabelle.log:0.sledgehammer goal.by        13487ms Simplex.Simplex 7352:297441  timeout (SH 13487ms): Timed out
Simplex/mirabelle.log:0.sledgehammer goal.by        13643ms Simplex.Simplex 7354:297507  timeout (SH 13643ms): Timed out
Simplex/mirabelle.log:0.sledgehammer goal.using     13971ms Simplex.Simplex 7356:297566  timeout (SH 13971ms): Timed out
Simplex/mirabelle.log:0.sledgehammer goal.proof     13321ms Simplex.Simplex 7361:297721  timeout (SH 13321ms): Timed out
Simplex/mirabelle.log:0.sledgehammer goal.unfolding 13412ms Simplex.Simplex 7365:297844  timeout (SH 13412ms): Timed out
Simplex/mirabelle.log:0.sledgehammer goal.proof     13432ms Simplex.Simplex 7378:298396  timeout (SH 13432ms): Timed out
Simplex/mirabelle.log:0.sledgehammer goal.proof     13310ms Simplex.Simplex 7383:298566  timeout (SH 13310ms): Timed out
Simplex/mirabelle.log:0.sledgehammer goal.unfolding 14406ms Simplex.Simplex 7387:298688  timeout (SH 14406ms): Timed out
Simplex/mirabelle.log:0.sledgehammer goal.proof     13558ms Simplex.Simplex 7388:298793  timeout (SH 13558ms): Timed out
Simplex/mirabelle.log:0.sledgehammer goal.by        13468ms Simplex.Simplex 7398:299270  timeout (SH 13468ms): Timed out
Simplex/mirabelle.log:0.sledgehammer goal.unfolding 13611ms Simplex.Simplex 7402:299422  timeout (SH 13611ms): Timed out
Simplex/mirabelle.log:0.sledgehammer goal.proof     13619ms Simplex.Simplex 7403:299465  timeout (SH 13618ms): Timed out
Simplex/mirabelle.log:0.sledgehammer goal.using     13886ms Simplex.Simplex 7409:299687  timeout (SH 13886ms): Timed out
Simplex/mirabelle.log:0.sledgehammer goal.using     13692ms Simplex.Simplex 7410:299749  timeout (SH 13692ms): Timed out
Simplex/mirabelle.log:0.sledgehammer goal.by        13443ms Simplex.Simplex 7411:299785  timeout (SH 13443ms): Timed out
Simplex/mirabelle.log:0.sledgehammer goal.using     13661ms Simplex.Simplex 7414:299924  timeout (SH 13661ms): Timed out
Simplex/mirabelle.log:0.sledgehammer goal.using     153734ms Simplex.Simplex 7415:299958  timeout (SH 153734ms):
Simplex/mirabelle.log:0.sledgehammer goal.using     12843ms Simplex.Simplex 7419:300283  timeout (SH 12843ms): Timed out
Simplex/mirabelle.log:0.sledgehammer goal.using     13877ms Simplex.Simplex 7420:300347  timeout (SH 13877ms): Timed out
Simplex/mirabelle.log:0.sledgehammer goal.using     13479ms Simplex.Simplex 7421:300381  timeout (SH 13479ms): Timed out
Simplex/mirabelle.log:0.sledgehammer goal.unfolding 13300ms Simplex.Simplex 7435:301054  timeout (SH 13300ms): Timed out
Simplex/mirabelle.log:0.sledgehammer goal.proof     13830ms Simplex.Simplex 7436:301159  timeout (SH 13829ms): Timed out
Simplex/mirabelle.log:0.sledgehammer goal.by        13509ms Simplex.Simplex 7440:301404  timeout (SH 13509ms): Timed out
Simplex/mirabelle.log:0.sledgehammer goal.proof     13414ms Simplex.Simplex 7447:301571  timeout (SH 13414ms): Timed out
Simplex/mirabelle.log:0.sledgehammer goal.unfolding 13429ms Simplex.Simplex 7451:301708  timeout (SH 13429ms): Timed out
Simplex/mirabelle.log:0.sledgehammer goal.unfolding 13285ms Simplex.Simplex 7461:302113  timeout (SH 13285ms): Timed out
Simplex/mirabelle.log:0.sledgehammer goal.using     12426ms Simplex.Simplex 7463:302291  timeout (SH 12426ms): Timed out
Simplex/mirabelle.log:0.sledgehammer goal.by        12945ms Simplex.Simplex 7463:302305  timeout (SH 12945ms): Timed out
Simplex/mirabelle.log:0.sledgehammer goal.using     12394ms Simplex.Simplex 7473:302507  timeout (SH 12393ms): Timed out
Simplex/mirabelle.log:0.sledgehammer goal.by        12560ms Simplex.Simplex 7474:302565  timeout (SH 12560ms): Timed out
Simplex/mirabelle.log:0.sledgehammer goal.proof     13328ms Simplex.Simplex 7477:302739  timeout (SH 13328ms): Timed out
Simplex/mirabelle.log:0.sledgehammer goal.using     12236ms Simplex.Simplex 7480:302803  timeout (SH 12236ms): Timed out
Simplex/mirabelle.log:0.sledgehammer goal.using     12186ms Simplex.Simplex 7481:302838  timeout (SH 12186ms): Timed out
Simplex/mirabelle.log:0.sledgehammer goal.using     12510ms Simplex.Simplex 7482:302881  timeout (SH 12510ms): Timed out
Simplex/mirabelle.log:0.sledgehammer goal.proof     13543ms Simplex.Simplex 7500:303744  timeout (SH 13543ms): Timed out
Simplex/mirabelle.log:0.sledgehammer goal.unfolding 13757ms Simplex.Simplex 7501:303795  timeout (SH 13757ms): Timed out
Simplex/mirabelle.log:0.sledgehammer goal.by        12594ms Simplex.Simplex 7501:303821  timeout (SH 12594ms): Timed out
Simplex/mirabelle.log:0.sledgehammer goal.unfolding 13579ms Simplex.Simplex 7503:303855  timeout (SH 13578ms): Timed out
Simplex/mirabelle.log:0.sledgehammer goal.by        12854ms Simplex.Simplex 7503:303893  timeout (SH 12854ms): Timed out
Simplex/mirabelle.log:0.sledgehammer goal.unfolding 13048ms Simplex.Simplex 7504:303957  timeout (SH 13048ms): Timed out
Simplex/mirabelle.log:0.sledgehammer goal.by        14102ms Simplex.Simplex 7504:303994  timeout (SH 14102ms): Timed out
Simplex/mirabelle.log:0.sledgehammer goal.unfolding 12782ms Simplex.Simplex 7506:304077  timeout (SH 12782ms): Timed out
Simplex/mirabelle.log:0.sledgehammer goal.unfolding 14618ms Simplex.Simplex 7508:304254  timeout (SH 14618ms): Timed out
Simplex/mirabelle.log:0.sledgehammer goal.proof     12591ms Simplex.Simplex 7510:304322  timeout (SH 12591ms): Timed out
Simplex/mirabelle.log:0.sledgehammer goal.by        13285ms Simplex.Simplex 7515:304512  timeout (SH 13285ms): Timed out
Simplex/mirabelle.log:0.sledgehammer goal.unfolding 13816ms Simplex.Simplex 7520:304691  timeout (SH 13816ms): Timed out
Simplex/mirabelle.log:0.sledgehammer goal.by        13270ms Simplex.Simplex 7527:305014  timeout (SH 13270ms): Timed out
Simplex/mirabelle.log:0.sledgehammer goal.unfolding 13211ms Simplex.Simplex 7529:305097  timeout (SH 13211ms): Timed out
Simplex/mirabelle.log:0.sledgehammer goal.proof     13156ms Simplex.Simplex 7547:305918  timeout (SH 13156ms): Timed out
Simplex/mirabelle.log:0.sledgehammer goal.unfolding 14171ms Simplex.Simplex 7552:306138  timeout (SH 14171ms): Timed out
Simplex/mirabelle.log:0.sledgehammer goal.unfolding 12598ms Simplex.Simplex 7559:306525  timeout (SH 12598ms): Timed out
Simplex/mirabelle.log:0.sledgehammer goal.using     13255ms Simplex.Simplex 7559:306578  timeout (SH 13255ms): Timed out
Simplex/mirabelle.log:0.sledgehammer goal.unfolding 13469ms Simplex.Simplex 7560:306603  timeout (SH 13469ms): Timed out
Simplex/mirabelle.log:0.sledgehammer goal.using     13429ms Simplex.Simplex 7560:306644  timeout (SH 13429ms): Timed out
Simplex/mirabelle.log:0.sledgehammer goal.by        14520ms Simplex.Simplex 7560:306657  timeout (SH 14520ms): Timed out
Simplex/mirabelle.log:0.sledgehammer goal.using     12643ms Simplex.Simplex 7565:306964  timeout (SH 12643ms): Timed out
Simplex/mirabelle.log:0.sledgehammer goal.unfolding 13180ms Simplex.Simplex 7566:306989  timeout (SH 13180ms): Timed out
Simplex/mirabelle.log:0.sledgehammer goal.by        13086ms Simplex.Simplex 7577:307620  timeout (SH 13086ms): Timed out
Simplex/mirabelle.log:0.sledgehammer goal.by        12152ms Simplex.Simplex 7579:307658  timeout (SH 12152ms): Timed out
Simplex/mirabelle.log:0.sledgehammer goal.using     12516ms Simplex.Simplex 7587:308038  timeout (SH 12516ms): Timed out
Simplex/mirabelle.log:0.sledgehammer goal.proof     12821ms Simplex.Simplex 7588:308050  timeout (SH 12821ms): Timed out
Simplex/mirabelle.log:0.sledgehammer goal.by        13606ms Simplex.Simplex 7590:308173  timeout (SH 13606ms): Timed out
Simplex/mirabelle.log:0.sledgehammer goal.proof     13685ms Simplex.Simplex 7600:308456  timeout (SH 13685ms): Timed out
Simplex/mirabelle.log:0.sledgehammer goal.by        13883ms Simplex.Simplex 7604:308635  timeout (SH 13883ms): Timed out
Simplex/mirabelle.log:0.sledgehammer goal.proof     13607ms Simplex.Simplex 7615:309022  timeout (SH 13607ms): Timed out
Simplex/mirabelle.log:0.sledgehammer goal.by        13404ms Simplex.Simplex 7617:309183  timeout (SH 13404ms): Timed out
Simplex/mirabelle.log:0.sledgehammer goal.by        15149ms Simplex.Simplex 7639:310359  timeout (SH 15149ms): Timed out
Simplex/mirabelle.log:0.sledgehammer goal.using     13807ms Simplex.Simplex 7654:310963  timeout (SH 13807ms): Timed out
Simplex/mirabelle.log:0.sledgehammer goal.proof     13138ms Simplex.Simplex 7669:311750  timeout (SH 13138ms): Timed out
Simplex/mirabelle.log:0.sledgehammer goal.unfolding 13112ms Simplex.Simplex 7672:311929  timeout (SH 13112ms): Timed out
Simplex/mirabelle.log:0.sledgehammer goal.by        12706ms Simplex.Simplex 7672:311947  timeout (SH 12706ms): Timed out
Simplex/mirabelle.log:0.sledgehammer goal.unfolding 13136ms Simplex.Simplex 7674:312035  timeout (SH 13136ms): Timed out
Simplex/mirabelle.log:0.sledgehammer goal.by        13630ms Simplex.Simplex 7674:312060  timeout (SH 13630ms): Timed out
Simplex/mirabelle.log:0.sledgehammer goal.by        12956ms Simplex.Simplex 7677:312229  timeout (SH 12956ms): Timed out
Simplex/mirabelle.log:0.sledgehammer goal.using     13429ms Simplex.Simplex 7678:312278  timeout (SH 13429ms): Timed out
Simplex/mirabelle.log:0.sledgehammer goal.unfolding 13048ms Simplex.Simplex 7692:313298  timeout (SH 13048ms): Timed out
Simplex/mirabelle.log:0.sledgehammer goal.proof     13902ms Simplex.Simplex 7693:313316  timeout (SH 13902ms): Timed out
Simplex/mirabelle.log:0.sledgehammer goal.proof     13120ms Simplex.Simplex 7697:313519  timeout (SH 13120ms): Timed out
Simplex/mirabelle.log:0.sledgehammer goal.using     13305ms Simplex.Simplex 7699:313703  timeout (SH 13305ms): Timed out
Simplex/mirabelle.log:0.sledgehammer goal.by        13731ms Simplex.Simplex 7699:313713  timeout (SH 13731ms): Timed out
Simplex/mirabelle.log:0.sledgehammer goal.proof     13881ms Simplex.Simplex 7705:313952  timeout (SH 13881ms): Timed out
Simplex/mirabelle.log:0.sledgehammer goal.by        13871ms Simplex.Simplex 7708:314074  timeout (SH 13871ms): Timed out
Simplex/mirabelle.log:0.sledgehammer goal.by        13818ms Simplex.Simplex 7711:314200  timeout (SH 13818ms): Timed out
Simplex/mirabelle.log:0.sledgehammer goal.proof     13942ms Simplex.Simplex 7713:314285  timeout (SH 13942ms): Timed out
Simplex/mirabelle.log:0.sledgehammer goal.using     13961ms Simplex.Simplex 7715:314362  timeout (SH 13960ms): Timed out
Simplex/mirabelle.log:0.sledgehammer goal.by        14108ms Simplex.Simplex 7715:314377  timeout (SH 14108ms): Timed out
Simplex/mirabelle.log:0.sledgehammer goal.using     14173ms Simplex.Simplex 7718:314489  timeout (SH 14173ms): Timed out
Simplex/mirabelle.log:0.sledgehammer goal.by        13927ms Simplex.Simplex 7718:314504  timeout (SH 13926ms): Timed out
Simplex/mirabelle.log:0.sledgehammer goal.unfolding 13035ms Simplex.Simplex 7726:314809  timeout (SH 13035ms): Timed out
Simplex/mirabelle.log:0.sledgehammer goal.proof     13483ms Simplex.Simplex 7727:314847  timeout (SH 13482ms): Timed out
Simplex/mirabelle.log:0.sledgehammer goal.unfolding 12807ms Simplex.Simplex 7734:315258  timeout (SH 12807ms): Timed out
Simplex/mirabelle.log:0.sledgehammer goal.by        13712ms Simplex.Simplex 7735:315283  timeout (SH 13712ms): Timed out
Simplex/mirabelle.log:0.sledgehammer goal.unfolding 12853ms Simplex.Simplex 7739:315473  timeout (SH 12853ms): Timed out
Simplex/mirabelle.log:0.sledgehammer goal.proof     12773ms Simplex.Simplex 7740:315514  timeout (SH 12773ms): Timed out
Simplex/mirabelle.log:0.sledgehammer goal.proof     13317ms Simplex.Simplex 7752:316252  timeout (SH 13317ms): Timed out
Simplex/mirabelle.log:0.sledgehammer goal.unfolding 13478ms Simplex.Simplex 7754:316325  timeout (SH 13478ms): Timed out
Simplex/mirabelle.log:0.sledgehammer goal.using     13860ms Simplex.Simplex 7754:316347  timeout (SH 13860ms): Timed out
Simplex/mirabelle.log:0.sledgehammer goal.by        13828ms Simplex.Simplex 7754:316355  timeout (SH 13828ms): Timed out
Simplex/mirabelle.log:0.sledgehammer goal.unfolding 14720ms Simplex.Simplex 7757:316434  timeout (SH 14720ms): Timed out
Simplex/mirabelle.log:0.sledgehammer goal.using     13868ms Simplex.Simplex 7757:316456  timeout (SH 13868ms): Timed out
Simplex/mirabelle.log:0.sledgehammer goal.by        12955ms Simplex.Simplex 7757:316476  timeout (SH 12954ms): Timed out
Simplex/mirabelle.log:0.sledgehammer goal.unfolding 13364ms Simplex.Simplex 7770:316984  timeout (SH 13364ms): Timed out
Simplex/mirabelle.log:0.sledgehammer goal.by         7993ms Simplex.Simplex 7776:317175  timeout (SH 7993ms): Timed out
Simplex/mirabelle.log:0.sledgehammer goal.proof     13652ms Simplex.Simplex 7823:319351  timeout (SH 13652ms): Timed out
Simplex/mirabelle.log:0.sledgehammer goal.unfolding 13247ms Simplex.Simplex 7831:319755  timeout (SH 13247ms): Timed out
Simplex/mirabelle.log:0.sledgehammer goal.proof     13482ms Simplex.Simplex 7832:319790  timeout (SH 13482ms): Timed out
Simplex/mirabelle.log:0.sledgehammer goal.unfolding 12544ms Simplex.Simplex 7842:320372  timeout (SH 12544ms): Timed out
Simplex/mirabelle.log:0.sledgehammer goal.by        13561ms Simplex.Simplex 7844:320478  timeout (SH 13561ms): Timed out
Simplex/mirabelle.log:0.sledgehammer goal.proof     13795ms Simplex.Simplex 7846:320572  timeout (SH 13795ms): Timed out
Simplex/mirabelle.log:0.sledgehammer goal.using     13844ms Simplex.Simplex 7850:320679  timeout (SH 13844ms): Timed out
Simplex/mirabelle.log:0.sledgehammer goal.unfolding 13462ms Simplex.Simplex 7850:320689  timeout (SH 13462ms): Timed out
Simplex/mirabelle.log:0.sledgehammer goal.proof     13294ms Simplex.Simplex 7851:320714  timeout (SH 13294ms): Timed out
Simplex/mirabelle.log:0.sledgehammer goal.by        14113ms Simplex.Simplex 7854:320789  timeout (SH 14113ms): Timed out
Simplex/mirabelle.log:0.sledgehammer goal.unfolding 13515ms Simplex.Simplex 7860:321049  timeout (SH 13515ms): Timed out
Simplex/mirabelle.log:0.sledgehammer goal.by        14591ms Simplex.Simplex 7860:321086  timeout (SH 14591ms): Timed out
Simplex/mirabelle.log:0.sledgehammer goal.proof     13884ms Simplex.Simplex 7862:321135  timeout (SH 13884ms): Timed out
Simplex/mirabelle.log:0.sledgehammer goal.unfolding 14905ms Simplex.Simplex 7864:321221  timeout (SH 14905ms): Timed out
Simplex/mirabelle.log:0.sledgehammer goal.by        13709ms Simplex.Simplex 7864:321241  timeout (SH 13709ms): Timed out
Simplex/mirabelle.log:0.sledgehammer goal.unfolding 14888ms Simplex.Simplex 7871:321554  timeout (SH 14888ms): Timed out
Simplex/mirabelle.log:0.sledgehammer goal.unfolding 13239ms Simplex.Simplex 7871:321597  timeout (SH 13239ms): Timed out
Simplex/mirabelle.log:0.sledgehammer goal.by        13712ms Simplex.Simplex 7871:321623  timeout (SH 13711ms): Timed out
Simplex/mirabelle.log:0.sledgehammer goal.by        14075ms Simplex.Simplex 7872:321665  timeout (SH 14075ms): Timed out
Simplex/mirabelle.log:0.sledgehammer goal.unfolding 13472ms Simplex.Simplex 7884:322275  timeout (SH 13471ms): Timed out
Simplex/mirabelle.log:0.sledgehammer goal.proof     14573ms Simplex.Simplex 7885:322309  timeout (SH 14572ms): Timed out
Simplex/mirabelle.log:0.sledgehammer goal.by        13593ms Simplex.Simplex 7888:322373  timeout (SH 13593ms): Timed out
Simplex/mirabelle.log:0.sledgehammer goal.by        14225ms Simplex.Simplex 7892:322467  timeout (SH 14225ms): Timed out
Simplex/mirabelle.log:0.sledgehammer goal.by        13553ms Simplex.Simplex 7895:322671  timeout (SH 13553ms): Timed out
Simplex/mirabelle.log:0.sledgehammer goal.proof     13472ms Simplex.Simplex 7900:322885  timeout (SH 13472ms): Timed out
Simplex/mirabelle.log:0.sledgehammer goal.using     13250ms Simplex.Simplex 7902:322998  timeout (SH 13250ms): Timed out
Simplex/mirabelle.log:0.sledgehammer goal.unfolding 13064ms Simplex.Simplex 7902:323006  timeout (SH 13064ms): Timed out
Simplex/mirabelle.log:0.sledgehammer goal.by        13061ms Simplex.Simplex 7903:323033  timeout (SH 13061ms): Timed out
Simplex/mirabelle.log:0.sledgehammer goal.proof     12792ms Simplex.Simplex 7910:323315  timeout (SH 12792ms): Timed out
Simplex/mirabelle.log:0.sledgehammer goal.using     13334ms Simplex.Simplex 7914:323484  timeout (SH 13333ms): Timed out
Simplex/mirabelle.log:0.sledgehammer goal.using     13408ms Simplex.Simplex 7915:323505  timeout (SH 13408ms): Timed out
Simplex/mirabelle.log:0.sledgehammer goal.by        12790ms Simplex.Simplex 7916:323526  timeout (SH 12789ms): Timed out
Simplex/mirabelle.log:0.sledgehammer goal.by        13199ms Simplex.Simplex 7920:323755  timeout (SH 13199ms): Timed out
Simplex/mirabelle.log:0.sledgehammer goal.using     12874ms Simplex.Simplex 7922:323829  timeout (SH 12874ms): Timed out
Simplex/mirabelle.log:0.sledgehammer goal.by        14634ms Simplex.Simplex 7923:323870  timeout (SH 14633ms): Timed out
Simplex/mirabelle.log:0.sledgehammer goal.using     13998ms Simplex.Simplex 7926:323997  timeout (SH 13998ms): Timed out
Simplex/mirabelle.log:0.sledgehammer goal.unfolding 13453ms Simplex.Simplex 7926:324005  timeout (SH 13453ms): Timed out
Simplex/mirabelle.log:0.sledgehammer goal.by        14649ms Simplex.Simplex 7927:324032  timeout (SH 14648ms): Timed out
Simplex/mirabelle.log:0.sledgehammer goal.proof     12997ms Simplex.Simplex 7934:324311  timeout (SH 12997ms): Timed out
Simplex/mirabelle.log:0.sledgehammer goal.using     13716ms Simplex.Simplex 7938:324480  timeout (SH 13716ms): Timed out
Simplex/mirabelle.log:0.sledgehammer goal.using     13632ms Simplex.Simplex 7939:324501  timeout (SH 13632ms): Timed out
Simplex/mirabelle.log:0.sledgehammer goal.by        13055ms Simplex.Simplex 7940:324522  timeout (SH 13054ms): Timed out
Simplex/mirabelle.log:0.sledgehammer goal.using     13007ms Simplex.Simplex 7944:324746  timeout (SH 13007ms): Timed out
Simplex/mirabelle.log:0.sledgehammer goal.by        13087ms Simplex.Simplex 7945:324765  timeout (SH 13087ms): Timed out
Simplex/mirabelle.log:0.sledgehammer goal.using     13100ms Simplex.Simplex 7947:324834  timeout (SH 13099ms): Timed out
Simplex/mirabelle.log:0.sledgehammer goal.by        13441ms Simplex.Simplex 7948:324875  timeout (SH 13441ms): Timed out
Simplex/mirabelle.log:0.sledgehammer goal.using     12790ms Simplex.Simplex 7951:325004  timeout (SH 12790ms): Timed out
Simplex/mirabelle.log:0.sledgehammer goal.unfolding 12999ms Simplex.Simplex 7951:325012  timeout (SH 12999ms): Timed out
Simplex/mirabelle.log:0.sledgehammer goal.by        13505ms Simplex.Simplex 7952:325039  timeout (SH 13504ms): Timed out
Simplex/mirabelle.log:0.sledgehammer goal.proof     13170ms Simplex.Simplex 7959:325318  timeout (SH 13170ms): Timed out
Simplex/mirabelle.log:0.sledgehammer goal.using     13748ms Simplex.Simplex 7963:325487  timeout (SH 13748ms): Timed out
Simplex/mirabelle.log:0.sledgehammer goal.using     13678ms Simplex.Simplex 7964:325508  timeout (SH 13678ms): Timed out
Simplex/mirabelle.log:0.sledgehammer goal.by        13867ms Simplex.Simplex 7965:325530  timeout (SH 13867ms): Timed out
Simplex/mirabelle.log:0.sledgehammer goal.using     13259ms Simplex.Simplex 7969:325754  timeout (SH 13259ms): Timed out
Simplex/mirabelle.log:0.sledgehammer goal.by        12898ms Simplex.Simplex 7970:325773  timeout (SH 12898ms): Timed out
Simplex/mirabelle.log:0.sledgehammer goal.by        12845ms Simplex.Simplex 7972:325842  timeout (SH 12845ms): Timed out
Simplex/mirabelle.log:0.sledgehammer goal.using     13710ms Simplex.Simplex 7975:325970  timeout (SH 13710ms): Timed out
Simplex/mirabelle.log:0.sledgehammer goal.unfolding 12841ms Simplex.Simplex 7975:325978  timeout (SH 12841ms): Timed out
Simplex/mirabelle.log:0.sledgehammer goal.by        13528ms Simplex.Simplex 7976:326005  timeout (SH 13528ms): Timed out
Simplex/mirabelle.log:0.sledgehammer goal.proof     13947ms Simplex.Simplex 7983:326284  timeout (SH 13947ms): Timed out
Simplex/mirabelle.log:0.sledgehammer goal.using     13566ms Simplex.Simplex 7987:326453  timeout (SH 13565ms): Timed out
Simplex/mirabelle.log:0.sledgehammer goal.using     13780ms Simplex.Simplex 7988:326474  timeout (SH 13780ms): Timed out
Simplex/mirabelle.log:0.sledgehammer goal.by        13278ms Simplex.Simplex 7989:326496  timeout (SH 13278ms): Timed out
Simplex/mirabelle.log:0.sledgehammer goal.using     12851ms Simplex.Simplex 7993:326720  timeout (SH 12851ms): Timed out
Simplex/mirabelle.log:0.sledgehammer goal.by        12955ms Simplex.Simplex 7994:326739  timeout (SH 12955ms): Timed out
Simplex/mirabelle.log:0.sledgehammer goal.by        12929ms Simplex.Simplex 7996:326808  timeout (SH 12929ms): Timed out
Simplex/mirabelle.log:0.sledgehammer goal.using     12875ms Simplex.Simplex 8000:326999  timeout (SH 12875ms): Timed out
Simplex/mirabelle.log:0.sledgehammer goal.unfolding 12904ms Simplex.Simplex 8000:327007  timeout (SH 12904ms): Timed out
Simplex/mirabelle.log:0.sledgehammer goal.by        13438ms Simplex.Simplex 8001:327034  timeout (SH 13438ms): Timed out
Simplex/mirabelle.log:0.sledgehammer goal.proof     12827ms Simplex.Simplex 8009:327408  timeout (SH 12827ms): Timed out
Simplex/mirabelle.log:0.sledgehammer goal.using     13848ms Simplex.Simplex 8013:327577  timeout (SH 13848ms): Timed out
Simplex/mirabelle.log:0.sledgehammer goal.using     13704ms Simplex.Simplex 8014:327598  timeout (SH 13704ms): Timed out
Simplex/mirabelle.log:0.sledgehammer goal.by        13924ms Simplex.Simplex 8015:327619  timeout (SH 13923ms): Timed out
Simplex/mirabelle.log:0.sledgehammer goal.using     12986ms Simplex.Simplex 8020:327928  timeout (SH 12985ms): Timed out
Simplex/mirabelle.log:0.sledgehammer goal.by        13041ms Simplex.Simplex 8021:327947  timeout (SH 13041ms): Timed out
Simplex/mirabelle.log:0.sledgehammer goal.by        13717ms Simplex.Simplex 8023:328021  timeout (SH 13717ms): Timed out
Simplex/mirabelle.log:0.sledgehammer goal.unfolding 13368ms Simplex.Simplex 8029:328241  timeout (SH 13368ms): Timed out
Simplex/mirabelle.log:0.sledgehammer goal.by        13304ms Simplex.Simplex 8029:328261  timeout (SH 13303ms): Timed out
Simplex/mirabelle.log:0.sledgehammer goal.proof     12645ms Simplex.Simplex 8031:328326  timeout (SH 12645ms): Timed out
Simplex/mirabelle.log:0.sledgehammer goal.unfolding 12418ms Simplex.Simplex 8033:328387  timeout (SH 12418ms): Timed out
Simplex/mirabelle.log:0.sledgehammer goal.unfolding 12878ms Simplex.Simplex 8038:328558  timeout (SH 12878ms): Timed out
Simplex/mirabelle.log:0.sledgehammer goal.by        13501ms Simplex.Simplex 8038:328578  timeout (SH 13501ms): Timed out
Simplex/mirabelle.log:0.sledgehammer goal.unfolding 13211ms Simplex.Simplex 8044:328758  timeout (SH 13211ms): Timed out
Simplex/mirabelle.log:0.sledgehammer goal.proof     12990ms Simplex.Simplex 8045:328796  timeout (SH 12990ms): Timed out
Simplex/mirabelle.log:0.sledgehammer goal.using     13492ms Simplex.Simplex 8055:329352  timeout (SH 13492ms): Timed out
Simplex/mirabelle.log:0.sledgehammer goal.by        12748ms Simplex.Simplex 8055:329360  timeout (SH 12748ms): Timed out
Simplex/mirabelle.log:0.sledgehammer goal.using     13415ms Simplex.Simplex 8056:329441  timeout (SH 13415ms): Timed out
Simplex/mirabelle.log:0.sledgehammer goal.by        13310ms Simplex.Simplex 8056:329449  timeout (SH 13310ms): Timed out
Simplex/mirabelle.log:0.sledgehammer goal.unfolding 13368ms Simplex.Simplex 8064:329716  timeout (SH 13367ms): Timed out
Simplex/mirabelle.log:0.sledgehammer goal.proof     13543ms Simplex.Simplex 8065:329751  timeout (SH 13543ms): Timed out
Simplex/mirabelle.log:0.sledgehammer goal.using     13254ms Simplex.Simplex 8069:329935  timeout (SH 13254ms): Timed out
Simplex/mirabelle.log:0.sledgehammer goal.proof     12972ms Simplex.Simplex 8070:329947  timeout (SH 12972ms): Timed out
Simplex/mirabelle.log:0.sledgehammer goal.by        13095ms Simplex.Simplex 8074:330124  timeout (SH 13095ms): Timed out
Simplex/mirabelle.log:0.sledgehammer goal.unfolding 13564ms Simplex.Simplex 8079:330293  timeout (SH 13564ms): Timed out
Simplex/mirabelle.log:0.sledgehammer goal.by        13894ms Simplex.Simplex 8079:330313  timeout (SH 13893ms): Timed out
Simplex/mirabelle.log:0.sledgehammer goal.by        13762ms Simplex.Simplex 8081:330429  timeout (SH 13762ms): Timed out
Simplex/mirabelle.log:0.sledgehammer goal.by        13401ms Simplex.Simplex 8084:330539  timeout (SH 13401ms): Timed out
Simplex/mirabelle.log:0.sledgehammer goal.unfolding 13298ms Simplex.Simplex 8087:330762  timeout (SH 13298ms): Timed out
Simplex/mirabelle.log:0.sledgehammer goal.proof     13503ms Simplex.Simplex 8088:330811  timeout (SH 13503ms): Timed out
Simplex/mirabelle.log:0.sledgehammer goal.unfolding 14158ms Simplex.Simplex 8093:331044  timeout (SH 14158ms): Timed out
Simplex/mirabelle.log:0.sledgehammer goal.by        13767ms Simplex.Simplex 8093:331067  timeout (SH 13767ms): Timed out
Simplex/mirabelle.log:0.sledgehammer goal.proof     13713ms Simplex.Simplex 8095:331114  timeout (SH 13713ms): Timed out
Simplex/mirabelle.log:0.sledgehammer goal.unfolding 14111ms Simplex.Simplex 8102:331367  timeout (SH 14111ms): Timed out
Simplex/mirabelle.log:0.sledgehammer goal.by        14118ms Simplex.Simplex 8102:331387  timeout (SH 14118ms): Timed out
Simplex/mirabelle.log:0.sledgehammer goal.unfolding 13815ms Simplex.Simplex 8114:331821  timeout (SH 13815ms): Timed out
Simplex/mirabelle.log:0.sledgehammer goal.by        12366ms Simplex.Simplex 8115:331855  timeout (SH 12366ms): Timed out
Simplex/mirabelle.log:0.sledgehammer goal.proof     13404ms Simplex.Simplex 8164:333820  timeout (SH 13404ms): Timed out
Simplex/mirabelle.log:0.sledgehammer goal.by        13357ms Simplex.Simplex 8171:334173  timeout (SH 13357ms): Timed out
Simplex/mirabelle.log:0.sledgehammer goal.unfolding 12250ms Simplex.Simplex 8174:334278  timeout (SH 12250ms): Timed out
Simplex/mirabelle.log:0.sledgehammer goal.using     13690ms Simplex.Simplex 8176:334471  timeout (SH 13690ms): Timed out
Simplex/mirabelle.log:0.sledgehammer goal.by        13697ms Simplex.Simplex 8177:334487  timeout (SH 13697ms): Timed out
Simplex/mirabelle.log:0.sledgehammer goal.by        12443ms Simplex.Simplex 8181:334731  timeout (SH 12443ms): Timed out
Simplex/mirabelle.log:0.sledgehammer goal.by        13336ms Simplex.Simplex 8184:334896  timeout (SH 13336ms): Timed out
Simplex/mirabelle.log:0.sledgehammer goal.by        12631ms Simplex.Simplex 8188:335079  timeout (SH 12631ms): Timed out
Simplex/mirabelle.log:0.sledgehammer goal.by        12206ms Simplex.Simplex 8195:335274  timeout (SH 12206ms): Timed out
Simplex/mirabelle.log:0.sledgehammer goal.by        12820ms Simplex.Simplex 8207:335614  timeout (SH 12820ms): Timed out
Simplex_Auxiliary/mirabelle.log:0.sledgehammer goal.using     12008ms Simplex.Simplex_Auxiliary 14:416  timeout (SH 12008ms): Timed out
Simplex_Auxiliary/mirabelle.log:0.sledgehammer goal.by        12766ms Simplex.Simplex_Auxiliary 15:430  timeout (SH 12766ms): Timed out
Simplex_Auxiliary/mirabelle.log:0.sledgehammer goal.using     11726ms Simplex.Simplex_Auxiliary 46:1254  timeout (SH 11725ms): Timed out
Simplex_Auxiliary/mirabelle.log:0.sledgehammer goal.by        11717ms Simplex.Simplex_Auxiliary 47:1268  timeout (SH 11717ms): Timed out
Simplex_Auxiliary/mirabelle.log:0.sledgehammer goal.using     11411ms Simplex.Simplex_Auxiliary 52:1397  timeout (SH 11411ms): Timed out
Simplex_Auxiliary/mirabelle.log:0.sledgehammer goal.by        11418ms Simplex.Simplex_Auxiliary 53:1411  timeout (SH 11418ms): Timed out
Simplex_Auxiliary/mirabelle.log:0.sledgehammer goal.proof     12777ms Simplex.Simplex_Auxiliary 69:1825  timeout (SH 12777ms): Timed out
Simplex_Auxiliary/mirabelle.log:0.sledgehammer goal.by        13294ms Simplex.Simplex_Auxiliary 72:1900  timeout (SH 13294ms): Timed out
Simplex_Auxiliary/mirabelle.log:0.sledgehammer goal.unfolding 12749ms Simplex.Simplex_Auxiliary 85:2292  timeout (SH 12749ms): Timed out
Simplex_Auxiliary/mirabelle.log:0.sledgehammer goal.proof     11385ms Simplex.Simplex_Auxiliary 91:2484  timeout (SH 11385ms): Timed out
Simplex_Auxiliary/mirabelle.log:0.sledgehammer goal.unfolding 12240ms Simplex.Simplex_Auxiliary 95:2612  timeout (SH 12239ms): Timed out
Simplex_Auxiliary/mirabelle.log:0.sledgehammer goal.using     11524ms Simplex.Simplex_Auxiliary 113:3054  timeout (SH 11523ms): Timed out
Simplex_Auxiliary/mirabelle.log:0.sledgehammer goal.by        12576ms Simplex.Simplex_Auxiliary 114:3084  timeout (SH 12576ms): Timed out
Simplex_Auxiliary/mirabelle.log:0.sledgehammer goal.using     11915ms Simplex.Simplex_Auxiliary 156:4125  timeout (SH 11915ms): Timed out
Simplex_Auxiliary/mirabelle.log:0.sledgehammer goal.proof     11925ms Simplex.Simplex_Auxiliary 157:4137  timeout (SH 11925ms): Timed out
Simplex_Auxiliary/mirabelle.log:0.sledgehammer goal.by        11692ms Simplex.Simplex_Auxiliary 160:4199  timeout (SH 11692ms): Timed out
Simplex_Auxiliary/mirabelle.log:0.sledgehammer goal.proof     11805ms Simplex.Simplex_Auxiliary 169:4418  timeout (SH 11805ms): Timed out
Simplex_Auxiliary/mirabelle.log:0.sledgehammer goal.by        12329ms Simplex.Simplex_Auxiliary 173:4510  timeout (SH 12329ms): Timed out
Simplex_Auxiliary/mirabelle.log:0.sledgehammer goal.proof     11656ms Simplex.Simplex_Auxiliary 183:4768  timeout (SH 11656ms): Timed out
Simplex_Auxiliary/mirabelle.log:0.sledgehammer goal.proof     11703ms Simplex.Simplex_Auxiliary 185:4825  timeout (SH 11703ms): Timed out
Simplex_Auxiliary/mirabelle.log:0.sledgehammer goal.using     11888ms Simplex.Simplex_Auxiliary 218:5729  timeout (SH 11888ms): Timed out
Simplex_Auxiliary/mirabelle.log:0.sledgehammer goal.proof     11796ms Simplex.Simplex_Auxiliary 219:5741  timeout (SH 11796ms): Timed out
Simplex_Auxiliary/mirabelle.log:0.sledgehammer goal.proof     12890ms Simplex.Simplex_Auxiliary 226:5852  timeout (SH 12890ms): Timed out
Simplex_Auxiliary/mirabelle.log:0.sledgehammer goal.using     12607ms Simplex.Simplex_Auxiliary 228:5914  timeout (SH 12607ms): Timed out
Simplex_Auxiliary/mirabelle.log:0.sledgehammer goal.by        12730ms Simplex.Simplex_Auxiliary 228:5925  timeout (SH 12730ms): Timed out
Simplex_Auxiliary/mirabelle.log:0.sledgehammer goal.by        12501ms Simplex.Simplex_Auxiliary 231:5994  timeout (SH 12501ms): Timed out
Simplex_Algebra/mirabelle.log:0.sledgehammer goal.unfolding 31092ms Simplex.Simplex_Algebra 38:1283  timeout (SH 31092ms): Timed out
Simplex_Algebra/mirabelle.log:0.sledgehammer goal.unfolding 23415ms Simplex.Simplex_Algebra 43:1404  timeout (SH 23415ms): Timed out
Simplex_Algebra/mirabelle.log:0.sledgehammer goal.proof     15727ms Simplex.Simplex_Algebra 59:1720  timeout (SH 15727ms): Timed out
Simplex_Algebra/mirabelle.log:0.sledgehammer goal.using     25146ms Simplex.Simplex_Algebra 73:2036  timeout (SH 25146ms): Timed out
Simplex_Algebra/mirabelle.log:0.sledgehammer goal.proof     24859ms Simplex.Simplex_Algebra 84:2315  timeout (SH 24859ms): Timed out
Simplex_Algebra/mirabelle.log:0.sledgehammer goal.using     11625ms Simplex.Simplex_Algebra 86:2364  timeout (SH 11625ms): Timed out
Simplex_Algebra/mirabelle.log:0.sledgehammer goal.proof     30404ms Simplex.Simplex_Algebra 90:2508  timeout (SH 30404ms): Timed out
Simplex_Algebra/mirabelle.log:0.sledgehammer goal.proof     12571ms Simplex.Simplex_Algebra 93:2559  timeout (SH 12571ms): Timed out
Simplex_Algebra/mirabelle.log:0.sledgehammer goal.proof     16319ms Simplex.Simplex_Algebra 119:3108  timeout (SH 16319ms): Timed out
Simplex_Algebra/mirabelle.log:0.sledgehammer goal.proof     11764ms Simplex.Simplex_Algebra 149:3841  timeout (SH 11764ms): Timed out
Simplex_Algebra/mirabelle.log:0.sledgehammer goal.using     43091ms Simplex.Simplex_Algebra 163:4112  timeout (SH 43091ms): Timed out
Simplex_Algebra/mirabelle.log:0.sledgehammer goal.proof     12238ms Simplex.Simplex_Algebra 169:4258  timeout (SH 12237ms): Timed out
Simplex_Algebra/mirabelle.log:0.sledgehammer goal.using     29129ms Simplex.Simplex_Algebra 183:4528  timeout (SH 29129ms): Timed out
Simplex_Algebra/mirabelle.log:0.sledgehammer goal.using     14717ms Simplex.Simplex_Algebra 189:4676  timeout (SH 14717ms): Timed out
Simplex_Algebra/mirabelle.log:0.sledgehammer goal.by        12580ms Simplex.Simplex_Algebra 190:4720  timeout (SH 12579ms): Timed out
Simplex_Algebra/mirabelle.log:0.sledgehammer goal.using     11911ms Simplex.Simplex_Algebra 194:4843  timeout (SH 11911ms): Timed out
Simplex_Algebra/mirabelle.log:0.sledgehammer goal.by        11647ms Simplex.Simplex_Algebra 195:4887  timeout (SH 11647ms): Timed out
Simplex_Algebra/mirabelle.log:0.sledgehammer goal.proof     11816ms Simplex.Simplex_Algebra 199:5008  timeout (SH 11816ms): Timed out
Simplex_Algebra/mirabelle.log:0.sledgehammer goal.using     14838ms Simplex.Simplex_Algebra 213:5280  timeout (SH 14838ms): Timed out
Simplex_Algebra/mirabelle.log:0.sledgehammer goal.by        12904ms Simplex.Simplex_Algebra 214:5298  timeout (SH 12904ms): Timed out
Simplex_Algebra/mirabelle.log:0.sledgehammer goal.proof     11734ms Simplex.Simplex_Algebra 219:5427  timeout (SH 11734ms): Timed out
Simplex_Algebra/mirabelle.log:0.sledgehammer goal.using     17094ms Simplex.Simplex_Algebra 233:5698  timeout (SH 17094ms): Timed out
Simplex_Algebra/mirabelle.log:0.sledgehammer goal.proof     11772ms Simplex.Simplex_Algebra 243:5923  timeout (SH 11772ms): Timed out
Simplex_Algebra/mirabelle.log:0.sledgehammer goal.using     11731ms Simplex.Simplex_Algebra 247:5990  timeout (SH 11731ms): Timed out
