0.sledgehammer initialize Params for sledgehammer: {abduce = SOME 0, cache_dir = NONE, compress = NONE, debug = false, expect =
0.sledgehammer initialize  "", fact_filter = NONE, fact_thresholds = (0.45, 0.85), falsify =
0.sledgehammer initialize  SOME false, induction_rules = NONE, instantiate = NONE, isar_proofs = NONE,
0.sledgehammer initialize  lam_trans = NONE, learn = true, max_facts = NONE, max_mono_iters = NONE,
0.sledgehammer initialize  max_new_mono_instances = NONE, max_proofs = 4, minimize = true, overlord =
0.sledgehammer initialize  false, preplay_provers = [], preplay_timeout = 1.000, provers =
0.sledgehammer initialize  ["cvc5_proof"], slices = 96, smt_proofs = true, spy = false, strict =
0.sledgehammer initialize  false, timeout = 30.000, try0 = true, type_enc = NONE, uncurried_aliases =
0.sledgehammer initialize  NONE, verbose = false}
0.sledgehammer goal.using     32882ms Ordered_Resolution_Prover.FO_Ordered_Resolution_Prover 24:932  some (SH 32882ms, ATP 641ms): Try this: using exists_least_iff is_least_def by auto (20 ms)
0.sledgehammer goal.unfolding 25621ms Ordered_Resolution_Prover.FO_Ordered_Resolution_Prover 24:955  some (SH 25621ms, ATP 335ms): Try this: using is_least_def by auto (9 ms)
0.sledgehammer goal.by         9676ms Ordered_Resolution_Prover.FO_Ordered_Resolution_Prover 24:978  some (SH 9676ms, ATP 910ms): Try this: by auto (10 ms)
0.sledgehammer goal.by        31836ms Ordered_Resolution_Prover.FO_Ordered_Resolution_Prover 90:3444  timeout (SH 31836ms): Timed out
0.sledgehammer goal.using     39016ms Ordered_Resolution_Prover.FO_Ordered_Resolution_Prover 111:4293  timeout (SH 39016ms): Timed out
0.sledgehammer goal.by        36493ms Ordered_Resolution_Prover.FO_Ordered_Resolution_Prover 111:4303  some (SH 36493ms, ATP 1505ms): Try this: apply (simp add: Liminf_state_def lfinite_Liminf_llist llast_lmap) (21 ms)
0.sledgehammer goal.using     11599ms Ordered_Resolution_Prover.FO_Ordered_Resolution_Prover 114:4437  some (SH 11599ms, ATP 614ms): Try this: using Liminf_state_def N_of_Liminf_state_fin P_of_Liminf_state_fin Q_of_Liminf_state_fin by auto (47 ms)
0.sledgehammer goal.by         9715ms Ordered_Resolution_Prover.FO_Ordered_Resolution_Prover 115:4511  some (SH 9715ms, ATP 592ms): Try this: using Liminf_state_def by fastforce (62 ms)
0.sledgehammer goal.using     33969ms Ordered_Resolution_Prover.FO_Ordered_Resolution_Prover 128:4933  some (SH 33969ms, ATP 632ms): Try this: apply (simp add: Liminf_state_def Sts(1,2) emb_Liminf_llist_infinite emb_lmap) (4 ms)
0.sledgehammer goal.by        10928ms Ordered_Resolution_Prover.FO_Ordered_Resolution_Prover 128:4943  some (SH 10927ms, ATP 690ms): Try this: apply (simp add: Liminf_state_def emb_Liminf_llist_infinite emb_lmap) (8 ms)
0.sledgehammer goal.using      8657ms Ordered_Resolution_Prover.FO_Ordered_Resolution_Prover 132:5122  some (SH 8657ms, ATP 425ms): Try this: using N_of_Liminf_state_inf P_of_Liminf_state_inf Q_of_Liminf_state_inf by blast (8 ms)
0.sledgehammer goal.by         9088ms Ordered_Resolution_Prover.FO_Ordered_Resolution_Prover 132:5194  some (SH 9088ms, ATP 486ms): Try this: by blast (5 ms)
0.sledgehammer goal.unfolding 23171ms Ordered_Resolution_Prover.FO_Ordered_Resolution_Prover 151:5592  some (SH 23171ms, ATP 502ms): Try this: by (metis S_M_selects_neg_lits S_M_selects_subseteq S_Q_def selection_axioms selection_def) (47 ms)
0.sledgehammer goal.using     15707ms Ordered_Resolution_Prover.FO_Ordered_Resolution_Prover 151:5610  some (SH 15707ms, ATP 562ms): Try this: by (metis S_M_selects_neg_lits S_M_selects_subseteq selection_axioms selection_def) (60 ms)
0.sledgehammer goal.by         7891ms Ordered_Resolution_Prover.FO_Ordered_Resolution_Prover 152:5677  some (SH 7891ms, ATP 665ms): Try this: by (metis selection_def) (91 ms)
0.sledgehammer goal.by         9282ms Ordered_Resolution_Prover.FO_Ordered_Resolution_Prover 155:5759  some (SH 9282ms, ATP 429ms): Try this: using ground_resolution_with_selection_def sq.selection_axioms by blast (1 ms)
0.sledgehammer goal.by         4619ms Ordered_Resolution_Prover.FO_Ordered_Resolution_Prover 158:5848  some (SH 4619ms, ATP 414ms): Try this: using gr.reductive_inference_system_axioms standard_redundancy_criterion_reductive_def by blast (4 ms)
0.sledgehammer goal.by         9662ms Ordered_Resolution_Prover.FO_Ordered_Resolution_Prover 162:5994  some (SH 9662ms, ATP 550ms): Try this: by (simp add: gr.counterex_reducing_inference_system_axioms standard_redundancy_criterion_counterex_reducing_def) (0.7 ms)
0.sledgehammer goal.unfolding 40382ms Ordered_Resolution_Prover.FO_Ordered_Resolution_Prover 176:6358  some (SH 40382ms, ATP 680ms): Try this: by (smt (z3) gr.\<Gamma>_sound gr.ground_resolution_with_selection_axioms ground_resolution_with_selection.ord_\<Gamma>_def ground_sound_\<Gamma>_def mem_Collect_eq subsetI) (1.9 s)
0.sledgehammer goal.using     28038ms Ordered_Resolution_Prover.FO_Ordered_Resolution_Prover 176:6387  some (SH 28038ms, ATP 706ms): Try this: using gr.\<Gamma>_sound gr.ord_\<Gamma>_def by fastforce (188 ms)
0.sledgehammer goal.by         8689ms Ordered_Resolution_Prover.FO_Ordered_Resolution_Prover 176:6427  some (SH 8689ms, ATP 820ms): Try this: by auto (30 ms)
0.sledgehammer goal.unfolding  9941ms Ordered_Resolution_Prover.FO_Ordered_Resolution_Prover 179:6511  some (SH 9940ms, ATP 672ms): Try this: by (simp add: ground_sound_\<Gamma>_def sound_inference_system_def) (7 ms)
0.sledgehammer goal.by         9880ms Ordered_Resolution_Prover.FO_Ordered_Resolution_Prover 179:6567  some (SH 9880ms, ATP 663ms): Try this: by force (3 ms)
0.sledgehammer goal.using     34566ms Ordered_Resolution_Prover.FO_Ordered_Resolution_Prover 182:6664  timeout (SH 34566ms): Timed out
0.sledgehammer goal.by         8597ms Ordered_Resolution_Prover.FO_Ordered_Resolution_Prover 183:6773  some (SH 8597ms, ATP 467ms): Try this: by blast (4 ms)
0.sledgehammer goal.unfolding 30962ms Ordered_Resolution_Prover.FO_Ordered_Resolution_Prover 190:6999  timeout (SH 30962ms): Timed out
0.sledgehammer goal.using     70070ms Ordered_Resolution_Prover.FO_Ordered_Resolution_Prover 191:7065  some (SH 70070ms, ATP 2913ms): Try this: by (smt (cvc5) Diff_subset_conv Un_mono Un_upper2 double_diff gd_ord_\<Gamma>_ngd_ord_\<Gamma> redundancy_criterion.intro sat_preserving_ground_sound_\<Gamma> sr.Ri_indep sr.Ri_mono sr.Ri_subset_\<Gamma> standard_redundancy_criterion.Rf_indep standard_redundancy_criterion.Rf_mono standard_redundancy_criterion.Rf_sat subset_Un_eq)
0.sledgehammer goal.by        31231ms Ordered_Resolution_Prover.FO_Ordered_Resolution_Prover 192:7195  some (SH 31231ms, ATP 297ms): Try this: by blast (1 ms)
0.sledgehammer goal.proof     32455ms Ordered_Resolution_Prover.FO_Ordered_Resolution_Prover 199:7365  timeout (SH 32455ms): Timed out
0.sledgehammer goal.unfolding 31703ms Ordered_Resolution_Prover.FO_Ordered_Resolution_Prover 201:7417  some (SH 31703ms, ATP 630ms): Try this: by (meson mset_subset_eqD subset_mset.less_imp_le true_cls_def) (15 ms)
0.sledgehammer goal.by         4851ms Ordered_Resolution_Prover.FO_Ordered_Resolution_Prover 201:7440  some (SH 4851ms, ATP 509ms): Try this: by blast (4 ms)
0.sledgehammer goal.using     35390ms Ordered_Resolution_Prover.FO_Ordered_Resolution_Prover 203:7481  timeout (SH 35390ms): Timed out
0.sledgehammer goal.by        34622ms Ordered_Resolution_Prover.FO_Ordered_Resolution_Prover 203:7491  timeout (SH 34622ms): Timed out
0.sledgehammer goal.using     12914ms Ordered_Resolution_Prover.FO_Ordered_Resolution_Prover 205:7576  some (SH 12914ms, ATP 828ms): Try this: using ground_\<sigma> ground_subst_ground_cls grounding_of_cls_ground grounding_of_subst_cls_subset by blast (2 ms)
0.sledgehammer goal.by        12197ms Ordered_Resolution_Prover.FO_Ordered_Resolution_Prover 205:7591  some (SH 12197ms, ATP 796ms): Try this: using ground_subst_ground_cls grounding_of_cls_ground grounding_of_subst_cls_subset by blast (2 ms)
0.sledgehammer goal.by        17536ms Ordered_Resolution_Prover.FO_Ordered_Resolution_Prover 209:7804  some (SH 17536ms, ATP 482ms): Try this: apply simp (8 ms)
0.sledgehammer goal.using     35571ms Ordered_Resolution_Prover.FO_Ordered_Resolution_Prover 211:7836  some (SH 35571ms, ATP 2333ms): Try this: by (smt (cvc5, best) mem_Collect_eq standard_redundancy_criterion.Rf_def) (389 ms)
0.sledgehammer goal.by         8820ms Ordered_Resolution_Prover.FO_Ordered_Resolution_Prover 211:7852  some (SH 8820ms, ATP 2587ms): Try this: by blast (6 ms)
0.sledgehammer goal.using     31741ms Ordered_Resolution_Prover.FO_Ordered_Resolution_Prover 220:8031  timeout (SH 31741ms): Timed out
0.sledgehammer goal.proof     60979ms Ordered_Resolution_Prover.FO_Ordered_Resolution_Prover 221:8043  some (SH 60978ms, ATP 3519ms): Try this: by (metis (no_types, lifting) grounding_of_clss_mono grounding_of_clss_singleton in_mono insert_subset sr_ext.Rf_mono strict_subset_subsumption_redundant_clause sup.orderI sup_bot.right_neutral) (154 ms)
0.sledgehammer goal.using      5500ms Ordered_Resolution_Prover.FO_Ordered_Resolution_Prover 223:8095  some (SH 5500ms, ATP 442ms): Try this: using assms(1,2) strict_subset_subsumption_redundant_clause by presburger (8 ms)
0.sledgehammer goal.by         4291ms Ordered_Resolution_Prover.FO_Ordered_Resolution_Prover 223:8150  some (SH 4290ms, ATP 334ms): Try this: by presburger (7 ms)
0.sledgehammer goal.using     24044ms Ordered_Resolution_Prover.FO_Ordered_Resolution_Prover 225:8182  some (SH 24044ms, ATP 1374ms): Try this: by (metis assms(3) grounding_of_clss_insert insert_Diff insert_subset sr_ext.Rf_mono sup.cobounded1) (544 ms)
0.sledgehammer goal.unfolding 100086ms Ordered_Resolution_Prover.FO_Ordered_Resolution_Prover 225:8194  some (SH 100086ms, ATP 946ms): Try this: by (metis grounding_of_clss_insert in_mono insert_Diff sr_ext.Rf_mono sup.cobounded1) (93 ms)
0.sledgehammer goal.by        28793ms Ordered_Resolution_Prover.FO_Ordered_Resolution_Prover 226:8230  some (SH 28793ms, ATP 790ms): Try this: by (metis grounding_of_clss_def grounding_of_clss_insert in_mono insert_Diff sr_ext.Rf_mono sup.cobounded1) (52 ms)
0.sledgehammer goal.proof     35401ms Ordered_Resolution_Prover.FO_Ordered_Resolution_Prover 234:8486  timeout (SH 35401ms): Timed out
0.sledgehammer goal.unfolding 13273ms Ordered_Resolution_Prover.FO_Ordered_Resolution_Prover 239:8604  some (SH 13273ms, ATP 896ms): Try this: using substitution_ops.grounding_of_cls_def by fastforce (117 ms)
0.sledgehammer goal.by         9926ms Ordered_Resolution_Prover.FO_Ordered_Resolution_Prover 239:8635  some (SH 9926ms, ATP 610ms): Try this: by blast (1 ms)
0.sledgehammer goal.using      7226ms Ordered_Resolution_Prover.FO_Ordered_Resolution_Prover 241:8682  some (SH 7225ms, ATP 515ms): Try this: using D\<sigma>_subset_C subst_subset_mono by presburger (4 ms)
0.sledgehammer goal.by         4484ms Ordered_Resolution_Prover.FO_Ordered_Resolution_Prover 241:8718  some (SH 4484ms, ATP 506ms): Try this: by presburger (10 ms)
0.sledgehammer goal.using     99860ms Ordered_Resolution_Prover.FO_Ordered_Resolution_Prover 243:8778  some (SH 99860ms, ATP 578ms): Try this: by (metis D_in_St \<mu>_p ground_subst_ground_cls make_ground_subst strict_subset_subsumption_redundant_clss subst_cls_comp_subst) (598 ms)
0.sledgehammer goal.by         8142ms Ordered_Resolution_Prover.FO_Ordered_Resolution_Prover 243:8859  some (SH 8142ms, ATP 474ms): Try this: using is_ground_comp_subst subst_cls_comp_subst by presburger (15 ms)
0.sledgehammer goal.proof     34687ms Ordered_Resolution_Prover.FO_Ordered_Resolution_Prover 251:9058  timeout (SH 34687ms): Timed out
0.sledgehammer goal.by        10594ms Ordered_Resolution_Prover.FO_Ordered_Resolution_Prover 254:9127  some (SH 10594ms, ATP 637ms): Try this: by (metis subset_mset.le_neq_trans subsumes_def) (14 ms)
0.sledgehammer goal.by         5250ms Ordered_Resolution_Prover.FO_Ordered_Resolution_Prover 256:9213  some (SH 5250ms, ATP 398ms): Try this: by blast (0.5 ms)
0.sledgehammer goal.proof     30658ms Ordered_Resolution_Prover.FO_Ordered_Resolution_Prover 258:9266  timeout (SH 30658ms): Timed out
0.sledgehammer goal.using      5102ms Ordered_Resolution_Prover.FO_Ordered_Resolution_Prover 261:9357  some (SH 5102ms, ATP 352ms): Try this: using grounding_of_subst_cls_subset by blast (5 ms)
0.sledgehammer goal.by         4424ms Ordered_Resolution_Prover.FO_Ordered_Resolution_Prover 262:9409  some (SH 4424ms, ATP 400ms): Try this: by blast (5 ms)
0.sledgehammer goal.using     125931ms Ordered_Resolution_Prover.FO_Ordered_Resolution_Prover 264:9520  some (SH 125931ms, ATP 651ms): Try this: by (smt (z3) Un_assoc assms(1) grounding_of_clss_insert insert_Diff subset_Un_eq sup_commute) (108 ms)
0.sledgehammer goal.unfolding 104549ms Ordered_Resolution_Prover.FO_Ordered_Resolution_Prover 264:9532  some (SH 104548ms, ATP 671ms): Try this: by (smt (z3) Un_assoc grounding_of_clss_insert insert_Diff subset_Un_eq sup_commute) (118 ms)
0.sledgehammer goal.by        20665ms Ordered_Resolution_Prover.FO_Ordered_Resolution_Prover 264:9564  some (SH 20665ms, ATP 660ms): Try this: by blast (1 ms)
0.sledgehammer goal.by        21521ms Ordered_Resolution_Prover.FO_Ordered_Resolution_Prover 266:9600  some (SH 21521ms, ATP 2066ms): Try this: by (simp add: sr_ext.deduction_deletion) (4 ms)
0.sledgehammer goal.using      6155ms Ordered_Resolution_Prover.FO_Ordered_Resolution_Prover 270:9745  some (SH 6154ms, ATP 370ms): Try this: using assms(1) strict_subset_subsumption_grounding_redundant_clss by presburger (14 ms)
0.sledgehammer goal.by         4394ms Ordered_Resolution_Prover.FO_Ordered_Resolution_Prover 270:9808  some (SH 4394ms, ATP 390ms): Try this: by presburger (15 ms)
0.sledgehammer goal.unfolding 87523ms Ordered_Resolution_Prover.FO_Ordered_Resolution_Prover 272:9844  some (SH 87523ms, ATP 3381ms): Try this: by (metis (no_types, lifting) Diff_subset_conv le_supI1 sr_ext.deduction_deletion sup.idem sup.mono sup.orderI) (524 ms)
0.sledgehammer goal.by        100266ms Ordered_Resolution_Prover.FO_Ordered_Resolution_Prover 272:9876  some (SH 100266ms, ATP 1799ms): Try this: by (smt (cvc5, trigger_relev) Diff_subset_conv le_supI1 sr_ext.derive.intros subset_Un_eq sup.cobounded1 sup.orderE) (636 ms)
0.sledgehammer goal.proof     35509ms Ordered_Resolution_Prover.FO_Ordered_Resolution_Prover 283:10156  timeout (SH 35509ms): Timed out
0.sledgehammer goal.unfolding 17649ms Ordered_Resolution_Prover.FO_Ordered_Resolution_Prover 287:10240  some (SH 17649ms, ATP 872ms): Try this: by (metis S_M_grounding_of_clss grounding_of_clss_singleton selection_axioms singleton_iff) (192 ms)
0.sledgehammer goal.by        10280ms Ordered_Resolution_Prover.FO_Ordered_Resolution_Prover 287:10271  some (SH 10280ms, ATP 804ms): Try this: by blast (1 ms)
0.sledgehammer goal.unfolding 85167ms Ordered_Resolution_Prover.FO_Ordered_Resolution_Prover 293:10438  some (SH 85167ms, ATP 748ms): Try this: by (smt (cvc5, term_relev) Un_iff \<mu>_p assms(2) ground_subst_ground_cls grounding_of_cls_ground grounding_of_clss_insert grounding_of_subst_cls_subset insert_Diff insert_subset) (482 ms)
0.sledgehammer goal.by        109183ms Ordered_Resolution_Prover.FO_Ordered_Resolution_Prover 294:10495  some (SH 109183ms, ATP 1146ms): Try this: by (smt (cvc5, trigger_max) Set.set_insert UN_insert Un_iff \<mu>_p assms(2) ground_subst_ground_cls grounding_of_cls_def grounding_of_cls_ground grounding_of_subst_cls_subset insert_subset) (380 ms)
0.sledgehammer goal.using     21746ms Ordered_Resolution_Prover.FO_Ordered_Resolution_Prover 297:10723  some (SH 21746ms, ATP 808ms): Try this: by (metis Un_iff \<mu>_p ground_subst_ground_cls grounding_of_cls_ground grounding_of_clss_singleton grounding_of_clss_union grounding_of_subst_cls_subset insert_subset) (75 ms)
0.sledgehammer goal.unfolding 18698ms Ordered_Resolution_Prover.FO_Ordered_Resolution_Prover 297:10733  some (SH 18698ms, ATP 813ms): Try this: by (metis Un_iff ground_subst_ground_cls grounding_of_cls_ground grounding_of_clss_singleton grounding_of_clss_union grounding_of_subst_cls_subset insert_subset) (75 ms)
0.sledgehammer goal.by        18169ms Ordered_Resolution_Prover.FO_Ordered_Resolution_Prover 297:10787  some (SH 18169ms, ATP 959ms): Try this: by blast (1 ms)
0.sledgehammer goal.by        35294ms Ordered_Resolution_Prover.FO_Ordered_Resolution_Prover 300:10908  timeout (SH 35294ms): Timed out
0.sledgehammer goal.using     17268ms Ordered_Resolution_Prover.FO_Ordered_Resolution_Prover 302:11009  some (SH 17268ms, ATP 1187ms): Try this: by (metis assms(3) subst_cls_single subst_cls_union subst_minus) (79 ms)
0.sledgehammer goal.by        11066ms Ordered_Resolution_Prover.FO_Ordered_Resolution_Prover 303:11025  some (SH 11066ms, ATP 2010ms): Try this: by (metis subst_cls_single subst_cls_union subst_minus) (163 ms)
0.sledgehammer goal.using     38461ms Ordered_Resolution_Prover.FO_Ordered_Resolution_Prover 305:11184  some (SH 38461ms, ATP 1032ms): Try this: by (metis assms(4) subset_mset.less_eqE subst_cls_union true_cls_union) (1.3 s)
0.sledgehammer goal.by        23367ms Ordered_Resolution_Prover.FO_Ordered_Resolution_Prover 305:11196  some (SH 23367ms, ATP 1061ms): Try this: by (metis subset_mset.less_eqE subst_cls_union true_cls_union) (2.2 s)
0.sledgehammer goal.by         5525ms Ordered_Resolution_Prover.FO_Ordered_Resolution_Prover 307:11367  some (SH 5524ms, ATP 672ms): Try this: by blast (2 ms)
0.sledgehammer goal.unfolding 34552ms Ordered_Resolution_Prover.FO_Ordered_Resolution_Prover 309:11492  timeout (SH 34552ms): Timed out
0.sledgehammer goal.unfolding 34914ms Ordered_Resolution_Prover.FO_Ordered_Resolution_Prover 309:11529  timeout (SH 34914ms): Timed out
0.sledgehammer goal.by        34403ms Ordered_Resolution_Prover.FO_Ordered_Resolution_Prover 309:11579  timeout (SH 34403ms): Timed out
0.sledgehammer goal.using     37322ms Ordered_Resolution_Prover.FO_Ordered_Resolution_Prover 311:11687  some (SH 37322ms, ATP 1729ms): Try this: by (metis \<gamma>_def inference.sel(3) insert_iff insert_image) (23 ms)
0.sledgehammer goal.unfolding 13678ms Ordered_Resolution_Prover.FO_Ordered_Resolution_Prover 311:11703  some (SH 13678ms, ATP 544ms): Try this: by (metis \<gamma>_def inference.sel(3)) (127 ms)
0.sledgehammer goal.by        13962ms Ordered_Resolution_Prover.FO_Ordered_Resolution_Prover 311:11719  some (SH 13962ms, ATP 729ms): Try this: by fastforce (311 ms)
0.sledgehammer goal.using      4939ms Ordered_Resolution_Prover.FO_Ordered_Resolution_Prover 313:11829  some (SH 4939ms, ATP 422ms): Try this: using \<mu>_p by blast (3 ms)
0.sledgehammer goal.by         4127ms Ordered_Resolution_Prover.FO_Ordered_Resolution_Prover 313:11839  some (SH 4127ms, ATP 459ms): Try this: by meson (2 ms)
0.sledgehammer goal.proof     34829ms Ordered_Resolution_Prover.FO_Ordered_Resolution_Prover 322:12050  timeout (SH 34829ms): Timed out
0.sledgehammer goal.using     124553ms Ordered_Resolution_Prover.FO_Ordered_Resolution_Prover 325:12230  some (SH 124553ms, ATP 2720ms): Try this: by (smt (cvc5) Diff_subset_conv Set.set_insert Un_assoc Un_commute grounding_of_clss_singleton grounding_of_clss_union insert_subset reduction_in_concls_of subsetI sup.cobounded1)
0.sledgehammer goal.unfolding 88804ms Ordered_Resolution_Prover.FO_Ordered_Resolution_Prover 325:12259  some (SH 88803ms, ATP 3153ms): Try this: by (smt (cvc5, trigger_last) Diff_subset_conv Set.set_insert Un_assoc Un_commute grounding_of_clss_singleton grounding_of_clss_union insert_subset subsetI sup.cobounded1) (716 ms)
0.sledgehammer goal.by        28707ms Ordered_Resolution_Prover.FO_Ordered_Resolution_Prover 325:12291  some (SH 28707ms, ATP 1907ms): Try this: by auto (60 ms)
0.sledgehammer goal.using     36265ms Ordered_Resolution_Prover.FO_Ordered_Resolution_Prover 328:12391  some (SH 36265ms, ATP 1726ms): Try this: by (metis Un_upper2 generalizes_def generalizes_refl insertCI multi_psub_of_add_self strict_subset_subsumption_grounding_redundant_clss subsetD subset_mset.less_add_same_cancel1) (146 ms)
0.sledgehammer goal.by        16837ms Ordered_Resolution_Prover.FO_Ordered_Resolution_Prover 329:12469  some (SH 16837ms, ATP 592ms): Try this: by simp (1 ms)
0.sledgehammer goal.unfolding 52374ms Ordered_Resolution_Prover.FO_Ordered_Resolution_Prover 332:12606  some (SH 52374ms, ATP 858ms): Try this: by (metis Diff_subset_conv Un_mono grounding_of_clss_singleton grounding_of_clss_union sup.cobounded1) (192 ms)
0.sledgehammer goal.by        18565ms Ordered_Resolution_Prover.FO_Ordered_Resolution_Prover 332:12638  some (SH 18565ms, ATP 982ms): Try this: by blast (2 ms)
0.sledgehammer goal.using      5343ms Ordered_Resolution_Prover.FO_Ordered_Resolution_Prover 335:12758  some (SH 5343ms, ATP 461ms): Try this: using sr_ext.derive.intros by presburger (11 ms)
0.sledgehammer goal.by         4870ms Ordered_Resolution_Prover.FO_Ordered_Resolution_Prover 337:12871  some (SH 4870ms, ATP 403ms): Try this: by blast (3 ms)
0.sledgehammer goal.proof     32575ms Ordered_Resolution_Prover.FO_Ordered_Resolution_Prover 346:13092  timeout (SH 32575ms): Timed out
0.sledgehammer goal.unfolding 12451ms Ordered_Resolution_Prover.FO_Ordered_Resolution_Prover 353:13265  some (SH 12451ms, ATP 561ms): Try this: by (metis S_M_grounding_of_clss grounding_of_clss_singleton selection_axioms singleton_iff) (58 ms)
0.sledgehammer goal.by         9864ms Ordered_Resolution_Prover.FO_Ordered_Resolution_Prover 353:13296  some (SH 9864ms, ATP 511ms): Try this: by blast (1 ms)
0.sledgehammer goal.using      9577ms Ordered_Resolution_Prover.FO_Ordered_Resolution_Prover 355:13366  some (SH 9577ms, ATP 417ms): Try this: using Neg_Melem_subst_atm_subst_cls Pos_Melem_subst_atm_subst_cls tautology_deletion.hyps(1,2) by presburger (9 ms)
0.sledgehammer goal.by         4057ms Ordered_Resolution_Prover.FO_Ordered_Resolution_Prover 355:13451  some (SH 4057ms, ATP 402ms): Try this: by presburger (11 ms)
0.sledgehammer goal.using      9244ms Ordered_Resolution_Prover.FO_Ordered_Resolution_Prover 357:13523  some (SH 9244ms, ATP 510ms): Try this: using sr.tautology_Rf by blast (2 ms)
0.sledgehammer goal.by         4299ms Ordered_Resolution_Prover.FO_Ordered_Resolution_Prover 357:13545  some (SH 4299ms, ATP 506ms): Try this: by blast (3 ms)
0.sledgehammer goal.unfolding 155516ms Ordered_Resolution_Prover.FO_Ordered_Resolution_Prover 361:13684  timeout (SH 155516ms):
0.sledgehammer goal.by        29373ms Ordered_Resolution_Prover.FO_Ordered_Resolution_Prover 361:13716  some (SH 29373ms, ATP 3437ms): Try this: by auto (57 ms)
0.sledgehammer goal.unfolding 80670ms Ordered_Resolution_Prover.FO_Ordered_Resolution_Prover 363:13817  some (SH 80670ms, ATP 4470ms): Try this: by (simp add: Un_left_commute substitution_ops.grounding_of_clss_def) (9 ms)
0.sledgehammer goal.by        47408ms Ordered_Resolution_Prover.FO_Ordered_Resolution_Prover 363:13849  some (SH 47408ms, ATP 1244ms): Try this: by auto (20 ms)
0.sledgehammer goal.using     14251ms Ordered_Resolution_Prover.FO_Ordered_Resolution_Prover 365:13885  some (SH 14250ms, ATP 537ms): Try this: by (metis empty_subsetI sr_ext.derive.intros) (59 ms)
0.sledgehammer goal.by         6698ms Ordered_Resolution_Prover.FO_Ordered_Resolution_Prover 367:13994  some (SH 6698ms, ATP 482ms): Try this: by blast (7 ms)
0.sledgehammer goal.using     130528ms Ordered_Resolution_Prover.FO_Ordered_Resolution_Prover 371:14068  some (SH 130528ms, ATP 823ms): Try this: by (smt (z3) N_of_state.simps P_of_state.simps Q_of_state.simps Un_commute Un_iff Un_left_commute derive_if_remove_subsumed grounding_of_clss_singleton grounding_of_clss_union) (489 ms)
0.sledgehammer goal.unfolding 55675ms Ordered_Resolution_Prover.FO_Ordered_Resolution_Prover 371:14120  some (SH 55675ms, ATP 893ms): Try this: by (metis (no_types, lifting) ext N_of_state.simps P_of_state.simps Q_of_state.simps UnI2 Un_assoc Un_commute grounding_of_clss_singleton grounding_of_clss_union) (3.2 s)
0.sledgehammer goal.by        34545ms Ordered_Resolution_Prover.FO_Ordered_Resolution_Prover 372:14156  some (SH 34544ms, ATP 834ms): Try this: by (metis (no_types, lifting) N_of_state.simps P_of_state.simps Q_of_state.simps UN_insert Un_commute Un_iff Un_insert_right sup_bot.right_neutral) (1.3 s)
0.sledgehammer goal.using     105545ms Ordered_Resolution_Prover.FO_Ordered_Resolution_Prover 376:14269  some (SH 105545ms, ATP 913ms): Try this: by (smt (cvc5, trigger_max) N_of_state.simps P_of_state.simps Q_of_state.simps Un_assoc Un_commute Un_iff derive_if_remove_subsumed grounding_of_clss_singleton grounding_of_clss_union strictly_subsumes_def) (741 ms)
0.sledgehammer goal.unfolding 97637ms Ordered_Resolution_Prover.FO_Ordered_Resolution_Prover 377:14347  some (SH 97637ms, ATP 922ms): Try this: by (smt (z3) N_of_state.simps P_of_state.simps Q_of_state.simps Un_assoc Un_commute Un_iff grounding_of_clss_singleton grounding_of_clss_union) (105 ms)
0.sledgehammer goal.by        17563ms Ordered_Resolution_Prover.FO_Ordered_Resolution_Prover 377:14379  some (SH 17563ms, ATP 1053ms): Try this: by (simp add: Un_commute) (58 ms)
0.sledgehammer goal.using     134327ms Ordered_Resolution_Prover.FO_Ordered_Resolution_Prover 381:14492  some (SH 134327ms, ATP 534ms): Try this: by (smt (cvc5, fmf) N_of_state.simps P_of_state.simps Q_of_state.simps Un_assoc Un_iff derive_if_remove_subsumed grounding_of_clss_singleton grounding_of_clss_union strictly_subsumes_def) (561 ms)
0.sledgehammer goal.unfolding 26815ms Ordered_Resolution_Prover.FO_Ordered_Resolution_Prover 382:14570  some (SH 26815ms, ATP 561ms): Try this: by (metis N_of_state.simps P_of_state.simps Q_of_state.simps UnI1 Un_assoc grounding_of_clss_singleton grounding_of_clss_union) (695 ms)
0.sledgehammer goal.by        20918ms Ordered_Resolution_Prover.FO_Ordered_Resolution_Prover 382:14602  some (SH 20918ms, ATP 714ms): Try this: by (simp add: Un_commute) (87 ms)
0.sledgehammer goal.using     155353ms Ordered_Resolution_Prover.FO_Ordered_Resolution_Prover 386:14717  timeout (SH 155353ms):
0.sledgehammer goal.by        18819ms Ordered_Resolution_Prover.FO_Ordered_Resolution_Prover 386:14763  some (SH 18819ms, ATP 1438ms): Try this: by fastforce (315 ms)
0.sledgehammer goal.using     129760ms Ordered_Resolution_Prover.FO_Ordered_Resolution_Prover 390:14846  some (SH 129760ms, ATP 1847ms): Try this: by (smt (cvc5, term_relev) N_of_state.simps P_of_state.simps Q_of_state.simps Set.set_insert Un_assoc Un_commute Un_insert_left insertCI reduction_derivable) (522 ms)
0.sledgehammer goal.by        16012ms Ordered_Resolution_Prover.FO_Ordered_Resolution_Prover 390:14892  some (SH 16012ms, ATP 1832ms): Try this: by fastforce (69 ms)
0.sledgehammer goal.using     127084ms Ordered_Resolution_Prover.FO_Ordered_Resolution_Prover 394:14975  some (SH 127084ms, ATP 1767ms): Try this: by (smt (cvc5, term_relev) N_of_state.simps P_of_state.simps Q_of_state.simps Set.set_insert Un_assoc Un_insert_left Un_left_commute insertCI reduction_derivable sup_bot.right_neutral) (969 ms)
0.sledgehammer goal.by        17756ms Ordered_Resolution_Prover.FO_Ordered_Resolution_Prover 394:15021  some (SH 17756ms, ATP 2382ms): Try this: by fastforce (78 ms)
0.sledgehammer goal.using     25805ms Ordered_Resolution_Prover.FO_Ordered_Resolution_Prover 398:15092  some (SH 25805ms, ATP 855ms): Try this: by (simp add: sr_ext.derive.intros) (5 ms)
0.sledgehammer goal.by        14119ms Ordered_Resolution_Prover.FO_Ordered_Resolution_Prover 398:15119  some (SH 14119ms, ATP 566ms): Try this: by simp (6 ms)
0.sledgehammer goal.unfolding 11575ms Ordered_Resolution_Prover.FO_Ordered_Resolution_Prover 406:15310  some (SH 11574ms, ATP 660ms): Try this: by (meson S_M_grounding_of_clss selection_axioms) (46 ms)
0.sledgehammer goal.by        10907ms Ordered_Resolution_Prover.FO_Ordered_Resolution_Prover 406:15363  some (SH 10907ms, ATP 634ms): Try this: by blast (1 ms)
0.sledgehammer goal.using      5909ms Ordered_Resolution_Prover.FO_Ordered_Resolution_Prover 408:15459  some (SH 5909ms, ATP 660ms): Try this: using local.inference_computation by fastforce (0.7 ms)
0.sledgehammer goal.by         4973ms Ordered_Resolution_Prover.FO_Ordered_Resolution_Prover 408:15487  some (SH 4973ms, ATP 568ms): Try this: by meson (1 ms)
0.sledgehammer goal.unfolding 28891ms Ordered_Resolution_Prover.FO_Ordered_Resolution_Prover 411:15613  some (SH 28891ms, ATP 442ms): Try this: using ord_FO_resolution.inferences_between_def by auto (15 ms)
0.sledgehammer goal.by        12279ms Ordered_Resolution_Prover.FO_Ordered_Resolution_Prover 411:15664  some (SH 12279ms, ATP 175ms): Try this: by blast (1 ms)
0.sledgehammer goal.unfolding 87900ms Ordered_Resolution_Prover.FO_Ordered_Resolution_Prover 414:15805  some (SH 87900ms, ATP 1289ms): Try this: by (smt (z3) FO_resolution.ord_FO_\<Gamma>_def FO_resolution_axioms inference.sel(3) mem_Collect_eq) (1.1 s)
0.sledgehammer goal.by        12188ms Ordered_Resolution_Prover.FO_Ordered_Resolution_Prover 414:15828  some (SH 12188ms, ATP 1996ms): Try this: by force (50 ms)
0.sledgehammer goal.using     26142ms Ordered_Resolution_Prover.FO_Ordered_Resolution_Prover 422:16159  some (SH 26142ms, ATP 1086ms): Try this: using E_\<mu>_p \<gamma>_p2 \<rho>_def \<rho>s_def ord_resolve_rename_ground_inst_sound by blast (12 ms)
0.sledgehammer goal.by         8300ms Ordered_Resolution_Prover.FO_Ordered_Resolution_Prover 423:16258  some (SH 8300ms, ATP 2218ms): Try this: by blast (48 ms)
0.sledgehammer goal.unfolding  9067ms Ordered_Resolution_Prover.FO_Ordered_Resolution_Prover 425:16352  some (SH 9067ms, ATP 919ms): Try this: using \<gamma>_ground_def by blast (1 ms)
0.sledgehammer goal.by        11261ms Ordered_Resolution_Prover.FO_Ordered_Resolution_Prover 425:16375  some (SH 11261ms, ATP 1089ms): Try this: by blast (4 ms)
0.sledgehammer goal.proof     35394ms Ordered_Resolution_Prover.FO_Ordered_Resolution_Prover 427:16474  timeout (SH 35394ms): Timed out
0.sledgehammer goal.unfolding 34961ms Ordered_Resolution_Prover.FO_Ordered_Resolution_Prover 429:16517  timeout (SH 34961ms): Timed out
0.sledgehammer goal.using     34974ms Ordered_Resolution_Prover.FO_Ordered_Resolution_Prover 429:16540  timeout (SH 34974ms): Timed out
0.sledgehammer goal.unfolding 42365ms Ordered_Resolution_Prover.FO_Ordered_Resolution_Prover 429:16561  some (SH 42365ms, ATP 1778ms): Try this: by (metis (no_types, lifting) Un_iff infer_from_def inference.sel(2) insert_iff multi_member_this sup.absorb_iff2 sup_bot.right_neutral union_commute) (80 ms)
0.sledgehammer goal.unfolding 24641ms Ordered_Resolution_Prover.FO_Ordered_Resolution_Prover 430:16594  some (SH 24641ms, ATP 885ms): Try this: by auto (18 ms)
0.sledgehammer goal.by        46325ms Ordered_Resolution_Prover.FO_Ordered_Resolution_Prover 430:16647  some (SH 46325ms, ATP 824ms): Try this: by simp (9 ms)
0.sledgehammer goal.using     193932ms Ordered_Resolution_Prover.FO_Ordered_Resolution_Prover 432:16763  some (SH 193932ms, ATP 700ms): Try this: by (smt (z3) E_\<mu>_p ground_subst_ground_cls grounding_of_cls_ground grounding_of_subst_cls_subset insert_subset order_trans) (80 ms)
0.sledgehammer goal.unfolding 109518ms Ordered_Resolution_Prover.FO_Ordered_Resolution_Prover 433:16783  some (SH 109518ms, ATP 753ms): Try this: by (smt (z3) ground_subst_ground_cls grounding_of_cls_ground grounding_of_subst_cls_subset insert_subset order_trans) (138 ms)
0.sledgehammer goal.by        116596ms Ordered_Resolution_Prover.FO_Ordered_Resolution_Prover 434:16822  some (SH 116596ms, ATP 1425ms): Try this: by (metis (mono_tags, lifting) is_ground_comp_subst mem_Collect_eq subst_cls_comp_subst) (390 ms)
0.sledgehammer goal.by         5135ms Ordered_Resolution_Prover.FO_Ordered_Resolution_Prover 438:17084  some (SH 5134ms, ATP 340ms): Try this: by force (1 ms)
0.sledgehammer goal.proof     38605ms Ordered_Resolution_Prover.FO_Ordered_Resolution_Prover 442:17324  timeout (SH 38605ms): Timed out
0.sledgehammer goal.by        24914ms Ordered_Resolution_Prover.FO_Ordered_Resolution_Prover 446:17475  some (SH 24914ms, ATP 984ms): Try this: by simp (3 ms)
0.sledgehammer goal.using     98426ms Ordered_Resolution_Prover.FO_Ordered_Resolution_Prover 448:17542  some (SH 98426ms, ATP 2170ms): Try this: by (smt (cvc5, quant_saturate) Un_iff \<gamma>_p \<gamma>_p2 infer_from_def inference.sel(1) nth_mem_mset set_mset_union subset_iff) (271 ms)
0.sledgehammer goal.unfolding 82515ms Ordered_Resolution_Prover.FO_Ordered_Resolution_Prover 448:17557  some (SH 82515ms, ATP 683ms): Try this: by (smt (z3) Un_iff in_mono infer_from_def inference.sel(1) nth_mem set_mset_mset set_mset_union) (156 ms)
0.sledgehammer goal.by        37135ms Ordered_Resolution_Prover.FO_Ordered_Resolution_Prover 449:17592  some (SH 37134ms, ATP 598ms): Try this: by (metis (mono_tags, lifting) Un_iff inference.sel(1) nth_mem_mset set_mset_union subset_iff) (3.2 s)
0.sledgehammer goal.using     36131ms Ordered_Resolution_Prover.FO_Ordered_Resolution_Prover 455:17994  timeout (SH 36131ms): Timed out
0.sledgehammer goal.unfolding 35020ms Ordered_Resolution_Prover.FO_Ordered_Resolution_Prover 456:18025  timeout (SH 35020ms): Timed out
0.sledgehammer goal.apply     35758ms Ordered_Resolution_Prover.FO_Ordered_Resolution_Prover 457:18116  timeout (SH 35758ms): Timed out
0.sledgehammer goal.apply     35844ms Ordered_Resolution_Prover.FO_Ordered_Resolution_Prover 458:18134  timeout (SH 35844ms): Timed out
0.sledgehammer goal.apply     90825ms Ordered_Resolution_Prover.FO_Ordered_Resolution_Prover 460:18192  some (SH 90825ms, ATP 2845ms): Try this: by (smt (z3) \<open>i < length (CAs \<cdot>\<cdot>cl \<rho>s \<cdot>cl \<sigma> \<cdot>cl \<mu>)\<close> \<rho>s_def is_ground_comp_subst length_tl list.sel(3) mem_Collect_eq renamings_apart_length subst_cls_list_comp_subst subst_cls_list_length subst_cls_list_nth subst_cls_lists_nth) (267 ms)
0.sledgehammer goal.apply     81562ms Ordered_Resolution_Prover.FO_Ordered_Resolution_Prover 461:18224  some (SH 81562ms, ATP 344ms): Try this: by (smt (z3) \<open>i < length (CAs \<cdot>\<cdot>cl \<rho>s \<cdot>cl \<sigma> \<cdot>cl \<mu>)\<close> \<rho>s_def is_ground_comp_subst length_tl list.sel(3) mem_Collect_eq renamings_apart_length subst_cls_list_comp_subst subst_cls_list_length subst_cls_list_nth subst_cls_lists_nth) (901 ms)
0.sledgehammer goal.apply     47975ms Ordered_Resolution_Prover.FO_Ordered_Resolution_Prover 462:18262  some (SH 47975ms, ATP 353ms): Try this: by (metis \<open>i < length (CAs \<cdot>\<cdot>cl \<rho>s \<cdot>cl \<sigma> \<cdot>cl \<mu>)\<close> \<rho>s_def is_ground_comp_subst length_tl list.sel(3) renamings_apart_length subst_cls_list_comp_subst subst_cls_list_length subst_cls_list_nth subst_cls_lists_nth) (108 ms)
0.sledgehammer goal.using     25583ms Ordered_Resolution_Prover.FO_Ordered_Resolution_Prover 463:18321  some (SH 25582ms, ATP 1112ms): Try this: by (simp add: \<rho>s_def renamings_apart_length) (133 ms)
0.sledgehammer goal.using     26935ms Ordered_Resolution_Prover.FO_Ordered_Resolution_Prover 463:18334  some (SH 26934ms, ATP 1254ms): Try this: by (metis is_ground_comp_subst length_tl list.sel(3) min.idem renamings_apart_length subst_cls_comp_subst subst_cls_list_comp_subst subst_cls_list_nth subst_cls_lists_length subst_cls_lists_nth) (222 ms)
0.sledgehammer goal.by        28583ms Ordered_Resolution_Prover.FO_Ordered_Resolution_Prover 463:18363  some (SH 28583ms, ATP 1301ms): Try this: by simp (328 ms)
0.sledgehammer goal.apply     36601ms Ordered_Resolution_Prover.FO_Ordered_Resolution_Prover 465:18409  timeout (SH 36601ms): Timed out
0.sledgehammer goal.apply     35312ms Ordered_Resolution_Prover.FO_Ordered_Resolution_Prover 466:18441  timeout (SH 35312ms): Timed out
0.sledgehammer goal.apply     146638ms Ordered_Resolution_Prover.FO_Ordered_Resolution_Prover 467:18473  some (SH 146638ms, ATP 1721ms): Try this: by (smt (z3) Diff_iff UN_insert Un_commute Un_iff \<open>i < length (CAs \<cdot>\<cdot>cl \<rho>s \<cdot>cl \<sigma> \<cdot>cl \<mu>)\<close> \<rho>s_def in_mono insert_Diff insert_iff is_ground_comp_subst length_tl list.sel(3) mem_Collect_eq renamings_apart_length subst_cls_comp_subst subst_cls_list_length subst_cls_list_nth subst_cls_lists_nth) (345 ms)
0.sledgehammer goal.by         9412ms Ordered_Resolution_Prover.FO_Ordered_Resolution_Prover 468:18532  some (SH 9412ms, ATP 650ms): Try this: by force (3 ms)
0.sledgehammer goal.apply     100558ms Ordered_Resolution_Prover.FO_Ordered_Resolution_Prover 470:18575  some (SH 100558ms, ATP 376ms): Try this: by (smt (z3) \<rho>s_def is_ground_comp_subst length_tl list.sel(3) mem_Collect_eq min.idem renamings_apart_length subst_cls_comp_subst subst_cls_list_comp_subst subst_cls_list_nth subst_cls_lists_length subst_cls_lists_nth) (1.9 s)
0.sledgehammer goal.apply     71330ms Ordered_Resolution_Prover.FO_Ordered_Resolution_Prover 471:18615  some (SH 71330ms, ATP 315ms): Try this: by (metis \<rho>s_def is_ground_comp_subst length_tl list.sel(3) min.idem renamings_apart_length subst_cls_comp_subst subst_cls_list_comp_subst subst_cls_list_nth subst_cls_lists_length subst_cls_lists_nth) (743 ms)
0.sledgehammer goal.using     26474ms Ordered_Resolution_Prover.FO_Ordered_Resolution_Prover 472:18676  some (SH 26474ms, ATP 1273ms): Try this: by (simp add: \<rho>s_def renamings_apart_length) (140 ms)
0.sledgehammer goal.using     43066ms Ordered_Resolution_Prover.FO_Ordered_Resolution_Prover 472:18689  some (SH 43066ms, ATP 1272ms): Try this: by (simp add: renamings_apart_length) (204 ms)
0.sledgehammer goal.by        23206ms Ordered_Resolution_Prover.FO_Ordered_Resolution_Prover 472:18718  some (SH 23206ms, ATP 1266ms): Try this: by simp (222 ms)
0.sledgehammer goal.by         6334ms Ordered_Resolution_Prover.FO_Ordered_Resolution_Prover 477:18954  some (SH 6334ms, ATP 630ms): Try this: by fastforce (2 ms)
0.sledgehammer goal.by        13588ms Ordered_Resolution_Prover.FO_Ordered_Resolution_Prover 481:19165  some (SH 13588ms, ATP 825ms): Try this: by (metis (no_types, lifting) in_mset_conv_nth) (199 ms)
0.sledgehammer goal.unfolding 57742ms Ordered_Resolution_Prover.FO_Ordered_Resolution_Prover 484:19357  some (SH 57742ms, ATP 913ms): Try this: by (metis (mono_tags, lifting) Un_assoc grounding_of_cls_def image_cong mset_subst_cls_list_subst_cls_mset subsetI substitution_ops.grounding_of_clss_def) (1.0 s)
0.sledgehammer goal.using     24014ms Ordered_Resolution_Prover.FO_Ordered_Resolution_Prover 485:19418  some (SH 24013ms, ATP 1441ms): Try this: using mset_subst_cls_list_subst_cls_mset by auto (588 ms)
0.sledgehammer goal.by        15204ms Ordered_Resolution_Prover.FO_Ordered_Resolution_Prover 485:19459  some (SH 15204ms, ATP 1610ms): Try this: by auto (957 ms)
0.sledgehammer goal.unfolding 148153ms Ordered_Resolution_Prover.FO_Ordered_Resolution_Prover 487:19505  some (SH 148153ms, ATP 3437ms): Try this: by (smt (z3) P_of_state.simps Q_of_state.simps UN_I Un_iff \<gamma>_ground_def grounding_of_clss_insert grounding_of_clss_union inference.sel(1,2) set_mset_add_mset_insert set_mset_empty set_mset_union singletonD subset_iff substitution_ops.grounding_of_clss_def) (426 ms)
0.sledgehammer goal.by        121635ms Ordered_Resolution_Prover.FO_Ordered_Resolution_Prover 487:19550  some (SH 121635ms, ATP 2053ms): Try this: by (smt (cvc5) E_\<mu>_p P_of_state.simps Q_of_state.simps UN_insert Un_insert_right Un_left_commute Un_subset_iff \<gamma>_p \<gamma>_p2 ground_subst_ground_cls grounding_of_cls_ground grounding_of_clss_insert grounding_of_clss_mono grounding_of_subst_cls_subset infer_from_def inference.sel(1,2) order_trans set_mset_add_mset_insert set_mset_empty set_mset_union substitution_ops.grounding_of_clss_def sup.cobounded1 sup_bot.right_neutral)
0.sledgehammer goal.unfolding 34890ms Ordered_Resolution_Prover.FO_Ordered_Resolution_Prover 491:19681  timeout (SH 34890ms): Timed out
0.sledgehammer goal.using     77971ms Ordered_Resolution_Prover.FO_Ordered_Resolution_Prover 493:19803  some (SH 77971ms, ATP 199ms): Try this: by (smt (z3) \<gamma>_ground_def image_iff inference.collapse inference.inject mem_Collect_eq) (593 ms)
0.sledgehammer goal.by        59629ms Ordered_Resolution_Prover.FO_Ordered_Resolution_Prover 493:19822  some (SH 59629ms, ATP 149ms): Try this: by (smt (z3) image_iff inference.sel(3) mem_Collect_eq) (335 ms)
0.sledgehammer goal.using      5264ms Ordered_Resolution_Prover.FO_Ordered_Resolution_Prover 495:19996  some (SH 5263ms, ATP 500ms): Try this: using E_\<mu>_p by argo (7 ms)
0.sledgehammer goal.by         4362ms Ordered_Resolution_Prover.FO_Ordered_Resolution_Prover 495:20008  some (SH 4361ms, ATP 466ms): Try this: by meson (3 ms)
0.sledgehammer goal.unfolding 135613ms Ordered_Resolution_Prover.FO_Ordered_Resolution_Prover 499:20190  some (SH 135613ms, ATP 476ms): Try this: by (smt (z3) Diff_subset_conv N_of_state.simps P_of_state.simps Q_of_state.simps Un_iff grounding_of_clss_union subsetI) (1.1 s)
0.sledgehammer goal.by        22920ms Ordered_Resolution_Prover.FO_Ordered_Resolution_Prover 499:20222  some (SH 22920ms, ATP 996ms): Try this: by auto (75 ms)
0.sledgehammer goal.unfolding 40246ms Ordered_Resolution_Prover.FO_Ordered_Resolution_Prover 501:20330  some (SH 40246ms, ATP 712ms): Try this: by (metis (no_types, lifting) Diff_eq_empty_iff N_of_state.simps P_of_state.simps Q_of_state.simps Un_assoc Un_commute Un_upper2 grounding_of_clss_mono sup_bot.right_neutral) (758 ms)
0.sledgehammer goal.by        329974ms Ordered_Resolution_Prover.FO_Ordered_Resolution_Prover 501:20362  some (SH 329974ms, ATP 904ms): Try this: by (simp add: Un_commute Un_left_commute subset_Un_eq) (11 ms)
0.sledgehammer goal.using      8850ms Ordered_Resolution_Prover.FO_Ordered_Resolution_Prover 503:20398  some (SH 8850ms, ATP 532ms): Try this: by (metis empty_subsetI sr_ext.derive.intros) (132 ms)
0.sledgehammer goal.by         6129ms Ordered_Resolution_Prover.FO_Ordered_Resolution_Prover 504:20516  some (SH 6129ms, ATP 461ms): Try this: by blast (5 ms)
0.sledgehammer goal.proof     34729ms Ordered_Resolution_Prover.FO_Ordered_Resolution_Prover 512:20649  timeout (SH 34729ms): Timed out
0.sledgehammer goal.proof     35677ms Ordered_Resolution_Prover.FO_Ordered_Resolution_Prover 522:20977  timeout (SH 35676ms): Timed out
0.sledgehammer goal.unfolding 34818ms Ordered_Resolution_Prover.FO_Ordered_Resolution_Prover 525:21046  timeout (SH 34818ms): Timed out
0.sledgehammer goal.by        34871ms Ordered_Resolution_Prover.FO_Ordered_Resolution_Prover 527:21158  timeout (SH 34871ms): Timed out
0.sledgehammer goal.using     12327ms Ordered_Resolution_Prover.FO_Ordered_Resolution_Prover 529:21269  some (SH 12327ms, ATP 380ms): Try this: using deduct true_clss_mono by blast (2 ms)
0.sledgehammer goal.by         4349ms Ordered_Resolution_Prover.FO_Ordered_Resolution_Prover 529:21282  some (SH 4349ms, ATP 396ms): Try this: using true_clss_mono by blast (9 ms)
0.sledgehammer goal.using     19703ms Ordered_Resolution_Prover.FO_Ordered_Resolution_Prover 531:21348  some (SH 19703ms, ATP 426ms): Try this: by (metis Un_Diff_cancel2 bef true_clss_union) (56 ms)
0.sledgehammer goal.unfolding 14962ms Ordered_Resolution_Prover.FO_Ordered_Resolution_Prover 531:21358  some (SH 14962ms, ATP 447ms): Try this: by (metis Un_Diff_cancel2 true_clss_union) (57 ms)
0.sledgehammer goal.by         9915ms Ordered_Resolution_Prover.FO_Ordered_Resolution_Prover 531:21382  some (SH 9915ms, ATP 482ms): Try this: by blast (3 ms)
0.sledgehammer goal.using      4841ms Ordered_Resolution_Prover.FO_Ordered_Resolution_Prover 538:21515  some (SH 4841ms, ATP 369ms): Try this: by fastforce (0.5 ms)
0.sledgehammer goal.by         4257ms Ordered_Resolution_Prover.FO_Ordered_Resolution_Prover 538:21537  some (SH 4257ms, ATP 372ms): Try this: by force (0.6 ms)
0.sledgehammer goal.using      5112ms Ordered_Resolution_Prover.FO_Ordered_Resolution_Prover 540:21592  some (SH 5112ms, ATP 410ms): Try this: using delete true_clss_mono by blast (8 ms)
0.sledgehammer goal.by         4101ms Ordered_Resolution_Prover.FO_Ordered_Resolution_Prover 540:21605  some (SH 4101ms, ATP 392ms): Try this: using true_clss_mono by blast (6 ms)
0.sledgehammer goal.using     14273ms Ordered_Resolution_Prover.FO_Ordered_Resolution_Prover 542:21670  some (SH 14273ms, ATP 481ms): Try this: by (metis Un_Diff_cancel aft true_clss_union) (55 ms)
0.sledgehammer goal.unfolding 11479ms Ordered_Resolution_Prover.FO_Ordered_Resolution_Prover 542:21680  some (SH 11479ms, ATP 473ms): Try this: by (metis Un_Diff_cancel true_clss_union) (54 ms)
0.sledgehammer goal.by        10001ms Ordered_Resolution_Prover.FO_Ordered_Resolution_Prover 542:21704  some (SH 10001ms, ATP 460ms): Try this: by blast (3 ms)
0.sledgehammer goal.using     28978ms Ordered_Resolution_Prover.FO_Ordered_Resolution_Prover 551:21924  some (SH 28978ms, ATP 590ms): Try this: by (metis (no_types, lifting) RP_ground_derive chain_lmap) (154 ms)
0.sledgehammer goal.by        13414ms Ordered_Resolution_Prover.FO_Ordered_Resolution_Prover 551:21947  some (SH 13413ms, ATP 592ms): Try this: by (metis (no_types, lifting) chain_lmap) (335 ms)
0.sledgehammer goal.proof     30132ms Ordered_Resolution_Prover.FO_Ordered_Resolution_Prover 560:22162  timeout (SH 30132ms): Timed out
0.sledgehammer goal.using      7536ms Ordered_Resolution_Prover.FO_Ordered_Resolution_Prover 563:22281  some (SH 7535ms, ATP 441ms): Try this: using Sup_llist_imp_exists_index assms by force (150 ms)
0.sledgehammer goal.by         6805ms Ordered_Resolution_Prover.FO_Ordered_Resolution_Prover 563:22320  some (SH 6805ms, ATP 433ms): Try this: by fastforce (148 ms)
0.sledgehammer goal.unfolding 34504ms Ordered_Resolution_Prover.FO_Ordered_Resolution_Prover 565:22352  timeout (SH 34504ms): Timed out
0.sledgehammer goal.by        34717ms Ordered_Resolution_Prover.FO_Ordered_Resolution_Prover 565:22405  timeout (SH 34716ms): Timed out
0.sledgehammer goal.using     12904ms Ordered_Resolution_Prover.FO_Ordered_Resolution_Prover 570:22529  some (SH 12904ms, ATP 444ms): Try this: using Liminf_llist_subset_Sup_llist Sup_llist_grounding_of_state_ground by fastforce (80 ms)
0.sledgehammer goal.by         5673ms Ordered_Resolution_Prover.FO_Ordered_Resolution_Prover 572:22641  some (SH 5673ms, ATP 485ms): Try this: by blast (1 ms)
0.sledgehammer goal.proof     31010ms Ordered_Resolution_Prover.FO_Ordered_Resolution_Prover 577:22822  timeout (SH 31010ms): Timed out
0.sledgehammer goal.using      7633ms Ordered_Resolution_Prover.FO_Ordered_Resolution_Prover 580:22937  some (SH 7633ms, ATP 474ms): Try this: using Sup_llist_imp_exists_index by fastforce (204 ms)
0.sledgehammer goal.by         6160ms Ordered_Resolution_Prover.FO_Ordered_Resolution_Prover 580:22970  some (SH 6160ms, ATP 456ms): Try this: by fastforce (189 ms)
0.sledgehammer goal.using     26246ms Ordered_Resolution_Prover.FO_Ordered_Resolution_Prover 583:23080  some (SH 26246ms, ATP 5170ms): Try this: by (metis (no_types, lifting) S_M_grounding_of_clss lnth_lmap selection_axioms) (357 ms)
0.sledgehammer goal.unfolding 25194ms Ordered_Resolution_Prover.FO_Ordered_Resolution_Prover 583:23092  some (SH 25194ms, ATP 146ms): Try this: by (metis (no_types, lifting) S_M_grounding_of_clss lnth_lmap selection_axioms) (179 ms)
0.sledgehammer goal.by        17630ms Ordered_Resolution_Prover.FO_Ordered_Resolution_Prover 583:23145  some (SH 17630ms, ATP 4703ms): Try this: using i_p by auto (382 ms)
0.sledgehammer goal.using     31674ms Ordered_Resolution_Prover.FO_Ordered_Resolution_Prover 585:23242  timeout (SH 31674ms): Timed out
0.sledgehammer goal.unfolding 31043ms Ordered_Resolution_Prover.FO_Ordered_Resolution_Prover 585:23252  timeout (SH 31043ms): Timed out
0.sledgehammer goal.by        57226ms Ordered_Resolution_Prover.FO_Ordered_Resolution_Prover 586:23280  some (SH 57226ms, ATP 762ms): Try this: by (metis (no_types, lifting) N_of_state.simps P_of_state.simps Q_of_state.simps UnE UnI1 UnI2 in_mono llength_lmap lnth_lmap lnth_subset_Sup_llist) (347 ms)
0.sledgehammer goal.by         4886ms Ordered_Resolution_Prover.FO_Ordered_Resolution_Prover 589:23463  some (SH 4886ms, ATP 495ms): Try this: by blast (5 ms)
0.sledgehammer goal.unfolding  6264ms Ordered_Resolution_Prover.FO_Ordered_Resolution_Prover 595:23668  some (SH 6264ms, ATP 499ms): Try this: apply (simp add: Liminf_state_def) (2 ms)
0.sledgehammer goal.by         4102ms Ordered_Resolution_Prover.FO_Ordered_Resolution_Prover 595:23695  some (SH 4102ms, ATP 453ms): Try this: apply auto[1] (4 ms)
0.sledgehammer goal.proof     34704ms Ordered_Resolution_Prover.FO_Ordered_Resolution_Prover 604:23979  timeout (SH 34704ms): Timed out
0.sledgehammer goal.using     34599ms Ordered_Resolution_Prover.FO_Ordered_Resolution_Prover 607:24101  timeout (SH 34599ms): Timed out
0.sledgehammer goal.by        34541ms Ordered_Resolution_Prover.FO_Ordered_Resolution_Prover 607:24112  timeout (SH 34541ms): Timed out
0.sledgehammer goal.unfolding 43109ms Ordered_Resolution_Prover.FO_Ordered_Resolution_Prover 609:24233  some (SH 43109ms, ATP 3273ms): Try this: by (metis (mono_tags, lifting) bot.extremum_strict bot_enat_def i_Sts llength_lmap llength_lnull lnth_lmap not_Liminf_llist_imp_exists_index) (197 ms)
0.sledgehammer goal.using     53273ms Ordered_Resolution_Prover.FO_Ordered_Resolution_Prover 609:24260  some (SH 53273ms, ATP 4909ms): Try this: using i_Sts by auto (37 ms)
0.sledgehammer goal.by        34874ms Ordered_Resolution_Prover.FO_Ordered_Resolution_Prover 609:24272  some (SH 34874ms, ATP 4461ms): Try this: by auto (37 ms)
0.sledgehammer goal.using     10059ms Ordered_Resolution_Prover.FO_Ordered_Resolution_Prover 611:24302  some (SH 10059ms, ATP 471ms): Try this: using N_of_state_Liminf fair fair_state_seq_def by auto (4 ms)
0.sledgehammer goal.unfolding  9335ms Ordered_Resolution_Prover.FO_Ordered_Resolution_Prover 611:24313  some (SH 9334ms, ATP 490ms): Try this: by (simp add: N_of_state_Liminf fair_state_seq_def) (2 ms)
0.sledgehammer goal.by         5355ms Ordered_Resolution_Prover.FO_Ordered_Resolution_Prover 611:24342  some (SH 5355ms, ATP 431ms): Try this: using N_of_state_Liminf by force (3 ms)
0.sledgehammer goal.proof     35627ms Ordered_Resolution_Prover.FO_Ordered_Resolution_Prover 621:24655  timeout (SH 35627ms): Timed out
0.sledgehammer goal.using     34740ms Ordered_Resolution_Prover.FO_Ordered_Resolution_Prover 624:24777  timeout (SH 34740ms): Timed out
0.sledgehammer goal.by        34074ms Ordered_Resolution_Prover.FO_Ordered_Resolution_Prover 624:24788  timeout (SH 34074ms): Timed out
0.sledgehammer goal.unfolding 38321ms Ordered_Resolution_Prover.FO_Ordered_Resolution_Prover 626:24909  some (SH 38321ms, ATP 671ms): Try this: by (metis (mono_tags, lifting) bot.extremum_strict bot_enat_def i_Sts llength_lmap llength_lnull lnth_lmap not_Liminf_llist_imp_exists_index) (100 ms)
0.sledgehammer goal.using     32862ms Ordered_Resolution_Prover.FO_Ordered_Resolution_Prover 626:24936  some (SH 32862ms, ATP 1279ms): Try this: using i_Sts by auto (38 ms)
0.sledgehammer goal.by        32066ms Ordered_Resolution_Prover.FO_Ordered_Resolution_Prover 626:24948  some (SH 32066ms, ATP 574ms): Try this: by auto (35 ms)
0.sledgehammer goal.using      9866ms Ordered_Resolution_Prover.FO_Ordered_Resolution_Prover 628:24978  some (SH 9866ms, ATP 433ms): Try this: using P_of_state_Liminf fair fair_state_seq_def by auto (4 ms)
0.sledgehammer goal.unfolding  9458ms Ordered_Resolution_Prover.FO_Ordered_Resolution_Prover 628:24989  some (SH 9458ms, ATP 544ms): Try this: by (simp add: P_of_state_Liminf fair_state_seq_def) (2 ms)
0.sledgehammer goal.by         4821ms Ordered_Resolution_Prover.FO_Ordered_Resolution_Prover 628:25018  some (SH 4821ms, ATP 446ms): Try this: using P_of_state_Liminf by blast (0.9 ms)
0.sledgehammer goal.proof     32382ms Ordered_Resolution_Prover.FO_Ordered_Resolution_Prover 638:25366  timeout (SH 32382ms): Timed out
0.sledgehammer goal.using     29878ms Ordered_Resolution_Prover.FO_Ordered_Resolution_Prover 643:25498  some (SH 29878ms, ATP 818ms): Try this: using Liminf_grounding_of_state_ground assms(2) c by auto (13 ms)
0.sledgehammer goal.using     11165ms Ordered_Resolution_Prover.FO_Ordered_Resolution_Prover 643:25506  some (SH 11165ms, ATP 424ms): Try this: using Liminf_grounding_of_state_ground assms(2) by auto (35 ms)
0.sledgehammer goal.by        10829ms Ordered_Resolution_Prover.FO_Ordered_Resolution_Prover 643:25548  some (SH 10829ms, ATP 839ms): Try this: by blast (5 ms)
0.sledgehammer goal.using     19472ms Ordered_Resolution_Prover.FO_Ordered_Resolution_Prover 646:25602  some (SH 19472ms, ATP 909ms): Try this: using assms(1,2) ground_derive_chain by blast (1 ms)
0.sledgehammer goal.by         8518ms Ordered_Resolution_Prover.FO_Ordered_Resolution_Prover 646:25637  some (SH 8518ms, ATP 902ms): Try this: by argo (4 ms)
0.sledgehammer goal.proof     37692ms Ordered_Resolution_Prover.FO_Ordered_Resolution_Prover 649:25671  timeout (SH 37692ms): Timed out
0.sledgehammer goal.unfolding  9620ms Ordered_Resolution_Prover.FO_Ordered_Resolution_Prover 652:25787  some (SH 9620ms, ATP 1175ms): Try this: using subsumes_def by blast (6 ms)
0.sledgehammer goal.by         9215ms Ordered_Resolution_Prover.FO_Ordered_Resolution_Prover 653:25816  some (SH 9215ms, ATP 783ms): Try this: by presburger (2 ms)
0.sledgehammer goal.using     17172ms Ordered_Resolution_Prover.FO_Ordered_Resolution_Prover 656:25899  some (SH 17172ms, ATP 1062ms): Try this: by (metis ground_C is_ground_cls_mono make_ground_subst) (49 ms)
0.sledgehammer goal.by        11667ms Ordered_Resolution_Prover.FO_Ordered_Resolution_Prover 656:25914  some (SH 11667ms, ATP 1143ms): Try this: by (metis is_ground_cls_mono make_ground_subst) (157 ms)
0.sledgehammer goal.using     12390ms Ordered_Resolution_Prover.FO_Ordered_Resolution_Prover 658:26032  some (SH 12390ms, ATP 759ms): Try this: using subset_mset.le_neq_trans by blast (6 ms)
0.sledgehammer goal.by         7834ms Ordered_Resolution_Prover.FO_Ordered_Resolution_Prover 658:26068  some (SH 7834ms, ATP 845ms): Try this: by blast (13 ms)
0.sledgehammer goal.using      8597ms Ordered_Resolution_Prover.FO_Ordered_Resolution_Prover 660:26120  some (SH 8597ms, ATP 860ms): Try this: using \<tau>_p by blast (1 ms)
0.sledgehammer goal.by         7611ms Ordered_Resolution_Prover.FO_Ordered_Resolution_Prover 660:26130  some (SH 7611ms, ATP 929ms): Try this: by blast (1 ms)
0.sledgehammer goal.using      8426ms Ordered_Resolution_Prover.FO_Ordered_Resolution_Prover 662:26195  some (SH 8426ms, ATP 785ms): Try this: using d(1) by blast (0.7 ms)
0.sledgehammer goal.by         7161ms Ordered_Resolution_Prover.FO_Ordered_Resolution_Prover 662:26203  some (SH 7161ms, ATP 730ms): Try this: by blast (0.7 ms)
0.sledgehammer goal.using      7535ms Ordered_Resolution_Prover.FO_Ordered_Resolution_Prover 664:26283  some (SH 7535ms, ATP 846ms): Try this: using strict_subset_subsumption_redundant_clss by presburger (17 ms)
0.sledgehammer goal.by         7509ms Ordered_Resolution_Prover.FO_Ordered_Resolution_Prover 664:26330  some (SH 7509ms, ATP 738ms): Try this: by presburger (21 ms)
0.sledgehammer goal.unfolding  8720ms Ordered_Resolution_Prover.FO_Ordered_Resolution_Prover 668:26441  some (SH 8720ms, ATP 788ms): Try this: by (simp add: derivns sr_ext.Rf_limit_Sup) (4 ms)
0.sledgehammer goal.using     14646ms Ordered_Resolution_Prover.FO_Ordered_Resolution_Prover 668:26454  some (SH 14646ms, ATP 795ms): Try this: using derivns ns sr_ext.Rf_limit_Sup by blast (2 ms)
0.sledgehammer goal.by         8830ms Ordered_Resolution_Prover.FO_Ordered_Resolution_Prover 668:26497  some (SH 8830ms, ATP 945ms): Try this: by blast (6 ms)
0.sledgehammer goal.using      9086ms Ordered_Resolution_Prover.FO_Ordered_Resolution_Prover 670:26531  some (SH 9086ms, ATP 797ms): Try this: using c by force (0.9 ms)
0.sledgehammer goal.by         7046ms Ordered_Resolution_Prover.FO_Ordered_Resolution_Prover 670:26539  some (SH 7046ms, ATP 729ms): Try this: by force (0.6 ms)
0.sledgehammer goal.using     10253ms Ordered_Resolution_Prover.FO_Ordered_Resolution_Prover 674:26615  some (SH 10253ms, ATP 890ms): Try this: using ground_C make_ground_subst by blast (11 ms)
0.sledgehammer goal.by         7702ms Ordered_Resolution_Prover.FO_Ordered_Resolution_Prover 674:26630  some (SH 7702ms, ATP 881ms): Try this: using make_ground_subst by blast (9 ms)
0.sledgehammer goal.by         8179ms Ordered_Resolution_Prover.FO_Ordered_Resolution_Prover 676:26683  some (SH 8179ms, ATP 643ms): Try this: by blast (0.6 ms)
0.sledgehammer goal.proof     34993ms Ordered_Resolution_Prover.FO_Ordered_Resolution_Prover 689:27131  timeout (SH 34993ms): Timed out
0.sledgehammer goal.using     14083ms Ordered_Resolution_Prover.FO_Ordered_Resolution_Prover 694:27263  some (SH 14083ms, ATP 381ms): Try this: using Liminf_grounding_of_state_ground c ns by auto (36 ms)
0.sledgehammer goal.using     10764ms Ordered_Resolution_Prover.FO_Ordered_Resolution_Prover 694:27271  some (SH 10764ms, ATP 469ms): Try this: using Liminf_grounding_of_state_ground ns by force (25 ms)
0.sledgehammer goal.by         8466ms Ordered_Resolution_Prover.FO_Ordered_Resolution_Prover 694:27313  some (SH 8466ms, ATP 464ms): Try this: by blast (3 ms)
0.sledgehammer goal.using      8445ms Ordered_Resolution_Prover.FO_Ordered_Resolution_Prover 697:27367  some (SH 8445ms, ATP 452ms): Try this: using deriv ground_derive_chain ns by blast (0.9 ms)
0.sledgehammer goal.by         4597ms Ordered_Resolution_Prover.FO_Ordered_Resolution_Prover 697:27402  some (SH 4597ms, ATP 463ms): Try this: by fastforce (2 ms)
0.sledgehammer goal.using     36697ms Ordered_Resolution_Prover.FO_Ordered_Resolution_Prover 700:27458  some (SH 36697ms, ATP 4866ms): Try this: using c d(1,2,3) deriv instance_if_subsumed_and_in_limit ns by fastforce (289 ms)
0.sledgehammer goal.unfolding 15325ms Ordered_Resolution_Prover.FO_Ordered_Resolution_Prover 700:27512  some (SH 15325ms, ATP 235ms): Try this: using ns by blast (4 ms)
0.sledgehammer goal.by        13875ms Ordered_Resolution_Prover.FO_Ordered_Resolution_Prover 700:27525  some (SH 13875ms, ATP 164ms): Try this: by blast (3 ms)
0.sledgehammer goal.by         4968ms Ordered_Resolution_Prover.FO_Ordered_Resolution_Prover 703:27599  some (SH 4968ms, ATP 363ms): Try this: by blast (0.9 ms)
0.sledgehammer goal.proof     34948ms Ordered_Resolution_Prover.FO_Ordered_Resolution_Prover 708:27750  timeout (SH 34948ms): Timed out
0.sledgehammer goal.using     17589ms Ordered_Resolution_Prover.FO_Ordered_Resolution_Prover 716:27962  some (SH 17589ms, ATP 537ms): Try this: using chain_lnth_rel deriv llen by blast (1 ms)
0.sledgehammer goal.by         4844ms Ordered_Resolution_Prover.FO_Ordered_Resolution_Prover 716:27994  some (SH 4844ms, ATP 497ms): Try this: by blast (3 ms)
0.sledgehammer goal.proof     35878ms Ordered_Resolution_Prover.FO_Ordered_Resolution_Prover 718:28057  timeout (SH 35878ms): Timed out
0.sledgehammer goal.using      5155ms Ordered_Resolution_Prover.FO_Ordered_Resolution_Prover 725:28316  some (SH 5155ms, ATP 390ms): Try this: using calculation(3,4) by blast (0.9 ms)
0.sledgehammer goal.by         4780ms Ordered_Resolution_Prover.FO_Ordered_Resolution_Prover 725:28345  some (SH 4780ms, ATP 410ms): Try this: by blast (3 ms)
0.sledgehammer goal.using      6999ms Ordered_Resolution_Prover.FO_Ordered_Resolution_Prover 727:28427  some (SH 6999ms, ATP 472ms): Try this: using d(3) strictly_subsumes_def subsumes_trans by blast (12 ms)
0.sledgehammer goal.unfolding  5817ms Ordered_Resolution_Prover.FO_Ordered_Resolution_Prover 727:28450  some (SH 5817ms, ATP 514ms): Try this: using strictly_subsumes_def by blast (7 ms)
0.sledgehammer goal.by         6258ms Ordered_Resolution_Prover.FO_Ordered_Resolution_Prover 727:28482  some (SH 6258ms, ATP 443ms): Try this: by blast (4 ms)
0.sledgehammer goal.using     43851ms Ordered_Resolution_Prover.FO_Ordered_Resolution_Prover 729:28596  some (SH 43851ms, ATP 1625ms): Try this: by (metis (no_types, lifting) D_subsumes_p N_of_state.simps Sup_state_def UnI1 in_mono llen llength_lmap lnth_lmap lnth_subset_Sup_llist) (116 ms)
0.sledgehammer goal.by        23700ms Ordered_Resolution_Prover.FO_Ordered_Resolution_Prover 730:28630  some (SH 23700ms, ATP 1348ms): Try this: by (metis (no_types, lifting) N_of_state.simps Sup_state_def UnI1 in_mono llength_lmap lnth_lmap lnth_subset_Sup_llist) (98 ms)
0.sledgehammer goal.using      7752ms Ordered_Resolution_Prover.FO_Ordered_Resolution_Prover 733:28799  some (SH 7752ms, ATP 888ms): Try this: using d_least by blast (1 ms)
0.sledgehammer goal.unfolding  7120ms Ordered_Resolution_Prover.FO_Ordered_Resolution_Prover 733:28813  some (SH 7120ms, ATP 923ms): Try this: by blast (0.9 ms)
0.sledgehammer goal.by         7945ms Ordered_Resolution_Prover.FO_Ordered_Resolution_Prover 733:28836  some (SH 7945ms, ATP 857ms): Try this: by blast (5 ms)
0.sledgehammer goal.using     17812ms Ordered_Resolution_Prover.FO_Ordered_Resolution_Prover 736:28890  some (SH 17812ms, ATP 1569ms): Try this: using d_in_q by auto (5 ms)
0.sledgehammer goal.by        10139ms Ordered_Resolution_Prover.FO_Ordered_Resolution_Prover 736:28903  some (SH 10139ms, ATP 508ms): Try this: by force (10 ms)
0.sledgehammer goal.using     38231ms Ordered_Resolution_Prover.FO_Ordered_Resolution_Prover 742:29090  some (SH 38231ms, ATP 975ms): Try this: using local.backward_reduction_Q(2) subset_strictly_subsumes by force (3 ms)
0.sledgehammer goal.by        19932ms Ordered_Resolution_Prover.FO_Ordered_Resolution_Prover 742:29151  some (SH 19932ms, ATP 697ms): Try this: by force (30 ms)
0.sledgehammer goal.using      6683ms Ordered_Resolution_Prover.FO_Ordered_Resolution_Prover 744:29209  some (SH 6683ms, ATP 511ms): Try this: using d(3) strictly_subsumes_def subsumes_trans by blast (8 ms)
0.sledgehammer goal.unfolding  5754ms Ordered_Resolution_Prover.FO_Ordered_Resolution_Prover 744:29235  some (SH 5754ms, ATP 611ms): Try this: using strictly_subsumes_def by blast (7 ms)
0.sledgehammer goal.by         6798ms Ordered_Resolution_Prover.FO_Ordered_Resolution_Prover 744:29267  some (SH 6798ms, ATP 393ms): Try this: by blast (7 ms)
0.sledgehammer goal.using     50084ms Ordered_Resolution_Prover.FO_Ordered_Resolution_Prover 746:29345  some (SH 50083ms, ATP 735ms): Try this: by (metis (no_types, lifting) P_of_state.simps Sup_state_def UnI1 Un_upper2 exists_index_imp_Sup_llist in_mono llen llength_lmap lnth_lmap) (164 ms)
0.sledgehammer goal.by        17455ms Ordered_Resolution_Prover.FO_Ordered_Resolution_Prover 746:29356  some (SH 17455ms, ATP 1151ms): Try this: by (simp add: Sup_state_def exists_index_imp_Sup_llist) (24 ms)
0.sledgehammer goal.using     16862ms Ordered_Resolution_Prover.FO_Ordered_Resolution_Prover 749:29524  some (SH 16862ms, ATP 842ms): Try this: using D'_p d_least subc by blast (1 ms)
0.sledgehammer goal.by        10410ms Ordered_Resolution_Prover.FO_Ordered_Resolution_Prover 749:29548  some (SH 10410ms, ATP 954ms): Try this: by blast (1 ms)
0.sledgehammer goal.using     18972ms Ordered_Resolution_Prover.FO_Ordered_Resolution_Prover 752:29596  some (SH 18972ms, ATP 608ms): Try this: using d_in_q local.backward_reduction_Q(1,2) by force (20 ms)
0.sledgehammer goal.by        13141ms Ordered_Resolution_Prover.FO_Ordered_Resolution_Prover 752:29630  some (SH 13141ms, ATP 580ms): Try this: by force (15 ms)
0.sledgehammer goal.proof     35169ms Ordered_Resolution_Prover.FO_Ordered_Resolution_Prover 757:29841  timeout (SH 35169ms): Timed out
0.sledgehammer goal.using     34593ms Ordered_Resolution_Prover.FO_Ordered_Resolution_Prover 759:29894  timeout (SH 34593ms): Timed out
0.sledgehammer goal.apply     34570ms Ordered_Resolution_Prover.FO_Ordered_Resolution_Prover 760:29915  timeout (SH 34570ms): Timed out
0.sledgehammer goal.using      5789ms Ordered_Resolution_Prover.FO_Ordered_Resolution_Prover 761:29968  some (SH 5789ms, ATP 483ms): Try this: by (simp add: d(1)) (5 ms)
0.sledgehammer goal.by         6598ms Ordered_Resolution_Prover.FO_Ordered_Resolution_Prover 761:29976  some (SH 6598ms, ATP 483ms): Try this: by force (12 ms)
0.sledgehammer goal.using     67975ms Ordered_Resolution_Prover.FO_Ordered_Resolution_Prover 762:29998  some (SH 67975ms, ATP 1234ms): Try this: by (metis (mono_tags, lifting) Suc_ile_eq Suc_le_D diff_Suc_1' diff_commute diff_is_0_eq diff_le_self in_Sts_in_Sts_Suc le_SucE order_less_imp_le) (1.0 s)
0.sledgehammer goal.by        50782ms Ordered_Resolution_Prover.FO_Ordered_Resolution_Prover 763:30035  some (SH 50782ms, ATP 1130ms): Try this: by (metis (mono_tags, lifting) Suc_ile_eq Suc_le_D diff_Suc_1' diff_commute diff_le_self le_SucE order_less_imp_le) (792 ms)
0.sledgehammer goal.using      7297ms Ordered_Resolution_Prover.FO_Ordered_Resolution_Prover 767:30222  some (SH 7297ms, ATP 419ms): Try this: using enat in_Sts_in_Sts_Suc l_i by blast (5 ms)
0.sledgehammer goal.by         5757ms Ordered_Resolution_Prover.FO_Ordered_Resolution_Prover 767:30255  some (SH 5757ms, ATP 437ms): Try this: by blast (1 ms)
0.sledgehammer goal.apply     157696ms Ordered_Resolution_Prover.FO_Ordered_Resolution_Prover 770:30348  some (SH 157696ms, ATP 2404ms): Try this: by (metis D_in_Sts_Suc Nat.lessE antisym_conv2 d(1) le_SucE) (65 ms)
0.sledgehammer goal.using      4051ms Ordered_Resolution_Prover.FO_Ordered_Resolution_Prover 771:30376  some (SH 4051ms, ATP 493ms): Try this: using d(1) by force (0.7 ms)
0.sledgehammer goal.by         3909ms Ordered_Resolution_Prover.FO_Ordered_Resolution_Prover 771:30387  some (SH 3909ms, ATP 425ms): Try this: by blast (0.6 ms)
0.sledgehammer goal.using     12645ms Ordered_Resolution_Prover.FO_Ordered_Resolution_Prover 773:30460  some (SH 12645ms, ATP 611ms): Try this: by (metis D_in_Sts_Suc d(1) le_SucE) (51 ms)
0.sledgehammer goal.by         4532ms Ordered_Resolution_Prover.FO_Ordered_Resolution_Prover 773:30491  some (SH 4532ms, ATP 432ms): Try this: using le_SucE by blast (7 ms)
0.sledgehammer goal.unfolding 60854ms Ordered_Resolution_Prover.FO_Ordered_Resolution_Prover 776:30605  some (SH 60854ms, ATP 593ms): Try this: by (metis (mono_tags, lifting) bot.extremum_strict bot_enat_def d(2) llength_lmap llength_lnull lnth_lmap not_Liminf_llist_imp_exists_index) (102 ms)
0.sledgehammer goal.by        37327ms Ordered_Resolution_Prover.FO_Ordered_Resolution_Prover 776:30632  some (SH 37327ms, ATP 1004ms): Try this: using d(2) by auto (50 ms)
0.sledgehammer goal.unfolding  6292ms Ordered_Resolution_Prover.FO_Ordered_Resolution_Prover 778:30694  some (SH 6292ms, ATP 496ms): Try this: by (simp add: Liminf_state_def) (2 ms)
0.sledgehammer goal.by         5107ms Ordered_Resolution_Prover.FO_Ordered_Resolution_Prover 778:30721  some (SH 5106ms, ATP 1288ms): Try this: using Q_of_state.simps by presburger (6 ms)
0.sledgehammer goal.proof     35297ms Ordered_Resolution_Prover.FO_Ordered_Resolution_Prover 791:31186  timeout (SH 35297ms): Timed out
0.sledgehammer goal.using     13158ms Ordered_Resolution_Prover.FO_Ordered_Resolution_Prover 797:31360  some (SH 13158ms, ATP 384ms): Try this: using Liminf_grounding_of_state_ground c ns by auto (28 ms)
0.sledgehammer goal.using     10750ms Ordered_Resolution_Prover.FO_Ordered_Resolution_Prover 797:31368  some (SH 10750ms, ATP 430ms): Try this: using Liminf_grounding_of_state_ground ns by auto (26 ms)
0.sledgehammer goal.by         9824ms Ordered_Resolution_Prover.FO_Ordered_Resolution_Prover 797:31410  some (SH 9824ms, ATP 466ms): Try this: by blast (3 ms)
0.sledgehammer goal.using      8912ms Ordered_Resolution_Prover.FO_Ordered_Resolution_Prover 800:31464  some (SH 8911ms, ATP 481ms): Try this: using deriv ground_derive_chain ns by blast (1 ms)
0.sledgehammer goal.by         5340ms Ordered_Resolution_Prover.FO_Ordered_Resolution_Prover 800:31499  some (SH 5340ms, ATP 582ms): Try this: by blast (4 ms)
0.sledgehammer goal.using     31448ms Ordered_Resolution_Prover.FO_Ordered_Resolution_Prover 803:31555  timeout (SH 31448ms): Timed out
0.sledgehammer goal.by        25653ms Ordered_Resolution_Prover.FO_Ordered_Resolution_Prover 803:31612  some (SH 25653ms, ATP 248ms): Try this: by blast (3 ms)
0.sledgehammer goal.by         4146ms Ordered_Resolution_Prover.FO_Ordered_Resolution_Prover 806:31686  some (SH 4146ms, ATP 332ms): Try this: by blast (1 ms)
0.sledgehammer goal.using      9181ms Ordered_Resolution_Prover.FO_Ordered_Resolution_Prover 811:31834  some (SH 9181ms, ATP 511ms): Try this: using d(1,2) eventually_removed_from_P fair by presburger (12 ms)
0.sledgehammer goal.using      7732ms Ordered_Resolution_Prover.FO_Ordered_Resolution_Prover 811:31845  some (SH 7732ms, ATP 498ms): Try this: using d(1,2) eventually_removed_from_P by presburger (11 ms)
0.sledgehammer goal.unfolding  4368ms Ordered_Resolution_Prover.FO_Ordered_Resolution_Prover 811:31879  some (SH 4368ms, ATP 489ms): Try this: by presburger (3 ms)
0.sledgehammer goal.by         4479ms Ordered_Resolution_Prover.FO_Ordered_Resolution_Prover 811:31892  some (SH 4479ms, ATP 482ms): Try this: by presburger (3 ms)
0.sledgehammer goal.using     10694ms Ordered_Resolution_Prover.FO_Ordered_Resolution_Prover 813:31950  some (SH 10694ms, ATP 1577ms): Try this: by (simp add: ns) (4 ms)
0.sledgehammer goal.by         5114ms Ordered_Resolution_Prover.FO_Ordered_Resolution_Prover 813:31959  some (SH 5114ms, ATP 423ms): Try this: by auto (4 ms)
0.sledgehammer goal.using      6111ms Ordered_Resolution_Prover.FO_Ordered_Resolution_Prover 815:32019  some (SH 6111ms, ATP 726ms): Try this: using chain_lnth_rel deriv by blast (5 ms)
0.sledgehammer goal.using      4931ms Ordered_Resolution_Prover.FO_Ordered_Resolution_Prover 815:32031  some (SH 4931ms, ATP 520ms): Try this: using chain_lnth_rel by blast (4 ms)
0.sledgehammer goal.by         4697ms Ordered_Resolution_Prover.FO_Ordered_Resolution_Prover 815:32052  some (SH 4697ms, ATP 488ms): Try this: by blast (3 ms)
0.sledgehammer goal.proof     34210ms Ordered_Resolution_Prover.FO_Ordered_Resolution_Prover 817:32082  timeout (SH 34209ms): Timed out
0.sledgehammer goal.using     15885ms Ordered_Resolution_Prover.FO_Ordered_Resolution_Prover 822:32356  some (SH 15885ms, ATP 450ms): Try this: using l_p apply auto[1] (9 ms)
0.sledgehammer goal.by        10106ms Ordered_Resolution_Prover.FO_Ordered_Resolution_Prover 822:32366  some (SH 10106ms, ATP 495ms): Try this: apply auto[1] (11 ms)
0.sledgehammer goal.unfolding  6489ms Ordered_Resolution_Prover.FO_Ordered_Resolution_Prover 825:32456  some (SH 6489ms, ATP 456ms): Try this: using d(3) strictly_subsumes_def subsumes_trans by blast (8 ms)
0.sledgehammer goal.using     10711ms Ordered_Resolution_Prover.FO_Ordered_Resolution_Prover 825:32501  some (SH 10711ms, ATP 1060ms): Try this: by (meson d(3) substitution_ops.subsumes_def subsumes_trans) (19 ms)
0.sledgehammer goal.by        14839ms Ordered_Resolution_Prover.FO_Ordered_Resolution_Prover 826:32515  some (SH 14839ms, ATP 1218ms): Try this: by (metis d(3) substitution_ops.subsumes_def subsumes_trans) (17 ms)
0.sledgehammer goal.unfolding 34250ms Ordered_Resolution_Prover.FO_Ordered_Resolution_Prover 828:32629  some (SH 34250ms, ATP 556ms): Try this: by (metis N_of_state.simps Sup_state_def UnI1 exists_index_imp_Sup_llist l_p llength_lmap lnth_lmap twins(2)) (187 ms)
0.sledgehammer goal.using     48067ms Ordered_Resolution_Prover.FO_Ordered_Resolution_Prover 828:32659  some (SH 48067ms, ATP 676ms): Try this: by (metis (no_types, lifting) N_of_state.simps Sup_state_def UnI1 exists_index_imp_Sup_llist l_p llength_lmap lnth_lmap) (95 ms)
0.sledgehammer goal.by        31410ms Ordered_Resolution_Prover.FO_Ordered_Resolution_Prover 829:32675  some (SH 31410ms, ATP 957ms): Try this: by (metis N_of_state.simps Sup_state_def UnI1 exists_index_imp_Sup_llist llength_lmap lnth_lmap) (2.8 s)
0.sledgehammer goal.using     11557ms Ordered_Resolution_Prover.FO_Ordered_Resolution_Prover 832:32823  some (SH 11557ms, ATP 918ms): Try this: using d_least local.backward_subsumption_P(4) subc twins(1) by blast (1 ms)
0.sledgehammer goal.by         9340ms Ordered_Resolution_Prover.FO_Ordered_Resolution_Prover 832:32847  some (SH 9340ms, ATP 750ms): Try this: by blast (1 ms)
0.sledgehammer goal.by        26486ms Ordered_Resolution_Prover.FO_Ordered_Resolution_Prover 834:32883  some (SH 26485ms, ATP 1580ms): Try this: by blast (0.5 ms)
0.sledgehammer goal.using     17105ms Ordered_Resolution_Prover.FO_Ordered_Resolution_Prover 839:33111  some (SH 17105ms, ATP 551ms): Try this: using l_p apply auto[1] (15 ms)
0.sledgehammer goal.by        12024ms Ordered_Resolution_Prover.FO_Ordered_Resolution_Prover 839:33121  some (SH 12024ms, ATP 544ms): Try this: apply auto[1] (12 ms)
0.sledgehammer goal.using     16766ms Ordered_Resolution_Prover.FO_Ordered_Resolution_Prover 841:33199  some (SH 16766ms, ATP 627ms): Try this: using subset_strictly_subsumes by force (11 ms)
0.sledgehammer goal.by        10987ms Ordered_Resolution_Prover.FO_Ordered_Resolution_Prover 841:33239  some (SH 10987ms, ATP 590ms): Try this: by force (32 ms)
0.sledgehammer goal.using      6178ms Ordered_Resolution_Prover.FO_Ordered_Resolution_Prover 843:33289  some (SH 6178ms, ATP 507ms): Try this: using d(3) strictly_subsumes_def subsumes_trans by blast (10 ms)
0.sledgehammer goal.unfolding  5359ms Ordered_Resolution_Prover.FO_Ordered_Resolution_Prover 843:33315  some (SH 5359ms, ATP 502ms): Try this: using strictly_subsumes_def by blast (8 ms)
0.sledgehammer goal.by         5059ms Ordered_Resolution_Prover.FO_Ordered_Resolution_Prover 843:33347  some (SH 5059ms, ATP 407ms): Try this: by blast (4 ms)
0.sledgehammer goal.using     51364ms Ordered_Resolution_Prover.FO_Ordered_Resolution_Prover 845:33417  some (SH 51364ms, ATP 681ms): Try this: by (metis (no_types, lifting) P_of_state.simps Sup_state_def UnI1 Un_upper2 exists_index_imp_Sup_llist in_mono l_p llength_lmap lnth_lmap) (141 ms)
0.sledgehammer goal.by        67113ms Ordered_Resolution_Prover.FO_Ordered_Resolution_Prover 845:33427  some (SH 67113ms, ATP 1014ms): Try this: by (metis P_of_state.simps Sup_state_def UnI1 UnI2 exists_index_imp_Sup_llist llength_lmap lnth_lmap) (3.0 s)
0.sledgehammer goal.using     15731ms Ordered_Resolution_Prover.FO_Ordered_Resolution_Prover 848:33583  some (SH 15731ms, ATP 918ms): Try this: using D'_p d_least subc by blast (1 ms)
0.sledgehammer goal.by        10000ms Ordered_Resolution_Prover.FO_Ordered_Resolution_Prover 848:33607  some (SH 10000ms, ATP 1030ms): Try this: by blast (1 ms)
0.sledgehammer goal.by        15909ms Ordered_Resolution_Prover.FO_Ordered_Resolution_Prover 850:33643  some (SH 15909ms, ATP 1216ms): Try this: by blast (0.4 ms)
0.sledgehammer goal.using     15430ms Ordered_Resolution_Prover.FO_Ordered_Resolution_Prover 855:33832  some (SH 15430ms, ATP 513ms): Try this: using l_p apply auto[1] (17 ms)
0.sledgehammer goal.by        10258ms Ordered_Resolution_Prover.FO_Ordered_Resolution_Prover 855:33842  some (SH 10257ms, ATP 522ms): Try this: apply auto[1] (18 ms)
0.sledgehammer goal.using      8397ms Ordered_Resolution_Prover.FO_Ordered_Resolution_Prover 857:33878  some (SH 8397ms, ATP 523ms): Try this: using l_p by blast (4 ms)
0.sledgehammer goal.by         6713ms Ordered_Resolution_Prover.FO_Ordered_Resolution_Prover 857:33892  some (SH 6713ms, ATP 485ms): Try this: by blast (7 ms)
0.sledgehammer goal.proof     35663ms Ordered_Resolution_Prover.FO_Ordered_Resolution_Prover 873:34567  timeout (SH 35663ms): Timed out
0.sledgehammer goal.using     13008ms Ordered_Resolution_Prover.FO_Ordered_Resolution_Prover 879:34741  some (SH 13008ms, ATP 385ms): Try this: using Liminf_grounding_of_state_ground c ns by fastforce (44 ms)
0.sledgehammer goal.using     10676ms Ordered_Resolution_Prover.FO_Ordered_Resolution_Prover 879:34749  some (SH 10676ms, ATP 558ms): Try this: using Liminf_grounding_of_state_ground ns by auto (19 ms)
0.sledgehammer goal.by         9735ms Ordered_Resolution_Prover.FO_Ordered_Resolution_Prover 879:34791  some (SH 9735ms, ATP 582ms): Try this: by blast (3 ms)
0.sledgehammer goal.using      8427ms Ordered_Resolution_Prover.FO_Ordered_Resolution_Prover 882:34845  some (SH 8427ms, ATP 450ms): Try this: using deriv ground_derive_chain ns by fastforce (3 ms)
0.sledgehammer goal.by         4598ms Ordered_Resolution_Prover.FO_Ordered_Resolution_Prover 882:34880  some (SH 4598ms, ATP 561ms): Try this: by fastforce (3 ms)
0.sledgehammer goal.using     32491ms Ordered_Resolution_Prover.FO_Ordered_Resolution_Prover 885:34936  timeout (SH 32491ms): Timed out
0.sledgehammer goal.by        25334ms Ordered_Resolution_Prover.FO_Ordered_Resolution_Prover 885:34993  some (SH 25334ms, ATP 465ms): Try this: by blast (4 ms)
0.sledgehammer goal.by         3927ms Ordered_Resolution_Prover.FO_Ordered_Resolution_Prover 888:35067  some (SH 3927ms, ATP 322ms): Try this: by blast (3 ms)
0.sledgehammer goal.using      7105ms Ordered_Resolution_Prover.FO_Ordered_Resolution_Prover 891:35137  some (SH 7104ms, ATP 488ms): Try this: using sr.tautology_Rf by force (5 ms)
0.sledgehammer goal.by         5247ms Ordered_Resolution_Prover.FO_Ordered_Resolution_Prover 891:35159  some (SH 5247ms, ATP 596ms): Try this: by blast (2 ms)
0.sledgehammer goal.using      9632ms Ordered_Resolution_Prover.FO_Ordered_Resolution_Prover 895:35290  some (SH 9632ms, ATP 596ms): Try this: using d(1,2) eventually_removed_from_N fair by presburger (10 ms)
0.sledgehammer goal.using      7686ms Ordered_Resolution_Prover.FO_Ordered_Resolution_Prover 895:35301  some (SH 7686ms, ATP 616ms): Try this: by (simp add: d(1,2) eventually_removed_from_N) (11 ms)
0.sledgehammer goal.unfolding  4584ms Ordered_Resolution_Prover.FO_Ordered_Resolution_Prover 895:35335  some (SH 4584ms, ATP 649ms): Try this: by presburger (2 ms)
0.sledgehammer goal.by         4274ms Ordered_Resolution_Prover.FO_Ordered_Resolution_Prover 895:35348  some (SH 4274ms, ATP 569ms): Try this: by blast (4 ms)
0.sledgehammer goal.by         4871ms Ordered_Resolution_Prover.FO_Ordered_Resolution_Prover 899:35500  some (SH 4871ms, ATP 498ms): Try this: by blast (4 ms)
0.sledgehammer goal.using      9014ms Ordered_Resolution_Prover.FO_Ordered_Resolution_Prover 901:35558  some (SH 9014ms, ATP 528ms): Try this: by (simp add: ns) (2 ms)
0.sledgehammer goal.by         4463ms Ordered_Resolution_Prover.FO_Ordered_Resolution_Prover 901:35567  some (SH 4463ms, ATP 524ms): Try this: by auto (4 ms)
0.sledgehammer goal.using      4853ms Ordered_Resolution_Prover.FO_Ordered_Resolution_Prover 903:35627  some (SH 4853ms, ATP 585ms): Try this: using chain_lnth_rel deriv by blast (14 ms)
0.sledgehammer goal.using      4878ms Ordered_Resolution_Prover.FO_Ordered_Resolution_Prover 903:35639  some (SH 4878ms, ATP 612ms): Try this: using chain_lnth_rel by blast (8 ms)
0.sledgehammer goal.by         4905ms Ordered_Resolution_Prover.FO_Ordered_Resolution_Prover 903:35660  some (SH 4905ms, ATP 797ms): Try this: by blast (6 ms)
0.sledgehammer goal.proof     35869ms Ordered_Resolution_Prover.FO_Ordered_Resolution_Prover 905:35690  timeout (SH 35869ms): Timed out
0.sledgehammer goal.using     15254ms Ordered_Resolution_Prover.FO_Ordered_Resolution_Prover 908:35797  some (SH 15254ms, ATP 476ms): Try this: using l_p by auto (4 ms)
0.sledgehammer goal.by         9956ms Ordered_Resolution_Prover.FO_Ordered_Resolution_Prover 908:35807  some (SH 9956ms, ATP 526ms): Try this: by auto (9 ms)
0.sledgehammer goal.using     10341ms Ordered_Resolution_Prover.FO_Ordered_Resolution_Prover 910:35875  some (SH 10341ms, ATP 442ms): Try this: using Neg_Melem_subst_atm_subst_cls Pos_Melem_subst_atm_subst_cls \<sigma>(1) local.tautology_deletion(3,4) by blast (14 ms)
0.sledgehammer goal.by         6104ms Ordered_Resolution_Prover.FO_Ordered_Resolution_Prover 911:35913  some (SH 6104ms, ATP 409ms): Try this: using Neg_Melem_subst_atm_subst_cls Pos_Melem_subst_atm_subst_cls by blast (18 ms)
0.sledgehammer goal.using      4868ms Ordered_Resolution_Prover.FO_Ordered_Resolution_Prover 913:36006  some (SH 4868ms, ATP 406ms): Try this: using no_taut by blast (0.4 ms)
0.sledgehammer goal.by         4230ms Ordered_Resolution_Prover.FO_Ordered_Resolution_Prover 913:36020  some (SH 4230ms, ATP 460ms): Try this: by blast (0.5 ms)
0.sledgehammer goal.by        34768ms Ordered_Resolution_Prover.FO_Ordered_Resolution_Prover 915:36057  some (SH 34768ms, ATP 1268ms): Try this: by blast (1 ms)
0.sledgehammer goal.using     16020ms Ordered_Resolution_Prover.FO_Ordered_Resolution_Prover 921:36316  some (SH 16019ms, ATP 540ms): Try this: using l_p apply auto[1] (5 ms)
0.sledgehammer goal.by        10042ms Ordered_Resolution_Prover.FO_Ordered_Resolution_Prover 921:36326  some (SH 10041ms, ATP 581ms): Try this: apply auto[1] (12 ms)
0.sledgehammer goal.using      6830ms Ordered_Resolution_Prover.FO_Ordered_Resolution_Prover 924:36424  some (SH 6830ms, ATP 522ms): Try this: using d(3) subsumes_trans by blast (7 ms)
0.sledgehammer goal.by         6131ms Ordered_Resolution_Prover.FO_Ordered_Resolution_Prover 924:36435  some (SH 6131ms, ATP 544ms): Try this: using subsumes_trans by blast (4 ms)
0.sledgehammer goal.using     42445ms Ordered_Resolution_Prover.FO_Ordered_Resolution_Prover 926:36529  some (SH 42445ms, ATP 984ms): Try this: by (metis P_of_state.simps Q_of_state.simps Suc_ile_eq Sup_state_def Un_iff exists_index_imp_Sup_llist l_p llength_lmap lnth_lmap local.forward_subsumption(3) order_less_imp_le twins(5,7)) (559 ms)
0.sledgehammer goal.unfolding 34658ms Ordered_Resolution_Prover.FO_Ordered_Resolution_Prover 926:36550  some (SH 34658ms, ATP 1121ms): Try this: by (metis P_of_state.simps Q_of_state.simps Sup_state_def Un_iff exists_index_imp_Sup_llist llength_lmap lnth_lmap) (485 ms)
0.sledgehammer goal.by        37585ms Ordered_Resolution_Prover.FO_Ordered_Resolution_Prover 927:36580  some (SH 37585ms, ATP 677ms): Try this: by (metis (no_types, lifting) P_of_state.simps Q_of_state.simps UnE UnI1 UnI2 exists_index_imp_Sup_llist llength_lmap lnth_lmap) (398 ms)
0.sledgehammer goal.using      9103ms Ordered_Resolution_Prover.FO_Ordered_Resolution_Prover 929:36720  some (SH 9103ms, ATP 1027ms): Try this: using d_least by blast (1 ms)
0.sledgehammer goal.by         6309ms Ordered_Resolution_Prover.FO_Ordered_Resolution_Prover 929:36734  some (SH 6308ms, ATP 993ms): Try this: by blast (1 ms)
0.sledgehammer goal.unfolding  5305ms Ordered_Resolution_Prover.FO_Ordered_Resolution_Prover 931:36778  some (SH 5305ms, ATP 557ms): Try this: using local.forward_subsumption(4) strictly_subsumes_def twins(1) by blast (3 ms)
0.sledgehammer goal.using      4759ms Ordered_Resolution_Prover.FO_Ordered_Resolution_Prover 931:36810  some (SH 4759ms, ATP 470ms): Try this: using D'_p(2) by blast (1 ms)
0.sledgehammer goal.by         4041ms Ordered_Resolution_Prover.FO_Ordered_Resolution_Prover 931:36821  some (SH 4041ms, ATP 461ms): Try this: by meson (0.4 ms)
0.sledgehammer goal.using      4710ms Ordered_Resolution_Prover.FO_Ordered_Resolution_Prover 933:36868  some (SH 4710ms, ATP 303ms): Try this: using local.forward_subsumption(4) twins(1) variants_iff_subsumes by blast (4 ms)
0.sledgehammer goal.unfolding  4019ms Ordered_Resolution_Prover.FO_Ordered_Resolution_Prover 933:36879  some (SH 4019ms, ATP 346ms): Try this: using variants_iff_subsumes by blast (3 ms)
0.sledgehammer goal.by         4004ms Ordered_Resolution_Prover.FO_Ordered_Resolution_Prover 933:36911  some (SH 4004ms, ATP 465ms): Try this: by blast (1 ms)
0.sledgehammer goal.using      6056ms Ordered_Resolution_Prover.FO_Ordered_Resolution_Prover 936:37034  some (SH 6055ms, ATP 625ms): Try this: using d_least neg_strictly_subsumes_variants by blast (5 ms)
0.sledgehammer goal.by         5538ms Ordered_Resolution_Prover.FO_Ordered_Resolution_Prover 936:37095  some (SH 5538ms, ATP 606ms): Try this: by blast (11 ms)
0.sledgehammer goal.using     57809ms Ordered_Resolution_Prover.FO_Ordered_Resolution_Prover 939:37145  some (SH 57809ms, ATP 224ms): Try this: by (metis \<sigma>(1) generalizes_def generalizes_trans variants_def) (16 ms)
0.sledgehammer goal.by        35210ms Ordered_Resolution_Prover.FO_Ordered_Resolution_Prover 939:37199  some (SH 35210ms, ATP 199ms): Try this: by (metis generalizes_def generalizes_trans) (21 ms)
0.sledgehammer goal.using     10165ms Ordered_Resolution_Prover.FO_Ordered_Resolution_Prover 941:37291  some (SH 10165ms, ATP 473ms): Try this: using ground_C make_ground_subst by blast (2 ms)
0.sledgehammer goal.by         9722ms Ordered_Resolution_Prover.FO_Ordered_Resolution_Prover 941:37306  some (SH 9722ms, ATP 559ms): Try this: using make_ground_subst by blast (4 ms)
0.sledgehammer goal.by         5386ms Ordered_Resolution_Prover.FO_Ordered_Resolution_Prover 944:37418  some (SH 5386ms, ATP 341ms): Try this: by blast (3 ms)
0.sledgehammer goal.using     24425ms Ordered_Resolution_Prover.FO_Ordered_Resolution_Prover 947:37451  some (SH 24425ms, ATP 631ms): Try this: using Suc_ile_eq \<sigma>'_p l_p local.forward_subsumption(3) mini order_less_imp_le subs twins(5,7) by blast (10 ms)
0.sledgehammer goal.by         5799ms Ordered_Resolution_Prover.FO_Ordered_Resolution_Prover 947:37487  some (SH 5799ms, ATP 688ms): Try this: by blast (37 ms)
0.sledgehammer goal.using     24306ms Ordered_Resolution_Prover.FO_Ordered_Resolution_Prover 952:37712  some (SH 24306ms, ATP 608ms): Try this: using l_p apply auto[1] (25 ms)
0.sledgehammer goal.by        12196ms Ordered_Resolution_Prover.FO_Ordered_Resolution_Prover 952:37722  some (SH 12196ms, ATP 540ms): Try this: apply auto[1] (26 ms)
0.sledgehammer goal.using     12961ms Ordered_Resolution_Prover.FO_Ordered_Resolution_Prover 954:37800  some (SH 12961ms, ATP 662ms): Try this: using subset_strictly_subsumes by force (11 ms)
0.sledgehammer goal.by        11189ms Ordered_Resolution_Prover.FO_Ordered_Resolution_Prover 954:37840  some (SH 11189ms, ATP 676ms): Try this: by force (21 ms)
0.sledgehammer goal.using      6798ms Ordered_Resolution_Prover.FO_Ordered_Resolution_Prover 956:37890  some (SH 6798ms, ATP 642ms): Try this: using d(3) strictly_subsumes_def subsumes_trans by blast (8 ms)
0.sledgehammer goal.unfolding  5669ms Ordered_Resolution_Prover.FO_Ordered_Resolution_Prover 956:37916  some (SH 5669ms, ATP 645ms): Try this: using strictly_subsumes_def by blast (7 ms)
0.sledgehammer goal.by         5981ms Ordered_Resolution_Prover.FO_Ordered_Resolution_Prover 956:37948  some (SH 5981ms, ATP 515ms): Try this: by blast (4 ms)
0.sledgehammer goal.using     36053ms Ordered_Resolution_Prover.FO_Ordered_Resolution_Prover 958:38019  some (SH 36053ms, ATP 771ms): Try this: by (metis (no_types, lifting) N_of_state.simps Sup_state_def UnI1 exists_index_imp_Sup_llist l_p llength_lmap lnth_lmap) (135 ms)
0.sledgehammer goal.by        31258ms Ordered_Resolution_Prover.FO_Ordered_Resolution_Prover 958:38029  some (SH 31258ms, ATP 943ms): Try this: by (metis (no_types, lifting) N_of_state.simps Sup_state_def UnI1 exists_index_imp_Sup_llist llength_lmap lnth_lmap) (131 ms)
0.sledgehammer goal.using     16140ms Ordered_Resolution_Prover.FO_Ordered_Resolution_Prover 961:38177  some (SH 16140ms, ATP 1006ms): Try this: using D'_p d_least subc by blast (1 ms)
0.sledgehammer goal.by        10348ms Ordered_Resolution_Prover.FO_Ordered_Resolution_Prover 961:38201  some (SH 10348ms, ATP 1214ms): Try this: by blast (1 ms)
0.sledgehammer goal.by        10753ms Ordered_Resolution_Prover.FO_Ordered_Resolution_Prover 963:38237  some (SH 10753ms, ATP 885ms): Try this: by fastforce (1 ms)
0.sledgehammer goal.using     14838ms Ordered_Resolution_Prover.FO_Ordered_Resolution_Prover 968:38444  some (SH 14838ms, ATP 426ms): Try this: using l_p apply auto[1] (9 ms)
0.sledgehammer goal.by         9541ms Ordered_Resolution_Prover.FO_Ordered_Resolution_Prover 968:38454  some (SH 9541ms, ATP 448ms): Try this: apply auto[1] (7 ms)
0.sledgehammer goal.using     26447ms Ordered_Resolution_Prover.FO_Ordered_Resolution_Prover 970:38490  some (SH 26447ms, ATP 1093ms): Try this: using \<sigma>(1,2) d(3) d_least l_p by blast (8 ms)
0.sledgehammer goal.by        14156ms Ordered_Resolution_Prover.FO_Ordered_Resolution_Prover 970:38512  some (SH 14156ms, ATP 229ms): Try this: by blast (9 ms)
0.sledgehammer goal.proof     32204ms Ordered_Resolution_Prover.FO_Ordered_Resolution_Prover 985:39043  timeout (SH 32204ms): Timed out
0.sledgehammer goal.unfolding 47746ms Ordered_Resolution_Prover.FO_Ordered_Resolution_Prover 992:39271  some (SH 47746ms, ATP 1863ms): Try this: by (metis (no_types, lifting) N_of_state.simps P_of_state.simps Q_of_state.simps Sup_llist_imp_exists_index Sup_state_def UnE llength_lmap lnth_lmap) (353 ms)
0.sledgehammer goal.by        44156ms Ordered_Resolution_Prover.FO_Ordered_Resolution_Prover 993:39299  some (SH 44156ms, ATP 168ms): Try this: by (metis (no_types, lifting) N_of_state.simps P_of_state.simps Q_of_state.simps Sup_llist_imp_exists_index UnE llength_lmap lnth_lmap) (124 ms)
0.sledgehammer goal.using      9781ms Ordered_Resolution_Prover.FO_Ordered_Resolution_Prover 996:39426  some (SH 9781ms, ATP 526ms): Try this: using deriv ground_derive_chain ns by fastforce (1 ms)
0.sledgehammer goal.by         4849ms Ordered_Resolution_Prover.FO_Ordered_Resolution_Prover 996:39461  some (SH 4849ms, ATP 562ms): Try this: by fastforce (3 ms)
0.sledgehammer goal.using     33068ms Ordered_Resolution_Prover.FO_Ordered_Resolution_Prover 999:39517  timeout (SH 33068ms): Timed out
0.sledgehammer goal.by        10052ms Ordered_Resolution_Prover.FO_Ordered_Resolution_Prover 999:39580  some (SH 10052ms, ATP 994ms): Try this: by blast (7 ms)
0.sledgehammer goal.by         4246ms Ordered_Resolution_Prover.FO_Ordered_Resolution_Prover 1002:39654  some (SH 4246ms, ATP 444ms): Try this: by blast (3 ms)
0.sledgehammer goal.using     32159ms Ordered_Resolution_Prover.FO_Ordered_Resolution_Prover 1013:39956  timeout (SH 32159ms): Timed out
0.sledgehammer goal.by        37756ms Ordered_Resolution_Prover.FO_Ordered_Resolution_Prover 1013:40016  some (SH 37756ms, ATP 485ms): Try this: by (metis (no_types, lifting)) (245 ms)
0.sledgehammer goal.using     41974ms Ordered_Resolution_Prover.FO_Ordered_Resolution_Prover 1016:40101  some (SH 41974ms, ATP 3096ms): Try this: by (metis (no_types, lifting) Un_iff c deriv fair from_P_to_Q ns) (96 ms)
0.sledgehammer goal.by         5280ms Ordered_Resolution_Prover.FO_Ordered_Resolution_Prover 1016:40165  some (SH 5280ms, ATP 573ms): Try this: by blast (4 ms)
0.sledgehammer goal.using     28212ms Ordered_Resolution_Prover.FO_Ordered_Resolution_Prover 1018:40231  some (SH 28212ms, ATP 2705ms): Try this: using D'_p(5,6) c deriv fair from_Q_to_Q_inf ns by blast (5 ms)
0.sledgehammer goal.by         5335ms Ordered_Resolution_Prover.FO_Ordered_Resolution_Prover 1018:40288  some (SH 5335ms, ATP 669ms): Try this: by blast (8 ms)
0.sledgehammer goal.using      7462ms Ordered_Resolution_Prover.FO_Ordered_Resolution_Prover 1020:40324  some (SH 7462ms, ATP 503ms): Try this: using D'_p(2,4) by blast (2 ms)
0.sledgehammer goal.by         5018ms Ordered_Resolution_Prover.FO_Ordered_Resolution_Prover 1020:40335  some (SH 5017ms, ATP 598ms): Try this: by blast (11 ms)
0.sledgehammer goal.using     39954ms Ordered_Resolution_Prover.FO_Ordered_Resolution_Prover 1027:40463  some (SH 39954ms, ATP 5148ms): Try this: by (metis (no_types, lifting) D_p(2,3) c deriv fair from_P_to_Q i_p(1) ns) (267 ms)
0.sledgehammer goal.by         4749ms Ordered_Resolution_Prover.FO_Ordered_Resolution_Prover 1027:40524  some (SH 4749ms, ATP 479ms): Try this: by blast (4 ms)
0.sledgehammer goal.using     19836ms Ordered_Resolution_Prover.FO_Ordered_Resolution_Prover 1029:40588  some (SH 19836ms, ATP 1981ms): Try this: using D_p(2,3) c deriv fair from_Q_to_Q_inf ns by blast (5 ms)
0.sledgehammer goal.by         5263ms Ordered_Resolution_Prover.FO_Ordered_Resolution_Prover 1029:40670  some (SH 5263ms, ATP 490ms): Try this: by fastforce (2 ms)
0.sledgehammer goal.using      8229ms Ordered_Resolution_Prover.FO_Ordered_Resolution_Prover 1031:40706  some (SH 8229ms, ATP 553ms): Try this: using \<sigma>(1,2) by blast (4 ms)
0.sledgehammer goal.by         5316ms Ordered_Resolution_Prover.FO_Ordered_Resolution_Prover 1031:40718  some (SH 5316ms, ATP 554ms): Try this: by blast (9 ms)
0.sledgehammer goal.using     20996ms Ordered_Resolution_Prover.FO_Ordered_Resolution_Prover 1037:40827  some (SH 20996ms, ATP 1405ms): Try this: using assms(3,4) c deriv fair from_Q_to_Q_inf i_p(1) ns by blast (5 ms)
0.sledgehammer goal.by         4828ms Ordered_Resolution_Prover.FO_Ordered_Resolution_Prover 1037:40889  some (SH 4828ms, ATP 562ms): Try this: by fastforce (2 ms)
0.sledgehammer goal.using      5739ms Ordered_Resolution_Prover.FO_Ordered_Resolution_Prover 1039:40925  some (SH 5739ms, ATP 540ms): Try this: using \<sigma>(1,2) by blast (4 ms)
0.sledgehammer goal.by         6435ms Ordered_Resolution_Prover.FO_Ordered_Resolution_Prover 1039:40937  some (SH 6435ms, ATP 594ms): Try this: by blast (11 ms)
0.sledgehammer goal.using      7021ms Ordered_Resolution_Prover.FO_Ordered_Resolution_Prover 1042:40979  some (SH 7021ms, ATP 509ms): Try this: using i_p(2) by blast (3 ms)
0.sledgehammer goal.by         4315ms Ordered_Resolution_Prover.FO_Ordered_Resolution_Prover 1042:40989  some (SH 4315ms, ATP 452ms): Try this: by argo (2 ms)
0.sledgehammer goal.proof     35704ms Ordered_Resolution_Prover.FO_Ordered_Resolution_Prover 1056:41339  timeout (SH 35704ms): Timed out
0.sledgehammer goal.using     11865ms Ordered_Resolution_Prover.FO_Ordered_Resolution_Prover 1062:41562  some (SH 11864ms, ATP 625ms): Try this: using Liminf_state_def fair fair_state_seq_def by auto (46 ms)
0.sledgehammer goal.unfolding  8849ms Ordered_Resolution_Prover.FO_Ordered_Resolution_Prover 1062:41573  some (SH 8848ms, ATP 715ms): Try this: by (simp add: Liminf_state_def fair_state_seq_def) (28 ms)
0.sledgehammer goal.by         6137ms Ordered_Resolution_Prover.FO_Ordered_Resolution_Prover 1062:41619  some (SH 6137ms, ATP 621ms): Try this: using Q_of_state.simps by blast (7 ms)
0.sledgehammer goal.using      8957ms Ordered_Resolution_Prover.FO_Ordered_Resolution_Prover 1067:41733  some (SH 8957ms, ATP 614ms): Try this: using Liminf_llist_subset_Sup_llist by fastforce (5 ms)
0.sledgehammer goal.by         8033ms Ordered_Resolution_Prover.FO_Ordered_Resolution_Prover 1067:41776  some (SH 8033ms, ATP 587ms): Try this: by blast (1 ms)
0.sledgehammer goal.using     31928ms Ordered_Resolution_Prover.FO_Ordered_Resolution_Prover 1070:41884  some (SH 31927ms, ATP 617ms): Try this: using in_Sup_llist_in_Sup_state ns subsumes_def by blast (10 ms)
0.sledgehammer goal.unfolding 22230ms Ordered_Resolution_Prover.FO_Ordered_Resolution_Prover 1070:41916  some (SH 22230ms, ATP 3283ms): Try this: using ns subsumes_def by blast (10 ms)
0.sledgehammer goal.by        11994ms Ordered_Resolution_Prover.FO_Ordered_Resolution_Prover 1070:41942  some (SH 11994ms, ATP 1063ms): Try this: by blast (9 ms)
0.sledgehammer goal.using     34491ms Ordered_Resolution_Prover.FO_Ordered_Resolution_Prover 1075:42131  timeout (SH 34491ms): Timed out
0.sledgehammer goal.by        26787ms Ordered_Resolution_Prover.FO_Ordered_Resolution_Prover 1076:42231  some (SH 26787ms, ATP 544ms): Try this: by blast (7 ms)
0.sledgehammer goal.using     14570ms Ordered_Resolution_Prover.FO_Ordered_Resolution_Prover 1079:42279  some (SH 14570ms, ATP 336ms): Try this: using Sup_llist_grounding_of_state_ground \<open>C \<in> Sup_llist Gs\<close> ns by blast (1 ms)
0.sledgehammer goal.using      8221ms Ordered_Resolution_Prover.FO_Ordered_Resolution_Prover 1079:42289  some (SH 8221ms, ATP 509ms): Try this: using Sup_llist_grounding_of_state_ground \<open>C \<in> Sup_llist Gs\<close> ns by blast (5 ms)
0.sledgehammer goal.by         5127ms Ordered_Resolution_Prover.FO_Ordered_Resolution_Prover 1079:42331  some (SH 5127ms, ATP 588ms): Try this: by blast (3 ms)
0.sledgehammer goal.using     36834ms Ordered_Resolution_Prover.FO_Ordered_Resolution_Prover 1082:42431  some (SH 36833ms, ATP 1529ms): Try this: by (metis (lifting) C_p \<open>\<And>thesis. (\<And>D. \<lbrakk>D \<in> N_of_state (Sup_state Sts) \<union> P_of_state (Sup_state Sts) \<union> Q_of_state (Sup_state Sts); subsumes D C; \<forall>E\<in>{E \<in> N_of_state (Sup_state Sts) \<union> P_of_state (Sup_state Sts) \<union> Q_of_state (Sup_state Sts). subsumes E C}. \<not> strictly_subsumes E D\<rbrakk> \<Longrightarrow> thesis) \<Longrightarrow> thesis\<close> deriv eventually_in_Qinf fair ground_C ns) (319 ms)
0.sledgehammer goal.using     16500ms Ordered_Resolution_Prover.FO_Ordered_Resolution_Prover 1082:42467  some (SH 16500ms, ATP 609ms): Try this: using C_p D_p(1,2,3) deriv fair ground_C ns by fastforce (3 ms)
0.sledgehammer goal.by         5132ms Ordered_Resolution_Prover.FO_Ordered_Resolution_Prover 1082:42509  some (SH 5132ms, ATP 640ms): Try this: by blast (3 ms)
0.sledgehammer goal.by         5139ms Ordered_Resolution_Prover.FO_Ordered_Resolution_Prover 1085:42629  some (SH 5139ms, ATP 560ms): Try this: by blast (5 ms)
0.sledgehammer goal.by         5486ms Ordered_Resolution_Prover.FO_Ordered_Resolution_Prover 1087:42694  some (SH 5486ms, ATP 626ms): Try this: by fastforce (0.5 ms)
0.sledgehammer goal.unfolding 161316ms Ordered_Resolution_Prover.FO_Ordered_Resolution_Prover 1089:42762  some (SH 161316ms, ATP 1108ms): Try this: by (metis (mono_tags, lifting) D'_p UN_I ground_C grounding_of_cls_ground grounding_of_subst_cls_subset in_mono singletonI substitution_ops.grounding_of_clss_def) (72 ms)
0.sledgehammer goal.using     19333ms Ordered_Resolution_Prover.FO_Ordered_Resolution_Prover 1089:42815  some (SH 19333ms, ATP 1134ms): Try this: using D'_p by blast (2 ms)
0.sledgehammer goal.by        16414ms Ordered_Resolution_Prover.FO_Ordered_Resolution_Prover 1089:42826  some (SH 16414ms, ATP 1267ms): Try this: by blast (2 ms)
0.sledgehammer goal.using     16118ms Ordered_Resolution_Prover.FO_Ordered_Resolution_Prover 1091:42906  some (SH 16118ms, ATP 523ms): Try this: using fair fair_state_seq_def by force (4 ms)
0.sledgehammer goal.by         7325ms Ordered_Resolution_Prover.FO_Ordered_Resolution_Prover 1091:42942  some (SH 7325ms, ATP 1404ms): Try this: by fastforce (34 ms)
0.sledgehammer goal.proof     32331ms Ordered_Resolution_Prover.FO_Ordered_Resolution_Prover 1105:43276  timeout (SH 32331ms): Timed out
0.sledgehammer goal.unfolding 35090ms Ordered_Resolution_Prover.FO_Ordered_Resolution_Prover 1108:43415  timeout (SH 35090ms): Timed out
0.sledgehammer goal.by        37146ms Ordered_Resolution_Prover.FO_Ordered_Resolution_Prover 1108:43459  timeout (SH 37146ms): Timed out
0.sledgehammer goal.by        35914ms Ordered_Resolution_Prover.FO_Ordered_Resolution_Prover 1111:43602  timeout (SH 35914ms): Timed out
0.sledgehammer goal.unfolding 30774ms Ordered_Resolution_Prover.FO_Ordered_Resolution_Prover 1117:43694  timeout (SH 30774ms): Timed out
0.sledgehammer goal.using     43510ms Ordered_Resolution_Prover.FO_Ordered_Resolution_Prover 1117:43710  some (SH 43510ms, ATP 611ms): Try this: by (metis (mono_tags, lifting) Max_in assms(1,2) f_p finite_imageI image_iff image_is_empty) (327 ms)
0.sledgehammer goal.by        23524ms Ordered_Resolution_Prover.FO_Ordered_Resolution_Prover 1118:43733  some (SH 23524ms, ATP 668ms): Try this: by (metis (mono_tags, lifting) Max_in assms(2) finite_imageI image_iff image_is_empty) (300 ms)
0.sledgehammer goal.proof     35777ms Ordered_Resolution_Prover.FO_Ordered_Resolution_Prover 1120:43906  timeout (SH 35777ms): Timed out
0.sledgehammer goal.unfolding 36767ms Ordered_Resolution_Prover.FO_Ordered_Resolution_Prover 1124:44066  some (SH 36767ms, ATP 1701ms): Try this: by (simp add: assms(1,2) j_def) (6 ms)
0.sledgehammer goal.using     21001ms Ordered_Resolution_Prover.FO_Ordered_Resolution_Prover 1124:44082  some (SH 21001ms, ATP 629ms): Try this: by (simp add: assms(1,2)) (6 ms)
0.sledgehammer goal.by        16600ms Ordered_Resolution_Prover.FO_Ordered_Resolution_Prover 1124:44113  some (SH 16600ms, ATP 666ms): Try this: using assms(2) by force (13 ms)
0.sledgehammer goal.using      5863ms Ordered_Resolution_Prover.FO_Ordered_Resolution_Prover 1126:44172  some (SH 5863ms, ATP 619ms): Try this: by (simp add: a(1,3) f_p) (6 ms)
0.sledgehammer goal.by         5355ms Ordered_Resolution_Prover.FO_Ordered_Resolution_Prover 1126:44184  some (SH 5354ms, ATP 655ms): Try this: using enat_ord_simps(1) by blast (5 ms)
0.sledgehammer goal.by         6144ms Ordered_Resolution_Prover.FO_Ordered_Resolution_Prover 1129:44228  some (SH 6144ms, ATP 636ms): Try this: by blast (2 ms)
0.sledgehammer goal.proof     37152ms Ordered_Resolution_Prover.FO_Ordered_Resolution_Prover 1138:44469  some (SH 37152ms, ATP 1549ms): Try this: by (metis (no_types, lifting) Diff_iff S_M_grounding_of_clss assms(3) deriv fair fair_imp_Liminf_minus_Rf_subset_ground_Liminf_state in_mono selection_axioms singletonI standard_redundancy_criterion.contradiction_Rf subst_cls_empty_iff) (188 ms)
0.sledgehammer goal.unfolding 16431ms Ordered_Resolution_Prover.FO_Ordered_Resolution_Prover 1142:44656  some (SH 16431ms, ATP 552ms): Try this: by (simp add: ns standard_redundancy_criterion.contradiction_Rf) (4 ms)
0.sledgehammer goal.by        48553ms Ordered_Resolution_Prover.FO_Ordered_Resolution_Prover 1142:44679  some (SH 48552ms, ATP 352ms): Try this: by simp (12 ms)
0.sledgehammer goal.using     10178ms Ordered_Resolution_Prover.FO_Ordered_Resolution_Prover 1144:44761  some (SH 10178ms, ATP 575ms): Try this: using deriv fair fair_imp_Liminf_minus_Rf_subset_ground_Liminf_state ns by blast (2 ms)
0.sledgehammer goal.by         5267ms Ordered_Resolution_Prover.FO_Ordered_Resolution_Prover 1144:44837  some (SH 5267ms, ATP 521ms): Try this: by blast (3 ms)
0.sledgehammer goal.unfolding 10210ms Ordered_Resolution_Prover.FO_Ordered_Resolution_Prover 1146:44869  some (SH 10210ms, ATP 628ms): Try this: by (metis S_M_grounding_of_clss selection_axioms subst_cls_empty_iff) (271 ms)
0.sledgehammer goal.by         9116ms Ordered_Resolution_Prover.FO_Ordered_Resolution_Prover 1146:44922  some (SH 9116ms, ATP 665ms): Try this: by simp (12 ms)
0.sledgehammer goal.proof     35386ms Ordered_Resolution_Prover.FO_Ordered_Resolution_Prover 1151:45070  timeout (SH 35385ms): Timed out
0.sledgehammer goal.unfolding  9631ms Ordered_Resolution_Prover.FO_Ordered_Resolution_Prover 1156:45262  some (SH 9631ms, ATP 681ms): Try this: by (metis S_M_grounding_of_clss selection_axioms) (100 ms)
0.sledgehammer goal.by         9259ms Ordered_Resolution_Prover.FO_Ordered_Resolution_Prover 1156:45315  some (SH 9259ms, ATP 686ms): Try this: by blast (3 ms)
0.sledgehammer goal.unfolding 14114ms Ordered_Resolution_Prover.FO_Ordered_Resolution_Prover 1159:45470  some (SH 14114ms, ATP 706ms): Try this: by (simp add: Liminf_state_def) (19 ms)
0.sledgehammer goal.by        12240ms Ordered_Resolution_Prover.FO_Ordered_Resolution_Prover 1159:45497  some (SH 12240ms, ATP 568ms): Try this: by auto (19 ms)
0.sledgehammer goal.unfolding 32509ms Ordered_Resolution_Prover.FO_Ordered_Resolution_Prover 1163:45727  timeout (SH 32509ms): Timed out
0.sledgehammer goal.using     35894ms Ordered_Resolution_Prover.FO_Ordered_Resolution_Prover 1164:45801  timeout (SH 35894ms): Timed out
0.sledgehammer goal.apply     35220ms Ordered_Resolution_Prover.FO_Ordered_Resolution_Prover 1165:45817  timeout (SH 35220ms): Timed out
0.sledgehammer goal.apply     35454ms Ordered_Resolution_Prover.FO_Ordered_Resolution_Prover 1166:45829  timeout (SH 35454ms): Timed out
0.sledgehammer goal.apply     35902ms Ordered_Resolution_Prover.FO_Ordered_Resolution_Prover 1168:45867  timeout (SH 35902ms): Timed out
0.sledgehammer goal.using     35388ms Ordered_Resolution_Prover.FO_Ordered_Resolution_Prover 1169:45893  timeout (SH 35388ms): Timed out
0.sledgehammer goal.by        36033ms Ordered_Resolution_Prover.FO_Ordered_Resolution_Prover 1169:45905  timeout (SH 36033ms): Timed out
0.sledgehammer goal.apply     35825ms Ordered_Resolution_Prover.FO_Ordered_Resolution_Prover 1171:45931  timeout (SH 35825ms): Timed out
0.sledgehammer goal.apply     35050ms Ordered_Resolution_Prover.FO_Ordered_Resolution_Prover 1173:45973  timeout (SH 35050ms): Timed out
0.sledgehammer goal.apply     35969ms Ordered_Resolution_Prover.FO_Ordered_Resolution_Prover 1174:46001  timeout (SH 35969ms): Timed out
0.sledgehammer goal.using     36194ms Ordered_Resolution_Prover.FO_Ordered_Resolution_Prover 1175:46029  timeout (SH 36194ms): Timed out
0.sledgehammer goal.by        35971ms Ordered_Resolution_Prover.FO_Ordered_Resolution_Prover 1175:46041  timeout (SH 35971ms): Timed out
0.sledgehammer goal.apply     36617ms Ordered_Resolution_Prover.FO_Ordered_Resolution_Prover 1177:46071  timeout (SH 36617ms): Timed out
0.sledgehammer goal.apply     35225ms Ordered_Resolution_Prover.FO_Ordered_Resolution_Prover 1178:46099  timeout (SH 35225ms): Timed out
0.sledgehammer goal.using     37171ms Ordered_Resolution_Prover.FO_Ordered_Resolution_Prover 1179:46127  timeout (SH 37171ms): Timed out
0.sledgehammer goal.by        36349ms Ordered_Resolution_Prover.FO_Ordered_Resolution_Prover 1179:46139  timeout (SH 36349ms): Timed out
0.sledgehammer goal.unfolding 36544ms Ordered_Resolution_Prover.FO_Ordered_Resolution_Prover 1183:46232  timeout (SH 36544ms): Timed out
0.sledgehammer goal.by        36470ms Ordered_Resolution_Prover.FO_Ordered_Resolution_Prover 1183:46281  timeout (SH 36470ms): Timed out
0.sledgehammer goal.proof     35606ms Ordered_Resolution_Prover.FO_Ordered_Resolution_Prover 1191:46453  timeout (SH 35606ms): Timed out
0.sledgehammer goal.unfolding 30719ms Ordered_Resolution_Prover.FO_Ordered_Resolution_Prover 1193:46529  some (SH 30719ms, ATP 905ms): Try this: by (metis Set.set_insert UN_insert Un_iff grounding_of_cls_ground is_ground_cls_empty singletonI substitution_ops.grounding_of_clss_def) (360 ms)
0.sledgehammer goal.by        36938ms Ordered_Resolution_Prover.FO_Ordered_Resolution_Prover 1193:46561  some (SH 36938ms, ATP 613ms): Try this: by (metis UN_iff grounding_of_cls_empty singletonI) (25 ms)
0.sledgehammer goal.using      5576ms Ordered_Resolution_Prover.FO_Ordered_Resolution_Prover 1195:46662  some (SH 5576ms, ATP 596ms): Try this: using grounding_of_state_Liminf_state_subseteq by blast (2 ms)
0.sledgehammer goal.by         6828ms Ordered_Resolution_Prover.FO_Ordered_Resolution_Prover 1195:46709  some (SH 6828ms, ATP 741ms): Try this: by blast (4 ms)
0.sledgehammer goal.using     16679ms Ordered_Resolution_Prover.FO_Ordered_Resolution_Prover 1197:46794  some (SH 16679ms, ATP 630ms): Try this: by (meson true_cls_empty true_clss_def) (8 ms)
0.sledgehammer goal.by         6695ms Ordered_Resolution_Prover.FO_Ordered_Resolution_Prover 1197:46814  some (SH 6695ms, ATP 931ms): Try this: by blast (10 ms)
0.sledgehammer goal.using     16062ms Ordered_Resolution_Prover.FO_Ordered_Resolution_Prover 1199:46890  some (SH 16062ms, ATP 573ms): Try this: using deriv ground_derive_chain sr_ext.sat_limit_iff by blast (2 ms)
0.sledgehammer goal.by         5280ms Ordered_Resolution_Prover.FO_Ordered_Resolution_Prover 1199:46943  some (SH 5280ms, ATP 720ms): Try this: by blast (8 ms)
0.sledgehammer goal.using     38803ms Ordered_Resolution_Prover.FO_Ordered_Resolution_Prover 1201:46976  some (SH 38803ms, ATP 1256ms): Try this: by (metis (mono_tags, lifting) Liminf_llist_subset_Sup_llist Sup_llist_imp_exists_index \<open>{#} \<in> Liminf_llist (lmap (\<lambda>St. grounding_of_clss (N_of_state St \<union> P_of_state St \<union> Q_of_state St)) Sts)\<close> bot.extremum_strict bot_enat_def insert_Diff insert_subset llength_lmap llength_lnull llist.map_sel(1)) (132 ms)
0.sledgehammer goal.by        11905ms Ordered_Resolution_Prover.FO_Ordered_Resolution_Prover 1201:47004  some (SH 11905ms, ATP 721ms): Try this: by fastforce (52 ms)
0.sledgehammer goal.proof     35209ms Ordered_Resolution_Prover.FO_Ordered_Resolution_Prover 1210:47243  timeout (SH 35209ms): Timed out
0.sledgehammer goal.using      9774ms Ordered_Resolution_Prover.FO_Ordered_Resolution_Prover 1222:47656  some (SH 9774ms, ATP 562ms): Try this: using deriv fair fair_imp_Liminf_minus_Rf_subset_ground_Liminf_state ns by blast (4 ms)
0.sledgehammer goal.by         4617ms Ordered_Resolution_Prover.FO_Ordered_Resolution_Prover 1222:47728  some (SH 4617ms, ATP 603ms): Try this: by blast (8 ms)
0.sledgehammer goal.using      9092ms Ordered_Resolution_Prover.FO_Ordered_Resolution_Prover 1225:47783  some (SH 9092ms, ATP 464ms): Try this: using deriv ground_derive_chain ns by fastforce (3 ms)
0.sledgehammer goal.by         4726ms Ordered_Resolution_Prover.FO_Ordered_Resolution_Prover 1225:47818  some (SH 4726ms, ATP 600ms): Try this: by blast (1 ms)
0.sledgehammer goal.using      7324ms Ordered_Resolution_Prover.FO_Ordered_Resolution_Prover 1238:48228  some (SH 7324ms, ATP 630ms): Try this: using Liminf_grounding_of_state_ground is_ground_clss_def by blast (3 ms)
0.sledgehammer goal.unfolding  7647ms Ordered_Resolution_Prover.FO_Ordered_Resolution_Prover 1238:48267  some (SH 7647ms, ATP 636ms): Try this: using is_ground_clss_def by blast (6 ms)
0.sledgehammer goal.by         4763ms Ordered_Resolution_Prover.FO_Ordered_Resolution_Prover 1238:48296  some (SH 4763ms, ATP 492ms): Try this: by blast (3 ms)
0.sledgehammer goal.using     34176ms Ordered_Resolution_Prover.FO_Ordered_Resolution_Prover 1241:48363  some (SH 34176ms, ATP 498ms): Try this: using Liminf_grounding_of_state_ground a is_ground_clss_def by auto (26 ms)
0.sledgehammer goal.by        19114ms Ordered_Resolution_Prover.FO_Ordered_Resolution_Prover 1241:48411  some (SH 19114ms, ATP 515ms): Try this: by (metis ground_ns_in_ground_limit_st is_ground_clss_grounding_of_clss is_ground_clss_mono is_ground_clss_union ns) (1.2 s)
0.sledgehammer goal.using     26664ms Ordered_Resolution_Prover.FO_Ordered_Resolution_Prover 1244:48466  some (SH 26664ms, ATP 440ms): Try this: using a ground_ns_in_ground_limit_st is_ground_clss_def is_ground_clss_grounding_of_clss ns by auto (20 ms)
0.sledgehammer goal.by        11911ms Ordered_Resolution_Prover.FO_Ordered_Resolution_Prover 1245:48529  some (SH 11911ms, ATP 583ms): Try this: using ground_ns_in_ground_limit_st ns by auto (59 ms)
0.sledgehammer goal.unfolding 17768ms Ordered_Resolution_Prover.FO_Ordered_Resolution_Prover 1249:48686  some (SH 17768ms, ATP 691ms): Try this: using gr.ord_\<Gamma>_def by auto (15 ms)
0.sledgehammer goal.by        13258ms Ordered_Resolution_Prover.FO_Ordered_Resolution_Prover 1249:48709  some (SH 13258ms, ATP 691ms): Try this: by force (4 ms)
0.sledgehammer goal.using     43631ms Ordered_Resolution_Prover.FO_Ordered_Resolution_Prover 1253:48834  some (SH 43631ms, ATP 911ms): Try this: by (metis (no_types, lifting) CAs_p Un_commute a deriv fair fair_imp_Liminf_minus_Rf_subset_ground_Liminf_state order_trans set_mset_mset) (75 ms)
0.sledgehammer goal.unfolding 25896ms Ordered_Resolution_Prover.FO_Ordered_Resolution_Prover 1253:48853  some (SH 25895ms, ATP 473ms): Try this: by (metis (no_types, lifting) Un_commute deriv fair_imp_Liminf_minus_Rf_subset_ground_Liminf_state order_trans set_mset_mset) (160 ms)
0.sledgehammer goal.by        28086ms Ordered_Resolution_Prover.FO_Ordered_Resolution_Prover 1254:48888  some (SH 28086ms, ATP 494ms): Try this: by (metis (no_types, lifting) Un_commute deriv fair fair_imp_Liminf_minus_Rf_subset_ground_Liminf_state order_trans set_mset_mset) (171 ms)
0.sledgehammer goal.using     13491ms Ordered_Resolution_Prover.FO_Ordered_Resolution_Prover 1258:49074  some (SH 13490ms, ATP 468ms): Try this: by (meson in_subset_eq_grounding_of_clss_is_ground_cls is_ground_cls_list_def le_sup_iff) (8 ms)
0.sledgehammer goal.unfolding 11899ms Ordered_Resolution_Prover.FO_Ordered_Resolution_Prover 1258:49086  some (SH 11899ms, ATP 478ms): Try this: by (meson in_subset_eq_grounding_of_clss_is_ground_cls is_ground_cls_list_def le_sup_iff) (10 ms)
0.sledgehammer goal.by         6532ms Ordered_Resolution_Prover.FO_Ordered_Resolution_Prover 1258:49119  some (SH 6531ms, ATP 561ms): Try this: using ground_cc by auto (15 ms)
0.sledgehammer goal.by        10333ms Ordered_Resolution_Prover.FO_Ordered_Resolution_Prover 1261:49185  some (SH 10332ms, ATP 572ms): Try this: by (simp add: CAs_p gr.ground_resolution_with_selection_axioms ground_cas ground_da ground_ord_resolve_imp_ord_resolve) (6 ms)
0.sledgehammer goal.by         5244ms Ordered_Resolution_Prover.FO_Ordered_Resolution_Prover 1265:49411  some (SH 5244ms, ATP 404ms): Try this: by blast (3 ms)
0.sledgehammer goal.using     62288ms Ordered_Resolution_Prover.FO_Ordered_Resolution_Prover 1275:49758  some (SH 62287ms, ATP 2720ms): Try this: by (smt (cvc5) DA_CAs_in_ground_Liminf S_Q_def ord_resolve_rename_lifting sel_stable selection_axioms)
0.sledgehammer goal.by        10924ms Ordered_Resolution_Prover.FO_Ordered_Resolution_Prover 1276:49921  some (SH 10924ms, ATP 1483ms): Try this: by metis (653 ms)
0.sledgehammer goal.unfolding 36973ms Ordered_Resolution_Prover.FO_Ordered_Resolution_Prover 1278:50014  some (SH 36973ms, ATP 1359ms): Try this: by (metis ID.set_finite Un_empty dual_order.refl finite_UnI insert_not_empty list.set_finite subseteq_Liminf_state_eventually_always sup_commute) (181 ms)
0.sledgehammer goal.using     28423ms Ordered_Resolution_Prover.FO_Ordered_Resolution_Prover 1279:50047  some (SH 28423ms, ATP 984ms): Try this: by (metis ID.set_finite Un_empty dual_order.refl finite_UnI insert_not_empty list.set_finite subseteq_Liminf_state_eventually_always sup_commute) (99 ms)
0.sledgehammer goal.by        14712ms Ordered_Resolution_Prover.FO_Ordered_Resolution_Prover 1279:50116  some (SH 14712ms, ATP 997ms): Try this: by auto (48 ms)
0.sledgehammer goal.using     29926ms Ordered_Resolution_Prover.FO_Ordered_Resolution_Prover 1282:50232  some (SH 29926ms, ATP 118ms): Try this: using least_exists by presburger (5 ms)
0.sledgehammer goal.by         5363ms Ordered_Resolution_Prover.FO_Ordered_Resolution_Prover 1282:50309  some (SH 5363ms, ATP 549ms): Try this: by presburger (5 ms)
0.sledgehammer goal.unfolding  9807ms Ordered_Resolution_Prover.FO_Ordered_Resolution_Prover 1284:50394  some (SH 9807ms, ATP 648ms): Try this: using is_least_def apply fastforce (12 ms)
0.sledgehammer goal.by         5306ms Ordered_Resolution_Prover.FO_Ordered_Resolution_Prover 1284:50417  some (SH 5306ms, ATP 456ms): Try this: apply blast (0.9 ms)
0.sledgehammer goal.using     30727ms Ordered_Resolution_Prover.FO_Ordered_Resolution_Prover 1286:50458  timeout (SH 30727ms): Timed out
0.sledgehammer goal.by        32304ms Ordered_Resolution_Prover.FO_Ordered_Resolution_Prover 1286:50473  some (SH 32304ms, ATP 765ms): Try this: by (metis Un_empty Un_upper2 antisym chain_not_lnull deriv empty_not_insert insert_subset lnth_0_conv_lhd) (33 ms)
0.sledgehammer goal.using     83526ms Ordered_Resolution_Prover.FO_Ordered_Resolution_Prover 1289:50682  some (SH 83525ms, ATP 1133ms): Try this: apply (metis (no_types, lifting) One_nat_def Suc_ile_eq Suc_pred cancel_comm_monoid_add_class.diff_cancel diff_le_self diff_less is_least_def j_p nless_le zero_less_one) (214 ms)
0.sledgehammer goal.unfolding 165456ms Ordered_Resolution_Prover.FO_Ordered_Resolution_Prover 1289:50692  timeout (SH 165456ms):
0.sledgehammer goal.apply     34394ms Ordered_Resolution_Prover.FO_Ordered_Resolution_Prover 1290:50722  some (SH 34393ms, ATP 673ms): Try this: apply (metis One_nat_def Suc_ile_eq Suc_pred bot_nat_0.not_eq_extremum diff_less order_less_imp_le zero_less_one) (75 ms)
0.sledgehammer goal.using      4466ms Ordered_Resolution_Prover.FO_Ordered_Resolution_Prover 1292:50872  some (SH 4466ms, ATP 430ms): Try this: using j_p'(2) by blast (1 ms)
0.sledgehammer goal.by         4321ms Ordered_Resolution_Prover.FO_Ordered_Resolution_Prover 1292:50886  some (SH 4321ms, ATP 361ms): Try this: by blast (0.8 ms)
0.sledgehammer goal.using     37250ms Ordered_Resolution_Prover.FO_Ordered_Resolution_Prover 1294:50942  some (SH 37250ms, ATP 908ms): Try this: by (metis (no_types, lifting) One_nat_def Suc_pred bot_nat_0.not_eq_extremum chain_lnth_rel deriv is_least_def j_p jn0) (288 ms)
0.sledgehammer goal.by        12042ms Ordered_Resolution_Prover.FO_Ordered_Resolution_Prover 1294:50997  some (SH 12042ms, ATP 820ms): Try this: by (metis One_nat_def Suc_pred gr_zeroI) (156 ms)
0.sledgehammer goal.using     97205ms Ordered_Resolution_Prover.FO_Ordered_Resolution_Prover 1302:51275  some (SH 97205ms, ATP 3387ms): Try this: by (smt (cvc5) FO_resolution_prover.fair_state_seq_def FO_resolution_prover_axioms N_of_state.simps One_nat_def P_of_state.simps Q_of_state.simps RP.cases Un_assoc Un_iff fair j_adds_CAs'(1) j_p'(2) list.size(3) set_mset_empty singleton_iff subsetI subset_Un_eq sup_bot.right_neutral)
0.sledgehammer goal.by        88610ms Ordered_Resolution_Prover.FO_Ordered_Resolution_Prover 1302:51293  some (SH 88610ms, ATP 1679ms): Try this: by (smt (cvc5) N_of_state.simps P_of_state.simps Q_of_state.simps RP.cases Un_insert_right in_mono insert_absorb subset_insert sup_bot.right_neutral)
0.sledgehammer goal.proof     35700ms Ordered_Resolution_Prover.FO_Ordered_Resolution_Prover 1304:51354  timeout (SH 35700ms): Timed out
0.sledgehammer goal.unfolding 35768ms Ordered_Resolution_Prover.FO_Ordered_Resolution_Prover 1306:51472  timeout (SH 35767ms): Timed out
0.sledgehammer goal.apply     34863ms Ordered_Resolution_Prover.FO_Ordered_Resolution_Prover 1307:51558  timeout (SH 34863ms): Timed out
0.sledgehammer goal.by         4545ms Ordered_Resolution_Prover.FO_Ordered_Resolution_Prover 1308:51635  some (SH 4545ms, ATP 390ms): Try this: by simp (0.3 ms)
0.sledgehammer goal.unfolding 131933ms Ordered_Resolution_Prover.FO_Ordered_Resolution_Prover 1310:51669  some (SH 131933ms, ATP 686ms): Try this: using C'_p(3,5) j_p'(2) s_p(4) by auto (37 ms)
0.sledgehammer goal.by        143405ms Ordered_Resolution_Prover.FO_Ordered_Resolution_Prover 1311:51704  some (SH 143405ms, ATP 200ms): Try this: using C'_p(3,5) j_p'(2) s_p(4) by auto (18 ms)
0.sledgehammer goal.using      5442ms Ordered_Resolution_Prover.FO_Ordered_Resolution_Prover 1314:51835  some (SH 5442ms, ATP 521ms): Try this: using C'_p(4) by argo (3 ms)
0.sledgehammer goal.by         4851ms Ordered_Resolution_Prover.FO_Ordered_Resolution_Prover 1314:51849  some (SH 4851ms, ATP 519ms): Try this: by argo (1 ms)
0.sledgehammer goal.using      5570ms Ordered_Resolution_Prover.FO_Ordered_Resolution_Prover 1317:51919  some (SH 5570ms, ATP 788ms): Try this: by blast (0.9 ms)
0.sledgehammer goal.by         4951ms Ordered_Resolution_Prover.FO_Ordered_Resolution_Prover 1317:51930  some (SH 4951ms, ATP 605ms): Try this: by fastforce (2 ms)
0.sledgehammer goal.using     35331ms Ordered_Resolution_Prover.FO_Ordered_Resolution_Prover 1319:51997  timeout (SH 35331ms): Timed out
0.sledgehammer goal.unfolding 72615ms Ordered_Resolution_Prover.FO_Ordered_Resolution_Prover 1319:52017  some (SH 72615ms, ATP 4658ms): Try this: by (metis (mono_tags, lifting) Set.set_insert UN_insert UnI1 ground_subst_ground_cls grounding_of_cls_ground grounding_of_subst_cls_subset insert_subset substitution_ops.grounding_of_clss_def) (722 ms)
0.sledgehammer goal.by        24114ms Ordered_Resolution_Prover.FO_Ordered_Resolution_Prover 1319:52070  some (SH 24113ms, ATP 2043ms): Try this: by auto (770 ms)
0.sledgehammer goal.using      9800ms Ordered_Resolution_Prover.FO_Ordered_Resolution_Prover 1321:52145  some (SH 9800ms, ATP 564ms): Try this: by (simp add: \<gamma>_p sr.Ri_effective) (4 ms)
0.sledgehammer goal.by         5816ms Ordered_Resolution_Prover.FO_Ordered_Resolution_Prover 1321:52171  some (SH 5816ms, ATP 476ms): Try this: by blast (1 ms)
0.sledgehammer goal.unfolding 10568ms Ordered_Resolution_Prover.FO_Ordered_Resolution_Prover 1323:52222  some (SH 10568ms, ATP 615ms): Try this: by (simp add: sr_ext_Ri_def) (2 ms)
0.sledgehammer goal.by         4308ms Ordered_Resolution_Prover.FO_Ordered_Resolution_Prover 1323:52246  some (SH 4308ms, ATP 479ms): Try this: by force (0.8 ms)
0.sledgehammer goal.using     36696ms Ordered_Resolution_Prover.FO_Ordered_Resolution_Prover 1325:52332  timeout (SH 36696ms): Timed out
0.sledgehammer goal.using     10595ms Ordered_Resolution_Prover.FO_Ordered_Resolution_Prover 1327:52505  some (SH 10595ms, ATP 640ms): Try this: using deriv ground_derive_chain sr_ext.Ri_limit_Sup by blast (6 ms)
0.sledgehammer goal.by         5583ms Ordered_Resolution_Prover.FO_Ordered_Resolution_Prover 1327:52549  some (SH 5583ms, ATP 578ms): Try this: by blast (5 ms)
0.sledgehammer goal.unfolding 35072ms Ordered_Resolution_Prover.FO_Ordered_Resolution_Prover 1330:52647  timeout (SH 35072ms): Timed out
0.sledgehammer goal.by        32234ms Ordered_Resolution_Prover.FO_Ordered_Resolution_Prover 1331:52743  some (SH 32233ms, ATP 2073ms): Try this: by auto (9 ms)
0.sledgehammer goal.using     55414ms Ordered_Resolution_Prover.FO_Ordered_Resolution_Prover 1333:52775  some (SH 55414ms, ATP 1999ms): Try this: by (metis (no_types, lifting) gd_ord_\<Gamma>_ngd_ord_\<Gamma> redundancy_criterion.saturated_upto_def redundancy_criterion_standard_extension redundancy_criterion_standard_extension_saturated_upto_iff sr.redundancy_criterion_axioms sr_ext.saturated_upto_def sr_ext_Ri_def) (102 ms)
0.sledgehammer goal.unfolding 32480ms Ordered_Resolution_Prover.FO_Ordered_Resolution_Prover 1335:52913  some (SH 32480ms, ATP 132ms): Try this: by (simp add: redundancy_criterion.saturated_upto_def redundancy_criterion_standard_extension sr_ext.saturated_upto_def sr_ext_Ri_def) (15 ms)
0.sledgehammer goal.by        32442ms Ordered_Resolution_Prover.FO_Ordered_Resolution_Prover 1335:52937  some (SH 32442ms, ATP 540ms): Try this: by blast (2 ms)
0.sledgehammer goal.proof     34907ms Ordered_Resolution_Prover.FO_Ordered_Resolution_Prover 1345:53207  timeout (SH 34907ms): Timed out
0.sledgehammer goal.using     42409ms Ordered_Resolution_Prover.FO_Ordered_Resolution_Prover 1347:53287  some (SH 42409ms, ATP 988ms): Try this: by (metis (no_types, lifting) assms(4) chain_not_lnull deriv ground_derive_chain llist.map_sel(1) sr_ext.sat_limit_iff) (40 ms)
0.sledgehammer goal.by         8706ms Ordered_Resolution_Prover.FO_Ordered_Resolution_Prover 1347:53366  some (SH 8706ms, ATP 821ms): Try this: by fastforce (195 ms)
0.sledgehammer goal.by        14518ms Ordered_Resolution_Prover.FO_Ordered_Resolution_Prover 1349:53464  some (SH 14518ms, ATP 426ms): Try this: using RP_saturated_if_fair deriv empty_Q0 fair by fastforce (2 ms)
0.sledgehammer goal.using     10083ms Ordered_Resolution_Prover.FO_Ordered_Resolution_Prover 1351:53604  some (SH 10083ms, ATP 647ms): Try this: using sr.saturated_upto_complete_if by blast (2 ms)
0.sledgehammer goal.by         5045ms Ordered_Resolution_Prover.FO_Ordered_Resolution_Prover 1351:53640  some (SH 5045ms, ATP 646ms): Try this: by blast (3 ms)
0.sledgehammer goal.using     10193ms Ordered_Resolution_Prover.FO_Ordered_Resolution_Prover 1353:53672  some (SH 10193ms, ATP 543ms): Try this: using deriv empty_clause_in_Q_of_Liminf_state fair by blast (0.6 ms)
0.sledgehammer goal.by         5609ms Ordered_Resolution_Prover.FO_Ordered_Resolution_Prover 1353:53727  some (SH 5609ms, ATP 509ms): Try this: by argo (2 ms)
0.sledgehammer finalize   Total number of sledgehammer calls: 626
0.sledgehammer finalize   Number of successful sledgehammer calls: 524
0.sledgehammer finalize   Number of sledgehammer lemmas: 3111
0.sledgehammer finalize   Max number of sledgehammer lemmas: 26
0.sledgehammer finalize   Success rate: 83.7%
0.sledgehammer finalize   Total number of nontrivial sledgehammer calls: 626
0.sledgehammer finalize   Number of successful nontrivial sledgehammer calls: 524
0.sledgehammer finalize   Total time for sledgehammer calls (Isabelle): 16458.964
0.sledgehammer finalize   Total time for successful sledgehammer calls (ATP): 449.841
0.sledgehammer finalize   Average time for sledgehammer calls (Isabelle): 26.292
0.sledgehammer finalize   Average time for successful sledgehammer calls (ATP): 0.858
