0.sledgehammer initialize Params for sledgehammer: {abduce = SOME 0, cache_dir = NONE, compress = NONE, debug = false, expect =
0.sledgehammer initialize  "", fact_filter = NONE, fact_thresholds = (0.45, 0.85), falsify =
0.sledgehammer initialize  SOME false, induction_rules = NONE, instantiate = NONE, isar_proofs = NONE,
0.sledgehammer initialize  lam_trans = NONE, learn = true, max_facts = NONE, max_mono_iters = NONE,
0.sledgehammer initialize  max_new_mono_instances = NONE, max_proofs = 4, minimize = true, overlord =
0.sledgehammer initialize  false, preplay_provers = ["cvc5"], preplay_timeout = 1.000, provers =
0.sledgehammer initialize  ["cvc5_proof"], slices = 96, smt_proofs = true, spy = false, strict =
0.sledgehammer initialize  false, timeout = 10.000, try0 = false, type_enc = NONE, uncurried_aliases =
0.sledgehammer initialize  NONE, verbose = false}
0.sledgehammer goal.unfolding 53919ms Ordered_Resolution_Prover.Clausal_Logic 124:3381  timeout (SH 53919ms):
0.sledgehammer goal.unfolding 53743ms Ordered_Resolution_Prover.Clausal_Logic 133:3703  timeout (SH 53743ms):
0.sledgehammer goal.by        53045ms Ordered_Resolution_Prover.Clausal_Logic 155:4284  some (SH 53045ms, ATP 270ms): Try this: by (smt (cvc5) Pos_atm_of_iff ih less_eq_literal_def linorder_not_le linorder_not_le linorder_not_le literal.disc(2) literal.exhaust_sel not_less_iff_gr_or_eq not_less_iff_gr_or_eq not_less_iff_gr_or_eq pos_less_neg_iff)
0.sledgehammer goal.by        53045ms Ordered_Resolution_Prover.Clausal_Logic 155:4284  some Preplay: (smt (cvc5, best) Pos_atm_of_iff ih less_eq_literal_def linorder_not_le literal.disc(2) literal.exhaust_sel not_less_iff_gr_or_eq pos_less_neg_iff) (> 1.0 s, timed out)
0.sledgehammer goal.by        53045ms Ordered_Resolution_Prover.Clausal_Logic 155:4284  some Preplay: (smt (cvc5, trigger_last) Pos_atm_of_iff ih less_eq_literal_def linorder_not_le literal.disc(2) literal.exhaust_sel not_less_iff_gr_or_eq pos_less_neg_iff) (> 1.0 s, timed out)
0.sledgehammer goal.by        53045ms Ordered_Resolution_Prover.Clausal_Logic 155:4284  some Preplay: (smt (cvc5, quant_saturate) Pos_atm_of_iff ih less_eq_literal_def linorder_not_le literal.disc(2) literal.exhaust_sel not_less_iff_gr_or_eq pos_less_neg_iff) (> 1.0 s, timed out)
0.sledgehammer goal.by        53045ms Ordered_Resolution_Prover.Clausal_Logic 155:4284  some Preplay: (smt (cvc5, trigger_max) Pos_atm_of_iff ih less_eq_literal_def linorder_not_le literal.disc(2) literal.exhaust_sel not_less_iff_gr_or_eq pos_less_neg_iff) (> 1.0 s, timed out)
0.sledgehammer goal.by        53045ms Ordered_Resolution_Prover.Clausal_Logic 155:4284  some Preplay: (smt (cvc5, trigger_relev) Pos_atm_of_iff ih less_eq_literal_def linorder_not_le literal.disc(2) literal.exhaust_sel not_less_iff_gr_or_eq pos_less_neg_iff) (> 1.0 s, timed out)
0.sledgehammer goal.by        53045ms Ordered_Resolution_Prover.Clausal_Logic 155:4284  some Preplay: (smt (cvc5, term_relev) Pos_atm_of_iff ih less_eq_literal_def linorder_not_le literal.disc(2) literal.exhaust_sel not_less_iff_gr_or_eq pos_less_neg_iff) (> 1.0 s, timed out)
0.sledgehammer goal.by        53045ms Ordered_Resolution_Prover.Clausal_Logic 155:4284  some Preplay: (smt (cvc5, noematch) Pos_atm_of_iff ih less_eq_literal_def linorder_not_le literal.disc(2) literal.exhaust_sel not_less_iff_gr_or_eq pos_less_neg_iff) (> 1.0 s, timed out)
0.sledgehammer goal.by        53045ms Ordered_Resolution_Prover.Clausal_Logic 155:4284  some Preplay: (smt (cvc5, fmf) Pos_atm_of_iff ih less_eq_literal_def linorder_not_le literal.disc(2) literal.exhaust_sel not_less_iff_gr_or_eq pos_less_neg_iff) (> 1.0 s, timed out)
0.sledgehammer goal.by        53045ms Ordered_Resolution_Prover.Clausal_Logic 155:4284  some Preplay: (smt (cvc5, no_simp) Pos_atm_of_iff ih less_eq_literal_def linorder_not_le literal.disc(2) literal.exhaust_sel not_less_iff_gr_or_eq pos_less_neg_iff) (> 1.0 s, timed out)
0.sledgehammer goal.by        61817ms Ordered_Resolution_Prover.Clausal_Logic 187:5205  some (SH 61817ms, ATP 2306ms): Try this: by (smt (cvc5, quant_saturate) Max_eqI Max_ge Max_in finite_imageI image_iff leq_imp_less_eq_atm_of multiset.set_finite set_mset_eq_empty_iff) (577 ms)
0.sledgehammer goal.by        61817ms Ordered_Resolution_Prover.Clausal_Logic 187:5205  some Preplay: (smt (cvc5, quant_saturate) Max_eqI Max_ge Max_in finite_imageI image_iff leq_imp_less_eq_atm_of multiset.set_finite set_mset_eq_empty_iff) (577 ms)
0.sledgehammer goal.by        61817ms Ordered_Resolution_Prover.Clausal_Logic 187:5205  some Preplay: (smt (cvc5, trigger_last) Max_eqI Max_ge Max_in finite_imageI image_iff leq_imp_less_eq_atm_of multiset.set_finite set_mset_eq_empty_iff) (1.3 s)
0.sledgehammer goal.by        61817ms Ordered_Resolution_Prover.Clausal_Logic 187:5205  some Preplay: (smt (cvc5, best) Max_eqI Max_ge Max_in finite_imageI image_iff leq_imp_less_eq_atm_of multiset.set_finite set_mset_eq_empty_iff) (1.6 s)
0.sledgehammer goal.by        61817ms Ordered_Resolution_Prover.Clausal_Logic 187:5205  some Preplay: (smt (cvc5, trigger_max) Max_eqI Max_ge Max_in finite_imageI image_iff leq_imp_less_eq_atm_of multiset.set_finite set_mset_eq_empty_iff) (> 577 ms, timed out)
0.sledgehammer goal.by        61817ms Ordered_Resolution_Prover.Clausal_Logic 187:5205  some Preplay: (smt (cvc5, trigger_relev) Max_eqI Max_ge Max_in finite_imageI image_iff leq_imp_less_eq_atm_of multiset.set_finite set_mset_eq_empty_iff) (> 577 ms, timed out)
0.sledgehammer goal.by        61817ms Ordered_Resolution_Prover.Clausal_Logic 187:5205  some Preplay: (smt (cvc5, term_relev) Max_eqI Max_ge Max_in finite_imageI image_iff leq_imp_less_eq_atm_of multiset.set_finite set_mset_eq_empty_iff) (> 577 ms, timed out)
0.sledgehammer goal.by        61817ms Ordered_Resolution_Prover.Clausal_Logic 187:5205  some Preplay: (smt (cvc5, noematch) Max_eqI Max_ge Max_in finite_imageI image_iff leq_imp_less_eq_atm_of multiset.set_finite set_mset_eq_empty_iff) (> 577 ms, timed out)
0.sledgehammer goal.by        61817ms Ordered_Resolution_Prover.Clausal_Logic 187:5205  some Preplay: (smt (cvc5, fmf) Max_eqI Max_ge Max_in finite_imageI image_iff leq_imp_less_eq_atm_of multiset.set_finite set_mset_eq_empty_iff) (> 577 ms, timed out)
0.sledgehammer goal.by        61817ms Ordered_Resolution_Prover.Clausal_Logic 187:5205  some Preplay: (smt (cvc5, no_simp) Max_eqI Max_ge Max_in finite_imageI image_iff leq_imp_less_eq_atm_of multiset.set_finite set_mset_eq_empty_iff) (> 577 ms, timed out)
0.sledgehammer goal.unfolding 55177ms Ordered_Resolution_Prover.Clausal_Logic 251:7330  timeout (SH 55177ms):
0.sledgehammer goal.by        25524ms Ordered_Resolution_Prover.Clausal_Logic 257:7648  some (SH 25524ms, ATP 454ms): Try this: by (smt (cvc5, quant_saturate) Neg_atm_of_iff Pos_atm_of_iff atm_of_uminus uminus_literal_def) (1.3 s)
0.sledgehammer goal.by        25524ms Ordered_Resolution_Prover.Clausal_Logic 257:7648  some Preplay: (smt (cvc5, quant_saturate) Neg_atm_of_iff Pos_atm_of_iff atm_of_uminus uminus_literal_def) (1.3 s)
0.sledgehammer goal.by        25524ms Ordered_Resolution_Prover.Clausal_Logic 257:7648  some Preplay: (smt (cvc5, best) Neg_atm_of_iff Pos_atm_of_iff atm_of_uminus uminus_literal_def) (1.3 s)
0.sledgehammer goal.by        25524ms Ordered_Resolution_Prover.Clausal_Logic 257:7648  some Preplay: (smt (cvc5, no_simp) Neg_atm_of_iff Pos_atm_of_iff atm_of_uminus uminus_literal_def) (1.4 s)
0.sledgehammer goal.by        25524ms Ordered_Resolution_Prover.Clausal_Logic 257:7648  some Preplay: (smt (cvc5, noematch) Neg_atm_of_iff Pos_atm_of_iff atm_of_uminus uminus_literal_def) (1.5 s)
0.sledgehammer goal.by        25524ms Ordered_Resolution_Prover.Clausal_Logic 257:7648  some Preplay: (smt (cvc5, trigger_relev) Neg_atm_of_iff Pos_atm_of_iff atm_of_uminus uminus_literal_def) (1.6 s)
0.sledgehammer goal.by        25524ms Ordered_Resolution_Prover.Clausal_Logic 257:7648  some Preplay: (smt (cvc5, fmf) Neg_atm_of_iff Pos_atm_of_iff atm_of_uminus uminus_literal_def) (1.7 s)
0.sledgehammer goal.by        25524ms Ordered_Resolution_Prover.Clausal_Logic 257:7648  some Preplay: (smt (cvc5, trigger_last) Neg_atm_of_iff Pos_atm_of_iff atm_of_uminus uminus_literal_def) (1.8 s)
0.sledgehammer goal.by        25524ms Ordered_Resolution_Prover.Clausal_Logic 257:7648  some Preplay: (smt (cvc5, term_relev) Neg_atm_of_iff Pos_atm_of_iff atm_of_uminus uminus_literal_def) (1.8 s)
0.sledgehammer goal.by        25524ms Ordered_Resolution_Prover.Clausal_Logic 257:7648  some Preplay: (smt (cvc5, trigger_max) Neg_atm_of_iff Pos_atm_of_iff atm_of_uminus uminus_literal_def) (2.1 s)
0.sledgehammer goal.by        47864ms Ordered_Resolution_Prover.Clausal_Logic 260:7778  some (SH 47864ms, ATP 559ms): Try this: by (smt (cvc5, term_relev) atm_of_eq_atm_of f_inv_into_f image_eqI inv_into_into) (806 ms)
0.sledgehammer goal.by        47864ms Ordered_Resolution_Prover.Clausal_Logic 260:7778  some Preplay: (smt (cvc5, term_relev) atm_of_eq_atm_of f_inv_into_f image_eqI inv_into_into) (806 ms)
0.sledgehammer goal.by        47864ms Ordered_Resolution_Prover.Clausal_Logic 260:7778  some Preplay: (smt (cvc5, trigger_max) atm_of_eq_atm_of f_inv_into_f image_eqI inv_into_into) (830 ms)
0.sledgehammer goal.by        47864ms Ordered_Resolution_Prover.Clausal_Logic 260:7778  some Preplay: (smt (cvc5, trigger_relev) atm_of_eq_atm_of f_inv_into_f image_eqI inv_into_into) (832 ms)
0.sledgehammer goal.by        47864ms Ordered_Resolution_Prover.Clausal_Logic 260:7778  some Preplay: (smt (cvc5, noematch) atm_of_eq_atm_of f_inv_into_f image_eqI inv_into_into) (850 ms)
0.sledgehammer goal.by        47864ms Ordered_Resolution_Prover.Clausal_Logic 260:7778  some Preplay: (smt (cvc5, best) atm_of_eq_atm_of f_inv_into_f image_eqI inv_into_into) (858 ms)
0.sledgehammer goal.by        47864ms Ordered_Resolution_Prover.Clausal_Logic 260:7778  some Preplay: (smt (cvc5, quant_saturate) atm_of_eq_atm_of f_inv_into_f image_eqI inv_into_into) (900 ms)
0.sledgehammer goal.by        47864ms Ordered_Resolution_Prover.Clausal_Logic 260:7778  some Preplay: (smt (cvc5, no_simp) atm_of_eq_atm_of f_inv_into_f image_eqI inv_into_into) (907 ms)
0.sledgehammer goal.by        47864ms Ordered_Resolution_Prover.Clausal_Logic 260:7778  some Preplay: (smt (cvc5, trigger_last) atm_of_eq_atm_of f_inv_into_f image_eqI inv_into_into) (1.1 s)
0.sledgehammer goal.by        47864ms Ordered_Resolution_Prover.Clausal_Logic 260:7778  some Preplay: (smt (cvc5, fmf) atm_of_eq_atm_of f_inv_into_f image_eqI inv_into_into) (1.1 s)
0.sledgehammer goal.unfolding 44436ms Ordered_Resolution_Prover.Ground_Resolution_Model 105:3855  some (SH 44436ms, ATP 1251ms): Try this: by (smt (cvc5, term_relev) UN_E UN_I interp_def mem_Collect_eq order.strict_trans2 subsetI) (290 ms)
0.sledgehammer goal.unfolding 44436ms Ordered_Resolution_Prover.Ground_Resolution_Model 105:3855  some Preplay: (smt (cvc5, term_relev) UN_E UN_I interp_def mem_Collect_eq order.strict_trans2 subsetI) (290 ms)
0.sledgehammer goal.unfolding 44436ms Ordered_Resolution_Prover.Ground_Resolution_Model 105:3855  some Preplay: (smt (cvc5, trigger_relev) UN_E UN_I interp_def mem_Collect_eq order.strict_trans2 subsetI) (307 ms)
0.sledgehammer goal.unfolding 44436ms Ordered_Resolution_Prover.Ground_Resolution_Model 105:3855  some Preplay: (smt (cvc5, quant_saturate) UN_E UN_I interp_def mem_Collect_eq order.strict_trans2 subsetI) (461 ms)
0.sledgehammer goal.unfolding 44436ms Ordered_Resolution_Prover.Ground_Resolution_Model 105:3855  some Preplay: (smt (cvc5, trigger_last) UN_E UN_I interp_def mem_Collect_eq order.strict_trans2 subsetI) (593 ms)
0.sledgehammer goal.unfolding 44436ms Ordered_Resolution_Prover.Ground_Resolution_Model 105:3855  some Preplay: (smt (cvc5, best) UN_E UN_I interp_def mem_Collect_eq order.strict_trans2 subsetI) (611 ms)
0.sledgehammer goal.unfolding 44436ms Ordered_Resolution_Prover.Ground_Resolution_Model 105:3855  some Preplay: (smt (cvc5, noematch) UN_E UN_I interp_def mem_Collect_eq order.strict_trans2 subsetI) (> 290 ms, timed out)
0.sledgehammer goal.unfolding 44436ms Ordered_Resolution_Prover.Ground_Resolution_Model 105:3855  some Preplay: (smt (cvc5, fmf) UN_E UN_I interp_def mem_Collect_eq order.strict_trans2 subsetI) (> 290 ms, timed out)
0.sledgehammer goal.unfolding 44436ms Ordered_Resolution_Prover.Ground_Resolution_Model 105:3855  some Preplay: (smt (cvc5, no_simp) UN_E UN_I interp_def mem_Collect_eq order.strict_trans2 subsetI) (> 290 ms, timed out)
0.sledgehammer goal.unfolding 44436ms Ordered_Resolution_Prover.Ground_Resolution_Model 105:3855  some Preplay: (smt (cvc5, trigger_max) UN_E UN_I interp_def mem_Collect_eq order.strict_trans2 subsetI) (> 461 ms, timed out)
0.sledgehammer goal.proof     13494ms Ordered_Resolution_Prover.Ground_Resolution_Model 176:6735  timeout (SH 13493ms): Timed out
0.sledgehammer goal.unfolding 95847ms Ordered_Resolution_Prover.Ground_Resolution_Model 275:10048  some (SH 95847ms, ATP 859ms): Try this: by (smt (cvc5, noematch) empty_iff ground_resolution_with_selection.production.elims ground_resolution_with_selection_axioms interp_def mem_Collect_eq) (2.5 s)
0.sledgehammer goal.unfolding 95847ms Ordered_Resolution_Prover.Ground_Resolution_Model 275:10048  some Preplay: (smt (cvc5, noematch) empty_iff ground_resolution_with_selection.production.elims ground_resolution_with_selection_axioms interp_def mem_Collect_eq) (2.5 s)
0.sledgehammer goal.unfolding 95847ms Ordered_Resolution_Prover.Ground_Resolution_Model 275:10048  some Preplay: (smt (cvc5, best) empty_iff ground_resolution_with_selection.production.elims ground_resolution_with_selection_axioms interp_def mem_Collect_eq) (2.6 s)
0.sledgehammer goal.unfolding 95847ms Ordered_Resolution_Prover.Ground_Resolution_Model 275:10048  some Preplay: (smt (cvc5, fmf) empty_iff ground_resolution_with_selection.production.elims ground_resolution_with_selection_axioms interp_def mem_Collect_eq) (2.7 s)
0.sledgehammer goal.unfolding 95847ms Ordered_Resolution_Prover.Ground_Resolution_Model 275:10048  some Preplay: (smt (cvc5, trigger_last) empty_iff ground_resolution_with_selection.production.elims ground_resolution_with_selection_axioms interp_def mem_Collect_eq) (> 1.0 s, timed out)
0.sledgehammer goal.unfolding 95847ms Ordered_Resolution_Prover.Ground_Resolution_Model 275:10048  some Preplay: (smt (cvc5, quant_saturate) empty_iff ground_resolution_with_selection.production.elims ground_resolution_with_selection_axioms interp_def mem_Collect_eq) (> 1.0 s, timed out)
0.sledgehammer goal.unfolding 95847ms Ordered_Resolution_Prover.Ground_Resolution_Model 275:10048  some Preplay: (smt (cvc5, trigger_max) empty_iff ground_resolution_with_selection.production.elims ground_resolution_with_selection_axioms interp_def mem_Collect_eq) (> 1.0 s, timed out)
0.sledgehammer goal.unfolding 95847ms Ordered_Resolution_Prover.Ground_Resolution_Model 275:10048  some Preplay: (smt (cvc5, trigger_relev) empty_iff ground_resolution_with_selection.production.elims ground_resolution_with_selection_axioms interp_def mem_Collect_eq) (> 1.0 s, timed out)
0.sledgehammer goal.unfolding 95847ms Ordered_Resolution_Prover.Ground_Resolution_Model 275:10048  some Preplay: (smt (cvc5, term_relev) empty_iff ground_resolution_with_selection.production.elims ground_resolution_with_selection_axioms interp_def mem_Collect_eq) (> 1.0 s, timed out)
0.sledgehammer goal.unfolding 95847ms Ordered_Resolution_Prover.Ground_Resolution_Model 275:10048  some Preplay: (smt (cvc5, no_simp) empty_iff ground_resolution_with_selection.production.elims ground_resolution_with_selection_axioms interp_def mem_Collect_eq) (> 1.0 s, timed out)
0.sledgehammer goal.using     53827ms Ordered_Resolution_Prover.Ground_Resolution_Model 359:12816  timeout (SH 53827ms):
0.sledgehammer goal.proof     295347ms Ordered_Resolution_Prover.Inference_System 62:1996  some (SH 295347ms, ATP 434ms): Try this: by (smt (cvc5, trigger_last) add.right_neutral cc_subs_n d_in_n image_subset_iff inf infer_from_def inference.sel(1,2,3) inferences_from_def insert_subset mem_Collect_eq satur saturated_def set_mset_add_mset_insert union_mset_add_mset_right) (195 ms)
0.sledgehammer goal.proof     295347ms Ordered_Resolution_Prover.Inference_System 62:1996  some Preplay: (smt (cvc5, trigger_last) add.right_neutral cc_subs_n d_in_n image_subset_iff inf infer_from_def inference.sel(1,2,3) inferences_from_def insert_subset mem_Collect_eq satur saturated_def set_mset_add_mset_insert union_mset_add_mset_right) (195 ms)
0.sledgehammer goal.proof     295347ms Ordered_Resolution_Prover.Inference_System 62:1996  some Preplay: (smt (cvc5, best) add.right_neutral cc_subs_n d_in_n image_subset_iff inf infer_from_def inference.sel(1,2,3) inferences_from_def insert_subset mem_Collect_eq satur saturated_def set_mset_add_mset_insert union_mset_add_mset_right) (277 ms)
0.sledgehammer goal.proof     295347ms Ordered_Resolution_Prover.Inference_System 62:1996  some Preplay: (smt (cvc5, quant_saturate) add.right_neutral cc_subs_n d_in_n image_subset_iff inf infer_from_def inference.sel(1,2,3) inferences_from_def insert_subset mem_Collect_eq satur saturated_def set_mset_add_mset_insert union_mset_add_mset_right) (> 195 ms, timed out)
0.sledgehammer goal.proof     295347ms Ordered_Resolution_Prover.Inference_System 62:1996  some Preplay: (smt (cvc5, trigger_max) add.right_neutral cc_subs_n d_in_n image_subset_iff inf infer_from_def inference.sel(1,2,3) inferences_from_def insert_subset mem_Collect_eq satur saturated_def set_mset_add_mset_insert union_mset_add_mset_right) (> 195 ms, timed out)
0.sledgehammer goal.proof     295347ms Ordered_Resolution_Prover.Inference_System 62:1996  some Preplay: (smt (cvc5, trigger_relev) add.right_neutral cc_subs_n d_in_n image_subset_iff inf infer_from_def inference.sel(1,2,3) inferences_from_def insert_subset mem_Collect_eq satur saturated_def set_mset_add_mset_insert union_mset_add_mset_right) (> 195 ms, timed out)
0.sledgehammer goal.proof     295347ms Ordered_Resolution_Prover.Inference_System 62:1996  some Preplay: (smt (cvc5, term_relev) add.right_neutral cc_subs_n d_in_n image_subset_iff inf infer_from_def inference.sel(1,2,3) inferences_from_def insert_subset mem_Collect_eq satur saturated_def set_mset_add_mset_insert union_mset_add_mset_right) (> 195 ms, timed out)
0.sledgehammer goal.proof     295347ms Ordered_Resolution_Prover.Inference_System 62:1996  some Preplay: (smt (cvc5, noematch) add.right_neutral cc_subs_n d_in_n image_subset_iff inf infer_from_def inference.sel(1,2,3) inferences_from_def insert_subset mem_Collect_eq satur saturated_def set_mset_add_mset_insert union_mset_add_mset_right) (> 195 ms, timed out)
0.sledgehammer goal.proof     295347ms Ordered_Resolution_Prover.Inference_System 62:1996  some Preplay: (smt (cvc5, fmf) add.right_neutral cc_subs_n d_in_n image_subset_iff inf infer_from_def inference.sel(1,2,3) inferences_from_def insert_subset mem_Collect_eq satur saturated_def set_mset_add_mset_insert union_mset_add_mset_right) (> 195 ms, timed out)
0.sledgehammer goal.proof     295347ms Ordered_Resolution_Prover.Inference_System 62:1996  some Preplay: (smt (cvc5, no_simp) add.right_neutral cc_subs_n d_in_n image_subset_iff inf infer_from_def inference.sel(1,2,3) inferences_from_def insert_subset mem_Collect_eq satur saturated_def set_mset_add_mset_insert union_mset_add_mset_right) (> 195 ms, timed out)
0.sledgehammer goal.unfolding 150930ms Ordered_Resolution_Prover.Inference_System 64:2050  some (SH 150929ms, ATP 562ms): Try this: by (smt (cvc5, trigger_last) add.right_neutral cc_subs_n d_in_n inf infer_from_def inference.sel(1,2) inference_system.inferences_from_def insert_subset mem_Collect_eq set_mset_add_mset_insert union_mset_add_mset_right) (122 ms)
0.sledgehammer goal.unfolding 150930ms Ordered_Resolution_Prover.Inference_System 64:2050  some Preplay: (smt (cvc5, trigger_last) add.right_neutral cc_subs_n d_in_n inf infer_from_def inference.sel(1,2) inference_system.inferences_from_def insert_subset mem_Collect_eq set_mset_add_mset_insert union_mset_add_mset_right) (122 ms)
0.sledgehammer goal.unfolding 150930ms Ordered_Resolution_Prover.Inference_System 64:2050  some Preplay: (smt (cvc5, best) add.right_neutral cc_subs_n d_in_n inf infer_from_def inference.sel(1,2) inference_system.inferences_from_def insert_subset mem_Collect_eq set_mset_add_mset_insert union_mset_add_mset_right) (153 ms)
0.sledgehammer goal.unfolding 150930ms Ordered_Resolution_Prover.Inference_System 64:2050  some Preplay: (smt (cvc5, quant_saturate) add.right_neutral cc_subs_n d_in_n inf infer_from_def inference.sel(1,2) inference_system.inferences_from_def insert_subset mem_Collect_eq set_mset_add_mset_insert union_mset_add_mset_right) (> 122 ms, timed out)
0.sledgehammer goal.unfolding 150930ms Ordered_Resolution_Prover.Inference_System 64:2050  some Preplay: (smt (cvc5, trigger_max) add.right_neutral cc_subs_n d_in_n inf infer_from_def inference.sel(1,2) inference_system.inferences_from_def insert_subset mem_Collect_eq set_mset_add_mset_insert union_mset_add_mset_right) (> 122 ms, timed out)
0.sledgehammer goal.unfolding 150930ms Ordered_Resolution_Prover.Inference_System 64:2050  some Preplay: (smt (cvc5, trigger_relev) add.right_neutral cc_subs_n d_in_n inf infer_from_def inference.sel(1,2) inference_system.inferences_from_def insert_subset mem_Collect_eq set_mset_add_mset_insert union_mset_add_mset_right) (> 122 ms, timed out)
0.sledgehammer goal.unfolding 150930ms Ordered_Resolution_Prover.Inference_System 64:2050  some Preplay: (smt (cvc5, term_relev) add.right_neutral cc_subs_n d_in_n inf infer_from_def inference.sel(1,2) inference_system.inferences_from_def insert_subset mem_Collect_eq set_mset_add_mset_insert union_mset_add_mset_right) (> 122 ms, timed out)
0.sledgehammer goal.unfolding 150930ms Ordered_Resolution_Prover.Inference_System 64:2050  some Preplay: (smt (cvc5, noematch) add.right_neutral cc_subs_n d_in_n inf infer_from_def inference.sel(1,2) inference_system.inferences_from_def insert_subset mem_Collect_eq set_mset_add_mset_insert union_mset_add_mset_right) (> 122 ms, timed out)
0.sledgehammer goal.unfolding 150930ms Ordered_Resolution_Prover.Inference_System 64:2050  some Preplay: (smt (cvc5, fmf) add.right_neutral cc_subs_n d_in_n inf infer_from_def inference.sel(1,2) inference_system.inferences_from_def insert_subset mem_Collect_eq set_mset_add_mset_insert union_mset_add_mset_right) (> 122 ms, timed out)
0.sledgehammer goal.unfolding 150930ms Ordered_Resolution_Prover.Inference_System 64:2050  some Preplay: (smt (cvc5, no_simp) add.right_neutral cc_subs_n d_in_n inf infer_from_def inference.sel(1,2) inference_system.inferences_from_def insert_subset mem_Collect_eq set_mset_add_mset_insert union_mset_add_mset_right) (> 122 ms, timed out)
0.sledgehammer goal.proof     54049ms Ordered_Resolution_Prover.Inference_System 147:4805  timeout (SH 54049ms):
0.sledgehammer goal.by        13108ms Ordered_Resolution_Prover.Inference_System 201:6366  timeout (SH 13108ms): Timed out
0.sledgehammer goal.using     73271ms Ordered_Resolution_Prover.Inference_System 230:7454  some (SH 73270ms, ATP 848ms): Try this: by (smt (cvc5, no_simp) in_sat_d in_sat_ee inference_system.saturate.step saturate_mono step.hyps(1) subsetD sup.cobounded2 sup_ge1) (395 ms)
0.sledgehammer goal.using     73271ms Ordered_Resolution_Prover.Inference_System 230:7454  some Preplay: (smt (cvc5, no_simp) in_sat_d in_sat_ee inference_system.saturate.step saturate_mono step.hyps(1) subsetD sup.cobounded2 sup_ge1) (395 ms)
0.sledgehammer goal.using     73271ms Ordered_Resolution_Prover.Inference_System 230:7454  some Preplay: (smt (cvc5, trigger_last) in_sat_d in_sat_ee inference_system.saturate.step saturate_mono step.hyps(1) subsetD sup.cobounded2 sup_ge1) (505 ms)
0.sledgehammer goal.using     73271ms Ordered_Resolution_Prover.Inference_System 230:7454  some Preplay: (smt (cvc5, trigger_relev) in_sat_d in_sat_ee inference_system.saturate.step saturate_mono step.hyps(1) subsetD sup.cobounded2 sup_ge1) (517 ms)
0.sledgehammer goal.using     73271ms Ordered_Resolution_Prover.Inference_System 230:7454  some Preplay: (smt (cvc5, best) in_sat_d in_sat_ee inference_system.saturate.step saturate_mono step.hyps(1) subsetD sup.cobounded2 sup_ge1) (519 ms)
0.sledgehammer goal.using     73271ms Ordered_Resolution_Prover.Inference_System 230:7454  some Preplay: (smt (cvc5, trigger_max) in_sat_d in_sat_ee inference_system.saturate.step saturate_mono step.hyps(1) subsetD sup.cobounded2 sup_ge1) (563 ms)
0.sledgehammer goal.using     73271ms Ordered_Resolution_Prover.Inference_System 230:7454  some Preplay: (smt (cvc5, fmf) in_sat_d in_sat_ee inference_system.saturate.step saturate_mono step.hyps(1) subsetD sup.cobounded2 sup_ge1) (623 ms)
0.sledgehammer goal.using     73271ms Ordered_Resolution_Prover.Inference_System 230:7454  some Preplay: (smt (cvc5, quant_saturate) in_sat_d in_sat_ee inference_system.saturate.step saturate_mono step.hyps(1) subsetD sup.cobounded2 sup_ge1) (661 ms)
0.sledgehammer goal.using     73271ms Ordered_Resolution_Prover.Inference_System 230:7454  some Preplay: (smt (cvc5, term_relev) in_sat_d in_sat_ee inference_system.saturate.step saturate_mono step.hyps(1) subsetD sup.cobounded2 sup_ge1) (753 ms)
0.sledgehammer goal.using     73271ms Ordered_Resolution_Prover.Inference_System 230:7454  some Preplay: (smt (cvc5, noematch) in_sat_d in_sat_ee inference_system.saturate.step saturate_mono step.hyps(1) subsetD sup.cobounded2 sup_ge1) (> 505 ms, timed out)
0.sledgehammer goal.using     51538ms Ordered_Resolution_Prover.Unordered_Ground_Resolution 92:3034  some (SH 51538ms, ATP 1525ms): Try this: by (smt (cvc5, best) atm_imp_pos_or_neg_lit d' mem_Collect_eq neg_a_ni_d' set_mset_filter) (128 ms)
0.sledgehammer goal.using     51538ms Ordered_Resolution_Prover.Unordered_Ground_Resolution 92:3034  some Preplay: (smt (cvc5, best) atm_imp_pos_or_neg_lit d' mem_Collect_eq neg_a_ni_d' set_mset_filter) (128 ms)
0.sledgehammer goal.using     51538ms Ordered_Resolution_Prover.Unordered_Ground_Resolution 92:3034  some Preplay: (smt (cvc5, trigger_last) atm_imp_pos_or_neg_lit d' mem_Collect_eq neg_a_ni_d' set_mset_filter) (> 128 ms, timed out)
0.sledgehammer goal.using     51538ms Ordered_Resolution_Prover.Unordered_Ground_Resolution 92:3034  some Preplay: (smt (cvc5, quant_saturate) atm_imp_pos_or_neg_lit d' mem_Collect_eq neg_a_ni_d' set_mset_filter) (> 128 ms, timed out)
0.sledgehammer goal.using     51538ms Ordered_Resolution_Prover.Unordered_Ground_Resolution 92:3034  some Preplay: (smt (cvc5, trigger_max) atm_imp_pos_or_neg_lit d' mem_Collect_eq neg_a_ni_d' set_mset_filter) (> 128 ms, timed out)
0.sledgehammer goal.using     51538ms Ordered_Resolution_Prover.Unordered_Ground_Resolution 92:3034  some Preplay: (smt (cvc5, trigger_relev) atm_imp_pos_or_neg_lit d' mem_Collect_eq neg_a_ni_d' set_mset_filter) (> 128 ms, timed out)
0.sledgehammer goal.using     51538ms Ordered_Resolution_Prover.Unordered_Ground_Resolution 92:3034  some Preplay: (smt (cvc5, term_relev) atm_imp_pos_or_neg_lit d' mem_Collect_eq neg_a_ni_d' set_mset_filter) (> 128 ms, timed out)
0.sledgehammer goal.using     51538ms Ordered_Resolution_Prover.Unordered_Ground_Resolution 92:3034  some Preplay: (smt (cvc5, noematch) atm_imp_pos_or_neg_lit d' mem_Collect_eq neg_a_ni_d' set_mset_filter) (> 128 ms, timed out)
0.sledgehammer goal.using     51538ms Ordered_Resolution_Prover.Unordered_Ground_Resolution 92:3034  some Preplay: (smt (cvc5, fmf) atm_imp_pos_or_neg_lit d' mem_Collect_eq neg_a_ni_d' set_mset_filter) (> 128 ms, timed out)
0.sledgehammer goal.using     51538ms Ordered_Resolution_Prover.Unordered_Ground_Resolution 92:3034  some Preplay: (smt (cvc5, no_simp) atm_imp_pos_or_neg_lit d' mem_Collect_eq neg_a_ni_d' set_mset_filter) (> 128 ms, timed out)
0.sledgehammer goal.unfolding 12884ms Ordered_Resolution_Prover.Unordered_Ground_Resolution 113:3979  timeout (SH 12884ms): Timed out
0.sledgehammer goal.by        54670ms Ordered_Resolution_Prover.Unordered_Ground_Resolution 165:5957  timeout (SH 54670ms):
0.sledgehammer goal.unfolding 12575ms Ordered_Resolution_Prover.Lazy_List_Liminf 104:3824  timeout (SH 12575ms): Timed out
0.sledgehammer goal.unfolding 54460ms Ordered_Resolution_Prover.Lazy_List_Liminf 286:10641  timeout (SH 54460ms):
0.sledgehammer goal.by        54837ms Ordered_Resolution_Prover.Lazy_List_Liminf 289:10818  timeout (SH 54837ms):
0.sledgehammer goal.unfolding 46417ms Ordered_Resolution_Prover.Lazy_List_Liminf 342:12690  some (SH 46416ms, ATP 1702ms): Try this: by (smt (cvc5) Liminf_upto_llist_eq_Liminf_llist_ltake Suc_ile_eq Sup_empty add.left_neutral antisym_conv eSuc_enat enat_defs(1) iless_Suc_eq lfinite_Liminf_llist lfinite_conv_llength_enat llast_conv_lnth llength_eq_0 llength_ltake lnth_ltake min_less_iff_conj not_less order_refl plus_enat_simps(1) zero_ne_eSuc)
0.sledgehammer goal.unfolding 46417ms Ordered_Resolution_Prover.Lazy_List_Liminf 342:12690  some Preplay: (smt (cvc5, best) Liminf_upto_llist_eq_Liminf_llist_ltake Suc_ile_eq Sup_empty add.left_neutral antisym_conv eSuc_enat enat_defs(1) iless_Suc_eq lfinite_Liminf_llist lfinite_conv_llength_enat llast_conv_lnth llength_eq_0 llength_ltake lnth_ltake min_less_iff_conj not_less order_refl plus_enat_simps(1) zero_ne_eSuc) (> 1.0 s, timed out)
0.sledgehammer goal.unfolding 46417ms Ordered_Resolution_Prover.Lazy_List_Liminf 342:12690  some Preplay: (smt (cvc5, trigger_last) Liminf_upto_llist_eq_Liminf_llist_ltake Suc_ile_eq Sup_empty add.left_neutral antisym_conv eSuc_enat enat_defs(1) iless_Suc_eq lfinite_Liminf_llist lfinite_conv_llength_enat llast_conv_lnth llength_eq_0 llength_ltake lnth_ltake min_less_iff_conj not_less order_refl plus_enat_simps(1) zero_ne_eSuc) (> 1.0 s, timed out)
0.sledgehammer goal.unfolding 46417ms Ordered_Resolution_Prover.Lazy_List_Liminf 342:12690  some Preplay: (smt (cvc5, quant_saturate) Liminf_upto_llist_eq_Liminf_llist_ltake Suc_ile_eq Sup_empty add.left_neutral antisym_conv eSuc_enat enat_defs(1) iless_Suc_eq lfinite_Liminf_llist lfinite_conv_llength_enat llast_conv_lnth llength_eq_0 llength_ltake lnth_ltake min_less_iff_conj not_less order_refl plus_enat_simps(1) zero_ne_eSuc) (> 1.0 s, timed out)
0.sledgehammer goal.unfolding 46417ms Ordered_Resolution_Prover.Lazy_List_Liminf 342:12690  some Preplay: (smt (cvc5, trigger_max) Liminf_upto_llist_eq_Liminf_llist_ltake Suc_ile_eq Sup_empty add.left_neutral antisym_conv eSuc_enat enat_defs(1) iless_Suc_eq lfinite_Liminf_llist lfinite_conv_llength_enat llast_conv_lnth llength_eq_0 llength_ltake lnth_ltake min_less_iff_conj not_less order_refl plus_enat_simps(1) zero_ne_eSuc) (> 1.0 s, timed out)
0.sledgehammer goal.unfolding 46417ms Ordered_Resolution_Prover.Lazy_List_Liminf 342:12690  some Preplay: (smt (cvc5, trigger_relev) Liminf_upto_llist_eq_Liminf_llist_ltake Suc_ile_eq Sup_empty add.left_neutral antisym_conv eSuc_enat enat_defs(1) iless_Suc_eq lfinite_Liminf_llist lfinite_conv_llength_enat llast_conv_lnth llength_eq_0 llength_ltake lnth_ltake min_less_iff_conj not_less order_refl plus_enat_simps(1) zero_ne_eSuc) (> 1.0 s, timed out)
0.sledgehammer goal.unfolding 46417ms Ordered_Resolution_Prover.Lazy_List_Liminf 342:12690  some Preplay: (smt (cvc5, term_relev) Liminf_upto_llist_eq_Liminf_llist_ltake Suc_ile_eq Sup_empty add.left_neutral antisym_conv eSuc_enat enat_defs(1) iless_Suc_eq lfinite_Liminf_llist lfinite_conv_llength_enat llast_conv_lnth llength_eq_0 llength_ltake lnth_ltake min_less_iff_conj not_less order_refl plus_enat_simps(1) zero_ne_eSuc) (> 1.0 s, timed out)
0.sledgehammer goal.unfolding 46417ms Ordered_Resolution_Prover.Lazy_List_Liminf 342:12690  some Preplay: (smt (cvc5, noematch) Liminf_upto_llist_eq_Liminf_llist_ltake Suc_ile_eq Sup_empty add.left_neutral antisym_conv eSuc_enat enat_defs(1) iless_Suc_eq lfinite_Liminf_llist lfinite_conv_llength_enat llast_conv_lnth llength_eq_0 llength_ltake lnth_ltake min_less_iff_conj not_less order_refl plus_enat_simps(1) zero_ne_eSuc) (> 1.0 s, timed out)
0.sledgehammer goal.unfolding 46417ms Ordered_Resolution_Prover.Lazy_List_Liminf 342:12690  some Preplay: (smt (cvc5, fmf) Liminf_upto_llist_eq_Liminf_llist_ltake Suc_ile_eq Sup_empty add.left_neutral antisym_conv eSuc_enat enat_defs(1) iless_Suc_eq lfinite_Liminf_llist lfinite_conv_llength_enat llast_conv_lnth llength_eq_0 llength_ltake lnth_ltake min_less_iff_conj not_less order_refl plus_enat_simps(1) zero_ne_eSuc) (> 1.0 s, timed out)
0.sledgehammer goal.unfolding 46417ms Ordered_Resolution_Prover.Lazy_List_Liminf 342:12690  some Preplay: (smt (cvc5, no_simp) Liminf_upto_llist_eq_Liminf_llist_ltake Suc_ile_eq Sup_empty add.left_neutral antisym_conv eSuc_enat enat_defs(1) iless_Suc_eq lfinite_Liminf_llist lfinite_conv_llength_enat llast_conv_lnth llength_eq_0 llength_ltake lnth_ltake min_less_iff_conj not_less order_refl plus_enat_simps(1) zero_ne_eSuc) (> 1.0 s, timed out)
0.sledgehammer goal.proof     54871ms Ordered_Resolution_Prover.Lazy_List_Chain 49:1512  timeout (SH 54871ms):
0.sledgehammer goal.proof     56871ms Ordered_Resolution_Prover.Lazy_List_Chain 89:2913  timeout (SH 56871ms):
0.sledgehammer goal.using     12927ms Ordered_Resolution_Prover.Lazy_List_Chain 182:6180  timeout (SH 12927ms): Timed out
0.sledgehammer goal.using     60813ms Ordered_Resolution_Prover.Lazy_List_Chain 194:6469  timeout (SH 60813ms):
0.sledgehammer goal.by        58710ms Ordered_Resolution_Prover.Lazy_List_Chain 389:13429  some (SH 58710ms, ATP 1882ms): Try this: by (smt (cvc5) assms emb_prepend_coinduct_aux prepend_cong1_base prepend_cong1_prepend prepend_cong_distrib)
0.sledgehammer goal.by        58710ms Ordered_Resolution_Prover.Lazy_List_Chain 389:13429  some Preplay: (smt (cvc5, best) assms emb_prepend_coinduct_aux prepend_cong1_base prepend_cong1_prepend prepend_cong_distrib) (> 1.0 s, timed out)
0.sledgehammer goal.by        58710ms Ordered_Resolution_Prover.Lazy_List_Chain 389:13429  some Preplay: (smt (cvc5, trigger_last) assms emb_prepend_coinduct_aux prepend_cong1_base prepend_cong1_prepend prepend_cong_distrib) (> 1.0 s, timed out)
0.sledgehammer goal.by        58710ms Ordered_Resolution_Prover.Lazy_List_Chain 389:13429  some Preplay: (smt (cvc5, quant_saturate) assms emb_prepend_coinduct_aux prepend_cong1_base prepend_cong1_prepend prepend_cong_distrib) (> 1.0 s, timed out)
0.sledgehammer goal.by        58710ms Ordered_Resolution_Prover.Lazy_List_Chain 389:13429  some Preplay: (smt (cvc5, trigger_max) assms emb_prepend_coinduct_aux prepend_cong1_base prepend_cong1_prepend prepend_cong_distrib) (> 1.0 s, timed out)
0.sledgehammer goal.by        58710ms Ordered_Resolution_Prover.Lazy_List_Chain 389:13429  some Preplay: (smt (cvc5, trigger_relev) assms emb_prepend_coinduct_aux prepend_cong1_base prepend_cong1_prepend prepend_cong_distrib) (> 1.0 s, timed out)
0.sledgehammer goal.by        58710ms Ordered_Resolution_Prover.Lazy_List_Chain 389:13429  some Preplay: (smt (cvc5, term_relev) assms emb_prepend_coinduct_aux prepend_cong1_base prepend_cong1_prepend prepend_cong_distrib) (> 1.0 s, timed out)
0.sledgehammer goal.by        58710ms Ordered_Resolution_Prover.Lazy_List_Chain 389:13429  some Preplay: (smt (cvc5, noematch) assms emb_prepend_coinduct_aux prepend_cong1_base prepend_cong1_prepend prepend_cong_distrib) (> 1.0 s, timed out)
0.sledgehammer goal.by        58710ms Ordered_Resolution_Prover.Lazy_List_Chain 389:13429  some Preplay: (smt (cvc5, fmf) assms emb_prepend_coinduct_aux prepend_cong1_base prepend_cong1_prepend prepend_cong_distrib) (> 1.0 s, timed out)
0.sledgehammer goal.by        58710ms Ordered_Resolution_Prover.Lazy_List_Chain 389:13429  some Preplay: (smt (cvc5, no_simp) assms emb_prepend_coinduct_aux prepend_cong1_base prepend_cong1_prepend prepend_cong_distrib) (> 1.0 s, timed out)
0.sledgehammer goal.by        39721ms Ordered_Resolution_Prover.Lazy_List_Chain 433:14797  some (SH 39721ms, ATP 803ms): Try this: by (smt (cvc5, trigger_max) chain'.coinduct chain_chain') (3.2 s)
0.sledgehammer goal.by        39721ms Ordered_Resolution_Prover.Lazy_List_Chain 433:14797  some Preplay: (smt (cvc5, trigger_max) chain'.coinduct chain_chain') (3.2 s)
0.sledgehammer goal.by        39721ms Ordered_Resolution_Prover.Lazy_List_Chain 433:14797  some Preplay: (smt (cvc5, noematch) chain'.coinduct chain_chain') (3.3 s)
0.sledgehammer goal.by        39721ms Ordered_Resolution_Prover.Lazy_List_Chain 433:14797  some Preplay: (smt (cvc5, fmf) chain'.coinduct chain_chain') (3.4 s)
0.sledgehammer goal.by        39721ms Ordered_Resolution_Prover.Lazy_List_Chain 433:14797  some Preplay: (smt (cvc5, term_relev) chain'.coinduct chain_chain') (3.4 s)
0.sledgehammer goal.by        39721ms Ordered_Resolution_Prover.Lazy_List_Chain 433:14797  some Preplay: (smt (cvc5, trigger_relev) chain'.coinduct chain_chain') (3.5 s)
0.sledgehammer goal.by        39721ms Ordered_Resolution_Prover.Lazy_List_Chain 433:14797  some Preplay: (smt (cvc5, best) chain'.coinduct chain_chain') (3.8 s)
0.sledgehammer goal.by        39721ms Ordered_Resolution_Prover.Lazy_List_Chain 433:14797  some Preplay: (smt (cvc5, trigger_last) chain'.coinduct chain_chain') (4.6 s)
0.sledgehammer goal.by        39721ms Ordered_Resolution_Prover.Lazy_List_Chain 433:14797  some Preplay: (smt (cvc5, quant_saturate) chain'.coinduct chain_chain') (> 1.0 s, timed out)
0.sledgehammer goal.by        39721ms Ordered_Resolution_Prover.Lazy_List_Chain 433:14797  some Preplay: (smt (cvc5, no_simp) chain'.coinduct chain_chain') (> 1.0 s, timed out)
0.sledgehammer goal.proof     13728ms Ordered_Resolution_Prover.Lazy_List_Chain 478:16329  timeout (SH 13728ms): Timed out
0.sledgehammer goal.by        13783ms Ordered_Resolution_Prover.Lazy_List_Chain 501:17036  timeout (SH 13783ms): Timed out
0.sledgehammer goal.proof     53942ms Ordered_Resolution_Prover.Lazy_List_Chain 568:19582  timeout (SH 53942ms):
0.sledgehammer goal.using     35301ms Ordered_Resolution_Prover.Lazy_List_Chain 642:22036  some (SH 35300ms, ATP 1015ms): Try this: by (smt (cvc5) chain.coinduct full full_chain.cases)
0.sledgehammer goal.using     35301ms Ordered_Resolution_Prover.Lazy_List_Chain 642:22036  some Preplay: (smt (cvc5, best) chain.coinduct full full_chain.cases) (> 1.0 s, timed out)
0.sledgehammer goal.using     35301ms Ordered_Resolution_Prover.Lazy_List_Chain 642:22036  some Preplay: (smt (cvc5, trigger_last) chain.coinduct full full_chain.cases) (> 1.0 s, timed out)
0.sledgehammer goal.using     35301ms Ordered_Resolution_Prover.Lazy_List_Chain 642:22036  some Preplay: (smt (cvc5, quant_saturate) chain.coinduct full full_chain.cases) (> 1.0 s, timed out)
0.sledgehammer goal.using     35301ms Ordered_Resolution_Prover.Lazy_List_Chain 642:22036  some Preplay: (smt (cvc5, trigger_max) chain.coinduct full full_chain.cases) (> 1.0 s, timed out)
0.sledgehammer goal.using     35301ms Ordered_Resolution_Prover.Lazy_List_Chain 642:22036  some Preplay: (smt (cvc5, trigger_relev) chain.coinduct full full_chain.cases) (> 1.0 s, timed out)
0.sledgehammer goal.using     35301ms Ordered_Resolution_Prover.Lazy_List_Chain 642:22036  some Preplay: (smt (cvc5, term_relev) chain.coinduct full full_chain.cases) (> 1.0 s, timed out)
0.sledgehammer goal.using     35301ms Ordered_Resolution_Prover.Lazy_List_Chain 642:22036  some Preplay: (smt (cvc5, noematch) chain.coinduct full full_chain.cases) (> 1.0 s, timed out)
0.sledgehammer goal.using     35301ms Ordered_Resolution_Prover.Lazy_List_Chain 642:22036  some Preplay: (smt (cvc5, fmf) chain.coinduct full full_chain.cases) (> 1.0 s, timed out)
0.sledgehammer goal.using     35301ms Ordered_Resolution_Prover.Lazy_List_Chain 642:22036  some Preplay: (smt (cvc5, no_simp) chain.coinduct full full_chain.cases) (> 1.0 s, timed out)
0.sledgehammer goal.by        35380ms Ordered_Resolution_Prover.Lazy_List_Chain 642:22047  some (SH 35380ms, ATP 929ms): Try this: by (smt (cvc5) chain.coinduct full_chain.cases)
0.sledgehammer goal.by        35380ms Ordered_Resolution_Prover.Lazy_List_Chain 642:22047  some Preplay: (smt (cvc5, best) chain.coinduct full_chain.cases) (> 1.0 s, timed out)
0.sledgehammer goal.by        35380ms Ordered_Resolution_Prover.Lazy_List_Chain 642:22047  some Preplay: (smt (cvc5, trigger_last) chain.coinduct full_chain.cases) (> 1.0 s, timed out)
0.sledgehammer goal.by        35380ms Ordered_Resolution_Prover.Lazy_List_Chain 642:22047  some Preplay: (smt (cvc5, quant_saturate) chain.coinduct full_chain.cases) (> 1.0 s, timed out)
0.sledgehammer goal.by        35380ms Ordered_Resolution_Prover.Lazy_List_Chain 642:22047  some Preplay: (smt (cvc5, trigger_max) chain.coinduct full_chain.cases) (> 1.0 s, timed out)
0.sledgehammer goal.by        35380ms Ordered_Resolution_Prover.Lazy_List_Chain 642:22047  some Preplay: (smt (cvc5, trigger_relev) chain.coinduct full_chain.cases) (> 1.0 s, timed out)
0.sledgehammer goal.by        35380ms Ordered_Resolution_Prover.Lazy_List_Chain 642:22047  some Preplay: (smt (cvc5, term_relev) chain.coinduct full_chain.cases) (> 1.0 s, timed out)
0.sledgehammer goal.by        35380ms Ordered_Resolution_Prover.Lazy_List_Chain 642:22047  some Preplay: (smt (cvc5, noematch) chain.coinduct full_chain.cases) (> 1.0 s, timed out)
0.sledgehammer goal.by        35380ms Ordered_Resolution_Prover.Lazy_List_Chain 642:22047  some Preplay: (smt (cvc5, fmf) chain.coinduct full_chain.cases) (> 1.0 s, timed out)
0.sledgehammer goal.by        35380ms Ordered_Resolution_Prover.Lazy_List_Chain 642:22047  some Preplay: (smt (cvc5, no_simp) chain.coinduct full_chain.cases) (> 1.0 s, timed out)
0.sledgehammer goal.by        13539ms Ordered_Resolution_Prover.Map2 33:1166  timeout (SH 13538ms): Timed out
0.sledgehammer goal.proof     52664ms Ordered_Resolution_Prover.Map2 38:1370  some (SH 52664ms, ATP 706ms): Try this: by (smt (cvc5) Collect_cong assms case_prod_conv length_map length_zip min_less_iff_conj nth_map nth_zip set_conv_nth)
0.sledgehammer goal.proof     52664ms Ordered_Resolution_Prover.Map2 38:1370  some Preplay: (smt (cvc5, best) Collect_cong assms case_prod_conv length_map length_zip min_less_iff_conj nth_map nth_zip set_conv_nth) (> 1.0 s, timed out)
0.sledgehammer goal.proof     52664ms Ordered_Resolution_Prover.Map2 38:1370  some Preplay: (smt (cvc5, trigger_last) Collect_cong assms case_prod_conv length_map length_zip min_less_iff_conj nth_map nth_zip set_conv_nth) (> 1.0 s, timed out)
0.sledgehammer goal.proof     52664ms Ordered_Resolution_Prover.Map2 38:1370  some Preplay: (smt (cvc5, quant_saturate) Collect_cong assms case_prod_conv length_map length_zip min_less_iff_conj nth_map nth_zip set_conv_nth) (> 1.0 s, timed out)
0.sledgehammer goal.proof     52664ms Ordered_Resolution_Prover.Map2 38:1370  some Preplay: (smt (cvc5, trigger_max) Collect_cong assms case_prod_conv length_map length_zip min_less_iff_conj nth_map nth_zip set_conv_nth) (> 1.0 s, timed out)
0.sledgehammer goal.proof     52664ms Ordered_Resolution_Prover.Map2 38:1370  some Preplay: (smt (cvc5, trigger_relev) Collect_cong assms case_prod_conv length_map length_zip min_less_iff_conj nth_map nth_zip set_conv_nth) (> 1.0 s, timed out)
0.sledgehammer goal.proof     52664ms Ordered_Resolution_Prover.Map2 38:1370  some Preplay: (smt (cvc5, term_relev) Collect_cong assms case_prod_conv length_map length_zip min_less_iff_conj nth_map nth_zip set_conv_nth) (> 1.0 s, timed out)
0.sledgehammer goal.proof     52664ms Ordered_Resolution_Prover.Map2 38:1370  some Preplay: (smt (cvc5, noematch) Collect_cong assms case_prod_conv length_map length_zip min_less_iff_conj nth_map nth_zip set_conv_nth) (> 1.0 s, timed out)
0.sledgehammer goal.proof     52664ms Ordered_Resolution_Prover.Map2 38:1370  some Preplay: (smt (cvc5, fmf) Collect_cong assms case_prod_conv length_map length_zip min_less_iff_conj nth_map nth_zip set_conv_nth) (> 1.0 s, timed out)
0.sledgehammer goal.proof     52664ms Ordered_Resolution_Prover.Map2 38:1370  some Preplay: (smt (cvc5, no_simp) Collect_cong assms case_prod_conv length_map length_zip min_less_iff_conj nth_map nth_zip set_conv_nth) (> 1.0 s, timed out)
0.sledgehammer goal.using     58804ms Ordered_Resolution_Prover.Abstract_Substitution 250:8488  timeout (SH 58804ms):
0.sledgehammer goal.by        13198ms Ordered_Resolution_Prover.Abstract_Substitution 250:8510  timeout (SH 13198ms): Timed out
0.sledgehammer goal.by        54491ms Ordered_Resolution_Prover.Abstract_Substitution 271:9292  some (SH 54491ms, ATP 1894ms): Try this: by (smt (cvc5) fst_def image_iff length_replicate list.set_map list.set_map map_eq_conv map_fst_zip map_replicate_const map_replicate_const set_zip_rightD split_cong subst_atm_mset_id_subst)
0.sledgehammer goal.by        54491ms Ordered_Resolution_Prover.Abstract_Substitution 271:9292  some Preplay: (smt (cvc5, best) fst_def image_iff length_replicate list.set_map map_eq_conv map_fst_zip map_replicate_const set_zip_rightD split_cong subst_atm_mset_id_subst) (> 1.0 s, timed out)
0.sledgehammer goal.by        54491ms Ordered_Resolution_Prover.Abstract_Substitution 271:9292  some Preplay: (smt (cvc5, trigger_last) fst_def image_iff length_replicate list.set_map map_eq_conv map_fst_zip map_replicate_const set_zip_rightD split_cong subst_atm_mset_id_subst) (> 1.0 s, timed out)
0.sledgehammer goal.by        54491ms Ordered_Resolution_Prover.Abstract_Substitution 271:9292  some Preplay: (smt (cvc5, quant_saturate) fst_def image_iff length_replicate list.set_map map_eq_conv map_fst_zip map_replicate_const set_zip_rightD split_cong subst_atm_mset_id_subst) (> 1.0 s, timed out)
0.sledgehammer goal.by        54491ms Ordered_Resolution_Prover.Abstract_Substitution 271:9292  some Preplay: (smt (cvc5, trigger_relev) fst_def image_iff length_replicate list.set_map map_eq_conv map_fst_zip map_replicate_const set_zip_rightD split_cong subst_atm_mset_id_subst) (> 1.0 s, timed out)
0.sledgehammer goal.by        54491ms Ordered_Resolution_Prover.Abstract_Substitution 271:9292  some Preplay: (smt (cvc5, term_relev) fst_def image_iff length_replicate list.set_map map_eq_conv map_fst_zip map_replicate_const set_zip_rightD split_cong subst_atm_mset_id_subst) (> 1.0 s, timed out)
0.sledgehammer goal.by        54491ms Ordered_Resolution_Prover.Abstract_Substitution 271:9292  some Preplay: (smt (cvc5, noematch) fst_def image_iff length_replicate list.set_map map_eq_conv map_fst_zip map_replicate_const set_zip_rightD split_cong subst_atm_mset_id_subst) (> 1.0 s, timed out)
0.sledgehammer goal.by        54491ms Ordered_Resolution_Prover.Abstract_Substitution 271:9292  some Preplay: (smt (cvc5, fmf) fst_def image_iff length_replicate list.set_map map_eq_conv map_fst_zip map_replicate_const set_zip_rightD split_cong subst_atm_mset_id_subst) (> 1.0 s, timed out)
0.sledgehammer goal.by        54491ms Ordered_Resolution_Prover.Abstract_Substitution 271:9292  some Preplay: (smt (cvc5, no_simp) fst_def image_iff length_replicate list.set_map map_eq_conv map_fst_zip map_replicate_const set_zip_rightD split_cong subst_atm_mset_id_subst) (> 1.0 s, timed out)
0.sledgehammer goal.by        54491ms Ordered_Resolution_Prover.Abstract_Substitution 271:9292  some Preplay: (smt (cvc5, trigger_max) fst_def image_iff length_replicate list.set_map map_eq_conv map_fst_zip map_replicate_const set_zip_rightD split_cong subst_atm_mset_id_subst) (failed)
0.sledgehammer goal.unfolding 12231ms Ordered_Resolution_Prover.Abstract_Substitution 304:10318  timeout (SH 12231ms): Timed out
0.sledgehammer goal.unfolding 13173ms Ordered_Resolution_Prover.Abstract_Substitution 326:11216  timeout (SH 13173ms): Timed out
0.sledgehammer goal.unfolding 58025ms Ordered_Resolution_Prover.Abstract_Substitution 380:13120  timeout (SH 58025ms):
0.sledgehammer goal.proof     14478ms Ordered_Resolution_Prover.Abstract_Substitution 849:30783  timeout (SH 14478ms): Timed out
0.sledgehammer goal.unfolding 41235ms Ordered_Resolution_Prover.Abstract_Substitution 963:35436  some (SH 41234ms, ATP 1247ms): Try this: by (smt (cvc5, trigger_relev) Collect_cong ex_ground_subst is_ground_subst_cls singleton_conv substitution_ops.grounding_of_cls_def) (1.7 s)
0.sledgehammer goal.unfolding 41235ms Ordered_Resolution_Prover.Abstract_Substitution 963:35436  some Preplay: (smt (cvc5, trigger_relev) Collect_cong ex_ground_subst is_ground_subst_cls singleton_conv substitution_ops.grounding_of_cls_def) (1.7 s)
0.sledgehammer goal.unfolding 41235ms Ordered_Resolution_Prover.Abstract_Substitution 963:35436  some Preplay: (smt (cvc5, best) Collect_cong ex_ground_subst is_ground_subst_cls singleton_conv substitution_ops.grounding_of_cls_def) (1.8 s)
0.sledgehammer goal.unfolding 41235ms Ordered_Resolution_Prover.Abstract_Substitution 963:35436  some Preplay: (smt (cvc5, no_simp) Collect_cong ex_ground_subst is_ground_subst_cls singleton_conv substitution_ops.grounding_of_cls_def) (1.9 s)
0.sledgehammer goal.unfolding 41235ms Ordered_Resolution_Prover.Abstract_Substitution 963:35436  some Preplay: (smt (cvc5, term_relev) Collect_cong ex_ground_subst is_ground_subst_cls singleton_conv substitution_ops.grounding_of_cls_def) (2.1 s)
0.sledgehammer goal.unfolding 41235ms Ordered_Resolution_Prover.Abstract_Substitution 963:35436  some Preplay: (smt (cvc5, trigger_last) Collect_cong ex_ground_subst is_ground_subst_cls singleton_conv substitution_ops.grounding_of_cls_def) (2.1 s)
0.sledgehammer goal.unfolding 41235ms Ordered_Resolution_Prover.Abstract_Substitution 963:35436  some Preplay: (smt (cvc5, quant_saturate) Collect_cong ex_ground_subst is_ground_subst_cls singleton_conv substitution_ops.grounding_of_cls_def) (2.3 s)
0.sledgehammer goal.unfolding 41235ms Ordered_Resolution_Prover.Abstract_Substitution 963:35436  some Preplay: (smt (cvc5, noematch) Collect_cong ex_ground_subst is_ground_subst_cls singleton_conv substitution_ops.grounding_of_cls_def) (2.5 s)
0.sledgehammer goal.unfolding 41235ms Ordered_Resolution_Prover.Abstract_Substitution 963:35436  some Preplay: (smt (cvc5, trigger_max) Collect_cong ex_ground_subst is_ground_subst_cls singleton_conv substitution_ops.grounding_of_cls_def) (3.6 s)
0.sledgehammer goal.unfolding 41235ms Ordered_Resolution_Prover.Abstract_Substitution 963:35436  some Preplay: (smt (cvc5, fmf) Collect_cong ex_ground_subst is_ground_subst_cls singleton_conv substitution_ops.grounding_of_cls_def) (> 1.0 s, timed out)
0.sledgehammer goal.by        27388ms Ordered_Resolution_Prover.Abstract_Substitution 978:36080  some (SH 27388ms, ATP 641ms): Try this: by (smt (cvc5, no_simp) Set.set_insert grounding_of_cls_ground is_ground_cls_if_in_grounding_of_cls singleton_insert_inj_eq') (748 ms)
0.sledgehammer goal.by        27388ms Ordered_Resolution_Prover.Abstract_Substitution 978:36080  some Preplay: (smt (cvc5, no_simp) Set.set_insert grounding_of_cls_ground is_ground_cls_if_in_grounding_of_cls singleton_insert_inj_eq') (748 ms)
0.sledgehammer goal.by        27388ms Ordered_Resolution_Prover.Abstract_Substitution 978:36080  some Preplay: (smt (cvc5, trigger_last) Set.set_insert grounding_of_cls_ground is_ground_cls_if_in_grounding_of_cls singleton_insert_inj_eq') (773 ms)
0.sledgehammer goal.by        27388ms Ordered_Resolution_Prover.Abstract_Substitution 978:36080  some Preplay: (smt (cvc5, term_relev) Set.set_insert grounding_of_cls_ground is_ground_cls_if_in_grounding_of_cls singleton_insert_inj_eq') (774 ms)
0.sledgehammer goal.by        27388ms Ordered_Resolution_Prover.Abstract_Substitution 978:36080  some Preplay: (smt (cvc5, best) Set.set_insert grounding_of_cls_ground is_ground_cls_if_in_grounding_of_cls singleton_insert_inj_eq') (777 ms)
0.sledgehammer goal.by        27388ms Ordered_Resolution_Prover.Abstract_Substitution 978:36080  some Preplay: (smt (cvc5, noematch) Set.set_insert grounding_of_cls_ground is_ground_cls_if_in_grounding_of_cls singleton_insert_inj_eq') (838 ms)
0.sledgehammer goal.by        27388ms Ordered_Resolution_Prover.Abstract_Substitution 978:36080  some Preplay: (smt (cvc5, fmf) Set.set_insert grounding_of_cls_ground is_ground_cls_if_in_grounding_of_cls singleton_insert_inj_eq') (1.0 s)
0.sledgehammer goal.by        27388ms Ordered_Resolution_Prover.Abstract_Substitution 978:36080  some Preplay: (smt (cvc5, quant_saturate) Set.set_insert grounding_of_cls_ground is_ground_cls_if_in_grounding_of_cls singleton_insert_inj_eq') (1.0 s)
0.sledgehammer goal.by        27388ms Ordered_Resolution_Prover.Abstract_Substitution 978:36080  some Preplay: (smt (cvc5, trigger_max) Set.set_insert grounding_of_cls_ground is_ground_cls_if_in_grounding_of_cls singleton_insert_inj_eq') (1.0 s)
0.sledgehammer goal.by        27388ms Ordered_Resolution_Prover.Abstract_Substitution 978:36080  some Preplay: (smt (cvc5, trigger_relev) Set.set_insert grounding_of_cls_ground is_ground_cls_if_in_grounding_of_cls singleton_insert_inj_eq') (2.3 s)
0.sledgehammer goal.by        14489ms Ordered_Resolution_Prover.FO_Ordered_Resolution 98:4032  timeout (SH 14489ms): Timed out
0.sledgehammer goal.using     13740ms Ordered_Resolution_Prover.FO_Ordered_Resolution 245:9300  timeout (SH 13739ms): Timed out
0.sledgehammer goal.by        13529ms Ordered_Resolution_Prover.FO_Ordered_Resolution 246:9347  timeout (SH 13529ms): Timed out
0.sledgehammer goal.proof     12997ms Ordered_Resolution_Prover.FO_Ordered_Resolution 355:13050  timeout (SH 12997ms): Timed out
0.sledgehammer goal.by        51139ms Ordered_Resolution_Prover.FO_Ordered_Resolution 420:15635  some (SH 51138ms, ATP 1095ms): Try this: by (smt (cvc5) Collect_mono_iff infer_from_def inference.sel(1,2) set_mset_add_mset_insert set_mset_empty set_mset_mset set_mset_union)
0.sledgehammer goal.by        51139ms Ordered_Resolution_Prover.FO_Ordered_Resolution 420:15635  some Preplay: (smt (cvc5, best) Collect_mono_iff infer_from_def inference.sel(1,2) set_mset_add_mset_insert set_mset_empty set_mset_mset set_mset_union) (> 1.0 s, timed out)
0.sledgehammer goal.by        51139ms Ordered_Resolution_Prover.FO_Ordered_Resolution 420:15635  some Preplay: (smt (cvc5, trigger_last) Collect_mono_iff infer_from_def inference.sel(1,2) set_mset_add_mset_insert set_mset_empty set_mset_mset set_mset_union) (> 1.0 s, timed out)
0.sledgehammer goal.by        51139ms Ordered_Resolution_Prover.FO_Ordered_Resolution 420:15635  some Preplay: (smt (cvc5, quant_saturate) Collect_mono_iff infer_from_def inference.sel(1,2) set_mset_add_mset_insert set_mset_empty set_mset_mset set_mset_union) (> 1.0 s, timed out)
0.sledgehammer goal.by        51139ms Ordered_Resolution_Prover.FO_Ordered_Resolution 420:15635  some Preplay: (smt (cvc5, trigger_max) Collect_mono_iff infer_from_def inference.sel(1,2) set_mset_add_mset_insert set_mset_empty set_mset_mset set_mset_union) (> 1.0 s, timed out)
0.sledgehammer goal.by        51139ms Ordered_Resolution_Prover.FO_Ordered_Resolution 420:15635  some Preplay: (smt (cvc5, trigger_relev) Collect_mono_iff infer_from_def inference.sel(1,2) set_mset_add_mset_insert set_mset_empty set_mset_mset set_mset_union) (> 1.0 s, timed out)
0.sledgehammer goal.by        51139ms Ordered_Resolution_Prover.FO_Ordered_Resolution 420:15635  some Preplay: (smt (cvc5, term_relev) Collect_mono_iff infer_from_def inference.sel(1,2) set_mset_add_mset_insert set_mset_empty set_mset_mset set_mset_union) (> 1.0 s, timed out)
0.sledgehammer goal.by        51139ms Ordered_Resolution_Prover.FO_Ordered_Resolution 420:15635  some Preplay: (smt (cvc5, noematch) Collect_mono_iff infer_from_def inference.sel(1,2) set_mset_add_mset_insert set_mset_empty set_mset_mset set_mset_union) (> 1.0 s, timed out)
0.sledgehammer goal.by        51139ms Ordered_Resolution_Prover.FO_Ordered_Resolution 420:15635  some Preplay: (smt (cvc5, fmf) Collect_mono_iff infer_from_def inference.sel(1,2) set_mset_add_mset_insert set_mset_empty set_mset_mset set_mset_union) (> 1.0 s, timed out)
0.sledgehammer goal.by        51139ms Ordered_Resolution_Prover.FO_Ordered_Resolution 420:15635  some Preplay: (smt (cvc5, no_simp) Collect_mono_iff infer_from_def inference.sel(1,2) set_mset_add_mset_insert set_mset_empty set_mset_mset set_mset_union) (> 1.0 s, timed out)
0.sledgehammer goal.using     37972ms Ordered_Resolution_Prover.FO_Ordered_Resolution 434:16060  some (SH 37972ms, ATP 137ms): Try this: by (smt (cvc5, best) ord_resolve_rename_unique res_e the_equality) (356 ms)
0.sledgehammer goal.using     37972ms Ordered_Resolution_Prover.FO_Ordered_Resolution 434:16060  some Preplay: (smt (cvc5, best) ord_resolve_rename_unique res_e the_equality) (356 ms)
0.sledgehammer goal.using     37972ms Ordered_Resolution_Prover.FO_Ordered_Resolution 434:16060  some Preplay: (smt (cvc5, no_simp) ord_resolve_rename_unique res_e the_equality) (859 ms)
0.sledgehammer goal.using     37972ms Ordered_Resolution_Prover.FO_Ordered_Resolution 434:16060  some Preplay: (smt (cvc5, trigger_relev) ord_resolve_rename_unique res_e the_equality) (871 ms)
0.sledgehammer goal.using     37972ms Ordered_Resolution_Prover.FO_Ordered_Resolution 434:16060  some Preplay: (smt (cvc5, term_relev) ord_resolve_rename_unique res_e the_equality) (893 ms)
0.sledgehammer goal.using     37972ms Ordered_Resolution_Prover.FO_Ordered_Resolution 434:16060  some Preplay: (smt (cvc5, trigger_last) ord_resolve_rename_unique res_e the_equality) (1.0 s)
0.sledgehammer goal.using     37972ms Ordered_Resolution_Prover.FO_Ordered_Resolution 434:16060  some Preplay: (smt (cvc5, fmf) ord_resolve_rename_unique res_e the_equality) (1.1 s)
0.sledgehammer goal.using     37972ms Ordered_Resolution_Prover.FO_Ordered_Resolution 434:16060  some Preplay: (smt (cvc5, noematch) ord_resolve_rename_unique res_e the_equality) (1.1 s)
0.sledgehammer goal.using     37972ms Ordered_Resolution_Prover.FO_Ordered_Resolution 434:16060  some Preplay: (smt (cvc5, quant_saturate) ord_resolve_rename_unique res_e the_equality) (2.2 s)
0.sledgehammer goal.using     37972ms Ordered_Resolution_Prover.FO_Ordered_Resolution 434:16060  some Preplay: (smt (cvc5, trigger_max) ord_resolve_rename_unique res_e the_equality) (> 356 ms, timed out)
0.sledgehammer goal.by        13428ms Ordered_Resolution_Prover.FO_Ordered_Resolution 434:16098  some (SH 13428ms, ATP 117ms): Try this: by (smt (cvc5, best) the_equality) (544 ms)
0.sledgehammer goal.by        13428ms Ordered_Resolution_Prover.FO_Ordered_Resolution 434:16098  some Preplay: (smt (cvc5, best) the_equality) (544 ms)
0.sledgehammer goal.by        13428ms Ordered_Resolution_Prover.FO_Ordered_Resolution 434:16098  some Preplay: (smt (cvc5, trigger_relev) the_equality) (848 ms)
0.sledgehammer goal.by        13428ms Ordered_Resolution_Prover.FO_Ordered_Resolution 434:16098  some Preplay: (smt (cvc5, trigger_max) the_equality) (852 ms)
0.sledgehammer goal.by        13428ms Ordered_Resolution_Prover.FO_Ordered_Resolution 434:16098  some Preplay: (smt (cvc5, quant_saturate) the_equality) (871 ms)
0.sledgehammer goal.by        13428ms Ordered_Resolution_Prover.FO_Ordered_Resolution 434:16098  some Preplay: (smt (cvc5, term_relev) the_equality) (889 ms)
0.sledgehammer goal.by        13428ms Ordered_Resolution_Prover.FO_Ordered_Resolution 434:16098  some Preplay: (smt (cvc5, no_simp) the_equality) (904 ms)
0.sledgehammer goal.by        13428ms Ordered_Resolution_Prover.FO_Ordered_Resolution 434:16098  some Preplay: (smt (cvc5, noematch) the_equality) (924 ms)
0.sledgehammer goal.by        13428ms Ordered_Resolution_Prover.FO_Ordered_Resolution 434:16098  some Preplay: (smt (cvc5, trigger_last) the_equality) (1.0 s)
0.sledgehammer goal.by        13428ms Ordered_Resolution_Prover.FO_Ordered_Resolution 434:16098  some Preplay: (smt (cvc5, fmf) the_equality) (1.0 s)
0.sledgehammer goal.using     15478ms Ordered_Resolution_Prover.FO_Ordered_Resolution 437:16209  timeout (SH 15477ms): Timed out
0.sledgehammer goal.by        187228ms Ordered_Resolution_Prover.FO_Ordered_Resolution 439:16302  some (SH 187228ms, ATP 235ms): Try this: by (smt (cvc5, term_relev) Max_ge_iff empty_iff finite.emptyI finite_Un finite_imageI finite_insert image_eqI in_listsI mem_Collect_eq subset_eq) (534 ms)
0.sledgehammer goal.by        187228ms Ordered_Resolution_Prover.FO_Ordered_Resolution 439:16302  some Preplay: (smt (cvc5, term_relev) Max_ge_iff empty_iff finite.emptyI finite_Un finite_imageI finite_insert image_eqI in_listsI mem_Collect_eq subset_eq) (534 ms)
0.sledgehammer goal.by        187228ms Ordered_Resolution_Prover.FO_Ordered_Resolution 439:16302  some Preplay: (smt (cvc5, trigger_relev) Max_ge_iff empty_iff finite.emptyI finite_Un finite_imageI finite_insert image_eqI in_listsI mem_Collect_eq subset_eq) (875 ms)
0.sledgehammer goal.by        187228ms Ordered_Resolution_Prover.FO_Ordered_Resolution 439:16302  some Preplay: (smt (cvc5, best) Max_ge_iff empty_iff finite.emptyI finite_Un finite_imageI finite_insert image_eqI in_listsI mem_Collect_eq subset_eq) (1.0 s)
0.sledgehammer goal.by        187228ms Ordered_Resolution_Prover.FO_Ordered_Resolution 439:16302  some Preplay: (smt (cvc5, quant_saturate) Max_ge_iff empty_iff finite.emptyI finite_Un finite_imageI finite_insert image_eqI in_listsI mem_Collect_eq subset_eq) (1.0 s)
0.sledgehammer goal.by        187228ms Ordered_Resolution_Prover.FO_Ordered_Resolution 439:16302  some Preplay: (smt (cvc5, trigger_last) Max_ge_iff empty_iff finite.emptyI finite_Un finite_imageI finite_insert image_eqI in_listsI mem_Collect_eq subset_eq) (1.1 s)
0.sledgehammer goal.by        187228ms Ordered_Resolution_Prover.FO_Ordered_Resolution 439:16302  some Preplay: (smt (cvc5, trigger_max) Max_ge_iff empty_iff finite.emptyI finite_Un finite_imageI finite_insert image_eqI in_listsI mem_Collect_eq subset_eq) (2.7 s)
0.sledgehammer goal.by        187228ms Ordered_Resolution_Prover.FO_Ordered_Resolution 439:16302  some Preplay: (smt (cvc5, noematch) Max_ge_iff empty_iff finite.emptyI finite_Un finite_imageI finite_insert image_eqI in_listsI mem_Collect_eq subset_eq) (> 534 ms, timed out)
0.sledgehammer goal.by        187228ms Ordered_Resolution_Prover.FO_Ordered_Resolution 439:16302  some Preplay: (smt (cvc5, fmf) Max_ge_iff empty_iff finite.emptyI finite_Un finite_imageI finite_insert image_eqI in_listsI mem_Collect_eq subset_eq) (> 534 ms, timed out)
0.sledgehammer goal.by        187228ms Ordered_Resolution_Prover.FO_Ordered_Resolution 439:16302  some Preplay: (smt (cvc5, no_simp) Max_ge_iff empty_iff finite.emptyI finite_Un finite_imageI finite_insert image_eqI in_listsI mem_Collect_eq subset_eq) (> 534 ms, timed out)
0.sledgehammer goal.using     13211ms Ordered_Resolution_Prover.FO_Ordered_Resolution 509:18871  timeout (SH 13211ms): Timed out
0.sledgehammer goal.by        42255ms Ordered_Resolution_Prover.FO_Ordered_Resolution 510:18932  some (SH 42255ms, ATP 2084ms): Try this: by (smt (cvc5) in_set_conv_nth length_map list.set_map mset_subset_eqD multiset.set_map neg_lit_in_atms_of nth_map nth_mem_mset set_mset_mset set_mset_mset subsetI subst_atm_list_length)
0.sledgehammer goal.by        42255ms Ordered_Resolution_Prover.FO_Ordered_Resolution 510:18932  some Preplay: (smt (cvc5, best) in_set_conv_nth length_map list.set_map mset_subset_eqD multiset.set_map neg_lit_in_atms_of nth_map nth_mem_mset set_mset_mset set_mset_mset subsetI subst_atm_list_length) (> 1.0 s, timed out)
0.sledgehammer goal.by        42255ms Ordered_Resolution_Prover.FO_Ordered_Resolution 510:18932  some Preplay: (smt (cvc5, trigger_last) in_set_conv_nth length_map list.set_map mset_subset_eqD multiset.set_map neg_lit_in_atms_of nth_map nth_mem_mset set_mset_mset set_mset_mset subsetI subst_atm_list_length) (> 1.0 s, timed out)
0.sledgehammer goal.by        42255ms Ordered_Resolution_Prover.FO_Ordered_Resolution 510:18932  some Preplay: (smt (cvc5, quant_saturate) in_set_conv_nth length_map list.set_map mset_subset_eqD multiset.set_map neg_lit_in_atms_of nth_map nth_mem_mset set_mset_mset set_mset_mset subsetI subst_atm_list_length) (> 1.0 s, timed out)
0.sledgehammer goal.by        42255ms Ordered_Resolution_Prover.FO_Ordered_Resolution 510:18932  some Preplay: (smt (cvc5, trigger_max) in_set_conv_nth length_map list.set_map mset_subset_eqD multiset.set_map neg_lit_in_atms_of nth_map nth_mem_mset set_mset_mset set_mset_mset subsetI subst_atm_list_length) (> 1.0 s, timed out)
0.sledgehammer goal.by        42255ms Ordered_Resolution_Prover.FO_Ordered_Resolution 510:18932  some Preplay: (smt (cvc5, trigger_relev) in_set_conv_nth length_map list.set_map mset_subset_eqD multiset.set_map neg_lit_in_atms_of nth_map nth_mem_mset set_mset_mset set_mset_mset subsetI subst_atm_list_length) (> 1.0 s, timed out)
0.sledgehammer goal.by        42255ms Ordered_Resolution_Prover.FO_Ordered_Resolution 510:18932  some Preplay: (smt (cvc5, term_relev) in_set_conv_nth length_map list.set_map mset_subset_eqD multiset.set_map neg_lit_in_atms_of nth_map nth_mem_mset set_mset_mset set_mset_mset subsetI subst_atm_list_length) (> 1.0 s, timed out)
0.sledgehammer goal.by        42255ms Ordered_Resolution_Prover.FO_Ordered_Resolution 510:18932  some Preplay: (smt (cvc5, noematch) in_set_conv_nth length_map list.set_map mset_subset_eqD multiset.set_map neg_lit_in_atms_of nth_map nth_mem_mset set_mset_mset set_mset_mset subsetI subst_atm_list_length) (> 1.0 s, timed out)
0.sledgehammer goal.by        42255ms Ordered_Resolution_Prover.FO_Ordered_Resolution 510:18932  some Preplay: (smt (cvc5, fmf) in_set_conv_nth length_map list.set_map mset_subset_eqD multiset.set_map neg_lit_in_atms_of nth_map nth_mem_mset set_mset_mset set_mset_mset subsetI subst_atm_list_length) (> 1.0 s, timed out)
0.sledgehammer goal.by        42255ms Ordered_Resolution_Prover.FO_Ordered_Resolution 510:18932  some Preplay: (smt (cvc5, no_simp) in_set_conv_nth length_map list.set_map mset_subset_eqD multiset.set_map neg_lit_in_atms_of nth_map nth_mem_mset set_mset_mset set_mset_mset subsetI subst_atm_list_length) (> 1.0 s, timed out)
0.sledgehammer goal.by        40900ms Ordered_Resolution_Prover.FO_Ordered_Resolution 527:19582  some (SH 40900ms, ATP 1499ms): Try this: by (smt (cvc5) Collect_mono_iff insert_subset sup.bounded_iff)
0.sledgehammer goal.by        40900ms Ordered_Resolution_Prover.FO_Ordered_Resolution 527:19582  some Preplay: (smt (cvc5, best) Collect_mono_iff insert_subset sup.bounded_iff) (> 1.0 s, timed out)
0.sledgehammer goal.by        40900ms Ordered_Resolution_Prover.FO_Ordered_Resolution 527:19582  some Preplay: (smt (cvc5, trigger_last) Collect_mono_iff insert_subset sup.bounded_iff) (> 1.0 s, timed out)
0.sledgehammer goal.by        40900ms Ordered_Resolution_Prover.FO_Ordered_Resolution 527:19582  some Preplay: (smt (cvc5, quant_saturate) Collect_mono_iff insert_subset sup.bounded_iff) (> 1.0 s, timed out)
0.sledgehammer goal.by        40900ms Ordered_Resolution_Prover.FO_Ordered_Resolution 527:19582  some Preplay: (smt (cvc5, trigger_max) Collect_mono_iff insert_subset sup.bounded_iff) (> 1.0 s, timed out)
0.sledgehammer goal.by        40900ms Ordered_Resolution_Prover.FO_Ordered_Resolution 527:19582  some Preplay: (smt (cvc5, trigger_relev) Collect_mono_iff insert_subset sup.bounded_iff) (> 1.0 s, timed out)
0.sledgehammer goal.by        40900ms Ordered_Resolution_Prover.FO_Ordered_Resolution 527:19582  some Preplay: (smt (cvc5, term_relev) Collect_mono_iff insert_subset sup.bounded_iff) (> 1.0 s, timed out)
0.sledgehammer goal.by        40900ms Ordered_Resolution_Prover.FO_Ordered_Resolution 527:19582  some Preplay: (smt (cvc5, noematch) Collect_mono_iff insert_subset sup.bounded_iff) (> 1.0 s, timed out)
0.sledgehammer goal.by        40900ms Ordered_Resolution_Prover.FO_Ordered_Resolution 527:19582  some Preplay: (smt (cvc5, fmf) Collect_mono_iff insert_subset sup.bounded_iff) (> 1.0 s, timed out)
0.sledgehammer goal.by        40900ms Ordered_Resolution_Prover.FO_Ordered_Resolution 527:19582  some Preplay: (smt (cvc5, no_simp) Collect_mono_iff insert_subset sup.bounded_iff) (> 1.0 s, timed out)
0.sledgehammer goal.proof     13628ms Ordered_Resolution_Prover.FO_Ordered_Resolution 598:21688  timeout (SH 13628ms): Timed out
0.sledgehammer goal.using     13676ms Ordered_Resolution_Prover.FO_Ordered_Resolution 693:25409  timeout (SH 13676ms): Timed out
0.sledgehammer goal.by        15846ms Ordered_Resolution_Prover.FO_Ordered_Resolution 693:25423  timeout (SH 15846ms): Timed out
0.sledgehammer goal.using     14890ms Ordered_Resolution_Prover.FO_Ordered_Resolution 1064:39871  timeout (SH 14889ms): Timed out
0.sledgehammer goal.by        41498ms Ordered_Resolution_Prover.FO_Ordered_Resolution 1155:43309  some (SH 41497ms, ATP 1522ms): Try this: by (smt (cvc5) image_cong image_image image_image list.set_map multiset.set_map)
0.sledgehammer goal.by        41498ms Ordered_Resolution_Prover.FO_Ordered_Resolution 1155:43309  some Preplay: (smt (cvc5, best) image_cong image_image list.set_map multiset.set_map) (> 1.0 s, timed out)
0.sledgehammer goal.by        41498ms Ordered_Resolution_Prover.FO_Ordered_Resolution 1155:43309  some Preplay: (smt (cvc5, trigger_last) image_cong image_image list.set_map multiset.set_map) (> 1.0 s, timed out)
0.sledgehammer goal.by        41498ms Ordered_Resolution_Prover.FO_Ordered_Resolution 1155:43309  some Preplay: (smt (cvc5, quant_saturate) image_cong image_image list.set_map multiset.set_map) (> 1.0 s, timed out)
0.sledgehammer goal.by        41498ms Ordered_Resolution_Prover.FO_Ordered_Resolution 1155:43309  some Preplay: (smt (cvc5, trigger_max) image_cong image_image list.set_map multiset.set_map) (> 1.0 s, timed out)
0.sledgehammer goal.by        41498ms Ordered_Resolution_Prover.FO_Ordered_Resolution 1155:43309  some Preplay: (smt (cvc5, trigger_relev) image_cong image_image list.set_map multiset.set_map) (> 1.0 s, timed out)
0.sledgehammer goal.by        41498ms Ordered_Resolution_Prover.FO_Ordered_Resolution 1155:43309  some Preplay: (smt (cvc5, term_relev) image_cong image_image list.set_map multiset.set_map) (> 1.0 s, timed out)
0.sledgehammer goal.by        41498ms Ordered_Resolution_Prover.FO_Ordered_Resolution 1155:43309  some Preplay: (smt (cvc5, noematch) image_cong image_image list.set_map multiset.set_map) (> 1.0 s, timed out)
0.sledgehammer goal.by        41498ms Ordered_Resolution_Prover.FO_Ordered_Resolution 1155:43309  some Preplay: (smt (cvc5, fmf) image_cong image_image list.set_map multiset.set_map) (> 1.0 s, timed out)
0.sledgehammer goal.by        41498ms Ordered_Resolution_Prover.FO_Ordered_Resolution 1155:43309  some Preplay: (smt (cvc5, no_simp) image_cong image_image list.set_map multiset.set_map) (> 1.0 s, timed out)
0.sledgehammer goal.using     90421ms Ordered_Resolution_Prover.FO_Ordered_Resolution 1163:43677  some (SH 90421ms, ATP 325ms): Try this: by (smt (cvc5, no_simp) image_iff list.set_finite list.set_map mgu_complete multiset.set_finite) (378 ms)
0.sledgehammer goal.using     90421ms Ordered_Resolution_Prover.FO_Ordered_Resolution 1163:43677  some Preplay: (smt (cvc5, no_simp) image_iff list.set_finite list.set_map mgu_complete multiset.set_finite) (378 ms)
0.sledgehammer goal.using     90421ms Ordered_Resolution_Prover.FO_Ordered_Resolution 1163:43677  some Preplay: (smt (cvc5, term_relev) image_iff list.set_finite list.set_map mgu_complete multiset.set_finite) (875 ms)
0.sledgehammer goal.using     90421ms Ordered_Resolution_Prover.FO_Ordered_Resolution 1163:43677  some Preplay: (smt (cvc5, trigger_max) image_iff list.set_finite list.set_map mgu_complete multiset.set_finite) (1.0 s)
0.sledgehammer goal.using     90421ms Ordered_Resolution_Prover.FO_Ordered_Resolution 1163:43677  some Preplay: (smt (cvc5, quant_saturate) image_iff list.set_finite list.set_map mgu_complete multiset.set_finite) (1.0 s)
0.sledgehammer goal.using     90421ms Ordered_Resolution_Prover.FO_Ordered_Resolution 1163:43677  some Preplay: (smt (cvc5, trigger_relev) image_iff list.set_finite list.set_map mgu_complete multiset.set_finite) (1.2 s)
0.sledgehammer goal.using     90421ms Ordered_Resolution_Prover.FO_Ordered_Resolution 1163:43677  some Preplay: (smt (cvc5, best) image_iff list.set_finite list.set_map mgu_complete multiset.set_finite) (1.2 s)
0.sledgehammer goal.using     90421ms Ordered_Resolution_Prover.FO_Ordered_Resolution 1163:43677  some Preplay: (smt (cvc5, trigger_last) image_iff list.set_finite list.set_map mgu_complete multiset.set_finite) (1.7 s)
0.sledgehammer goal.using     90421ms Ordered_Resolution_Prover.FO_Ordered_Resolution 1163:43677  some Preplay: (smt (cvc5, noematch) image_iff list.set_finite list.set_map mgu_complete multiset.set_finite) (> 875 ms, timed out)
0.sledgehammer goal.using     90421ms Ordered_Resolution_Prover.FO_Ordered_Resolution 1163:43677  some Preplay: (smt (cvc5, fmf) image_iff list.set_finite list.set_map mgu_complete multiset.set_finite) (> 875 ms, timed out)
0.sledgehammer goal.by        58059ms Ordered_Resolution_Prover.FO_Ordered_Resolution 1164:43702  timeout (SH 58059ms):
0.sledgehammer goal.by        14396ms Ordered_Resolution_Prover.FO_Ordered_Resolution 1166:43857  timeout (SH 14395ms): Timed out
0.sledgehammer goal.proof     13460ms Ordered_Resolution_Prover.FO_Ordered_Resolution 1265:48072  timeout (SH 13460ms): Timed out
0.sledgehammer goal.using     55699ms Ordered_Resolution_Prover.FO_Ordered_Resolution 1269:48251  timeout (SH 55699ms):
0.sledgehammer goal.unfolding 13575ms Ordered_Resolution_Prover.FO_Ordered_Resolution 1346:51540  timeout (SH 13575ms): Timed out
0.sledgehammer goal.unfolding 13808ms Ordered_Resolution_Prover.FO_Ordered_Resolution_Prover 176:6358  timeout (SH 13808ms): Timed out
0.sledgehammer goal.using     15224ms Ordered_Resolution_Prover.FO_Ordered_Resolution_Prover 191:7065  timeout (SH 15224ms): Timed out
0.sledgehammer goal.using     17910ms Ordered_Resolution_Prover.FO_Ordered_Resolution_Prover 211:7836  some (SH 17910ms, ATP 1813ms): Try this: by (smt (cvc5, trigger_last) mem_Collect_eq standard_redundancy_criterion.Rf_def) (565 ms)
0.sledgehammer goal.using     17910ms Ordered_Resolution_Prover.FO_Ordered_Resolution_Prover 211:7836  some Preplay: (smt (cvc5, trigger_last) mem_Collect_eq standard_redundancy_criterion.Rf_def) (565 ms)
0.sledgehammer goal.using     17910ms Ordered_Resolution_Prover.FO_Ordered_Resolution_Prover 211:7836  some Preplay: (smt (cvc5, trigger_relev) mem_Collect_eq standard_redundancy_criterion.Rf_def) (664 ms)
0.sledgehammer goal.using     17910ms Ordered_Resolution_Prover.FO_Ordered_Resolution_Prover 211:7836  some Preplay: (smt (cvc5, best) mem_Collect_eq standard_redundancy_criterion.Rf_def) (691 ms)
0.sledgehammer goal.using     17910ms Ordered_Resolution_Prover.FO_Ordered_Resolution_Prover 211:7836  some Preplay: (smt (cvc5, no_simp) mem_Collect_eq standard_redundancy_criterion.Rf_def) (703 ms)
0.sledgehammer goal.using     17910ms Ordered_Resolution_Prover.FO_Ordered_Resolution_Prover 211:7836  some Preplay: (smt (cvc5, trigger_max) mem_Collect_eq standard_redundancy_criterion.Rf_def) (762 ms)
0.sledgehammer goal.using     17910ms Ordered_Resolution_Prover.FO_Ordered_Resolution_Prover 211:7836  some Preplay: (smt (cvc5, quant_saturate) mem_Collect_eq standard_redundancy_criterion.Rf_def) (795 ms)
0.sledgehammer goal.using     17910ms Ordered_Resolution_Prover.FO_Ordered_Resolution_Prover 211:7836  some Preplay: (smt (cvc5, term_relev) mem_Collect_eq standard_redundancy_criterion.Rf_def) (824 ms)
0.sledgehammer goal.using     17910ms Ordered_Resolution_Prover.FO_Ordered_Resolution_Prover 211:7836  some Preplay: (smt (cvc5, noematch) mem_Collect_eq standard_redundancy_criterion.Rf_def) (899 ms)
0.sledgehammer goal.using     17910ms Ordered_Resolution_Prover.FO_Ordered_Resolution_Prover 211:7836  some Preplay: (smt (cvc5, fmf) mem_Collect_eq standard_redundancy_criterion.Rf_def) (1.4 s)
0.sledgehammer goal.using     55797ms Ordered_Resolution_Prover.FO_Ordered_Resolution_Prover 264:9520  timeout (SH 55797ms):
0.sledgehammer goal.unfolding 53162ms Ordered_Resolution_Prover.FO_Ordered_Resolution_Prover 264:9532  timeout (SH 53162ms):
0.sledgehammer goal.by        13429ms Ordered_Resolution_Prover.FO_Ordered_Resolution_Prover 272:9876  timeout (SH 13429ms): Timed out
0.sledgehammer goal.unfolding 169213ms Ordered_Resolution_Prover.FO_Ordered_Resolution_Prover 293:10438  some (SH 169213ms, ATP 1466ms): Try this: by (smt (cvc5, no_simp) Set.set_insert UnCI \<mu>_p assms(2) ground_subst_ground_cls grounding_of_cls_ground grounding_of_clss_insert grounding_of_clss_union grounding_of_subst_cls_subset insert_subset) (367 ms)
0.sledgehammer goal.unfolding 169213ms Ordered_Resolution_Prover.FO_Ordered_Resolution_Prover 293:10438  some Preplay: (smt (cvc5, no_simp) Set.set_insert UnCI \<mu>_p assms(2) ground_subst_ground_cls grounding_of_cls_ground grounding_of_clss_insert grounding_of_clss_union grounding_of_subst_cls_subset insert_subset) (367 ms)
0.sledgehammer goal.unfolding 169213ms Ordered_Resolution_Prover.FO_Ordered_Resolution_Prover 293:10438  some Preplay: (smt (cvc5, trigger_max) Set.set_insert UnCI \<mu>_p assms(2) ground_subst_ground_cls grounding_of_cls_ground grounding_of_clss_insert grounding_of_subst_cls_subset insert_subset) (373 ms)
0.sledgehammer goal.unfolding 169213ms Ordered_Resolution_Prover.FO_Ordered_Resolution_Prover 293:10438  some Preplay: (smt (cvc5, best) Set.set_insert UnCI \<mu>_p assms(2) ground_subst_ground_cls grounding_of_cls_ground grounding_of_clss_insert grounding_of_clss_union grounding_of_subst_cls_subset insert_subset) (782 ms)
0.sledgehammer goal.unfolding 169213ms Ordered_Resolution_Prover.FO_Ordered_Resolution_Prover 293:10438  some Preplay: (smt (cvc5, trigger_last) Set.set_insert UnCI \<mu>_p assms(2) ground_subst_ground_cls grounding_of_cls_ground grounding_of_clss_insert grounding_of_clss_union grounding_of_subst_cls_subset insert_subset) (989 ms)
0.sledgehammer goal.unfolding 169213ms Ordered_Resolution_Prover.FO_Ordered_Resolution_Prover 293:10438  some Preplay: (smt (cvc5, trigger_relev) Set.set_insert UnCI \<mu>_p assms(2) ground_subst_ground_cls grounding_of_cls_ground grounding_of_clss_insert grounding_of_clss_union grounding_of_subst_cls_subset insert_subset) (1.0 s)
0.sledgehammer goal.unfolding 169213ms Ordered_Resolution_Prover.FO_Ordered_Resolution_Prover 293:10438  some Preplay: (smt (cvc5, quant_saturate) Set.set_insert UnCI \<mu>_p assms(2) ground_subst_ground_cls grounding_of_cls_ground grounding_of_clss_insert grounding_of_clss_union grounding_of_subst_cls_subset insert_subset) (1.1 s)
0.sledgehammer goal.unfolding 169213ms Ordered_Resolution_Prover.FO_Ordered_Resolution_Prover 293:10438  some Preplay: (smt (cvc5, term_relev) Set.set_insert UnCI \<mu>_p assms(2) ground_subst_ground_cls grounding_of_cls_ground grounding_of_clss_insert grounding_of_clss_union grounding_of_subst_cls_subset insert_subset) (1.1 s)
0.sledgehammer goal.unfolding 169213ms Ordered_Resolution_Prover.FO_Ordered_Resolution_Prover 293:10438  some Preplay: (smt (cvc5, noematch) Set.set_insert UnCI \<mu>_p assms(2) ground_subst_ground_cls grounding_of_cls_ground grounding_of_clss_insert grounding_of_clss_union grounding_of_subst_cls_subset insert_subset) (> 782 ms, timed out)
0.sledgehammer goal.unfolding 169213ms Ordered_Resolution_Prover.FO_Ordered_Resolution_Prover 293:10438  some Preplay: (smt (cvc5, fmf) Set.set_insert UnCI \<mu>_p assms(2) ground_subst_ground_cls grounding_of_cls_ground grounding_of_clss_insert grounding_of_clss_union grounding_of_subst_cls_subset insert_subset) (> 782 ms, timed out)
0.sledgehammer goal.by        14101ms Ordered_Resolution_Prover.FO_Ordered_Resolution_Prover 294:10495  timeout (SH 14101ms): Timed out
0.sledgehammer goal.using     58722ms Ordered_Resolution_Prover.FO_Ordered_Resolution_Prover 325:12230  timeout (SH 58722ms):
0.sledgehammer goal.unfolding 54976ms Ordered_Resolution_Prover.FO_Ordered_Resolution_Prover 325:12259  timeout (SH 54975ms):
0.sledgehammer goal.using     62166ms Ordered_Resolution_Prover.FO_Ordered_Resolution_Prover 371:14068  timeout (SH 62166ms):
0.sledgehammer goal.using     54830ms Ordered_Resolution_Prover.FO_Ordered_Resolution_Prover 376:14269  timeout (SH 54830ms):
0.sledgehammer goal.unfolding 56461ms Ordered_Resolution_Prover.FO_Ordered_Resolution_Prover 377:14347  timeout (SH 56461ms):
0.sledgehammer goal.using     56939ms Ordered_Resolution_Prover.FO_Ordered_Resolution_Prover 381:14492  timeout (SH 56939ms):
0.sledgehammer goal.using     93263ms Ordered_Resolution_Prover.FO_Ordered_Resolution_Prover 390:14846  some (SH 93263ms, ATP 1294ms): Try this: by (smt (cvc5, best) N_of_state.simps P_of_state.simps Q_of_state.simps Un_assoc Un_commute Un_iff Un_left_commute reduction_derivable) (340 ms)
0.sledgehammer goal.using     93263ms Ordered_Resolution_Prover.FO_Ordered_Resolution_Prover 390:14846  some Preplay: (smt (cvc5, best) N_of_state.simps P_of_state.simps Q_of_state.simps Un_assoc Un_commute Un_iff Un_left_commute reduction_derivable) (340 ms)
0.sledgehammer goal.using     93263ms Ordered_Resolution_Prover.FO_Ordered_Resolution_Prover 390:14846  some Preplay: (smt (cvc5, quant_saturate) N_of_state.simps P_of_state.simps Q_of_state.simps Un_assoc Un_commute Un_iff Un_left_commute reduction_derivable) (361 ms)
0.sledgehammer goal.using     93263ms Ordered_Resolution_Prover.FO_Ordered_Resolution_Prover 390:14846  some Preplay: (smt (cvc5, trigger_last) N_of_state.simps P_of_state.simps Q_of_state.simps Un_assoc Un_commute Un_iff Un_left_commute reduction_derivable) (379 ms)
0.sledgehammer goal.using     93263ms Ordered_Resolution_Prover.FO_Ordered_Resolution_Prover 390:14846  some Preplay: (smt (cvc5, trigger_max) N_of_state.simps P_of_state.simps Q_of_state.simps Un_absorb Un_assoc Un_commute Un_iff Un_left_commute reduction_derivable) (396 ms)
0.sledgehammer goal.using     93263ms Ordered_Resolution_Prover.FO_Ordered_Resolution_Prover 390:14846  some Preplay: (smt (cvc5, trigger_relev) N_of_state.simps P_of_state.simps Q_of_state.simps Un_absorb Un_assoc Un_commute Un_iff Un_left_commute reduction_derivable) (> 396 ms, timed out)
0.sledgehammer goal.using     93263ms Ordered_Resolution_Prover.FO_Ordered_Resolution_Prover 390:14846  some Preplay: (smt (cvc5, term_relev) N_of_state.simps P_of_state.simps Q_of_state.simps Un_absorb Un_assoc Un_commute Un_iff Un_left_commute reduction_derivable) (> 396 ms, timed out)
0.sledgehammer goal.using     93263ms Ordered_Resolution_Prover.FO_Ordered_Resolution_Prover 390:14846  some Preplay: (smt (cvc5, noematch) N_of_state.simps P_of_state.simps Q_of_state.simps Un_absorb Un_assoc Un_commute Un_iff Un_left_commute reduction_derivable) (> 396 ms, timed out)
0.sledgehammer goal.using     93263ms Ordered_Resolution_Prover.FO_Ordered_Resolution_Prover 390:14846  some Preplay: (smt (cvc5, fmf) N_of_state.simps P_of_state.simps Q_of_state.simps Un_absorb Un_assoc Un_commute Un_iff Un_left_commute reduction_derivable) (> 396 ms, timed out)
0.sledgehammer goal.using     93263ms Ordered_Resolution_Prover.FO_Ordered_Resolution_Prover 390:14846  some Preplay: (smt (cvc5, no_simp) N_of_state.simps P_of_state.simps Q_of_state.simps Un_absorb Un_assoc Un_commute Un_iff Un_left_commute reduction_derivable) (> 396 ms, timed out)
0.sledgehammer goal.using     13917ms Ordered_Resolution_Prover.FO_Ordered_Resolution_Prover 394:14975  timeout (SH 13917ms): Timed out
0.sledgehammer goal.unfolding 53378ms Ordered_Resolution_Prover.FO_Ordered_Resolution_Prover 414:15805  some (SH 53377ms, ATP 1664ms): Try this: by (smt (cvc5, fmf) inference.sel(3) mem_Collect_eq ord_FO_\<Gamma>_def) (672 ms)
0.sledgehammer goal.unfolding 53378ms Ordered_Resolution_Prover.FO_Ordered_Resolution_Prover 414:15805  some Preplay: (smt (cvc5, fmf) inference.sel(3) mem_Collect_eq ord_FO_\<Gamma>_def) (672 ms)
0.sledgehammer goal.unfolding 53378ms Ordered_Resolution_Prover.FO_Ordered_Resolution_Prover 414:15805  some Preplay: (smt (cvc5, noematch) inference.sel(3) mem_Collect_eq ord_FO_\<Gamma>_def) (694 ms)
0.sledgehammer goal.unfolding 53378ms Ordered_Resolution_Prover.FO_Ordered_Resolution_Prover 414:15805  some Preplay: (smt (cvc5, no_simp) inference.sel(3) mem_Collect_eq ord_FO_\<Gamma>_def) (760 ms)
0.sledgehammer goal.unfolding 53378ms Ordered_Resolution_Prover.FO_Ordered_Resolution_Prover 414:15805  some Preplay: (smt (cvc5, trigger_last) inference.sel(3) mem_Collect_eq ord_FO_\<Gamma>_def) (1.1 s)
0.sledgehammer goal.unfolding 53378ms Ordered_Resolution_Prover.FO_Ordered_Resolution_Prover 414:15805  some Preplay: (smt (cvc5, trigger_relev) inference.sel(3) mem_Collect_eq ord_FO_\<Gamma>_def) (1.1 s)
0.sledgehammer goal.unfolding 53378ms Ordered_Resolution_Prover.FO_Ordered_Resolution_Prover 414:15805  some Preplay: (smt (cvc5, best) inference.sel(3) mem_Collect_eq ord_FO_\<Gamma>_def) (1.1 s)
0.sledgehammer goal.unfolding 53378ms Ordered_Resolution_Prover.FO_Ordered_Resolution_Prover 414:15805  some Preplay: (smt (cvc5, trigger_max) inference.sel(3) mem_Collect_eq ord_FO_\<Gamma>_def) (1.3 s)
0.sledgehammer goal.unfolding 53378ms Ordered_Resolution_Prover.FO_Ordered_Resolution_Prover 414:15805  some Preplay: (smt (cvc5, quant_saturate) inference.sel(3) mem_Collect_eq ord_FO_\<Gamma>_def) (1.4 s)
0.sledgehammer goal.unfolding 53378ms Ordered_Resolution_Prover.FO_Ordered_Resolution_Prover 414:15805  some Preplay: (smt (cvc5, term_relev) inference.sel(3) mem_Collect_eq ord_FO_\<Gamma>_def) (2.0 s)
0.sledgehammer goal.using     63792ms Ordered_Resolution_Prover.FO_Ordered_Resolution_Prover 432:16763  timeout (SH 63792ms):
0.sledgehammer goal.unfolding 57836ms Ordered_Resolution_Prover.FO_Ordered_Resolution_Prover 433:16783  timeout (SH 57836ms):
0.sledgehammer goal.using     13341ms Ordered_Resolution_Prover.FO_Ordered_Resolution_Prover 448:17542  timeout (SH 13341ms): Timed out
0.sledgehammer goal.unfolding 14305ms Ordered_Resolution_Prover.FO_Ordered_Resolution_Prover 448:17557  timeout (SH 14305ms): Timed out
0.sledgehammer goal.apply     14192ms Ordered_Resolution_Prover.FO_Ordered_Resolution_Prover 460:18192  timeout (SH 14192ms): Timed out
0.sledgehammer goal.apply     14988ms Ordered_Resolution_Prover.FO_Ordered_Resolution_Prover 461:18224  timeout (SH 14988ms): Timed out
0.sledgehammer goal.apply     15355ms Ordered_Resolution_Prover.FO_Ordered_Resolution_Prover 467:18473  timeout (SH 15355ms): Timed out
0.sledgehammer goal.apply     15218ms Ordered_Resolution_Prover.FO_Ordered_Resolution_Prover 470:18575  timeout (SH 15218ms): Timed out
0.sledgehammer goal.unfolding 59030ms Ordered_Resolution_Prover.FO_Ordered_Resolution_Prover 487:19505  timeout (SH 59030ms):
0.sledgehammer goal.by        14117ms Ordered_Resolution_Prover.FO_Ordered_Resolution_Prover 487:19550  timeout (SH 14117ms): Timed out
0.sledgehammer goal.using     13794ms Ordered_Resolution_Prover.FO_Ordered_Resolution_Prover 493:19803  timeout (SH 13794ms): Timed out
0.sledgehammer goal.by        45855ms Ordered_Resolution_Prover.FO_Ordered_Resolution_Prover 493:19822  some (SH 45855ms, ATP 2124ms): Try this: by (smt (cvc5, best) inference.sel(3) mem_Collect_eq setcompr_eq_image) (877 ms)
0.sledgehammer goal.by        45855ms Ordered_Resolution_Prover.FO_Ordered_Resolution_Prover 493:19822  some Preplay: (smt (cvc5, best) inference.sel(3) mem_Collect_eq setcompr_eq_image) (877 ms)
0.sledgehammer goal.by        45855ms Ordered_Resolution_Prover.FO_Ordered_Resolution_Prover 493:19822  some Preplay: (smt (cvc5, term_relev) inference.sel(3) mem_Collect_eq setcompr_eq_image) (902 ms)
0.sledgehammer goal.by        45855ms Ordered_Resolution_Prover.FO_Ordered_Resolution_Prover 493:19822  some Preplay: (smt (cvc5, trigger_relev) inference.sel(3) mem_Collect_eq setcompr_eq_image) (917 ms)
0.sledgehammer goal.by        45855ms Ordered_Resolution_Prover.FO_Ordered_Resolution_Prover 493:19822  some Preplay: (smt (cvc5, quant_saturate) inference.sel(3) mem_Collect_eq setcompr_eq_image) (920 ms)
0.sledgehammer goal.by        45855ms Ordered_Resolution_Prover.FO_Ordered_Resolution_Prover 493:19822  some Preplay: (smt (cvc5, no_simp) inference.sel(3) mem_Collect_eq setcompr_eq_image) (933 ms)
0.sledgehammer goal.by        45855ms Ordered_Resolution_Prover.FO_Ordered_Resolution_Prover 493:19822  some Preplay: (smt (cvc5, trigger_max) inference.sel(3) mem_Collect_eq setcompr_eq_image) (1.3 s)
0.sledgehammer goal.by        45855ms Ordered_Resolution_Prover.FO_Ordered_Resolution_Prover 493:19822  some Preplay: (smt (cvc5, trigger_last) inference.sel(3) mem_Collect_eq setcompr_eq_image) (1.7 s)
0.sledgehammer goal.by        45855ms Ordered_Resolution_Prover.FO_Ordered_Resolution_Prover 493:19822  some Preplay: (smt (cvc5, fmf) inference.sel(3) mem_Collect_eq setcompr_eq_image) (2.2 s)
0.sledgehammer goal.by        45855ms Ordered_Resolution_Prover.FO_Ordered_Resolution_Prover 493:19822  some Preplay: (smt (cvc5, noematch) inference.sel(3) mem_Collect_eq setcompr_eq_image) (> 877 ms, timed out)
0.sledgehammer goal.unfolding 55860ms Ordered_Resolution_Prover.FO_Ordered_Resolution_Prover 499:20190  timeout (SH 55860ms):
0.sledgehammer goal.using     14160ms Ordered_Resolution_Prover.FO_Ordered_Resolution_Prover 1275:49758  timeout (SH 14160ms): Timed out
0.sledgehammer goal.using     14211ms Ordered_Resolution_Prover.FO_Ordered_Resolution_Prover 1302:51275  timeout (SH 14211ms): Timed out
0.sledgehammer goal.by        14304ms Ordered_Resolution_Prover.FO_Ordered_Resolution_Prover 1302:51293  timeout (SH 14304ms): Timed out
0.sledgehammer finalize   Total number of sledgehammer calls: 101
0.sledgehammer finalize   Number of successful sledgehammer calls: 32
0.sledgehammer finalize   Number of sledgehammer lemmas: 238
0.sledgehammer finalize   Max number of sledgehammer lemmas: 20
0.sledgehammer finalize   Success rate: 31.7%
0.sledgehammer finalize   Total number of nontrivial sledgehammer calls: 101
0.sledgehammer finalize   Number of successful nontrivial sledgehammer calls: 32
0.sledgehammer finalize   Total time for sledgehammer calls (Isabelle): 4327.205
0.sledgehammer finalize   Total time for successful sledgehammer calls (ATP): 35.262
0.sledgehammer finalize   Average time for sledgehammer calls (Isabelle): 42.844
0.sledgehammer finalize   Average time for successful sledgehammer calls (ATP): 1.102
0.sledgehammer initialize Params for sledgehammer: {abduce = SOME 0, cache_dir = NONE, compress = NONE, debug = false, expect =
0.sledgehammer initialize  "", fact_filter = NONE, fact_thresholds = (0.45, 0.85), falsify =
0.sledgehammer initialize  SOME false, induction_rules = NONE, instantiate = NONE, isar_proofs = NONE,
0.sledgehammer initialize  lam_trans = NONE, learn = true, max_facts = NONE, max_mono_iters = NONE,
0.sledgehammer initialize  max_new_mono_instances = NONE, max_proofs = 4, minimize = true, overlord =
0.sledgehammer initialize  false, preplay_provers = ["cvc5"], preplay_timeout = 1.000, provers =
0.sledgehammer initialize  ["cvc5_proof"], slices = 96, smt_proofs = true, spy = false, strict =
0.sledgehammer initialize  false, timeout = 10.000, try0 = false, type_enc = NONE, uncurried_aliases =
0.sledgehammer initialize  NONE, verbose = false}
0.sledgehammer goal.unfolding 95984ms Ordered_Resolution_Prover.Clausal_Logic 124:3381  some (SH 95984ms, ATP 485ms): Try this: by (smt (cvc5, trigger_multi_prio) less_eq_literal_def literal.disc(1) literal.sel(1) order.strict_implies_order order_refl) (963 ms)
0.sledgehammer goal.unfolding 95984ms Ordered_Resolution_Prover.Clausal_Logic 124:3381  some Preplay: (smt (cvc5, trigger_multi_prio) less_eq_literal_def literal.disc(1) literal.sel(1) order.strict_implies_order order_refl) (963 ms)
0.sledgehammer goal.unfolding 95984ms Ordered_Resolution_Prover.Clausal_Logic 124:3381  some Preplay: (smt (cvc5, no_ematching_enum_inst_sum) less_eq_literal_def literal.disc(1) literal.sel(1) order.strict_implies_order order_refl) (1.0 s)
0.sledgehammer goal.unfolding 95984ms Ordered_Resolution_Prover.Clausal_Logic 124:3381  some Preplay: (smt (cvc5, trigger_multi) less_eq_literal_def literal.disc(1) literal.sel(1) order.strict_implies_order order_refl) (1.0 s)
0.sledgehammer goal.unfolding 95984ms Ordered_Resolution_Prover.Clausal_Logic 124:3381  some Preplay: (smt (cvc5, no_ematching) less_eq_literal_def literal.disc(1) literal.sel(1) order.strict_implies_order order_refl) (1.0 s)
0.sledgehammer goal.unfolding 95984ms Ordered_Resolution_Prover.Clausal_Logic 124:3381  some Preplay: (smt (cvc5, trigger_linear) less_eq_literal_def literal.disc(1) literal.sel(1) order.strict_implies_order order_refl) (1.1 s)
0.sledgehammer goal.unfolding 95984ms Ordered_Resolution_Prover.Clausal_Logic 124:3381  some Preplay: (smt (cvc5, best) less_eq_literal_def literal.disc(1) literal.sel(1) order.strict_implies_order order_refl) (1.1 s)
0.sledgehammer goal.unfolding 95984ms Ordered_Resolution_Prover.Clausal_Logic 124:3381  some Preplay: (smt (cvc5, trigger_cache) less_eq_literal_def literal.disc(1) literal.sel(1) order.strict_implies_order order_refl) (1.2 s)
0.sledgehammer goal.unfolding 95984ms Ordered_Resolution_Prover.Clausal_Logic 124:3381  some Preplay: (smt (cvc5, no_cbqi) less_eq_literal_def literal.disc(1) literal.sel(1) order.strict_implies_order order_refl) (1.2 s)
0.sledgehammer goal.unfolding 95984ms Ordered_Resolution_Prover.Clausal_Logic 124:3381  some Preplay: (smt (cvc5, inst_when_full) less_eq_literal_def literal.disc(1) literal.sel(1) order.strict_implies_order order_refl) (1.3 s)
0.sledgehammer goal.unfolding 95984ms Ordered_Resolution_Prover.Clausal_Logic 124:3381  some Preplay: (smt (cvc5, pre_skolem_quant) less_eq_literal_def literal.disc(1) literal.sel(1) order.strict_implies_order order_refl) (1.3 s)
0.sledgehammer goal.unfolding 95984ms Ordered_Resolution_Prover.Clausal_Logic 124:3381  some Preplay: (smt (cvc5, quant_ind) less_eq_literal_def literal.disc(1) literal.sel(1) order.strict_implies_order order_refl) (1.3 s)
0.sledgehammer goal.unfolding 53979ms Ordered_Resolution_Prover.Clausal_Logic 133:3703  timeout (SH 53979ms):
0.sledgehammer goal.by        51518ms Ordered_Resolution_Prover.Clausal_Logic 155:4284  some (SH 51518ms, ATP 221ms): Try this: by (smt (cvc5) ih less_eq_literal_def linorder_not_le literal.exhaust_sel literal.sel(1,2) not_less_iff_gr_or_eq not_less_iff_gr_or_eq)
0.sledgehammer goal.by        51518ms Ordered_Resolution_Prover.Clausal_Logic 155:4284  some Preplay: (smt (cvc5, best) ih less_eq_literal_def linorder_not_le literal.exhaust_sel literal.sel(1,2) not_less_iff_gr_or_eq) (> 1.0 s, timed out)
0.sledgehammer goal.by        51518ms Ordered_Resolution_Prover.Clausal_Logic 155:4284  some Preplay: (smt (cvc5, no_ematching) ih less_eq_literal_def linorder_not_le literal.exhaust_sel literal.sel(1,2) not_less_iff_gr_or_eq) (> 1.0 s, timed out)
0.sledgehammer goal.by        51518ms Ordered_Resolution_Prover.Clausal_Logic 155:4284  some Preplay: (smt (cvc5, no_ematching_enum_inst_sum) ih less_eq_literal_def linorder_not_le literal.exhaust_sel literal.sel(1,2) not_less_iff_gr_or_eq) (> 1.0 s, timed out)
0.sledgehammer goal.by        51518ms Ordered_Resolution_Prover.Clausal_Logic 155:4284  some Preplay: (smt (cvc5, trigger_multi) ih less_eq_literal_def linorder_not_le literal.exhaust_sel literal.sel(1,2) not_less_iff_gr_or_eq) (> 1.0 s, timed out)
0.sledgehammer goal.by        51518ms Ordered_Resolution_Prover.Clausal_Logic 155:4284  some Preplay: (smt (cvc5, trigger_multi_prio) ih less_eq_literal_def linorder_not_le literal.exhaust_sel literal.sel(1,2) not_less_iff_gr_or_eq) (> 1.0 s, timed out)
0.sledgehammer goal.by        51518ms Ordered_Resolution_Prover.Clausal_Logic 155:4284  some Preplay: (smt (cvc5, trigger_cache) ih less_eq_literal_def linorder_not_le literal.exhaust_sel literal.sel(1,2) not_less_iff_gr_or_eq) (> 1.0 s, timed out)
0.sledgehammer goal.by        51518ms Ordered_Resolution_Prover.Clausal_Logic 155:4284  some Preplay: (smt (cvc5, trigger_linear) ih less_eq_literal_def linorder_not_le literal.exhaust_sel literal.sel(1,2) not_less_iff_gr_or_eq) (> 1.0 s, timed out)
0.sledgehammer goal.by        51518ms Ordered_Resolution_Prover.Clausal_Logic 155:4284  some Preplay: (smt (cvc5, inst_when_full) ih less_eq_literal_def linorder_not_le literal.exhaust_sel literal.sel(1,2) not_less_iff_gr_or_eq) (> 1.0 s, timed out)
0.sledgehammer goal.by        51518ms Ordered_Resolution_Prover.Clausal_Logic 155:4284  some Preplay: (smt (cvc5, no_cbqi) ih less_eq_literal_def linorder_not_le literal.exhaust_sel literal.sel(1,2) not_less_iff_gr_or_eq) (> 1.0 s, timed out)
0.sledgehammer goal.by        51518ms Ordered_Resolution_Prover.Clausal_Logic 155:4284  some Preplay: (smt (cvc5, pre_skolem_quant) ih less_eq_literal_def linorder_not_le literal.exhaust_sel literal.sel(1,2) not_less_iff_gr_or_eq) (failed)
0.sledgehammer goal.by        51518ms Ordered_Resolution_Prover.Clausal_Logic 155:4284  some Preplay: (smt (cvc5, quant_ind) ih less_eq_literal_def linorder_not_le literal.exhaust_sel literal.sel(1,2) not_less_iff_gr_or_eq) (failed)
0.sledgehammer goal.by        53653ms Ordered_Resolution_Prover.Clausal_Logic 187:5205  timeout (SH 53653ms):
0.sledgehammer goal.unfolding 53746ms Ordered_Resolution_Prover.Clausal_Logic 251:7330  timeout (SH 53746ms):
0.sledgehammer goal.by        31580ms Ordered_Resolution_Prover.Clausal_Logic 257:7648  some (SH 31580ms, ATP 481ms): Try this: by (smt (cvc5, no_ematching_enum_inst_sum) Neg_atm_of_iff atm_of_uminus literal.exhaust_sel uminus_literal_def) (1.4 s)
0.sledgehammer goal.by        31580ms Ordered_Resolution_Prover.Clausal_Logic 257:7648  some Preplay: (smt (cvc5, no_ematching_enum_inst_sum) Neg_atm_of_iff atm_of_uminus literal.exhaust_sel uminus_literal_def) (1.4 s)
0.sledgehammer goal.by        31580ms Ordered_Resolution_Prover.Clausal_Logic 257:7648  some Preplay: (smt (cvc5, best) Neg_atm_of_iff atm_of_uminus literal.exhaust_sel uminus_literal_def) (1.5 s)
0.sledgehammer goal.by        31580ms Ordered_Resolution_Prover.Clausal_Logic 257:7648  some Preplay: (smt (cvc5, no_cbqi) Neg_atm_of_iff atm_of_uminus literal.exhaust_sel uminus_literal_def) (1.5 s)
0.sledgehammer goal.by        31580ms Ordered_Resolution_Prover.Clausal_Logic 257:7648  some Preplay: (smt (cvc5, quant_ind) Neg_atm_of_iff atm_of_uminus literal.exhaust_sel uminus_literal_def) (1.5 s)
0.sledgehammer goal.by        31580ms Ordered_Resolution_Prover.Clausal_Logic 257:7648  some Preplay: (smt (cvc5, no_ematching) Neg_atm_of_iff atm_of_uminus literal.exhaust_sel uminus_literal_def) (1.6 s)
0.sledgehammer goal.by        31580ms Ordered_Resolution_Prover.Clausal_Logic 257:7648  some Preplay: (smt (cvc5, pre_skolem_quant) Neg_atm_of_iff atm_of_uminus literal.exhaust_sel uminus_literal_def) (1.7 s)
0.sledgehammer goal.by        31580ms Ordered_Resolution_Prover.Clausal_Logic 257:7648  some Preplay: (smt (cvc5, trigger_multi) Neg_atm_of_iff atm_of_uminus literal.exhaust_sel uminus_literal_def) (1.7 s)
0.sledgehammer goal.by        31580ms Ordered_Resolution_Prover.Clausal_Logic 257:7648  some Preplay: (smt (cvc5, trigger_cache) Neg_atm_of_iff atm_of_uminus literal.exhaust_sel uminus_literal_def) (1.7 s)
0.sledgehammer goal.by        31580ms Ordered_Resolution_Prover.Clausal_Logic 257:7648  some Preplay: (smt (cvc5, trigger_multi_prio) Neg_atm_of_iff atm_of_uminus literal.exhaust_sel uminus_literal_def) (1.8 s)
0.sledgehammer goal.by        31580ms Ordered_Resolution_Prover.Clausal_Logic 257:7648  some Preplay: (smt (cvc5, inst_when_full) Neg_atm_of_iff atm_of_uminus literal.exhaust_sel uminus_literal_def) (1.8 s)
0.sledgehammer goal.by        31580ms Ordered_Resolution_Prover.Clausal_Logic 257:7648  some Preplay: (smt (cvc5, trigger_linear) Neg_atm_of_iff atm_of_uminus literal.exhaust_sel uminus_literal_def) (1.8 s)
0.sledgehammer goal.by        53904ms Ordered_Resolution_Prover.Clausal_Logic 260:7778  timeout (SH 53904ms):
0.sledgehammer goal.unfolding 57850ms Ordered_Resolution_Prover.Ground_Resolution_Model 105:3855  timeout (SH 57850ms):
0.sledgehammer goal.proof     13331ms Ordered_Resolution_Prover.Ground_Resolution_Model 176:6735  timeout (SH 13331ms): Timed out
0.sledgehammer goal.unfolding 53939ms Ordered_Resolution_Prover.Ground_Resolution_Model 275:10048  timeout (SH 53939ms):
0.sledgehammer goal.using     53549ms Ordered_Resolution_Prover.Ground_Resolution_Model 359:12816  timeout (SH 53549ms):
0.sledgehammer goal.proof     60084ms Ordered_Resolution_Prover.Inference_System 62:1996  timeout (SH 60084ms):
0.sledgehammer goal.unfolding 140156ms Ordered_Resolution_Prover.Inference_System 64:2050  some (SH 140155ms, ATP 255ms): Try this: by (smt (cvc5, trigger_cache) Set.set_insert Un_insert_left Un_insert_right add.right_neutral cc_subs_n d_in_n inf infer_from_def inference.sel(1,2) inference_system.inferences_from_def mem_Collect_eq set_mset_add_mset_insert subset_Un_eq sup_ge1 union_mset_add_mset_right) (516 ms)
0.sledgehammer goal.unfolding 140156ms Ordered_Resolution_Prover.Inference_System 64:2050  some Preplay: (smt (cvc5, trigger_cache) Set.set_insert Un_insert_left Un_insert_right add.right_neutral cc_subs_n d_in_n inf infer_from_def inference.sel(1,2) inference_system.inferences_from_def mem_Collect_eq set_mset_add_mset_insert subset_Un_eq sup_ge1 union_mset_add_mset_right) (516 ms)
0.sledgehammer goal.unfolding 140156ms Ordered_Resolution_Prover.Inference_System 64:2050  some Preplay: (smt (cvc5, trigger_multi_prio) Set.set_insert Un_insert_left Un_insert_right add.right_neutral cc_subs_n d_in_n inf infer_from_def inference.sel(1,2) inference_system.inferences_from_def mem_Collect_eq set_mset_add_mset_insert subset_Un_eq sup_ge1 union_mset_add_mset_right) (545 ms)
0.sledgehammer goal.unfolding 140156ms Ordered_Resolution_Prover.Inference_System 64:2050  some Preplay: (smt (cvc5, best) Set.set_insert Un_insert_left Un_insert_right add.right_neutral cc_subs_n d_in_n inf infer_from_def inference.sel(1,2) inference_system.inferences_from_def mem_Collect_eq set_mset_add_mset_insert subset_Un_eq sup_ge1 union_mset_add_mset_right) (560 ms)
0.sledgehammer goal.unfolding 140156ms Ordered_Resolution_Prover.Inference_System 64:2050  some Preplay: (smt (cvc5, trigger_linear) Set.set_insert Un_insert_left Un_insert_right add.right_neutral cc_subs_n d_in_n inf infer_from_def inference.sel(1,2) inference_system.inferences_from_def mem_Collect_eq set_mset_add_mset_insert subset_Un_eq sup_ge1 union_mset_add_mset_right) (> 516 ms, timed out)
0.sledgehammer goal.unfolding 140156ms Ordered_Resolution_Prover.Inference_System 64:2050  some Preplay: (smt (cvc5, pre_skolem_quant) Set.set_insert Un_insert_left Un_insert_right add.right_neutral cc_subs_n d_in_n inf infer_from_def inference.sel(1,2) inference_system.inferences_from_def mem_Collect_eq set_mset_add_mset_insert subset_Un_eq sup_ge1 union_mset_add_mset_right) (> 516 ms, timed out)
0.sledgehammer goal.unfolding 140156ms Ordered_Resolution_Prover.Inference_System 64:2050  some Preplay: (smt (cvc5, inst_when_full) Set.set_insert Un_insert_left Un_insert_right add.right_neutral cc_subs_n d_in_n inf infer_from_def inference.sel(1,2) inference_system.inferences_from_def mem_Collect_eq set_mset_add_mset_insert subset_Un_eq sup_ge1 union_mset_add_mset_right) (> 516 ms, timed out)
0.sledgehammer goal.unfolding 140156ms Ordered_Resolution_Prover.Inference_System 64:2050  some Preplay: (smt (cvc5, no_cbqi) Set.set_insert Un_insert_left Un_insert_right add.right_neutral cc_subs_n d_in_n inf infer_from_def inference.sel(1,2) inference_system.inferences_from_def mem_Collect_eq set_mset_add_mset_insert subset_Un_eq sup_ge1 union_mset_add_mset_right) (> 516 ms, timed out)
0.sledgehammer goal.unfolding 140156ms Ordered_Resolution_Prover.Inference_System 64:2050  some Preplay: (smt (cvc5, no_ematching) Set.set_insert Un_insert_left Un_insert_right add.right_neutral cc_subs_n d_in_n inf infer_from_def inference.sel(1,2) inference_system.inferences_from_def mem_Collect_eq set_mset_add_mset_insert subset_Un_eq sup_ge1 union_mset_add_mset_right) (> 560 ms, timed out)
0.sledgehammer goal.unfolding 140156ms Ordered_Resolution_Prover.Inference_System 64:2050  some Preplay: (smt (cvc5, no_ematching_enum_inst_sum) Set.set_insert Un_insert_left Un_insert_right add.right_neutral cc_subs_n d_in_n inf infer_from_def inference.sel(1,2) inference_system.inferences_from_def mem_Collect_eq set_mset_add_mset_insert subset_Un_eq sup_ge1 union_mset_add_mset_right) (> 560 ms, timed out)
0.sledgehammer goal.unfolding 140156ms Ordered_Resolution_Prover.Inference_System 64:2050  some Preplay: (smt (cvc5, trigger_multi) Set.set_insert Un_insert_left Un_insert_right add.right_neutral cc_subs_n d_in_n inf infer_from_def inference.sel(1,2) inference_system.inferences_from_def mem_Collect_eq set_mset_add_mset_insert subset_Un_eq sup_ge1 union_mset_add_mset_right) (> 560 ms, timed out)
0.sledgehammer goal.unfolding 140156ms Ordered_Resolution_Prover.Inference_System 64:2050  some Preplay: (smt (cvc5, quant_ind) Set.set_insert Un_insert_left Un_insert_right add.right_neutral cc_subs_n d_in_n inf infer_from_def inference.sel(1,2) inference_system.inferences_from_def mem_Collect_eq set_mset_add_mset_insert subset_Un_eq sup_ge1 union_mset_add_mset_right) (failed)
0.sledgehammer goal.proof     45201ms Ordered_Resolution_Prover.Inference_System 147:4805  some (SH 45200ms, ATP 737ms): Try this: by (smt (cvc5, best) \<Gamma>_counterex_reducing ec_ni_n ex_min_counterex inference_system.saturatedD linorder_not_le satur) (818 ms)
0.sledgehammer goal.proof     45201ms Ordered_Resolution_Prover.Inference_System 147:4805  some Preplay: (smt (cvc5, best) \<Gamma>_counterex_reducing ec_ni_n ex_min_counterex inference_system.saturatedD linorder_not_le satur) (818 ms)
0.sledgehammer goal.proof     45201ms Ordered_Resolution_Prover.Inference_System 147:4805  some Preplay: (smt (cvc5, no_ematching) \<Gamma>_counterex_reducing ec_ni_n ex_min_counterex inference_system.saturatedD linorder_not_le satur) (1.1 s)
0.sledgehammer goal.proof     45201ms Ordered_Resolution_Prover.Inference_System 147:4805  some Preplay: (smt (cvc5, inst_when_full) \<Gamma>_counterex_reducing ec_ni_n ex_min_counterex inference_system.saturatedD linorder_not_le satur) (2.3 s)
0.sledgehammer goal.proof     45201ms Ordered_Resolution_Prover.Inference_System 147:4805  some Preplay: (smt (cvc5, trigger_multi) \<Gamma>_counterex_reducing ec_ni_n ex_min_counterex inference_system.saturatedD linorder_not_le satur) (2.6 s)
0.sledgehammer goal.proof     45201ms Ordered_Resolution_Prover.Inference_System 147:4805  some Preplay: (smt (cvc5, trigger_linear) \<Gamma>_counterex_reducing ec_ni_n ex_min_counterex inference_system.saturatedD linorder_not_le satur) (2.7 s)
0.sledgehammer goal.proof     45201ms Ordered_Resolution_Prover.Inference_System 147:4805  some Preplay: (smt (cvc5, trigger_cache) \<Gamma>_counterex_reducing ec_ni_n ex_min_counterex inference_system.saturatedD linorder_not_le satur) (2.8 s)
0.sledgehammer goal.proof     45201ms Ordered_Resolution_Prover.Inference_System 147:4805  some Preplay: (smt (cvc5, no_cbqi) \<Gamma>_counterex_reducing ec_ni_n ex_min_counterex inference_system.saturatedD linorder_not_le satur) (3.0 s)
0.sledgehammer goal.proof     45201ms Ordered_Resolution_Prover.Inference_System 147:4805  some Preplay: (smt (cvc5, no_ematching_enum_inst_sum) \<Gamma>_counterex_reducing ec_ni_n ex_min_counterex inference_system.saturatedD linorder_not_le satur) (3.1 s)
0.sledgehammer goal.proof     45201ms Ordered_Resolution_Prover.Inference_System 147:4805  some Preplay: (smt (cvc5, trigger_multi_prio) \<Gamma>_counterex_reducing ec_ni_n ex_min_counterex inference_system.saturatedD linorder_not_le satur) (3.6 s)
0.sledgehammer goal.proof     45201ms Ordered_Resolution_Prover.Inference_System 147:4805  some Preplay: (smt (cvc5, quant_ind) \<Gamma>_counterex_reducing ec_ni_n ex_min_counterex inference_system.saturatedD linorder_not_le satur) (> 818 ms, timed out)
0.sledgehammer goal.proof     45201ms Ordered_Resolution_Prover.Inference_System 147:4805  some Preplay: (smt (cvc5, pre_skolem_quant) \<Gamma>_counterex_reducing ec_ni_n ex_min_counterex inference_system.saturatedD linorder_not_le satur) (failed)
0.sledgehammer goal.by        53332ms Ordered_Resolution_Prover.Inference_System 201:6366  timeout (SH 53332ms):
0.sledgehammer goal.using     59373ms Ordered_Resolution_Prover.Inference_System 230:7454  timeout (SH 59373ms):
0.sledgehammer goal.using     60973ms Ordered_Resolution_Prover.Unordered_Ground_Resolution 92:3034  some (SH 60972ms, ATP 121ms): Try this: by (smt (cvc5, trigger_linear) atm_imp_pos_or_neg_lit d' mem_Collect_eq neg_a_ni_d' set_mset_filter) (114 ms)
0.sledgehammer goal.using     60973ms Ordered_Resolution_Prover.Unordered_Ground_Resolution 92:3034  some Preplay: (smt (cvc5, trigger_linear) atm_imp_pos_or_neg_lit d' mem_Collect_eq neg_a_ni_d' set_mset_filter) (114 ms)
0.sledgehammer goal.using     60973ms Ordered_Resolution_Prover.Unordered_Ground_Resolution 92:3034  some Preplay: (smt (cvc5, trigger_multi) atm_imp_pos_or_neg_lit d' mem_Collect_eq neg_a_ni_d' set_mset_filter) (137 ms)
0.sledgehammer goal.using     60973ms Ordered_Resolution_Prover.Unordered_Ground_Resolution 92:3034  some Preplay: (smt (cvc5, best) atm_imp_pos_or_neg_lit d' mem_Collect_eq neg_a_ni_d' set_mset_filter) (254 ms)
0.sledgehammer goal.using     60973ms Ordered_Resolution_Prover.Unordered_Ground_Resolution 92:3034  some Preplay: (smt (cvc5, no_ematching) atm_imp_pos_or_neg_lit d' mem_Collect_eq neg_a_ni_d' set_mset_filter) (382 ms)
0.sledgehammer goal.using     60973ms Ordered_Resolution_Prover.Unordered_Ground_Resolution 92:3034  some Preplay: (smt (cvc5, no_ematching_enum_inst_sum) atm_imp_pos_or_neg_lit d' mem_Collect_eq neg_a_ni_d' set_mset_filter) (540 ms)
0.sledgehammer goal.using     60973ms Ordered_Resolution_Prover.Unordered_Ground_Resolution 92:3034  some Preplay: (smt (cvc5, pre_skolem_quant) atm_imp_pos_or_neg_lit d' mem_Collect_eq neg_a_ni_d' set_mset_filter) (> 114 ms, timed out)
0.sledgehammer goal.using     60973ms Ordered_Resolution_Prover.Unordered_Ground_Resolution 92:3034  some Preplay: (smt (cvc5, inst_when_full) atm_imp_pos_or_neg_lit d' mem_Collect_eq neg_a_ni_d' set_mset_filter) (> 114 ms, timed out)
0.sledgehammer goal.using     60973ms Ordered_Resolution_Prover.Unordered_Ground_Resolution 92:3034  some Preplay: (smt (cvc5, no_cbqi) atm_imp_pos_or_neg_lit d' mem_Collect_eq neg_a_ni_d' set_mset_filter) (> 114 ms, timed out)
0.sledgehammer goal.using     60973ms Ordered_Resolution_Prover.Unordered_Ground_Resolution 92:3034  some Preplay: (smt (cvc5, quant_ind) atm_imp_pos_or_neg_lit d' mem_Collect_eq neg_a_ni_d' set_mset_filter) (> 114 ms, timed out)
0.sledgehammer goal.using     60973ms Ordered_Resolution_Prover.Unordered_Ground_Resolution 92:3034  some Preplay: (smt (cvc5, trigger_multi_prio) atm_imp_pos_or_neg_lit d' mem_Collect_eq neg_a_ni_d' set_mset_filter) (> 137 ms, timed out)
0.sledgehammer goal.using     60973ms Ordered_Resolution_Prover.Unordered_Ground_Resolution 92:3034  some Preplay: (smt (cvc5, trigger_cache) atm_imp_pos_or_neg_lit d' mem_Collect_eq neg_a_ni_d' set_mset_filter) (> 137 ms, timed out)
0.sledgehammer goal.unfolding 12856ms Ordered_Resolution_Prover.Unordered_Ground_Resolution 113:3979  timeout (SH 12856ms): Timed out
0.sledgehammer goal.by        13892ms Ordered_Resolution_Prover.Unordered_Ground_Resolution 165:5957  timeout (SH 13892ms): Timed out
0.sledgehammer goal.unfolding 55602ms Ordered_Resolution_Prover.Lazy_List_Liminf 104:3824  timeout (SH 55602ms):
0.sledgehammer goal.unfolding 56476ms Ordered_Resolution_Prover.Lazy_List_Liminf 286:10641  timeout (SH 56476ms):
0.sledgehammer goal.by        13331ms Ordered_Resolution_Prover.Lazy_List_Liminf 289:10818  timeout (SH 13330ms): Timed out
0.sledgehammer goal.unfolding 47680ms Ordered_Resolution_Prover.Lazy_List_Liminf 342:12690  some (SH 47678ms, ATP 1871ms): Try this: by (smt (cvc5) Liminf_upto_llist_eq_Liminf_llist_ltake Suc_ile_eq Sup_empty add.left_neutral antisym_conv eSuc_enat enat_defs(1) iless_Suc_eq lfinite_Liminf_llist lfinite_conv_llength_enat llast_conv_lnth llength_eq_0 llength_ltake lnth_ltake min_less_iff_conj not_less order_refl plus_enat_simps(1) zero_ne_eSuc)
0.sledgehammer goal.unfolding 47680ms Ordered_Resolution_Prover.Lazy_List_Liminf 342:12690  some Preplay: (smt (cvc5, best) Liminf_upto_llist_eq_Liminf_llist_ltake Suc_ile_eq Sup_empty add.left_neutral antisym_conv eSuc_enat enat_defs(1) iless_Suc_eq lfinite_Liminf_llist lfinite_conv_llength_enat llast_conv_lnth llength_eq_0 llength_ltake lnth_ltake min_less_iff_conj not_less order_refl plus_enat_simps(1) zero_ne_eSuc) (> 1.0 s, timed out)
0.sledgehammer goal.unfolding 47680ms Ordered_Resolution_Prover.Lazy_List_Liminf 342:12690  some Preplay: (smt (cvc5, no_ematching) Liminf_upto_llist_eq_Liminf_llist_ltake Suc_ile_eq Sup_empty add.left_neutral antisym_conv eSuc_enat enat_defs(1) iless_Suc_eq lfinite_Liminf_llist lfinite_conv_llength_enat llast_conv_lnth llength_eq_0 llength_ltake lnth_ltake min_less_iff_conj not_less order_refl plus_enat_simps(1) zero_ne_eSuc) (> 1.0 s, timed out)
0.sledgehammer goal.unfolding 47680ms Ordered_Resolution_Prover.Lazy_List_Liminf 342:12690  some Preplay: (smt (cvc5, no_ematching_enum_inst_sum) Liminf_upto_llist_eq_Liminf_llist_ltake Suc_ile_eq Sup_empty add.left_neutral antisym_conv eSuc_enat enat_defs(1) iless_Suc_eq lfinite_Liminf_llist lfinite_conv_llength_enat llast_conv_lnth llength_eq_0 llength_ltake lnth_ltake min_less_iff_conj not_less order_refl plus_enat_simps(1) zero_ne_eSuc) (> 1.0 s, timed out)
0.sledgehammer goal.unfolding 47680ms Ordered_Resolution_Prover.Lazy_List_Liminf 342:12690  some Preplay: (smt (cvc5, trigger_multi) Liminf_upto_llist_eq_Liminf_llist_ltake Suc_ile_eq Sup_empty add.left_neutral antisym_conv eSuc_enat enat_defs(1) iless_Suc_eq lfinite_Liminf_llist lfinite_conv_llength_enat llast_conv_lnth llength_eq_0 llength_ltake lnth_ltake min_less_iff_conj not_less order_refl plus_enat_simps(1) zero_ne_eSuc) (> 1.0 s, timed out)
0.sledgehammer goal.unfolding 47680ms Ordered_Resolution_Prover.Lazy_List_Liminf 342:12690  some Preplay: (smt (cvc5, trigger_multi_prio) Liminf_upto_llist_eq_Liminf_llist_ltake Suc_ile_eq Sup_empty add.left_neutral antisym_conv eSuc_enat enat_defs(1) iless_Suc_eq lfinite_Liminf_llist lfinite_conv_llength_enat llast_conv_lnth llength_eq_0 llength_ltake lnth_ltake min_less_iff_conj not_less order_refl plus_enat_simps(1) zero_ne_eSuc) (> 1.0 s, timed out)
0.sledgehammer goal.unfolding 47680ms Ordered_Resolution_Prover.Lazy_List_Liminf 342:12690  some Preplay: (smt (cvc5, trigger_cache) Liminf_upto_llist_eq_Liminf_llist_ltake Suc_ile_eq Sup_empty add.left_neutral antisym_conv eSuc_enat enat_defs(1) iless_Suc_eq lfinite_Liminf_llist lfinite_conv_llength_enat llast_conv_lnth llength_eq_0 llength_ltake lnth_ltake min_less_iff_conj not_less order_refl plus_enat_simps(1) zero_ne_eSuc) (> 1.0 s, timed out)
0.sledgehammer goal.unfolding 47680ms Ordered_Resolution_Prover.Lazy_List_Liminf 342:12690  some Preplay: (smt (cvc5, trigger_linear) Liminf_upto_llist_eq_Liminf_llist_ltake Suc_ile_eq Sup_empty add.left_neutral antisym_conv eSuc_enat enat_defs(1) iless_Suc_eq lfinite_Liminf_llist lfinite_conv_llength_enat llast_conv_lnth llength_eq_0 llength_ltake lnth_ltake min_less_iff_conj not_less order_refl plus_enat_simps(1) zero_ne_eSuc) (> 1.0 s, timed out)
0.sledgehammer goal.unfolding 47680ms Ordered_Resolution_Prover.Lazy_List_Liminf 342:12690  some Preplay: (smt (cvc5, pre_skolem_quant) Liminf_upto_llist_eq_Liminf_llist_ltake Suc_ile_eq Sup_empty add.left_neutral antisym_conv eSuc_enat enat_defs(1) iless_Suc_eq lfinite_Liminf_llist lfinite_conv_llength_enat llast_conv_lnth llength_eq_0 llength_ltake lnth_ltake min_less_iff_conj not_less order_refl plus_enat_simps(1) zero_ne_eSuc) (> 1.0 s, timed out)
0.sledgehammer goal.unfolding 47680ms Ordered_Resolution_Prover.Lazy_List_Liminf 342:12690  some Preplay: (smt (cvc5, inst_when_full) Liminf_upto_llist_eq_Liminf_llist_ltake Suc_ile_eq Sup_empty add.left_neutral antisym_conv eSuc_enat enat_defs(1) iless_Suc_eq lfinite_Liminf_llist lfinite_conv_llength_enat llast_conv_lnth llength_eq_0 llength_ltake lnth_ltake min_less_iff_conj not_less order_refl plus_enat_simps(1) zero_ne_eSuc) (> 1.0 s, timed out)
0.sledgehammer goal.unfolding 47680ms Ordered_Resolution_Prover.Lazy_List_Liminf 342:12690  some Preplay: (smt (cvc5, no_cbqi) Liminf_upto_llist_eq_Liminf_llist_ltake Suc_ile_eq Sup_empty add.left_neutral antisym_conv eSuc_enat enat_defs(1) iless_Suc_eq lfinite_Liminf_llist lfinite_conv_llength_enat llast_conv_lnth llength_eq_0 llength_ltake lnth_ltake min_less_iff_conj not_less order_refl plus_enat_simps(1) zero_ne_eSuc) (> 1.0 s, timed out)
0.sledgehammer goal.unfolding 47680ms Ordered_Resolution_Prover.Lazy_List_Liminf 342:12690  some Preplay: (smt (cvc5, quant_ind) Liminf_upto_llist_eq_Liminf_llist_ltake Suc_ile_eq Sup_empty add.left_neutral antisym_conv eSuc_enat enat_defs(1) iless_Suc_eq lfinite_Liminf_llist lfinite_conv_llength_enat llast_conv_lnth llength_eq_0 llength_ltake lnth_ltake min_less_iff_conj not_less order_refl plus_enat_simps(1) zero_ne_eSuc) (> 1.0 s, timed out)
0.sledgehammer goal.proof     54640ms Ordered_Resolution_Prover.Lazy_List_Chain 49:1512  timeout (SH 54640ms):
0.sledgehammer goal.proof     12932ms Ordered_Resolution_Prover.Lazy_List_Chain 89:2913  timeout (SH 12932ms): Timed out
0.sledgehammer goal.using     57903ms Ordered_Resolution_Prover.Lazy_List_Chain 182:6180  timeout (SH 57903ms):
0.sledgehammer goal.using     13056ms Ordered_Resolution_Prover.Lazy_List_Chain 194:6469  timeout (SH 13056ms): Timed out
0.sledgehammer goal.by        49459ms Ordered_Resolution_Prover.Lazy_List_Chain 389:13429  some (SH 49458ms, ATP 3418ms): Try this: by (smt (cvc5) assms emb_prepend emb_prepend_coinduct_cong prepend_cong1_alt)
0.sledgehammer goal.by        49459ms Ordered_Resolution_Prover.Lazy_List_Chain 389:13429  some Preplay: (smt (cvc5, best) assms emb_prepend emb_prepend_coinduct_cong prepend_cong1_alt) (> 1.0 s, timed out)
0.sledgehammer goal.by        49459ms Ordered_Resolution_Prover.Lazy_List_Chain 389:13429  some Preplay: (smt (cvc5, no_ematching) assms emb_prepend emb_prepend_coinduct_cong prepend_cong1_alt) (> 1.0 s, timed out)
0.sledgehammer goal.by        49459ms Ordered_Resolution_Prover.Lazy_List_Chain 389:13429  some Preplay: (smt (cvc5, no_ematching_enum_inst_sum) assms emb_prepend emb_prepend_coinduct_cong prepend_cong1_alt) (> 1.0 s, timed out)
0.sledgehammer goal.by        49459ms Ordered_Resolution_Prover.Lazy_List_Chain 389:13429  some Preplay: (smt (cvc5, trigger_multi) assms emb_prepend emb_prepend_coinduct_cong prepend_cong1_alt) (> 1.0 s, timed out)
0.sledgehammer goal.by        49459ms Ordered_Resolution_Prover.Lazy_List_Chain 389:13429  some Preplay: (smt (cvc5, trigger_multi_prio) assms emb_prepend emb_prepend_coinduct_cong prepend_cong1_alt) (> 1.0 s, timed out)
0.sledgehammer goal.by        49459ms Ordered_Resolution_Prover.Lazy_List_Chain 389:13429  some Preplay: (smt (cvc5, trigger_cache) assms emb_prepend emb_prepend_coinduct_cong prepend_cong1_alt) (> 1.0 s, timed out)
0.sledgehammer goal.by        49459ms Ordered_Resolution_Prover.Lazy_List_Chain 389:13429  some Preplay: (smt (cvc5, trigger_linear) assms emb_prepend emb_prepend_coinduct_cong prepend_cong1_alt) (> 1.0 s, timed out)
0.sledgehammer goal.by        49459ms Ordered_Resolution_Prover.Lazy_List_Chain 389:13429  some Preplay: (smt (cvc5, pre_skolem_quant) assms emb_prepend emb_prepend_coinduct_cong prepend_cong1_alt) (> 1.0 s, timed out)
0.sledgehammer goal.by        49459ms Ordered_Resolution_Prover.Lazy_List_Chain 389:13429  some Preplay: (smt (cvc5, inst_when_full) assms emb_prepend emb_prepend_coinduct_cong prepend_cong1_alt) (> 1.0 s, timed out)
0.sledgehammer goal.by        49459ms Ordered_Resolution_Prover.Lazy_List_Chain 389:13429  some Preplay: (smt (cvc5, no_cbqi) assms emb_prepend emb_prepend_coinduct_cong prepend_cong1_alt) (> 1.0 s, timed out)
0.sledgehammer goal.by        49459ms Ordered_Resolution_Prover.Lazy_List_Chain 389:13429  some Preplay: (smt (cvc5, quant_ind) assms emb_prepend emb_prepend_coinduct_cong prepend_cong1_alt) (failed)
0.sledgehammer goal.by        52571ms Ordered_Resolution_Prover.Lazy_List_Chain 433:14797  some (SH 52570ms, ATP 6300ms): Try this: by (smt (cvc5, inst_when_full) chain'.coinduct chain_chain') (3.2 s)
0.sledgehammer goal.by        52571ms Ordered_Resolution_Prover.Lazy_List_Chain 433:14797  some Preplay: (smt (cvc5, inst_when_full) chain'.coinduct chain_chain') (3.2 s)
0.sledgehammer goal.by        52571ms Ordered_Resolution_Prover.Lazy_List_Chain 433:14797  some Preplay: (smt (cvc5, trigger_cache) chain'.coinduct chain_chain') (3.3 s)
0.sledgehammer goal.by        52571ms Ordered_Resolution_Prover.Lazy_List_Chain 433:14797  some Preplay: (smt (cvc5, trigger_multi_prio) chain'.coinduct chain_chain') (3.3 s)
0.sledgehammer goal.by        52571ms Ordered_Resolution_Prover.Lazy_List_Chain 433:14797  some Preplay: (smt (cvc5, trigger_linear) chain'.coinduct chain_chain') (3.3 s)
0.sledgehammer goal.by        52571ms Ordered_Resolution_Prover.Lazy_List_Chain 433:14797  some Preplay: (smt (cvc5, trigger_multi) chain'.coinduct chain_chain') (3.4 s)
0.sledgehammer goal.by        52571ms Ordered_Resolution_Prover.Lazy_List_Chain 433:14797  some Preplay: (smt (cvc5, no_cbqi) chain'.coinduct chain_chain') (3.4 s)
0.sledgehammer goal.by        52571ms Ordered_Resolution_Prover.Lazy_List_Chain 433:14797  some Preplay: (smt (cvc5, no_ematching_enum_inst_sum) chain'.coinduct chain_chain') (3.6 s)
0.sledgehammer goal.by        52571ms Ordered_Resolution_Prover.Lazy_List_Chain 433:14797  some Preplay: (smt (cvc5, no_ematching) chain'.coinduct chain_chain') (3.7 s)
0.sledgehammer goal.by        52571ms Ordered_Resolution_Prover.Lazy_List_Chain 433:14797  some Preplay: (smt (cvc5, best) chain'.coinduct chain_chain') (> 1.0 s, timed out)
0.sledgehammer goal.by        52571ms Ordered_Resolution_Prover.Lazy_List_Chain 433:14797  some Preplay: (smt (cvc5, quant_ind) chain'.coinduct chain_chain') (> 1.0 s, timed out)
0.sledgehammer goal.by        52571ms Ordered_Resolution_Prover.Lazy_List_Chain 433:14797  some Preplay: (smt (cvc5, pre_skolem_quant) chain'.coinduct chain_chain') (failed)
0.sledgehammer goal.proof     14448ms Ordered_Resolution_Prover.Lazy_List_Chain 478:16329  timeout (SH 14448ms): Timed out
0.sledgehammer goal.by        48868ms Ordered_Resolution_Prover.Lazy_List_Chain 501:17036  some (SH 48868ms, ATP 1727ms): Try this: by (smt (cvc5) chain_consE emb.cases emb_wit llast_LCons llast_prepend llist.discI(2) lnull_prepend wit_LCons2 wit_lsingleton)
0.sledgehammer goal.by        48868ms Ordered_Resolution_Prover.Lazy_List_Chain 501:17036  some Preplay: (smt (cvc5, best) chain_consE emb.cases emb_wit llast_LCons llast_prepend llist.discI(2) lnull_prepend wit_LCons2 wit_lsingleton) (> 1.0 s, timed out)
0.sledgehammer goal.by        48868ms Ordered_Resolution_Prover.Lazy_List_Chain 501:17036  some Preplay: (smt (cvc5, no_ematching) chain_consE emb.cases emb_wit llast_LCons llast_prepend llist.discI(2) lnull_prepend wit_LCons2 wit_lsingleton) (> 1.0 s, timed out)
0.sledgehammer goal.by        48868ms Ordered_Resolution_Prover.Lazy_List_Chain 501:17036  some Preplay: (smt (cvc5, no_ematching_enum_inst_sum) chain_consE emb.cases emb_wit llast_LCons llast_prepend llist.discI(2) lnull_prepend wit_LCons2 wit_lsingleton) (> 1.0 s, timed out)
0.sledgehammer goal.by        48868ms Ordered_Resolution_Prover.Lazy_List_Chain 501:17036  some Preplay: (smt (cvc5, trigger_multi) chain_consE emb.cases emb_wit llast_LCons llast_prepend llist.discI(2) lnull_prepend wit_LCons2 wit_lsingleton) (> 1.0 s, timed out)
0.sledgehammer goal.by        48868ms Ordered_Resolution_Prover.Lazy_List_Chain 501:17036  some Preplay: (smt (cvc5, trigger_multi_prio) chain_consE emb.cases emb_wit llast_LCons llast_prepend llist.discI(2) lnull_prepend wit_LCons2 wit_lsingleton) (> 1.0 s, timed out)
0.sledgehammer goal.by        48868ms Ordered_Resolution_Prover.Lazy_List_Chain 501:17036  some Preplay: (smt (cvc5, trigger_cache) chain_consE emb.cases emb_wit llast_LCons llast_prepend llist.discI(2) lnull_prepend wit_LCons2 wit_lsingleton) (> 1.0 s, timed out)
0.sledgehammer goal.by        48868ms Ordered_Resolution_Prover.Lazy_List_Chain 501:17036  some Preplay: (smt (cvc5, trigger_linear) chain_consE emb.cases emb_wit llast_LCons llast_prepend llist.discI(2) lnull_prepend wit_LCons2 wit_lsingleton) (> 1.0 s, timed out)
0.sledgehammer goal.by        48868ms Ordered_Resolution_Prover.Lazy_List_Chain 501:17036  some Preplay: (smt (cvc5, pre_skolem_quant) chain_consE emb.cases emb_wit llast_LCons llast_prepend llist.discI(2) lnull_prepend wit_LCons2 wit_lsingleton) (> 1.0 s, timed out)
0.sledgehammer goal.by        48868ms Ordered_Resolution_Prover.Lazy_List_Chain 501:17036  some Preplay: (smt (cvc5, inst_when_full) chain_consE emb.cases emb_wit llast_LCons llast_prepend llist.discI(2) lnull_prepend wit_LCons2 wit_lsingleton) (> 1.0 s, timed out)
0.sledgehammer goal.by        48868ms Ordered_Resolution_Prover.Lazy_List_Chain 501:17036  some Preplay: (smt (cvc5, no_cbqi) chain_consE emb.cases emb_wit llast_LCons llast_prepend llist.discI(2) lnull_prepend wit_LCons2 wit_lsingleton) (> 1.0 s, timed out)
0.sledgehammer goal.by        48868ms Ordered_Resolution_Prover.Lazy_List_Chain 501:17036  some Preplay: (smt (cvc5, quant_ind) chain_consE emb.cases emb_wit llast_LCons llast_prepend llist.discI(2) lnull_prepend wit_LCons2 wit_lsingleton) (failed)
0.sledgehammer goal.proof     64783ms Ordered_Resolution_Prover.Lazy_List_Chain 568:19582  some (SH 64783ms, ATP 1274ms): Try this: by (smt (cvc5, trigger_cache) emb emb.cases lfinite_lmap llist.simps(13) lmap_eq_LNil lmap_prepend) (3.3 s)
0.sledgehammer goal.proof     64783ms Ordered_Resolution_Prover.Lazy_List_Chain 568:19582  some Preplay: (smt (cvc5, trigger_cache) emb emb.cases lfinite_lmap llist.simps(13) lmap_eq_LNil lmap_prepend) (3.3 s)
0.sledgehammer goal.proof     64783ms Ordered_Resolution_Prover.Lazy_List_Chain 568:19582  some Preplay: (smt (cvc5, best) emb emb.cases lfinite_lmap llist.simps(13) lmap_eq_LNil lmap_prepend) (> 1.0 s, timed out)
0.sledgehammer goal.proof     64783ms Ordered_Resolution_Prover.Lazy_List_Chain 568:19582  some Preplay: (smt (cvc5, no_ematching) emb emb.cases lfinite_lmap llist.simps(13) lmap_eq_LNil lmap_prepend) (> 1.0 s, timed out)
0.sledgehammer goal.proof     64783ms Ordered_Resolution_Prover.Lazy_List_Chain 568:19582  some Preplay: (smt (cvc5, no_ematching_enum_inst_sum) emb emb.cases lfinite_lmap llist.simps(13) lmap_eq_LNil lmap_prepend) (> 1.0 s, timed out)
0.sledgehammer goal.proof     64783ms Ordered_Resolution_Prover.Lazy_List_Chain 568:19582  some Preplay: (smt (cvc5, trigger_multi) emb emb.cases lfinite_lmap llist.simps(13) lmap_eq_LNil lmap_prepend) (> 1.0 s, timed out)
0.sledgehammer goal.proof     64783ms Ordered_Resolution_Prover.Lazy_List_Chain 568:19582  some Preplay: (smt (cvc5, trigger_multi_prio) emb emb.cases lfinite_lmap llist.simps(13) lmap_eq_LNil lmap_prepend) (> 1.0 s, timed out)
0.sledgehammer goal.proof     64783ms Ordered_Resolution_Prover.Lazy_List_Chain 568:19582  some Preplay: (smt (cvc5, trigger_linear) emb emb.cases lfinite_lmap llist.simps(13) lmap_eq_LNil lmap_prepend) (> 1.0 s, timed out)
0.sledgehammer goal.proof     64783ms Ordered_Resolution_Prover.Lazy_List_Chain 568:19582  some Preplay: (smt (cvc5, pre_skolem_quant) emb emb.cases lfinite_lmap llist.simps(13) lmap_eq_LNil lmap_prepend) (> 1.0 s, timed out)
0.sledgehammer goal.proof     64783ms Ordered_Resolution_Prover.Lazy_List_Chain 568:19582  some Preplay: (smt (cvc5, inst_when_full) emb emb.cases lfinite_lmap llist.simps(13) lmap_eq_LNil lmap_prepend) (> 1.0 s, timed out)
0.sledgehammer goal.proof     64783ms Ordered_Resolution_Prover.Lazy_List_Chain 568:19582  some Preplay: (smt (cvc5, no_cbqi) emb emb.cases lfinite_lmap llist.simps(13) lmap_eq_LNil lmap_prepend) (> 1.0 s, timed out)
0.sledgehammer goal.proof     64783ms Ordered_Resolution_Prover.Lazy_List_Chain 568:19582  some Preplay: (smt (cvc5, quant_ind) emb emb.cases lfinite_lmap llist.simps(13) lmap_eq_LNil lmap_prepend) (failed)
0.sledgehammer goal.using     36260ms Ordered_Resolution_Prover.Lazy_List_Chain 642:22036  some (SH 36260ms, ATP 966ms): Try this: by (smt (cvc5) chain.coinduct full full_chain.cases)
0.sledgehammer goal.using     36260ms Ordered_Resolution_Prover.Lazy_List_Chain 642:22036  some Preplay: (smt (cvc5, best) chain.coinduct full full_chain.cases) (> 1.0 s, timed out)
0.sledgehammer goal.using     36260ms Ordered_Resolution_Prover.Lazy_List_Chain 642:22036  some Preplay: (smt (cvc5, no_ematching) chain.coinduct full full_chain.cases) (> 1.0 s, timed out)
0.sledgehammer goal.using     36260ms Ordered_Resolution_Prover.Lazy_List_Chain 642:22036  some Preplay: (smt (cvc5, no_ematching_enum_inst_sum) chain.coinduct full full_chain.cases) (> 1.0 s, timed out)
0.sledgehammer goal.using     36260ms Ordered_Resolution_Prover.Lazy_List_Chain 642:22036  some Preplay: (smt (cvc5, trigger_multi) chain.coinduct full full_chain.cases) (> 1.0 s, timed out)
0.sledgehammer goal.using     36260ms Ordered_Resolution_Prover.Lazy_List_Chain 642:22036  some Preplay: (smt (cvc5, trigger_multi_prio) chain.coinduct full full_chain.cases) (> 1.0 s, timed out)
0.sledgehammer goal.using     36260ms Ordered_Resolution_Prover.Lazy_List_Chain 642:22036  some Preplay: (smt (cvc5, trigger_cache) chain.coinduct full full_chain.cases) (> 1.0 s, timed out)
0.sledgehammer goal.using     36260ms Ordered_Resolution_Prover.Lazy_List_Chain 642:22036  some Preplay: (smt (cvc5, trigger_linear) chain.coinduct full full_chain.cases) (> 1.0 s, timed out)
0.sledgehammer goal.using     36260ms Ordered_Resolution_Prover.Lazy_List_Chain 642:22036  some Preplay: (smt (cvc5, inst_when_full) chain.coinduct full full_chain.cases) (> 1.0 s, timed out)
0.sledgehammer goal.using     36260ms Ordered_Resolution_Prover.Lazy_List_Chain 642:22036  some Preplay: (smt (cvc5, no_cbqi) chain.coinduct full full_chain.cases) (> 1.0 s, timed out)
0.sledgehammer goal.using     36260ms Ordered_Resolution_Prover.Lazy_List_Chain 642:22036  some Preplay: (smt (cvc5, quant_ind) chain.coinduct full full_chain.cases) (> 1.0 s, timed out)
0.sledgehammer goal.using     36260ms Ordered_Resolution_Prover.Lazy_List_Chain 642:22036  some Preplay: (smt (cvc5, pre_skolem_quant) chain.coinduct full full_chain.cases) (failed)
0.sledgehammer goal.by        36823ms Ordered_Resolution_Prover.Lazy_List_Chain 642:22047  some (SH 36822ms, ATP 930ms): Try this: by (smt (cvc5) chain.coinduct full_chain.cases)
0.sledgehammer goal.by        36823ms Ordered_Resolution_Prover.Lazy_List_Chain 642:22047  some Preplay: (smt (cvc5, best) chain.coinduct full_chain.cases) (> 1.0 s, timed out)
0.sledgehammer goal.by        36823ms Ordered_Resolution_Prover.Lazy_List_Chain 642:22047  some Preplay: (smt (cvc5, no_ematching) chain.coinduct full_chain.cases) (> 1.0 s, timed out)
0.sledgehammer goal.by        36823ms Ordered_Resolution_Prover.Lazy_List_Chain 642:22047  some Preplay: (smt (cvc5, no_ematching_enum_inst_sum) chain.coinduct full_chain.cases) (> 1.0 s, timed out)
0.sledgehammer goal.by        36823ms Ordered_Resolution_Prover.Lazy_List_Chain 642:22047  some Preplay: (smt (cvc5, trigger_multi) chain.coinduct full_chain.cases) (> 1.0 s, timed out)
0.sledgehammer goal.by        36823ms Ordered_Resolution_Prover.Lazy_List_Chain 642:22047  some Preplay: (smt (cvc5, trigger_multi_prio) chain.coinduct full_chain.cases) (> 1.0 s, timed out)
0.sledgehammer goal.by        36823ms Ordered_Resolution_Prover.Lazy_List_Chain 642:22047  some Preplay: (smt (cvc5, trigger_cache) chain.coinduct full_chain.cases) (> 1.0 s, timed out)
0.sledgehammer goal.by        36823ms Ordered_Resolution_Prover.Lazy_List_Chain 642:22047  some Preplay: (smt (cvc5, trigger_linear) chain.coinduct full_chain.cases) (> 1.0 s, timed out)
0.sledgehammer goal.by        36823ms Ordered_Resolution_Prover.Lazy_List_Chain 642:22047  some Preplay: (smt (cvc5, inst_when_full) chain.coinduct full_chain.cases) (> 1.0 s, timed out)
0.sledgehammer goal.by        36823ms Ordered_Resolution_Prover.Lazy_List_Chain 642:22047  some Preplay: (smt (cvc5, no_cbqi) chain.coinduct full_chain.cases) (> 1.0 s, timed out)
0.sledgehammer goal.by        36823ms Ordered_Resolution_Prover.Lazy_List_Chain 642:22047  some Preplay: (smt (cvc5, quant_ind) chain.coinduct full_chain.cases) (> 1.0 s, timed out)
0.sledgehammer goal.by        36823ms Ordered_Resolution_Prover.Lazy_List_Chain 642:22047  some Preplay: (smt (cvc5, pre_skolem_quant) chain.coinduct full_chain.cases) (failed)
0.sledgehammer goal.by        13546ms Ordered_Resolution_Prover.Map2 33:1166  timeout (SH 13546ms): Timed out
0.sledgehammer goal.proof     53253ms Ordered_Resolution_Prover.Map2 38:1370  some (SH 53252ms, ATP 828ms): Try this: by (smt (cvc5) Collect_cong assms case_prod_conv length_map length_zip min_less_iff_conj nth_map nth_zip set_conv_nth)
0.sledgehammer goal.proof     53253ms Ordered_Resolution_Prover.Map2 38:1370  some Preplay: (smt (cvc5, best) Collect_cong assms case_prod_conv length_map length_zip min_less_iff_conj nth_map nth_zip set_conv_nth) (> 1.0 s, timed out)
0.sledgehammer goal.proof     53253ms Ordered_Resolution_Prover.Map2 38:1370  some Preplay: (smt (cvc5, no_ematching) Collect_cong assms case_prod_conv length_map length_zip min_less_iff_conj nth_map nth_zip set_conv_nth) (> 1.0 s, timed out)
0.sledgehammer goal.proof     53253ms Ordered_Resolution_Prover.Map2 38:1370  some Preplay: (smt (cvc5, no_ematching_enum_inst_sum) Collect_cong assms case_prod_conv length_map length_zip min_less_iff_conj nth_map nth_zip set_conv_nth) (> 1.0 s, timed out)
0.sledgehammer goal.proof     53253ms Ordered_Resolution_Prover.Map2 38:1370  some Preplay: (smt (cvc5, trigger_multi) Collect_cong assms case_prod_conv length_map length_zip min_less_iff_conj nth_map nth_zip set_conv_nth) (> 1.0 s, timed out)
0.sledgehammer goal.proof     53253ms Ordered_Resolution_Prover.Map2 38:1370  some Preplay: (smt (cvc5, trigger_multi_prio) Collect_cong assms case_prod_conv length_map length_zip min_less_iff_conj nth_map nth_zip set_conv_nth) (> 1.0 s, timed out)
0.sledgehammer goal.proof     53253ms Ordered_Resolution_Prover.Map2 38:1370  some Preplay: (smt (cvc5, trigger_linear) Collect_cong assms case_prod_conv length_map length_zip min_less_iff_conj nth_map nth_zip set_conv_nth) (> 1.0 s, timed out)
0.sledgehammer goal.proof     53253ms Ordered_Resolution_Prover.Map2 38:1370  some Preplay: (smt (cvc5, inst_when_full) Collect_cong assms case_prod_conv length_map length_zip min_less_iff_conj nth_map nth_zip set_conv_nth) (> 1.0 s, timed out)
0.sledgehammer goal.proof     53253ms Ordered_Resolution_Prover.Map2 38:1370  some Preplay: (smt (cvc5, no_cbqi) Collect_cong assms case_prod_conv length_map length_zip min_less_iff_conj nth_map nth_zip set_conv_nth) (> 1.0 s, timed out)
0.sledgehammer goal.proof     53253ms Ordered_Resolution_Prover.Map2 38:1370  some Preplay: (smt (cvc5, quant_ind) Collect_cong assms case_prod_conv length_map length_zip min_less_iff_conj nth_map nth_zip set_conv_nth) (> 1.0 s, timed out)
0.sledgehammer goal.proof     53253ms Ordered_Resolution_Prover.Map2 38:1370  some Preplay: (smt (cvc5, trigger_cache) Collect_cong assms case_prod_conv length_map length_zip min_less_iff_conj nth_map nth_zip set_conv_nth) (failed)
0.sledgehammer goal.proof     53253ms Ordered_Resolution_Prover.Map2 38:1370  some Preplay: (smt (cvc5, pre_skolem_quant) Collect_cong assms case_prod_conv length_map length_zip min_less_iff_conj nth_map nth_zip set_conv_nth) (failed)
0.sledgehammer goal.using     46961ms Ordered_Resolution_Prover.Abstract_Substitution 250:8488  some (SH 46960ms, ATP 234ms): Try this: by (smt (cvc5, quant_ind) comp_substs_def list.map_ident_strong map2_map_map map_replicate_const substitution.id_subst_comp_subst substitution_axioms) (1.6 s)
0.sledgehammer goal.using     46961ms Ordered_Resolution_Prover.Abstract_Substitution 250:8488  some Preplay: (smt (cvc5, quant_ind) comp_substs_def list.map_ident_strong map2_map_map map_replicate_const substitution.id_subst_comp_subst substitution_axioms) (1.6 s)
0.sledgehammer goal.using     46961ms Ordered_Resolution_Prover.Abstract_Substitution 250:8488  some Preplay: (smt (cvc5, trigger_cache) comp_substs_def list.map_ident_strong map2_map_map map_replicate_const substitution.id_subst_comp_subst substitution_axioms) (2.1 s)
0.sledgehammer goal.using     46961ms Ordered_Resolution_Prover.Abstract_Substitution 250:8488  some Preplay: (smt (cvc5, best) comp_substs_def list.map_ident_strong map2_map_map map_replicate_const substitution.id_subst_comp_subst substitution_axioms) (> 1.0 s, timed out)
0.sledgehammer goal.using     46961ms Ordered_Resolution_Prover.Abstract_Substitution 250:8488  some Preplay: (smt (cvc5, no_ematching) comp_substs_def list.map_ident_strong map2_map_map map_replicate_const substitution.id_subst_comp_subst substitution_axioms) (> 1.0 s, timed out)
0.sledgehammer goal.using     46961ms Ordered_Resolution_Prover.Abstract_Substitution 250:8488  some Preplay: (smt (cvc5, no_ematching_enum_inst_sum) comp_substs_def list.map_ident_strong map2_map_map map_replicate_const substitution.id_subst_comp_subst substitution_axioms) (> 1.0 s, timed out)
0.sledgehammer goal.using     46961ms Ordered_Resolution_Prover.Abstract_Substitution 250:8488  some Preplay: (smt (cvc5, trigger_multi) comp_substs_def list.map_ident_strong map2_map_map map_replicate_const substitution.id_subst_comp_subst substitution_axioms) (> 1.0 s, timed out)
0.sledgehammer goal.using     46961ms Ordered_Resolution_Prover.Abstract_Substitution 250:8488  some Preplay: (smt (cvc5, trigger_multi_prio) comp_substs_def list.map_ident_strong map2_map_map map_replicate_const substitution.id_subst_comp_subst substitution_axioms) (> 1.0 s, timed out)
0.sledgehammer goal.using     46961ms Ordered_Resolution_Prover.Abstract_Substitution 250:8488  some Preplay: (smt (cvc5, trigger_linear) comp_substs_def list.map_ident_strong map2_map_map map_replicate_const substitution.id_subst_comp_subst substitution_axioms) (> 1.0 s, timed out)
0.sledgehammer goal.using     46961ms Ordered_Resolution_Prover.Abstract_Substitution 250:8488  some Preplay: (smt (cvc5, inst_when_full) comp_substs_def list.map_ident_strong map2_map_map map_replicate_const substitution.id_subst_comp_subst substitution_axioms) (> 1.0 s, timed out)
0.sledgehammer goal.using     46961ms Ordered_Resolution_Prover.Abstract_Substitution 250:8488  some Preplay: (smt (cvc5, no_cbqi) comp_substs_def list.map_ident_strong map2_map_map map_replicate_const substitution.id_subst_comp_subst substitution_axioms) (> 1.0 s, timed out)
0.sledgehammer goal.using     46961ms Ordered_Resolution_Prover.Abstract_Substitution 250:8488  some Preplay: (smt (cvc5, pre_skolem_quant) comp_substs_def list.map_ident_strong map2_map_map map_replicate_const substitution.id_subst_comp_subst substitution_axioms) (failed)
0.sledgehammer goal.by        12826ms Ordered_Resolution_Prover.Abstract_Substitution 250:8510  timeout (SH 12826ms): Timed out
0.sledgehammer goal.by        53500ms Ordered_Resolution_Prover.Abstract_Substitution 271:9292  some (SH 53499ms, ATP 1947ms): Try this: by (smt (cvc5) fst_def image_iff length_replicate list.set_map list.set_map map_eq_conv map_fst_zip map_replicate_const map_replicate_const set_zip_rightD split_cong subst_atm_mset_id_subst)
0.sledgehammer goal.by        53500ms Ordered_Resolution_Prover.Abstract_Substitution 271:9292  some Preplay: (smt (cvc5, best) fst_def image_iff length_replicate list.set_map map_eq_conv map_fst_zip map_replicate_const set_zip_rightD split_cong subst_atm_mset_id_subst) (> 1.0 s, timed out)
0.sledgehammer goal.by        53500ms Ordered_Resolution_Prover.Abstract_Substitution 271:9292  some Preplay: (smt (cvc5, no_ematching) fst_def image_iff length_replicate list.set_map map_eq_conv map_fst_zip map_replicate_const set_zip_rightD split_cong subst_atm_mset_id_subst) (> 1.0 s, timed out)
0.sledgehammer goal.by        53500ms Ordered_Resolution_Prover.Abstract_Substitution 271:9292  some Preplay: (smt (cvc5, no_ematching_enum_inst_sum) fst_def image_iff length_replicate list.set_map map_eq_conv map_fst_zip map_replicate_const set_zip_rightD split_cong subst_atm_mset_id_subst) (> 1.0 s, timed out)
0.sledgehammer goal.by        53500ms Ordered_Resolution_Prover.Abstract_Substitution 271:9292  some Preplay: (smt (cvc5, trigger_multi) fst_def image_iff length_replicate list.set_map map_eq_conv map_fst_zip map_replicate_const set_zip_rightD split_cong subst_atm_mset_id_subst) (> 1.0 s, timed out)
0.sledgehammer goal.by        53500ms Ordered_Resolution_Prover.Abstract_Substitution 271:9292  some Preplay: (smt (cvc5, trigger_multi_prio) fst_def image_iff length_replicate list.set_map map_eq_conv map_fst_zip map_replicate_const set_zip_rightD split_cong subst_atm_mset_id_subst) (> 1.0 s, timed out)
0.sledgehammer goal.by        53500ms Ordered_Resolution_Prover.Abstract_Substitution 271:9292  some Preplay: (smt (cvc5, trigger_cache) fst_def image_iff length_replicate list.set_map map_eq_conv map_fst_zip map_replicate_const set_zip_rightD split_cong subst_atm_mset_id_subst) (> 1.0 s, timed out)
0.sledgehammer goal.by        53500ms Ordered_Resolution_Prover.Abstract_Substitution 271:9292  some Preplay: (smt (cvc5, trigger_linear) fst_def image_iff length_replicate list.set_map map_eq_conv map_fst_zip map_replicate_const set_zip_rightD split_cong subst_atm_mset_id_subst) (> 1.0 s, timed out)
0.sledgehammer goal.by        53500ms Ordered_Resolution_Prover.Abstract_Substitution 271:9292  some Preplay: (smt (cvc5, inst_when_full) fst_def image_iff length_replicate list.set_map map_eq_conv map_fst_zip map_replicate_const set_zip_rightD split_cong subst_atm_mset_id_subst) (> 1.0 s, timed out)
0.sledgehammer goal.by        53500ms Ordered_Resolution_Prover.Abstract_Substitution 271:9292  some Preplay: (smt (cvc5, no_cbqi) fst_def image_iff length_replicate list.set_map map_eq_conv map_fst_zip map_replicate_const set_zip_rightD split_cong subst_atm_mset_id_subst) (> 1.0 s, timed out)
0.sledgehammer goal.by        53500ms Ordered_Resolution_Prover.Abstract_Substitution 271:9292  some Preplay: (smt (cvc5, pre_skolem_quant) fst_def image_iff length_replicate list.set_map map_eq_conv map_fst_zip map_replicate_const set_zip_rightD split_cong subst_atm_mset_id_subst) (failed)
0.sledgehammer goal.by        53500ms Ordered_Resolution_Prover.Abstract_Substitution 271:9292  some Preplay: (smt (cvc5, quant_ind) fst_def image_iff length_replicate list.set_map map_eq_conv map_fst_zip map_replicate_const set_zip_rightD split_cong subst_atm_mset_id_subst) (failed)
0.sledgehammer goal.unfolding 12488ms Ordered_Resolution_Prover.Abstract_Substitution 304:10318  timeout (SH 12488ms): Timed out
0.sledgehammer goal.unfolding 13514ms Ordered_Resolution_Prover.Abstract_Substitution 326:11216  timeout (SH 13514ms): Timed out
0.sledgehammer goal.unfolding 54820ms Ordered_Resolution_Prover.Abstract_Substitution 380:13120  timeout (SH 54820ms):
0.sledgehammer goal.proof     12463ms Ordered_Resolution_Prover.Abstract_Substitution 849:30783  timeout (SH 12462ms): Timed out
0.sledgehammer goal.unfolding 54174ms Ordered_Resolution_Prover.Abstract_Substitution 963:35436  timeout (SH 54174ms):
0.sledgehammer goal.by        42861ms Ordered_Resolution_Prover.Abstract_Substitution 978:36080  some (SH 42860ms, ATP 607ms): Try this: by (smt (cvc5, pre_skolem_quant) is_ground_cls_if_in_grounding_of_cls is_ground_subst_cls mem_Collect_eq) (440 ms)
0.sledgehammer goal.by        42861ms Ordered_Resolution_Prover.Abstract_Substitution 978:36080  some Preplay: (smt (cvc5, pre_skolem_quant) is_ground_cls_if_in_grounding_of_cls is_ground_subst_cls mem_Collect_eq) (440 ms)
0.sledgehammer goal.by        42861ms Ordered_Resolution_Prover.Abstract_Substitution 978:36080  some Preplay: (smt (cvc5, best) is_ground_cls_if_in_grounding_of_cls is_ground_subst_cls mem_Collect_eq) (454 ms)
0.sledgehammer goal.by        42861ms Ordered_Resolution_Prover.Abstract_Substitution 978:36080  some Preplay: (smt (cvc5, trigger_multi_prio) is_ground_cls_if_in_grounding_of_cls is_ground_subst_cls mem_Collect_eq) (467 ms)
0.sledgehammer goal.by        42861ms Ordered_Resolution_Prover.Abstract_Substitution 978:36080  some Preplay: (smt (cvc5, trigger_cache) is_ground_cls_if_in_grounding_of_cls is_ground_subst_cls mem_Collect_eq) (471 ms)
0.sledgehammer goal.by        42861ms Ordered_Resolution_Prover.Abstract_Substitution 978:36080  some Preplay: (smt (cvc5, trigger_linear) is_ground_cls_if_in_grounding_of_cls is_ground_subst_cls mem_Collect_eq) (603 ms)
0.sledgehammer goal.by        42861ms Ordered_Resolution_Prover.Abstract_Substitution 978:36080  some Preplay: (smt (cvc5, inst_when_full) is_ground_cls_if_in_grounding_of_cls is_ground_subst_cls mem_Collect_eq) (665 ms)
0.sledgehammer goal.by        42861ms Ordered_Resolution_Prover.Abstract_Substitution 978:36080  some Preplay: (smt (cvc5, trigger_multi) is_ground_cls_if_in_grounding_of_cls is_ground_subst_cls mem_Collect_eq) (725 ms)
0.sledgehammer goal.by        42861ms Ordered_Resolution_Prover.Abstract_Substitution 978:36080  some Preplay: (smt (cvc5, no_ematching) is_ground_cls_if_in_grounding_of_cls is_ground_subst_cls mem_Collect_eq) (failed)
0.sledgehammer goal.by        42861ms Ordered_Resolution_Prover.Abstract_Substitution 978:36080  some Preplay: (smt (cvc5, no_ematching_enum_inst_sum) is_ground_cls_if_in_grounding_of_cls is_ground_subst_cls mem_Collect_eq) (failed)
0.sledgehammer goal.by        42861ms Ordered_Resolution_Prover.Abstract_Substitution 978:36080  some Preplay: (smt (cvc5, no_cbqi) is_ground_cls_if_in_grounding_of_cls is_ground_subst_cls mem_Collect_eq) (failed)
0.sledgehammer goal.by        42861ms Ordered_Resolution_Prover.Abstract_Substitution 978:36080  some Preplay: (smt (cvc5, quant_ind) is_ground_cls_if_in_grounding_of_cls is_ground_subst_cls mem_Collect_eq) (failed)
0.sledgehammer goal.by        14511ms Ordered_Resolution_Prover.FO_Ordered_Resolution 98:4032  timeout (SH 14511ms): Timed out
0.sledgehammer goal.using     14091ms Ordered_Resolution_Prover.FO_Ordered_Resolution 245:9300  timeout (SH 14091ms): Timed out
0.sledgehammer goal.by        14557ms Ordered_Resolution_Prover.FO_Ordered_Resolution 246:9347  timeout (SH 14557ms): Timed out
0.sledgehammer goal.proof     13885ms Ordered_Resolution_Prover.FO_Ordered_Resolution 355:13050  timeout (SH 13885ms): Timed out
0.sledgehammer goal.by        65136ms Ordered_Resolution_Prover.FO_Ordered_Resolution 420:15635  timeout (SH 65136ms):
0.sledgehammer goal.using     39248ms Ordered_Resolution_Prover.FO_Ordered_Resolution 434:16060  some (SH 39248ms, ATP 133ms): Try this: by (smt (cvc5, best) ord_resolve_rename_unique res_e the_equality) (382 ms)
0.sledgehammer goal.using     39248ms Ordered_Resolution_Prover.FO_Ordered_Resolution 434:16060  some Preplay: (smt (cvc5, best) ord_resolve_rename_unique res_e the_equality) (382 ms)
0.sledgehammer goal.using     39248ms Ordered_Resolution_Prover.FO_Ordered_Resolution 434:16060  some Preplay: (smt (cvc5, trigger_multi_prio) ord_resolve_rename_unique res_e the_equality) (891 ms)
0.sledgehammer goal.using     39248ms Ordered_Resolution_Prover.FO_Ordered_Resolution 434:16060  some Preplay: (smt (cvc5, trigger_cache) ord_resolve_rename_unique res_e the_equality) (915 ms)
0.sledgehammer goal.using     39248ms Ordered_Resolution_Prover.FO_Ordered_Resolution 434:16060  some Preplay: (smt (cvc5, no_ematching) ord_resolve_rename_unique res_e the_equality) (917 ms)
0.sledgehammer goal.using     39248ms Ordered_Resolution_Prover.FO_Ordered_Resolution 434:16060  some Preplay: (smt (cvc5, no_ematching_enum_inst_sum) ord_resolve_rename_unique res_e the_equality) (979 ms)
0.sledgehammer goal.using     39248ms Ordered_Resolution_Prover.FO_Ordered_Resolution 434:16060  some Preplay: (smt (cvc5, trigger_linear) ord_resolve_rename_unique res_e the_equality) (1.1 s)
0.sledgehammer goal.using     39248ms Ordered_Resolution_Prover.FO_Ordered_Resolution 434:16060  some Preplay: (smt (cvc5, inst_when_full) ord_resolve_rename_unique res_e the_equality) (1.1 s)
0.sledgehammer goal.using     39248ms Ordered_Resolution_Prover.FO_Ordered_Resolution 434:16060  some Preplay: (smt (cvc5, no_cbqi) ord_resolve_rename_unique res_e the_equality) (1.6 s)
0.sledgehammer goal.using     39248ms Ordered_Resolution_Prover.FO_Ordered_Resolution 434:16060  some Preplay: (smt (cvc5, trigger_multi) ord_resolve_rename_unique res_e the_equality) (> 382 ms, timed out)
0.sledgehammer goal.using     39248ms Ordered_Resolution_Prover.FO_Ordered_Resolution 434:16060  some Preplay: (smt (cvc5, pre_skolem_quant) ord_resolve_rename_unique res_e the_equality) (failed)
0.sledgehammer goal.using     39248ms Ordered_Resolution_Prover.FO_Ordered_Resolution 434:16060  some Preplay: (smt (cvc5, quant_ind) ord_resolve_rename_unique res_e the_equality) (failed)
0.sledgehammer goal.by        13344ms Ordered_Resolution_Prover.FO_Ordered_Resolution 434:16098  some (SH 13344ms, ATP 120ms): Try this: by (smt (cvc5, trigger_linear) the_equality) (862 ms)
0.sledgehammer goal.by        13344ms Ordered_Resolution_Prover.FO_Ordered_Resolution 434:16098  some Preplay: (smt (cvc5, trigger_linear) the_equality) (862 ms)
0.sledgehammer goal.by        13344ms Ordered_Resolution_Prover.FO_Ordered_Resolution 434:16098  some Preplay: (smt (cvc5, trigger_multi) the_equality) (917 ms)
0.sledgehammer goal.by        13344ms Ordered_Resolution_Prover.FO_Ordered_Resolution 434:16098  some Preplay: (smt (cvc5, trigger_cache) the_equality) (935 ms)
0.sledgehammer goal.by        13344ms Ordered_Resolution_Prover.FO_Ordered_Resolution 434:16098  some Preplay: (smt (cvc5, best) the_equality) (966 ms)
0.sledgehammer goal.by        13344ms Ordered_Resolution_Prover.FO_Ordered_Resolution 434:16098  some Preplay: (smt (cvc5, no_ematching_enum_inst_sum) the_equality) (976 ms)
0.sledgehammer goal.by        13344ms Ordered_Resolution_Prover.FO_Ordered_Resolution 434:16098  some Preplay: (smt (cvc5, trigger_multi_prio) the_equality) (978 ms)
0.sledgehammer goal.by        13344ms Ordered_Resolution_Prover.FO_Ordered_Resolution 434:16098  some Preplay: (smt (cvc5, inst_when_full) the_equality) (1.0 s)
0.sledgehammer goal.by        13344ms Ordered_Resolution_Prover.FO_Ordered_Resolution 434:16098  some Preplay: (smt (cvc5, no_cbqi) the_equality) (1.7 s)
0.sledgehammer goal.by        13344ms Ordered_Resolution_Prover.FO_Ordered_Resolution 434:16098  some Preplay: (smt (cvc5, no_ematching) the_equality) (2.0 s)
0.sledgehammer goal.by        13344ms Ordered_Resolution_Prover.FO_Ordered_Resolution 434:16098  some Preplay: (smt (cvc5, pre_skolem_quant) the_equality) (failed)
0.sledgehammer goal.by        13344ms Ordered_Resolution_Prover.FO_Ordered_Resolution 434:16098  some Preplay: (smt (cvc5, quant_ind) the_equality) (failed)
0.sledgehammer goal.using     17762ms Ordered_Resolution_Prover.FO_Ordered_Resolution 437:16209  timeout (SH 17762ms): Timed out
0.sledgehammer goal.by        55784ms Ordered_Resolution_Prover.FO_Ordered_Resolution 439:16302  timeout (SH 55784ms):
0.sledgehammer goal.using     13489ms Ordered_Resolution_Prover.FO_Ordered_Resolution 509:18871  timeout (SH 13489ms): Timed out
0.sledgehammer goal.by        43089ms Ordered_Resolution_Prover.FO_Ordered_Resolution 510:18932  some (SH 43089ms, ATP 1829ms): Try this: by (smt (cvc5) in_set_conv_nth length_map list.set_map mset_subset_eqD multiset.set_map neg_lit_in_atms_of nth_map nth_mem_mset set_mset_mset set_mset_mset subsetI subst_atm_list_length)
0.sledgehammer goal.by        43089ms Ordered_Resolution_Prover.FO_Ordered_Resolution 510:18932  some Preplay: (smt (cvc5, best) in_set_conv_nth length_map list.set_map mset_subset_eqD multiset.set_map neg_lit_in_atms_of nth_map nth_mem_mset set_mset_mset set_mset_mset subsetI subst_atm_list_length) (> 1.0 s, timed out)
0.sledgehammer goal.by        43089ms Ordered_Resolution_Prover.FO_Ordered_Resolution 510:18932  some Preplay: (smt (cvc5, no_ematching) in_set_conv_nth length_map list.set_map mset_subset_eqD multiset.set_map neg_lit_in_atms_of nth_map nth_mem_mset set_mset_mset set_mset_mset subsetI subst_atm_list_length) (> 1.0 s, timed out)
0.sledgehammer goal.by        43089ms Ordered_Resolution_Prover.FO_Ordered_Resolution 510:18932  some Preplay: (smt (cvc5, no_ematching_enum_inst_sum) in_set_conv_nth length_map list.set_map mset_subset_eqD multiset.set_map neg_lit_in_atms_of nth_map nth_mem_mset set_mset_mset set_mset_mset subsetI subst_atm_list_length) (> 1.0 s, timed out)
0.sledgehammer goal.by        43089ms Ordered_Resolution_Prover.FO_Ordered_Resolution 510:18932  some Preplay: (smt (cvc5, trigger_multi) in_set_conv_nth length_map list.set_map mset_subset_eqD multiset.set_map neg_lit_in_atms_of nth_map nth_mem_mset set_mset_mset set_mset_mset subsetI subst_atm_list_length) (> 1.0 s, timed out)
0.sledgehammer goal.by        43089ms Ordered_Resolution_Prover.FO_Ordered_Resolution 510:18932  some Preplay: (smt (cvc5, trigger_multi_prio) in_set_conv_nth length_map list.set_map mset_subset_eqD multiset.set_map neg_lit_in_atms_of nth_map nth_mem_mset set_mset_mset set_mset_mset subsetI subst_atm_list_length) (> 1.0 s, timed out)
0.sledgehammer goal.by        43089ms Ordered_Resolution_Prover.FO_Ordered_Resolution 510:18932  some Preplay: (smt (cvc5, trigger_cache) in_set_conv_nth length_map list.set_map mset_subset_eqD multiset.set_map neg_lit_in_atms_of nth_map nth_mem_mset set_mset_mset set_mset_mset subsetI subst_atm_list_length) (> 1.0 s, timed out)
0.sledgehammer goal.by        43089ms Ordered_Resolution_Prover.FO_Ordered_Resolution 510:18932  some Preplay: (smt (cvc5, trigger_linear) in_set_conv_nth length_map list.set_map mset_subset_eqD multiset.set_map neg_lit_in_atms_of nth_map nth_mem_mset set_mset_mset set_mset_mset subsetI subst_atm_list_length) (> 1.0 s, timed out)
0.sledgehammer goal.by        43089ms Ordered_Resolution_Prover.FO_Ordered_Resolution 510:18932  some Preplay: (smt (cvc5, inst_when_full) in_set_conv_nth length_map list.set_map mset_subset_eqD multiset.set_map neg_lit_in_atms_of nth_map nth_mem_mset set_mset_mset set_mset_mset subsetI subst_atm_list_length) (> 1.0 s, timed out)
0.sledgehammer goal.by        43089ms Ordered_Resolution_Prover.FO_Ordered_Resolution 510:18932  some Preplay: (smt (cvc5, no_cbqi) in_set_conv_nth length_map list.set_map mset_subset_eqD multiset.set_map neg_lit_in_atms_of nth_map nth_mem_mset set_mset_mset set_mset_mset subsetI subst_atm_list_length) (> 1.0 s, timed out)
0.sledgehammer goal.by        43089ms Ordered_Resolution_Prover.FO_Ordered_Resolution 510:18932  some Preplay: (smt (cvc5, pre_skolem_quant) in_set_conv_nth length_map list.set_map mset_subset_eqD multiset.set_map neg_lit_in_atms_of nth_map nth_mem_mset set_mset_mset set_mset_mset subsetI subst_atm_list_length) (failed)
0.sledgehammer goal.by        43089ms Ordered_Resolution_Prover.FO_Ordered_Resolution 510:18932  some Preplay: (smt (cvc5, quant_ind) in_set_conv_nth length_map list.set_map mset_subset_eqD multiset.set_map neg_lit_in_atms_of nth_map nth_mem_mset set_mset_mset set_mset_mset subsetI subst_atm_list_length) (failed)
0.sledgehammer goal.by        42204ms Ordered_Resolution_Prover.FO_Ordered_Resolution 527:19582  some (SH 42204ms, ATP 1338ms): Try this: by (smt (cvc5) Collect_mono_iff insert_subset sup.bounded_iff)
0.sledgehammer goal.by        42204ms Ordered_Resolution_Prover.FO_Ordered_Resolution 527:19582  some Preplay: (smt (cvc5, best) Collect_mono_iff insert_subset sup.bounded_iff) (> 1.0 s, timed out)
0.sledgehammer goal.by        42204ms Ordered_Resolution_Prover.FO_Ordered_Resolution 527:19582  some Preplay: (smt (cvc5, no_ematching) Collect_mono_iff insert_subset sup.bounded_iff) (> 1.0 s, timed out)
0.sledgehammer goal.by        42204ms Ordered_Resolution_Prover.FO_Ordered_Resolution 527:19582  some Preplay: (smt (cvc5, no_ematching_enum_inst_sum) Collect_mono_iff insert_subset sup.bounded_iff) (> 1.0 s, timed out)
0.sledgehammer goal.by        42204ms Ordered_Resolution_Prover.FO_Ordered_Resolution 527:19582  some Preplay: (smt (cvc5, trigger_multi) Collect_mono_iff insert_subset sup.bounded_iff) (> 1.0 s, timed out)
0.sledgehammer goal.by        42204ms Ordered_Resolution_Prover.FO_Ordered_Resolution 527:19582  some Preplay: (smt (cvc5, trigger_multi_prio) Collect_mono_iff insert_subset sup.bounded_iff) (> 1.0 s, timed out)
0.sledgehammer goal.by        42204ms Ordered_Resolution_Prover.FO_Ordered_Resolution 527:19582  some Preplay: (smt (cvc5, trigger_cache) Collect_mono_iff insert_subset sup.bounded_iff) (> 1.0 s, timed out)
0.sledgehammer goal.by        42204ms Ordered_Resolution_Prover.FO_Ordered_Resolution 527:19582  some Preplay: (smt (cvc5, trigger_linear) Collect_mono_iff insert_subset sup.bounded_iff) (> 1.0 s, timed out)
0.sledgehammer goal.by        42204ms Ordered_Resolution_Prover.FO_Ordered_Resolution 527:19582  some Preplay: (smt (cvc5, pre_skolem_quant) Collect_mono_iff insert_subset sup.bounded_iff) (> 1.0 s, timed out)
0.sledgehammer goal.by        42204ms Ordered_Resolution_Prover.FO_Ordered_Resolution 527:19582  some Preplay: (smt (cvc5, inst_when_full) Collect_mono_iff insert_subset sup.bounded_iff) (> 1.0 s, timed out)
0.sledgehammer goal.by        42204ms Ordered_Resolution_Prover.FO_Ordered_Resolution 527:19582  some Preplay: (smt (cvc5, no_cbqi) Collect_mono_iff insert_subset sup.bounded_iff) (> 1.0 s, timed out)
0.sledgehammer goal.by        42204ms Ordered_Resolution_Prover.FO_Ordered_Resolution 527:19582  some Preplay: (smt (cvc5, quant_ind) Collect_mono_iff insert_subset sup.bounded_iff) (> 1.0 s, timed out)
0.sledgehammer goal.proof     13746ms Ordered_Resolution_Prover.FO_Ordered_Resolution 598:21688  timeout (SH 13746ms): Timed out
0.sledgehammer goal.using     13744ms Ordered_Resolution_Prover.FO_Ordered_Resolution 693:25409  timeout (SH 13744ms): Timed out
0.sledgehammer goal.by        15224ms Ordered_Resolution_Prover.FO_Ordered_Resolution 693:25423  timeout (SH 15223ms): Timed out
0.sledgehammer goal.using     14060ms Ordered_Resolution_Prover.FO_Ordered_Resolution 1064:39871  timeout (SH 14060ms): Timed out
0.sledgehammer goal.by        43147ms Ordered_Resolution_Prover.FO_Ordered_Resolution 1155:43309  some (SH 43147ms, ATP 616ms): Try this: by (smt (cvc5) image_cong image_image image_image list.set_map multiset.set_map)
0.sledgehammer goal.by        43147ms Ordered_Resolution_Prover.FO_Ordered_Resolution 1155:43309  some Preplay: (smt (cvc5, best) image_cong image_image list.set_map multiset.set_map) (> 1.0 s, timed out)
0.sledgehammer goal.by        43147ms Ordered_Resolution_Prover.FO_Ordered_Resolution 1155:43309  some Preplay: (smt (cvc5, no_ematching) image_cong image_image list.set_map multiset.set_map) (> 1.0 s, timed out)
0.sledgehammer goal.by        43147ms Ordered_Resolution_Prover.FO_Ordered_Resolution 1155:43309  some Preplay: (smt (cvc5, no_ematching_enum_inst_sum) image_cong image_image list.set_map multiset.set_map) (> 1.0 s, timed out)
0.sledgehammer goal.by        43147ms Ordered_Resolution_Prover.FO_Ordered_Resolution 1155:43309  some Preplay: (smt (cvc5, trigger_multi) image_cong image_image list.set_map multiset.set_map) (> 1.0 s, timed out)
0.sledgehammer goal.by        43147ms Ordered_Resolution_Prover.FO_Ordered_Resolution 1155:43309  some Preplay: (smt (cvc5, trigger_multi_prio) image_cong image_image list.set_map multiset.set_map) (> 1.0 s, timed out)
0.sledgehammer goal.by        43147ms Ordered_Resolution_Prover.FO_Ordered_Resolution 1155:43309  some Preplay: (smt (cvc5, trigger_cache) image_cong image_image list.set_map multiset.set_map) (> 1.0 s, timed out)
0.sledgehammer goal.by        43147ms Ordered_Resolution_Prover.FO_Ordered_Resolution 1155:43309  some Preplay: (smt (cvc5, trigger_linear) image_cong image_image list.set_map multiset.set_map) (> 1.0 s, timed out)
0.sledgehammer goal.by        43147ms Ordered_Resolution_Prover.FO_Ordered_Resolution 1155:43309  some Preplay: (smt (cvc5, inst_when_full) image_cong image_image list.set_map multiset.set_map) (> 1.0 s, timed out)
0.sledgehammer goal.by        43147ms Ordered_Resolution_Prover.FO_Ordered_Resolution 1155:43309  some Preplay: (smt (cvc5, no_cbqi) image_cong image_image list.set_map multiset.set_map) (> 1.0 s, timed out)
0.sledgehammer goal.by        43147ms Ordered_Resolution_Prover.FO_Ordered_Resolution 1155:43309  some Preplay: (smt (cvc5, quant_ind) image_cong image_image list.set_map multiset.set_map) (> 1.0 s, timed out)
0.sledgehammer goal.by        43147ms Ordered_Resolution_Prover.FO_Ordered_Resolution 1155:43309  some Preplay: (smt (cvc5, pre_skolem_quant) image_cong image_image list.set_map multiset.set_map) (failed)
0.sledgehammer goal.using     92840ms Ordered_Resolution_Prover.FO_Ordered_Resolution 1163:43677  some (SH 92840ms, ATP 359ms): Try this: by (smt (cvc5, trigger_cache) image_iff list.set_finite list.set_map mgu_complete multiset.set_finite) (451 ms)
0.sledgehammer goal.using     92840ms Ordered_Resolution_Prover.FO_Ordered_Resolution 1163:43677  some Preplay: (smt (cvc5, trigger_cache) image_iff list.set_finite list.set_map mgu_complete multiset.set_finite) (451 ms)
0.sledgehammer goal.using     92840ms Ordered_Resolution_Prover.FO_Ordered_Resolution 1163:43677  some Preplay: (smt (cvc5, trigger_multi_prio) image_iff list.set_finite list.set_map mgu_complete multiset.set_finite) (468 ms)
0.sledgehammer goal.using     92840ms Ordered_Resolution_Prover.FO_Ordered_Resolution 1163:43677  some Preplay: (smt (cvc5, best) image_iff list.set_finite list.set_map mgu_complete multiset.set_finite) (1.2 s)
0.sledgehammer goal.using     92840ms Ordered_Resolution_Prover.FO_Ordered_Resolution 1163:43677  some Preplay: (smt (cvc5, trigger_multi) image_iff list.set_finite list.set_map mgu_complete multiset.set_finite) (1.4 s)
0.sledgehammer goal.using     92840ms Ordered_Resolution_Prover.FO_Ordered_Resolution 1163:43677  some Preplay: (smt (cvc5, trigger_linear) image_iff list.set_finite list.set_map mgu_complete multiset.set_finite) (> 451 ms, timed out)
0.sledgehammer goal.using     92840ms Ordered_Resolution_Prover.FO_Ordered_Resolution 1163:43677  some Preplay: (smt (cvc5, no_cbqi) image_iff list.set_finite list.set_map mgu_complete multiset.set_finite) (> 451 ms, timed out)
0.sledgehammer goal.using     92840ms Ordered_Resolution_Prover.FO_Ordered_Resolution 1163:43677  some Preplay: (smt (cvc5, quant_ind) image_iff list.set_finite list.set_map mgu_complete multiset.set_finite) (> 451 ms, timed out)
0.sledgehammer goal.using     92840ms Ordered_Resolution_Prover.FO_Ordered_Resolution 1163:43677  some Preplay: (smt (cvc5, no_ematching) image_iff list.set_finite list.set_map mgu_complete multiset.set_finite) (> 1.0 s, timed out)
0.sledgehammer goal.using     92840ms Ordered_Resolution_Prover.FO_Ordered_Resolution 1163:43677  some Preplay: (smt (cvc5, no_ematching_enum_inst_sum) image_iff list.set_finite list.set_map mgu_complete multiset.set_finite) (> 1.0 s, timed out)
0.sledgehammer goal.using     92840ms Ordered_Resolution_Prover.FO_Ordered_Resolution 1163:43677  some Preplay: (smt (cvc5, pre_skolem_quant) image_iff list.set_finite list.set_map mgu_complete multiset.set_finite) (failed)
0.sledgehammer goal.using     92840ms Ordered_Resolution_Prover.FO_Ordered_Resolution 1163:43677  some Preplay: (smt (cvc5, inst_when_full) image_iff list.set_finite list.set_map mgu_complete multiset.set_finite) (failed)
0.sledgehammer goal.by        56949ms Ordered_Resolution_Prover.FO_Ordered_Resolution 1164:43702  some (SH 56949ms, ATP 184ms): Try this: by (smt (cvc5, trigger_multi_prio) List.finite_set finite_set_mset image_iff list.set_map) (435 ms)
0.sledgehammer goal.by        56949ms Ordered_Resolution_Prover.FO_Ordered_Resolution 1164:43702  some Preplay: (smt (cvc5, trigger_multi_prio) List.finite_set finite_set_mset image_iff list.set_map) (435 ms)
0.sledgehammer goal.by        56949ms Ordered_Resolution_Prover.FO_Ordered_Resolution 1164:43702  some Preplay: (smt (cvc5, trigger_cache) List.finite_set finite_set_mset image_iff list.set_map) (605 ms)
0.sledgehammer goal.by        56949ms Ordered_Resolution_Prover.FO_Ordered_Resolution 1164:43702  some Preplay: (smt (cvc5, trigger_multi) List.finite_set finite_set_mset image_iff list.set_map) (1.1 s)
0.sledgehammer goal.by        56949ms Ordered_Resolution_Prover.FO_Ordered_Resolution 1164:43702  some Preplay: (smt (cvc5, best) List.finite_set finite_set_mset image_iff list.set_map) (1.3 s)
0.sledgehammer goal.by        56949ms Ordered_Resolution_Prover.FO_Ordered_Resolution 1164:43702  some Preplay: (smt (cvc5, trigger_linear) List.finite_set finite_set_mset image_iff list.set_map) (> 435 ms, timed out)
0.sledgehammer goal.by        56949ms Ordered_Resolution_Prover.FO_Ordered_Resolution 1164:43702  some Preplay: (smt (cvc5, inst_when_full) List.finite_set finite_set_mset image_iff list.set_map) (> 435 ms, timed out)
0.sledgehammer goal.by        56949ms Ordered_Resolution_Prover.FO_Ordered_Resolution 1164:43702  some Preplay: (smt (cvc5, no_cbqi) List.finite_set finite_set_mset image_iff list.set_map) (> 435 ms, timed out)
0.sledgehammer goal.by        56949ms Ordered_Resolution_Prover.FO_Ordered_Resolution 1164:43702  some Preplay: (smt (cvc5, quant_ind) List.finite_set finite_set_mset image_iff list.set_map) (> 435 ms, timed out)
0.sledgehammer goal.by        56949ms Ordered_Resolution_Prover.FO_Ordered_Resolution 1164:43702  some Preplay: (smt (cvc5, no_ematching) List.finite_set finite_set_mset image_iff list.set_map) (> 1.0 s, timed out)
0.sledgehammer goal.by        56949ms Ordered_Resolution_Prover.FO_Ordered_Resolution 1164:43702  some Preplay: (smt (cvc5, no_ematching_enum_inst_sum) List.finite_set finite_set_mset image_iff list.set_map) (> 1.0 s, timed out)
0.sledgehammer goal.by        56949ms Ordered_Resolution_Prover.FO_Ordered_Resolution 1164:43702  some Preplay: (smt (cvc5, pre_skolem_quant) List.finite_set finite_set_mset image_iff list.set_map) (failed)
0.sledgehammer goal.by        14186ms Ordered_Resolution_Prover.FO_Ordered_Resolution 1166:43857  timeout (SH 14185ms): Timed out
0.sledgehammer goal.proof     13595ms Ordered_Resolution_Prover.FO_Ordered_Resolution 1265:48072  timeout (SH 13595ms): Timed out
0.sledgehammer goal.using     56112ms Ordered_Resolution_Prover.FO_Ordered_Resolution 1269:48251  timeout (SH 56112ms):
0.sledgehammer goal.unfolding 13941ms Ordered_Resolution_Prover.FO_Ordered_Resolution 1346:51540  timeout (SH 13941ms): Timed out
0.sledgehammer goal.unfolding 13876ms Ordered_Resolution_Prover.FO_Ordered_Resolution_Prover 176:6358  timeout (SH 13876ms): Timed out
0.sledgehammer goal.using     15224ms Ordered_Resolution_Prover.FO_Ordered_Resolution_Prover 191:7065  timeout (SH 15224ms): Timed out
0.sledgehammer goal.using     29751ms Ordered_Resolution_Prover.FO_Ordered_Resolution_Prover 211:7836  some (SH 29751ms, ATP 140ms): Try this: by (smt (cvc5, trigger_linear) mem_Collect_eq standard_redundancy_criterion.Rf_def) (416 ms)
0.sledgehammer goal.using     29751ms Ordered_Resolution_Prover.FO_Ordered_Resolution_Prover 211:7836  some Preplay: (smt (cvc5, trigger_linear) mem_Collect_eq standard_redundancy_criterion.Rf_def) (416 ms)
0.sledgehammer goal.using     29751ms Ordered_Resolution_Prover.FO_Ordered_Resolution_Prover 211:7836  some Preplay: (smt (cvc5, pre_skolem_quant) mem_Collect_eq standard_redundancy_criterion.Rf_def) (417 ms)
0.sledgehammer goal.using     29751ms Ordered_Resolution_Prover.FO_Ordered_Resolution_Prover 211:7836  some Preplay: (smt (cvc5, best) mem_Collect_eq standard_redundancy_criterion.Rf_def) (456 ms)
0.sledgehammer goal.using     29751ms Ordered_Resolution_Prover.FO_Ordered_Resolution_Prover 211:7836  some Preplay: (smt (cvc5, trigger_multi) mem_Collect_eq standard_redundancy_criterion.Rf_def) (546 ms)
0.sledgehammer goal.using     29751ms Ordered_Resolution_Prover.FO_Ordered_Resolution_Prover 211:7836  some Preplay: (smt (cvc5, no_ematching_enum_inst_sum) mem_Collect_eq standard_redundancy_criterion.Rf_def) (553 ms)
0.sledgehammer goal.using     29751ms Ordered_Resolution_Prover.FO_Ordered_Resolution_Prover 211:7836  some Preplay: (smt (cvc5, no_ematching) mem_Collect_eq standard_redundancy_criterion.Rf_def) (558 ms)
0.sledgehammer goal.using     29751ms Ordered_Resolution_Prover.FO_Ordered_Resolution_Prover 211:7836  some Preplay: (smt (cvc5, trigger_cache) mem_Collect_eq standard_redundancy_criterion.Rf_def) (681 ms)
0.sledgehammer goal.using     29751ms Ordered_Resolution_Prover.FO_Ordered_Resolution_Prover 211:7836  some Preplay: (smt (cvc5, no_cbqi) mem_Collect_eq standard_redundancy_criterion.Rf_def) (765 ms)
0.sledgehammer goal.using     29751ms Ordered_Resolution_Prover.FO_Ordered_Resolution_Prover 211:7836  some Preplay: (smt (cvc5, trigger_multi_prio) mem_Collect_eq standard_redundancy_criterion.Rf_def) (925 ms)
0.sledgehammer goal.using     29751ms Ordered_Resolution_Prover.FO_Ordered_Resolution_Prover 211:7836  some Preplay: (smt (cvc5, inst_when_full) mem_Collect_eq standard_redundancy_criterion.Rf_def) (989 ms)
0.sledgehammer goal.using     29751ms Ordered_Resolution_Prover.FO_Ordered_Resolution_Prover 211:7836  some Preplay: (smt (cvc5, quant_ind) mem_Collect_eq standard_redundancy_criterion.Rf_def) (1.4 s)
0.sledgehammer goal.using     54790ms Ordered_Resolution_Prover.FO_Ordered_Resolution_Prover 264:9520  timeout (SH 54790ms):
0.sledgehammer goal.unfolding 56019ms Ordered_Resolution_Prover.FO_Ordered_Resolution_Prover 264:9532  timeout (SH 56019ms):
0.sledgehammer goal.by        13523ms Ordered_Resolution_Prover.FO_Ordered_Resolution_Prover 272:9876  timeout (SH 13523ms): Timed out
0.sledgehammer goal.unfolding 120309ms Ordered_Resolution_Prover.FO_Ordered_Resolution_Prover 293:10438  some (SH 120308ms, ATP 1728ms): Try this: by (smt (cvc5, inst_when_full) Set.set_insert UnCI \<mu>_p assms(2) ground_subst_ground_cls grounding_of_cls_ground grounding_of_clss_insert grounding_of_clss_union grounding_of_subst_cls_subset insert_subset) (392 ms)
0.sledgehammer goal.unfolding 120309ms Ordered_Resolution_Prover.FO_Ordered_Resolution_Prover 293:10438  some Preplay: (smt (cvc5, inst_when_full) Set.set_insert UnCI \<mu>_p assms(2) ground_subst_ground_cls grounding_of_cls_ground grounding_of_clss_insert grounding_of_clss_union grounding_of_subst_cls_subset insert_subset) (392 ms)
0.sledgehammer goal.unfolding 120309ms Ordered_Resolution_Prover.FO_Ordered_Resolution_Prover 293:10438  some Preplay: (smt (cvc5, trigger_linear) Set.set_insert UnCI \<mu>_p assms(2) ground_subst_ground_cls grounding_of_cls_ground grounding_of_clss_insert grounding_of_clss_union grounding_of_subst_cls_subset insert_subset) (608 ms)
0.sledgehammer goal.unfolding 120309ms Ordered_Resolution_Prover.FO_Ordered_Resolution_Prover 293:10438  some Preplay: (smt (cvc5, trigger_cache) Set.set_insert UnCI \<mu>_p assms(2) ground_subst_ground_cls grounding_of_cls_ground grounding_of_clss_insert grounding_of_clss_union grounding_of_subst_cls_subset insert_subset) (1.1 s)
0.sledgehammer goal.unfolding 120309ms Ordered_Resolution_Prover.FO_Ordered_Resolution_Prover 293:10438  some Preplay: (smt (cvc5, trigger_multi_prio) Set.set_insert UnCI \<mu>_p assms(2) ground_subst_ground_cls grounding_of_cls_ground grounding_of_clss_insert grounding_of_clss_union grounding_of_subst_cls_subset insert_subset) (1.1 s)
0.sledgehammer goal.unfolding 120309ms Ordered_Resolution_Prover.FO_Ordered_Resolution_Prover 293:10438  some Preplay: (smt (cvc5, trigger_multi) Set.set_insert UnCI \<mu>_p assms(2) ground_subst_ground_cls grounding_of_cls_ground grounding_of_clss_insert grounding_of_clss_union grounding_of_subst_cls_subset insert_subset) (1.1 s)
0.sledgehammer goal.unfolding 120309ms Ordered_Resolution_Prover.FO_Ordered_Resolution_Prover 293:10438  some Preplay: (smt (cvc5, best) Set.set_insert UnCI \<mu>_p assms(2) ground_subst_ground_cls grounding_of_cls_ground grounding_of_clss_insert grounding_of_clss_union grounding_of_subst_cls_subset insert_subset) (1.3 s)
0.sledgehammer goal.unfolding 120309ms Ordered_Resolution_Prover.FO_Ordered_Resolution_Prover 293:10438  some Preplay: (smt (cvc5, quant_ind) Set.set_insert UnCI \<mu>_p assms(2) ground_subst_ground_cls grounding_of_cls_ground grounding_of_clss_insert grounding_of_clss_union grounding_of_subst_cls_subset insert_subset) (> 392 ms, timed out)
0.sledgehammer goal.unfolding 120309ms Ordered_Resolution_Prover.FO_Ordered_Resolution_Prover 293:10438  some Preplay: (smt (cvc5, no_cbqi) Set.set_insert UnCI \<mu>_p assms(2) ground_subst_ground_cls grounding_of_cls_ground grounding_of_clss_insert grounding_of_clss_union grounding_of_subst_cls_subset insert_subset) (> 608 ms, timed out)
0.sledgehammer goal.unfolding 120309ms Ordered_Resolution_Prover.FO_Ordered_Resolution_Prover 293:10438  some Preplay: (smt (cvc5, no_ematching) Set.set_insert UnCI \<mu>_p assms(2) ground_subst_ground_cls grounding_of_cls_ground grounding_of_clss_insert grounding_of_clss_union grounding_of_subst_cls_subset insert_subset) (> 1.0 s, timed out)
0.sledgehammer goal.unfolding 120309ms Ordered_Resolution_Prover.FO_Ordered_Resolution_Prover 293:10438  some Preplay: (smt (cvc5, no_ematching_enum_inst_sum) Set.set_insert UnCI \<mu>_p assms(2) ground_subst_ground_cls grounding_of_cls_ground grounding_of_clss_insert grounding_of_clss_union grounding_of_subst_cls_subset insert_subset) (> 1.0 s, timed out)
0.sledgehammer goal.unfolding 120309ms Ordered_Resolution_Prover.FO_Ordered_Resolution_Prover 293:10438  some Preplay: (smt (cvc5, pre_skolem_quant) Set.set_insert UnCI \<mu>_p assms(2) ground_subst_ground_cls grounding_of_cls_ground grounding_of_clss_insert grounding_of_clss_union grounding_of_subst_cls_subset insert_subset) (> 1.0 s, timed out)
0.sledgehammer goal.by        13999ms Ordered_Resolution_Prover.FO_Ordered_Resolution_Prover 294:10495  timeout (SH 13998ms): Timed out
0.sledgehammer goal.using     119148ms Ordered_Resolution_Prover.FO_Ordered_Resolution_Prover 325:12230  some (SH 119148ms, ATP 292ms): Try this: by (smt (cvc5, best) Diff_subset_conv Un_mono grounding_of_clss_singleton grounding_of_clss_union reduction_in_concls_of subset_iff sup_ge1) (939 ms)
0.sledgehammer goal.using     119148ms Ordered_Resolution_Prover.FO_Ordered_Resolution_Prover 325:12230  some Preplay: (smt (cvc5, best) Diff_subset_conv Un_mono grounding_of_clss_singleton grounding_of_clss_union reduction_in_concls_of subset_iff sup_ge1) (939 ms)
0.sledgehammer goal.using     119148ms Ordered_Resolution_Prover.FO_Ordered_Resolution_Prover 325:12230  some Preplay: (smt (cvc5, trigger_multi) Diff_subset_conv Un_mono grounding_of_clss_singleton grounding_of_clss_union reduction_in_concls_of subset_iff sup_ge1) (962 ms)
0.sledgehammer goal.using     119148ms Ordered_Resolution_Prover.FO_Ordered_Resolution_Prover 325:12230  some Preplay: (smt (cvc5, trigger_multi_prio) Diff_subset_conv Un_mono grounding_of_clss_singleton grounding_of_clss_union reduction_in_concls_of subset_iff sup_ge1) (1.4 s)
0.sledgehammer goal.using     119148ms Ordered_Resolution_Prover.FO_Ordered_Resolution_Prover 325:12230  some Preplay: (smt (cvc5, pre_skolem_quant) Diff_subset_conv Un_mono grounding_of_clss_singleton grounding_of_clss_union reduction_in_concls_of subset_iff sup_ge1) (1.7 s)
0.sledgehammer goal.using     119148ms Ordered_Resolution_Prover.FO_Ordered_Resolution_Prover 325:12230  some Preplay: (smt (cvc5, inst_when_full) Diff_subset_conv Un_mono grounding_of_clss_singleton grounding_of_clss_union reduction_in_concls_of subset_iff sup_ge1) (1.7 s)
0.sledgehammer goal.using     119148ms Ordered_Resolution_Prover.FO_Ordered_Resolution_Prover 325:12230  some Preplay: (smt (cvc5, trigger_linear) Diff_subset_conv Un_mono grounding_of_clss_singleton grounding_of_clss_union reduction_in_concls_of subset_iff sup_ge1) (2.4 s)
0.sledgehammer goal.using     119148ms Ordered_Resolution_Prover.FO_Ordered_Resolution_Prover 325:12230  some Preplay: (smt (cvc5, trigger_cache) Diff_subset_conv Un_mono grounding_of_clss_singleton grounding_of_clss_union reduction_in_concls_of subset_iff sup_ge1) (2.5 s)
0.sledgehammer goal.using     119148ms Ordered_Resolution_Prover.FO_Ordered_Resolution_Prover 325:12230  some Preplay: (smt (cvc5, no_ematching) Diff_subset_conv Un_mono grounding_of_clss_singleton grounding_of_clss_union reduction_in_concls_of subset_iff sup_ge1) (> 939 ms, timed out)
0.sledgehammer goal.using     119148ms Ordered_Resolution_Prover.FO_Ordered_Resolution_Prover 325:12230  some Preplay: (smt (cvc5, no_ematching_enum_inst_sum) Diff_subset_conv Un_mono grounding_of_clss_singleton grounding_of_clss_union reduction_in_concls_of subset_iff sup_ge1) (> 939 ms, timed out)
0.sledgehammer goal.using     119148ms Ordered_Resolution_Prover.FO_Ordered_Resolution_Prover 325:12230  some Preplay: (smt (cvc5, no_cbqi) Diff_subset_conv Un_mono grounding_of_clss_singleton grounding_of_clss_union reduction_in_concls_of subset_iff sup_ge1) (> 939 ms, timed out)
0.sledgehammer goal.using     119148ms Ordered_Resolution_Prover.FO_Ordered_Resolution_Prover 325:12230  some Preplay: (smt (cvc5, quant_ind) Diff_subset_conv Un_mono grounding_of_clss_singleton grounding_of_clss_union reduction_in_concls_of subset_iff sup_ge1) (failed)
0.sledgehammer goal.unfolding 59866ms Ordered_Resolution_Prover.FO_Ordered_Resolution_Prover 325:12259  timeout (SH 59866ms):
0.sledgehammer goal.using     55514ms Ordered_Resolution_Prover.FO_Ordered_Resolution_Prover 371:14068  timeout (SH 55514ms):
0.sledgehammer goal.using     58512ms Ordered_Resolution_Prover.FO_Ordered_Resolution_Prover 376:14269  timeout (SH 58512ms):
0.sledgehammer goal.unfolding 57565ms Ordered_Resolution_Prover.FO_Ordered_Resolution_Prover 377:14347  timeout (SH 57565ms):
0.sledgehammer goal.using     74950ms Ordered_Resolution_Prover.FO_Ordered_Resolution_Prover 381:14492  timeout (SH 74950ms):
0.sledgehammer goal.using     32746ms Ordered_Resolution_Prover.FO_Ordered_Resolution_Prover 390:14846  some (SH 32746ms, ATP 1403ms): Try this: by (smt (cvc5, best) N_of_state.simps P_of_state.simps Q_of_state.simps Un_absorb Un_commute Un_iff Un_left_commute reduction_derivable) (637 ms)
0.sledgehammer goal.using     32746ms Ordered_Resolution_Prover.FO_Ordered_Resolution_Prover 390:14846  some Preplay: (smt (cvc5, best) N_of_state.simps P_of_state.simps Q_of_state.simps Un_absorb Un_commute Un_iff Un_left_commute reduction_derivable) (637 ms)
0.sledgehammer goal.using     32746ms Ordered_Resolution_Prover.FO_Ordered_Resolution_Prover 390:14846  some Preplay: (smt (cvc5, trigger_multi) N_of_state.simps P_of_state.simps Q_of_state.simps Un_absorb Un_assoc Un_commute Un_iff Un_left_commute reduction_derivable) (> 381 ms, timed out)
0.sledgehammer goal.using     32746ms Ordered_Resolution_Prover.FO_Ordered_Resolution_Prover 390:14846  some Preplay: (smt (cvc5, trigger_multi_prio) N_of_state.simps P_of_state.simps Q_of_state.simps Un_absorb Un_assoc Un_commute Un_iff Un_left_commute reduction_derivable) (> 381 ms, timed out)
0.sledgehammer goal.using     32746ms Ordered_Resolution_Prover.FO_Ordered_Resolution_Prover 390:14846  some Preplay: (smt (cvc5, trigger_cache) N_of_state.simps P_of_state.simps Q_of_state.simps Un_absorb Un_assoc Un_commute Un_iff Un_left_commute reduction_derivable) (> 381 ms, timed out)
0.sledgehammer goal.using     32746ms Ordered_Resolution_Prover.FO_Ordered_Resolution_Prover 390:14846  some Preplay: (smt (cvc5, trigger_linear) N_of_state.simps P_of_state.simps Q_of_state.simps Un_absorb Un_assoc Un_commute Un_iff Un_left_commute reduction_derivable) (> 381 ms, timed out)
0.sledgehammer goal.using     32746ms Ordered_Resolution_Prover.FO_Ordered_Resolution_Prover 390:14846  some Preplay: (smt (cvc5, pre_skolem_quant) N_of_state.simps P_of_state.simps Q_of_state.simps Un_absorb Un_assoc Un_commute Un_iff Un_left_commute reduction_derivable) (> 381 ms, timed out)
0.sledgehammer goal.using     32746ms Ordered_Resolution_Prover.FO_Ordered_Resolution_Prover 390:14846  some Preplay: (smt (cvc5, inst_when_full) N_of_state.simps P_of_state.simps Q_of_state.simps Un_absorb Un_assoc Un_commute Un_iff Un_left_commute reduction_derivable) (> 381 ms, timed out)
0.sledgehammer goal.using     32746ms Ordered_Resolution_Prover.FO_Ordered_Resolution_Prover 390:14846  some Preplay: (smt (cvc5, no_cbqi) N_of_state.simps P_of_state.simps Q_of_state.simps Un_absorb Un_assoc Un_commute Un_iff Un_left_commute reduction_derivable) (> 381 ms, timed out)
0.sledgehammer goal.using     32746ms Ordered_Resolution_Prover.FO_Ordered_Resolution_Prover 390:14846  some Preplay: (smt (cvc5, quant_ind) N_of_state.simps P_of_state.simps Q_of_state.simps Un_absorb Un_assoc Un_commute Un_iff Un_left_commute reduction_derivable) (> 381 ms, timed out)
0.sledgehammer goal.using     32746ms Ordered_Resolution_Prover.FO_Ordered_Resolution_Prover 390:14846  some Preplay: (smt (cvc5, no_ematching) N_of_state.simps P_of_state.simps Q_of_state.simps Un_absorb Un_assoc Un_commute Un_iff Un_left_commute reduction_derivable) (> 1.0 s, timed out)
0.sledgehammer goal.using     32746ms Ordered_Resolution_Prover.FO_Ordered_Resolution_Prover 390:14846  some Preplay: (smt (cvc5, no_ematching_enum_inst_sum) N_of_state.simps P_of_state.simps Q_of_state.simps Un_absorb Un_assoc Un_commute Un_iff Un_left_commute reduction_derivable) (> 1.0 s, timed out)
0.sledgehammer goal.using     14194ms Ordered_Resolution_Prover.FO_Ordered_Resolution_Prover 394:14975  timeout (SH 14194ms): Timed out
0.sledgehammer goal.unfolding 72770ms Ordered_Resolution_Prover.FO_Ordered_Resolution_Prover 414:15805  some (SH 72770ms, ATP 1891ms): Try this: by (smt (cvc5, trigger_linear) inference.sel(3) mem_Collect_eq ord_FO_\<Gamma>_def) (446 ms)
0.sledgehammer goal.unfolding 72770ms Ordered_Resolution_Prover.FO_Ordered_Resolution_Prover 414:15805  some Preplay: (smt (cvc5, trigger_linear) inference.sel(3) mem_Collect_eq ord_FO_\<Gamma>_def) (446 ms)
0.sledgehammer goal.unfolding 72770ms Ordered_Resolution_Prover.FO_Ordered_Resolution_Prover 414:15805  some Preplay: (smt (cvc5, inst_when_full) inference.sel(3) mem_Collect_eq ord_FO_\<Gamma>_def) (630 ms)
0.sledgehammer goal.unfolding 72770ms Ordered_Resolution_Prover.FO_Ordered_Resolution_Prover 414:15805  some Preplay: (smt (cvc5, pre_skolem_quant) inference.sel(3) mem_Collect_eq ord_FO_\<Gamma>_def) (658 ms)
0.sledgehammer goal.unfolding 72770ms Ordered_Resolution_Prover.FO_Ordered_Resolution_Prover 414:15805  some Preplay: (smt (cvc5, trigger_multi) inference.sel(3) mem_Collect_eq ord_FO_\<Gamma>_def) (1.0 s)
0.sledgehammer goal.unfolding 72770ms Ordered_Resolution_Prover.FO_Ordered_Resolution_Prover 414:15805  some Preplay: (smt (cvc5, trigger_cache) inference.sel(3) mem_Collect_eq ord_FO_\<Gamma>_def) (1.0 s)
0.sledgehammer goal.unfolding 72770ms Ordered_Resolution_Prover.FO_Ordered_Resolution_Prover 414:15805  some Preplay: (smt (cvc5, no_ematching_enum_inst_sum) inference.sel(3) mem_Collect_eq ord_FO_\<Gamma>_def) (1.3 s)
0.sledgehammer goal.unfolding 72770ms Ordered_Resolution_Prover.FO_Ordered_Resolution_Prover 414:15805  some Preplay: (smt (cvc5, best) inference.sel(3) mem_Collect_eq ord_FO_\<Gamma>_def) (1.4 s)
0.sledgehammer goal.unfolding 72770ms Ordered_Resolution_Prover.FO_Ordered_Resolution_Prover 414:15805  some Preplay: (smt (cvc5, no_ematching) inference.sel(3) mem_Collect_eq ord_FO_\<Gamma>_def) (1.5 s)
0.sledgehammer goal.unfolding 72770ms Ordered_Resolution_Prover.FO_Ordered_Resolution_Prover 414:15805  some Preplay: (smt (cvc5, trigger_multi_prio) inference.sel(3) mem_Collect_eq ord_FO_\<Gamma>_def) (2.4 s)
0.sledgehammer goal.unfolding 72770ms Ordered_Resolution_Prover.FO_Ordered_Resolution_Prover 414:15805  some Preplay: (smt (cvc5, no_cbqi) inference.sel(3) mem_Collect_eq ord_FO_\<Gamma>_def) (> 446 ms, timed out)
0.sledgehammer goal.unfolding 72770ms Ordered_Resolution_Prover.FO_Ordered_Resolution_Prover 414:15805  some Preplay: (smt (cvc5, quant_ind) inference.sel(3) mem_Collect_eq ord_FO_\<Gamma>_def) (failed)
0.sledgehammer goal.using     59253ms Ordered_Resolution_Prover.FO_Ordered_Resolution_Prover 432:16763  timeout (SH 59253ms):
0.sledgehammer goal.unfolding 13882ms Ordered_Resolution_Prover.FO_Ordered_Resolution_Prover 433:16783  timeout (SH 13882ms): Timed out
0.sledgehammer goal.using     13612ms Ordered_Resolution_Prover.FO_Ordered_Resolution_Prover 448:17542  timeout (SH 13612ms): Timed out
0.sledgehammer goal.unfolding 14596ms Ordered_Resolution_Prover.FO_Ordered_Resolution_Prover 448:17557  timeout (SH 14596ms): Timed out
0.sledgehammer goal.apply     14655ms Ordered_Resolution_Prover.FO_Ordered_Resolution_Prover 460:18192  timeout (SH 14655ms): Timed out
0.sledgehammer goal.apply     15606ms Ordered_Resolution_Prover.FO_Ordered_Resolution_Prover 461:18224  timeout (SH 15606ms): Timed out
0.sledgehammer goal.apply     15315ms Ordered_Resolution_Prover.FO_Ordered_Resolution_Prover 467:18473  timeout (SH 15315ms): Timed out
0.sledgehammer goal.apply     15416ms Ordered_Resolution_Prover.FO_Ordered_Resolution_Prover 470:18575  timeout (SH 15416ms): Timed out
0.sledgehammer goal.unfolding 54435ms Ordered_Resolution_Prover.FO_Ordered_Resolution_Prover 487:19505  timeout (SH 54435ms):
0.sledgehammer goal.by        14060ms Ordered_Resolution_Prover.FO_Ordered_Resolution_Prover 487:19550  timeout (SH 14060ms): Timed out
0.sledgehammer goal.using     14112ms Ordered_Resolution_Prover.FO_Ordered_Resolution_Prover 493:19803  timeout (SH 14112ms): Timed out
0.sledgehammer goal.by        80978ms Ordered_Resolution_Prover.FO_Ordered_Resolution_Prover 493:19822  some (SH 80978ms, ATP 1825ms): Try this: by (smt (cvc5, trigger_linear) inference.sel(3) mem_Collect_eq setcompr_eq_image) (864 ms)
0.sledgehammer goal.by        80978ms Ordered_Resolution_Prover.FO_Ordered_Resolution_Prover 493:19822  some Preplay: (smt (cvc5, trigger_linear) inference.sel(3) mem_Collect_eq setcompr_eq_image) (864 ms)
0.sledgehammer goal.by        80978ms Ordered_Resolution_Prover.FO_Ordered_Resolution_Prover 493:19822  some Preplay: (smt (cvc5, inst_when_full) inference.sel(3) mem_Collect_eq setcompr_eq_image) (878 ms)
0.sledgehammer goal.by        80978ms Ordered_Resolution_Prover.FO_Ordered_Resolution_Prover 493:19822  some Preplay: (smt (cvc5, best) inference.sel(3) mem_Collect_eq setcompr_eq_image) (898 ms)
0.sledgehammer goal.by        80978ms Ordered_Resolution_Prover.FO_Ordered_Resolution_Prover 493:19822  some Preplay: (smt (cvc5, quant_ind) inference.sel(3) mem_Collect_eq setcompr_eq_image) (986 ms)
0.sledgehammer goal.by        80978ms Ordered_Resolution_Prover.FO_Ordered_Resolution_Prover 493:19822  some Preplay: (smt (cvc5, trigger_multi_prio) inference.sel(3) mem_Collect_eq setcompr_eq_image) (1.0 s)
0.sledgehammer goal.by        80978ms Ordered_Resolution_Prover.FO_Ordered_Resolution_Prover 493:19822  some Preplay: (smt (cvc5, trigger_multi) inference.sel(3) mem_Collect_eq setcompr_eq_image) (1.1 s)
0.sledgehammer goal.by        80978ms Ordered_Resolution_Prover.FO_Ordered_Resolution_Prover 493:19822  some Preplay: (smt (cvc5, trigger_cache) inference.sel(3) mem_Collect_eq setcompr_eq_image) (1.2 s)
0.sledgehammer goal.by        80978ms Ordered_Resolution_Prover.FO_Ordered_Resolution_Prover 493:19822  some Preplay: (smt (cvc5, pre_skolem_quant) inference.sel(3) mem_Collect_eq setcompr_eq_image) (1.6 s)
0.sledgehammer goal.by        80978ms Ordered_Resolution_Prover.FO_Ordered_Resolution_Prover 493:19822  some Preplay: (smt (cvc5, no_cbqi) inference.sel(3) mem_Collect_eq setcompr_eq_image) (> 864 ms, timed out)
0.sledgehammer goal.by        80978ms Ordered_Resolution_Prover.FO_Ordered_Resolution_Prover 493:19822  some Preplay: (smt (cvc5, no_ematching) inference.sel(3) mem_Collect_eq setcompr_eq_image) (> 898 ms, timed out)
0.sledgehammer goal.by        80978ms Ordered_Resolution_Prover.FO_Ordered_Resolution_Prover 493:19822  some Preplay: (smt (cvc5, no_ematching_enum_inst_sum) inference.sel(3) mem_Collect_eq setcompr_eq_image) (> 898 ms, timed out)
0.sledgehammer goal.unfolding 58469ms Ordered_Resolution_Prover.FO_Ordered_Resolution_Prover 499:20190  timeout (SH 58469ms):
0.sledgehammer goal.using     14282ms Ordered_Resolution_Prover.FO_Ordered_Resolution_Prover 1275:49758  timeout (SH 14282ms): Timed out
0.sledgehammer goal.using     14327ms Ordered_Resolution_Prover.FO_Ordered_Resolution_Prover 1302:51275  timeout (SH 14327ms): Timed out
0.sledgehammer goal.by        14471ms Ordered_Resolution_Prover.FO_Ordered_Resolution_Prover 1302:51293  timeout (SH 14470ms): Timed out
0.sledgehammer finalize   Total number of sledgehammer calls: 101
0.sledgehammer finalize   Number of successful sledgehammer calls: 30
0.sledgehammer finalize   Number of sledgehammer lemmas: 211
0.sledgehammer finalize   Max number of sledgehammer lemmas: 20
0.sledgehammer finalize   Success rate: 29.7%
0.sledgehammer finalize   Total number of nontrivial sledgehammer calls: 101
0.sledgehammer finalize   Number of successful nontrivial sledgehammer calls: 30
0.sledgehammer finalize   Total time for sledgehammer calls (Isabelle): 3988.988
0.sledgehammer finalize   Total time for successful sledgehammer calls (ATP): 34.260
0.sledgehammer finalize   Average time for sledgehammer calls (Isabelle): 39.495
0.sledgehammer finalize   Average time for successful sledgehammer calls (ATP): 1.142
0.sledgehammer initialize Params for sledgehammer: {abduce = SOME 0, cache_dir = NONE, compress = NONE, debug = false, expect =
0.sledgehammer initialize  "", fact_filter = NONE, fact_thresholds = (0.45, 0.85), falsify =
0.sledgehammer initialize  SOME false, induction_rules = NONE, instantiate = NONE, isar_proofs = NONE,
0.sledgehammer initialize  lam_trans = NONE, learn = true, max_facts = NONE, max_mono_iters = NONE,
0.sledgehammer initialize  max_new_mono_instances = NONE, max_proofs = 4, minimize = true, overlord =
0.sledgehammer initialize  false, preplay_provers = ["cvc5"], preplay_timeout = 1.000, provers =
0.sledgehammer initialize  ["cvc5_proof"], slices = 96, smt_proofs = true, spy = false, strict =
0.sledgehammer initialize  false, timeout = 10.000, try0 = false, type_enc = NONE, uncurried_aliases =
0.sledgehammer initialize  NONE, verbose = false}
0.sledgehammer goal.unfolding 54364ms Ordered_Resolution_Prover.Clausal_Logic 124:3381  timeout (SH 54364ms):
0.sledgehammer goal.unfolding 53929ms Ordered_Resolution_Prover.Clausal_Logic 133:3703  timeout (SH 53929ms):
0.sledgehammer goal.by        13593ms Ordered_Resolution_Prover.Clausal_Logic 155:4284  timeout (SH 13593ms): Timed out
0.sledgehammer goal.by        54671ms Ordered_Resolution_Prover.Clausal_Logic 187:5205  timeout (SH 54671ms):
0.sledgehammer goal.unfolding 58267ms Ordered_Resolution_Prover.Clausal_Logic 251:7330  some (SH 58267ms, ATP 548ms): Try this: by (smt (cvc5, prereg_lazy) atms_of_def image_iff literal.exhaust_sel) (428 ms)
0.sledgehammer goal.unfolding 58267ms Ordered_Resolution_Prover.Clausal_Logic 251:7330  some Preplay: (smt (cvc5, prereg_lazy) atms_of_def image_iff literal.exhaust_sel) (428 ms)
0.sledgehammer goal.unfolding 58267ms Ordered_Resolution_Prover.Clausal_Logic 251:7330  some Preplay: (smt (cvc5, term_db_relevant) atms_of_def image_iff literal.exhaust_sel) (476 ms)
0.sledgehammer goal.unfolding 58267ms Ordered_Resolution_Prover.Clausal_Logic 251:7330  some Preplay: (smt (cvc5, dec_internal_enum_inst_sum) atms_of_def image_iff literal.exhaust_sel) (511 ms)
0.sledgehammer goal.unfolding 58267ms Ordered_Resolution_Prover.Clausal_Logic 251:7330  some Preplay: (smt (cvc5, best) atms_of_def image_iff literal.exhaust_sel) (598 ms)
0.sledgehammer goal.unfolding 58267ms Ordered_Resolution_Prover.Clausal_Logic 251:7330  some Preplay: (smt (cvc5, dec_internal_no_simp) atms_of_def image_iff literal.exhaust_sel) (1.6 s)
0.sledgehammer goal.unfolding 58267ms Ordered_Resolution_Prover.Clausal_Logic 251:7330  some Preplay: (smt (cvc5, finite_mode_find) atms_of_def image_iff literal.exhaust_sel) (> 428 ms, timed out)
0.sledgehammer goal.unfolding 58267ms Ordered_Resolution_Prover.Clausal_Logic 251:7330  some Preplay: (smt (cvc5, no_fmf_mbqi) atms_of_def image_iff literal.exhaust_sel) (> 428 ms, timed out)
0.sledgehammer goal.unfolding 58267ms Ordered_Resolution_Prover.Clausal_Logic 251:7330  some Preplay: (smt (cvc5, finite_mode_find_dec_internal) atms_of_def image_iff literal.exhaust_sel) (> 428 ms, timed out)
0.sledgehammer goal.unfolding 58267ms Ordered_Resolution_Prover.Clausal_Logic 251:7330  some Preplay: (smt (cvc5, finite_mode_find_e_matching) atms_of_def image_iff literal.exhaust_sel) (> 428 ms, timed out)
0.sledgehammer goal.unfolding 58267ms Ordered_Resolution_Prover.Clausal_Logic 251:7330  some Preplay: (smt (cvc5, mbqi) atms_of_def image_iff literal.exhaust_sel) (> 428 ms, timed out)
0.sledgehammer goal.unfolding 58267ms Ordered_Resolution_Prover.Clausal_Logic 251:7330  some Preplay: (smt (cvc5, interleave) atms_of_def image_iff literal.exhaust_sel) (> 476 ms, timed out)
0.sledgehammer goal.unfolding 58267ms Ordered_Resolution_Prover.Clausal_Logic 251:7330  some Preplay: (smt (cvc5, finite_mode_find_macro_quant) atms_of_def image_iff literal.exhaust_sel) (failed)
0.sledgehammer goal.by        34630ms Ordered_Resolution_Prover.Clausal_Logic 257:7648  some (SH 34629ms, ATP 528ms): Try this: by (smt (cvc5, finite_mode_find_e_matching) Pos_atm_of_iff atm_of_uminus literal.exhaust_sel uminus_literal_def) (1.7 s)
0.sledgehammer goal.by        34630ms Ordered_Resolution_Prover.Clausal_Logic 257:7648  some Preplay: (smt (cvc5, finite_mode_find_e_matching) Pos_atm_of_iff atm_of_uminus literal.exhaust_sel uminus_literal_def) (1.7 s)
0.sledgehammer goal.by        34630ms Ordered_Resolution_Prover.Clausal_Logic 257:7648  some Preplay: (smt (cvc5, finite_mode_find_dec_internal) Pos_atm_of_iff atm_of_uminus literal.exhaust_sel uminus_literal_def) (1.7 s)
0.sledgehammer goal.by        34630ms Ordered_Resolution_Prover.Clausal_Logic 257:7648  some Preplay: (smt (cvc5, dec_internal_enum_inst_sum) Pos_atm_of_iff atm_of_uminus literal.exhaust_sel uminus_literal_def) (1.8 s)
0.sledgehammer goal.by        34630ms Ordered_Resolution_Prover.Clausal_Logic 257:7648  some Preplay: (smt (cvc5, best) Pos_atm_of_iff atm_of_uminus literal.exhaust_sel uminus_literal_def) (1.9 s)
0.sledgehammer goal.by        34630ms Ordered_Resolution_Prover.Clausal_Logic 257:7648  some Preplay: (smt (cvc5, finite_mode_find) Pos_atm_of_iff atm_of_uminus literal.exhaust_sel uminus_literal_def) (2.1 s)
0.sledgehammer goal.by        34630ms Ordered_Resolution_Prover.Clausal_Logic 257:7648  some Preplay: (smt (cvc5, mbqi) Pos_atm_of_iff atm_of_uminus literal.exhaust_sel uminus_literal_def) (2.1 s)
0.sledgehammer goal.by        34630ms Ordered_Resolution_Prover.Clausal_Logic 257:7648  some Preplay: (smt (cvc5, term_db_relevant) Pos_atm_of_iff atm_of_uminus literal.exhaust_sel uminus_literal_def) (2.1 s)
0.sledgehammer goal.by        34630ms Ordered_Resolution_Prover.Clausal_Logic 257:7648  some Preplay: (smt (cvc5, prereg_lazy) Pos_atm_of_iff atm_of_uminus literal.exhaust_sel uminus_literal_def) (2.8 s)
0.sledgehammer goal.by        34630ms Ordered_Resolution_Prover.Clausal_Logic 257:7648  some Preplay: (smt (cvc5, interleave) Pos_atm_of_iff atm_of_uminus literal.exhaust_sel uminus_literal_def) (2.8 s)
0.sledgehammer goal.by        34630ms Ordered_Resolution_Prover.Clausal_Logic 257:7648  some Preplay: (smt (cvc5, dec_internal_no_simp) Pos_atm_of_iff atm_of_uminus literal.exhaust_sel uminus_literal_def) (2.8 s)
0.sledgehammer goal.by        34630ms Ordered_Resolution_Prover.Clausal_Logic 257:7648  some Preplay: (smt (cvc5, no_fmf_mbqi) Pos_atm_of_iff atm_of_uminus literal.exhaust_sel uminus_literal_def) (2.9 s)
0.sledgehammer goal.by        34630ms Ordered_Resolution_Prover.Clausal_Logic 257:7648  some Preplay: (smt (cvc5, finite_mode_find_macro_quant) Pos_atm_of_iff atm_of_uminus literal.exhaust_sel uminus_literal_def) (failed)
0.sledgehammer goal.by        37812ms Ordered_Resolution_Prover.Clausal_Logic 260:7778  some (SH 37812ms, ATP 500ms): Try this: by (smt (cvc5, best) atm_of_eq_atm_of image_iff) (1.4 s)
0.sledgehammer goal.by        37812ms Ordered_Resolution_Prover.Clausal_Logic 260:7778  some Preplay: (smt (cvc5, best) atm_of_eq_atm_of image_iff) (1.4 s)
0.sledgehammer goal.by        37812ms Ordered_Resolution_Prover.Clausal_Logic 260:7778  some Preplay: (smt (cvc5, mbqi) atm_of_eq_atm_of image_iff) (1.5 s)
0.sledgehammer goal.by        37812ms Ordered_Resolution_Prover.Clausal_Logic 260:7778  some Preplay: (smt (cvc5, prereg_lazy) atm_of_eq_atm_of image_iff) (1.5 s)
0.sledgehammer goal.by        37812ms Ordered_Resolution_Prover.Clausal_Logic 260:7778  some Preplay: (smt (cvc5, finite_mode_find_e_matching) atm_of_eq_atm_of image_iff) (1.5 s)
0.sledgehammer goal.by        37812ms Ordered_Resolution_Prover.Clausal_Logic 260:7778  some Preplay: (smt (cvc5, finite_mode_find) atm_of_eq_atm_of image_iff) (1.9 s)
0.sledgehammer goal.by        37812ms Ordered_Resolution_Prover.Clausal_Logic 260:7778  some Preplay: (smt (cvc5, interleave) atm_of_eq_atm_of image_iff) (2.1 s)
0.sledgehammer goal.by        37812ms Ordered_Resolution_Prover.Clausal_Logic 260:7778  some Preplay: (smt (cvc5, finite_mode_find_macro_quant) atm_of_eq_atm_of image_iff) (2.2 s)
0.sledgehammer goal.by        37812ms Ordered_Resolution_Prover.Clausal_Logic 260:7778  some Preplay: (smt (cvc5, term_db_relevant) atm_of_eq_atm_of image_iff) (2.3 s)
0.sledgehammer goal.by        37812ms Ordered_Resolution_Prover.Clausal_Logic 260:7778  some Preplay: (smt (cvc5, finite_mode_find_dec_internal) atm_of_eq_atm_of image_iff) (2.5 s)
0.sledgehammer goal.by        37812ms Ordered_Resolution_Prover.Clausal_Logic 260:7778  some Preplay: (smt (cvc5, no_fmf_mbqi) atm_of_eq_atm_of image_iff) (2.6 s)
0.sledgehammer goal.by        37812ms Ordered_Resolution_Prover.Clausal_Logic 260:7778  some Preplay: (smt (cvc5, dec_internal_enum_inst_sum) atm_of_eq_atm_of image_iff) (2.9 s)
0.sledgehammer goal.by        37812ms Ordered_Resolution_Prover.Clausal_Logic 260:7778  some Preplay: (smt (cvc5, dec_internal_no_simp) atm_of_eq_atm_of image_iff) (8.3 s)
0.sledgehammer goal.unfolding 12846ms Ordered_Resolution_Prover.Ground_Resolution_Model 105:3855  timeout (SH 12846ms): Timed out
0.sledgehammer goal.proof     13328ms Ordered_Resolution_Prover.Ground_Resolution_Model 176:6735  timeout (SH 13328ms): Timed out
0.sledgehammer goal.unfolding 55224ms Ordered_Resolution_Prover.Ground_Resolution_Model 275:10048  timeout (SH 55224ms):
0.sledgehammer goal.using     55313ms Ordered_Resolution_Prover.Ground_Resolution_Model 359:12816  some (SH 55312ms, ATP 678ms): Try this: by (smt (cvc5, best) INTERP_def interp_imp_INTERP interp_subseteq_INTERP less_eq_multiset_def not_Interp_imp_general order.strict_trans1) (463 ms)
0.sledgehammer goal.using     55313ms Ordered_Resolution_Prover.Ground_Resolution_Model 359:12816  some Preplay: (smt (cvc5, best) INTERP_def interp_imp_INTERP interp_subseteq_INTERP less_eq_multiset_def not_Interp_imp_general order.strict_trans1) (463 ms)
0.sledgehammer goal.using     55313ms Ordered_Resolution_Prover.Ground_Resolution_Model 359:12816  some Preplay: (smt (cvc5, dec_internal_enum_inst_sum) INTERP_def interp_imp_INTERP interp_subseteq_INTERP less_eq_multiset_def not_Interp_imp_general order.strict_trans1) (1.0 s)
0.sledgehammer goal.using     55313ms Ordered_Resolution_Prover.Ground_Resolution_Model 359:12816  some Preplay: (smt (cvc5, term_db_relevant) INTERP_def interp_imp_INTERP interp_subseteq_INTERP less_eq_multiset_def not_Interp_imp_general order.strict_trans1) (1.0 s)
0.sledgehammer goal.using     55313ms Ordered_Resolution_Prover.Ground_Resolution_Model 359:12816  some Preplay: (smt (cvc5, dec_internal_no_simp) INTERP_def interp_imp_INTERP interp_subseteq_INTERP less_eq_multiset_def not_Interp_imp_general order.strict_trans1) (1.1 s)
0.sledgehammer goal.using     55313ms Ordered_Resolution_Prover.Ground_Resolution_Model 359:12816  some Preplay: (smt (cvc5, interleave) INTERP_def interp_imp_INTERP interp_subseteq_INTERP less_eq_multiset_def not_Interp_imp_general order.strict_trans1) (1.2 s)
0.sledgehammer goal.using     55313ms Ordered_Resolution_Prover.Ground_Resolution_Model 359:12816  some Preplay: (smt (cvc5, mbqi) INTERP_def interp_imp_INTERP interp_subseteq_INTERP less_eq_multiset_def not_Interp_imp_general order.strict_trans1) (1.3 s)
0.sledgehammer goal.using     55313ms Ordered_Resolution_Prover.Ground_Resolution_Model 359:12816  some Preplay: (smt (cvc5, finite_mode_find_e_matching) INTERP_def interp_imp_INTERP interp_subseteq_INTERP less_eq_multiset_def not_Interp_imp_general order.strict_trans1) (1.4 s)
0.sledgehammer goal.using     55313ms Ordered_Resolution_Prover.Ground_Resolution_Model 359:12816  some Preplay: (smt (cvc5, prereg_lazy) INTERP_def interp_imp_INTERP interp_subseteq_INTERP less_eq_multiset_def not_Interp_imp_general order.strict_trans1) (> 463 ms, timed out)
0.sledgehammer goal.using     55313ms Ordered_Resolution_Prover.Ground_Resolution_Model 359:12816  some Preplay: (smt (cvc5, finite_mode_find) INTERP_def interp_imp_INTERP interp_subseteq_INTERP less_eq_multiset_def not_Interp_imp_general order.strict_trans1) (> 463 ms, timed out)
0.sledgehammer goal.using     55313ms Ordered_Resolution_Prover.Ground_Resolution_Model 359:12816  some Preplay: (smt (cvc5, no_fmf_mbqi) INTERP_def interp_imp_INTERP interp_subseteq_INTERP less_eq_multiset_def not_Interp_imp_general order.strict_trans1) (> 463 ms, timed out)
0.sledgehammer goal.using     55313ms Ordered_Resolution_Prover.Ground_Resolution_Model 359:12816  some Preplay: (smt (cvc5, finite_mode_find_dec_internal) INTERP_def interp_imp_INTERP interp_subseteq_INTERP less_eq_multiset_def not_Interp_imp_general order.strict_trans1) (> 463 ms, timed out)
0.sledgehammer goal.using     55313ms Ordered_Resolution_Prover.Ground_Resolution_Model 359:12816  some Preplay: (smt (cvc5, finite_mode_find_macro_quant) INTERP_def interp_imp_INTERP interp_subseteq_INTERP less_eq_multiset_def not_Interp_imp_general order.strict_trans1) (failed)
0.sledgehammer goal.proof     12770ms Ordered_Resolution_Prover.Inference_System 62:1996  timeout (SH 12770ms): Timed out
0.sledgehammer goal.unfolding 206069ms Ordered_Resolution_Prover.Inference_System 64:2050  some (SH 206069ms, ATP 270ms): Try this: by (smt (cvc5, finite_mode_find_e_matching) Set.set_insert Un_insert_left Un_insert_right add.right_neutral cc_subs_n d_in_n inf infer_from_def inference.sel(1,2) inference_system.inferences_from_def mem_Collect_eq set_mset_add_mset_insert subset_Un_eq sup_ge1 union_mset_add_mset_right) (364 ms)
0.sledgehammer goal.unfolding 206069ms Ordered_Resolution_Prover.Inference_System 64:2050  some Preplay: (smt (cvc5, finite_mode_find_e_matching) Set.set_insert Un_insert_left Un_insert_right add.right_neutral cc_subs_n d_in_n inf infer_from_def inference.sel(1,2) inference_system.inferences_from_def mem_Collect_eq set_mset_add_mset_insert subset_Un_eq sup_ge1 union_mset_add_mset_right) (364 ms)
0.sledgehammer goal.unfolding 206069ms Ordered_Resolution_Prover.Inference_System 64:2050  some Preplay: (smt (cvc5, interleave) Set.set_insert Un_insert_left Un_insert_right add.right_neutral cc_subs_n d_in_n inf infer_from_def inference.sel(1,2) inference_system.inferences_from_def mem_Collect_eq set_mset_add_mset_insert subset_Un_eq sup_ge1 union_mset_add_mset_right) (575 ms)
0.sledgehammer goal.unfolding 206069ms Ordered_Resolution_Prover.Inference_System 64:2050  some Preplay: (smt (cvc5, no_fmf_mbqi) Set.set_insert Un_insert_left Un_insert_right add.right_neutral cc_subs_n d_in_n inf infer_from_def inference.sel(1,2) inference_system.inferences_from_def mem_Collect_eq set_mset_add_mset_insert subset_Un_eq sup_ge1 union_mset_add_mset_right) (1.0 s)
0.sledgehammer goal.unfolding 206069ms Ordered_Resolution_Prover.Inference_System 64:2050  some Preplay: (smt (cvc5, dec_internal_enum_inst_sum) Set.set_insert Un_insert_left Un_insert_right add.right_neutral cc_subs_n d_in_n inf infer_from_def inference.sel(1,2) inference_system.inferences_from_def mem_Collect_eq set_mset_add_mset_insert subset_Un_eq sup_ge1 union_mset_add_mset_right) (1.0 s)
0.sledgehammer goal.unfolding 206069ms Ordered_Resolution_Prover.Inference_System 64:2050  some Preplay: (smt (cvc5, term_db_relevant) Set.set_insert Un_insert_left Un_insert_right add.right_neutral cc_subs_n d_in_n inf infer_from_def inference.sel(1,2) inference_system.inferences_from_def mem_Collect_eq set_mset_add_mset_insert subset_Un_eq sup_ge1 union_mset_add_mset_right) (1.0 s)
0.sledgehammer goal.unfolding 206069ms Ordered_Resolution_Prover.Inference_System 64:2050  some Preplay: (smt (cvc5, dec_internal_no_simp) Set.set_insert Un_insert_left Un_insert_right add.right_neutral cc_subs_n d_in_n inf infer_from_def inference.sel(1,2) inference_system.inferences_from_def mem_Collect_eq set_mset_add_mset_insert subset_Un_eq sup_ge1 union_mset_add_mset_right) (1.1 s)
0.sledgehammer goal.unfolding 206069ms Ordered_Resolution_Prover.Inference_System 64:2050  some Preplay: (smt (cvc5, best) Set.set_insert Un_insert_left Un_insert_right add.right_neutral cc_subs_n d_in_n inf infer_from_def inference.sel(1,2) inference_system.inferences_from_def mem_Collect_eq set_mset_add_mset_insert subset_Un_eq sup_ge1 union_mset_add_mset_right) (1.4 s)
0.sledgehammer goal.unfolding 206069ms Ordered_Resolution_Prover.Inference_System 64:2050  some Preplay: (smt (cvc5, mbqi) Set.set_insert Un_insert_left Un_insert_right add.right_neutral cc_subs_n d_in_n inf infer_from_def inference.sel(1,2) inference_system.inferences_from_def mem_Collect_eq set_mset_add_mset_insert subset_Un_eq sup_ge1 union_mset_add_mset_right) (> 364 ms, timed out)
0.sledgehammer goal.unfolding 206069ms Ordered_Resolution_Prover.Inference_System 64:2050  some Preplay: (smt (cvc5, prereg_lazy) Set.set_insert Un_insert_left Un_insert_right add.right_neutral cc_subs_n d_in_n inf infer_from_def inference.sel(1,2) inference_system.inferences_from_def mem_Collect_eq set_mset_add_mset_insert subset_Un_eq sup_ge1 union_mset_add_mset_right) (> 575 ms, timed out)
0.sledgehammer goal.unfolding 206069ms Ordered_Resolution_Prover.Inference_System 64:2050  some Preplay: (smt (cvc5, finite_mode_find) Set.set_insert Un_insert_left Un_insert_right add.right_neutral cc_subs_n d_in_n inf infer_from_def inference.sel(1,2) inference_system.inferences_from_def mem_Collect_eq set_mset_add_mset_insert subset_Un_eq sup_ge1 union_mset_add_mset_right) (> 575 ms, timed out)
0.sledgehammer goal.unfolding 206069ms Ordered_Resolution_Prover.Inference_System 64:2050  some Preplay: (smt (cvc5, finite_mode_find_dec_internal) Set.set_insert Un_insert_left Un_insert_right add.right_neutral cc_subs_n d_in_n inf infer_from_def inference.sel(1,2) inference_system.inferences_from_def mem_Collect_eq set_mset_add_mset_insert subset_Un_eq sup_ge1 union_mset_add_mset_right) (> 575 ms, timed out)
0.sledgehammer goal.unfolding 206069ms Ordered_Resolution_Prover.Inference_System 64:2050  some Preplay: (smt (cvc5, finite_mode_find_macro_quant) Set.set_insert Un_insert_left Un_insert_right add.right_neutral cc_subs_n d_in_n inf infer_from_def inference.sel(1,2) inference_system.inferences_from_def mem_Collect_eq set_mset_add_mset_insert subset_Un_eq sup_ge1 union_mset_add_mset_right) (> 575 ms, timed out)
0.sledgehammer goal.proof     54908ms Ordered_Resolution_Prover.Inference_System 147:4805  timeout (SH 54907ms):
0.sledgehammer goal.by        12546ms Ordered_Resolution_Prover.Inference_System 201:6366  timeout (SH 12546ms): Timed out
0.sledgehammer goal.using     56400ms Ordered_Resolution_Prover.Inference_System 230:7454  timeout (SH 56400ms):
0.sledgehammer goal.using     51192ms Ordered_Resolution_Prover.Unordered_Ground_Resolution 92:3034  some (SH 51192ms, ATP 1361ms): Try this: by (smt (cvc5, mbqi) atm_imp_pos_or_neg_lit d' mem_Collect_eq neg_a_ni_d' set_mset_filter) (257 ms)
0.sledgehammer goal.using     51192ms Ordered_Resolution_Prover.Unordered_Ground_Resolution 92:3034  some Preplay: (smt (cvc5, mbqi) atm_imp_pos_or_neg_lit d' mem_Collect_eq neg_a_ni_d' set_mset_filter) (257 ms)
0.sledgehammer goal.using     51192ms Ordered_Resolution_Prover.Unordered_Ground_Resolution 92:3034  some Preplay: (smt (cvc5, no_fmf_mbqi) atm_imp_pos_or_neg_lit d' mem_Collect_eq neg_a_ni_d' set_mset_filter) (262 ms)
0.sledgehammer goal.using     51192ms Ordered_Resolution_Prover.Unordered_Ground_Resolution 92:3034  some Preplay: (smt (cvc5, dec_internal_no_simp) atm_imp_pos_or_neg_lit d' mem_Collect_eq neg_a_ni_d' set_mset_filter) (264 ms)
0.sledgehammer goal.using     51192ms Ordered_Resolution_Prover.Unordered_Ground_Resolution 92:3034  some Preplay: (smt (cvc5, finite_mode_find_e_matching) atm_imp_pos_or_neg_lit d' mem_Collect_eq neg_a_ni_d' set_mset_filter) (266 ms)
0.sledgehammer goal.using     51192ms Ordered_Resolution_Prover.Unordered_Ground_Resolution 92:3034  some Preplay: (smt (cvc5, finite_mode_find) atm_imp_pos_or_neg_lit d' mem_Collect_eq neg_a_ni_d' set_mset_filter) (268 ms)
0.sledgehammer goal.using     51192ms Ordered_Resolution_Prover.Unordered_Ground_Resolution 92:3034  some Preplay: (smt (cvc5, term_db_relevant) atm_imp_pos_or_neg_lit d' mem_Collect_eq neg_a_ni_d' set_mset_filter) (268 ms)
0.sledgehammer goal.using     51192ms Ordered_Resolution_Prover.Unordered_Ground_Resolution 92:3034  some Preplay: (smt (cvc5, best) atm_imp_pos_or_neg_lit d' mem_Collect_eq neg_a_ni_d' set_mset_filter) (310 ms)
0.sledgehammer goal.using     51192ms Ordered_Resolution_Prover.Unordered_Ground_Resolution 92:3034  some Preplay: (smt (cvc5, dec_internal_enum_inst_sum) atm_imp_pos_or_neg_lit d' mem_Collect_eq neg_a_ni_d' set_mset_filter) (330 ms)
0.sledgehammer goal.using     51192ms Ordered_Resolution_Prover.Unordered_Ground_Resolution 92:3034  some Preplay: (smt (cvc5, prereg_lazy) atm_imp_pos_or_neg_lit d' mem_Collect_eq neg_a_ni_d' set_mset_filter) (373 ms)
0.sledgehammer goal.using     51192ms Ordered_Resolution_Prover.Unordered_Ground_Resolution 92:3034  some Preplay: (smt (cvc5, interleave) atm_imp_pos_or_neg_lit d' mem_Collect_eq neg_a_ni_d' set_mset_filter) (381 ms)
0.sledgehammer goal.using     51192ms Ordered_Resolution_Prover.Unordered_Ground_Resolution 92:3034  some Preplay: (smt (cvc5, finite_mode_find_dec_internal) atm_imp_pos_or_neg_lit d' mem_Collect_eq neg_a_ni_d' set_mset_filter) (405 ms)
0.sledgehammer goal.using     51192ms Ordered_Resolution_Prover.Unordered_Ground_Resolution 92:3034  some Preplay: (smt (cvc5, finite_mode_find_macro_quant) atm_imp_pos_or_neg_lit d' mem_Collect_eq neg_a_ni_d' set_mset_filter) (failed)
0.sledgehammer goal.unfolding 13642ms Ordered_Resolution_Prover.Unordered_Ground_Resolution 113:3979  timeout (SH 13642ms): Timed out
0.sledgehammer goal.by        12809ms Ordered_Resolution_Prover.Unordered_Ground_Resolution 165:5957  timeout (SH 12809ms): Timed out
0.sledgehammer goal.unfolding 13489ms Ordered_Resolution_Prover.Lazy_List_Liminf 104:3824  timeout (SH 13489ms): Timed out
0.sledgehammer goal.unfolding 54539ms Ordered_Resolution_Prover.Lazy_List_Liminf 286:10641  timeout (SH 54539ms):
0.sledgehammer goal.by        13652ms Ordered_Resolution_Prover.Lazy_List_Liminf 289:10818  timeout (SH 13652ms): Timed out
0.sledgehammer goal.unfolding 12841ms Ordered_Resolution_Prover.Lazy_List_Liminf 342:12690  timeout (SH 12841ms): Timed out
0.sledgehammer goal.proof     55028ms Ordered_Resolution_Prover.Lazy_List_Chain 49:1512  timeout (SH 55028ms):
0.sledgehammer goal.proof     12837ms Ordered_Resolution_Prover.Lazy_List_Chain 89:2913  timeout (SH 12837ms): Timed out
0.sledgehammer goal.using     61108ms Ordered_Resolution_Prover.Lazy_List_Chain 182:6180  timeout (SH 61108ms):
0.sledgehammer goal.using     12834ms Ordered_Resolution_Prover.Lazy_List_Chain 194:6469  timeout (SH 12834ms): Timed out
0.sledgehammer goal.by        52542ms Ordered_Resolution_Prover.Lazy_List_Chain 389:13429  some (SH 52541ms, ATP 1826ms): Try this: by (smt (cvc5) assms emb_prepend_coinduct_aux prepend_cong1_base prepend_cong1_prepend prepend_cong_distrib)
0.sledgehammer goal.by        52542ms Ordered_Resolution_Prover.Lazy_List_Chain 389:13429  some Preplay: (smt (cvc5, best) assms emb_prepend_coinduct_aux prepend_cong1_base prepend_cong1_prepend prepend_cong_distrib) (> 1.0 s, timed out)
0.sledgehammer goal.by        52542ms Ordered_Resolution_Prover.Lazy_List_Chain 389:13429  some Preplay: (smt (cvc5, dec_internal_no_simp) assms emb_prepend_coinduct_aux prepend_cong1_base prepend_cong1_prepend prepend_cong_distrib) (> 1.0 s, timed out)
0.sledgehammer goal.by        52542ms Ordered_Resolution_Prover.Lazy_List_Chain 389:13429  some Preplay: (smt (cvc5, dec_internal_enum_inst_sum) assms emb_prepend_coinduct_aux prepend_cong1_base prepend_cong1_prepend prepend_cong_distrib) (> 1.0 s, timed out)
0.sledgehammer goal.by        52542ms Ordered_Resolution_Prover.Lazy_List_Chain 389:13429  some Preplay: (smt (cvc5, term_db_relevant) assms emb_prepend_coinduct_aux prepend_cong1_base prepend_cong1_prepend prepend_cong_distrib) (> 1.0 s, timed out)
0.sledgehammer goal.by        52542ms Ordered_Resolution_Prover.Lazy_List_Chain 389:13429  some Preplay: (smt (cvc5, interleave) assms emb_prepend_coinduct_aux prepend_cong1_base prepend_cong1_prepend prepend_cong_distrib) (> 1.0 s, timed out)
0.sledgehammer goal.by        52542ms Ordered_Resolution_Prover.Lazy_List_Chain 389:13429  some Preplay: (smt (cvc5, prereg_lazy) assms emb_prepend_coinduct_aux prepend_cong1_base prepend_cong1_prepend prepend_cong_distrib) (> 1.0 s, timed out)
0.sledgehammer goal.by        52542ms Ordered_Resolution_Prover.Lazy_List_Chain 389:13429  some Preplay: (smt (cvc5, finite_mode_find) assms emb_prepend_coinduct_aux prepend_cong1_base prepend_cong1_prepend prepend_cong_distrib) (> 1.0 s, timed out)
0.sledgehammer goal.by        52542ms Ordered_Resolution_Prover.Lazy_List_Chain 389:13429  some Preplay: (smt (cvc5, no_fmf_mbqi) assms emb_prepend_coinduct_aux prepend_cong1_base prepend_cong1_prepend prepend_cong_distrib) (> 1.0 s, timed out)
0.sledgehammer goal.by        52542ms Ordered_Resolution_Prover.Lazy_List_Chain 389:13429  some Preplay: (smt (cvc5, finite_mode_find_dec_internal) assms emb_prepend_coinduct_aux prepend_cong1_base prepend_cong1_prepend prepend_cong_distrib) (> 1.0 s, timed out)
0.sledgehammer goal.by        52542ms Ordered_Resolution_Prover.Lazy_List_Chain 389:13429  some Preplay: (smt (cvc5, finite_mode_find_macro_quant) assms emb_prepend_coinduct_aux prepend_cong1_base prepend_cong1_prepend prepend_cong_distrib) (> 1.0 s, timed out)
0.sledgehammer goal.by        52542ms Ordered_Resolution_Prover.Lazy_List_Chain 389:13429  some Preplay: (smt (cvc5, finite_mode_find_e_matching) assms emb_prepend_coinduct_aux prepend_cong1_base prepend_cong1_prepend prepend_cong_distrib) (> 1.0 s, timed out)
0.sledgehammer goal.by        52542ms Ordered_Resolution_Prover.Lazy_List_Chain 389:13429  some Preplay: (smt (cvc5, mbqi) assms emb_prepend_coinduct_aux prepend_cong1_base prepend_cong1_prepend prepend_cong_distrib) (> 1.0 s, timed out)
0.sledgehammer goal.by        52142ms Ordered_Resolution_Prover.Lazy_List_Chain 433:14797  some (SH 52142ms, ATP 1052ms): Try this: by (smt (cvc5, mbqi) chain'.coinduct chain_chain') (2.7 s)
0.sledgehammer goal.by        52142ms Ordered_Resolution_Prover.Lazy_List_Chain 433:14797  some Preplay: (smt (cvc5, mbqi) chain'.coinduct chain_chain') (2.7 s)
0.sledgehammer goal.by        52142ms Ordered_Resolution_Prover.Lazy_List_Chain 433:14797  some Preplay: (smt (cvc5, finite_mode_find_macro_quant) chain'.coinduct chain_chain') (3.5 s)
0.sledgehammer goal.by        52142ms Ordered_Resolution_Prover.Lazy_List_Chain 433:14797  some Preplay: (smt (cvc5, finite_mode_find_e_matching) chain'.coinduct chain_chain') (3.7 s)
0.sledgehammer goal.by        52142ms Ordered_Resolution_Prover.Lazy_List_Chain 433:14797  some Preplay: (smt (cvc5, finite_mode_find) chain'.coinduct chain_chain') (4.1 s)
0.sledgehammer goal.by        52142ms Ordered_Resolution_Prover.Lazy_List_Chain 433:14797  some Preplay: (smt (cvc5, best) chain'.coinduct chain_chain') (4.2 s)
0.sledgehammer goal.by        52142ms Ordered_Resolution_Prover.Lazy_List_Chain 433:14797  some Preplay: (smt (cvc5, dec_internal_enum_inst_sum) chain'.coinduct chain_chain') (4.2 s)
0.sledgehammer goal.by        52142ms Ordered_Resolution_Prover.Lazy_List_Chain 433:14797  some Preplay: (smt (cvc5, no_fmf_mbqi) chain'.coinduct chain_chain') (4.6 s)
0.sledgehammer goal.by        52142ms Ordered_Resolution_Prover.Lazy_List_Chain 433:14797  some Preplay: (smt (cvc5, prereg_lazy) chain'.coinduct chain_chain') (4.6 s)
0.sledgehammer goal.by        52142ms Ordered_Resolution_Prover.Lazy_List_Chain 433:14797  some Preplay: (smt (cvc5, term_db_relevant) chain'.coinduct chain_chain') (4.6 s)
0.sledgehammer goal.by        52142ms Ordered_Resolution_Prover.Lazy_List_Chain 433:14797  some Preplay: (smt (cvc5, finite_mode_find_dec_internal) chain'.coinduct chain_chain') (4.7 s)
0.sledgehammer goal.by        52142ms Ordered_Resolution_Prover.Lazy_List_Chain 433:14797  some Preplay: (smt (cvc5, interleave) chain'.coinduct chain_chain') (4.7 s)
0.sledgehammer goal.by        52142ms Ordered_Resolution_Prover.Lazy_List_Chain 433:14797  some Preplay: (smt (cvc5, dec_internal_no_simp) chain'.coinduct chain_chain') (> 1.0 s, timed out)
0.sledgehammer goal.proof     13629ms Ordered_Resolution_Prover.Lazy_List_Chain 478:16329  timeout (SH 13629ms): Timed out
0.sledgehammer goal.by        13950ms Ordered_Resolution_Prover.Lazy_List_Chain 501:17036  timeout (SH 13950ms): Timed out
0.sledgehammer goal.proof     70757ms Ordered_Resolution_Prover.Lazy_List_Chain 568:19582  some (SH 70756ms, ATP 1185ms): Try this: by (smt (cvc5, dec_internal_enum_inst_sum) emb emb.cases lfinite_lmap llist.simps(13) lmap_eq_LNil lmap_prepend) (4.6 s)
0.sledgehammer goal.proof     70757ms Ordered_Resolution_Prover.Lazy_List_Chain 568:19582  some Preplay: (smt (cvc5, dec_internal_enum_inst_sum) emb emb.cases lfinite_lmap llist.simps(13) lmap_eq_LNil lmap_prepend) (4.6 s)
0.sledgehammer goal.proof     70757ms Ordered_Resolution_Prover.Lazy_List_Chain 568:19582  some Preplay: (smt (cvc5, best) emb emb.cases lfinite_lmap llist.simps(13) lmap_eq_LNil lmap_prepend) (> 1.0 s, timed out)
0.sledgehammer goal.proof     70757ms Ordered_Resolution_Prover.Lazy_List_Chain 568:19582  some Preplay: (smt (cvc5, dec_internal_no_simp) emb emb.cases lfinite_lmap llist.simps(13) lmap_eq_LNil lmap_prepend) (> 1.0 s, timed out)
0.sledgehammer goal.proof     70757ms Ordered_Resolution_Prover.Lazy_List_Chain 568:19582  some Preplay: (smt (cvc5, term_db_relevant) emb emb.cases lfinite_lmap llist.simps(13) lmap_eq_LNil lmap_prepend) (> 1.0 s, timed out)
0.sledgehammer goal.proof     70757ms Ordered_Resolution_Prover.Lazy_List_Chain 568:19582  some Preplay: (smt (cvc5, interleave) emb emb.cases lfinite_lmap llist.simps(13) lmap_eq_LNil lmap_prepend) (> 1.0 s, timed out)
0.sledgehammer goal.proof     70757ms Ordered_Resolution_Prover.Lazy_List_Chain 568:19582  some Preplay: (smt (cvc5, prereg_lazy) emb emb.cases lfinite_lmap llist.simps(13) lmap_eq_LNil lmap_prepend) (> 1.0 s, timed out)
0.sledgehammer goal.proof     70757ms Ordered_Resolution_Prover.Lazy_List_Chain 568:19582  some Preplay: (smt (cvc5, finite_mode_find) emb emb.cases lfinite_lmap llist.simps(13) lmap_eq_LNil lmap_prepend) (> 1.0 s, timed out)
0.sledgehammer goal.proof     70757ms Ordered_Resolution_Prover.Lazy_List_Chain 568:19582  some Preplay: (smt (cvc5, no_fmf_mbqi) emb emb.cases lfinite_lmap llist.simps(13) lmap_eq_LNil lmap_prepend) (> 1.0 s, timed out)
0.sledgehammer goal.proof     70757ms Ordered_Resolution_Prover.Lazy_List_Chain 568:19582  some Preplay: (smt (cvc5, finite_mode_find_dec_internal) emb emb.cases lfinite_lmap llist.simps(13) lmap_eq_LNil lmap_prepend) (> 1.0 s, timed out)
0.sledgehammer goal.proof     70757ms Ordered_Resolution_Prover.Lazy_List_Chain 568:19582  some Preplay: (smt (cvc5, finite_mode_find_macro_quant) emb emb.cases lfinite_lmap llist.simps(13) lmap_eq_LNil lmap_prepend) (> 1.0 s, timed out)
0.sledgehammer goal.proof     70757ms Ordered_Resolution_Prover.Lazy_List_Chain 568:19582  some Preplay: (smt (cvc5, finite_mode_find_e_matching) emb emb.cases lfinite_lmap llist.simps(13) lmap_eq_LNil lmap_prepend) (> 1.0 s, timed out)
0.sledgehammer goal.proof     70757ms Ordered_Resolution_Prover.Lazy_List_Chain 568:19582  some Preplay: (smt (cvc5, mbqi) emb emb.cases lfinite_lmap llist.simps(13) lmap_eq_LNil lmap_prepend) (> 1.0 s, timed out)
0.sledgehammer goal.using     35652ms Ordered_Resolution_Prover.Lazy_List_Chain 642:22036  some (SH 35652ms, ATP 903ms): Try this: by (smt (cvc5, dec_internal_no_simp) chain.coinduct full full_chain.cases) (5.1 s)
0.sledgehammer goal.using     35652ms Ordered_Resolution_Prover.Lazy_List_Chain 642:22036  some Preplay: (smt (cvc5, dec_internal_no_simp) chain.coinduct full full_chain.cases) (5.1 s)
0.sledgehammer goal.using     35652ms Ordered_Resolution_Prover.Lazy_List_Chain 642:22036  some Preplay: (smt (cvc5, best) chain.coinduct full full_chain.cases) (> 1.0 s, timed out)
0.sledgehammer goal.using     35652ms Ordered_Resolution_Prover.Lazy_List_Chain 642:22036  some Preplay: (smt (cvc5, dec_internal_enum_inst_sum) chain.coinduct full full_chain.cases) (> 1.0 s, timed out)
0.sledgehammer goal.using     35652ms Ordered_Resolution_Prover.Lazy_List_Chain 642:22036  some Preplay: (smt (cvc5, term_db_relevant) chain.coinduct full full_chain.cases) (> 1.0 s, timed out)
0.sledgehammer goal.using     35652ms Ordered_Resolution_Prover.Lazy_List_Chain 642:22036  some Preplay: (smt (cvc5, interleave) chain.coinduct full full_chain.cases) (> 1.0 s, timed out)
0.sledgehammer goal.using     35652ms Ordered_Resolution_Prover.Lazy_List_Chain 642:22036  some Preplay: (smt (cvc5, prereg_lazy) chain.coinduct full full_chain.cases) (> 1.0 s, timed out)
0.sledgehammer goal.using     35652ms Ordered_Resolution_Prover.Lazy_List_Chain 642:22036  some Preplay: (smt (cvc5, finite_mode_find) chain.coinduct full full_chain.cases) (> 1.0 s, timed out)
0.sledgehammer goal.using     35652ms Ordered_Resolution_Prover.Lazy_List_Chain 642:22036  some Preplay: (smt (cvc5, no_fmf_mbqi) chain.coinduct full full_chain.cases) (> 1.0 s, timed out)
0.sledgehammer goal.using     35652ms Ordered_Resolution_Prover.Lazy_List_Chain 642:22036  some Preplay: (smt (cvc5, finite_mode_find_dec_internal) chain.coinduct full full_chain.cases) (> 1.0 s, timed out)
0.sledgehammer goal.using     35652ms Ordered_Resolution_Prover.Lazy_List_Chain 642:22036  some Preplay: (smt (cvc5, finite_mode_find_macro_quant) chain.coinduct full full_chain.cases) (> 1.0 s, timed out)
0.sledgehammer goal.using     35652ms Ordered_Resolution_Prover.Lazy_List_Chain 642:22036  some Preplay: (smt (cvc5, finite_mode_find_e_matching) chain.coinduct full full_chain.cases) (> 1.0 s, timed out)
0.sledgehammer goal.using     35652ms Ordered_Resolution_Prover.Lazy_List_Chain 642:22036  some Preplay: (smt (cvc5, mbqi) chain.coinduct full full_chain.cases) (> 1.0 s, timed out)
0.sledgehammer goal.by        29804ms Ordered_Resolution_Prover.Lazy_List_Chain 642:22047  some (SH 29803ms, ATP 927ms): Try this: by (smt (cvc5, dec_internal_no_simp) chain.coinduct full_chain.cases) (5.3 s)
0.sledgehammer goal.by        29804ms Ordered_Resolution_Prover.Lazy_List_Chain 642:22047  some Preplay: (smt (cvc5, dec_internal_no_simp) chain.coinduct full_chain.cases) (5.3 s)
0.sledgehammer goal.by        29804ms Ordered_Resolution_Prover.Lazy_List_Chain 642:22047  some Preplay: (smt (cvc5, best) chain.coinduct full_chain.cases) (> 1.0 s, timed out)
0.sledgehammer goal.by        29804ms Ordered_Resolution_Prover.Lazy_List_Chain 642:22047  some Preplay: (smt (cvc5, dec_internal_enum_inst_sum) chain.coinduct full_chain.cases) (> 1.0 s, timed out)
0.sledgehammer goal.by        29804ms Ordered_Resolution_Prover.Lazy_List_Chain 642:22047  some Preplay: (smt (cvc5, term_db_relevant) chain.coinduct full_chain.cases) (> 1.0 s, timed out)
0.sledgehammer goal.by        29804ms Ordered_Resolution_Prover.Lazy_List_Chain 642:22047  some Preplay: (smt (cvc5, interleave) chain.coinduct full_chain.cases) (> 1.0 s, timed out)
0.sledgehammer goal.by        29804ms Ordered_Resolution_Prover.Lazy_List_Chain 642:22047  some Preplay: (smt (cvc5, prereg_lazy) chain.coinduct full_chain.cases) (> 1.0 s, timed out)
0.sledgehammer goal.by        29804ms Ordered_Resolution_Prover.Lazy_List_Chain 642:22047  some Preplay: (smt (cvc5, finite_mode_find) chain.coinduct full_chain.cases) (> 1.0 s, timed out)
0.sledgehammer goal.by        29804ms Ordered_Resolution_Prover.Lazy_List_Chain 642:22047  some Preplay: (smt (cvc5, no_fmf_mbqi) chain.coinduct full_chain.cases) (> 1.0 s, timed out)
0.sledgehammer goal.by        29804ms Ordered_Resolution_Prover.Lazy_List_Chain 642:22047  some Preplay: (smt (cvc5, finite_mode_find_dec_internal) chain.coinduct full_chain.cases) (> 1.0 s, timed out)
0.sledgehammer goal.by        29804ms Ordered_Resolution_Prover.Lazy_List_Chain 642:22047  some Preplay: (smt (cvc5, finite_mode_find_macro_quant) chain.coinduct full_chain.cases) (> 1.0 s, timed out)
0.sledgehammer goal.by        29804ms Ordered_Resolution_Prover.Lazy_List_Chain 642:22047  some Preplay: (smt (cvc5, finite_mode_find_e_matching) chain.coinduct full_chain.cases) (> 1.0 s, timed out)
0.sledgehammer goal.by        29804ms Ordered_Resolution_Prover.Lazy_List_Chain 642:22047  some Preplay: (smt (cvc5, mbqi) chain.coinduct full_chain.cases) (> 1.0 s, timed out)
0.sledgehammer goal.by        13447ms Ordered_Resolution_Prover.Map2 33:1166  timeout (SH 13447ms): Timed out
0.sledgehammer goal.proof     54640ms Ordered_Resolution_Prover.Map2 38:1370  some (SH 54639ms, ATP 846ms): Try this: by (smt (cvc5) Collect_cong assms case_prod_conv length_map length_zip min_less_iff_conj nth_map nth_zip set_conv_nth)
0.sledgehammer goal.proof     54640ms Ordered_Resolution_Prover.Map2 38:1370  some Preplay: (smt (cvc5, best) Collect_cong assms case_prod_conv length_map length_zip min_less_iff_conj nth_map nth_zip set_conv_nth) (> 1.0 s, timed out)
0.sledgehammer goal.proof     54640ms Ordered_Resolution_Prover.Map2 38:1370  some Preplay: (smt (cvc5, dec_internal_no_simp) Collect_cong assms case_prod_conv length_map length_zip min_less_iff_conj nth_map nth_zip set_conv_nth) (> 1.0 s, timed out)
0.sledgehammer goal.proof     54640ms Ordered_Resolution_Prover.Map2 38:1370  some Preplay: (smt (cvc5, dec_internal_enum_inst_sum) Collect_cong assms case_prod_conv length_map length_zip min_less_iff_conj nth_map nth_zip set_conv_nth) (> 1.0 s, timed out)
0.sledgehammer goal.proof     54640ms Ordered_Resolution_Prover.Map2 38:1370  some Preplay: (smt (cvc5, term_db_relevant) Collect_cong assms case_prod_conv length_map length_zip min_less_iff_conj nth_map nth_zip set_conv_nth) (> 1.0 s, timed out)
0.sledgehammer goal.proof     54640ms Ordered_Resolution_Prover.Map2 38:1370  some Preplay: (smt (cvc5, interleave) Collect_cong assms case_prod_conv length_map length_zip min_less_iff_conj nth_map nth_zip set_conv_nth) (> 1.0 s, timed out)
0.sledgehammer goal.proof     54640ms Ordered_Resolution_Prover.Map2 38:1370  some Preplay: (smt (cvc5, prereg_lazy) Collect_cong assms case_prod_conv length_map length_zip min_less_iff_conj nth_map nth_zip set_conv_nth) (> 1.0 s, timed out)
0.sledgehammer goal.proof     54640ms Ordered_Resolution_Prover.Map2 38:1370  some Preplay: (smt (cvc5, finite_mode_find) Collect_cong assms case_prod_conv length_map length_zip min_less_iff_conj nth_map nth_zip set_conv_nth) (> 1.0 s, timed out)
0.sledgehammer goal.proof     54640ms Ordered_Resolution_Prover.Map2 38:1370  some Preplay: (smt (cvc5, no_fmf_mbqi) Collect_cong assms case_prod_conv length_map length_zip min_less_iff_conj nth_map nth_zip set_conv_nth) (> 1.0 s, timed out)
0.sledgehammer goal.proof     54640ms Ordered_Resolution_Prover.Map2 38:1370  some Preplay: (smt (cvc5, finite_mode_find_dec_internal) Collect_cong assms case_prod_conv length_map length_zip min_less_iff_conj nth_map nth_zip set_conv_nth) (> 1.0 s, timed out)
0.sledgehammer goal.proof     54640ms Ordered_Resolution_Prover.Map2 38:1370  some Preplay: (smt (cvc5, finite_mode_find_macro_quant) Collect_cong assms case_prod_conv length_map length_zip min_less_iff_conj nth_map nth_zip set_conv_nth) (> 1.0 s, timed out)
0.sledgehammer goal.proof     54640ms Ordered_Resolution_Prover.Map2 38:1370  some Preplay: (smt (cvc5, finite_mode_find_e_matching) Collect_cong assms case_prod_conv length_map length_zip min_less_iff_conj nth_map nth_zip set_conv_nth) (> 1.0 s, timed out)
0.sledgehammer goal.proof     54640ms Ordered_Resolution_Prover.Map2 38:1370  some Preplay: (smt (cvc5, mbqi) Collect_cong assms case_prod_conv length_map length_zip min_less_iff_conj nth_map nth_zip set_conv_nth) (> 1.0 s, timed out)
0.sledgehammer goal.using     56707ms Ordered_Resolution_Prover.Abstract_Substitution 250:8488  timeout (SH 56707ms):
0.sledgehammer goal.by        12810ms Ordered_Resolution_Prover.Abstract_Substitution 250:8510  timeout (SH 12810ms): Timed out
0.sledgehammer goal.by        55819ms Ordered_Resolution_Prover.Abstract_Substitution 271:9292  some (SH 55818ms, ATP 1838ms): Try this: by (smt (cvc5) fst_def image_iff length_replicate list.set_map list.set_map map_eq_conv map_fst_zip map_replicate_const map_replicate_const set_zip_rightD split_cong subst_atm_mset_id_subst)
0.sledgehammer goal.by        55819ms Ordered_Resolution_Prover.Abstract_Substitution 271:9292  some Preplay: (smt (cvc5, best) fst_def image_iff length_replicate list.set_map map_eq_conv map_fst_zip map_replicate_const set_zip_rightD split_cong subst_atm_mset_id_subst) (> 1.0 s, timed out)
0.sledgehammer goal.by        55819ms Ordered_Resolution_Prover.Abstract_Substitution 271:9292  some Preplay: (smt (cvc5, dec_internal_no_simp) fst_def image_iff length_replicate list.set_map map_eq_conv map_fst_zip map_replicate_const set_zip_rightD split_cong subst_atm_mset_id_subst) (> 1.0 s, timed out)
0.sledgehammer goal.by        55819ms Ordered_Resolution_Prover.Abstract_Substitution 271:9292  some Preplay: (smt (cvc5, dec_internal_enum_inst_sum) fst_def image_iff length_replicate list.set_map map_eq_conv map_fst_zip map_replicate_const set_zip_rightD split_cong subst_atm_mset_id_subst) (> 1.0 s, timed out)
0.sledgehammer goal.by        55819ms Ordered_Resolution_Prover.Abstract_Substitution 271:9292  some Preplay: (smt (cvc5, term_db_relevant) fst_def image_iff length_replicate list.set_map map_eq_conv map_fst_zip map_replicate_const set_zip_rightD split_cong subst_atm_mset_id_subst) (> 1.0 s, timed out)
0.sledgehammer goal.by        55819ms Ordered_Resolution_Prover.Abstract_Substitution 271:9292  some Preplay: (smt (cvc5, interleave) fst_def image_iff length_replicate list.set_map map_eq_conv map_fst_zip map_replicate_const set_zip_rightD split_cong subst_atm_mset_id_subst) (> 1.0 s, timed out)
0.sledgehammer goal.by        55819ms Ordered_Resolution_Prover.Abstract_Substitution 271:9292  some Preplay: (smt (cvc5, prereg_lazy) fst_def image_iff length_replicate list.set_map map_eq_conv map_fst_zip map_replicate_const set_zip_rightD split_cong subst_atm_mset_id_subst) (> 1.0 s, timed out)
0.sledgehammer goal.by        55819ms Ordered_Resolution_Prover.Abstract_Substitution 271:9292  some Preplay: (smt (cvc5, finite_mode_find) fst_def image_iff length_replicate list.set_map map_eq_conv map_fst_zip map_replicate_const set_zip_rightD split_cong subst_atm_mset_id_subst) (> 1.0 s, timed out)
0.sledgehammer goal.by        55819ms Ordered_Resolution_Prover.Abstract_Substitution 271:9292  some Preplay: (smt (cvc5, no_fmf_mbqi) fst_def image_iff length_replicate list.set_map map_eq_conv map_fst_zip map_replicate_const set_zip_rightD split_cong subst_atm_mset_id_subst) (> 1.0 s, timed out)
0.sledgehammer goal.by        55819ms Ordered_Resolution_Prover.Abstract_Substitution 271:9292  some Preplay: (smt (cvc5, finite_mode_find_dec_internal) fst_def image_iff length_replicate list.set_map map_eq_conv map_fst_zip map_replicate_const set_zip_rightD split_cong subst_atm_mset_id_subst) (> 1.0 s, timed out)
0.sledgehammer goal.by        55819ms Ordered_Resolution_Prover.Abstract_Substitution 271:9292  some Preplay: (smt (cvc5, finite_mode_find_macro_quant) fst_def image_iff length_replicate list.set_map map_eq_conv map_fst_zip map_replicate_const set_zip_rightD split_cong subst_atm_mset_id_subst) (> 1.0 s, timed out)
0.sledgehammer goal.by        55819ms Ordered_Resolution_Prover.Abstract_Substitution 271:9292  some Preplay: (smt (cvc5, finite_mode_find_e_matching) fst_def image_iff length_replicate list.set_map map_eq_conv map_fst_zip map_replicate_const set_zip_rightD split_cong subst_atm_mset_id_subst) (> 1.0 s, timed out)
0.sledgehammer goal.by        55819ms Ordered_Resolution_Prover.Abstract_Substitution 271:9292  some Preplay: (smt (cvc5, mbqi) fst_def image_iff length_replicate list.set_map map_eq_conv map_fst_zip map_replicate_const set_zip_rightD split_cong subst_atm_mset_id_subst) (> 1.0 s, timed out)
0.sledgehammer goal.unfolding 12575ms Ordered_Resolution_Prover.Abstract_Substitution 304:10318  timeout (SH 12575ms): Timed out
0.sledgehammer goal.unfolding 13315ms Ordered_Resolution_Prover.Abstract_Substitution 326:11216  timeout (SH 13315ms): Timed out
0.sledgehammer goal.unfolding 54161ms Ordered_Resolution_Prover.Abstract_Substitution 380:13120  timeout (SH 54161ms):
0.sledgehammer goal.proof     12804ms Ordered_Resolution_Prover.Abstract_Substitution 849:30783  timeout (SH 12804ms): Timed out
0.sledgehammer goal.unfolding 55033ms Ordered_Resolution_Prover.Abstract_Substitution 963:35436  timeout (SH 55033ms):
0.sledgehammer goal.by        60229ms Ordered_Resolution_Prover.Abstract_Substitution 978:36080  some (SH 60229ms, ATP 806ms): Try this: by (smt (cvc5, dec_internal_no_simp) is_ground_cls_if_in_grounding_of_cls is_ground_subst_cls mem_Collect_eq) (507 ms)
0.sledgehammer goal.by        60229ms Ordered_Resolution_Prover.Abstract_Substitution 978:36080  some Preplay: (smt (cvc5, dec_internal_no_simp) is_ground_cls_if_in_grounding_of_cls is_ground_subst_cls mem_Collect_eq) (507 ms)
0.sledgehammer goal.by        60229ms Ordered_Resolution_Prover.Abstract_Substitution 978:36080  some Preplay: (smt (cvc5, best) is_ground_cls_if_in_grounding_of_cls is_ground_subst_cls mem_Collect_eq) (539 ms)
0.sledgehammer goal.by        60229ms Ordered_Resolution_Prover.Abstract_Substitution 978:36080  some Preplay: (smt (cvc5, mbqi) is_ground_cls_if_in_grounding_of_cls is_ground_subst_cls mem_Collect_eq) (596 ms)
0.sledgehammer goal.by        60229ms Ordered_Resolution_Prover.Abstract_Substitution 978:36080  some Preplay: (smt (cvc5, interleave) is_ground_cls_if_in_grounding_of_cls is_ground_subst_cls mem_Collect_eq) (875 ms)
0.sledgehammer goal.by        60229ms Ordered_Resolution_Prover.Abstract_Substitution 978:36080  some Preplay: (smt (cvc5, no_fmf_mbqi) is_ground_cls_if_in_grounding_of_cls is_ground_subst_cls mem_Collect_eq) (939 ms)
0.sledgehammer goal.by        60229ms Ordered_Resolution_Prover.Abstract_Substitution 978:36080  some Preplay: (smt (cvc5, term_db_relevant) is_ground_cls_if_in_grounding_of_cls is_ground_subst_cls mem_Collect_eq) (956 ms)
0.sledgehammer goal.by        60229ms Ordered_Resolution_Prover.Abstract_Substitution 978:36080  some Preplay: (smt (cvc5, finite_mode_find_e_matching) is_ground_cls_if_in_grounding_of_cls is_ground_subst_cls mem_Collect_eq) (1.7 s)
0.sledgehammer goal.by        60229ms Ordered_Resolution_Prover.Abstract_Substitution 978:36080  some Preplay: (smt (cvc5, dec_internal_enum_inst_sum) is_ground_cls_if_in_grounding_of_cls is_ground_subst_cls mem_Collect_eq) (8.2 s)
0.sledgehammer goal.by        60229ms Ordered_Resolution_Prover.Abstract_Substitution 978:36080  some Preplay: (smt (cvc5, prereg_lazy) is_ground_cls_if_in_grounding_of_cls is_ground_subst_cls mem_Collect_eq) (> 507 ms, timed out)
0.sledgehammer goal.by        60229ms Ordered_Resolution_Prover.Abstract_Substitution 978:36080  some Preplay: (smt (cvc5, finite_mode_find) is_ground_cls_if_in_grounding_of_cls is_ground_subst_cls mem_Collect_eq) (> 507 ms, timed out)
0.sledgehammer goal.by        60229ms Ordered_Resolution_Prover.Abstract_Substitution 978:36080  some Preplay: (smt (cvc5, finite_mode_find_dec_internal) is_ground_cls_if_in_grounding_of_cls is_ground_subst_cls mem_Collect_eq) (> 507 ms, timed out)
0.sledgehammer goal.by        60229ms Ordered_Resolution_Prover.Abstract_Substitution 978:36080  some Preplay: (smt (cvc5, finite_mode_find_macro_quant) is_ground_cls_if_in_grounding_of_cls is_ground_subst_cls mem_Collect_eq) (failed)
0.sledgehammer goal.by        16010ms Ordered_Resolution_Prover.FO_Ordered_Resolution 98:4032  timeout (SH 16010ms): Timed out
0.sledgehammer goal.using     13627ms Ordered_Resolution_Prover.FO_Ordered_Resolution 245:9300  timeout (SH 13627ms): Timed out
0.sledgehammer goal.by        13501ms Ordered_Resolution_Prover.FO_Ordered_Resolution 246:9347  timeout (SH 13500ms): Timed out
0.sledgehammer goal.proof     13057ms Ordered_Resolution_Prover.FO_Ordered_Resolution 355:13050  timeout (SH 13057ms): Timed out
0.sledgehammer goal.by        58250ms Ordered_Resolution_Prover.FO_Ordered_Resolution 420:15635  some (SH 58250ms, ATP 1123ms): Try this: by (smt (cvc5) Collect_mono_iff infer_from_def inference.sel(1,2) set_mset_add_mset_insert set_mset_empty set_mset_mset set_mset_union)
0.sledgehammer goal.by        58250ms Ordered_Resolution_Prover.FO_Ordered_Resolution 420:15635  some Preplay: (smt (cvc5, best) Collect_mono_iff infer_from_def inference.sel(1,2) set_mset_add_mset_insert set_mset_empty set_mset_mset set_mset_union) (> 1.0 s, timed out)
0.sledgehammer goal.by        58250ms Ordered_Resolution_Prover.FO_Ordered_Resolution 420:15635  some Preplay: (smt (cvc5, dec_internal_no_simp) Collect_mono_iff infer_from_def inference.sel(1,2) set_mset_add_mset_insert set_mset_empty set_mset_mset set_mset_union) (> 1.0 s, timed out)
0.sledgehammer goal.by        58250ms Ordered_Resolution_Prover.FO_Ordered_Resolution 420:15635  some Preplay: (smt (cvc5, dec_internal_enum_inst_sum) Collect_mono_iff infer_from_def inference.sel(1,2) set_mset_add_mset_insert set_mset_empty set_mset_mset set_mset_union) (> 1.0 s, timed out)
0.sledgehammer goal.by        58250ms Ordered_Resolution_Prover.FO_Ordered_Resolution 420:15635  some Preplay: (smt (cvc5, term_db_relevant) Collect_mono_iff infer_from_def inference.sel(1,2) set_mset_add_mset_insert set_mset_empty set_mset_mset set_mset_union) (> 1.0 s, timed out)
0.sledgehammer goal.by        58250ms Ordered_Resolution_Prover.FO_Ordered_Resolution 420:15635  some Preplay: (smt (cvc5, interleave) Collect_mono_iff infer_from_def inference.sel(1,2) set_mset_add_mset_insert set_mset_empty set_mset_mset set_mset_union) (> 1.0 s, timed out)
0.sledgehammer goal.by        58250ms Ordered_Resolution_Prover.FO_Ordered_Resolution 420:15635  some Preplay: (smt (cvc5, prereg_lazy) Collect_mono_iff infer_from_def inference.sel(1,2) set_mset_add_mset_insert set_mset_empty set_mset_mset set_mset_union) (> 1.0 s, timed out)
0.sledgehammer goal.by        58250ms Ordered_Resolution_Prover.FO_Ordered_Resolution 420:15635  some Preplay: (smt (cvc5, finite_mode_find) Collect_mono_iff infer_from_def inference.sel(1,2) set_mset_add_mset_insert set_mset_empty set_mset_mset set_mset_union) (> 1.0 s, timed out)
0.sledgehammer goal.by        58250ms Ordered_Resolution_Prover.FO_Ordered_Resolution 420:15635  some Preplay: (smt (cvc5, no_fmf_mbqi) Collect_mono_iff infer_from_def inference.sel(1,2) set_mset_add_mset_insert set_mset_empty set_mset_mset set_mset_union) (> 1.0 s, timed out)
0.sledgehammer goal.by        58250ms Ordered_Resolution_Prover.FO_Ordered_Resolution 420:15635  some Preplay: (smt (cvc5, finite_mode_find_dec_internal) Collect_mono_iff infer_from_def inference.sel(1,2) set_mset_add_mset_insert set_mset_empty set_mset_mset set_mset_union) (> 1.0 s, timed out)
0.sledgehammer goal.by        58250ms Ordered_Resolution_Prover.FO_Ordered_Resolution 420:15635  some Preplay: (smt (cvc5, finite_mode_find_e_matching) Collect_mono_iff infer_from_def inference.sel(1,2) set_mset_add_mset_insert set_mset_empty set_mset_mset set_mset_union) (> 1.0 s, timed out)
0.sledgehammer goal.by        58250ms Ordered_Resolution_Prover.FO_Ordered_Resolution 420:15635  some Preplay: (smt (cvc5, mbqi) Collect_mono_iff infer_from_def inference.sel(1,2) set_mset_add_mset_insert set_mset_empty set_mset_mset set_mset_union) (> 1.0 s, timed out)
0.sledgehammer goal.by        58250ms Ordered_Resolution_Prover.FO_Ordered_Resolution 420:15635  some Preplay: (smt (cvc5, finite_mode_find_macro_quant) Collect_mono_iff infer_from_def inference.sel(1,2) set_mset_add_mset_insert set_mset_empty set_mset_mset set_mset_union) (failed)
0.sledgehammer goal.using     41787ms Ordered_Resolution_Prover.FO_Ordered_Resolution 434:16060  some (SH 41786ms, ATP 115ms): Try this: by (smt (cvc5, best) ord_resolve_rename_unique res_e the_equality) (313 ms)
0.sledgehammer goal.using     41787ms Ordered_Resolution_Prover.FO_Ordered_Resolution 434:16060  some Preplay: (smt (cvc5, best) ord_resolve_rename_unique res_e the_equality) (313 ms)
0.sledgehammer goal.using     41787ms Ordered_Resolution_Prover.FO_Ordered_Resolution 434:16060  some Preplay: (smt (cvc5, dec_internal_no_simp) ord_resolve_rename_unique res_e the_equality) (> 313 ms, timed out)
0.sledgehammer goal.using     41787ms Ordered_Resolution_Prover.FO_Ordered_Resolution 434:16060  some Preplay: (smt (cvc5, dec_internal_enum_inst_sum) ord_resolve_rename_unique res_e the_equality) (> 313 ms, timed out)
0.sledgehammer goal.using     41787ms Ordered_Resolution_Prover.FO_Ordered_Resolution 434:16060  some Preplay: (smt (cvc5, term_db_relevant) ord_resolve_rename_unique res_e the_equality) (> 313 ms, timed out)
0.sledgehammer goal.using     41787ms Ordered_Resolution_Prover.FO_Ordered_Resolution 434:16060  some Preplay: (smt (cvc5, interleave) ord_resolve_rename_unique res_e the_equality) (> 313 ms, timed out)
0.sledgehammer goal.using     41787ms Ordered_Resolution_Prover.FO_Ordered_Resolution 434:16060  some Preplay: (smt (cvc5, prereg_lazy) ord_resolve_rename_unique res_e the_equality) (> 313 ms, timed out)
0.sledgehammer goal.using     41787ms Ordered_Resolution_Prover.FO_Ordered_Resolution 434:16060  some Preplay: (smt (cvc5, finite_mode_find) ord_resolve_rename_unique res_e the_equality) (> 313 ms, timed out)
0.sledgehammer goal.using     41787ms Ordered_Resolution_Prover.FO_Ordered_Resolution 434:16060  some Preplay: (smt (cvc5, no_fmf_mbqi) ord_resolve_rename_unique res_e the_equality) (> 313 ms, timed out)
0.sledgehammer goal.using     41787ms Ordered_Resolution_Prover.FO_Ordered_Resolution 434:16060  some Preplay: (smt (cvc5, finite_mode_find_dec_internal) ord_resolve_rename_unique res_e the_equality) (> 313 ms, timed out)
0.sledgehammer goal.using     41787ms Ordered_Resolution_Prover.FO_Ordered_Resolution 434:16060  some Preplay: (smt (cvc5, finite_mode_find_macro_quant) ord_resolve_rename_unique res_e the_equality) (> 313 ms, timed out)
0.sledgehammer goal.using     41787ms Ordered_Resolution_Prover.FO_Ordered_Resolution 434:16060  some Preplay: (smt (cvc5, finite_mode_find_e_matching) ord_resolve_rename_unique res_e the_equality) (> 313 ms, timed out)
0.sledgehammer goal.using     41787ms Ordered_Resolution_Prover.FO_Ordered_Resolution 434:16060  some Preplay: (smt (cvc5, mbqi) ord_resolve_rename_unique res_e the_equality) (> 313 ms, timed out)
0.sledgehammer goal.by        16665ms Ordered_Resolution_Prover.FO_Ordered_Resolution 434:16098  some (SH 16665ms, ATP 124ms): Try this: by (smt (cvc5, finite_mode_find_dec_internal) the_equality) (624 ms)
0.sledgehammer goal.by        16665ms Ordered_Resolution_Prover.FO_Ordered_Resolution 434:16098  some Preplay: (smt (cvc5, finite_mode_find_dec_internal) the_equality) (624 ms)
0.sledgehammer goal.by        16665ms Ordered_Resolution_Prover.FO_Ordered_Resolution 434:16098  some Preplay: (smt (cvc5, no_fmf_mbqi) the_equality) (670 ms)
0.sledgehammer goal.by        16665ms Ordered_Resolution_Prover.FO_Ordered_Resolution 434:16098  some Preplay: (smt (cvc5, best) the_equality) (838 ms)
0.sledgehammer goal.by        16665ms Ordered_Resolution_Prover.FO_Ordered_Resolution 434:16098  some Preplay: (smt (cvc5, finite_mode_find_e_matching) the_equality) (882 ms)
0.sledgehammer goal.by        16665ms Ordered_Resolution_Prover.FO_Ordered_Resolution 434:16098  some Preplay: (smt (cvc5, dec_internal_enum_inst_sum) the_equality) (966 ms)
0.sledgehammer goal.by        16665ms Ordered_Resolution_Prover.FO_Ordered_Resolution 434:16098  some Preplay: (smt (cvc5, prereg_lazy) the_equality) (977 ms)
0.sledgehammer goal.by        16665ms Ordered_Resolution_Prover.FO_Ordered_Resolution 434:16098  some Preplay: (smt (cvc5, finite_mode_find) the_equality) (995 ms)
0.sledgehammer goal.by        16665ms Ordered_Resolution_Prover.FO_Ordered_Resolution 434:16098  some Preplay: (smt (cvc5, finite_mode_find_macro_quant) the_equality) (1.0 s)
0.sledgehammer goal.by        16665ms Ordered_Resolution_Prover.FO_Ordered_Resolution 434:16098  some Preplay: (smt (cvc5, term_db_relevant) the_equality) (1.1 s)
0.sledgehammer goal.by        16665ms Ordered_Resolution_Prover.FO_Ordered_Resolution 434:16098  some Preplay: (smt (cvc5, interleave) the_equality) (2.0 s)
0.sledgehammer goal.by        16665ms Ordered_Resolution_Prover.FO_Ordered_Resolution 434:16098  some Preplay: (smt (cvc5, mbqi) the_equality) (> 624 ms, timed out)
0.sledgehammer goal.by        16665ms Ordered_Resolution_Prover.FO_Ordered_Resolution 434:16098  some Preplay: (smt (cvc5, dec_internal_no_simp) the_equality) (> 838 ms, timed out)
0.sledgehammer goal.using     14675ms Ordered_Resolution_Prover.FO_Ordered_Resolution 437:16209  timeout (SH 14675ms): Timed out
0.sledgehammer goal.by        56359ms Ordered_Resolution_Prover.FO_Ordered_Resolution 439:16302  timeout (SH 56359ms):
0.sledgehammer goal.using     15011ms Ordered_Resolution_Prover.FO_Ordered_Resolution 509:18871  timeout (SH 15011ms): Timed out
0.sledgehammer goal.by        27094ms Ordered_Resolution_Prover.FO_Ordered_Resolution 510:18932  some (SH 27091ms, ATP 3354ms): Try this: by (smt (cvc5) image_eqI mset_subset_eqD multiset.set_map neg_lit_in_atms_of set_mset_mset subsetI)
0.sledgehammer goal.by        27094ms Ordered_Resolution_Prover.FO_Ordered_Resolution 510:18932  some Preplay: (smt (cvc5, best) image_eqI[of "Neg _" Neg _ "set_mset (mset As)"] mset_subset_eqD[of "negs (mset As)" DA "Neg _"] multiset.set_map[of Neg "mset As"] neg_lit_in_atms_of[of _ DA] set_mset_mset[of As] subsetI[of "set_mset (mset As)" "atms_of DA"]) (> 1.0 s, timed out)
0.sledgehammer goal.by        27094ms Ordered_Resolution_Prover.FO_Ordered_Resolution 510:18932  some Preplay: (smt (cvc5, dec_internal_no_simp) image_eqI[of "Neg _" Neg _ "set_mset (mset As)"] mset_subset_eqD[of "negs (mset As)" DA "Neg _"] multiset.set_map[of Neg "mset As"] neg_lit_in_atms_of[of _ DA] set_mset_mset[of As] subsetI[of "set_mset (mset As)" "atms_of DA"]) (> 1.0 s, timed out)
0.sledgehammer goal.by        27094ms Ordered_Resolution_Prover.FO_Ordered_Resolution 510:18932  some Preplay: (smt (cvc5, dec_internal_enum_inst_sum) image_eqI[of "Neg _" Neg _ "set_mset (mset As)"] mset_subset_eqD[of "negs (mset As)" DA "Neg _"] multiset.set_map[of Neg "mset As"] neg_lit_in_atms_of[of _ DA] set_mset_mset[of As] subsetI[of "set_mset (mset As)" "atms_of DA"]) (> 1.0 s, timed out)
0.sledgehammer goal.by        27094ms Ordered_Resolution_Prover.FO_Ordered_Resolution 510:18932  some Preplay: (smt (cvc5, term_db_relevant) image_eqI[of "Neg _" Neg _ "set_mset (mset As)"] mset_subset_eqD[of "negs (mset As)" DA "Neg _"] multiset.set_map[of Neg "mset As"] neg_lit_in_atms_of[of _ DA] set_mset_mset[of As] subsetI[of "set_mset (mset As)" "atms_of DA"]) (> 1.0 s, timed out)
0.sledgehammer goal.by        27094ms Ordered_Resolution_Prover.FO_Ordered_Resolution 510:18932  some Preplay: (smt (cvc5, interleave) image_eqI[of "Neg _" Neg _ "set_mset (mset As)"] mset_subset_eqD[of "negs (mset As)" DA "Neg _"] multiset.set_map[of Neg "mset As"] neg_lit_in_atms_of[of _ DA] set_mset_mset[of As] subsetI[of "set_mset (mset As)" "atms_of DA"]) (> 1.0 s, timed out)
0.sledgehammer goal.by        27094ms Ordered_Resolution_Prover.FO_Ordered_Resolution 510:18932  some Preplay: (smt (cvc5, prereg_lazy) image_eqI[of "Neg _" Neg _ "set_mset (mset As)"] mset_subset_eqD[of "negs (mset As)" DA "Neg _"] multiset.set_map[of Neg "mset As"] neg_lit_in_atms_of[of _ DA] set_mset_mset[of As] subsetI[of "set_mset (mset As)" "atms_of DA"]) (> 1.0 s, timed out)
0.sledgehammer goal.by        27094ms Ordered_Resolution_Prover.FO_Ordered_Resolution 510:18932  some Preplay: (smt (cvc5, finite_mode_find) image_eqI[of "Neg _" Neg _ "set_mset (mset As)"] mset_subset_eqD[of "negs (mset As)" DA "Neg _"] multiset.set_map[of Neg "mset As"] neg_lit_in_atms_of[of _ DA] set_mset_mset[of As] subsetI[of "set_mset (mset As)" "atms_of DA"]) (> 1.0 s, timed out)
0.sledgehammer goal.by        27094ms Ordered_Resolution_Prover.FO_Ordered_Resolution 510:18932  some Preplay: (smt (cvc5, no_fmf_mbqi) image_eqI[of "Neg _" Neg _ "set_mset (mset As)"] mset_subset_eqD[of "negs (mset As)" DA "Neg _"] multiset.set_map[of Neg "mset As"] neg_lit_in_atms_of[of _ DA] set_mset_mset[of As] subsetI[of "set_mset (mset As)" "atms_of DA"]) (> 1.0 s, timed out)
0.sledgehammer goal.by        27094ms Ordered_Resolution_Prover.FO_Ordered_Resolution 510:18932  some Preplay: (smt (cvc5, finite_mode_find_dec_internal) image_eqI[of "Neg _" Neg _ "set_mset (mset As)"] mset_subset_eqD[of "negs (mset As)" DA "Neg _"] multiset.set_map[of Neg "mset As"] neg_lit_in_atms_of[of _ DA] set_mset_mset[of As] subsetI[of "set_mset (mset As)" "atms_of DA"]) (> 1.0 s, timed out)
0.sledgehammer goal.by        27094ms Ordered_Resolution_Prover.FO_Ordered_Resolution 510:18932  some Preplay: (smt (cvc5, finite_mode_find_macro_quant) image_eqI[of "Neg _" Neg _ "set_mset (mset As)"] mset_subset_eqD[of "negs (mset As)" DA "Neg _"] multiset.set_map[of Neg "mset As"] neg_lit_in_atms_of[of _ DA] set_mset_mset[of As] subsetI[of "set_mset (mset As)" "atms_of DA"]) (> 1.0 s, timed out)
0.sledgehammer goal.by        27094ms Ordered_Resolution_Prover.FO_Ordered_Resolution 510:18932  some Preplay: (smt (cvc5, finite_mode_find_e_matching) image_eqI[of "Neg _" Neg _ "set_mset (mset As)"] mset_subset_eqD[of "negs (mset As)" DA "Neg _"] multiset.set_map[of Neg "mset As"] neg_lit_in_atms_of[of _ DA] set_mset_mset[of As] subsetI[of "set_mset (mset As)" "atms_of DA"]) (> 1.0 s, timed out)
0.sledgehammer goal.by        27094ms Ordered_Resolution_Prover.FO_Ordered_Resolution 510:18932  some Preplay: (smt (cvc5, mbqi) image_eqI[of "Neg _" Neg _ "set_mset (mset As)"] mset_subset_eqD[of "negs (mset As)" DA "Neg _"] multiset.set_map[of Neg "mset As"] neg_lit_in_atms_of[of _ DA] set_mset_mset[of As] subsetI[of "set_mset (mset As)" "atms_of DA"]) (> 1.0 s, timed out)
0.sledgehammer goal.by        42719ms Ordered_Resolution_Prover.FO_Ordered_Resolution 527:19582  some (SH 42719ms, ATP 1654ms): Try this: by (smt (cvc5) Collect_mono_iff insert_subset sup.bounded_iff)
0.sledgehammer goal.by        42719ms Ordered_Resolution_Prover.FO_Ordered_Resolution 527:19582  some Preplay: (smt (cvc5, best) Collect_mono_iff insert_subset sup.bounded_iff) (> 1.0 s, timed out)
0.sledgehammer goal.by        42719ms Ordered_Resolution_Prover.FO_Ordered_Resolution 527:19582  some Preplay: (smt (cvc5, dec_internal_no_simp) Collect_mono_iff insert_subset sup.bounded_iff) (> 1.0 s, timed out)
0.sledgehammer goal.by        42719ms Ordered_Resolution_Prover.FO_Ordered_Resolution 527:19582  some Preplay: (smt (cvc5, dec_internal_enum_inst_sum) Collect_mono_iff insert_subset sup.bounded_iff) (> 1.0 s, timed out)
0.sledgehammer goal.by        42719ms Ordered_Resolution_Prover.FO_Ordered_Resolution 527:19582  some Preplay: (smt (cvc5, term_db_relevant) Collect_mono_iff insert_subset sup.bounded_iff) (> 1.0 s, timed out)
0.sledgehammer goal.by        42719ms Ordered_Resolution_Prover.FO_Ordered_Resolution 527:19582  some Preplay: (smt (cvc5, interleave) Collect_mono_iff insert_subset sup.bounded_iff) (> 1.0 s, timed out)
0.sledgehammer goal.by        42719ms Ordered_Resolution_Prover.FO_Ordered_Resolution 527:19582  some Preplay: (smt (cvc5, prereg_lazy) Collect_mono_iff insert_subset sup.bounded_iff) (> 1.0 s, timed out)
0.sledgehammer goal.by        42719ms Ordered_Resolution_Prover.FO_Ordered_Resolution 527:19582  some Preplay: (smt (cvc5, finite_mode_find) Collect_mono_iff insert_subset sup.bounded_iff) (> 1.0 s, timed out)
0.sledgehammer goal.by        42719ms Ordered_Resolution_Prover.FO_Ordered_Resolution 527:19582  some Preplay: (smt (cvc5, no_fmf_mbqi) Collect_mono_iff insert_subset sup.bounded_iff) (> 1.0 s, timed out)
0.sledgehammer goal.by        42719ms Ordered_Resolution_Prover.FO_Ordered_Resolution 527:19582  some Preplay: (smt (cvc5, finite_mode_find_dec_internal) Collect_mono_iff insert_subset sup.bounded_iff) (> 1.0 s, timed out)
0.sledgehammer goal.by        42719ms Ordered_Resolution_Prover.FO_Ordered_Resolution 527:19582  some Preplay: (smt (cvc5, finite_mode_find_macro_quant) Collect_mono_iff insert_subset sup.bounded_iff) (> 1.0 s, timed out)
0.sledgehammer goal.by        42719ms Ordered_Resolution_Prover.FO_Ordered_Resolution 527:19582  some Preplay: (smt (cvc5, finite_mode_find_e_matching) Collect_mono_iff insert_subset sup.bounded_iff) (> 1.0 s, timed out)
0.sledgehammer goal.by        42719ms Ordered_Resolution_Prover.FO_Ordered_Resolution 527:19582  some Preplay: (smt (cvc5, mbqi) Collect_mono_iff insert_subset sup.bounded_iff) (> 1.0 s, timed out)
0.sledgehammer goal.proof     14275ms Ordered_Resolution_Prover.FO_Ordered_Resolution 598:21688  timeout (SH 14275ms): Timed out
0.sledgehammer goal.using     14191ms Ordered_Resolution_Prover.FO_Ordered_Resolution 693:25409  timeout (SH 14190ms): Timed out
0.sledgehammer goal.by        16328ms Ordered_Resolution_Prover.FO_Ordered_Resolution 693:25423  timeout (SH 16328ms): Timed out
0.sledgehammer goal.using     13866ms Ordered_Resolution_Prover.FO_Ordered_Resolution 1064:39871  timeout (SH 13866ms): Timed out
0.sledgehammer goal.by        43309ms Ordered_Resolution_Prover.FO_Ordered_Resolution 1155:43309  some (SH 43309ms, ATP 1771ms): Try this: by (smt (cvc5) image_cong image_image image_image list.set_map multiset.set_map)
0.sledgehammer goal.by        43309ms Ordered_Resolution_Prover.FO_Ordered_Resolution 1155:43309  some Preplay: (smt (cvc5, best) image_cong image_image list.set_map multiset.set_map) (> 1.0 s, timed out)
0.sledgehammer goal.by        43309ms Ordered_Resolution_Prover.FO_Ordered_Resolution 1155:43309  some Preplay: (smt (cvc5, dec_internal_no_simp) image_cong image_image list.set_map multiset.set_map) (> 1.0 s, timed out)
0.sledgehammer goal.by        43309ms Ordered_Resolution_Prover.FO_Ordered_Resolution 1155:43309  some Preplay: (smt (cvc5, dec_internal_enum_inst_sum) image_cong image_image list.set_map multiset.set_map) (> 1.0 s, timed out)
0.sledgehammer goal.by        43309ms Ordered_Resolution_Prover.FO_Ordered_Resolution 1155:43309  some Preplay: (smt (cvc5, term_db_relevant) image_cong image_image list.set_map multiset.set_map) (> 1.0 s, timed out)
0.sledgehammer goal.by        43309ms Ordered_Resolution_Prover.FO_Ordered_Resolution 1155:43309  some Preplay: (smt (cvc5, interleave) image_cong image_image list.set_map multiset.set_map) (> 1.0 s, timed out)
0.sledgehammer goal.by        43309ms Ordered_Resolution_Prover.FO_Ordered_Resolution 1155:43309  some Preplay: (smt (cvc5, prereg_lazy) image_cong image_image list.set_map multiset.set_map) (> 1.0 s, timed out)
0.sledgehammer goal.by        43309ms Ordered_Resolution_Prover.FO_Ordered_Resolution 1155:43309  some Preplay: (smt (cvc5, finite_mode_find) image_cong image_image list.set_map multiset.set_map) (> 1.0 s, timed out)
0.sledgehammer goal.by        43309ms Ordered_Resolution_Prover.FO_Ordered_Resolution 1155:43309  some Preplay: (smt (cvc5, no_fmf_mbqi) image_cong image_image list.set_map multiset.set_map) (> 1.0 s, timed out)
0.sledgehammer goal.by        43309ms Ordered_Resolution_Prover.FO_Ordered_Resolution 1155:43309  some Preplay: (smt (cvc5, finite_mode_find_dec_internal) image_cong image_image list.set_map multiset.set_map) (> 1.0 s, timed out)
0.sledgehammer goal.by        43309ms Ordered_Resolution_Prover.FO_Ordered_Resolution 1155:43309  some Preplay: (smt (cvc5, finite_mode_find_macro_quant) image_cong image_image list.set_map multiset.set_map) (> 1.0 s, timed out)
0.sledgehammer goal.by        43309ms Ordered_Resolution_Prover.FO_Ordered_Resolution 1155:43309  some Preplay: (smt (cvc5, finite_mode_find_e_matching) image_cong image_image list.set_map multiset.set_map) (> 1.0 s, timed out)
0.sledgehammer goal.by        43309ms Ordered_Resolution_Prover.FO_Ordered_Resolution 1155:43309  some Preplay: (smt (cvc5, mbqi) image_cong image_image list.set_map multiset.set_map) (> 1.0 s, timed out)
0.sledgehammer goal.using     57101ms Ordered_Resolution_Prover.FO_Ordered_Resolution 1163:43677  timeout (SH 57101ms):
0.sledgehammer goal.by        53645ms Ordered_Resolution_Prover.FO_Ordered_Resolution 1164:43702  timeout (SH 53645ms):
0.sledgehammer goal.by        14113ms Ordered_Resolution_Prover.FO_Ordered_Resolution 1166:43857  timeout (SH 14113ms): Timed out
0.sledgehammer goal.proof     13610ms Ordered_Resolution_Prover.FO_Ordered_Resolution 1265:48072  timeout (SH 13610ms): Timed out
0.sledgehammer goal.using     54812ms Ordered_Resolution_Prover.FO_Ordered_Resolution 1269:48251  timeout (SH 54812ms):
0.sledgehammer goal.unfolding 13951ms Ordered_Resolution_Prover.FO_Ordered_Resolution 1346:51540  timeout (SH 13951ms): Timed out
0.sledgehammer goal.unfolding 13801ms Ordered_Resolution_Prover.FO_Ordered_Resolution_Prover 176:6358  timeout (SH 13801ms): Timed out
0.sledgehammer goal.using     15321ms Ordered_Resolution_Prover.FO_Ordered_Resolution_Prover 191:7065  timeout (SH 15320ms): Timed out
0.sledgehammer goal.using     23968ms Ordered_Resolution_Prover.FO_Ordered_Resolution_Prover 211:7836  some (SH 23968ms, ATP 143ms): Try this: by (smt (cvc5, dec_internal_enum_inst_sum) mem_Collect_eq standard_redundancy_criterion.Rf_def) (460 ms)
0.sledgehammer goal.using     23968ms Ordered_Resolution_Prover.FO_Ordered_Resolution_Prover 211:7836  some Preplay: (smt (cvc5, dec_internal_enum_inst_sum) mem_Collect_eq standard_redundancy_criterion.Rf_def) (460 ms)
0.sledgehammer goal.using     23968ms Ordered_Resolution_Prover.FO_Ordered_Resolution_Prover 211:7836  some Preplay: (smt (cvc5, best) mem_Collect_eq standard_redundancy_criterion.Rf_def) (487 ms)
0.sledgehammer goal.using     23968ms Ordered_Resolution_Prover.FO_Ordered_Resolution_Prover 211:7836  some Preplay: (smt (cvc5, term_db_relevant) mem_Collect_eq standard_redundancy_criterion.Rf_def) (508 ms)
0.sledgehammer goal.using     23968ms Ordered_Resolution_Prover.FO_Ordered_Resolution_Prover 211:7836  some Preplay: (smt (cvc5, dec_internal_no_simp) mem_Collect_eq standard_redundancy_criterion.Rf_def) (526 ms)
0.sledgehammer goal.using     23968ms Ordered_Resolution_Prover.FO_Ordered_Resolution_Prover 211:7836  some Preplay: (smt (cvc5, finite_mode_find) mem_Collect_eq standard_redundancy_criterion.Rf_def) (643 ms)
0.sledgehammer goal.using     23968ms Ordered_Resolution_Prover.FO_Ordered_Resolution_Prover 211:7836  some Preplay: (smt (cvc5, no_fmf_mbqi) mem_Collect_eq standard_redundancy_criterion.Rf_def) (648 ms)
0.sledgehammer goal.using     23968ms Ordered_Resolution_Prover.FO_Ordered_Resolution_Prover 211:7836  some Preplay: (smt (cvc5, prereg_lazy) mem_Collect_eq standard_redundancy_criterion.Rf_def) (881 ms)
0.sledgehammer goal.using     23968ms Ordered_Resolution_Prover.FO_Ordered_Resolution_Prover 211:7836  some Preplay: (smt (cvc5, finite_mode_find_e_matching) mem_Collect_eq standard_redundancy_criterion.Rf_def) (882 ms)
0.sledgehammer goal.using     23968ms Ordered_Resolution_Prover.FO_Ordered_Resolution_Prover 211:7836  some Preplay: (smt (cvc5, interleave) mem_Collect_eq standard_redundancy_criterion.Rf_def) (1.1 s)
0.sledgehammer goal.using     23968ms Ordered_Resolution_Prover.FO_Ordered_Resolution_Prover 211:7836  some Preplay: (smt (cvc5, mbqi) mem_Collect_eq standard_redundancy_criterion.Rf_def) (1.2 s)
0.sledgehammer goal.using     23968ms Ordered_Resolution_Prover.FO_Ordered_Resolution_Prover 211:7836  some Preplay: (smt (cvc5, finite_mode_find_dec_internal) mem_Collect_eq standard_redundancy_criterion.Rf_def) (1.6 s)
0.sledgehammer goal.using     23968ms Ordered_Resolution_Prover.FO_Ordered_Resolution_Prover 211:7836  some Preplay: (smt (cvc5, finite_mode_find_macro_quant) mem_Collect_eq standard_redundancy_criterion.Rf_def) (failed)
0.sledgehammer goal.using     54571ms Ordered_Resolution_Prover.FO_Ordered_Resolution_Prover 264:9520  timeout (SH 54571ms):
0.sledgehammer goal.unfolding 58548ms Ordered_Resolution_Prover.FO_Ordered_Resolution_Prover 264:9532  timeout (SH 58548ms):
0.sledgehammer goal.by        14652ms Ordered_Resolution_Prover.FO_Ordered_Resolution_Prover 272:9876  timeout (SH 14652ms): Timed out
0.sledgehammer goal.unfolding 154783ms Ordered_Resolution_Prover.FO_Ordered_Resolution_Prover 293:10438  some (SH 154782ms, ATP 1726ms): Try this: by (smt (cvc5, dec_internal_no_simp) Set.set_insert UnCI \<mu>_p assms(2) ground_subst_ground_cls grounding_of_cls_ground grounding_of_clss_insert grounding_of_subst_cls_subset insert_subset) (350 ms)
0.sledgehammer goal.unfolding 154783ms Ordered_Resolution_Prover.FO_Ordered_Resolution_Prover 293:10438  some Preplay: (smt (cvc5, dec_internal_no_simp) Set.set_insert UnCI \<mu>_p assms(2) ground_subst_ground_cls grounding_of_cls_ground grounding_of_clss_insert grounding_of_subst_cls_subset insert_subset) (350 ms)
0.sledgehammer goal.unfolding 154783ms Ordered_Resolution_Prover.FO_Ordered_Resolution_Prover 293:10438  some Preplay: (smt (cvc5, interleave) Set.set_insert UnCI \<mu>_p assms(2) ground_subst_ground_cls grounding_of_cls_ground grounding_of_clss_insert grounding_of_subst_cls_subset insert_subset) (390 ms)
0.sledgehammer goal.unfolding 154783ms Ordered_Resolution_Prover.FO_Ordered_Resolution_Prover 293:10438  some Preplay: (smt (cvc5, no_fmf_mbqi) Set.set_insert UnCI \<mu>_p assms(2) ground_subst_ground_cls grounding_of_cls_ground grounding_of_clss_insert grounding_of_clss_union grounding_of_subst_cls_subset insert_subset) (1.1 s)
0.sledgehammer goal.unfolding 154783ms Ordered_Resolution_Prover.FO_Ordered_Resolution_Prover 293:10438  some Preplay: (smt (cvc5, best) Set.set_insert UnCI \<mu>_p assms(2) ground_subst_ground_cls grounding_of_cls_ground grounding_of_clss_insert grounding_of_clss_union grounding_of_subst_cls_subset insert_subset) (1.2 s)
0.sledgehammer goal.unfolding 154783ms Ordered_Resolution_Prover.FO_Ordered_Resolution_Prover 293:10438  some Preplay: (smt (cvc5, term_db_relevant) Set.set_insert UnCI \<mu>_p assms(2) ground_subst_ground_cls grounding_of_cls_ground grounding_of_clss_insert grounding_of_clss_union grounding_of_subst_cls_subset insert_subset) (1.3 s)
0.sledgehammer goal.unfolding 154783ms Ordered_Resolution_Prover.FO_Ordered_Resolution_Prover 293:10438  some Preplay: (smt (cvc5, dec_internal_enum_inst_sum) Set.set_insert UnCI \<mu>_p assms(2) ground_subst_ground_cls grounding_of_cls_ground grounding_of_clss_insert grounding_of_clss_union grounding_of_subst_cls_subset insert_subset) (1.3 s)
0.sledgehammer goal.unfolding 154783ms Ordered_Resolution_Prover.FO_Ordered_Resolution_Prover 293:10438  some Preplay: (smt (cvc5, mbqi) Set.set_insert UnCI \<mu>_p assms(2) ground_subst_ground_cls grounding_of_cls_ground grounding_of_clss_insert grounding_of_clss_union grounding_of_subst_cls_subset insert_subset) (1.7 s)
0.sledgehammer goal.unfolding 154783ms Ordered_Resolution_Prover.FO_Ordered_Resolution_Prover 293:10438  some Preplay: (smt (cvc5, prereg_lazy) Set.set_insert UnCI \<mu>_p assms(2) ground_subst_ground_cls grounding_of_cls_ground grounding_of_clss_insert grounding_of_clss_union grounding_of_subst_cls_subset insert_subset) (> 1.0 s, timed out)
0.sledgehammer goal.unfolding 154783ms Ordered_Resolution_Prover.FO_Ordered_Resolution_Prover 293:10438  some Preplay: (smt (cvc5, finite_mode_find) Set.set_insert UnCI \<mu>_p assms(2) ground_subst_ground_cls grounding_of_cls_ground grounding_of_clss_insert grounding_of_clss_union grounding_of_subst_cls_subset insert_subset) (> 1.0 s, timed out)
0.sledgehammer goal.unfolding 154783ms Ordered_Resolution_Prover.FO_Ordered_Resolution_Prover 293:10438  some Preplay: (smt (cvc5, finite_mode_find_dec_internal) Set.set_insert UnCI \<mu>_p assms(2) ground_subst_ground_cls grounding_of_cls_ground grounding_of_clss_insert grounding_of_clss_union grounding_of_subst_cls_subset insert_subset) (> 1.0 s, timed out)
0.sledgehammer goal.unfolding 154783ms Ordered_Resolution_Prover.FO_Ordered_Resolution_Prover 293:10438  some Preplay: (smt (cvc5, finite_mode_find_macro_quant) Set.set_insert UnCI \<mu>_p assms(2) ground_subst_ground_cls grounding_of_cls_ground grounding_of_clss_insert grounding_of_clss_union grounding_of_subst_cls_subset insert_subset) (> 1.0 s, timed out)
0.sledgehammer goal.unfolding 154783ms Ordered_Resolution_Prover.FO_Ordered_Resolution_Prover 293:10438  some Preplay: (smt (cvc5, finite_mode_find_e_matching) Set.set_insert UnCI \<mu>_p assms(2) ground_subst_ground_cls grounding_of_cls_ground grounding_of_clss_insert grounding_of_clss_union grounding_of_subst_cls_subset insert_subset) (> 1.0 s, timed out)
0.sledgehammer goal.by        13993ms Ordered_Resolution_Prover.FO_Ordered_Resolution_Prover 294:10495  timeout (SH 13993ms): Timed out
0.sledgehammer goal.using     57409ms Ordered_Resolution_Prover.FO_Ordered_Resolution_Prover 325:12230  timeout (SH 57409ms):
0.sledgehammer goal.unfolding 56587ms Ordered_Resolution_Prover.FO_Ordered_Resolution_Prover 325:12259  timeout (SH 56587ms):
0.sledgehammer goal.using     62820ms Ordered_Resolution_Prover.FO_Ordered_Resolution_Prover 371:14068  timeout (SH 62820ms):
0.sledgehammer goal.using     55114ms Ordered_Resolution_Prover.FO_Ordered_Resolution_Prover 376:14269  timeout (SH 55114ms):
0.sledgehammer goal.unfolding 109764ms Ordered_Resolution_Prover.FO_Ordered_Resolution_Prover 377:14347  some (SH 109764ms, ATP 788ms): Try this: by (smt (cvc5, mbqi) N_of_state.simps P_of_state.simps Q_of_state.simps Un_iff grounding_of_clss_singleton grounding_of_clss_union sup_assoc sup_commute) (712 ms)
0.sledgehammer goal.unfolding 109764ms Ordered_Resolution_Prover.FO_Ordered_Resolution_Prover 377:14347  some Preplay: (smt (cvc5, mbqi) N_of_state.simps P_of_state.simps Q_of_state.simps Un_iff grounding_of_clss_singleton grounding_of_clss_union sup_assoc sup_commute) (712 ms)
0.sledgehammer goal.unfolding 109764ms Ordered_Resolution_Prover.FO_Ordered_Resolution_Prover 377:14347  some Preplay: (smt (cvc5, no_fmf_mbqi) N_of_state.simps P_of_state.simps Q_of_state.simps Un_iff grounding_of_clss_singleton grounding_of_clss_union sup_assoc sup_commute) (743 ms)
0.sledgehammer goal.unfolding 109764ms Ordered_Resolution_Prover.FO_Ordered_Resolution_Prover 377:14347  some Preplay: (smt (cvc5, best) N_of_state.simps P_of_state.simps Q_of_state.simps Un_iff grounding_of_clss_singleton grounding_of_clss_union sup_assoc sup_commute) (794 ms)
0.sledgehammer goal.unfolding 109764ms Ordered_Resolution_Prover.FO_Ordered_Resolution_Prover 377:14347  some Preplay: (smt (cvc5, finite_mode_find_dec_internal) N_of_state.simps P_of_state.simps Q_of_state.simps Un_iff grounding_of_clss_singleton grounding_of_clss_union sup_assoc sup_commute) (811 ms)
0.sledgehammer goal.unfolding 109764ms Ordered_Resolution_Prover.FO_Ordered_Resolution_Prover 377:14347  some Preplay: (smt (cvc5, interleave) N_of_state.simps P_of_state.simps Q_of_state.simps Un_iff grounding_of_clss_singleton grounding_of_clss_union sup_assoc sup_commute) (953 ms)
0.sledgehammer goal.unfolding 109764ms Ordered_Resolution_Prover.FO_Ordered_Resolution_Prover 377:14347  some Preplay: (smt (cvc5, dec_internal_enum_inst_sum) N_of_state.simps P_of_state.simps Q_of_state.simps Un_iff grounding_of_clss_singleton grounding_of_clss_union sup_assoc sup_commute) (991 ms)
0.sledgehammer goal.unfolding 109764ms Ordered_Resolution_Prover.FO_Ordered_Resolution_Prover 377:14347  some Preplay: (smt (cvc5, dec_internal_no_simp) N_of_state.simps P_of_state.simps Q_of_state.simps Un_iff grounding_of_clss_singleton grounding_of_clss_union sup_assoc sup_commute) (1.0 s)
0.sledgehammer goal.unfolding 109764ms Ordered_Resolution_Prover.FO_Ordered_Resolution_Prover 377:14347  some Preplay: (smt (cvc5, term_db_relevant) N_of_state.simps P_of_state.simps Q_of_state.simps Un_iff grounding_of_clss_singleton grounding_of_clss_union sup_assoc sup_commute) (1.2 s)
0.sledgehammer goal.unfolding 109764ms Ordered_Resolution_Prover.FO_Ordered_Resolution_Prover 377:14347  some Preplay: (smt (cvc5, finite_mode_find_macro_quant) N_of_state.simps P_of_state.simps Q_of_state.simps Un_iff grounding_of_clss_singleton grounding_of_clss_union sup_assoc sup_commute) (> 743 ms, timed out)
0.sledgehammer goal.unfolding 109764ms Ordered_Resolution_Prover.FO_Ordered_Resolution_Prover 377:14347  some Preplay: (smt (cvc5, finite_mode_find_e_matching) N_of_state.simps P_of_state.simps Q_of_state.simps Un_iff grounding_of_clss_singleton grounding_of_clss_union sup_assoc sup_commute) (> 743 ms, timed out)
0.sledgehammer goal.unfolding 109764ms Ordered_Resolution_Prover.FO_Ordered_Resolution_Prover 377:14347  some Preplay: (smt (cvc5, prereg_lazy) N_of_state.simps P_of_state.simps Q_of_state.simps Un_iff grounding_of_clss_singleton grounding_of_clss_union sup_assoc sup_commute) (> 794 ms, timed out)
0.sledgehammer goal.unfolding 109764ms Ordered_Resolution_Prover.FO_Ordered_Resolution_Prover 377:14347  some Preplay: (smt (cvc5, finite_mode_find) N_of_state.simps P_of_state.simps Q_of_state.simps Un_iff grounding_of_clss_singleton grounding_of_clss_union sup_assoc sup_commute) (> 794 ms, timed out)
0.sledgehammer goal.using     166994ms Ordered_Resolution_Prover.FO_Ordered_Resolution_Prover 381:14492  some (SH 166994ms, ATP 900ms): Try this: by (smt (cvc5, finite_mode_find_e_matching) N_of_state.simps P_of_state.simps Q_of_state.simps Un_iff derive_if_remove_subsumed grounding_of_clss_singleton grounding_of_clss_union strictly_subsumes_def sup_assoc) (706 ms)
0.sledgehammer goal.using     166994ms Ordered_Resolution_Prover.FO_Ordered_Resolution_Prover 381:14492  some Preplay: (smt (cvc5, finite_mode_find_e_matching) N_of_state.simps P_of_state.simps Q_of_state.simps Un_iff derive_if_remove_subsumed grounding_of_clss_singleton grounding_of_clss_union strictly_subsumes_def sup_assoc) (706 ms)
0.sledgehammer goal.using     166994ms Ordered_Resolution_Prover.FO_Ordered_Resolution_Prover 381:14492  some Preplay: (smt (cvc5, best) N_of_state.simps P_of_state.simps Q_of_state.simps Un_iff derive_if_remove_subsumed grounding_of_clss_singleton grounding_of_clss_union strictly_subsumes_def sup_assoc) (937 ms)
0.sledgehammer goal.using     166994ms Ordered_Resolution_Prover.FO_Ordered_Resolution_Prover 381:14492  some Preplay: (smt (cvc5, no_fmf_mbqi) N_of_state.simps P_of_state.simps Q_of_state.simps Un_iff derive_if_remove_subsumed grounding_of_clss_singleton grounding_of_clss_union strictly_subsumes_def sup_assoc) (1.0 s)
0.sledgehammer goal.using     166994ms Ordered_Resolution_Prover.FO_Ordered_Resolution_Prover 381:14492  some Preplay: (smt (cvc5, dec_internal_no_simp) N_of_state.simps P_of_state.simps Q_of_state.simps Un_iff derive_if_remove_subsumed grounding_of_clss_singleton grounding_of_clss_union strictly_subsumes_def sup_assoc) (1.0 s)
0.sledgehammer goal.using     166994ms Ordered_Resolution_Prover.FO_Ordered_Resolution_Prover 381:14492  some Preplay: (smt (cvc5, finite_mode_find_dec_internal) N_of_state.simps P_of_state.simps Q_of_state.simps Un_iff derive_if_remove_subsumed grounding_of_clss_singleton grounding_of_clss_union strictly_subsumes_def sup_assoc) (1.0 s)
0.sledgehammer goal.using     166994ms Ordered_Resolution_Prover.FO_Ordered_Resolution_Prover 381:14492  some Preplay: (smt (cvc5, dec_internal_enum_inst_sum) N_of_state.simps P_of_state.simps Q_of_state.simps Un_iff derive_if_remove_subsumed grounding_of_clss_singleton grounding_of_clss_union strictly_subsumes_def sup_assoc) (1.1 s)
0.sledgehammer goal.using     166994ms Ordered_Resolution_Prover.FO_Ordered_Resolution_Prover 381:14492  some Preplay: (smt (cvc5, term_db_relevant) N_of_state.simps P_of_state.simps Q_of_state.simps Un_iff derive_if_remove_subsumed grounding_of_clss_singleton grounding_of_clss_union strictly_subsumes_def sup_assoc) (1.2 s)
0.sledgehammer goal.using     166994ms Ordered_Resolution_Prover.FO_Ordered_Resolution_Prover 381:14492  some Preplay: (smt (cvc5, finite_mode_find) N_of_state.simps P_of_state.simps Q_of_state.simps Un_iff derive_if_remove_subsumed grounding_of_clss_singleton grounding_of_clss_union strictly_subsumes_def sup_assoc) (1.4 s)
0.sledgehammer goal.using     166994ms Ordered_Resolution_Prover.FO_Ordered_Resolution_Prover 381:14492  some Preplay: (smt (cvc5, finite_mode_find_macro_quant) N_of_state.simps P_of_state.simps Q_of_state.simps Un_iff derive_if_remove_subsumed grounding_of_clss_singleton grounding_of_clss_union strictly_subsumes_def sup_assoc) (1.7 s)
0.sledgehammer goal.using     166994ms Ordered_Resolution_Prover.FO_Ordered_Resolution_Prover 381:14492  some Preplay: (smt (cvc5, interleave) N_of_state.simps P_of_state.simps Q_of_state.simps Un_iff derive_if_remove_subsumed grounding_of_clss_singleton grounding_of_clss_union strictly_subsumes_def sup_assoc) (1.8 s)
0.sledgehammer goal.using     166994ms Ordered_Resolution_Prover.FO_Ordered_Resolution_Prover 381:14492  some Preplay: (smt (cvc5, mbqi) N_of_state.simps P_of_state.simps Q_of_state.simps Un_iff derive_if_remove_subsumed grounding_of_clss_singleton grounding_of_clss_union strictly_subsumes_def sup_assoc) (> 706 ms, timed out)
0.sledgehammer goal.using     166994ms Ordered_Resolution_Prover.FO_Ordered_Resolution_Prover 381:14492  some Preplay: (smt (cvc5, prereg_lazy) N_of_state.simps P_of_state.simps Q_of_state.simps Un_iff derive_if_remove_subsumed grounding_of_clss_singleton grounding_of_clss_union strictly_subsumes_def sup_assoc) (> 937 ms, timed out)
0.sledgehammer goal.using     75574ms Ordered_Resolution_Prover.FO_Ordered_Resolution_Prover 390:14846  some (SH 75574ms, ATP 1266ms): Try this: by (smt (cvc5, dec_internal_enum_inst_sum) N_of_state.simps P_of_state.simps Q_of_state.simps Un_assoc Un_commute Un_iff Un_left_commute reduction_derivable) (366 ms)
0.sledgehammer goal.using     75574ms Ordered_Resolution_Prover.FO_Ordered_Resolution_Prover 390:14846  some Preplay: (smt (cvc5, dec_internal_enum_inst_sum) N_of_state.simps P_of_state.simps Q_of_state.simps Un_assoc Un_commute Un_iff Un_left_commute reduction_derivable) (366 ms)
0.sledgehammer goal.using     75574ms Ordered_Resolution_Prover.FO_Ordered_Resolution_Prover 390:14846  some Preplay: (smt (cvc5, term_db_relevant) N_of_state.simps P_of_state.simps Q_of_state.simps Un_assoc Un_commute Un_iff Un_left_commute reduction_derivable) (394 ms)
0.sledgehammer goal.using     75574ms Ordered_Resolution_Prover.FO_Ordered_Resolution_Prover 390:14846  some Preplay: (smt (cvc5, dec_internal_no_simp) N_of_state.simps P_of_state.simps Q_of_state.simps Un_commute Un_iff Un_left_commute reduction_derivable) (567 ms)
0.sledgehammer goal.using     75574ms Ordered_Resolution_Prover.FO_Ordered_Resolution_Prover 390:14846  some Preplay: (smt (cvc5, best) N_of_state.simps P_of_state.simps Q_of_state.simps Un_commute Un_iff Un_left_commute reduction_derivable) (630 ms)
0.sledgehammer goal.using     75574ms Ordered_Resolution_Prover.FO_Ordered_Resolution_Prover 390:14846  some Preplay: (smt (cvc5, interleave) N_of_state.simps P_of_state.simps Q_of_state.simps Un_absorb Un_assoc Un_commute Un_iff Un_left_commute reduction_derivable) (> 632 ms, timed out)
0.sledgehammer goal.using     75574ms Ordered_Resolution_Prover.FO_Ordered_Resolution_Prover 390:14846  some Preplay: (smt (cvc5, prereg_lazy) N_of_state.simps P_of_state.simps Q_of_state.simps Un_absorb Un_assoc Un_commute Un_iff Un_left_commute reduction_derivable) (> 632 ms, timed out)
0.sledgehammer goal.using     75574ms Ordered_Resolution_Prover.FO_Ordered_Resolution_Prover 390:14846  some Preplay: (smt (cvc5, finite_mode_find) N_of_state.simps P_of_state.simps Q_of_state.simps Un_absorb Un_assoc Un_commute Un_iff Un_left_commute reduction_derivable) (> 632 ms, timed out)
0.sledgehammer goal.using     75574ms Ordered_Resolution_Prover.FO_Ordered_Resolution_Prover 390:14846  some Preplay: (smt (cvc5, no_fmf_mbqi) N_of_state.simps P_of_state.simps Q_of_state.simps Un_absorb Un_assoc Un_commute Un_iff Un_left_commute reduction_derivable) (> 632 ms, timed out)
0.sledgehammer goal.using     75574ms Ordered_Resolution_Prover.FO_Ordered_Resolution_Prover 390:14846  some Preplay: (smt (cvc5, finite_mode_find_dec_internal) N_of_state.simps P_of_state.simps Q_of_state.simps Un_absorb Un_assoc Un_commute Un_iff Un_left_commute reduction_derivable) (> 632 ms, timed out)
0.sledgehammer goal.using     75574ms Ordered_Resolution_Prover.FO_Ordered_Resolution_Prover 390:14846  some Preplay: (smt (cvc5, finite_mode_find_macro_quant) N_of_state.simps P_of_state.simps Q_of_state.simps Un_absorb Un_assoc Un_commute Un_iff Un_left_commute reduction_derivable) (> 632 ms, timed out)
0.sledgehammer goal.using     75574ms Ordered_Resolution_Prover.FO_Ordered_Resolution_Prover 390:14846  some Preplay: (smt (cvc5, finite_mode_find_e_matching) N_of_state.simps P_of_state.simps Q_of_state.simps Un_absorb Un_assoc Un_commute Un_iff Un_left_commute reduction_derivable) (> 632 ms, timed out)
0.sledgehammer goal.using     75574ms Ordered_Resolution_Prover.FO_Ordered_Resolution_Prover 390:14846  some Preplay: (smt (cvc5, mbqi) N_of_state.simps P_of_state.simps Q_of_state.simps Un_absorb Un_assoc Un_commute Un_iff Un_left_commute reduction_derivable) (> 632 ms, timed out)
0.sledgehammer goal.using     14141ms Ordered_Resolution_Prover.FO_Ordered_Resolution_Prover 394:14975  timeout (SH 14141ms): Timed out
0.sledgehammer goal.unfolding 58734ms Ordered_Resolution_Prover.FO_Ordered_Resolution_Prover 414:15805  some (SH 58734ms, ATP 1655ms): Try this: by (smt (cvc5, mbqi) inference.sel(3) mem_Collect_eq ord_FO_\<Gamma>_def) (400 ms)
0.sledgehammer goal.unfolding 58734ms Ordered_Resolution_Prover.FO_Ordered_Resolution_Prover 414:15805  some Preplay: (smt (cvc5, mbqi) inference.sel(3) mem_Collect_eq ord_FO_\<Gamma>_def) (400 ms)
0.sledgehammer goal.unfolding 58734ms Ordered_Resolution_Prover.FO_Ordered_Resolution_Prover 414:15805  some Preplay: (smt (cvc5, finite_mode_find) inference.sel(3) mem_Collect_eq ord_FO_\<Gamma>_def) (446 ms)
0.sledgehammer goal.unfolding 58734ms Ordered_Resolution_Prover.FO_Ordered_Resolution_Prover 414:15805  some Preplay: (smt (cvc5, term_db_relevant) inference.sel(3) mem_Collect_eq ord_FO_\<Gamma>_def) (889 ms)
0.sledgehammer goal.unfolding 58734ms Ordered_Resolution_Prover.FO_Ordered_Resolution_Prover 414:15805  some Preplay: (smt (cvc5, dec_internal_enum_inst_sum) inference.sel(3) mem_Collect_eq ord_FO_\<Gamma>_def) (896 ms)
0.sledgehammer goal.unfolding 58734ms Ordered_Resolution_Prover.FO_Ordered_Resolution_Prover 414:15805  some Preplay: (smt (cvc5, best) inference.sel(3) mem_Collect_eq ord_FO_\<Gamma>_def) (1.1 s)
0.sledgehammer goal.unfolding 58734ms Ordered_Resolution_Prover.FO_Ordered_Resolution_Prover 414:15805  some Preplay: (smt (cvc5, prereg_lazy) inference.sel(3) mem_Collect_eq ord_FO_\<Gamma>_def) (1.3 s)
0.sledgehammer goal.unfolding 58734ms Ordered_Resolution_Prover.FO_Ordered_Resolution_Prover 414:15805  some Preplay: (smt (cvc5, dec_internal_no_simp) inference.sel(3) mem_Collect_eq ord_FO_\<Gamma>_def) (1.7 s)
0.sledgehammer goal.unfolding 58734ms Ordered_Resolution_Prover.FO_Ordered_Resolution_Prover 414:15805  some Preplay: (smt (cvc5, interleave) inference.sel(3) mem_Collect_eq ord_FO_\<Gamma>_def) (1.7 s)
0.sledgehammer goal.unfolding 58734ms Ordered_Resolution_Prover.FO_Ordered_Resolution_Prover 414:15805  some Preplay: (smt (cvc5, no_fmf_mbqi) inference.sel(3) mem_Collect_eq ord_FO_\<Gamma>_def) (> 446 ms, timed out)
0.sledgehammer goal.unfolding 58734ms Ordered_Resolution_Prover.FO_Ordered_Resolution_Prover 414:15805  some Preplay: (smt (cvc5, finite_mode_find_dec_internal) inference.sel(3) mem_Collect_eq ord_FO_\<Gamma>_def) (> 446 ms, timed out)
0.sledgehammer goal.unfolding 58734ms Ordered_Resolution_Prover.FO_Ordered_Resolution_Prover 414:15805  some Preplay: (smt (cvc5, finite_mode_find_e_matching) inference.sel(3) mem_Collect_eq ord_FO_\<Gamma>_def) (> 446 ms, timed out)
0.sledgehammer goal.unfolding 58734ms Ordered_Resolution_Prover.FO_Ordered_Resolution_Prover 414:15805  some Preplay: (smt (cvc5, finite_mode_find_macro_quant) inference.sel(3) mem_Collect_eq ord_FO_\<Gamma>_def) (failed)
0.sledgehammer goal.using     57656ms Ordered_Resolution_Prover.FO_Ordered_Resolution_Prover 432:16763  timeout (SH 57656ms):
0.sledgehammer goal.unfolding 54090ms Ordered_Resolution_Prover.FO_Ordered_Resolution_Prover 433:16783  timeout (SH 54090ms):
0.sledgehammer goal.using     13344ms Ordered_Resolution_Prover.FO_Ordered_Resolution_Prover 448:17542  timeout (SH 13344ms): Timed out
0.sledgehammer goal.unfolding 14331ms Ordered_Resolution_Prover.FO_Ordered_Resolution_Prover 448:17557  timeout (SH 14331ms): Timed out
0.sledgehammer goal.apply     14424ms Ordered_Resolution_Prover.FO_Ordered_Resolution_Prover 460:18192  timeout (SH 14424ms): Timed out
0.sledgehammer goal.apply     15353ms Ordered_Resolution_Prover.FO_Ordered_Resolution_Prover 461:18224  timeout (SH 15353ms): Timed out
0.sledgehammer goal.apply     15193ms Ordered_Resolution_Prover.FO_Ordered_Resolution_Prover 467:18473  timeout (SH 15192ms): Timed out
0.sledgehammer goal.apply     15344ms Ordered_Resolution_Prover.FO_Ordered_Resolution_Prover 470:18575  timeout (SH 15343ms): Timed out
0.sledgehammer goal.unfolding 55433ms Ordered_Resolution_Prover.FO_Ordered_Resolution_Prover 487:19505  timeout (SH 55433ms):
0.sledgehammer goal.by        14130ms Ordered_Resolution_Prover.FO_Ordered_Resolution_Prover 487:19550  timeout (SH 14129ms): Timed out
0.sledgehammer goal.using     14104ms Ordered_Resolution_Prover.FO_Ordered_Resolution_Prover 493:19803  timeout (SH 14104ms): Timed out
0.sledgehammer goal.by        60233ms Ordered_Resolution_Prover.FO_Ordered_Resolution_Prover 493:19822  some (SH 60233ms, ATP 1843ms): Try this: by (smt (cvc5, mbqi) inference.sel(3) mem_Collect_eq setcompr_eq_image) (709 ms)
0.sledgehammer goal.by        60233ms Ordered_Resolution_Prover.FO_Ordered_Resolution_Prover 493:19822  some Preplay: (smt (cvc5, mbqi) inference.sel(3) mem_Collect_eq setcompr_eq_image) (709 ms)
0.sledgehammer goal.by        60233ms Ordered_Resolution_Prover.FO_Ordered_Resolution_Prover 493:19822  some Preplay: (smt (cvc5, no_fmf_mbqi) inference.sel(3) mem_Collect_eq setcompr_eq_image) (836 ms)
0.sledgehammer goal.by        60233ms Ordered_Resolution_Prover.FO_Ordered_Resolution_Prover 493:19822  some Preplay: (smt (cvc5, dec_internal_no_simp) inference.sel(3) mem_Collect_eq setcompr_eq_image) (842 ms)
0.sledgehammer goal.by        60233ms Ordered_Resolution_Prover.FO_Ordered_Resolution_Prover 493:19822  some Preplay: (smt (cvc5, best) inference.sel(3) mem_Collect_eq setcompr_eq_image) (904 ms)
0.sledgehammer goal.by        60233ms Ordered_Resolution_Prover.FO_Ordered_Resolution_Prover 493:19822  some Preplay: (smt (cvc5, finite_mode_find_dec_internal) inference.sel(3) mem_Collect_eq setcompr_eq_image) (1.5 s)
0.sledgehammer goal.by        60233ms Ordered_Resolution_Prover.FO_Ordered_Resolution_Prover 493:19822  some Preplay: (smt (cvc5, dec_internal_enum_inst_sum) inference.sel(3) mem_Collect_eq setcompr_eq_image) (1.6 s)
0.sledgehammer goal.by        60233ms Ordered_Resolution_Prover.FO_Ordered_Resolution_Prover 493:19822  some Preplay: (smt (cvc5, finite_mode_find_e_matching) inference.sel(3) mem_Collect_eq setcompr_eq_image) (1.6 s)
0.sledgehammer goal.by        60233ms Ordered_Resolution_Prover.FO_Ordered_Resolution_Prover 493:19822  some Preplay: (smt (cvc5, term_db_relevant) inference.sel(3) mem_Collect_eq setcompr_eq_image) (1.6 s)
0.sledgehammer goal.by        60233ms Ordered_Resolution_Prover.FO_Ordered_Resolution_Prover 493:19822  some Preplay: (smt (cvc5, finite_mode_find) inference.sel(3) mem_Collect_eq setcompr_eq_image) (2.0 s)
0.sledgehammer goal.by        60233ms Ordered_Resolution_Prover.FO_Ordered_Resolution_Prover 493:19822  some Preplay: (smt (cvc5, prereg_lazy) inference.sel(3) mem_Collect_eq setcompr_eq_image) (2.5 s)
0.sledgehammer goal.by        60233ms Ordered_Resolution_Prover.FO_Ordered_Resolution_Prover 493:19822  some Preplay: (smt (cvc5, interleave) inference.sel(3) mem_Collect_eq setcompr_eq_image) (> 842 ms, timed out)
0.sledgehammer goal.by        60233ms Ordered_Resolution_Prover.FO_Ordered_Resolution_Prover 493:19822  some Preplay: (smt (cvc5, finite_mode_find_macro_quant) inference.sel(3) mem_Collect_eq setcompr_eq_image) (failed)
0.sledgehammer goal.unfolding 55342ms Ordered_Resolution_Prover.FO_Ordered_Resolution_Prover 499:20190  timeout (SH 55342ms):
0.sledgehammer goal.using     14902ms Ordered_Resolution_Prover.FO_Ordered_Resolution_Prover 1275:49758  timeout (SH 14902ms): Timed out
0.sledgehammer goal.using     16253ms Ordered_Resolution_Prover.FO_Ordered_Resolution_Prover 1302:51275  timeout (SH 16253ms): Timed out
0.sledgehammer goal.by        15550ms Ordered_Resolution_Prover.FO_Ordered_Resolution_Prover 1302:51293  timeout (SH 15550ms): Timed out
0.sledgehammer finalize   Total number of sledgehammer calls: 101
0.sledgehammer finalize   Number of successful sledgehammer calls: 27
0.sledgehammer finalize   Number of sledgehammer lemmas: 170
0.sledgehammer finalize   Max number of sledgehammer lemmas: 16
0.sledgehammer finalize   Success rate: 26.7%
0.sledgehammer finalize   Total number of nontrivial sledgehammer calls: 101
0.sledgehammer finalize   Number of successful nontrivial sledgehammer calls: 27
0.sledgehammer finalize   Total time for sledgehammer calls (Isabelle): 3861.050
0.sledgehammer finalize   Total time for successful sledgehammer calls (ATP): 29.730
0.sledgehammer finalize   Average time for sledgehammer calls (Isabelle): 38.228
0.sledgehammer finalize   Average time for successful sledgehammer calls (ATP): 1.101
