0.sledgehammer initialize Params for sledgehammer: {abduce = SOME 0, cache_dir = NONE, compress = NONE, debug = true, expect =
0.sledgehammer initialize  "", fact_filter = NONE, fact_thresholds = (0.45, 0.85), falsify =
0.sledgehammer initialize  SOME false, induction_rules = NONE, instantiate = NONE, isar_proofs = NONE,
0.sledgehammer initialize  lam_trans = NONE, learn = true, max_facts = NONE, max_mono_iters = NONE,
0.sledgehammer initialize  max_new_mono_instances = NONE, max_proofs = 4, minimize = true, overlord =
0.sledgehammer initialize  false, preplay_timeout = 0.000, provers = ["cvc5_proof"], slices = 192,
0.sledgehammer initialize  smt_proofs = true, spy = false, strict = false, timeout = 30.000, try0 =
0.sledgehammer initialize  false, type_enc = NONE, uncurried_aliases = NONE, verbose = true}
0.sledgehammer goal.by        18755ms Matrix_Tensor.Matrix_Tensor 46:1094  timeout (SH 18687ms): Timed out
0.sledgehammer goal.by         5707ms Matrix_Tensor.Matrix_Tensor 49:1179  some (SH 5706ms, ATP 1280ms): Try this: by (smt (cvc5) right_id times.simps(1,2))
0.sledgehammer goal.by        21353ms Matrix_Tensor.Matrix_Tensor 52:1262  timeout (SH 21353ms): Timed out
0.sledgehammer goal.by         7087ms Matrix_Tensor.Matrix_Tensor 68:1785  some (SH 7086ms, ATP 1918ms): Try this: by (smt (cvc5) append_self_conv times_scalar_id vec_vec_Tensor.simps(1,2))
0.sledgehammer goal.by        19675ms Matrix_Tensor.Matrix_Tensor 71:1885  timeout (SH 19674ms): Timed out
0.sledgehammer goal.by        20100ms Matrix_Tensor.Matrix_Tensor 75:2016  timeout (SH 20099ms): Timed out
0.sledgehammer goal.apply      7041ms Matrix_Tensor.Matrix_Tensor 79:2159  some (SH 7040ms, ATP 1990ms): Try this: by (smt (cvc5) assms(1,2) vec_def vec_vec_Tensor_length)
0.sledgehammer goal.apply      4390ms Matrix_Tensor.Matrix_Tensor 80:2184  some (SH 4390ms, ATP 1236ms): Try this: by (smt (cvc5) assms(1,2) vec_def vec_vec_Tensor_length)
0.sledgehammer goal.apply      2774ms Matrix_Tensor.Matrix_Tensor 81:2223  some (SH 2773ms, ATP 779ms): Try this: by (smt (cvc5) assms(1,2) vec_def)
0.sledgehammer goal.by        18953ms Matrix_Tensor.Matrix_Tensor 100:2791  timeout (SH 18953ms): Timed out
0.sledgehammer goal.by         5469ms Matrix_Tensor.Matrix_Tensor 103:2906  some (SH 5468ms, ATP 2272ms): Try this: by (smt (cvc5) vec_mat_Tensor.simps(1,2) vec_vec_Tensor_right_id)
0.sledgehammer goal.by        21220ms Matrix_Tensor.Matrix_Tensor 107:3025  timeout (SH 21219ms): Timed out
0.sledgehammer goal.proof     19747ms Matrix_Tensor.Matrix_Tensor 113:3190  some (SH 19746ms, ATP 2536ms): Try this: by (smt (cvc5) assms(1,2,3) list.sel(1) list.set_intros(1) mat_def mult.commute vec_def vec_mat_Tensor.simps(2) vec_vec_Tensor_length)
0.sledgehammer goal.using      3851ms Matrix_Tensor.Matrix_Tensor 115:3283  some (SH 3851ms, ATP 1864ms): Try this: by (smt (cvc5) vec_mat_Tensor.simps(2))
0.sledgehammer goal.by         4213ms Matrix_Tensor.Matrix_Tensor 115:3314  some (SH 4212ms, ATP 1561ms): Try this: by (smt (cvc5) vec_mat_Tensor.simps(2))
0.sledgehammer goal.using      4928ms Matrix_Tensor.Matrix_Tensor 116:3360  some (SH 4928ms, ATP 1561ms): Try this: by (smt (cvc5) assms(3) calculation list.inject)
0.sledgehammer goal.by         3968ms Matrix_Tensor.Matrix_Tensor 116:3372  some (SH 3967ms, ATP 2036ms): Try this: by (smt (cvc5) calculation list.inject)
0.sledgehammer goal.using      9044ms Matrix_Tensor.Matrix_Tensor 118:3410  some (SH 9043ms, ATP 2149ms): Try this: by (smt (cvc5) assms(1) list.set_intros(1) mat_def vec_def)
0.sledgehammer goal.by        10415ms Matrix_Tensor.Matrix_Tensor 118:3422  some (SH 10414ms, ATP 2213ms): Try this: by (smt (cvc5) list.set_intros(1) mat_def vec_def)
0.sledgehammer goal.using      6501ms Matrix_Tensor.Matrix_Tensor 121:3517  some (SH 6500ms, ATP 2113ms): Try this: by (smt (cvc5) assms(2) mult.commute vec_vec_Tensor_length)
0.sledgehammer goal.by         8313ms Matrix_Tensor.Matrix_Tensor 121:3552  some (SH 8312ms, ATP 1812ms): Try this: by (smt (cvc5) mult.commute)
0.sledgehammer goal.by         5227ms Matrix_Tensor.Matrix_Tensor 123:3598  some (SH 5226ms, ATP 1890ms): Try this: by (smt (cvc5) \<open>vec_vec_Tensor v y = x\<close>)
0.sledgehammer goal.using      5506ms Matrix_Tensor.Matrix_Tensor 125:3673  some (SH 5506ms, ATP 1832ms): Try this: by (smt (cvc5) vec_def)
0.sledgehammer goal.by         4358ms Matrix_Tensor.Matrix_Tensor 125:3687  some (SH 4356ms, ATP 1454ms): Try this: by (smt (cvc5))
0.sledgehammer goal.by         3952ms Matrix_Tensor.Matrix_Tensor 127:3723  some (SH 3950ms, ATP 1268ms): Try this: by (smt (cvc5))
0.sledgehammer goal.using      4303ms Matrix_Tensor.Matrix_Tensor 135:3864  some (SH 4302ms, ATP 983ms): Try this: by (smt (cvc5) assms(3) in_set_conv_decomp)
0.sledgehammer goal.by         4360ms Matrix_Tensor.Matrix_Tensor 135:3903  some (SH 4359ms, ATP 1854ms): Try this: by (smt (cvc5))
0.sledgehammer goal.apply     19377ms Matrix_Tensor.Matrix_Tensor 145:4080  some (SH 19376ms, ATP 1014ms): Try this: by (smt (cvc5) One_nat_def assms list.exhaust list.size(4) reduct.simps(2))
0.sledgehammer goal.by        10087ms Matrix_Tensor.Matrix_Tensor 146:4093  some (SH 10085ms, ATP 3123ms): Try this: by (smt (cvc5) One_nat_def add.commute append_Nil assms id_take_nth_drop length_greater_0_conv list.size(4) plus_1_eq_Suc reduct.simps(2) take0)
0.sledgehammer goal.proof      7567ms Matrix_Tensor.Matrix_Tensor 150:4260  some (SH 7566ms, ATP 681ms): Try this: by (smt (cvc5) assms(1,2) list.size(3) mat_def)
0.sledgehammer goal.using      7152ms Matrix_Tensor.Matrix_Tensor 151:4291  some (SH 7151ms, ATP 1852ms): Try this: by (smt (cvc5) assms(1) mat_def)
0.sledgehammer goal.by         5099ms Matrix_Tensor.Matrix_Tensor 151:4311  some (SH 5099ms, ATP 1583ms): Try this: by (smt (cvc5))
0.sledgehammer goal.using      4787ms Matrix_Tensor.Matrix_Tensor 153:4349  some (SH 4787ms, ATP 665ms): Try this: by (smt (cvc5) assms(2) list.size(3))
0.sledgehammer goal.by         3372ms Matrix_Tensor.Matrix_Tensor 153:4361  some (SH 3370ms, ATP 501ms): Try this: by (smt (cvc5) list.size(3))
0.sledgehammer goal.by         3485ms Matrix_Tensor.Matrix_Tensor 155:4397  some (SH 3484ms, ATP 504ms): Try this: by (smt (cvc5))
0.sledgehammer goal.using      8155ms Matrix_Tensor.Matrix_Tensor 162:4489  some (SH 8154ms, ATP 1601ms): Try this: by (smt (cvc5) assms(1,2) vec_def)
0.sledgehammer goal.by         7674ms Matrix_Tensor.Matrix_Tensor 162:4522  some (SH 7674ms, ATP 1833ms): Try this: by (smt (cvc5))
0.sledgehammer goal.proof     13440ms Matrix_Tensor.Matrix_Tensor 168:4663  some (SH 13439ms, ATP 296ms): Try this: by (smt (cvc5) assms(1,2) mat_def vec_uniqueness)
0.sledgehammer goal.using      7556ms Matrix_Tensor.Matrix_Tensor 169:4690  some (SH 7555ms, ATP 882ms): Try this: by (smt (cvc5) assms(3,4) list.set_sel(1))
0.sledgehammer goal.by         3576ms Matrix_Tensor.Matrix_Tensor 170:4751  some (SH 3575ms, ATP 1786ms): Try this: by (smt (cvc5) list.set_sel(1))
0.sledgehammer goal.using      4022ms Matrix_Tensor.Matrix_Tensor 171:4803  some (SH 4022ms, ATP 1590ms): Try this: by (smt (cvc5) assms(1) mat_def)
0.sledgehammer goal.by         4304ms Matrix_Tensor.Matrix_Tensor 171:4826  some (SH 4303ms, ATP 2109ms): Try this: by (smt (cvc5))
0.sledgehammer goal.using      4083ms Matrix_Tensor.Matrix_Tensor 172:4885  some (SH 4082ms, ATP 1747ms): Try this: by (smt (cvc5))
0.sledgehammer goal.by         3657ms Matrix_Tensor.Matrix_Tensor 172:4906  some (SH 3656ms, ATP 1840ms): Try this: by (smt (cvc5))
0.sledgehammer goal.using      4590ms Matrix_Tensor.Matrix_Tensor 173:4945  some (SH 4590ms, ATP 1954ms): Try this: by (smt (cvc5) assms(2) mat_def)
0.sledgehammer goal.by         3971ms Matrix_Tensor.Matrix_Tensor 173:4968  some (SH 3970ms, ATP 1771ms): Try this: by (smt (cvc5))
0.sledgehammer goal.using      4155ms Matrix_Tensor.Matrix_Tensor 174:5026  some (SH 4153ms, ATP 1576ms): Try this: by (smt (cvc5))
0.sledgehammer goal.by         3459ms Matrix_Tensor.Matrix_Tensor 174:5047  some (SH 3458ms, ATP 1541ms): Try this: by (smt (cvc5))
0.sledgehammer goal.by         4183ms Matrix_Tensor.Matrix_Tensor 177:5144  some (SH 4182ms, ATP 1598ms): Try this: by (smt (cvc5) \<open>Ball (set M) (vec nr1)\<close> \<open>Ball (set M) (vec nr2)\<close>)
0.sledgehammer goal.using      4620ms Matrix_Tensor.Matrix_Tensor 178:5254  some (SH 4619ms, ATP 1901ms): Try this: by (smt (cvc5) vec_uniqueness)
0.sledgehammer goal.by         4811ms Matrix_Tensor.Matrix_Tensor 178:5275  some (SH 4810ms, ATP 2516ms): Try this: by (smt (cvc5))
0.sledgehammer goal.by         3978ms Matrix_Tensor.Matrix_Tensor 180:5343  some (SH 3977ms, ATP 1665ms): Try this: by (smt (cvc5) vec_uniqueness)
0.sledgehammer goal.by         4529ms Matrix_Tensor.Matrix_Tensor 182:5411  some (SH 4528ms, ATP 2309ms): Try this: by (smt (cvc5))
0.sledgehammer goal.by         3978ms Matrix_Tensor.Matrix_Tensor 184:5445  some (SH 3977ms, ATP 1600ms): Try this: by (smt (cvc5))
0.sledgehammer goal.proof     16422ms Matrix_Tensor.Matrix_Tensor 190:5543  some (SH 16421ms, ATP 3866ms): Try this: by (smt (cvc5) assms(1,2) bot_nat_0.not_eq_extremum length_0_conv less_eq_mask less_imp_le_nat mask_0 mat_def sub_mat)
0.sledgehammer goal.using      3063ms Matrix_Tensor.Matrix_Tensor 191:5569  some (SH 3063ms, ATP 687ms): Try this: by (smt (cvc5) assms(2) empty_set)
0.sledgehammer goal.by         3723ms Matrix_Tensor.Matrix_Tensor 191:5601  some (SH 3722ms, ATP 1664ms): Try this: by (smt (cvc5))
0.sledgehammer goal.using      4091ms Matrix_Tensor.Matrix_Tensor 192:5643  some (SH 4089ms, ATP 667ms): Try this: by (smt (cvc5) ball_empty)
0.sledgehammer goal.by         3982ms Matrix_Tensor.Matrix_Tensor 192:5658  some (SH 3980ms, ATP 747ms): Try this: by (smt (cvc5) ball_empty)
0.sledgehammer goal.using      4778ms Matrix_Tensor.Matrix_Tensor 194:5693  some (SH 4776ms, ATP 2327ms): Try this: by (smt (cvc5) assms(1) mat_def)
0.sledgehammer goal.by         4307ms Matrix_Tensor.Matrix_Tensor 194:5717  some (SH 4305ms, ATP 2371ms): Try this: by (smt (cvc5) mat_def)
0.sledgehammer goal.by         4464ms Matrix_Tensor.Matrix_Tensor 195:5759  some (SH 4463ms, ATP 1689ms): Try this: by (smt (cvc5))
0.sledgehammer goal.by         6037ms Matrix_Tensor.Matrix_Tensor 203:5880  some (SH 6035ms, ATP 755ms): Try this: by (smt (cvc5))
0.sledgehammer goal.using     11286ms Matrix_Tensor.Matrix_Tensor 205:5921  some (SH 11285ms, ATP 237ms): Try this: by (smt (cvc5) empty_iff list.set(1) list.size(3) mat_def)
0.sledgehammer goal.by        11345ms Matrix_Tensor.Matrix_Tensor 206:5989  some (SH 11343ms, ATP 1260ms): Try this: by (smt (cvc5) empty_iff list.set(1))
0.sledgehammer goal.using      5214ms Matrix_Tensor.Matrix_Tensor 217:6287  some (SH 5213ms, ATP 2003ms): Try this: by (smt (cvc5) row_length_def)
0.sledgehammer goal.by         5446ms Matrix_Tensor.Matrix_Tensor 217:6308  some (SH 5445ms, ATP 2414ms): Try this: by (smt (cvc5))
0.sledgehammer goal.using      8528ms Matrix_Tensor.Matrix_Tensor 221:6369  some (SH 8526ms, ATP 2159ms): Try this: by (smt (cvc5) list.sel(1) list.size(3,3) row_length_def)
0.sledgehammer goal.by         4619ms Matrix_Tensor.Matrix_Tensor 221:6390  some (SH 4618ms, ATP 1823ms): Try this: by (smt (cvc5) list.sel(1) list.size(3,3))
0.sledgehammer goal.proof     21834ms Matrix_Tensor.Matrix_Tensor 225:6489  some (SH 21833ms, ATP 3053ms): Try this: by (smt (cvc5) append.simps(1) id_take_nth_drop length_greater_0_conv list.sel(1) mult.commute row_length_def take0 times_nat.simps(1) vec_mat_Tensor.simps(2) vec_mat_Tensor_length vec_vec_Tensor_length)
0.sledgehammer goal.using      4400ms Matrix_Tensor.Matrix_Tensor 228:6550  some (SH 4399ms, ATP 1749ms): Try this: by (smt (cvc5) row_length_Nil)
0.sledgehammer goal.by         4684ms Matrix_Tensor.Matrix_Tensor 228:6571  some (SH 4683ms, ATP 2079ms): Try this: by (smt (cvc5))
0.sledgehammer goal.using      5998ms Matrix_Tensor.Matrix_Tensor 230:6630  some (SH 5997ms, ATP 2029ms): Try this: by (smt (cvc5) vec_mat_Tensor.simps(1))
0.sledgehammer goal.by         4380ms Matrix_Tensor.Matrix_Tensor 230:6660  some (SH 4373ms, ATP 1565ms): Try this: by (smt (cvc5))
0.sledgehammer goal.using      3908ms Matrix_Tensor.Matrix_Tensor 233:6762  some (SH 3907ms, ATP 1482ms): Try this: by (smt (cvc5) mult_0_right)
0.sledgehammer goal.by         4346ms Matrix_Tensor.Matrix_Tensor 233:6781  some (SH 4345ms, ATP 2022ms): Try this: by (smt (cvc5))
0.sledgehammer goal.by         5194ms Matrix_Tensor.Matrix_Tensor 234:6811  some (SH 5193ms, ATP 1780ms): Try this: by (smt (cvc5))
0.sledgehammer goal.using     10101ms Matrix_Tensor.Matrix_Tensor 241:7060  some (SH 10100ms, ATP 2035ms): Try this: by (smt (cvc5) list.sel(1) not_Cons_self2 reduct.simps(1,2) row_length_def)
0.sledgehammer goal.by         8589ms Matrix_Tensor.Matrix_Tensor 242:7114  some (SH 8589ms, ATP 2620ms): Try this: by (smt (cvc5) list.sel(1))
0.sledgehammer goal.using      5271ms Matrix_Tensor.Matrix_Tensor 244:7216  some (SH 5270ms, ATP 1736ms): Try this: by (smt (cvc5) vec_mat_Tensor.simps(2))
0.sledgehammer goal.by         4946ms Matrix_Tensor.Matrix_Tensor 245:7279  some (SH 4945ms, ATP 2237ms): Try this: by (smt (cvc5))
0.sledgehammer goal.using      6314ms Matrix_Tensor.Matrix_Tensor 248:7395  some (SH 6314ms, ATP 2462ms): Try this: by (smt (cvc5) list.distinct(1) list.sel(1) row_length_def)
0.sledgehammer goal.by         4159ms Matrix_Tensor.Matrix_Tensor 249:7474  some (SH 4158ms, ATP 1970ms): Try this: by (smt (cvc5) list.sel(1))
0.sledgehammer goal.by         4309ms Matrix_Tensor.Matrix_Tensor 252:7613  some (SH 4308ms, ATP 1876ms): Try this: by (smt (cvc5))
0.sledgehammer goal.by         4216ms Matrix_Tensor.Matrix_Tensor 255:7739  some (SH 4215ms, ATP 1785ms): Try this: by (smt (cvc5))
0.sledgehammer goal.by         4569ms Matrix_Tensor.Matrix_Tensor 256:7770  some (SH 4568ms, ATP 2188ms): Try this: by (smt (cvc5))
0.sledgehammer goal.by        20923ms Matrix_Tensor.Matrix_Tensor 267:8011  timeout (SH 20922ms): Timed out
0.sledgehammer goal.by         5482ms Matrix_Tensor.Matrix_Tensor 272:8131  some (SH 5481ms, ATP 1771ms): Try this: by (smt (cvc5) Tensor.simps(1,2) append.right_neutral vec_mat_Tensor_vector_id)
0.sledgehammer goal.by        20133ms Matrix_Tensor.Matrix_Tensor 275:8225  timeout (SH 20132ms): Timed out
0.sledgehammer goal.proof     23549ms Matrix_Tensor.Matrix_Tensor 282:8466  some (SH 23548ms, ATP 3299ms): Try this: by (smt (cvc5) Tensor.simps(1,2) Tensor_null append.simps(1,2) id_take_nth_drop length_greater_0_conv list.distinct(1) list.sel(1) mult.commute mult_0_right row_length_def row_length_vect_mat take0 vec_mat_Tensor_length)
0.sledgehammer goal.using      4750ms Matrix_Tensor.Matrix_Tensor 285:8530  some (SH 4750ms, ATP 2285ms): Try this: by (smt (cvc5) Tensor.simps(1) row_length_Nil)
0.sledgehammer goal.by         4057ms Matrix_Tensor.Matrix_Tensor 286:8572  some (SH 4056ms, ATP 1712ms): Try this: by (smt (cvc5))
0.sledgehammer goal.using      4980ms Matrix_Tensor.Matrix_Tensor 289:8662  some (SH 4980ms, ATP 1916ms): Try this: by (smt (cvc5) mult_is_0 row_length_Nil)
0.sledgehammer goal.by         4824ms Matrix_Tensor.Matrix_Tensor 290:8691  some (SH 4823ms, ATP 1958ms): Try this: by (smt (cvc5) mult_is_0)
0.sledgehammer goal.by         5497ms Matrix_Tensor.Matrix_Tensor 291:8718  some (SH 5496ms, ATP 2325ms): Try this: by (smt (cvc5))
0.sledgehammer goal.using      8453ms Matrix_Tensor.Matrix_Tensor 298:8941  some (SH 8452ms, ATP 2193ms): Try this: by (smt (cvc5) list.distinct(1) list.sel(1) row_length_def)
0.sledgehammer goal.by         7984ms Matrix_Tensor.Matrix_Tensor 299:8985  some (SH 7984ms, ATP 1611ms): Try this: by (smt (cvc5) list.sel(1))
0.sledgehammer goal.proof     18377ms Matrix_Tensor.Matrix_Tensor 301:9069  some (SH 18376ms, ATP 2238ms): Try this: by (smt (cvc5) B Nil_is_append_conv Tensor.simps(2) Tensor_null hd_append length_0_conv row_length_def row_length_vect_mat vec_mat_Tensor_length)
0.sledgehammer goal.using      5585ms Matrix_Tensor.Matrix_Tensor 303:9116  some (SH 5584ms, ATP 2362ms): Try this: by (smt (cvc5) Tensor_null mult_is_0 row_length_Nil)
0.sledgehammer goal.by         3771ms Matrix_Tensor.Matrix_Tensor 303:9163  some (SH 3770ms, ATP 1650ms): Try this: by (smt (cvc5))
0.sledgehammer goal.by         4030ms Matrix_Tensor.Matrix_Tensor 311:9425  some (SH 4029ms, ATP 1507ms): Try this: by (smt (cvc5) list.distinct(1))
0.sledgehammer goal.using      4929ms Matrix_Tensor.Matrix_Tensor 313:9507  some (SH 4928ms, ATP 1840ms): Try this: by (smt (cvc5) list.distinct(1) vec_mat_Tensor.simps(2))
0.sledgehammer goal.by         4574ms Matrix_Tensor.Matrix_Tensor 313:9532  some (SH 4573ms, ATP 1776ms): Try this: by (smt (cvc5) list.distinct(1) vec_mat_Tensor.simps(2))
0.sledgehammer goal.by         4669ms Matrix_Tensor.Matrix_Tensor 317:9676  some (SH 4668ms, ATP 2332ms): Try this: by (smt (cvc5) hd_append2)
0.sledgehammer goal.using      6344ms Matrix_Tensor.Matrix_Tensor 320:9782  some (SH 6344ms, ATP 1962ms): Try this: by (smt (cvc5) Tensor.simps(2) hd_append2 non_zero)
0.sledgehammer goal.by         8209ms Matrix_Tensor.Matrix_Tensor 320:9804  some (SH 8208ms, ATP 2242ms): Try this: by (smt (cvc5) hd_append2 non_zero)
0.sledgehammer goal.using      8226ms Matrix_Tensor.Matrix_Tensor 323:9941  some (SH 8225ms, ATP 1918ms): Try this: by (smt (cvc5) Nil_is_append_conv Tensor.simps(2) non_zero row_length_def)
0.sledgehammer goal.by         8572ms Matrix_Tensor.Matrix_Tensor 324:10017  some (SH 8571ms, ATP 2855ms): Try this: by (smt (cvc5))
0.sledgehammer goal.using      5362ms Matrix_Tensor.Matrix_Tensor 327:10138  some (SH 5361ms, ATP 1980ms): Try this: by (smt (cvc5) row_length_vect_mat)
0.sledgehammer goal.by         4273ms Matrix_Tensor.Matrix_Tensor 327:10164  some (SH 4272ms, ATP 2014ms): Try this: by (smt (cvc5))
0.sledgehammer goal.by         4282ms Matrix_Tensor.Matrix_Tensor 331:10321  some (SH 4280ms, ATP 1764ms): Try this: by (smt (cvc5))
0.sledgehammer goal.by         3547ms Matrix_Tensor.Matrix_Tensor 335:10491  some (SH 3546ms, ATP 1691ms): Try this: by (smt (cvc5))
0.sledgehammer goal.by         4373ms Matrix_Tensor.Matrix_Tensor 336:10534  some (SH 4371ms, ATP 1607ms): Try this: by (smt (cvc5))
0.sledgehammer goal.by         5114ms Matrix_Tensor.Matrix_Tensor 338:10571  some (SH 5113ms, ATP 1836ms): Try this: by (smt (cvc5))
0.sledgehammer goal.using      5744ms Matrix_Tensor.Matrix_Tensor 343:10654  some (SH 5742ms, ATP 1950ms): Try this: by (smt (cvc5) assms set_ConsD)
0.sledgehammer goal.by         4598ms Matrix_Tensor.Matrix_Tensor 343:10685  some (SH 4597ms, ATP 883ms): Try this: by (smt (cvc5))
0.sledgehammer goal.proof     13135ms Matrix_Tensor.Matrix_Tensor 350:10859  some (SH 13133ms, ATP 4532ms): Try this: by (smt (cvc5) assms list.set_sel(1) mat_def row_length_def vec_def zero_matrix)
0.sledgehammer goal.using      4954ms Matrix_Tensor.Matrix_Tensor 353:10918  some (SH 4953ms, ATP 1335ms): Try this: by (smt (cvc5) local.Nil row_length_Nil)
0.sledgehammer goal.by         5897ms Matrix_Tensor.Matrix_Tensor 353:10939  some (SH 5896ms, ATP 3511ms): Try this: by (smt (cvc5) local.Nil)
0.sledgehammer goal.by         5167ms Matrix_Tensor.Matrix_Tensor 355:10993  some (SH 5166ms, ATP 1912ms): Try this: by (smt (cvc5) list.size(3) local.Nil)
0.sledgehammer goal.using      6024ms Matrix_Tensor.Matrix_Tensor 357:11058  some (SH 6023ms, ATP 2118ms): Try this: by (smt (cvc5) local.Nil zero_matrix)
0.sledgehammer goal.by         5355ms Matrix_Tensor.Matrix_Tensor 357:11080  some (SH 5354ms, ATP 2130ms): Try this: by (smt (cvc5))
0.sledgehammer goal.using      5535ms Matrix_Tensor.Matrix_Tensor 359:11124  some (SH 5534ms, ATP 2590ms): Try this: by (smt (cvc5))
0.sledgehammer goal.by         4729ms Matrix_Tensor.Matrix_Tensor 359:11175  some (SH 4728ms, ATP 2037ms): Try this: by (smt (cvc5))
0.sledgehammer goal.using      4828ms Matrix_Tensor.Matrix_Tensor 363:11244  some (SH 4827ms, ATP 1773ms): Try this: by (smt (cvc5) assms local.Cons)
0.sledgehammer goal.by         4322ms Matrix_Tensor.Matrix_Tensor 363:11261  some (SH 4319ms, ATP 2383ms): Try this: by (smt (cvc5))
0.sledgehammer goal.using      4942ms Matrix_Tensor.Matrix_Tensor 365:11339  some (SH 4941ms, ATP 1359ms): Try this: by (smt (cvc5) hd_set)
0.sledgehammer goal.by         4232ms Matrix_Tensor.Matrix_Tensor 365:11352  some (SH 4147ms, ATP 1539ms): Try this: by (smt (cvc5))
0.sledgehammer goal.by         8567ms Matrix_Tensor.Matrix_Tensor 367:11404  some (SH 8566ms, ATP 1901ms): Try this: by (smt (cvc5) list.distinct(1) list.sel(1) list.set_sel(1) mat_def)
0.sledgehammer goal.using      8060ms Matrix_Tensor.Matrix_Tensor 369:11472  some (SH 8060ms, ATP 2652ms): Try this: by (smt (cvc5) list.distinct(1) list.sel(1) row_length_def)
0.sledgehammer goal.by         9112ms Matrix_Tensor.Matrix_Tensor 369:11515  some (SH 9111ms, ATP 2226ms): Try this: by (smt (cvc5) list.sel(1))
0.sledgehammer goal.using      5896ms Matrix_Tensor.Matrix_Tensor 371:11577  some (SH 5895ms, ATP 2336ms): Try this: by (smt (cvc5) vec_def)
0.sledgehammer goal.by         5481ms Matrix_Tensor.Matrix_Tensor 371:11591  some (SH 5480ms, ATP 2259ms): Try this: by (smt (cvc5))
0.sledgehammer goal.using      7159ms Matrix_Tensor.Matrix_Tensor 373:11656  some (SH 7158ms, ATP 1869ms): Try this: by (smt (cvc5) local.Cons vec_uniqueness)
0.sledgehammer goal.by         5002ms Matrix_Tensor.Matrix_Tensor 373:11682  some (SH 5000ms, ATP 1700ms): Try this: by (smt (cvc5))
0.sledgehammer goal.using      8392ms Matrix_Tensor.Matrix_Tensor 375:11725  some (SH 8391ms, ATP 1855ms): Try this: by (smt (cvc5) assms mat_def)
0.sledgehammer goal.by         3839ms Matrix_Tensor.Matrix_Tensor 375:11755  some (SH 3838ms, ATP 1608ms): Try this: by (smt (cvc5))
0.sledgehammer goal.using      5514ms Matrix_Tensor.Matrix_Tensor 378:11830  some (SH 5509ms, ATP 1792ms): Try this: by (smt (cvc5) assms)
0.sledgehammer goal.by         6419ms Matrix_Tensor.Matrix_Tensor 378:11842  some (SH 6418ms, ATP 3007ms): Try this: by (smt (cvc5))
0.sledgehammer goal.by         5570ms Matrix_Tensor.Matrix_Tensor 379:11876  some (SH 5569ms, ATP 1866ms): Try this: by (smt (cvc5))
0.sledgehammer goal.proof     21795ms Matrix_Tensor.Matrix_Tensor 386:12008  some (SH 21794ms, ATP 990ms): Try this: by (smt (cvc5) append_Nil assms id_take_nth_drop insert_iff length_greater_0_conv list.sel(1) list.set(2) mat_def row_length_def take0 vec_def zero_matrix)
0.sledgehammer goal.using      5598ms Matrix_Tensor.Matrix_Tensor 389:12059  some (SH 5597ms, ATP 2384ms): Try this: by (smt (cvc5) list.size(3) local.Nil row_length_Nil zero_matrix)
0.sledgehammer goal.by         5549ms Matrix_Tensor.Matrix_Tensor 389:12111  some (SH 5547ms, ATP 2035ms): Try this: by (smt (cvc5))
0.sledgehammer goal.using      5560ms Matrix_Tensor.Matrix_Tensor 394:12190  some (SH 5559ms, ATP 951ms): Try this: by (smt (cvc5) list.set_intros(1) local.Cons)
0.sledgehammer goal.by         4134ms Matrix_Tensor.Matrix_Tensor 394:12228  some (SH 4133ms, ATP 1376ms): Try this: by (smt (cvc5))
0.sledgehammer goal.using      5034ms Matrix_Tensor.Matrix_Tensor 396:12299  some (SH 5033ms, ATP 2012ms): Try this: by (smt (cvc5) assms)
0.sledgehammer goal.by         4809ms Matrix_Tensor.Matrix_Tensor 396:12311  some (SH 4808ms, ATP 1959ms): Try this: by (smt (cvc5))
0.sledgehammer goal.by         3578ms Matrix_Tensor.Matrix_Tensor 398:12387  some (SH 3577ms, ATP 1258ms): Try this: by (smt (cvc5) hd_set)
0.sledgehammer goal.using      5562ms Matrix_Tensor.Matrix_Tensor 400:12467  some (SH 5562ms, ATP 2344ms): Try this: by (smt (cvc5) assms mat_def)
0.sledgehammer goal.by         4152ms Matrix_Tensor.Matrix_Tensor 401:12506  some (SH 4151ms, ATP 1863ms): Try this: by (smt (cvc5))
0.sledgehammer goal.using      6705ms Matrix_Tensor.Matrix_Tensor 403:12578  some (SH 6704ms, ATP 1691ms): Try this: by (smt (cvc5) list.distinct(1) list.sel(1) row_length_def)
0.sledgehammer goal.by         4861ms Matrix_Tensor.Matrix_Tensor 404:12627  some (SH 4861ms, ATP 1694ms): Try this: by (smt (cvc5) list.sel(1))
0.sledgehammer goal.by         5165ms Matrix_Tensor.Matrix_Tensor 406:12694  some (SH 5162ms, ATP 1552ms): Try this: by (smt (cvc5) list.set_intros(2))
0.sledgehammer goal.using      8865ms Matrix_Tensor.Matrix_Tensor 408:12748  some (SH 8864ms, ATP 3449ms): Try this: by (smt (cvc5) assms list.distinct(1) list.sel(1) list.set_intros(2) mat_def row_length_def)
0.sledgehammer goal.by         7872ms Matrix_Tensor.Matrix_Tensor 408:12760  some (SH 7870ms, ATP 2356ms): Try this: by (smt (cvc5) list.distinct(1) list.sel(1,3) list.set_sel(2) mat_def row_length_def)
0.sledgehammer goal.using      5612ms Matrix_Tensor.Matrix_Tensor 410:12832  some (SH 5611ms, ATP 1941ms): Try this: by (smt (cvc5) vec_def)
0.sledgehammer goal.by         6085ms Matrix_Tensor.Matrix_Tensor 410:12846  some (SH 6084ms, ATP 2085ms): Try this: by (smt (cvc5))
0.sledgehammer goal.using      6358ms Matrix_Tensor.Matrix_Tensor 412:12904  some (SH 6357ms, ATP 1831ms): Try this: by (smt (cvc5) vec_uniqueness)
0.sledgehammer goal.by         5125ms Matrix_Tensor.Matrix_Tensor 412:12925  some (SH 5124ms, ATP 2072ms): Try this: by (smt (cvc5))
0.sledgehammer goal.by         4772ms Matrix_Tensor.Matrix_Tensor 414:12995  some (SH 4771ms, ATP 1796ms): Try this: by (smt (cvc5))
0.sledgehammer goal.using      8344ms Matrix_Tensor.Matrix_Tensor 416:13051  some (SH 8343ms, ATP 3286ms): Try this: by (smt (cvc5) list.distinct(1) list.sel(1) local.Cons row_length_def)
0.sledgehammer goal.by         7473ms Matrix_Tensor.Matrix_Tensor 417:13105  some (SH 7473ms, ATP 2011ms): Try this: by (smt (cvc5) list.sel(1))
0.sledgehammer goal.by         4548ms Matrix_Tensor.Matrix_Tensor 419:13176  some (SH 4543ms, ATP 1406ms): Try this: by (smt (cvc5))
0.sledgehammer goal.using     11157ms Matrix_Tensor.Matrix_Tensor 421:13248  some (SH 11156ms, ATP 2977ms): Try this: by (smt (cvc5) \<open>length a = length b\<close> assms insert_iff list.distinct(1) list.sel(1) list.simps(15) local.Cons mat_def row_length_def)
0.sledgehammer goal.by        11126ms Matrix_Tensor.Matrix_Tensor 421:13269  some (SH 11125ms, ATP 3932ms): Try this: by (smt (cvc5) \<open>length a = length b\<close> list.distinct(1) list.sel(1,3) list.set_sel(2) mat_def row_length_def)
0.sledgehammer goal.using      5577ms Matrix_Tensor.Matrix_Tensor 423:13376  some (SH 5576ms, ATP 2307ms): Try this: by (smt (cvc5))
0.sledgehammer goal.by         3794ms Matrix_Tensor.Matrix_Tensor 423:13391  some (SH 3793ms, ATP 1377ms): Try this: by (smt (cvc5))
0.sledgehammer goal.using      8285ms Matrix_Tensor.Matrix_Tensor 425:13457  some (SH 8284ms, ATP 1930ms): Try this: by (smt (cvc5) mat_def)
0.sledgehammer goal.by         7763ms Matrix_Tensor.Matrix_Tensor 425:13471  some (SH 7763ms, ATP 2121ms): Try this: by (smt (cvc5))
0.sledgehammer goal.by         4100ms Matrix_Tensor.Matrix_Tensor 426:13499  some (SH 4097ms, ATP 1584ms): Try this: by (smt (cvc5))
0.sledgehammer goal.proof     20580ms Matrix_Tensor.Matrix_Tensor 436:13744  timeout (SH 20579ms): Timed out
0.sledgehammer goal.using      5349ms Matrix_Tensor.Matrix_Tensor 439:13814  some (SH 5348ms, ATP 1677ms): Try this: by (smt (cvc5) vec_mat_Tensor.simps(1))
0.sledgehammer goal.by         5433ms Matrix_Tensor.Matrix_Tensor 440:13856  some (SH 5429ms, ATP 2519ms): Try this: by (smt (cvc5))
0.sledgehammer goal.using      5911ms Matrix_Tensor.Matrix_Tensor 442:13910  some (SH 5910ms, ATP 1914ms): Try this: by (smt (cvc5) row_length_Nil)
0.sledgehammer goal.by         4517ms Matrix_Tensor.Matrix_Tensor 443:13942  some (SH 4516ms, ATP 1743ms): Try this: by (smt (cvc5))
0.sledgehammer goal.using      4917ms Matrix_Tensor.Matrix_Tensor 445:13992  some (SH 4917ms, ATP 1892ms): Try this: by (smt (cvc5) list.size(3))
0.sledgehammer goal.by         6132ms Matrix_Tensor.Matrix_Tensor 445:14002  some (SH 6130ms, ATP 2925ms): Try this: by (smt (cvc5) list.size(3))
0.sledgehammer goal.using      4754ms Matrix_Tensor.Matrix_Tensor 448:14112  some (SH 4753ms, ATP 1834ms): Try this: by (smt (cvc5) local.Nil mult_is_0)
0.sledgehammer goal.by         4350ms Matrix_Tensor.Matrix_Tensor 448:14130  some (SH 4349ms, ATP 2061ms): Try this: by (smt (cvc5) mult_is_0)
0.sledgehammer goal.by         4712ms Matrix_Tensor.Matrix_Tensor 449:14174  some (SH 4711ms, ATP 1759ms): Try this: by (smt (cvc5))
0.sledgehammer goal.using      5044ms Matrix_Tensor.Matrix_Tensor 459:14550  some (SH 5043ms, ATP 1860ms): Try this: by (smt (cvc5) hyp(2) reduct_matrix)
0.sledgehammer goal.by         4952ms Matrix_Tensor.Matrix_Tensor 459:14577  some (SH 4952ms, ATP 2703ms): Try this: by (smt (cvc5))
0.sledgehammer goal.using      5297ms Matrix_Tensor.Matrix_Tensor 462:14683  some (SH 5295ms, ATP 1937ms): Try this: by (smt (cvc5) hyp(1))
0.sledgehammer goal.by         4360ms Matrix_Tensor.Matrix_Tensor 462:14696  some (SH 4359ms, ATP 1812ms): Try this: by (smt (cvc5))
0.sledgehammer goal.proof     40362ms Matrix_Tensor.Matrix_Tensor 468:14827  some (SH 40361ms, ATP 2165ms): Try this: by (smt (cvc5) append.simps(1) hyp(1,2) id_take_nth_drop insert_iff length_0_conv length_greater_0_conv list.distinct(1) list.sel(1) list.set(2) list.size(3) mat_def mult.commute mult_is_0 row_length_Nil row_length_def row_length_vect_mat step1 take0 vec_def vec_mat_Tensor.simps(1,2) vec_mat_Tensor_length vec_vec_Tensor_length)
0.sledgehammer goal.using      9369ms Matrix_Tensor.Matrix_Tensor 472:14939  some (SH 9368ms, ATP 2202ms): Try this: by (smt (cvc5) local.Nil vec_mat_Tensor.simps(1,2))
0.sledgehammer goal.by         6516ms Matrix_Tensor.Matrix_Tensor 472:14970  some (SH 6515ms, ATP 2961ms): Try this: by (smt (cvc5))
0.sledgehammer goal.using      8404ms Matrix_Tensor.Matrix_Tensor 474:15064  some (SH 8403ms, ATP 2044ms): Try this: by (smt (cvc5) empty_iff hd_set list.set(1))
0.sledgehammer goal.by         5032ms Matrix_Tensor.Matrix_Tensor 474:15078  some (SH 5031ms, ATP 1775ms): Try this: by (smt (cvc5) empty_iff hd_set list.set(1))
0.sledgehammer goal.using      4227ms Matrix_Tensor.Matrix_Tensor 478:15219  some (SH 4226ms, ATP 1424ms): Try this: by (smt (cvc5) vec_def)
0.sledgehammer goal.by         4128ms Matrix_Tensor.Matrix_Tensor 478:15233  some (SH 4127ms, ATP 2089ms): Try this: by (smt (cvc5))
0.sledgehammer goal.using      4048ms Matrix_Tensor.Matrix_Tensor 480:15320  some (SH 4047ms, ATP 1776ms): Try this: by (smt (cvc5) vec_vec_Tensor_length)
0.sledgehammer goal.by         5086ms Matrix_Tensor.Matrix_Tensor 480:15348  some (SH 5084ms, ATP 2145ms): Try this: by (smt (cvc5))
0.sledgehammer goal.using      6045ms Matrix_Tensor.Matrix_Tensor 483:15456  some (SH 6043ms, ATP 2125ms): Try this: by (smt (cvc5) list.distinct(1) list.sel(1) row_length_def)
0.sledgehammer goal.by         4883ms Matrix_Tensor.Matrix_Tensor 484:15507  some (SH 4882ms, ATP 2285ms): Try this: by (smt (cvc5) list.sel(1))
0.sledgehammer goal.using      4912ms Matrix_Tensor.Matrix_Tensor 486:15590  some (SH 4909ms, ATP 2196ms): Try this: by (smt (cvc5) vec_mat_Tensor_length)
0.sledgehammer goal.by         5151ms Matrix_Tensor.Matrix_Tensor 486:15618  some (SH 5150ms, ATP 2664ms): Try this: by (smt (cvc5))
0.sledgehammer goal.by        11819ms Matrix_Tensor.Matrix_Tensor 488:15716  some (SH 11818ms, ATP 2995ms): Try this: by (smt (cvc5) "1" empty_iff hd_set list.set(1) mat_def vec_def)
0.sledgehammer goal.using      7371ms Matrix_Tensor.Matrix_Tensor 493:15898  some (SH 7370ms, ATP 2159ms): Try this: by (smt (cvc5) "1" "4" "6" mult.commute)
0.sledgehammer goal.by         3921ms Matrix_Tensor.Matrix_Tensor 493:15910  some (SH 3920ms, ATP 1714ms): Try this: by (smt (cvc5) mult.commute)
0.sledgehammer goal.using      5250ms Matrix_Tensor.Matrix_Tensor 494:15960  some (SH 5249ms, ATP 1968ms): Try this: by (smt (cvc5) "6")
0.sledgehammer goal.by         4821ms Matrix_Tensor.Matrix_Tensor 494:15968  some (SH 4820ms, ATP 2114ms): Try this: by (smt (cvc5))
0.sledgehammer goal.using      4770ms Matrix_Tensor.Matrix_Tensor 499:16081  some (SH 4769ms, ATP 1462ms): Try this: by (smt (cvc5) hd_set)
0.sledgehammer goal.by         4085ms Matrix_Tensor.Matrix_Tensor 499:16094  some (SH 4084ms, ATP 1616ms): Try this: by (smt (cvc5))
0.sledgehammer goal.using      4608ms Matrix_Tensor.Matrix_Tensor 501:16169  some (SH 4607ms, ATP 1639ms): Try this: by (smt (cvc5) hyp(2))
0.sledgehammer goal.by         3959ms Matrix_Tensor.Matrix_Tensor 501:16179  some (SH 3958ms, ATP 1579ms): Try this: by (smt (cvc5))
0.sledgehammer goal.using      4053ms Matrix_Tensor.Matrix_Tensor 503:16259  some (SH 4050ms, ATP 1618ms): Try this: by (smt (cvc5) mat_def)
0.sledgehammer goal.by         3667ms Matrix_Tensor.Matrix_Tensor 503:16282  some (SH 3665ms, ATP 1537ms): Try this: by (smt (cvc5))
0.sledgehammer goal.using      6087ms Matrix_Tensor.Matrix_Tensor 505:16354  some (SH 6085ms, ATP 1728ms): Try this: by (smt (cvc5) list.distinct(1) list.sel(1) row_length_def)
0.sledgehammer goal.by         4680ms Matrix_Tensor.Matrix_Tensor 506:16404  some (SH 4678ms, ATP 1897ms): Try this: by (smt (cvc5) list.sel(1))
0.sledgehammer goal.by         4478ms Matrix_Tensor.Matrix_Tensor 508:16473  some (SH 4476ms, ATP 1580ms): Try this: by (smt (cvc5) list.set_intros(2))
0.sledgehammer goal.using      4654ms Matrix_Tensor.Matrix_Tensor 510:16526  some (SH 4653ms, ATP 1785ms): Try this: by (smt (cvc5) list.set_intros(1) local.Cons)
0.sledgehammer goal.by         4002ms Matrix_Tensor.Matrix_Tensor 510:16537  some (SH 4002ms, ATP 1270ms): Try this: by (smt (cvc5) list.set_intros(1))
0.sledgehammer goal.using      9624ms Matrix_Tensor.Matrix_Tensor 512:16595  some (SH 9624ms, ATP 3243ms): Try this: by (smt (cvc5) hyp(2) list.distinct(1) list.sel(1,3) list.set_sel(2) mat_def row_length_def)
0.sledgehammer goal.by         8414ms Matrix_Tensor.Matrix_Tensor 512:16608  some (SH 8414ms, ATP 2750ms): Try this: by (smt (cvc5) list.distinct(1) list.sel(1,3) list.set_sel(2) mat_def row_length_def)
0.sledgehammer goal.using      5769ms Matrix_Tensor.Matrix_Tensor 514:16691  some (SH 5768ms, ATP 1874ms): Try this: by (smt (cvc5) vec_def)
0.sledgehammer goal.by         5028ms Matrix_Tensor.Matrix_Tensor 514:16720  some (SH 5026ms, ATP 2041ms): Try this: by (smt (cvc5))
0.sledgehammer goal.using      7558ms Matrix_Tensor.Matrix_Tensor 516:16784  some (SH 7555ms, ATP 2687ms): Try this: by (smt (cvc5) list.distinct(1) list.sel(1) local.Cons row_length_def)
0.sledgehammer goal.by         4969ms Matrix_Tensor.Matrix_Tensor 516:16829  some (SH 4968ms, ATP 1859ms): Try this: by (smt (cvc5) list.sel(1))
0.sledgehammer goal.using      6524ms Matrix_Tensor.Matrix_Tensor 518:16927  some (SH 6524ms, ATP 2687ms): Try this: by (smt (cvc5) step2)
0.sledgehammer goal.by         4333ms Matrix_Tensor.Matrix_Tensor 518:16939  some (SH 4332ms, ATP 1723ms): Try this: by (smt (cvc5))
0.sledgehammer goal.using      7135ms Matrix_Tensor.Matrix_Tensor 521:17055  some (SH 7135ms, ATP 2590ms): Try this: by (smt (cvc5) mat_def)
0.sledgehammer goal.by         7512ms Matrix_Tensor.Matrix_Tensor 521:17069  some (SH 7511ms, ATP 2184ms): Try this: by (smt (cvc5))
0.sledgehammer goal.using      3925ms Matrix_Tensor.Matrix_Tensor 524:17199  some (SH 3924ms, ATP 1243ms): Try this: by (smt (cvc5))
0.sledgehammer goal.by         3668ms Matrix_Tensor.Matrix_Tensor 524:17222  some (SH 3668ms, ATP 1360ms): Try this: by (smt (cvc5))
0.sledgehammer goal.using     26800ms Matrix_Tensor.Matrix_Tensor 527:17352  some (SH 26800ms, ATP 1749ms): Try this: by (smt (cvc5) "2")
0.sledgehammer goal.by         4834ms Matrix_Tensor.Matrix_Tensor 527:17360  some (SH 4830ms, ATP 1910ms): Try this: by (smt (cvc5))
0.sledgehammer goal.using      6364ms Matrix_Tensor.Matrix_Tensor 529:17447  some (SH 6362ms, ATP 2201ms): Try this: by (smt (cvc5) mult.commute vec_vec_Tensor_length)
0.sledgehammer goal.by         5513ms Matrix_Tensor.Matrix_Tensor 529:17477  some (SH 5512ms, ATP 2242ms): Try this: by (smt (cvc5) mult.commute)
0.sledgehammer goal.using      5209ms Matrix_Tensor.Matrix_Tensor 531:17567  some (SH 5208ms, ATP 1574ms): Try this: by (smt (cvc5) vec_def)
0.sledgehammer goal.by         4194ms Matrix_Tensor.Matrix_Tensor 531:17603  some (SH 4193ms, ATP 2029ms): Try this: by (smt (cvc5))
0.sledgehammer goal.using      6610ms Matrix_Tensor.Matrix_Tensor 533:17684  some (SH 6608ms, ATP 2331ms): Try this: by (smt (cvc5) list.distinct(1) list.sel(1) row_length_def)
0.sledgehammer goal.by         5313ms Matrix_Tensor.Matrix_Tensor 533:17724  some (SH 5312ms, ATP 1930ms): Try this: by (smt (cvc5) list.sel(1))
0.sledgehammer goal.using      5686ms Matrix_Tensor.Matrix_Tensor 536:17843  some (SH 5685ms, ATP 1991ms): Try this: by (smt (cvc5) vec_mat_Tensor.simps(2))
0.sledgehammer goal.by         4476ms Matrix_Tensor.Matrix_Tensor 536:17873  some (SH 4476ms, ATP 1707ms): Try this: by (smt (cvc5))
0.sledgehammer goal.using      4700ms Matrix_Tensor.Matrix_Tensor 540:18059  some (SH 4697ms, ATP 1501ms): Try this: by (smt (cvc5) hd_set)
0.sledgehammer goal.by         3903ms Matrix_Tensor.Matrix_Tensor 540:18073  some (SH 3902ms, ATP 1583ms): Try this: by (smt (cvc5))
0.sledgehammer goal.by         4630ms Matrix_Tensor.Matrix_Tensor 543:18210  some (SH 4629ms, ATP 1385ms): Try this: by (smt (cvc5))
0.sledgehammer goal.by         4425ms Matrix_Tensor.Matrix_Tensor 546:18356  some (SH 4425ms, ATP 1553ms): Try this: by (smt (cvc5))
0.sledgehammer goal.using      8095ms Matrix_Tensor.Matrix_Tensor 549:18504  some (SH 8093ms, ATP 2076ms): Try this: by (smt (cvc5) "2" "3" "5" "7" \<open>vec_mat_Tensor v (a # M) = vec_vec_Tensor v a # vec_mat_Tensor v M\<close> hd_set vec_def)
0.sledgehammer goal.by         4309ms Matrix_Tensor.Matrix_Tensor 549:18557  some (SH 4308ms, ATP 1630ms): Try this: by (smt (cvc5))
0.sledgehammer goal.using      5008ms Matrix_Tensor.Matrix_Tensor 554:18703  some (SH 5007ms, ATP 1360ms): Try this: by (smt (cvc5))
0.sledgehammer goal.by         6310ms Matrix_Tensor.Matrix_Tensor 554:18719  some (SH 6308ms, ATP 2622ms): Try this: by (smt (cvc5))
0.sledgehammer goal.using      5922ms Matrix_Tensor.Matrix_Tensor 556:18800  some (SH 5921ms, ATP 1560ms): Try this: by (smt (cvc5) vec_mat_Tensor_length)
0.sledgehammer goal.by         5596ms Matrix_Tensor.Matrix_Tensor 556:18828  some (SH 5596ms, ATP 2199ms): Try this: by (smt (cvc5))
0.sledgehammer goal.using      8695ms Matrix_Tensor.Matrix_Tensor 562:19022  some (SH 8685ms, ATP 2388ms): Try this: by (smt (cvc5) mat_def)
0.sledgehammer goal.by         9334ms Matrix_Tensor.Matrix_Tensor 563:19048  some (SH 9332ms, ATP 2620ms): Try this: by (smt (cvc5))
0.sledgehammer goal.by         5684ms Matrix_Tensor.Matrix_Tensor 564:19093  some (SH 5683ms, ATP 1675ms): Try this: by (smt (cvc5))
0.sledgehammer goal.by         4555ms Matrix_Tensor.Matrix_Tensor 566:19135  some (SH 4554ms, ATP 1657ms): Try this: by (smt (cvc5))
0.sledgehammer goal.proof     20805ms Matrix_Tensor.Matrix_Tensor 572:19294  timeout (SH 20804ms): Timed out
0.sledgehammer goal.by         6358ms Matrix_Tensor.Matrix_Tensor 574:19334  some (SH 6357ms, ATP 2407ms): Try this: by (smt (cvc5) Tensor.simps(1) list.size(3) mult_is_0)
0.sledgehammer goal.using      5246ms Matrix_Tensor.Matrix_Tensor 578:19441  some (SH 5245ms, ATP 1763ms): Try this: by (smt (cvc5) Tensor.simps(2))
0.sledgehammer goal.by         5323ms Matrix_Tensor.Matrix_Tensor 578:19463  some (SH 5322ms, ATP 2609ms): Try this: by (smt (cvc5))
0.sledgehammer goal.by         5485ms Matrix_Tensor.Matrix_Tensor 581:19580  some (SH 5483ms, ATP 1786ms): Try this: by (smt (cvc5))
0.sledgehammer goal.using      5925ms Matrix_Tensor.Matrix_Tensor 584:19720  some (SH 5924ms, ATP 1797ms): Try this: by (smt (cvc5) length_append)
0.sledgehammer goal.by         5823ms Matrix_Tensor.Matrix_Tensor 585:19752  some (SH 5822ms, ATP 2631ms): Try this: by (smt (cvc5) length_append)
0.sledgehammer goal.using      5851ms Matrix_Tensor.Matrix_Tensor 587:19830  some (SH 5850ms, ATP 1500ms): Try this: by (smt (cvc5) vec_mat_Tensor_length)
0.sledgehammer goal.by         6264ms Matrix_Tensor.Matrix_Tensor 587:19858  some (SH 6263ms, ATP 2572ms): Try this: by (smt (cvc5))
0.sledgehammer goal.using      5567ms Matrix_Tensor.Matrix_Tensor 589:19938  some (SH 5566ms, ATP 1319ms): Try this: by (smt (cvc5) local.Cons)
0.sledgehammer goal.by         4975ms Matrix_Tensor.Matrix_Tensor 589:19955  some (SH 4972ms, ATP 1486ms): Try this: by (smt (cvc5))
0.sledgehammer goal.by         6356ms Matrix_Tensor.Matrix_Tensor 592:20108  some (SH 6354ms, ATP 2591ms): Try this: by (smt (cvc5))
0.sledgehammer goal.by         8753ms Matrix_Tensor.Matrix_Tensor 595:20226  some (SH 8751ms, ATP 1989ms): Try this: by (smt (cvc5) plus_1_eq_Suc times_nat.simps(2))
0.sledgehammer goal.by         9093ms Matrix_Tensor.Matrix_Tensor 597:20321  some (SH 9092ms, ATP 1719ms): Try this: by (smt (cvc5) length_Cons plus_1_eq_Suc)
0.sledgehammer goal.by         5031ms Matrix_Tensor.Matrix_Tensor 598:20347  some (SH 5029ms, ATP 1160ms): Try this: by (smt (cvc5))
0.sledgehammer goal.proof     19094ms Matrix_Tensor.Matrix_Tensor 606:20483  timeout (SH 19093ms): Timed out
0.sledgehammer goal.using      3938ms Matrix_Tensor.Matrix_Tensor 608:20525  some (SH 3937ms, ATP 1664ms): Try this: by (smt (cvc5) append_Nil local.Nil)
0.sledgehammer goal.by         3729ms Matrix_Tensor.Matrix_Tensor 608:20551  some (SH 3728ms, ATP 1498ms): Try this: by (smt (cvc5))
0.sledgehammer goal.using      5728ms Matrix_Tensor.Matrix_Tensor 612:20653  some (SH 5727ms, ATP 2221ms): Try this: by (smt (cvc5) Cons.prems append_Cons reduct_matrix)
0.sledgehammer goal.by         3425ms Matrix_Tensor.Matrix_Tensor 612:20696  some (SH 3424ms, ATP 1302ms): Try this: by (smt (cvc5))
0.sledgehammer goal.using      4575ms Matrix_Tensor.Matrix_Tensor 614:20766  some (SH 4574ms, ATP 2116ms): Try this: by (smt (cvc5) Cons.hyps)
0.sledgehammer goal.by         3588ms Matrix_Tensor.Matrix_Tensor 614:20782  some (SH 3587ms, ATP 1553ms): Try this: by (smt (cvc5))
0.sledgehammer goal.by         4225ms Matrix_Tensor.Matrix_Tensor 615:20814  some (SH 4224ms, ATP 1805ms): Try this: by (smt (cvc5))
0.sledgehammer goal.proof     19034ms Matrix_Tensor.Matrix_Tensor 625:21107  timeout (SH 19033ms): Timed out
0.sledgehammer goal.using      5046ms Matrix_Tensor.Matrix_Tensor 628:21195  some (SH 5045ms, ATP 2465ms): Try this: by (smt (cvc5) mult_is_0 row_length_Nil)
0.sledgehammer goal.by         4095ms Matrix_Tensor.Matrix_Tensor 628:21233  some (SH 4095ms, ATP 2288ms): Try this: by (smt (cvc5))
0.sledgehammer goal.using      5355ms Matrix_Tensor.Matrix_Tensor 630:21306  some (SH 5354ms, ATP 1941ms): Try this: by (smt (cvc5) list.size(3) mult_is_0)
0.sledgehammer goal.by         4077ms Matrix_Tensor.Matrix_Tensor 630:21341  some (SH 4076ms, ATP 1559ms): Try this: by (smt (cvc5))
0.sledgehammer goal.using      5065ms Matrix_Tensor.Matrix_Tensor 632:21395  some (SH 5064ms, ATP 2355ms): Try this: by (smt (cvc5) Tensor.simps(1))
0.sledgehammer goal.by         3933ms Matrix_Tensor.Matrix_Tensor 632:21417  some (SH 3932ms, ATP 1592ms): Try this: by (smt (cvc5))
0.sledgehammer goal.using      4439ms Matrix_Tensor.Matrix_Tensor 635:21532  some (SH 4439ms, ATP 1635ms): Try this: by (smt (cvc5) zero_matrix)
0.sledgehammer goal.by         3712ms Matrix_Tensor.Matrix_Tensor 635:21550  some (SH 3711ms, ATP 1547ms): Try this: by (smt (cvc5))
0.sledgehammer goal.by         3483ms Matrix_Tensor.Matrix_Tensor 636:21578  some (SH 3482ms, ATP 1318ms): Try this: by (smt (cvc5))
0.sledgehammer goal.using      3698ms Matrix_Tensor.Matrix_Tensor 640:21693  some (SH 3697ms, ATP 1429ms): Try this: by (smt (cvc5) Cons.prems)
0.sledgehammer goal.by         3270ms Matrix_Tensor.Matrix_Tensor 640:21710  some (SH 3269ms, ATP 1505ms): Try this: by (smt (cvc5))
0.sledgehammer goal.using      4732ms Matrix_Tensor.Matrix_Tensor 642:21787  some (SH 4731ms, ATP 2145ms): Try this: by (smt (cvc5) reduct_matrix)
0.sledgehammer goal.by         3666ms Matrix_Tensor.Matrix_Tensor 642:21807  some (SH 3665ms, ATP 1634ms): Try this: by (smt (cvc5))
0.sledgehammer goal.using      4493ms Matrix_Tensor.Matrix_Tensor 644:21888  some (SH 4492ms, ATP 2046ms): Try this: by (smt (cvc5) Cons.prems)
0.sledgehammer goal.by         3596ms Matrix_Tensor.Matrix_Tensor 644:21905  some (SH 3596ms, ATP 1571ms): Try this: by (smt (cvc5))
0.sledgehammer goal.using      4014ms Matrix_Tensor.Matrix_Tensor 647:22029  some (SH 4013ms, ATP 1979ms): Try this: by (smt (cvc5) Cons.hyps)
0.sledgehammer goal.by         3686ms Matrix_Tensor.Matrix_Tensor 647:22045  some (SH 3685ms, ATP 1341ms): Try this: by (smt (cvc5))
0.sledgehammer goal.using      6575ms Matrix_Tensor.Matrix_Tensor 649:22107  some (SH 6574ms, ATP 1562ms): Try this: by (smt (cvc5) list.distinct(1) list.sel(1) row_length_def)
0.sledgehammer goal.by         3960ms Matrix_Tensor.Matrix_Tensor 649:22146  some (SH 3959ms, ATP 1531ms): Try this: by (smt (cvc5) list.sel(1))
0.sledgehammer goal.proof     19955ms Matrix_Tensor.Matrix_Tensor 654:22299  timeout (SH 19955ms): Timed out
0.sledgehammer goal.using      5196ms Matrix_Tensor.Matrix_Tensor 657:22419  some (SH 5195ms, ATP 1920ms): Try this: by (smt (cvc5) \<open>mat (row_length M2) (length M2) M2\<close> well_defined_vec_mat_Tensor)
0.sledgehammer goal.by         3323ms Matrix_Tensor.Matrix_Tensor 657:22464  some (SH 3322ms, ATP 1227ms): Try this: by (smt (cvc5))
0.sledgehammer goal.using      7076ms Matrix_Tensor.Matrix_Tensor 659:22547  some (SH 7075ms, ATP 1603ms): Try this: by (smt (cvc5) One_nat_def lambda_one length_Cons list.size(3) local.Nil)
0.sledgehammer goal.by         7199ms Matrix_Tensor.Matrix_Tensor 659:22557  some (SH 7198ms, ATP 1497ms): Try this: by (smt (cvc5) One_nat_def lambda_one length_Cons list.size(3))
0.sledgehammer goal.using      7074ms Matrix_Tensor.Matrix_Tensor 661:22630  some (SH 7074ms, ATP 1645ms): Try this: by (smt (cvc5) Tensor.simps(1,2) append.right_neutral local.Nil)
0.sledgehammer goal.by         4451ms Matrix_Tensor.Matrix_Tensor 661:22669  some (SH 4451ms, ATP 1613ms): Try this: by (smt (cvc5) append.right_neutral)
0.sledgehammer goal.using      4618ms Matrix_Tensor.Matrix_Tensor 667:22850  some (SH 4617ms, ATP 1837ms): Try this: by (smt (cvc5) "0")
0.sledgehammer goal.by         3281ms Matrix_Tensor.Matrix_Tensor 667:22858  some (SH 3280ms, ATP 1209ms): Try this: by (smt (cvc5))
0.sledgehammer goal.by         7558ms Matrix_Tensor.Matrix_Tensor 668:22888  some (SH 7557ms, ATP 1405ms): Try this: by (smt (cvc5) mult.commute)
0.sledgehammer goal.using      4130ms Matrix_Tensor.Matrix_Tensor 673:23027  some (SH 4129ms, ATP 1822ms): Try this: by (smt (cvc5) hd_set)
0.sledgehammer goal.by         3337ms Matrix_Tensor.Matrix_Tensor 673:23040  some (SH 3336ms, ATP 1336ms): Try this: by (smt (cvc5))
0.sledgehammer goal.using      4689ms Matrix_Tensor.Matrix_Tensor 675:23122  some (SH 4689ms, ATP 2182ms): Try this: by (smt (cvc5) step1)
0.sledgehammer goal.by         3644ms Matrix_Tensor.Matrix_Tensor 675:23139  some (SH 3643ms, ATP 1477ms): Try this: by (smt (cvc5))
0.sledgehammer goal.using      4256ms Matrix_Tensor.Matrix_Tensor 677:23225  some (SH 4255ms, ATP 2041ms): Try this: by (smt (cvc5) mat_def)
0.sledgehammer goal.by         7069ms Matrix_Tensor.Matrix_Tensor 677:23248  some (SH 7068ms, ATP 1614ms): Try this: by (smt (cvc5))
0.sledgehammer goal.using      3770ms Matrix_Tensor.Matrix_Tensor 679:23325  some (SH 3770ms, ATP 1187ms): Try this: by (smt (cvc5) "0")
0.sledgehammer goal.by         3914ms Matrix_Tensor.Matrix_Tensor 680:23379  some (SH 3914ms, ATP 1470ms): Try this: by (smt (cvc5) "0")
0.sledgehammer goal.by         3573ms Matrix_Tensor.Matrix_Tensor 682:23454  some (SH 3572ms, ATP 1252ms): Try this: by (smt (cvc5) list.set_intros(2))
0.sledgehammer goal.using      4398ms Matrix_Tensor.Matrix_Tensor 684:23512  some (SH 4397ms, ATP 1878ms): Try this: by (smt (cvc5) list.set_intros(1) local.Cons)
0.sledgehammer goal.by         3340ms Matrix_Tensor.Matrix_Tensor 684:23523  some (SH 3339ms, ATP 1149ms): Try this: by (smt (cvc5) list.set_intros(1))
0.sledgehammer goal.using      7071ms Matrix_Tensor.Matrix_Tensor 686:23586  some (SH 7070ms, ATP 1433ms): Try this: by (smt (cvc5) "0" list.set_intros(2) mat_def step1)
0.sledgehammer goal.by         7767ms Matrix_Tensor.Matrix_Tensor 686:23603  some (SH 7766ms, ATP 1911ms): Try this: by (smt (cvc5) "0" list.set_intros(2) mat_def)
0.sledgehammer goal.using      3714ms Matrix_Tensor.Matrix_Tensor 688:23690  some (SH 3713ms, ATP 1449ms): Try this: by (smt (cvc5) vec_def)
0.sledgehammer goal.by         3766ms Matrix_Tensor.Matrix_Tensor 688:23719  some (SH 3765ms, ATP 1590ms): Try this: by (smt (cvc5))
0.sledgehammer goal.using      7151ms Matrix_Tensor.Matrix_Tensor 690:23788  some (SH 7151ms, ATP 1651ms): Try this: by (smt (cvc5) list.distinct(1) list.sel(1) local.Cons row_length_def)
0.sledgehammer goal.by         5209ms Matrix_Tensor.Matrix_Tensor 690:23814  some (SH 5208ms, ATP 1742ms): Try this: by (smt (cvc5) list.distinct(1) list.sel(1))
0.sledgehammer goal.using      7586ms Matrix_Tensor.Matrix_Tensor 695:24002  some (SH 7585ms, ATP 1440ms): Try this: by (smt (cvc5) step2)
0.sledgehammer goal.by         3667ms Matrix_Tensor.Matrix_Tensor 695:24014  some (SH 3667ms, ATP 1164ms): Try this: by (smt (cvc5))
0.sledgehammer goal.using      7748ms Matrix_Tensor.Matrix_Tensor 697:24110  some (SH 7747ms, ATP 1362ms): Try this: by (smt (cvc5) mat_def)
0.sledgehammer goal.by         6856ms Matrix_Tensor.Matrix_Tensor 697:24124  some (SH 6855ms, ATP 1715ms): Try this: by (smt (cvc5))
0.sledgehammer goal.using      3496ms Matrix_Tensor.Matrix_Tensor 700:24250  some (SH 3495ms, ATP 1022ms): Try this: by (smt (cvc5))
0.sledgehammer goal.by         3255ms Matrix_Tensor.Matrix_Tensor 700:24265  some (SH 3254ms, ATP 1135ms): Try this: by (smt (cvc5))
0.sledgehammer goal.using      4856ms Matrix_Tensor.Matrix_Tensor 705:24421  some (SH 4856ms, ATP 1412ms): Try this: by (smt (cvc5) \<open>mat (row_length M2) (length M2) M2\<close> well_defined_vec_mat_Tensor)
0.sledgehammer goal.by         3835ms Matrix_Tensor.Matrix_Tensor 706:24484  some (SH 3834ms, ATP 1240ms): Try this: by (smt (cvc5))
0.sledgehammer goal.using      6868ms Matrix_Tensor.Matrix_Tensor 710:24636  some (SH 6867ms, ATP 1407ms): Try this: by (smt (cvc5) mat_def)
0.sledgehammer goal.by         6934ms Matrix_Tensor.Matrix_Tensor 711:24667  some (SH 6933ms, ATP 1797ms): Try this: by (smt (cvc5))
0.sledgehammer goal.using      7172ms Matrix_Tensor.Matrix_Tensor 715:24825  some (SH 7172ms, ATP 2168ms): Try this: by (smt (cvc5) mult.commute)
0.sledgehammer goal.by         3343ms Matrix_Tensor.Matrix_Tensor 715:24844  some (SH 3343ms, ATP 1168ms): Try this: by (smt (cvc5))
0.sledgehammer goal.by         4397ms Matrix_Tensor.Matrix_Tensor 720:25055  some (SH 4397ms, ATP 1499ms): Try this: by (smt (cvc5))
0.sledgehammer goal.using      4587ms Matrix_Tensor.Matrix_Tensor 722:25144  some (SH 4586ms, ATP 1522ms): Try this: by (smt (cvc5) Tensor.simps(2))
0.sledgehammer goal.by         3955ms Matrix_Tensor.Matrix_Tensor 722:25166  some (SH 3954ms, ATP 1461ms): Try this: by (smt (cvc5))
0.sledgehammer goal.using     13870ms Matrix_Tensor.Matrix_Tensor 725:25309  some (SH 13869ms, ATP 1548ms): Try this: by (smt (cvc5) Un_iff set_append)
0.sledgehammer goal.by         7535ms Matrix_Tensor.Matrix_Tensor 725:25334  some (SH 7535ms, ATP 1956ms): Try this: by (smt (cvc5) Un_iff set_append)
0.sledgehammer goal.by         8674ms Matrix_Tensor.Matrix_Tensor 728:25476  some (SH 8674ms, ATP 2278ms): Try this: by (smt (cvc5) "6" Un_iff set_append)
0.sledgehammer goal.using      3746ms Matrix_Tensor.Matrix_Tensor 731:25599  some (SH 3745ms, ATP 1141ms): Try this: by (smt (cvc5) "0")
0.sledgehammer goal.by         4330ms Matrix_Tensor.Matrix_Tensor 731:25616  some (SH 4329ms, ATP 1777ms): Try this: by (smt (cvc5))
0.sledgehammer goal.using      3884ms Matrix_Tensor.Matrix_Tensor 733:25708  some (SH 3883ms, ATP 1200ms): Try this: by (smt (cvc5) length_Tensor)
0.sledgehammer goal.by         3447ms Matrix_Tensor.Matrix_Tensor 733:25728  some (SH 3446ms, ATP 1104ms): Try this: by (smt (cvc5))
0.sledgehammer goal.using      7797ms Matrix_Tensor.Matrix_Tensor 739:25947  some (SH 7796ms, ATP 1699ms): Try this: by (smt (cvc5) mat_def)
0.sledgehammer goal.by         7506ms Matrix_Tensor.Matrix_Tensor 739:25961  some (SH 7505ms, ATP 1637ms): Try this: by (smt (cvc5))
0.sledgehammer goal.by         4497ms Matrix_Tensor.Matrix_Tensor 740:26013  some (SH 4496ms, ATP 1652ms): Try this: by (smt (cvc5))
0.sledgehammer goal.by         3421ms Matrix_Tensor.Matrix_Tensor 742:26044  some (SH 3419ms, ATP 1065ms): Try this: by (smt (cvc5))
0.sledgehammer goal.using      8423ms Matrix_Tensor.Matrix_Tensor 752:26333  some (SH 8422ms, ATP 1933ms): Try this: by (smt (cvc5) assms(1,2) well_defined_Tensor)
0.sledgehammer goal.by         3585ms Matrix_Tensor.Matrix_Tensor 752:26365  some (SH 3584ms, ATP 1369ms): Try this: by (smt (cvc5))
0.sledgehammer goal.apply     19579ms Matrix_Tensor.Matrix_Tensor 761:26556  timeout (SH 19578ms): Timed out
0.sledgehammer goal.proof     18796ms Matrix_Tensor.Matrix_Tensor 762:26574  timeout (SH 18795ms): Timed out
0.sledgehammer goal.by         4014ms Matrix_Tensor.Matrix_Tensor 765:26638  some (SH 4011ms, ATP 1670ms): Try this: by (smt (cvc5) list.size(3))
0.sledgehammer goal.by         3350ms Matrix_Tensor.Matrix_Tensor 767:26695  some (SH 3349ms, ATP 1474ms): Try this: by (smt (cvc5) not_less_zero)
0.sledgehammer goal.using      4130ms Matrix_Tensor.Matrix_Tensor 769:26751  some (SH 4129ms, ATP 1392ms): Try this: by (smt (cvc5) times.simps(1))
0.sledgehammer goal.by         4361ms Matrix_Tensor.Matrix_Tensor 769:26772  some (SH 4361ms, ATP 1933ms): Try this: by (smt (cvc5))
0.sledgehammer goal.by         4009ms Matrix_Tensor.Matrix_Tensor 771:26859  some (SH 4008ms, ATP 1578ms): Try this: by (smt (cvc5))
0.sledgehammer goal.by         4911ms Matrix_Tensor.Matrix_Tensor 773:26945  some (SH 4910ms, ATP 1983ms): Try this: by (smt (cvc5) \<open>length [] = 0\<close> \<open>length [] = 0\<close> not_less_zero)
0.sledgehammer goal.by         5374ms Matrix_Tensor.Matrix_Tensor 774:26973  some (SH 5373ms, ATP 2471ms): Try this: by (smt (cvc5))
0.sledgehammer goal.by         5618ms Matrix_Tensor.Matrix_Tensor 778:27058  some (SH 5617ms, ATP 187ms): Try this: by (smt (cvc5) One_nat_def add.right_neutral add_Suc_right nth_Cons_Suc)
0.sledgehammer goal.by        35274ms Matrix_Tensor.Matrix_Tensor 780:27148  some (SH 35272ms, ATP 2621ms): Try this: by (smt (cvc5) One_nat_def linorder_neqE_nat list.size(3,4) of_nat_1 of_nat_add of_nat_less_iff)
0.sledgehammer goal.by         4915ms Matrix_Tensor.Matrix_Tensor 782:27226  some (SH 4914ms, ATP 1977ms): Try this: by (smt (cvc5) local.Cons)
0.sledgehammer goal.by         3560ms Matrix_Tensor.Matrix_Tensor 783:27284  some (SH 3560ms, ATP 129ms): Try this: by (smt (cvc5) \<open>\<forall>i. (x # xs) ! (i + 1) = xs ! i\<close>)
0.sledgehammer goal.proof     44139ms Matrix_Tensor.Matrix_Tensor 785:27365  some (SH 44138ms, ATP 4016ms): Try this: by (smt (cvc5) One_nat_def Suc_pred add_less_cancel_left length_Cons less_Suc_eq_0_disj local.Cons nth_Cons' plus_1_eq_Suc times.simps(2))
0.sledgehammer goal.using      8536ms Matrix_Tensor.Matrix_Tensor 788:27443  some (SH 8535ms, ATP 1835ms): Try this: by (smt (cvc5) "0" nth_Cons_0 times.simps(2))
0.sledgehammer goal.by         8004ms Matrix_Tensor.Matrix_Tensor 788:27466  some (SH 8003ms, ATP 1867ms): Try this: by (smt (cvc5) nth_Cons_0)
0.sledgehammer goal.using      5386ms Matrix_Tensor.Matrix_Tensor 790:27538  some (SH 5386ms, ATP 1779ms): Try this: by (smt (cvc5) "0" nth_Cons_0)
0.sledgehammer goal.by         3810ms Matrix_Tensor.Matrix_Tensor 790:27546  some (SH 3809ms, ATP 1488ms): Try this: by (smt (cvc5) nth_Cons_0)
0.sledgehammer goal.by         4254ms Matrix_Tensor.Matrix_Tensor 791:27577  some (SH 4253ms, ATP 1395ms): Try this: by (smt (cvc5))
0.sledgehammer goal.using      4274ms Matrix_Tensor.Matrix_Tensor 795:27682  some (SH 4272ms, ATP 1421ms): Try this: by (smt (cvc5) times.simps(2))
0.sledgehammer goal.by         4313ms Matrix_Tensor.Matrix_Tensor 795:27703  some (SH 4312ms, ATP 2295ms): Try this: by (smt (cvc5))
0.sledgehammer goal.using      7694ms Matrix_Tensor.Matrix_Tensor 797:27779  some (SH 7693ms, ATP 1514ms): Try this: by (smt (cvc5) Suc nth_Cons_Suc)
0.sledgehammer goal.by         3824ms Matrix_Tensor.Matrix_Tensor 797:27789  some (SH 3824ms, ATP 1877ms): Try this: by (smt (cvc5) nth_Cons_Suc)
0.sledgehammer goal.using      6288ms Matrix_Tensor.Matrix_Tensor 799:27857  some (SH 6288ms, ATP 1584ms): Try this: by (smt (cvc5) "0" Suc Suc_lessD less_Suc_eq)
0.sledgehammer goal.by         4056ms Matrix_Tensor.Matrix_Tensor 800:27928  some (SH 4055ms, ATP 1698ms): Try this: by (smt (cvc5))
0.sledgehammer goal.using      4688ms Matrix_Tensor.Matrix_Tensor 802:28010  some (SH 4687ms, ATP 1896ms): Try this: by (smt (cvc5) local.Cons)
0.sledgehammer goal.by         3784ms Matrix_Tensor.Matrix_Tensor 802:28018  some (SH 3783ms, ATP 1735ms): Try this: by (smt (cvc5) local.Cons)
0.sledgehammer goal.using      5922ms Matrix_Tensor.Matrix_Tensor 804:28082  some (SH 5921ms, ATP 2602ms): Try this: by (smt (cvc5) Suc nth_Cons_Suc)
0.sledgehammer goal.by         3592ms Matrix_Tensor.Matrix_Tensor 804:28092  some (SH 3590ms, ATP 1342ms): Try this: by (smt (cvc5) nth_Cons_Suc)
0.sledgehammer goal.by         3922ms Matrix_Tensor.Matrix_Tensor 807:28236  some (SH 3921ms, ATP 1436ms): Try this: by (smt (cvc5))
0.sledgehammer goal.by         4894ms Matrix_Tensor.Matrix_Tensor 810:28364  some (SH 4893ms, ATP 2214ms): Try this: by (smt (cvc5))
0.sledgehammer goal.by         4173ms Matrix_Tensor.Matrix_Tensor 811:28396  some (SH 4173ms, ATP 1539ms): Try this: by (smt (cvc5))
0.sledgehammer goal.by         4473ms Matrix_Tensor.Matrix_Tensor 813:28430  some (SH 4472ms, ATP 2226ms): Try this: by (smt (cvc5))
0.sledgehammer goal.using      4800ms Matrix_Tensor.Matrix_Tensor 819:28553  some (SH 4799ms, ATP 2210ms): Try this: by (smt (cvc5) times_elements)
0.sledgehammer goal.by         4173ms Matrix_Tensor.Matrix_Tensor 819:28574  some (SH 4172ms, ATP 2164ms): Try this: by (smt (cvc5))
0.sledgehammer goal.using      4272ms Matrix_Tensor.Matrix_Tensor 823:28691  some (SH 4271ms, ATP 822ms): Try this: by (smt (cvc5) nth_append_left)
0.sledgehammer goal.by         4352ms Matrix_Tensor.Matrix_Tensor 823:28709  some (SH 4351ms, ATP 1113ms): Try this: by (smt (cvc5))
0.sledgehammer goal.using      3496ms Matrix_Tensor.Matrix_Tensor 826:28795  some (SH 3495ms, ATP 804ms): Try this: by (smt (cvc5) nth_append_right)
0.sledgehammer goal.by         2993ms Matrix_Tensor.Matrix_Tensor 826:28828  some (SH 2992ms, ATP 652ms): Try this: by (smt (cvc5))
0.sledgehammer goal.proof     21057ms Matrix_Tensor.Matrix_Tensor 832:28992  some (SH 21056ms, ATP 4228ms): Try this: by (smt (cvc5) One_nat_def Suc_eq_plus1 Suc_less_eq assms div_if div_less_iff_less_mult length_0_conv length_greater_0_conv list.size(4) mult_zero_right order_less_asym)
0.sledgehammer goal.by         8056ms Matrix_Tensor.Matrix_Tensor 834:29045  some (SH 8055ms, ATP 1137ms): Try this: by (smt (cvc5) One_nat_def list.size(4))
0.sledgehammer goal.by         5206ms Matrix_Tensor.Matrix_Tensor 837:29157  some (SH 5205ms, ATP 2173ms): Try this: by (smt (cvc5))
0.sledgehammer goal.by         9298ms Matrix_Tensor.Matrix_Tensor 840:29284  some (SH 9298ms, ATP 2954ms): Try this: by (smt (cvc5) One_nat_def add.commute add_Suc_right mult_Suc nat_arith.rule0)
0.sledgehammer goal.using     35872ms Matrix_Tensor.Matrix_Tensor 843:29414  some (SH 35871ms, ATP 1087ms): Try this: by (smt (cvc5) assms less_diff_conv2 less_imp_le_nat)
0.sledgehammer goal.by        34172ms Matrix_Tensor.Matrix_Tensor 843:29426  some (SH 34170ms, ATP 787ms): Try this: by (smt (cvc5) less_diff_conv2 less_imp_le_nat)
0.sledgehammer goal.by         4446ms Matrix_Tensor.Matrix_Tensor 846:29554  some (SH 4443ms, ATP 1732ms): Try this: by (smt (cvc5) "1")
0.sledgehammer goal.by         4119ms Matrix_Tensor.Matrix_Tensor 847:29581  some (SH 4118ms, ATP 1692ms): Try this: by (smt (cvc5))
0.sledgehammer goal.using      5547ms Matrix_Tensor.Matrix_Tensor 854:29748  some (SH 5546ms, ATP 2623ms): Try this: by (smt (cvc5) append_simpl3)
0.sledgehammer goal.by         5548ms Matrix_Tensor.Matrix_Tensor 854:29768  some (SH 5547ms, ATP 2796ms): Try this: by (smt (cvc5))
0.sledgehammer goal.proof      7539ms Matrix_Tensor.Matrix_Tensor 858:29871  some (SH 7538ms, ATP 1935ms): Try this: by (smt (cvc5) append_simpl preserving_length vec_vec_Tensor.simps(2))
0.sledgehammer goal.by         4654ms Matrix_Tensor.Matrix_Tensor 860:29956  some (SH 4653ms, ATP 1896ms): Try this: by (smt (cvc5) vec_vec_Tensor.simps(2))
0.sledgehammer goal.using      7185ms Matrix_Tensor.Matrix_Tensor 861:30007  some (SH 7184ms, ATP 2819ms): Try this: by (smt (cvc5) preserving_length)
0.sledgehammer goal.by         4947ms Matrix_Tensor.Matrix_Tensor 861:30031  some (SH 4945ms, ATP 1548ms): Try this: by (smt (cvc5))
0.sledgehammer goal.using      3938ms Matrix_Tensor.Matrix_Tensor 864:30144  some (SH 3937ms, ATP 1410ms): Try this: by (smt (cvc5) append_simpl)
0.sledgehammer goal.by         6199ms Matrix_Tensor.Matrix_Tensor 864:30163  some (SH 6198ms, ATP 3285ms): Try this: by (smt (cvc5))
0.sledgehammer goal.by         4693ms Matrix_Tensor.Matrix_Tensor 867:30274  some (SH 4692ms, ATP 1618ms): Try this: by (smt (cvc5))
0.sledgehammer goal.by         4964ms Matrix_Tensor.Matrix_Tensor 870:30375  some (SH 4963ms, ATP 2500ms): Try this: by (smt (cvc5))
0.sledgehammer goal.by         5288ms Matrix_Tensor.Matrix_Tensor 871:30402  some (SH 5287ms, ATP 1773ms): Try this: by (smt (cvc5))
0.sledgehammer goal.using      9447ms Matrix_Tensor.Matrix_Tensor 878:30544  some (SH 9446ms, ATP 2785ms): Try this: by (smt (cvc5) append_simpl2 preserving_length vec_vec_Tensor.simps(2))
0.sledgehammer goal.by         3965ms Matrix_Tensor.Matrix_Tensor 879:30609  some (SH 3965ms, ATP 1603ms): Try this: by (smt (cvc5))
0.sledgehammer goal.proof      7252ms Matrix_Tensor.Matrix_Tensor 885:30720  some (SH 7252ms, ATP 172ms): Try this: by (smt (cvc5) assms(1,2) div_pos_geq)
0.sledgehammer goal.using      3751ms Matrix_Tensor.Matrix_Tensor 888:30756  some (SH 3750ms, ATP 663ms): Try this: by (smt (cvc5) assms(2))
0.sledgehammer goal.by         2846ms Matrix_Tensor.Matrix_Tensor 888:30771  some (SH 2846ms, ATP 566ms): Try this: by (smt (cvc5))
0.sledgehammer goal.by         2876ms Matrix_Tensor.Matrix_Tensor 890:30815  some (SH 2875ms, ATP 446ms): Try this: by (smt (cvc5))
0.sledgehammer goal.using      8198ms Matrix_Tensor.Matrix_Tensor 892:30887  some (SH 8197ms, ATP 977ms): Try this: by (smt (cvc5) assms(1,2) div_pos_geq)
0.sledgehammer goal.by         5813ms Matrix_Tensor.Matrix_Tensor 892:30908  some (SH 5808ms, ATP 932ms): Try this: by (smt (cvc5) assms(1,2) div_pos_geq)
0.sledgehammer goal.using      3070ms Matrix_Tensor.Matrix_Tensor 894:30980  some (SH 3069ms, ATP 110ms): Try this: by (smt (cvc5))
0.sledgehammer goal.by         2255ms Matrix_Tensor.Matrix_Tensor 894:31003  some (SH 2254ms, ATP 91ms): Try this: by (smt (cvc5))
0.sledgehammer goal.by         2545ms Matrix_Tensor.Matrix_Tensor 896:31063  some (SH 2543ms, ATP 71ms): Try this: by (smt (cvc5))
0.sledgehammer goal.by         2454ms Matrix_Tensor.Matrix_Tensor 898:31096  some (SH 2453ms, ATP 95ms): Try this: by (smt (cvc5))
0.sledgehammer goal.by         3292ms Matrix_Tensor.Matrix_Tensor 903:31178  some (SH 3292ms, ATP 595ms): Try this: by (smt (cvc5) zdiv_int)
0.sledgehammer goal.using      7904ms Matrix_Tensor.Matrix_Tensor 908:31267  some (SH 7902ms, ATP 776ms): Try this: by (smt (cvc5) assms of_nat_eq_iff)
0.sledgehammer goal.by         3991ms Matrix_Tensor.Matrix_Tensor 908:31294  some (SH 3991ms, ATP 577ms): Try this: by (smt (cvc5))
0.sledgehammer goal.proof      7928ms Matrix_Tensor.Matrix_Tensor 914:31402  some (SH 7928ms, ATP 835ms): Try this: by (smt (cvc5) Suc_eq_plus1 assms(1,2) le_div_geq less_imp_le_nat)
0.sledgehammer goal.using      3082ms Matrix_Tensor.Matrix_Tensor 917:31443  some (SH 3082ms, ATP 119ms): Try this: by (smt (cvc5) assms(1) of_nat_0_less_iff)
0.sledgehammer goal.by         2797ms Matrix_Tensor.Matrix_Tensor 917:31475  some (SH 2796ms, ATP 117ms): Try this: by (smt (cvc5) of_nat_0_less_iff)
0.sledgehammer goal.using      3341ms Matrix_Tensor.Matrix_Tensor 919:31523  some (SH 3341ms, ATP 174ms): Try this: by (smt (cvc5) assms(2) of_nat_less_iff)
0.sledgehammer goal.by         2934ms Matrix_Tensor.Matrix_Tensor 919:31538  some (SH 2933ms, ATP 107ms): Try this: by (smt (cvc5) of_nat_less_iff)
0.sledgehammer goal.using      7728ms Matrix_Tensor.Matrix_Tensor 922:31653  some (SH 7727ms, ATP 686ms): Try this: by (smt (cvc5) div_add_self1)
0.sledgehammer goal.by         7435ms Matrix_Tensor.Matrix_Tensor 922:31676  some (SH 7434ms, ATP 658ms): Try this: by (smt (cvc5))
0.sledgehammer goal.by         3653ms Matrix_Tensor.Matrix_Tensor 924:31758  some (SH 3652ms, ATP 616ms): Try this: by (smt (cvc5))
0.sledgehammer goal.by         7851ms Matrix_Tensor.Matrix_Tensor 927:31875  some (SH 7850ms, ATP 687ms): Try this: by (smt (cvc5) less_imp_le_nat of_nat_diff_if)
0.sledgehammer goal.by         4572ms Matrix_Tensor.Matrix_Tensor 929:31970  some (SH 4572ms, ATP 198ms): Try this: by (smt (cvc5) of_nat_1 of_nat_add)
0.sledgehammer goal.by         5076ms Matrix_Tensor.Matrix_Tensor 931:32046  some (SH 5075ms, ATP 185ms): Try this: by (smt (cvc5) Suc_eq_plus1 assms(1,2) le_div_geq less_imp_le_nat)
0.sledgehammer goal.by         4414ms Matrix_Tensor.Matrix_Tensor 933:32117  some (SH 4413ms, ATP 494ms): Try this: by (smt (cvc5))
0.sledgehammer goal.by         2041ms Matrix_Tensor.Matrix_Tensor 934:32145  some (SH 2040ms, ATP 284ms): Try this: by (smt (cvc5))
0.sledgehammer goal.using      7451ms Matrix_Tensor.Matrix_Tensor 939:32212  some (SH 7450ms, ATP 743ms): Try this: by (smt (cvc5) mod_add_self2)
0.sledgehammer goal.by         8175ms Matrix_Tensor.Matrix_Tensor 939:32233  some (SH 8174ms, ATP 1053ms): Try this: by (smt (cvc5) mod_add_self2)
0.sledgehammer goal.by         3192ms Matrix_Tensor.Matrix_Tensor 942:32297  some (SH 3191ms, ATP 579ms): Try this: by (smt (cvc5) zmod_int)
0.sledgehammer goal.using      7637ms Matrix_Tensor.Matrix_Tensor 947:32405  some (SH 7636ms, ATP 616ms): Try this: by (smt (cvc5) assms le_mod_geq less_imp_le_nat)
0.sledgehammer goal.by         3313ms Matrix_Tensor.Matrix_Tensor 947:32446  some (SH 3312ms, ATP 705ms): Try this: by (smt (cvc5))
0.sledgehammer goal.using      3857ms Matrix_Tensor.Matrix_Tensor 953:32520  some (SH 3856ms, ATP 1019ms): Try this: by (smt (cvc5) assms(1,2))
0.sledgehammer goal.by         3988ms Matrix_Tensor.Matrix_Tensor 953:32544  some (SH 3986ms, ATP 1135ms): Try this: by (smt (cvc5))
0.sledgehammer goal.apply     20266ms Matrix_Tensor.Matrix_Tensor 961:32752  timeout (SH 20264ms): Timed out
0.sledgehammer goal.proof     19336ms Matrix_Tensor.Matrix_Tensor 962:32770  timeout (SH 19335ms): Timed out
0.sledgehammer goal.by         4179ms Matrix_Tensor.Matrix_Tensor 965:32828  some (SH 4178ms, ATP 1753ms): Try this: by (smt (cvc5) list.size(3))
0.sledgehammer goal.using      3977ms Matrix_Tensor.Matrix_Tensor 967:32890  some (SH 3977ms, ATP 1588ms): Try this: by (smt (cvc5) calculation vec_vec_Tensor.simps(1))
0.sledgehammer goal.by         3816ms Matrix_Tensor.Matrix_Tensor 967:32920  some (SH 3815ms, ATP 1626ms): Try this: by (smt (cvc5) calculation)
0.sledgehammer goal.by         7116ms Matrix_Tensor.Matrix_Tensor 969:32991  some (SH 7115ms, ATP 1684ms): Try this: by (smt (cvc5) not_less_zero)
0.sledgehammer goal.by         4080ms Matrix_Tensor.Matrix_Tensor 971:33051  some (SH 4078ms, ATP 1187ms): Try this: by (smt (cvc5) vec_vec_Tensor.simps(1))
0.sledgehammer goal.by         3316ms Matrix_Tensor.Matrix_Tensor 975:33206  some (SH 3315ms, ATP 981ms): Try this: by (smt (cvc5) calculation(2))
0.sledgehammer goal.by         3607ms Matrix_Tensor.Matrix_Tensor 977:33240  some (SH 3607ms, ATP 1058ms): Try this: by (smt (cvc5) \<open>length (vec_vec_Tensor [] y) = 0\<close> calculation(1,2) lambda_zero)
0.sledgehammer goal.by         3562ms Matrix_Tensor.Matrix_Tensor 981:33350  some (SH 3562ms, ATP 1315ms): Try this: by (smt (cvc5) vec_vec_Tensor.simps(2))
0.sledgehammer goal.using      3346ms Matrix_Tensor.Matrix_Tensor 983:33417  some (SH 3346ms, ATP 1319ms): Try this: by (smt (cvc5) times_elements)
0.sledgehammer goal.by         3024ms Matrix_Tensor.Matrix_Tensor 983:33438  some (SH 3023ms, ATP 1455ms): Try this: by (smt (cvc5))
0.sledgehammer goal.using      3383ms Matrix_Tensor.Matrix_Tensor 987:33553  some (SH 3382ms, ATP 1380ms): Try this: by (smt (cvc5) vec_vec_Tensor_simpl)
0.sledgehammer goal.by         3061ms Matrix_Tensor.Matrix_Tensor 987:33580  some (SH 3061ms, ATP 1329ms): Try this: by (smt (cvc5))
0.sledgehammer goal.using      3418ms Matrix_Tensor.Matrix_Tensor 990:33684  some (SH 3418ms, ATP 1386ms): Try this: by (smt (cvc5) "2" "3")
0.sledgehammer goal.by         2974ms Matrix_Tensor.Matrix_Tensor 990:33720  some (SH 2973ms, ATP 1284ms): Try this: by (smt (cvc5))
0.sledgehammer goal.by         3555ms Matrix_Tensor.Matrix_Tensor 992:33774  some (SH 3554ms, ATP 1213ms): Try this: by (smt (cvc5) length_greater_0_conv)
0.sledgehammer goal.by         7154ms Matrix_Tensor.Matrix_Tensor 994:33843  some (SH 7153ms, ATP 476ms): Try this: by (smt (cvc5) div_less)
0.sledgehammer goal.using      3471ms Matrix_Tensor.Matrix_Tensor 996:33923  some (SH 3470ms, ATP 1128ms): Try this: by (smt (cvc5) nth_Cons_0)
0.sledgehammer goal.by         3012ms Matrix_Tensor.Matrix_Tensor 996:33940  some (SH 3012ms, ATP 1102ms): Try this: by (smt (cvc5))
0.sledgehammer goal.by         7132ms Matrix_Tensor.Matrix_Tensor 998:34012  some (SH 7131ms, ATP 1036ms): Try this: by (smt (cvc5) mod_less)
0.sledgehammer goal.by         3394ms Matrix_Tensor.Matrix_Tensor 1003:34169  some (SH 3393ms, ATP 1088ms): Try this: by (smt (cvc5))
0.sledgehammer goal.by         3332ms Matrix_Tensor.Matrix_Tensor 1011:34460  some (SH 3331ms, ATP 928ms): Try this: by (smt (cvc5))
0.sledgehammer goal.by         2703ms Matrix_Tensor.Matrix_Tensor 1013:34524  some (SH 2703ms, ATP 492ms): Try this: by (smt (cvc5) bot_nat_0.extremum)
0.sledgehammer goal.proof     21347ms Matrix_Tensor.Matrix_Tensor 1021:34811  some (SH 21347ms, ATP 2000ms): Try this: by (smt (cvc5) "4" Euclidean_Rings.div_eq_0_iff add_diff_cancel_left' append_simpl3 assms div_if less_imp_le_nat local.Cons mod_if not_less_iff_gr_or_eq nth_Cons' plus_1_eq_Suc vec_vec_Tensor_simpl2)
0.sledgehammer goal.using      2761ms Matrix_Tensor.Matrix_Tensor 1023:34849  some (SH 2761ms, ATP 412ms): Try this: by (smt (cvc5) "4" assms)
0.sledgehammer goal.by         2923ms Matrix_Tensor.Matrix_Tensor 1023:34861  some (SH 2922ms, ATP 1079ms): Try this: by (smt (cvc5) "4")
0.sledgehammer goal.using      2242ms Matrix_Tensor.Matrix_Tensor 1027:34997  some (SH 2242ms, ATP 382ms): Try this: by (smt (cvc5) nat_div)
0.sledgehammer goal.by         1893ms Matrix_Tensor.Matrix_Tensor 1027:35011  some (SH 1892ms, ATP 361ms): Try this: by (smt (cvc5))
0.sledgehammer goal.by         7074ms Matrix_Tensor.Matrix_Tensor 1029:35057  some (SH 7073ms, ATP 717ms): Try this: by (smt (cvc5) add_diff_cancel_right' add_eq_0_iff_both_eq_0 nth_Cons' zero_neq_one)
0.sledgehammer goal.by         7660ms Matrix_Tensor.Matrix_Tensor 1033:35208  some (SH 7659ms, ATP 1179ms): Try this: by (smt (cvc5) add.commute nth_Cons_Suc plus_1_eq_Suc)
0.sledgehammer goal.by         2811ms Matrix_Tensor.Matrix_Tensor 1038:35377  some (SH 2810ms, ATP 802ms): Try this: by (smt (cvc5))
0.sledgehammer goal.using      3334ms Matrix_Tensor.Matrix_Tensor 1042:35527  some (SH 3333ms, ATP 977ms): Try this: by (smt (cvc5) nat_mod)
0.sledgehammer goal.by         2796ms Matrix_Tensor.Matrix_Tensor 1042:35541  some (SH 2795ms, ATP 866ms): Try this: by (smt (cvc5))
0.sledgehammer goal.by         3364ms Matrix_Tensor.Matrix_Tensor 1047:35721  some (SH 3364ms, ATP 792ms): Try this: by (smt (cvc5))
0.sledgehammer goal.using      6984ms Matrix_Tensor.Matrix_Tensor 1051:35891  some (SH 6983ms, ATP 1307ms): Try this: by (smt (cvc5) less_imp_le_nat vec_vec_Tensor_simpl2)
0.sledgehammer goal.by         3385ms Matrix_Tensor.Matrix_Tensor 1051:35920  some (SH 3384ms, ATP 1265ms): Try this: by (smt (cvc5) less_imp_le_nat)
0.sledgehammer goal.by        12314ms Matrix_Tensor.Matrix_Tensor 1055:36090  some (SH 12313ms, ATP 2342ms): Try this: by (smt (cvc5) "1" One_nat_def \<open>0 < length y\<close> add_diff_cancel_right' div_less_iff_less_mult less_diff_conv list.size(4))
0.sledgehammer goal.using      7011ms Matrix_Tensor.Matrix_Tensor 1062:36381  some (SH 7009ms, ATP 502ms): Try this: by (smt (cvc5) local.Cons)
0.sledgehammer goal.by         2733ms Matrix_Tensor.Matrix_Tensor 1062:36397  some (SH 2732ms, ATP 519ms): Try this: by (smt (cvc5))
0.sledgehammer goal.by         3173ms Matrix_Tensor.Matrix_Tensor 1074:37092  some (SH 3173ms, ATP 866ms): Try this: by (smt (cvc5))
0.sledgehammer goal.by         3286ms Matrix_Tensor.Matrix_Tensor 1082:37437  some (SH 3286ms, ATP 859ms): Try this: by (smt (cvc5))
0.sledgehammer goal.by         3333ms Matrix_Tensor.Matrix_Tensor 1090:37749  some (SH 3333ms, ATP 1050ms): Try this: by (smt (cvc5))
0.sledgehammer goal.by         3213ms Matrix_Tensor.Matrix_Tensor 1091:37780  some (SH 3212ms, ATP 1014ms): Try this: by (smt (cvc5))
0.sledgehammer goal.proof     39363ms Matrix_Tensor.Matrix_Tensor 1099:38126  some (SH 39362ms, ATP 1567ms): Try this: by (smt (cvc5) "1" add_diff_cancel_left' append_self_conv assms cancel_comm_monoid_add_class.diff_cancel cvc_arith_rewrite_defs(5) div_if length_greater_0_conv local.Cons mod_eq_self_iff_div_eq_0 mod_self nat_neq_iff nth_Cons' plus_1_eq_Suc preserving_length vec_vec_Tensor_length vec_vec_Tensor_simpl2)
0.sledgehammer goal.using      7736ms Matrix_Tensor.Matrix_Tensor 1103:38293  some (SH 7735ms, ATP 1561ms): Try this: by (smt (cvc5) cancel_comm_monoid_add_class.diff_cancel diff_is_0_eq vec_vec_Tensor_simpl2)
0.sledgehammer goal.by         6564ms Matrix_Tensor.Matrix_Tensor 1103:38323  some (SH 6563ms, ATP 1686ms): Try this: by (smt (cvc5) cancel_comm_monoid_add_class.diff_cancel diff_is_0_eq)
0.sledgehammer goal.by         3097ms Matrix_Tensor.Matrix_Tensor 1105:38396  some (SH 3097ms, ATP 919ms): Try this: by (smt (cvc5) mod_self)
0.sledgehammer goal.using      7532ms Matrix_Tensor.Matrix_Tensor 1107:38469  some (SH 7531ms, ATP 1127ms): Try this: by (smt (cvc5) assms div_self length_greater_0_conv list.size(3))
0.sledgehammer goal.by         1969ms Matrix_Tensor.Matrix_Tensor 1108:38525  some (SH 1968ms, ATP 386ms): Try this: by (smt (cvc5))
0.sledgehammer goal.by        19814ms Matrix_Tensor.Matrix_Tensor 1112:38693  some (SH 19813ms, ATP 1641ms): Try this: by (smt (cvc5) "3" Euclidean_Rings.div_eq_0_iff One_nat_def add_diff_cancel_left' bot_nat_0.not_eq_extremum div_less_iff_less_mult length_0_conv length_Cons less_not_refl linorder_neqE_nat list.distinct(1) nonzero_mult_div_cancel_right plus_1_eq_Suc)
0.sledgehammer goal.by         3160ms Matrix_Tensor.Matrix_Tensor 1114:38742  some (SH 3158ms, ATP 613ms): Try this: by (smt (cvc5) One_nat_def nth_Cons_Suc)
0.sledgehammer goal.by         7540ms Matrix_Tensor.Matrix_Tensor 1117:38868  some (SH 7540ms, ATP 1091ms): Try this: by (smt (cvc5))
0.sledgehammer goal.using      3224ms Matrix_Tensor.Matrix_Tensor 1123:39194  some (SH 3224ms, ATP 969ms): Try this: by (smt (cvc5) local.Cons)
0.sledgehammer goal.by         2955ms Matrix_Tensor.Matrix_Tensor 1123:39210  some (SH 2954ms, ATP 1019ms): Try this: by (smt (cvc5))
0.sledgehammer goal.by         7943ms Matrix_Tensor.Matrix_Tensor 1133:39811  some (SH 7943ms, ATP 1527ms): Try this: by (smt (cvc5) "2" "3" bits_mod_div_trivial lambda_one mod_if modulo_nat_def)
0.sledgehammer goal.by         2750ms Matrix_Tensor.Matrix_Tensor 1135:39868  some (SH 2750ms, ATP 821ms): Try this: by (smt (cvc5) div_0)
0.sledgehammer goal.by         3005ms Matrix_Tensor.Matrix_Tensor 1137:39926  some (SH 3005ms, ATP 839ms): Try this: by (smt (cvc5) mod_0)
0.sledgehammer goal.using      7736ms Matrix_Tensor.Matrix_Tensor 1141:40104  some (SH 7735ms, ATP 1206ms): Try this: by (smt (cvc5) "7" "8" local.Cons)
0.sledgehammer goal.by         2917ms Matrix_Tensor.Matrix_Tensor 1141:40124  some (SH 2917ms, ATP 935ms): Try this: by (smt (cvc5))
0.sledgehammer goal.by         3390ms Matrix_Tensor.Matrix_Tensor 1146:40383  some (SH 3390ms, ATP 1134ms): Try this: by (smt (cvc5))
0.sledgehammer goal.by         5381ms Matrix_Tensor.Matrix_Tensor 1153:40777  some (SH 5381ms, ATP 1079ms): Try this: by (smt (cvc5))
0.sledgehammer goal.by         3592ms Matrix_Tensor.Matrix_Tensor 1154:40807  some (SH 3591ms, ATP 989ms): Try this: by (smt (cvc5))
0.sledgehammer goal.by         6986ms Matrix_Tensor.Matrix_Tensor 1163:41185  some (SH 6985ms, ATP 948ms): Try this: by (smt (cvc5) nat_less_le)
0.sledgehammer goal.by         4386ms Matrix_Tensor.Matrix_Tensor 1165:41248  some (SH 4385ms, ATP 582ms): Try this: by (smt (cvc5) nat_less_le nat_neq_iff order_refl)
0.sledgehammer goal.using      3845ms Matrix_Tensor.Matrix_Tensor 1172:41563  some (SH 3844ms, ATP 1092ms): Try this: by (smt (cvc5) "3" \<open>i < length y \<longrightarrow> local.times z y ! i = (z # zs) ! (i div length y) * y ! (i mod length y)\<close>)
0.sledgehammer goal.by         2990ms Matrix_Tensor.Matrix_Tensor 1172:41575  some (SH 2989ms, ATP 871ms): Try this: by (smt (cvc5) "3" \<open>i < length y \<longrightarrow> local.times z y ! i = (z # zs) ! (i div length y) * y ! (i mod length y)\<close>)
0.sledgehammer goal.by         3107ms Matrix_Tensor.Matrix_Tensor 1173:41616  some (SH 3107ms, ATP 730ms): Try this: by (smt (cvc5))
0.sledgehammer goal.using      6990ms Matrix_Tensor.Matrix_Tensor 1179:41729  some (SH 6990ms, ATP 95ms): Try this: by (smt (cvc5) nat_plus_as_int)
0.sledgehammer goal.by         2153ms Matrix_Tensor.Matrix_Tensor 1179:41754  some (SH 2152ms, ATP 79ms): Try this: by (smt (cvc5))
0.sledgehammer goal.proof      6815ms Matrix_Tensor.Matrix_Tensor 1182:41823  some (SH 6815ms, ATP 568ms): Try this: by (smt (cvc5) Int.nat_int Suc_eq_plus1 Suc_nat_eq_nat_zadd1 of_nat_0_less_iff)
0.sledgehammer goal.by         2181ms Matrix_Tensor.Matrix_Tensor 1184:41858  some (SH 2181ms, ATP 387ms): Try this: by (smt (cvc5) nat_one_as_int of_nat_1)
0.sledgehammer goal.by         2620ms Matrix_Tensor.Matrix_Tensor 1186:41890  some (SH 2620ms, ATP 348ms): Try this: by (smt (cvc5) of_nat_1)
0.sledgehammer goal.by         2141ms Matrix_Tensor.Matrix_Tensor 1189:42002  some (SH 2141ms, ATP 70ms): Try this: by (smt (cvc5) \<open>1 = nat (int 1)\<close>)
0.sledgehammer goal.using      6932ms Matrix_Tensor.Matrix_Tensor 1193:42164  some (SH 6931ms, ATP 658ms): Try this: by (smt (cvc5) H1'(2) nat_add_distrib nat_one_as_int of_nat_0_less_iff)
0.sledgehammer goal.by         6560ms Matrix_Tensor.Matrix_Tensor 1193:42189  some (SH 6559ms, ATP 111ms): Try this: by (smt (cvc5) nat_add_distrib not_int_zless_negative of_nat_0_less_iff)
0.sledgehammer goal.by         2009ms Matrix_Tensor.Matrix_Tensor 1195:42276  some (SH 2008ms, ATP 248ms): Try this: by (smt (cvc5))
0.sledgehammer goal.by         2030ms Matrix_Tensor.Matrix_Tensor 1197:42353  some (SH 2029ms, ATP 292ms): Try this: by (smt (cvc5) H1'(2) nat_one_as_int)
0.sledgehammer goal.by         2245ms Matrix_Tensor.Matrix_Tensor 1199:42416  some (SH 2244ms, ATP 321ms): Try this: by (smt (cvc5) Int.nat_int)
0.sledgehammer goal.by         2201ms Matrix_Tensor.Matrix_Tensor 1201:42484  some (SH 2200ms, ATP 336ms): Try this: by (smt (cvc5))
0.sledgehammer goal.by         2788ms Matrix_Tensor.Matrix_Tensor 1202:42511  some (SH 2787ms, ATP 327ms): Try this: by (smt (cvc5))
0.sledgehammer goal.proof      7068ms Matrix_Tensor.Matrix_Tensor 1206:42592  some (SH 7068ms, ATP 778ms): Try this: by (smt (cvc5) Int.nat_int Suc_nat_eq_nat_zadd1 nth_Cons_Suc of_nat_0_less_iff)
0.sledgehammer goal.by         3943ms Matrix_Tensor.Matrix_Tensor 1209:42645  some (SH 3943ms, ATP 151ms): Try this: by (smt (cvc5) add_diff_cancel_right' add_eq_0_iff_both_eq_0 nth_Cons' zero_neq_one)
0.sledgehammer goal.by         6123ms Matrix_Tensor.Matrix_Tensor 1211:42703  some (SH 6122ms, ATP 203ms): Try this: by (smt (cvc5) Int.nat_int add_diff_cancel_right' add_eq_0_iff_both_eq_0 int_nat_equiv not_int_zless_negative of_nat_0_less_iff zero_neq_one)
0.sledgehammer goal.by         2162ms Matrix_Tensor.Matrix_Tensor 1214:42813  some (SH 2161ms, ATP 68ms): Try this: by (smt (cvc5))
0.sledgehammer goal.using      3030ms Matrix_Tensor.Matrix_Tensor 1216:42882  some (SH 3030ms, ATP 477ms): Try this: by (smt (cvc5) int_nat_equiv)
0.sledgehammer goal.by         2273ms Matrix_Tensor.Matrix_Tensor 1216:42903  some (SH 2273ms, ATP 439ms): Try this: by (smt (cvc5))
0.sledgehammer goal.using      7302ms Matrix_Tensor.Matrix_Tensor 1218:42980  some (SH 7301ms, ATP 846ms): Try this: by (smt (cvc5) Int.nat_int Suc_nat_eq_nat_zadd1 nth_Cons_Suc of_nat_0_less_iff)
0.sledgehammer goal.by         6658ms Matrix_Tensor.Matrix_Tensor 1218:43026  some (SH 6657ms, ATP 663ms): Try this: by (smt (cvc5))
0.sledgehammer goal.by         2467ms Matrix_Tensor.Matrix_Tensor 1219:43062  some (SH 2466ms, ATP 328ms): Try this: by (smt (cvc5))
0.sledgehammer goal.proof     14521ms Matrix_Tensor.Matrix_Tensor 1228:43209  some (SH 14521ms, ATP 5425ms): Try this: by (smt (cvc5) list.distinct(1) list.sel(1) list.set_intros(1,2) mat_def row_length_def vec_def)
0.sledgehammer goal.by         4591ms Matrix_Tensor.Matrix_Tensor 1231:43335  some (SH 4591ms, ATP 1264ms): Try this: by (smt (cvc5) list.set_intros(1,2))
0.sledgehammer goal.using      4148ms Matrix_Tensor.Matrix_Tensor 1235:43503  some (SH 4147ms, ATP 1382ms): Try this: by (smt (cvc5) mat_def)
0.sledgehammer goal.by         3201ms Matrix_Tensor.Matrix_Tensor 1235:43517  some (SH 3201ms, ATP 1314ms): Try this: by (smt (cvc5))
0.sledgehammer goal.by         3931ms Matrix_Tensor.Matrix_Tensor 1239:43702  some (SH 3930ms, ATP 1229ms): Try this: by (smt (cvc5) calculation(2))
0.sledgehammer goal.using      5386ms Matrix_Tensor.Matrix_Tensor 1242:43870  some (SH 5385ms, ATP 1439ms): Try this: by (smt (cvc5) list.set_intros(1,2) vec_def)
0.sledgehammer goal.by         4518ms Matrix_Tensor.Matrix_Tensor 1242:43884  some (SH 4517ms, ATP 1346ms): Try this: by (smt (cvc5) list.set_intros(1,2))
0.sledgehammer goal.using      5285ms Matrix_Tensor.Matrix_Tensor 1246:44083  some (SH 5284ms, ATP 2180ms): Try this: by (smt (cvc5) list.distinct(1) list.sel(1) row_length_def)
0.sledgehammer goal.by         5132ms Matrix_Tensor.Matrix_Tensor 1246:44104  some (SH 5131ms, ATP 2508ms): Try this: by (smt (cvc5) list.distinct(1) list.sel(1))
0.sledgehammer goal.by         3659ms Matrix_Tensor.Matrix_Tensor 1247:44131  some (SH 3659ms, ATP 1507ms): Try this: by (smt (cvc5))
0.sledgehammer goal.apply     18345ms Matrix_Tensor.Matrix_Tensor 1260:44524  timeout (SH 18344ms): Timed out
0.sledgehammer goal.apply     17925ms Matrix_Tensor.Matrix_Tensor 1261:44542  timeout (SH 17917ms): Timed out
0.sledgehammer goal.proof     17830ms Matrix_Tensor.Matrix_Tensor 1262:44560  timeout (SH 17830ms): Timed out
0.sledgehammer goal.using      3846ms Matrix_Tensor.Matrix_Tensor 1265:44623  some (SH 3845ms, ATP 1348ms): Try this: by (smt (cvc5) row_length_Nil)
0.sledgehammer goal.by         3271ms Matrix_Tensor.Matrix_Tensor 1265:44644  some (SH 3270ms, ATP 1443ms): Try this: by (smt (cvc5))
0.sledgehammer goal.by         3108ms Matrix_Tensor.Matrix_Tensor 1268:44718  some (SH 3108ms, ATP 1021ms): Try this: by (smt (cvc5) mult_0_right)
0.sledgehammer goal.by         3694ms Matrix_Tensor.Matrix_Tensor 1271:44822  some (SH 3693ms, ATP 1313ms): Try this: by (smt (cvc5) not_less0)
0.sledgehammer goal.by         4039ms Matrix_Tensor.Matrix_Tensor 1273:44882  some (SH 4037ms, ATP 1157ms): Try this: by (smt (cvc5) vec_mat_Tensor.simps(1))
0.sledgehammer goal.by         2982ms Matrix_Tensor.Matrix_Tensor 1277:45116  some (SH 2981ms, ATP 1124ms): Try this: by (smt (cvc5) calculation(1))
0.sledgehammer goal.by         3590ms Matrix_Tensor.Matrix_Tensor 1279:45156  some (SH 3590ms, ATP 985ms): Try this: by (smt (cvc5))
0.sledgehammer goal.proof     17978ms Matrix_Tensor.Matrix_Tensor 1289:45506  timeout (SH 17977ms): Timed out
0.sledgehammer goal.using      4893ms Matrix_Tensor.Matrix_Tensor 1292:45579  some (SH 4892ms, ATP 1681ms): Try this: by (smt (cvc5) list.sel(1) list.size(3,3) row_length_def)
0.sledgehammer goal.by         7113ms Matrix_Tensor.Matrix_Tensor 1292:45600  some (SH 7112ms, ATP 1956ms): Try this: by (smt (cvc5) list.sel(1) list.size(3,3))
0.sledgehammer goal.by         3595ms Matrix_Tensor.Matrix_Tensor 1294:45673  some (SH 3594ms, ATP 1488ms): Try this: by (smt (cvc5) mult_is_0)
0.sledgehammer goal.by         3633ms Matrix_Tensor.Matrix_Tensor 1297:45795  some (SH 3633ms, ATP 1329ms): Try this: by (smt (cvc5) not_less0)
0.sledgehammer goal.using      3281ms Matrix_Tensor.Matrix_Tensor 1305:46178  some (SH 3281ms, ATP 974ms): Try this: by (smt (cvc5) calculation)
0.sledgehammer goal.by         2880ms Matrix_Tensor.Matrix_Tensor 1305:46196  some (SH 2880ms, ATP 932ms): Try this: by (smt (cvc5))
0.sledgehammer goal.using      7263ms Matrix_Tensor.Matrix_Tensor 1306:46228  some (SH 7262ms, ATP 1168ms): Try this: by (smt (cvc5) calculation local.Nil)
0.sledgehammer goal.by         3152ms Matrix_Tensor.Matrix_Tensor 1306:46259  some (SH 3151ms, ATP 1036ms): Try this: by (smt (cvc5))
0.sledgehammer goal.by         5331ms Matrix_Tensor.Matrix_Tensor 1309:46333  some (SH 5330ms, ATP 1948ms): Try this: by (smt (cvc5) add_diff_cancel_right' add_eq_0_iff_both_eq_0 nth_Cons' zero_neq_one)
0.sledgehammer goal.using      3888ms Matrix_Tensor.Matrix_Tensor 1316:46673  some (SH 3888ms, ATP 1193ms): Try this: by (smt (cvc5) Cons.hyps)
0.sledgehammer goal.by         3233ms Matrix_Tensor.Matrix_Tensor 1316:46689  some (SH 3233ms, ATP 1206ms): Try this: by (smt (cvc5))
0.sledgehammer goal.using      5480ms Matrix_Tensor.Matrix_Tensor 1318:46755  some (SH 5479ms, ATP 1330ms): Try this: by (smt (cvc5) list.distinct(1) list.sel(1) row_length_def)
0.sledgehammer goal.by         4203ms Matrix_Tensor.Matrix_Tensor 1318:46776  some (SH 4203ms, ATP 1356ms): Try this: by (smt (cvc5) list.distinct(1) list.sel(1))
0.sledgehammer goal.by         3543ms Matrix_Tensor.Matrix_Tensor 1321:46910  some (SH 3542ms, ATP 1122ms): Try this: by (smt (cvc5))
0.sledgehammer goal.using      3894ms Matrix_Tensor.Matrix_Tensor 1323:46948  some (SH 3893ms, ATP 1146ms): Try this: by (smt (cvc5) list.distinct(1) local.Cons)
0.sledgehammer goal.by         3151ms Matrix_Tensor.Matrix_Tensor 1323:46959  some (SH 3151ms, ATP 1084ms): Try this: by (smt (cvc5) list.distinct(1))
0.sledgehammer goal.using      8817ms Matrix_Tensor.Matrix_Tensor 1329:47229  some (SH 8816ms, ATP 2546ms): Try this: by (smt (cvc5) mult.commute vec_vec_Tensor_elements)
0.sledgehammer goal.by         3697ms Matrix_Tensor.Matrix_Tensor 1330:47293  some (SH 3696ms, ATP 1464ms): Try this: by (smt (cvc5))
0.sledgehammer goal.using      5303ms Matrix_Tensor.Matrix_Tensor 1332:47418  some (SH 5302ms, ATP 1275ms): Try this: by (smt (cvc5) nth_Cons_0 vec_mat_Tensor.simps(2))
0.sledgehammer goal.by         4676ms Matrix_Tensor.Matrix_Tensor 1332:47448  some (SH 4675ms, ATP 1576ms): Try this: by (smt (cvc5) nth_Cons_0)
0.sledgehammer goal.by         4717ms Matrix_Tensor.Matrix_Tensor 1339:47773  some (SH 4717ms, ATP 1436ms): Try this: by (smt (cvc5) nth_Cons_0)
0.sledgehammer goal.by         3861ms Matrix_Tensor.Matrix_Tensor 1341:47820  some (SH 3861ms, ATP 1245ms): Try this: by (smt (cvc5) "2" \<open>a \<noteq> []\<close> length_greater_0_conv length_greater_0_conv less_numeral_extra(3) row_length_Nil)
0.sledgehammer goal.by         4297ms Matrix_Tensor.Matrix_Tensor 1351:48289  some (SH 4296ms, ATP 1655ms): Try this: by (smt (cvc5))
0.sledgehammer goal.proof     18531ms Matrix_Tensor.Matrix_Tensor 1360:48689  timeout (SH 18530ms): Timed out
0.sledgehammer goal.by         7451ms Matrix_Tensor.Matrix_Tensor 1363:48768  some (SH 7450ms, ATP 1621ms): Try this: by (smt (cvc5) One_nat_def Suc_eq_plus1 \<open>0 < length (a # M)\<close> bot_nat_0.not_eq_extremum length_reduct list.size(3) local.Nil reduct.simps(2))
0.sledgehammer goal.by         8233ms Matrix_Tensor.Matrix_Tensor 1365:48840  some (SH 8232ms, ATP 1683ms): Try this: by (smt (cvc5) less_one)
0.sledgehammer goal.using      7050ms Matrix_Tensor.Matrix_Tensor 1373:49270  some (SH 7050ms, ATP 1297ms): Try this: by (smt (cvc5) "6" local.Nil)
0.sledgehammer goal.by         3214ms Matrix_Tensor.Matrix_Tensor 1373:49282  some (SH 3213ms, ATP 930ms): Try this: by (smt (cvc5))
0.sledgehammer goal.using      4039ms Matrix_Tensor.Matrix_Tensor 1374:49315  some (SH 4038ms, ATP 1677ms): Try this: by (smt (cvc5) local.Nil)
0.sledgehammer goal.by         3070ms Matrix_Tensor.Matrix_Tensor 1374:49325  some (SH 3069ms, ATP 1087ms): Try this: by (smt (cvc5))
0.sledgehammer goal.using      3786ms Matrix_Tensor.Matrix_Tensor 1379:49510  some (SH 3785ms, ATP 1506ms): Try this: by (smt (cvc5) row_length_eq)
0.sledgehammer goal.by         3786ms Matrix_Tensor.Matrix_Tensor 1379:49530  some (SH 3786ms, ATP 1650ms): Try this: by (smt (cvc5))
0.sledgehammer goal.using      7143ms Matrix_Tensor.Matrix_Tensor 1383:49703  some (SH 7143ms, ATP 1347ms): Try this: by (smt (cvc5) Int.nat_int Suc_nat_eq_nat_zadd1 nth_Cons_Suc of_nat_0_less_iff vec_mat_Tensor.simps(2))
0.sledgehammer goal.using      7025ms Matrix_Tensor.Matrix_Tensor 1383:49733  some (SH 7024ms, ATP 883ms): Try this: by (smt (cvc5) Int.nat_int Suc_nat_eq_nat_zadd1 nth_Cons_Suc of_nat_0_less_iff)
0.sledgehammer goal.by         6829ms Matrix_Tensor.Matrix_Tensor 1383:49752  some (SH 6829ms, ATP 696ms): Try this: by (smt (cvc5))
0.sledgehammer goal.using      7154ms Matrix_Tensor.Matrix_Tensor 1393:50228  some (SH 7154ms, ATP 1092ms): Try this: by (smt (cvc5) Cons.hyps local.Cons mult.commute)
0.sledgehammer goal.by         7029ms Matrix_Tensor.Matrix_Tensor 1393:50262  some (SH 7029ms, ATP 639ms): Try this: by (smt (cvc5))
0.sledgehammer goal.by         7495ms Matrix_Tensor.Matrix_Tensor 1396:50421  some (SH 7495ms, ATP 637ms): Try this: by (smt (cvc5) One_nat_def add_diff_cancel_right' less_diff_conv list.size(4))
0.sledgehammer goal.by         7047ms Matrix_Tensor.Matrix_Tensor 1400:50563  some (SH 7046ms, ATP 828ms): Try this: by (smt (cvc5) Int.nat_int Suc_nat_eq_nat_zadd1 length_Cons nat_add_left_cancel_less of_nat_0_less_iff plus_1_eq_Suc)
0.sledgehammer goal.using      2603ms Matrix_Tensor.Matrix_Tensor 1409:50968  some (SH 2602ms, ATP 439ms): Try this: by (smt (cvc5) "9")
0.sledgehammer goal.by         2305ms Matrix_Tensor.Matrix_Tensor 1409:51002  some (SH 2304ms, ATP 496ms): Try this: by (smt (cvc5))
0.sledgehammer goal.by         2997ms Matrix_Tensor.Matrix_Tensor 1419:51445  some (SH 2997ms, ATP 544ms): Try this: by (smt (cvc5))
0.sledgehammer goal.using      7169ms Matrix_Tensor.Matrix_Tensor 1421:51532  some (SH 7168ms, ATP 676ms): Try this: by (smt (cvc5) list_int_nat)
0.sledgehammer goal.by         6841ms Matrix_Tensor.Matrix_Tensor 1421:51551  some (SH 6841ms, ATP 681ms): Try this: by (smt (cvc5))
0.sledgehammer goal.by         7982ms Matrix_Tensor.Matrix_Tensor 1431:52050  some (SH 7981ms, ATP 1133ms): Try this: by (smt (cvc5) calculation(1,2))
0.sledgehammer goal.using      6846ms Matrix_Tensor.Matrix_Tensor 1442:52571  some (SH 6845ms, ATP 1165ms): Try this: by (smt (cvc5) reduct_matrix)
0.sledgehammer goal.by         3194ms Matrix_Tensor.Matrix_Tensor 1442:52591  some (SH 3194ms, ATP 1061ms): Try this: by (smt (cvc5))
0.sledgehammer goal.by         3856ms Matrix_Tensor.Matrix_Tensor 1445:52755  some (SH 3855ms, ATP 1312ms): Try this: by (smt (cvc5) "7")
0.sledgehammer goal.by         3551ms Matrix_Tensor.Matrix_Tensor 1453:53223  some (SH 3550ms, ATP 998ms): Try this: by (smt (cvc5) "7" calculation(3))
0.sledgehammer goal.by         7234ms Matrix_Tensor.Matrix_Tensor 1455:53311  some (SH 7233ms, ATP 552ms): Try this: by (smt (cvc5) bot_nat_0.not_eq_extremum)
0.sledgehammer goal.using      3539ms Matrix_Tensor.Matrix_Tensor 1465:53743  some (SH 3539ms, ATP 1011ms): Try this: by (smt (cvc5) local.Cons)
0.sledgehammer goal.by         3122ms Matrix_Tensor.Matrix_Tensor 1465:53755  some (SH 3122ms, ATP 1076ms): Try this: by (smt (cvc5))
0.sledgehammer goal.by         3663ms Matrix_Tensor.Matrix_Tensor 1466:53794  some (SH 3662ms, ATP 1037ms): Try this: by (smt (cvc5) local.Cons)
0.sledgehammer goal.by         5106ms Matrix_Tensor.Matrix_Tensor 1468:53847  some (SH 5106ms, ATP 1064ms): Try this: by (smt (cvc5) mult.commute)
0.sledgehammer goal.by         3260ms Matrix_Tensor.Matrix_Tensor 1470:53900  some (SH 3259ms, ATP 916ms): Try this: by (smt (cvc5))
0.sledgehammer goal.apply     18071ms Matrix_Tensor.Matrix_Tensor 1487:54489  timeout (SH 18071ms): Timed out
0.sledgehammer goal.apply     17713ms Matrix_Tensor.Matrix_Tensor 1488:54507  timeout (SH 17713ms): Timed out
0.sledgehammer goal.proof     17664ms Matrix_Tensor.Matrix_Tensor 1489:54525  timeout (SH 17663ms): Timed out
0.sledgehammer goal.using      3810ms Matrix_Tensor.Matrix_Tensor 1492:54592  some (SH 3809ms, ATP 1270ms): Try this: by (smt (cvc5) row_length_Nil)
0.sledgehammer goal.by         3272ms Matrix_Tensor.Matrix_Tensor 1492:54613  some (SH 3271ms, ATP 1478ms): Try this: by (smt (cvc5))
0.sledgehammer goal.by         2480ms Matrix_Tensor.Matrix_Tensor 1494:54693  some (SH 2479ms, ATP 585ms): Try this: by (smt (cvc5) lambda_zero not_less0)
0.sledgehammer goal.by         3956ms Matrix_Tensor.Matrix_Tensor 1500:54987  some (SH 3956ms, ATP 1543ms): Try this: by (smt (cvc5))
0.sledgehammer goal.by         3523ms Matrix_Tensor.Matrix_Tensor 1502:55039  some (SH 3522ms, ATP 972ms): Try this: by (smt (cvc5) Tensor.simps(1))
0.sledgehammer goal.by         3585ms Matrix_Tensor.Matrix_Tensor 1512:55491  some (SH 3584ms, ATP 562ms): Try this: by (smt (cvc5) \<open>i < row_length [] * row_length M2 \<longrightarrow> False\<close>)
0.sledgehammer goal.by         4207ms Matrix_Tensor.Matrix_Tensor 1513:55517  some (SH 4206ms, ATP 1179ms): Try this: by (smt (cvc5) calculation(1))
0.sledgehammer goal.by         3477ms Matrix_Tensor.Matrix_Tensor 1518:55627  some (SH 3476ms, ATP 1290ms): Try this: by (smt (cvc5) Tensor.simps(2))
0.sledgehammer goal.using      7943ms Matrix_Tensor.Matrix_Tensor 1521:55733  some (SH 7942ms, ATP 1372ms): Try this: by (smt (cvc5) append_simpl vec_mat_Tensor_length)
0.sledgehammer goal.by         3435ms Matrix_Tensor.Matrix_Tensor 1521:55774  some (SH 3434ms, ATP 1308ms): Try this: by (smt (cvc5))
0.sledgehammer goal.using      3624ms Matrix_Tensor.Matrix_Tensor 1525:55997  some (SH 3623ms, ATP 1284ms): Try this: by (smt (cvc5) vec_mat_Tensor_elements)
0.sledgehammer goal.by         3374ms Matrix_Tensor.Matrix_Tensor 1525:56027  some (SH 3374ms, ATP 1387ms): Try this: by (smt (cvc5))
0.sledgehammer goal.by         2651ms Matrix_Tensor.Matrix_Tensor 1527:56099  some (SH 2651ms, ATP 450ms): Try this: by (smt (cvc5) div_less)
0.sledgehammer goal.by         3454ms Matrix_Tensor.Matrix_Tensor 1529:56184  some (SH 3454ms, ATP 611ms): Try this: by (smt (cvc5) nth_Cons_0)
0.sledgehammer goal.by         2697ms Matrix_Tensor.Matrix_Tensor 1531:56256  some (SH 2697ms, ATP 516ms): Try this: by (smt (cvc5) mod_less)
0.sledgehammer goal.by         3332ms Matrix_Tensor.Matrix_Tensor 1533:56349  some (SH 3331ms, ATP 542ms): Try this: by (smt (cvc5) calculation)
0.sledgehammer goal.using      5109ms Matrix_Tensor.Matrix_Tensor 1543:56787  some (SH 5108ms, ATP 1244ms): Try this: by (smt (cvc5) "1" "2" calculation vec_mat_Tensor_elements)
0.sledgehammer goal.by         3413ms Matrix_Tensor.Matrix_Tensor 1543:56837  some (SH 3413ms, ATP 1071ms): Try this: by (smt (cvc5))
0.sledgehammer goal.using      7342ms Matrix_Tensor.Matrix_Tensor 1554:57319  some (SH 7341ms, ATP 1327ms): Try this: by (smt (cvc5) list.distinct(1) list.sel(1) mult.commute row_length_def step0)
0.sledgehammer goal.by         6797ms Matrix_Tensor.Matrix_Tensor 1554:57347  some (SH 6797ms, ATP 1445ms): Try this: by (smt (cvc5) list.distinct(1) list.sel(1) mult.commute)
0.sledgehammer goal.using      3769ms Matrix_Tensor.Matrix_Tensor 1557:57458  some (SH 3768ms, ATP 1238ms): Try this: by (smt (cvc5) append_simpl2 vec_mat_Tensor_length)
0.sledgehammer goal.by         2547ms Matrix_Tensor.Matrix_Tensor 1557:57512  some (SH 2546ms, ATP 1000ms): Try this: by (smt (cvc5))
0.sledgehammer goal.using      7049ms Matrix_Tensor.Matrix_Tensor 1568:58020  some (SH 7048ms, ATP 716ms): Try this: by (smt (cvc5) local.Cons)
0.sledgehammer goal.by         2457ms Matrix_Tensor.Matrix_Tensor 1568:58036  some (SH 2456ms, ATP 703ms): Try this: by (smt (cvc5))
0.sledgehammer goal.using      3612ms Matrix_Tensor.Matrix_Tensor 1571:58183  some (SH 3611ms, ATP 1326ms): Try this: by (smt (cvc5) reduct_matrix)
0.sledgehammer goal.by         3225ms Matrix_Tensor.Matrix_Tensor 1571:58203  some (SH 3224ms, ATP 1276ms): Try this: by (smt (cvc5))
0.sledgehammer goal.using      3300ms Matrix_Tensor.Matrix_Tensor 1582:58690  some (SH 3299ms, ATP 460ms): Try this: by (smt (cvc5) "4" calculation(3))
0.sledgehammer goal.by         2776ms Matrix_Tensor.Matrix_Tensor 1582:58713  some (SH 2776ms, ATP 505ms): Try this: by (smt (cvc5))
0.sledgehammer goal.by        34796ms Matrix_Tensor.Matrix_Tensor 1585:58847  some (SH 34796ms, ATP 994ms): Try this: by (smt (cvc5) \<open>j < length M2 \<longrightarrow> j div length M2 = 0\<close> add_less_cancel_right div_less_iff_less_mult div_self less_add_same_cancel2 mult_is_0 nat_div not_less_iff_gr_or_eq not_less_zero)
0.sledgehammer goal.by         7112ms Matrix_Tensor.Matrix_Tensor 1590:59004  some (SH 7111ms, ATP 767ms): Try this: by (smt (cvc5) One_nat_def list.size(4))
0.sledgehammer goal.using     16120ms Matrix_Tensor.Matrix_Tensor 1595:59143  some (SH 16119ms, ATP 3800ms): Try this: by (smt (cvc5) Euclidean_Rings.div_eq_0_iff Nat.le_imp_diff_is_add cancel_comm_monoid_add_class.diff_cancel cvc_arith_rewrite_defs(5) div_by_1 div_if le_eq_less_or_eq length_0_conv length_greater_0_conv nat_div zero_diff)
0.sledgehammer goal.by         6762ms Matrix_Tensor.Matrix_Tensor 1597:59264  some (SH 6761ms, ATP 572ms): Try this: by (smt (cvc5) Euclidean_Rings.div_eq_0_iff list.size(3))
0.sledgehammer goal.by         2363ms Matrix_Tensor.Matrix_Tensor 1603:59437  some (SH 2363ms, ATP 374ms): Try this: by (smt (cvc5))
0.sledgehammer goal.proof     18436ms Matrix_Tensor.Matrix_Tensor 1615:59893  timeout (SH 18435ms): Timed out
0.sledgehammer goal.using      4812ms Matrix_Tensor.Matrix_Tensor 1618:59986  some (SH 4812ms, ATP 1287ms): Try this: by (smt (cvc5) local.Nil mult_is_0 row_length_Nil)
0.sledgehammer goal.by         3246ms Matrix_Tensor.Matrix_Tensor 1618:60024  some (SH 3245ms, ATP 1152ms): Try this: by (smt (cvc5))
0.sledgehammer goal.by         6938ms Matrix_Tensor.Matrix_Tensor 1620:60110  some (SH 6937ms, ATP 1144ms): Try this: by (smt (cvc5) not_less0)
0.sledgehammer goal.by         3117ms Matrix_Tensor.Matrix_Tensor 1627:60443  some (SH 3117ms, ATP 974ms): Try this: by (smt (cvc5))
0.sledgehammer goal.by         3011ms Matrix_Tensor.Matrix_Tensor 1628:60473  some (SH 3010ms, ATP 866ms): Try this: by (smt (cvc5))
0.sledgehammer goal.using      7155ms Matrix_Tensor.Matrix_Tensor 1633:60589  some (SH 7155ms, ATP 965ms): Try this: by (smt (cvc5) nth_Cons_pos order_less_le_trans zero_less_one)
0.sledgehammer goal.by         3085ms Matrix_Tensor.Matrix_Tensor 1633:60623  some (SH 3085ms, ATP 761ms): Try this: by (smt (cvc5))
0.sledgehammer goal.using      6981ms Matrix_Tensor.Matrix_Tensor 1635:60702  some (SH 6980ms, ATP 1300ms): Try this: by (smt (cvc5) One_nat_def Suc_leI div_greater_zero_iff length_greater_0_conv list.distinct(1))
0.sledgehammer goal.by         3376ms Matrix_Tensor.Matrix_Tensor 1635:60758  some (SH 3375ms, ATP 1073ms): Try this: by (smt (cvc5))
0.sledgehammer goal.by         3234ms Matrix_Tensor.Matrix_Tensor 1637:60852  some (SH 3233ms, ATP 435ms): Try this: by (smt (cvc5) bot_nat_0.extremum)
0.sledgehammer goal.using      6380ms Matrix_Tensor.Matrix_Tensor 1641:61037  some (SH 6380ms, ATP 594ms): Try this: by (smt (cvc5) calculation(1) nth_Cons_pos order_less_le_trans zero_less_one)
0.sledgehammer goal.by         2284ms Matrix_Tensor.Matrix_Tensor 1641:61084  some (SH 2283ms, ATP 503ms): Try this: by (smt (cvc5))
0.sledgehammer goal.using      4192ms Matrix_Tensor.Matrix_Tensor 1645:61288  some (SH 4191ms, ATP 597ms): Try this: by (smt (cvc5) local.Cons)
0.sledgehammer goal.by         2386ms Matrix_Tensor.Matrix_Tensor 1645:61299  some (SH 2386ms, ATP 515ms): Try this: by (smt (cvc5))
0.sledgehammer goal.using      7184ms Matrix_Tensor.Matrix_Tensor 1649:61479  some (SH 7184ms, ATP 951ms): Try this: by (smt (cvc5) le_mod_geq)
0.sledgehammer goal.by         2255ms Matrix_Tensor.Matrix_Tensor 1649:61501  some (SH 2254ms, ATP 496ms): Try this: by (smt (cvc5))
0.sledgehammer goal.using      2921ms Matrix_Tensor.Matrix_Tensor 1660:61980  some (SH 2921ms, ATP 605ms): Try this: by (smt (cvc5) local.Cons)
0.sledgehammer goal.by         2628ms Matrix_Tensor.Matrix_Tensor 1660:61991  some (SH 2628ms, ATP 554ms): Try this: by (smt (cvc5))
0.sledgehammer goal.using     17956ms Matrix_Tensor.Matrix_Tensor 1671:62526  some (SH 17956ms, ATP 988ms): Try this: by (smt (cvc5) "0" \<open>j < length M2 \<longrightarrow> j div length M2 = 0\<close> add_diff_inverse_nat append_simpl3 calculation(1) cancel_comm_monoid_add_class.diff_cancel length_Tensor length_append length_greater_0_conv linorder_neqE_nat list.size(3) local.Cons not_one_le_zero vec_mat_Tensor_length)
0.sledgehammer goal.by        18457ms Matrix_Tensor.Matrix_Tensor 1671:62534  some (SH 18456ms, ATP 962ms): Try this: by (smt (cvc5) "0" \<open>j < length M2 \<longrightarrow> j div length M2 = 0\<close> append_simpl3 calculation(1) cancel_comm_monoid_add_class.diff_cancel le_add_diff_inverse length_Tensor length_append length_greater_0_conv list.size(3) local.Cons nat_neq_iff not_one_le_zero vec_mat_Tensor_length)
0.sledgehammer goal.using      7018ms Matrix_Tensor.Matrix_Tensor 1682:63038  some (SH 7018ms, ATP 917ms): Try this: by (smt (cvc5) "3" local.Cons)
0.sledgehammer goal.by         2918ms Matrix_Tensor.Matrix_Tensor 1682:63051  some (SH 2917ms, ATP 491ms): Try this: by (smt (cvc5))
0.sledgehammer goal.proof     21194ms Matrix_Tensor.Matrix_Tensor 1693:63557  some (SH 21194ms, ATP 4516ms): Try this: by (smt (cvc5) "0" "11" "9" \<open>mat (row_length (v # M)) (length (v # M)) (v # M) \<longrightarrow> mat (row_length M) (length M) M\<close> add.commute length_Tensor length_append less_diff_conv2 less_mult_imp_div_less local.Cons mat_def nth_mem vec_def vec_mat_Tensor_length)
0.sledgehammer goal.by         6111ms Matrix_Tensor.Matrix_Tensor 1696:63642  some (SH 6110ms, ATP 1601ms): Try this: by (smt (cvc5) One_nat_def Suc_eq_plus1 length_reduct list.distinct(1) list.size(3) reduct.simps(2))
0.sledgehammer goal.by         7771ms Matrix_Tensor.Matrix_Tensor 1699:63762  some (SH 7770ms, ATP 1115ms): Try this: by (smt (cvc5) mult_1)
0.sledgehammer goal.using      8912ms Matrix_Tensor.Matrix_Tensor 1702:63865  some (SH 8911ms, ATP 1048ms): Try this: by (smt (cvc5) list.distinct(1) list.sel(1) row_length_def)
0.sledgehammer goal.by         3976ms Matrix_Tensor.Matrix_Tensor 1702:63886  some (SH 3975ms, ATP 1872ms): Try this: by (smt (cvc5) list.distinct(1) list.sel(1))
0.sledgehammer goal.using      4008ms Matrix_Tensor.Matrix_Tensor 1706:64064  some (SH 4007ms, ATP 1065ms): Try this: by (smt (cvc5) local.Nil)
0.sledgehammer goal.by         3271ms Matrix_Tensor.Matrix_Tensor 1706:64074  some (SH 3270ms, ATP 1210ms): Try this: by (smt (cvc5))
0.sledgehammer goal.by         3971ms Matrix_Tensor.Matrix_Tensor 1708:64166  some (SH 3971ms, ATP 439ms): Try this: by (smt (cvc5) \<open>j < length M2 \<longrightarrow> j div length M2 = 0\<close> local.Cons)
0.sledgehammer goal.using      3816ms Matrix_Tensor.Matrix_Tensor 1711:64292  some (SH 3815ms, ATP 1060ms): Try this: by (smt (cvc5) "2" local.Cons)
0.sledgehammer goal.by         3214ms Matrix_Tensor.Matrix_Tensor 1711:64302  some (SH 3213ms, ATP 1173ms): Try this: by (smt (cvc5) "2" local.Cons)
0.sledgehammer goal.by         3797ms Matrix_Tensor.Matrix_Tensor 1714:64417  some (SH 3796ms, ATP 1549ms): Try this: by (smt (cvc5) \<open>j < length M2 \<longrightarrow> j mod length M2 = j\<close> local.Cons)
0.sledgehammer goal.using      7993ms Matrix_Tensor.Matrix_Tensor 1716:64504  some (SH 7993ms, ATP 1183ms): Try this: by (smt (cvc5) "0" Tensor.simps(1) append.right_neutral local.Cons local.Nil)
0.sledgehammer goal.by         3847ms Matrix_Tensor.Matrix_Tensor 1717:64562  some (SH 3846ms, ATP 1260ms): Try this: by (smt (cvc5) append.right_neutral)
0.sledgehammer goal.by         3393ms Matrix_Tensor.Matrix_Tensor 1726:65056  some (SH 3393ms, ATP 941ms): Try this: by (smt (cvc5))
0.sledgehammer goal.using      6185ms Matrix_Tensor.Matrix_Tensor 1734:65430  some (SH 6184ms, ATP 965ms): Try this: by (smt (cvc5) Nil1 Nil2 local.Nil)
0.sledgehammer goal.by         3017ms Matrix_Tensor.Matrix_Tensor 1734:65450  some (SH 3017ms, ATP 823ms): Try this: by (smt (cvc5))
0.sledgehammer goal.using      7891ms Matrix_Tensor.Matrix_Tensor 1743:65888  some (SH 7891ms, ATP 1169ms): Try this: by (smt (cvc5) "2" Nil1 Nil4 Nil5 local.Cons local.Nil)
0.sledgehammer goal.by         3003ms Matrix_Tensor.Matrix_Tensor 1743:65914  some (SH 3002ms, ATP 887ms): Try this: by (smt (cvc5) Nil1)
0.sledgehammer goal.by         3342ms Matrix_Tensor.Matrix_Tensor 1752:66408  some (SH 3341ms, ATP 782ms): Try this: by (smt (cvc5))
0.sledgehammer goal.by         3182ms Matrix_Tensor.Matrix_Tensor 1753:66445  some (SH 3181ms, ATP 768ms): Try this: by (smt (cvc5))
0.sledgehammer goal.using      4116ms Matrix_Tensor.Matrix_Tensor 1757:66591  some (SH 4116ms, ATP 1237ms): Try this: by (smt (cvc5) local.Cons row_length_eq)
0.sledgehammer goal.by         3030ms Matrix_Tensor.Matrix_Tensor 1757:66616  some (SH 3029ms, ATP 1128ms): Try this: by (smt (cvc5))
0.sledgehammer goal.by         3378ms Matrix_Tensor.Matrix_Tensor 1758:66657  some (SH 3378ms, ATP 570ms): Try this: by (smt (cvc5))
0.sledgehammer goal.using      3271ms Matrix_Tensor.Matrix_Tensor 1760:66700  some (SH 3270ms, ATP 533ms): Try this: by (smt (cvc5) local.Cons)
0.sledgehammer goal.by         3533ms Matrix_Tensor.Matrix_Tensor 1760:66711  some (SH 3532ms, ATP 497ms): Try this: by (smt (cvc5))
0.sledgehammer goal.by         3436ms Matrix_Tensor.Matrix_Tensor 1762:66774  some (SH 3435ms, ATP 548ms): Try this: by (smt (cvc5) cvc_arith_rewrite_defs(5))
0.sledgehammer goal.using      4027ms Matrix_Tensor.Matrix_Tensor 1772:67225  some (SH 4026ms, ATP 727ms): Try this: by (smt (cvc5) mult.commute)
0.sledgehammer goal.by         2401ms Matrix_Tensor.Matrix_Tensor 1772:67245  some (SH 2400ms, ATP 536ms): Try this: by (smt (cvc5))
0.sledgehammer goal.by         3884ms Matrix_Tensor.Matrix_Tensor 1773:67278  some (SH 3884ms, ATP 444ms): Try this: by (smt (cvc5) \<open>j < length M2 \<or> length M2 \<le> j\<close> step1 step2)
0.sledgehammer goal.using      4337ms Matrix_Tensor.Matrix_Tensor 1788:67726  some (SH 4337ms, ATP 1277ms): Try this: by (smt (cvc5) matrix_Tensor_elements)
0.sledgehammer goal.by         3212ms Matrix_Tensor.Matrix_Tensor 1788:67755  some (SH 3212ms, ATP 1099ms): Try this: by (smt (cvc5))
0.sledgehammer goal.using      5748ms Matrix_Tensor.Matrix_Tensor 1798:68125  some (SH 5747ms, ATP 1219ms): Try this: by (smt (cvc5) assms(1,2,3,4) matrix_Tensor_elements)
0.sledgehammer goal.by         3235ms Matrix_Tensor.Matrix_Tensor 1798:68160  some (SH 3234ms, ATP 1109ms): Try this: by (smt (cvc5))
0.sledgehammer goal.proof      7029ms Matrix_Tensor.Matrix_Tensor 1806:68324  some (SH 7028ms, ATP 125ms): Try this: by (smt (cvc5) assms less_mult_imp_div_less)
0.sledgehammer goal.by         3015ms Matrix_Tensor.Matrix_Tensor 1809:68412  some (SH 3015ms, ATP 514ms): Try this: by (smt (cvc5) assms less_mult_imp_div_less)
0.sledgehammer goal.by         3535ms Matrix_Tensor.Matrix_Tensor 1811:68463  some (SH 3534ms, ATP 485ms): Try this: by (smt (cvc5) "0" assms less_mult_imp_div_less)
0.sledgehammer goal.using      3589ms Matrix_Tensor.Matrix_Tensor 1813:68524  some (SH 3589ms, ATP 622ms): Try this: by (smt (cvc5) "0" assms less_mult_imp_div_less)
0.sledgehammer goal.by         3090ms Matrix_Tensor.Matrix_Tensor 1815:68660  some (SH 3089ms, ATP 514ms): Try this: by (smt (cvc5))
0.sledgehammer goal.by         3570ms Matrix_Tensor.Matrix_Tensor 1817:68711  some (SH 3570ms, ATP 519ms): Try this: by (smt (cvc5) "0" assms less_mult_imp_div_less)
0.sledgehammer goal.using      3547ms Matrix_Tensor.Matrix_Tensor 1819:68752  some (SH 3546ms, ATP 463ms): Try this: by (smt (cvc5) "0" assms less_mult_imp_div_less)
0.sledgehammer goal.by         3121ms Matrix_Tensor.Matrix_Tensor 1819:68760  some (SH 3120ms, ATP 571ms): Try this: by (smt (cvc5) "0" assms less_mult_imp_div_less)
0.sledgehammer goal.by         3130ms Matrix_Tensor.Matrix_Tensor 1821:68815  some (SH 3129ms, ATP 518ms): Try this: by (smt (cvc5) "0" assms less_mult_imp_div_less)
0.sledgehammer goal.by         5160ms Matrix_Tensor.Matrix_Tensor 1823:68862  some (SH 5160ms, ATP 500ms): Try this: by (smt (cvc5) "0" assms less_mult_imp_div_less)
0.sledgehammer goal.using      3535ms Matrix_Tensor.Matrix_Tensor 1825:68917  some (SH 3534ms, ATP 588ms): Try this: by (smt (cvc5) "0" assms less_mult_imp_div_less)
0.sledgehammer goal.by         3102ms Matrix_Tensor.Matrix_Tensor 1827:69026  some (SH 3102ms, ATP 522ms): Try this: by (smt (cvc5) "0" less_mult_imp_div_less)
0.sledgehammer goal.by        32293ms Matrix_Tensor.Matrix_Tensor 1829:69077  some (SH 32292ms, ATP 476ms): Try this: by (smt (cvc5) "0" assms less_mult_imp_div_less)
0.sledgehammer goal.using      6961ms Matrix_Tensor.Matrix_Tensor 1831:69118  some (SH 6960ms, ATP 483ms): Try this: by (smt (cvc5) "0" assms less_mult_imp_div_less)
0.sledgehammer goal.by         2670ms Matrix_Tensor.Matrix_Tensor 1831:69130  some (SH 2669ms, ATP 521ms): Try this: by (smt (cvc5) "0" less_mult_imp_div_less)
0.sledgehammer goal.by         2597ms Matrix_Tensor.Matrix_Tensor 1833:69171  some (SH 2597ms, ATP 455ms): Try this: by (smt (cvc5) bot_nat_0.extremum)
0.sledgehammer goal.using      3392ms Matrix_Tensor.Matrix_Tensor 1835:69220  some (SH 3392ms, ATP 453ms): Try this: by (smt (cvc5) "0" assms less_mult_imp_div_less)
0.sledgehammer goal.by         2203ms Matrix_Tensor.Matrix_Tensor 1835:69258  some (SH 2202ms, ATP 447ms): Try this: by (smt (cvc5))
0.sledgehammer goal.using      3094ms Matrix_Tensor.Matrix_Tensor 1837:69312  some (SH 3093ms, ATP 534ms): Try this: by (smt (cvc5) "0" assms less_mult_imp_div_less)
0.sledgehammer goal.by         3268ms Matrix_Tensor.Matrix_Tensor 1837:69324  some (SH 3267ms, ATP 614ms): Try this: by (smt (cvc5) "0" less_mult_imp_div_less)
0.sledgehammer goal.by         3741ms Matrix_Tensor.Matrix_Tensor 1839:69379  some (SH 3740ms, ATP 641ms): Try this: by (smt (cvc5) "0" assms less_mult_imp_div_less)
0.sledgehammer goal.by         2375ms Matrix_Tensor.Matrix_Tensor 1841:69446  some (SH 2375ms, ATP 60ms): Try this: by (smt (cvc5) assms less_mult_imp_div_less)
0.sledgehammer goal.using      2104ms Matrix_Tensor.Matrix_Tensor 1843:69493  some (SH 2103ms, ATP 271ms): Try this: by (smt (cvc5) "0")
0.sledgehammer goal.by         1786ms Matrix_Tensor.Matrix_Tensor 1843:69501  some (SH 1785ms, ATP 249ms): Try this: by (smt (cvc5))
0.sledgehammer goal.using      2738ms Matrix_Tensor.Matrix_Tensor 1844:69526  some (SH 2737ms, ATP 460ms): Try this: by (smt (cvc5) "7" "8")
0.sledgehammer goal.by         2146ms Matrix_Tensor.Matrix_Tensor 1844:69536  some (SH 2145ms, ATP 309ms): Try this: by (smt (cvc5))
0.sledgehammer goal.using      3427ms Matrix_Tensor.Matrix_Tensor 1850:69623  some (SH 3427ms, ATP 86ms): Try this: by (smt (cvc5) assms div_left_ineq mult.commute)
0.sledgehammer goal.by         4963ms Matrix_Tensor.Matrix_Tensor 1850:69664  some (SH 4963ms, ATP 462ms): Try this: by (smt (cvc5))
0.sledgehammer goal.unfolding 19652ms Matrix_Tensor.Matrix_Tensor 1860:69963  timeout (SH 19651ms): Timed out
0.sledgehammer goal.apply     17806ms Matrix_Tensor.Matrix_Tensor 1861:69983  timeout (SH 17806ms): Timed out
0.sledgehammer goal.proof     17804ms Matrix_Tensor.Matrix_Tensor 1862:70001  timeout (SH 17803ms): Timed out
0.sledgehammer goal.using      3403ms Matrix_Tensor.Matrix_Tensor 1864:70042  some (SH 3402ms, ATP 1138ms): Try this: by (smt (cvc5) list.size(3) not_less_zero)
0.sledgehammer goal.by         3442ms Matrix_Tensor.Matrix_Tensor 1864:70052  some (SH 3442ms, ATP 1093ms): Try this: by (smt (cvc5) list.size(3) not_less_zero)
0.sledgehammer goal.using      3972ms Matrix_Tensor.Matrix_Tensor 1869:70208  some (SH 3972ms, ATP 1522ms): Try this: by (smt (cvc5) vec_mat_Tensor.simps(2))
0.sledgehammer goal.by         3274ms Matrix_Tensor.Matrix_Tensor 1869:70240  some (SH 3274ms, ATP 1068ms): Try this: by (smt (cvc5))
0.sledgehammer goal.proof     37503ms Matrix_Tensor.Matrix_Tensor 1871:70270  some (SH 37503ms, ATP 1984ms): Try this: by (smt (cvc5) diff_less length_Cons less_Suc_eq less_imp_diff_less local.Cons nat_neq_iff not_less_zero nth_Cons' zero_less_one)
0.sledgehammer goal.by         4091ms Matrix_Tensor.Matrix_Tensor 1874:70371  some (SH 4090ms, ATP 1142ms): Try this: by (smt (cvc5) Cons_1 nth_Cons_0)
0.sledgehammer goal.using      7845ms Matrix_Tensor.Matrix_Tensor 1875:70402  some (SH 7845ms, ATP 1353ms): Try this: by (smt (cvc5) "0" nth_Cons_0)
0.sledgehammer goal.by         3117ms Matrix_Tensor.Matrix_Tensor 1875:70410  some (SH 3117ms, ATP 1071ms): Try this: by (smt (cvc5) nth_Cons_0)
0.sledgehammer goal.using      4556ms Matrix_Tensor.Matrix_Tensor 1879:70526  some (SH 4555ms, ATP 1366ms): Try this: by (smt (cvc5) Cons_1 Suc nth_Cons_Suc)
0.sledgehammer goal.by         3307ms Matrix_Tensor.Matrix_Tensor 1879:70543  some (SH 3306ms, ATP 1058ms): Try this: by (smt (cvc5) nth_Cons_Suc)
0.sledgehammer goal.using      4379ms Matrix_Tensor.Matrix_Tensor 1881:70618  some (SH 4379ms, ATP 1382ms): Try this: by (smt (cvc5) Suc Suc_less_eq length_Cons)
0.sledgehammer goal.by         3507ms Matrix_Tensor.Matrix_Tensor 1881:70629  some (SH 3507ms, ATP 1242ms): Try this: by (smt (cvc5) Suc_less_eq length_Cons)
0.sledgehammer goal.using      3659ms Matrix_Tensor.Matrix_Tensor 1884:70794  some (SH 3658ms, ATP 1215ms): Try this: by (smt (cvc5) local.Cons)
0.sledgehammer goal.by         3286ms Matrix_Tensor.Matrix_Tensor 1884:70811  some (SH 3285ms, ATP 1089ms): Try this: by (smt (cvc5))
0.sledgehammer goal.using      4193ms Matrix_Tensor.Matrix_Tensor 1885:70848  some (SH 4192ms, ATP 1188ms): Try this: by (smt (cvc5) Suc nth_Cons_Suc)
0.sledgehammer goal.by         3302ms Matrix_Tensor.Matrix_Tensor 1885:70858  some (SH 3301ms, ATP 1024ms): Try this: by (smt (cvc5) nth_Cons_Suc)
0.sledgehammer goal.using      7559ms Matrix_Tensor.Matrix_Tensor 1892:71010  some (SH 7558ms, ATP 1512ms): Try this: by (smt (cvc5) assms col_vec_mat_Tensor_prelim)
0.sledgehammer goal.by         3254ms Matrix_Tensor.Matrix_Tensor 1892:71048  some (SH 3253ms, ATP 1303ms): Try this: by (smt (cvc5))
0.sledgehammer goal.apply     18114ms Matrix_Tensor.Matrix_Tensor 1903:71402  timeout (SH 18113ms): Timed out
0.sledgehammer goal.proof     17886ms Matrix_Tensor.Matrix_Tensor 1904:71421  timeout (SH 17885ms): Timed out
0.sledgehammer goal.using      3672ms Matrix_Tensor.Matrix_Tensor 1906:71463  some (SH 3671ms, ATP 613ms): Try this: by (smt (cvc5) lambda_zero list.size(3) not_less_zero)
0.sledgehammer goal.by         3734ms Matrix_Tensor.Matrix_Tensor 1906:71473  some (SH 3733ms, ATP 781ms): Try this: by (smt (cvc5) lambda_zero list.size(3) not_less_zero)
0.sledgehammer goal.proof     18486ms Matrix_Tensor.Matrix_Tensor 1916:71837  timeout (SH 18485ms): Timed out
0.sledgehammer goal.by         3401ms Matrix_Tensor.Matrix_Tensor 1922:72082  some (SH 3400ms, ATP 768ms): Try this: by (smt (cvc5) reduct_matrix)
0.sledgehammer goal.using      7001ms Matrix_Tensor.Matrix_Tensor 1924:72161  some (SH 7000ms, ATP 973ms): Try this: by (smt (cvc5) "0" length_Cons plus_1_eq_Suc)
0.sledgehammer goal.by         3685ms Matrix_Tensor.Matrix_Tensor 1924:72169  some (SH 3684ms, ATP 559ms): Try this: by (smt (cvc5) length_Cons plus_1_eq_Suc)
0.sledgehammer goal.by         3631ms Matrix_Tensor.Matrix_Tensor 1926:72247  some (SH 3630ms, ATP 518ms): Try this: by (smt (cvc5) plus_1_eq_Suc times_nat.simps(2))
0.sledgehammer goal.using      7068ms Matrix_Tensor.Matrix_Tensor 1929:72374  some (SH 7067ms, ATP 714ms): Try this: by (smt (cvc5) add.commute less_diff_conv2)
0.sledgehammer goal.by         6724ms Matrix_Tensor.Matrix_Tensor 1932:72537  some (SH 6723ms, ATP 678ms): Try this: by (smt (cvc5) less_diff_conv2)
0.sledgehammer goal.using      3589ms Matrix_Tensor.Matrix_Tensor 1934:72643  some (SH 3588ms, ATP 1173ms): Try this: by (smt (cvc5) Tensor.simps(2))
0.sledgehammer goal.by         3056ms Matrix_Tensor.Matrix_Tensor 1934:72662  some (SH 3055ms, ATP 1064ms): Try this: by (smt (cvc5))
0.sledgehammer goal.using      3727ms Matrix_Tensor.Matrix_Tensor 1936:72756  some (SH 3726ms, ATP 1360ms): Try this: by (smt (cvc5) "3")
0.sledgehammer goal.by         3401ms Matrix_Tensor.Matrix_Tensor 1936:72770  some (SH 3400ms, ATP 1438ms): Try this: by (smt (cvc5) "3")
0.sledgehammer goal.unfolding  7665ms Matrix_Tensor.Matrix_Tensor 1939:72913  some (SH 7664ms, ATP 1671ms): Try this: by (smt (cvc5) append_simpl col_def)
0.sledgehammer goal.using      3744ms Matrix_Tensor.Matrix_Tensor 1939:72931  some (SH 3743ms, ATP 1055ms): Try this: by (smt (cvc5) append_simpl)
0.sledgehammer goal.by         3033ms Matrix_Tensor.Matrix_Tensor 1939:72950  some (SH 3033ms, ATP 1016ms): Try this: by (smt (cvc5))
0.sledgehammer goal.using      3581ms Matrix_Tensor.Matrix_Tensor 1942:73081  some (SH 3581ms, ATP 1302ms): Try this: by (smt (cvc5) vec_mat_Tensor_length)
0.sledgehammer goal.by         3275ms Matrix_Tensor.Matrix_Tensor 1942:73109  some (SH 3275ms, ATP 1276ms): Try this: by (smt (cvc5))
0.sledgehammer goal.using      3753ms Matrix_Tensor.Matrix_Tensor 1946:73283  some (SH 3752ms, ATP 1410ms): Try this: by (smt (cvc5) col_vec_mat_Tensor_prelim)
0.sledgehammer goal.by         3307ms Matrix_Tensor.Matrix_Tensor 1946:73308  some (SH 3306ms, ATP 1335ms): Try this: by (smt (cvc5))
0.sledgehammer goal.by         8858ms Matrix_Tensor.Matrix_Tensor 1953:73612  some (SH 8857ms, ATP 1797ms): Try this: by (smt (cvc5) div_less mod_less nth_Cons_0)
0.sledgehammer goal.using      3817ms Matrix_Tensor.Matrix_Tensor 1959:73904  some (SH 3816ms, ATP 1332ms): Try this: by (smt (cvc5) "4")
0.sledgehammer goal.by         3320ms Matrix_Tensor.Matrix_Tensor 1959:73912  some (SH 3319ms, ATP 1259ms): Try this: by (smt (cvc5))
0.sledgehammer goal.unfolding  7665ms Matrix_Tensor.Matrix_Tensor 1962:74027  some (SH 7664ms, ATP 1680ms): Try this: by (smt (cvc5) "3" append_simpl2 col_def vec_mat_Tensor_length)
0.sledgehammer goal.using      4803ms Matrix_Tensor.Matrix_Tensor 1962:74046  some (SH 4802ms, ATP 1181ms): Try this: by (smt (cvc5) "3" append_simpl2 vec_mat_Tensor_length)
0.sledgehammer goal.by         3066ms Matrix_Tensor.Matrix_Tensor 1963:74104  some (SH 3065ms, ATP 948ms): Try this: by (smt (cvc5))
0.sledgehammer goal.using     17531ms Matrix_Tensor.Matrix_Tensor 1970:74395  timeout (SH 17531ms): Timed out
0.sledgehammer goal.by         7007ms Matrix_Tensor.Matrix_Tensor 1970:74412  some (SH 7007ms, ATP 574ms): Try this: by (smt (cvc5))
0.sledgehammer goal.using      7185ms Matrix_Tensor.Matrix_Tensor 1974:74551  some (SH 7185ms, ATP 996ms): Try this: by (smt (cvc5) \<open>j < (1 + length M) * length M2\<close> add.commute div_if mult_is_0 nat_less_le nle_le plus_1_eq_Suc)
0.sledgehammer goal.by         6649ms Matrix_Tensor.Matrix_Tensor 1978:74812  some (SH 6648ms, ATP 626ms): Try this: by (smt (cvc5))
0.sledgehammer goal.using      3875ms Matrix_Tensor.Matrix_Tensor 1982:74950  some (SH 3874ms, ATP 584ms): Try this: by (smt (cvc5) le_mod_geq)
0.sledgehammer goal.by         2286ms Matrix_Tensor.Matrix_Tensor 1982:74967  some (SH 2285ms, ATP 447ms): Try this: by (smt (cvc5))
0.sledgehammer goal.using      2341ms Matrix_Tensor.Matrix_Tensor 1988:75216  some (SH 2340ms, ATP 477ms): Try this: by (smt (cvc5) "5")
0.sledgehammer goal.by         2019ms Matrix_Tensor.Matrix_Tensor 1988:75224  some (SH 2019ms, ATP 452ms): Try this: by (smt (cvc5))
0.sledgehammer goal.unfolding  9054ms Matrix_Tensor.Matrix_Tensor 1990:75310  some (SH 9053ms, ATP 2065ms): Try this: by (smt (cvc5) add_diff_cancel_right' add_gr_0 col_def nth_Cons_pos zero_less_one)
0.sledgehammer goal.by         7205ms Matrix_Tensor.Matrix_Tensor 1990:75328  some (SH 7204ms, ATP 158ms): Try this: by (smt (cvc5) add_diff_cancel_right' add_gr_0 nth_Cons_pos zero_less_one)
0.sledgehammer goal.proof     11145ms Matrix_Tensor.Matrix_Tensor 1995:75549  some (SH 11144ms, ATP 1671ms): Try this: by (smt (cvc5) "6" Euclidean_Rings.div_eq_0_iff One_nat_def add.commute add_diff_cancel_right' col_def div_greater_zero_iff length_0_conv length_greater_0_conv nth_non_equal_first_eq plus_1_eq_Suc zero_neq_one)
0.sledgehammer goal.using      7242ms Matrix_Tensor.Matrix_Tensor 1998:75660  some (SH 7242ms, ATP 1025ms): Try this: by (smt (cvc5) "2" local.temp)
0.sledgehammer goal.by         2227ms Matrix_Tensor.Matrix_Tensor 1998:75673  some (SH 2226ms, ATP 452ms): Try this: by (smt (cvc5))
0.sledgehammer goal.using      6942ms Matrix_Tensor.Matrix_Tensor 2000:75757  some (SH 6941ms, ATP 461ms): Try this: by (smt (cvc5) div_left_ineq)
0.sledgehammer goal.by         2085ms Matrix_Tensor.Matrix_Tensor 2000:75791  some (SH 2085ms, ATP 444ms): Try this: by (smt (cvc5))
0.sledgehammer goal.unfolding  7107ms Matrix_Tensor.Matrix_Tensor 2005:76043  some (SH 7106ms, ATP 739ms): Try this: by (smt (cvc5) add.commute col_def nth_Cons_Suc plus_1_eq_Suc)
0.sledgehammer goal.by         6655ms Matrix_Tensor.Matrix_Tensor 2005:76061  some (SH 6655ms, ATP 771ms): Try this: by (smt (cvc5) add_diff_cancel_right' add_eq_0_iff_both_eq_0 nth_Cons' zero_neq_one)
0.sledgehammer goal.by         2395ms Matrix_Tensor.Matrix_Tensor 2009:76257  some (SH 2394ms, ATP 351ms): Try this: by (smt (cvc5))
0.sledgehammer goal.using      7177ms Matrix_Tensor.Matrix_Tensor 2012:76409  some (SH 7176ms, ATP 509ms): Try this: by (smt (cvc5) "6" local.temp)
0.sledgehammer goal.by         1851ms Matrix_Tensor.Matrix_Tensor 2012:76422  some (SH 1851ms, ATP 334ms): Try this: by (smt (cvc5))
0.sledgehammer goal.using      3455ms Matrix_Tensor.Matrix_Tensor 2013:76453  some (SH 3453ms, ATP 544ms): Try this: by (smt (cvc5) "7" local.temp temp1)
0.sledgehammer goal.by         3243ms Matrix_Tensor.Matrix_Tensor 2013:76467  some (SH 3242ms, ATP 924ms): Try this: by (smt (cvc5) local.temp)
0.sledgehammer goal.using      7649ms Matrix_Tensor.Matrix_Tensor 2019:76700  some (SH 7648ms, ATP 1116ms): Try this: by (smt (cvc5) "4" col_def)
0.sledgehammer goal.by         3259ms Matrix_Tensor.Matrix_Tensor 2019:76716  some (SH 3258ms, ATP 1132ms): Try this: by (smt (cvc5))
0.sledgehammer goal.using      7677ms Matrix_Tensor.Matrix_Tensor 2021:76761  some (SH 7675ms, ATP 1727ms): Try this: by (smt (cvc5) col_def cvc_arith_rewrite_defs(5) step_1)
0.sledgehammer goal.by         6635ms Matrix_Tensor.Matrix_Tensor 2022:76828  some (SH 6635ms, ATP 694ms): Try this: by (smt (cvc5))
0.sledgehammer goal.by         3663ms Matrix_Tensor.Matrix_Tensor 2024:76865  some (SH 3662ms, ATP 1167ms): Try this: by (smt (cvc5))
0.sledgehammer goal.unfolding 19104ms Matrix_Tensor.Matrix_Tensor 2028:76927  timeout (SH 19104ms): Timed out
0.sledgehammer goal.by         7778ms Matrix_Tensor.Matrix_Tensor 2028:76953  some (SH 7777ms, ATP 757ms): Try this: by (smt (cvc5) list.simps(9))
0.sledgehammer goal.unfolding 19314ms Matrix_Tensor.Matrix_Tensor 2031:77015  timeout (SH 19314ms): Timed out
0.sledgehammer goal.by         2573ms Matrix_Tensor.Matrix_Tensor 2031:77044  some (SH 2573ms, ATP 595ms): Try this: by (smt (cvc5))
0.sledgehammer goal.unfolding  7352ms Matrix_Tensor.Matrix_Tensor 2034:77087  some (SH 7352ms, ATP 781ms): Try this: by (smt (cvc5) list.simps(8) row_def)
0.sledgehammer goal.by         6834ms Matrix_Tensor.Matrix_Tensor 2034:77105  some (SH 6834ms, ATP 909ms): Try this: by (smt (cvc5) length_0_conv length_0_conv length_map)
0.sledgehammer goal.using      7795ms Matrix_Tensor.Matrix_Tensor 2037:77175  some (SH 7794ms, ATP 1328ms): Try this: by (smt (cvc5) length_0_conv mult_0_right vec_vec_Tensor_length)
0.sledgehammer goal.by         7452ms Matrix_Tensor.Matrix_Tensor 2038:77267  some (SH 7451ms, ATP 1306ms): Try this: by (smt (cvc5))
0.sledgehammer goal.using      4518ms Matrix_Tensor.Matrix_Tensor 2041:77321  some (SH 4518ms, ATP 1459ms): Try this: by (smt (cvc5) vec_mat_Tensor.simps(1,2) vec_vec_Tensor_right_empty)
0.sledgehammer goal.by         3868ms Matrix_Tensor.Matrix_Tensor 2041:77348  some (SH 3867ms, ATP 1518ms): Try this: by (smt (cvc5) vec_vec_Tensor_right_empty)
0.sledgehammer goal.by         3140ms Matrix_Tensor.Matrix_Tensor 2044:77414  some (SH 3140ms, ATP 598ms): Try this: by (smt (cvc5) bot_nat_0.extremum_strict)
0.sledgehammer goal.apply     17823ms Matrix_Tensor.Matrix_Tensor 2051:77636  timeout (SH 17822ms): Timed out
0.sledgehammer goal.proof     17858ms Matrix_Tensor.Matrix_Tensor 2052:77654  timeout (SH 17857ms): Timed out
0.sledgehammer goal.using      3916ms Matrix_Tensor.Matrix_Tensor 2054:77695  some (SH 3915ms, ATP 723ms): Try this: by (smt (cvc5) mult_is_0 not_less_zero row_length_Nil)
0.sledgehammer goal.by         3808ms Matrix_Tensor.Matrix_Tensor 2054:77705  some (SH 3807ms, ATP 742ms): Try this: by (smt (cvc5) mult_is_0 not_less_zero row_length_Nil)
0.sledgehammer goal.using      3528ms Matrix_Tensor.Matrix_Tensor 2059:77917  some (SH 3527ms, ATP 1297ms): Try this: by (smt (cvc5) vec_mat_Tensor.simps(2))
0.sledgehammer goal.by         3465ms Matrix_Tensor.Matrix_Tensor 2059:77944  some (SH 3464ms, ATP 1600ms): Try this: by (smt (cvc5))
0.sledgehammer goal.using      3777ms Matrix_Tensor.Matrix_Tensor 2061:78042  some (SH 3776ms, ATP 1408ms): Try this: by (smt (cvc5) row_Cons)
0.sledgehammer goal.by         3145ms Matrix_Tensor.Matrix_Tensor 2061:78057  some (SH 3144ms, ATP 1391ms): Try this: by (smt (cvc5))
0.sledgehammer goal.using      6575ms Matrix_Tensor.Matrix_Tensor 2063:78116  some (SH 6574ms, ATP 1270ms): Try this: by (smt (cvc5) list.distinct(1) list.sel(1) row_length_def)
0.sledgehammer goal.by         4127ms Matrix_Tensor.Matrix_Tensor 2063:78137  some (SH 4127ms, ATP 1228ms): Try this: by (smt (cvc5) list.distinct(1) list.sel(1))
0.sledgehammer goal.using     10620ms Matrix_Tensor.Matrix_Tensor 2065:78219  some (SH 10620ms, ATP 1401ms): Try this: by (smt (cvc5) list.distinct(1) list.set_intros(1) mat_uniqueness matrix_row_length)
0.sledgehammer goal.by         3576ms Matrix_Tensor.Matrix_Tensor 2065:78285  some (SH 3576ms, ATP 1235ms): Try this: by (smt (cvc5))
0.sledgehammer goal.proof     18306ms Matrix_Tensor.Matrix_Tensor 2072:78622  timeout (SH 18306ms): Timed out
0.sledgehammer goal.proof     19983ms Matrix_Tensor.Matrix_Tensor 2076:78765  timeout (SH 19982ms): Timed out
0.sledgehammer goal.using      7350ms Matrix_Tensor.Matrix_Tensor 2079:78877  some (SH 7349ms, ATP 1577ms): Try this: by (smt (cvc5) "1" \<open>row (vec_mat_Tensor v (w # N)) i = row (vec_vec_Tensor v w # vec_mat_Tensor v N) i\<close> local.Nil row_empty vec_mat_Tensor.simps(1))
0.sledgehammer goal.by         3241ms Matrix_Tensor.Matrix_Tensor 2079:78921  some (SH 3240ms, ATP 1550ms): Try this: by (smt (cvc5))
0.sledgehammer goal.proof     11752ms Matrix_Tensor.Matrix_Tensor 2081:78961  some (SH 11752ms, ATP 2128ms): Try this: by (smt (cvc5) "2" assms length_0_conv local.Nil mult_0_right not_less_zero row_Cons row_empty times.simps(1,2) vec_vec_Tensor_elements)
0.sledgehammer goal.using      7790ms Matrix_Tensor.Matrix_Tensor 2084:79046  some (SH 7789ms, ATP 1931ms): Try this: by (smt (cvc5) local.Nil vec_vec_Tensor_right_empty)
0.sledgehammer goal.by         3480ms Matrix_Tensor.Matrix_Tensor 2084:79083  some (SH 3476ms, ATP 1210ms): Try this: by (smt (cvc5))
0.sledgehammer goal.using      5977ms Matrix_Tensor.Matrix_Tensor 2086:79163  some (SH 5976ms, ATP 1539ms): Try this: by (smt (cvc5) "2" list.size(3) local.Nil mult_is_0)
0.sledgehammer goal.by         4203ms Matrix_Tensor.Matrix_Tensor 2086:79189  some (SH 4203ms, ATP 1468ms): Try this: by (smt (cvc5) "2" list.size(3,3) mult_is_0)
0.sledgehammer goal.using      7848ms Matrix_Tensor.Matrix_Tensor 2088:79262  some (SH 7847ms, ATP 2126ms): Try this: by (smt (cvc5) assms not_less_zero)
0.sledgehammer goal.by         3421ms Matrix_Tensor.Matrix_Tensor 2088:79293  some (SH 3421ms, ATP 1105ms): Try this: by (smt (cvc5))
0.sledgehammer goal.using      3819ms Matrix_Tensor.Matrix_Tensor 2090:79348  some (SH 3818ms, ATP 1570ms): Try this: by (smt (cvc5) \<open>length v * row_length (w # N) = 0\<close> assms not_less_zero)
0.sledgehammer goal.by         3092ms Matrix_Tensor.Matrix_Tensor 2090:79412  some (SH 3091ms, ATP 1389ms): Try this: by (smt (cvc5))
0.sledgehammer goal.using      7385ms Matrix_Tensor.Matrix_Tensor 2094:79496  some (SH 7384ms, ATP 1152ms): Try this: by (smt (cvc5) list.distinct(1) local.Cons)
0.sledgehammer goal.by         3447ms Matrix_Tensor.Matrix_Tensor 2094:79507  some (SH 3446ms, ATP 1146ms): Try this: by (smt (cvc5) list.distinct(1))
0.sledgehammer goal.using      7005ms Matrix_Tensor.Matrix_Tensor 2096:79574  some (SH 7004ms, ATP 1275ms): Try this: by (smt (cvc5) "2" assms)
0.sledgehammer goal.by         3381ms Matrix_Tensor.Matrix_Tensor 2096:79601  some (SH 3380ms, ATP 1117ms): Try this: by (smt (cvc5) "2")
0.sledgehammer goal.using      4149ms Matrix_Tensor.Matrix_Tensor 2101:79844  some (SH 4149ms, ATP 1179ms): Try this: by (smt (cvc5) "1" vec_vec_Tensor_elements)
0.sledgehammer goal.by         3478ms Matrix_Tensor.Matrix_Tensor 2101:79881  some (SH 3477ms, ATP 1221ms): Try this: by (smt (cvc5))
0.sledgehammer goal.using      7805ms Matrix_Tensor.Matrix_Tensor 2106:80133  some (SH 7804ms, ATP 2079ms): Try this: by (smt (cvc5) "2" \<open>row (vec_mat_Tensor v (w # N)) i = [vec_vec_Tensor v w ! i]\<close> local.Nil row_Cons row_empty times.simps(1,2))
0.sledgehammer goal.by         4314ms Matrix_Tensor.Matrix_Tensor 2107:80265  some (SH 4313ms, ATP 2344ms): Try this: by (smt (cvc5))
0.sledgehammer goal.using      3964ms Matrix_Tensor.Matrix_Tensor 2108:80300  some (SH 3963ms, ATP 1395ms): Try this: by (smt (cvc5) "2")
0.sledgehammer goal.by         4076ms Matrix_Tensor.Matrix_Tensor 2108:80316  some (SH 4075ms, ATP 1516ms): Try this: by (smt (cvc5))
0.sledgehammer goal.using      6530ms Matrix_Tensor.Matrix_Tensor 2113:80426  some (SH 6529ms, ATP 1329ms): Try this: by (smt (cvc5) list.distinct(1) list.sel(1) local.Cons row_length_def)
0.sledgehammer goal.by         3776ms Matrix_Tensor.Matrix_Tensor 2113:80452  some (SH 3775ms, ATP 1271ms): Try this: by (smt (cvc5) list.distinct(1) list.sel(1))
0.sledgehammer goal.using      4444ms Matrix_Tensor.Matrix_Tensor 2115:80522  some (SH 4443ms, ATP 1877ms): Try this: by (smt (cvc5) assms local.Cons)
0.sledgehammer goal.by         3107ms Matrix_Tensor.Matrix_Tensor 2115:80539  some (SH 3106ms, ATP 542ms): Try this: by (smt (cvc5))
0.sledgehammer goal.by         3506ms Matrix_Tensor.Matrix_Tensor 2118:80664  some (SH 3506ms, ATP 989ms): Try this: by (smt (cvc5) "2" "3" local.Cons)
0.sledgehammer goal.by         4253ms Matrix_Tensor.Matrix_Tensor 2121:80804  some (SH 4252ms, ATP 1632ms): Try this: by (smt (cvc5) reduct_matrix)
0.sledgehammer goal.using      7313ms Matrix_Tensor.Matrix_Tensor 2123:80890  some (SH 7312ms, ATP 1646ms): Try this: by (smt (cvc5) "2" Cons_0 Cons_1 local.Cons row_length_eq)
0.sledgehammer goal.unfolding  4636ms Matrix_Tensor.Matrix_Tensor 2124:80917  some (SH 4636ms, ATP 1302ms): Try this: by (smt (cvc5) "2" Cons_0 local.Cons row_length_eq)
0.sledgehammer goal.by         5826ms Matrix_Tensor.Matrix_Tensor 2125:80981  some (SH 5825ms, ATP 1378ms): Try this: by (smt (cvc5) "2" Cons_0 Cons_1 local.Cons row_length_eq)
0.sledgehammer goal.using      4156ms Matrix_Tensor.Matrix_Tensor 2127:81123  some (SH 4155ms, ATP 1397ms): Try this: by (smt (cvc5) "3" Cons_0 Cons_2 assms local.Cons)
0.sledgehammer goal.by         3508ms Matrix_Tensor.Matrix_Tensor 2128:81212  some (SH 3507ms, ATP 999ms): Try this: by (smt (cvc5))
0.sledgehammer goal.using      3534ms Matrix_Tensor.Matrix_Tensor 2130:81294  some (SH 3533ms, ATP 871ms): Try this: by (smt (cvc5) "2" Cons_0 Cons_3 assms local.Cons)
0.sledgehammer goal.by         3247ms Matrix_Tensor.Matrix_Tensor 2130:81328  some (SH 3246ms, ATP 1001ms): Try this: by (smt (cvc5) "2" Cons_0 local.Cons)
0.sledgehammer goal.using      7363ms Matrix_Tensor.Matrix_Tensor 2135:81584  some (SH 7362ms, ATP 772ms): Try this: by (smt (cvc5) Cons.hyps local.Cons)
0.sledgehammer goal.by         3350ms Matrix_Tensor.Matrix_Tensor 2135:81606  some (SH 3350ms, ATP 712ms): Try this: by (smt (cvc5))
0.sledgehammer goal.proof     11292ms Matrix_Tensor.Matrix_Tensor 2137:81645  some (SH 11291ms, ATP 2188ms): Try this: by (smt (cvc5) "2" Cons_0 Cons_3 \<open>i < length v * row_length (w1 # N1)\<close> \<open>row (vec_mat_Tensor v (w # N)) i = row (vec_vec_Tensor v w # vec_mat_Tensor v N) i\<close> list.size(3) local.Cons not_less_zero row_Cons times.simps(2) vec_vec_Tensor_elements vec_vec_Tensor_length vec_vec_Tensor_right_empty)
0.sledgehammer goal.using      3744ms Matrix_Tensor.Matrix_Tensor 2140:81731  some (SH 3743ms, ATP 1126ms): Try this: by (smt (cvc5) local.Nil vec_vec_Tensor_right_empty)
0.sledgehammer goal.by         3476ms Matrix_Tensor.Matrix_Tensor 2140:81768  some (SH 3475ms, ATP 1211ms): Try this: by (smt (cvc5))
0.sledgehammer goal.using      5555ms Matrix_Tensor.Matrix_Tensor 2142:81849  some (SH 5554ms, ATP 1214ms): Try this: by (smt (cvc5) "2" list.size(3) local.Nil mult_is_0)
0.sledgehammer goal.by         4981ms Matrix_Tensor.Matrix_Tensor 2142:81875  some (SH 4980ms, ATP 1269ms): Try this: by (smt (cvc5) "2" list.size(3,3) mult_is_0)
0.sledgehammer goal.using      3408ms Matrix_Tensor.Matrix_Tensor 2144:81949  some (SH 3408ms, ATP 1609ms): Try this: by (smt (cvc5) assms not_less_zero)
0.sledgehammer goal.by         3327ms Matrix_Tensor.Matrix_Tensor 2144:81963  some (SH 3326ms, ATP 1539ms): Try this: by (smt (cvc5) not_less_zero)
0.sledgehammer goal.using      3513ms Matrix_Tensor.Matrix_Tensor 2146:82040  some (SH 3513ms, ATP 1399ms): Try this: by (smt (cvc5) \<open>length v * row_length (w # N) = 0\<close> assms not_less_zero)
0.sledgehammer goal.by         4122ms Matrix_Tensor.Matrix_Tensor 2147:82101  some (SH 4121ms, ATP 1447ms): Try this: by (smt (cvc5) \<open>length v * row_length (w # N) = 0\<close> not_less_zero)
0.sledgehammer goal.using      7537ms Matrix_Tensor.Matrix_Tensor 2151:82218  some (SH 7536ms, ATP 1322ms): Try this: by (smt (cvc5) list.distinct(1) local.Cons)
0.sledgehammer goal.by         3075ms Matrix_Tensor.Matrix_Tensor 2151:82229  some (SH 3074ms, ATP 988ms): Try this: by (smt (cvc5) list.distinct(1))
0.sledgehammer goal.using      3402ms Matrix_Tensor.Matrix_Tensor 2153:82297  some (SH 3401ms, ATP 1092ms): Try this: by (smt (cvc5) "2" assms)
0.sledgehammer goal.by         3190ms Matrix_Tensor.Matrix_Tensor 2153:82324  some (SH 3190ms, ATP 1092ms): Try this: by (smt (cvc5) "2")
0.sledgehammer goal.using      3321ms Matrix_Tensor.Matrix_Tensor 2158:82572  some (SH 3321ms, ATP 1176ms): Try this: by (smt (cvc5) "1" vec_vec_Tensor_elements)
0.sledgehammer goal.by         3413ms Matrix_Tensor.Matrix_Tensor 2158:82609  some (SH 3412ms, ATP 1312ms): Try this: by (smt (cvc5))
0.sledgehammer goal.proof      7864ms Matrix_Tensor.Matrix_Tensor 2168:83098  some (SH 7863ms, ATP 1894ms): Try this: by (smt (cvc5) "2" Cons_0 Cons_3 row_Cons times.simps(2))
0.sledgehammer goal.using      3356ms Matrix_Tensor.Matrix_Tensor 2170:83180  some (SH 3356ms, ATP 1245ms): Try this: by (smt (cvc5) "2" Cons_0 Cons_3)
0.sledgehammer goal.by         3593ms Matrix_Tensor.Matrix_Tensor 2170:83217  some (SH 3592ms, ATP 1108ms): Try this: by (smt (cvc5))
0.sledgehammer goal.unfolding  3758ms Matrix_Tensor.Matrix_Tensor 2174:83436  some (SH 3757ms, ATP 1525ms): Try this: by (smt (cvc5) row_Cons)
0.sledgehammer goal.by         7802ms Matrix_Tensor.Matrix_Tensor 2174:83455  some (SH 7802ms, ATP 1528ms): Try this: by (smt (cvc5) list.simps(9))
0.sledgehammer goal.using      3940ms Matrix_Tensor.Matrix_Tensor 2178:83655  some (SH 3939ms, ATP 1505ms): Try this: by (smt (cvc5) "2" local.temp)
0.sledgehammer goal.by         3483ms Matrix_Tensor.Matrix_Tensor 2179:83752  some (SH 3483ms, ATP 1426ms): Try this: by (smt (cvc5))
0.sledgehammer goal.by         4772ms Matrix_Tensor.Matrix_Tensor 2189:84337  some (SH 4771ms, ATP 2241ms): Try this: by (smt (cvc5) times.simps(2))
0.sledgehammer goal.using      3933ms Matrix_Tensor.Matrix_Tensor 2195:84687  some (SH 3932ms, ATP 1408ms): Try this: by (smt (cvc5) "2" local.temp)
0.sledgehammer goal.by         4045ms Matrix_Tensor.Matrix_Tensor 2195:84728  some (SH 4045ms, ATP 1916ms): Try this: by (smt (cvc5) "2")
0.sledgehammer goal.using      4082ms Matrix_Tensor.Matrix_Tensor 2196:84774  some (SH 4082ms, ATP 1433ms): Try this: by (smt (cvc5) "2" \<open>local.times (v ! (i div row_length (w # N))) (w ! (i mod length w) # row N (i mod row_length N)) = (v ! (i div row_length (w # N)) * w ! (i mod length w)) # local.times (v ! (i div row_length (w # N))) (row N (i mod row_length N))\<close> \<open>row (w # N) (i mod row_length (w # N)) = w ! (i mod row_length (w # N)) # row N (i mod row_length (w # N))\<close> local.temp)
0.sledgehammer goal.by         3500ms Matrix_Tensor.Matrix_Tensor 2196:84808  some (SH 3499ms, ATP 1350ms): Try this: by (smt (cvc5))
0.sledgehammer goal.using      5982ms Matrix_Tensor.Matrix_Tensor 2198:84865  some (SH 5982ms, ATP 2550ms): Try this: by (smt (cvc5) Cons_5 \<open>row (vec_mat_Tensor v (w # N)) i = row (vec_vec_Tensor v w # vec_mat_Tensor v N) i\<close> calculation row_Cons)
0.sledgehammer goal.by         3757ms Matrix_Tensor.Matrix_Tensor 2199:84957  some (SH 3757ms, ATP 1608ms): Try this: by (smt (cvc5))
0.sledgehammer goal.by         3666ms Matrix_Tensor.Matrix_Tensor 2203:85040  some (SH 3665ms, ATP 559ms): Try this: by (smt (cvc5))
0.sledgehammer goal.apply     17773ms Matrix_Tensor.Matrix_Tensor 2218:85531  timeout (SH 17773ms): Timed out
0.sledgehammer goal.proof     17385ms Matrix_Tensor.Matrix_Tensor 2219:85549  timeout (SH 17385ms): Timed out
0.sledgehammer goal.using      3908ms Matrix_Tensor.Matrix_Tensor 2221:85591  some (SH 3907ms, ATP 1401ms): Try this: by (smt (cvc5) mult_is_0 not_less_zero row_length_Nil)
0.sledgehammer goal.by         3645ms Matrix_Tensor.Matrix_Tensor 2221:85601  some (SH 3645ms, ATP 1334ms): Try this: by (smt (cvc5) lambda_zero not_less_zero row_length_Nil)
0.sledgehammer goal.proof     18382ms Matrix_Tensor.Matrix_Tensor 2231:86019  timeout (SH 18381ms): Timed out
0.sledgehammer goal.using      7326ms Matrix_Tensor.Matrix_Tensor 2237:86281  some (SH 7325ms, ATP 1230ms): Try this: by (smt (cvc5) assms list.distinct(1) list.sel(1) row_length_def)
0.sledgehammer goal.by         3763ms Matrix_Tensor.Matrix_Tensor 2237:86308  some (SH 3763ms, ATP 1448ms): Try this: by (smt (cvc5) list.distinct(1) list.sel(1))
0.sledgehammer goal.using      7054ms Matrix_Tensor.Matrix_Tensor 2239:86376  some (SH 7053ms, ATP 896ms): Try this: by (smt (cvc5) assms reduct_matrix)
0.sledgehammer goal.by         3874ms Matrix_Tensor.Matrix_Tensor 2239:86403  some (SH 3873ms, ATP 1885ms): Try this: by (smt (cvc5))
0.sledgehammer goal.by         3386ms Matrix_Tensor.Matrix_Tensor 2241:86496  some (SH 3385ms, ATP 1459ms): Try this: by (smt (cvc5) Tensor.simps(2))
0.sledgehammer goal.using      4452ms Matrix_Tensor.Matrix_Tensor 2243:86588  some (SH 4451ms, ATP 2090ms): Try this: by (smt (cvc5) row_append)
0.sledgehammer goal.by         3455ms Matrix_Tensor.Matrix_Tensor 2243:86605  some (SH 3454ms, ATP 1371ms): Try this: by (smt (cvc5))
0.sledgehammer goal.proof     28996ms Matrix_Tensor.Matrix_Tensor 2245:86640  some (SH 28995ms, ATP 4532ms): Try this: by (smt (cvc5) "0" "1" Tensor.simps(2) append.simps(1) assms id_take_nth_drop length_greater_0_conv local.Cons mult.Tensor.simps(1) mult.row_vec_mat_Tensor_prelim mult.vec_vec_Tensor.simps(1) mult_axioms row_Cons row_empty row_length_eq take0 vec_vec_Tensor.simps(2))
0.sledgehammer goal.using      4538ms Matrix_Tensor.Matrix_Tensor 2248:86748  some (SH 4538ms, ATP 1584ms): Try this: by (smt (cvc5) Tensor.simps(1,2) append.right_neutral local.Nil)
0.sledgehammer goal.by         4314ms Matrix_Tensor.Matrix_Tensor 2248:86760  some (SH 4313ms, ATP 1457ms): Try this: by (smt (cvc5) Tensor.simps(1,2) append.right_neutral)
0.sledgehammer goal.using      6965ms Matrix_Tensor.Matrix_Tensor 2252:86999  some (SH 6965ms, ATP 852ms): Try this: by (smt (cvc5) "0" assms mult.row_vec_mat_Tensor_prelim mult_axioms)
0.sledgehammer goal.by         3225ms Matrix_Tensor.Matrix_Tensor 2252:87039  some (SH 3224ms, ATP 655ms): Try this: by (smt (cvc5))
0.sledgehammer goal.using      9082ms Matrix_Tensor.Matrix_Tensor 2253:87077  some (SH 9081ms, ATP 3586ms): Try this: by (smt (cvc5) local.Nil row_Cons row_empty self_append_conv vec_vec_Tensor.simps(1,2))
0.sledgehammer goal.by         7206ms Matrix_Tensor.Matrix_Tensor 2255:87214  some (SH 7205ms, ATP 3845ms): Try this: by (smt (cvc5))
0.sledgehammer goal.using      3496ms Matrix_Tensor.Matrix_Tensor 2259:87337  some (SH 3495ms, ATP 1088ms): Try this: by (smt (cvc5) "1")
0.sledgehammer goal.by         3101ms Matrix_Tensor.Matrix_Tensor 2259:87363  some (SH 3100ms, ATP 1055ms): Try this: by (smt (cvc5))
0.sledgehammer goal.using      8190ms Matrix_Tensor.Matrix_Tensor 2261:87449  some (SH 8189ms, ATP 1851ms): Try this: by (smt (cvc5) assms local.Cons row_length_eq)
0.sledgehammer goal.unfolding  7054ms Matrix_Tensor.Matrix_Tensor 2261:87466  some (SH 7053ms, ATP 1115ms): Try this: by (smt (cvc5) row_length_eq)
0.sledgehammer goal.using      4617ms Matrix_Tensor.Matrix_Tensor 2262:87527  some (SH 4616ms, ATP 1129ms): Try this: by (smt (cvc5) assms row_length_eq)
0.sledgehammer goal.by         4236ms Matrix_Tensor.Matrix_Tensor 2264:87651  some (SH 4236ms, ATP 1432ms): Try this: by (smt (cvc5) assms row_length_eq)
0.sledgehammer goal.using      7192ms Matrix_Tensor.Matrix_Tensor 2266:87748  some (SH 7191ms, ATP 1076ms): Try this: by (smt (cvc5) assms local.Cons)
0.sledgehammer goal.by         3094ms Matrix_Tensor.Matrix_Tensor 2266:87765  some (SH 3093ms, ATP 945ms): Try this: by (smt (cvc5))
0.sledgehammer goal.using      9520ms Matrix_Tensor.Matrix_Tensor 2270:88010  some (SH 9520ms, ATP 2609ms): Try this: by (smt (cvc5) Cons.hyps Cons_Cons_1 assms)
0.sledgehammer goal.by         3900ms Matrix_Tensor.Matrix_Tensor 2270:88044  some (SH 3899ms, ATP 907ms): Try this: by (smt (cvc5))
0.sledgehammer goal.using      4952ms Matrix_Tensor.Matrix_Tensor 2275:88335  some (SH 4951ms, ATP 833ms): Try this: by (smt (cvc5) "0" assms row_vec_mat_Tensor_prelim)
0.sledgehammer goal.by         3239ms Matrix_Tensor.Matrix_Tensor 2275:88375  some (SH 3239ms, ATP 661ms): Try this: by (smt (cvc5))
0.sledgehammer goal.using      3511ms Matrix_Tensor.Matrix_Tensor 2283:88817  some (SH 3510ms, ATP 1204ms): Try this: by (smt (cvc5) "2" \<open>row (v # M \<otimes> M2) i = row (vec_mat_Tensor v M2 @ (M \<otimes> M2)) i\<close> calculation)
0.sledgehammer goal.by         3411ms Matrix_Tensor.Matrix_Tensor 2283:88837  some (SH 3411ms, ATP 1247ms): Try this: by (smt (cvc5) \<open>row (v # M \<otimes> M2) i = row (vec_mat_Tensor v M2 @ (M \<otimes> M2)) i\<close>)
0.sledgehammer goal.using      3691ms Matrix_Tensor.Matrix_Tensor 2288:89130  some (SH 3691ms, ATP 1262ms): Try this: by (smt (cvc5) vec_vec_Tensor.simps(2))
0.sledgehammer goal.by         3423ms Matrix_Tensor.Matrix_Tensor 2288:89160  some (SH 3423ms, ATP 1334ms): Try this: by (smt (cvc5))
0.sledgehammer goal.using      3753ms Matrix_Tensor.Matrix_Tensor 2291:89346  some (SH 3753ms, ATP 1341ms): Try this: by (smt (cvc5) row_Cons)
0.sledgehammer goal.by         3444ms Matrix_Tensor.Matrix_Tensor 2291:89361  some (SH 3444ms, ATP 1378ms): Try this: by (smt (cvc5))
0.sledgehammer goal.by         3651ms Matrix_Tensor.Matrix_Tensor 2292:89400  some (SH 3651ms, ATP 1264ms): Try this: by (smt (cvc5))
0.sledgehammer goal.by         3499ms Matrix_Tensor.Matrix_Tensor 2295:89443  some (SH 3498ms, ATP 595ms): Try this: by (smt (cvc5))
0.sledgehammer goal.using      5195ms Matrix_Tensor.Matrix_Tensor 2307:89821  some (SH 5194ms, ATP 770ms): Try this: by (smt (cvc5) assms(1,2,3) row_formula)
0.sledgehammer goal.by         3336ms Matrix_Tensor.Matrix_Tensor 2307:89845  some (SH 3335ms, ATP 817ms): Try this: by (smt (cvc5))
0.sledgehammer goal.using      3862ms Matrix_Tensor.Matrix_Tensor 2316:90176  some (SH 3861ms, ATP 1275ms): Try this: by (smt (cvc5) matrix_Tensor_elements)
0.sledgehammer goal.by         3165ms Matrix_Tensor.Matrix_Tensor 2316:90205  some (SH 3165ms, ATP 1147ms): Try this: by (smt (cvc5))
0.sledgehammer goal.by         2833ms Matrix_Tensor.Matrix_Tensor 2321:90333  some (SH 2832ms, ATP 610ms): Try this: by (smt (cvc5))
0.sledgehammer goal.using      2401ms Matrix_Tensor.Matrix_Tensor 2324:90391  some (SH 2400ms, ATP 418ms): Try this: by (smt (cvc5) div_mult2_eq)
0.sledgehammer goal.by         1968ms Matrix_Tensor.Matrix_Tensor 2324:90410  some (SH 1967ms, ATP 396ms): Try this: by (smt (cvc5))
0.sledgehammer goal.by         2483ms Matrix_Tensor.Matrix_Tensor 2327:90458  some (SH 2482ms, ATP 606ms): Try this: by (smt (cvc5) linorder_not_less)
0.sledgehammer goal.by        14523ms Matrix_Tensor.Matrix_Tensor 2330:90515  some (SH 14522ms, ATP 150ms): Try this: by (smt (cvc5) list.exhaust)
0.sledgehammer goal.using      3245ms Matrix_Tensor.Matrix_Tensor 2333:90580  some (SH 3244ms, ATP 628ms): Try this: by (smt (cvc5) Euclidean_Rings.div_eq_0_iff bits_mod_div_trivial)
0.sledgehammer goal.by         2786ms Matrix_Tensor.Matrix_Tensor 2333:90603  some (SH 2780ms, ATP 586ms): Try this: by (smt (cvc5) Euclidean_Rings.div_eq_0_iff bits_mod_div_trivial)
0.sledgehammer goal.proof     32330ms Matrix_Tensor.Matrix_Tensor 2337:90671  some (SH 32329ms, ATP 918ms): Try this: by (smt (cvc5) dvd_eq_mod_eq_0 mod_mod_cancel mod_mult_self2_is_0)
0.sledgehammer goal.by         3183ms Matrix_Tensor.Matrix_Tensor 2340:90727  some (SH 3182ms, ATP 506ms): Try this: by (smt (cvc5) True mult_is_0)
0.sledgehammer goal.by         7089ms Matrix_Tensor.Matrix_Tensor 2342:90802  some (SH 7088ms, ATP 537ms): Try this: by (smt (cvc5) mod_by_0)
0.sledgehammer goal.by         2654ms Matrix_Tensor.Matrix_Tensor 2344:90870  some (SH 2654ms, ATP 439ms): Try this: by (smt (cvc5))
0.sledgehammer goal.by         2616ms Matrix_Tensor.Matrix_Tensor 2345:90898  some (SH 2615ms, ATP 397ms): Try this: by (smt (cvc5))
0.sledgehammer goal.by         7659ms Matrix_Tensor.Matrix_Tensor 2351:91017  some (SH 7658ms, ATP 113ms): Try this: by (smt (cvc5) div_mult_mod_eq)
0.sledgehammer goal.by         2688ms Matrix_Tensor.Matrix_Tensor 2353:91098  some (SH 2687ms, ATP 462ms): Try this: by (smt (cvc5))
0.sledgehammer goal.by         7005ms Matrix_Tensor.Matrix_Tensor 2355:91149  some (SH 7005ms, ATP 516ms): Try this: by (smt (cvc5) add_diff_cancel_left')
0.sledgehammer goal.using      7706ms Matrix_Tensor.Matrix_Tensor 2357:91200  some (SH 7705ms, ATP 226ms): Try this: by (smt (cvc5) div_mod_decomp)
0.sledgehammer goal.by         7896ms Matrix_Tensor.Matrix_Tensor 2357:91221  some (SH 7894ms, ATP 3465ms): Try this: by (smt (cvc5))
0.sledgehammer goal.by         3730ms Matrix_Tensor.Matrix_Tensor 2359:91280  some (SH 3729ms, ATP 510ms): Try this: by (smt (cvc5))
0.sledgehammer goal.using      3033ms Matrix_Tensor.Matrix_Tensor 2361:91336  some (SH 3032ms, ATP 445ms): Try this: by (smt (cvc5) \<open>a mod (b * c) = a - m1 * (b * c)\<close>)
0.sledgehammer goal.by         2346ms Matrix_Tensor.Matrix_Tensor 2361:91380  some (SH 2345ms, ATP 432ms): Try this: by (smt (cvc5))
0.sledgehammer goal.using      6918ms Matrix_Tensor.Matrix_Tensor 2363:91435  some (SH 6917ms, ATP 534ms): Try this: by (smt (cvc5) \<open>a = m1 * (b * c) + a mod (b * c)\<close> \<open>a mod (b * c) = m * c + a mod (b * c) mod c\<close> ab_semigroup_mult_class.mult_ac(1) add.assoc)
0.sledgehammer goal.by         4253ms Matrix_Tensor.Matrix_Tensor 2365:91539  some (SH 4252ms, ATP 823ms): Try this: by (smt (cvc5) ab_semigroup_mult_class.mult_ac(1) add.assoc)
0.sledgehammer goal.by         6923ms Matrix_Tensor.Matrix_Tensor 2368:91674  some (SH 6922ms, ATP 589ms): Try this: by (smt (cvc5) add_mult_distrib)
0.sledgehammer goal.by         7577ms Matrix_Tensor.Matrix_Tensor 2371:91776  some (SH 7576ms, ATP 800ms): Try this: by (smt (cvc5) div_mod_decomp)
0.sledgehammer goal.by         2717ms Matrix_Tensor.Matrix_Tensor 2373:91901  some (SH 2716ms, ATP 444ms): Try this: by (smt (cvc5))
0.sledgehammer goal.by         2843ms Matrix_Tensor.Matrix_Tensor 2375:91962  some (SH 2842ms, ATP 454ms): Try this: by (smt (cvc5))
0.sledgehammer goal.by         6991ms Matrix_Tensor.Matrix_Tensor 2377:92023  some (SH 6990ms, ATP 552ms): Try this: by (smt (cvc5) \<open>a = m1 * (b * c) + a mod (b * c)\<close> ab_semigroup_mult_class.mult_ac(1) add_right_imp_eq cancel_comm_monoid_add_class.diff_cancel mod_mult_self3)
0.sledgehammer goal.by         6966ms Matrix_Tensor.Matrix_Tensor 2379:92082  some (SH 6965ms, ATP 238ms): Try this: by (smt (cvc5) diff_mult_distrib)
0.sledgehammer goal.by         3482ms Matrix_Tensor.Matrix_Tensor 2381:92168  some (SH 3481ms, ATP 493ms): Try this: by (smt (cvc5) dvd_triv_right)
0.sledgehammer goal.using      5204ms Matrix_Tensor.Matrix_Tensor 2383:92227  some (SH 5204ms, ATP 796ms): Try this: by (smt (cvc5) Euclidean_Rings.div_eq_0_iff False bits_mod_div_trivial)
0.sledgehammer goal.by         3712ms Matrix_Tensor.Matrix_Tensor 2383:92256  some (SH 3711ms, ATP 817ms): Try this: by (smt (cvc5) Euclidean_Rings.div_eq_0_iff bits_mod_div_trivial)
0.sledgehammer goal.using      4475ms Matrix_Tensor.Matrix_Tensor 2385:92299  some (SH 4474ms, ATP 497ms): Try this: by (smt (cvc5) \<open>a = m1 * (b * c) + a mod (b * c)\<close> ab_semigroup_mult_class.mult_ac(1) calculation(2) mod_mult_self3)
0.sledgehammer goal.by         4220ms Matrix_Tensor.Matrix_Tensor 2385:92328  some (SH 4220ms, ATP 590ms): Try this: by (smt (cvc5) \<open>a = m1 * (b * c) + a mod (b * c)\<close> ab_semigroup_mult_class.mult_ac(1) calculation(2) mod_mult_self3)
0.sledgehammer goal.using      7010ms Matrix_Tensor.Matrix_Tensor 2387:92376  some (SH 7009ms, ATP 527ms): Try this: by (smt (cvc5) calculation(2) less_imp_diff_less)
0.sledgehammer goal.by         2475ms Matrix_Tensor.Matrix_Tensor 2387:92416  some (SH 2474ms, ATP 422ms): Try this: by (smt (cvc5))
0.sledgehammer goal.by         6831ms Matrix_Tensor.Matrix_Tensor 2389:92465  some (SH 6830ms, ATP 618ms): Try this: by (smt (cvc5) \<open>a = m1 * (b * c) + a mod (b * c)\<close> ab_semigroup_mult_class.mult_ac(1) diff_self_eq_0 mod_mult_self3)
0.sledgehammer goal.using      3992ms Matrix_Tensor.Matrix_Tensor 2390:92519  some (SH 3987ms, ATP 478ms): Try this: by (smt (cvc5) \<open>a = m1 * (b * c) + a mod (b * c)\<close> ab_semigroup_mult_class.mult_ac(1) mod_mult_self3)
0.sledgehammer goal.by         3763ms Matrix_Tensor.Matrix_Tensor 2391:92540  some (SH 3762ms, ATP 613ms): Try this: by (smt (cvc5) \<open>a = m1 * (b * c) + a mod (b * c)\<close> ab_semigroup_mult_class.mult_ac(1) mod_mult_self3)
0.sledgehammer goal.proof      9856ms Matrix_Tensor.Matrix_Tensor 2395:92687  some (SH 9856ms, ATP 1567ms): Try this: by (smt (cvc5) add_right_cancel div_mod_decomp divide_nat_def mod_mult2_eq mod_mult_self1_is_0 mod_prop1 mult.commute mult_0_right mult_cancel1)
0.sledgehammer goal.using      3089ms Matrix_Tensor.Matrix_Tensor 2398:92757  some (SH 3089ms, ATP 441ms): Try this: by (smt (cvc5) True mult_is_0)
0.sledgehammer goal.by         2521ms Matrix_Tensor.Matrix_Tensor 2398:92768  some (SH 2521ms, ATP 476ms): Try this: by (smt (cvc5) mult_is_0)
0.sledgehammer goal.proof      5003ms Matrix_Tensor.Matrix_Tensor 2400:92793  some (SH 5002ms, ATP 621ms): Try this: by (smt (cvc5) T_1 True mod_by_0 mod_div_trivial mod_mult_self1_is_0)
0.sledgehammer goal.using      3384ms Matrix_Tensor.Matrix_Tensor 2403:92864  some (SH 3383ms, ATP 554ms): Try this: by (smt (cvc5) True mod_by_0 mult_is_0)
0.sledgehammer goal.by         2319ms Matrix_Tensor.Matrix_Tensor 2403:92875  some (SH 2317ms, ATP 478ms): Try this: by (smt (cvc5) lambda_zero mod_by_0)
0.sledgehammer goal.using      2294ms Matrix_Tensor.Matrix_Tensor 2404:92905  some (SH 2293ms, ATP 401ms): Try this: by (smt (cvc5) True mod_by_0)
0.sledgehammer goal.by         2333ms Matrix_Tensor.Matrix_Tensor 2404:92916  some (SH 2332ms, ATP 454ms): Try this: by (smt (cvc5) mod_by_0)
0.sledgehammer goal.using      7090ms Matrix_Tensor.Matrix_Tensor 2408:92971  some (SH 7089ms, ATP 394ms): Try this: by (smt (cvc5) False T_1)
0.sledgehammer goal.by         2252ms Matrix_Tensor.Matrix_Tensor 2408:92987  some (SH 2251ms, ATP 376ms): Try this: by (smt (cvc5))
0.sledgehammer goal.by         4409ms Matrix_Tensor.Matrix_Tensor 2409:93017  some (SH 4409ms, ATP 686ms): Try this: by (smt (cvc5) True mod_by_0 mod_div_trivial mod_mult_self1_is_0)
0.sledgehammer goal.using      3427ms Matrix_Tensor.Matrix_Tensor 2414:93089  some (SH 3426ms, ATP 520ms): Try this: by (smt (cvc5) False gr0I mult_is_0)
0.sledgehammer goal.by         2998ms Matrix_Tensor.Matrix_Tensor 2414:93101  some (SH 2997ms, ATP 633ms): Try this: by (smt (cvc5) mult_is_0 not_gr_zero)
0.sledgehammer goal.using      7731ms Matrix_Tensor.Matrix_Tensor 2416:93158  some (SH 7730ms, ATP 861ms): Try this: by (smt (cvc5) div_mod_decomp)
0.sledgehammer goal.by         6752ms Matrix_Tensor.Matrix_Tensor 2416:93179  some (SH 6747ms, ATP 907ms): Try this: by (smt (cvc5))
0.sledgehammer goal.by         2573ms Matrix_Tensor.Matrix_Tensor 2418:93248  some (SH 2572ms, ATP 382ms): Try this: by (smt (cvc5))
0.sledgehammer goal.using      6931ms Matrix_Tensor.Matrix_Tensor 2420:93330  some (SH 6930ms, ATP 967ms): Try this: by (smt (cvc5) ab_semigroup_mult_class.mult_ac(1) div_plus_div_distrib_dvd_left dvd_triv_right)
0.sledgehammer goal.by         6725ms Matrix_Tensor.Matrix_Tensor 2422:93436  some (SH 6724ms, ATP 948ms): Try this: by (smt (cvc5) div_mult_self3 div_mult_self_is_m not_gr_zero)
0.sledgehammer goal.by         2388ms Matrix_Tensor.Matrix_Tensor 2424:93521  some (SH 2388ms, ATP 382ms): Try this: by (smt (cvc5) ab_semigroup_mult_class.mult_ac(1))
0.sledgehammer goal.by         4481ms Matrix_Tensor.Matrix_Tensor 2426:93599  some (SH 4480ms, ATP 493ms): Try this: by (smt (cvc5) F_1 div_mult_self_is_m)
0.sledgehammer goal.by         7117ms Matrix_Tensor.Matrix_Tensor 2428:93723  some (SH 7116ms, ATP 2480ms): Try this: by (smt (cvc5) mult.commute mult_div_mod_eq)
0.sledgehammer goal.by         2483ms Matrix_Tensor.Matrix_Tensor 2430:93830  some (SH 2483ms, ATP 382ms): Try this: by (smt (cvc5))
0.sledgehammer goal.by         2823ms Matrix_Tensor.Matrix_Tensor 2432:93927  some (SH 2822ms, ATP 413ms): Try this: by (smt (cvc5))
0.sledgehammer goal.by        16444ms Matrix_Tensor.Matrix_Tensor 2434:94017  some (SH 16444ms, ATP 1145ms): Try this: by (smt (cvc5) add_diff_cancel_right' cancel_comm_monoid_add_class.diff_cancel div_mult2_eq mod_div_trivial mod_eq_self_iff_div_eq_0 mod_mult_self3 mult.commute)
0.sledgehammer goal.by         8230ms Matrix_Tensor.Matrix_Tensor 2436:94102  some (SH 8229ms, ATP 461ms): Try this: by (smt (cvc5) left_diff_distrib')
0.sledgehammer goal.by         7083ms Matrix_Tensor.Matrix_Tensor 2438:94220  some (SH 7082ms, ATP 1473ms): Try this: by (smt (cvc5) dvd_triv_right)
0.sledgehammer goal.by         3357ms Matrix_Tensor.Matrix_Tensor 2440:94323  some (SH 3357ms, ATP 658ms): Try this: by (smt (cvc5) F_1 mod_less_divisor)
0.sledgehammer goal.by         3922ms Matrix_Tensor.Matrix_Tensor 2442:94391  some (SH 3922ms, ATP 692ms): Try this: by (smt (cvc5) Euclidean_Rings.div_eq_0_iff False mod_div_trivial)
0.sledgehammer goal.by         3982ms Matrix_Tensor.Matrix_Tensor 2444:94499  some (SH 3981ms, ATP 654ms): Try this: by (smt (cvc5) F_1 div_left_ineq div_mult_self_is_m)
0.sledgehammer goal.by         3077ms Matrix_Tensor.Matrix_Tensor 2446:94613  some (SH 3076ms, ATP 584ms): Try this: by (smt (cvc5) calculation div_left_ineq)
0.sledgehammer goal.using      7136ms Matrix_Tensor.Matrix_Tensor 2449:94746  some (SH 7136ms, ATP 844ms): Try this: by (smt (cvc5) F_2 cancel_comm_monoid_add_class.diff_cancel mod_if mod_mult_self3)
0.sledgehammer goal.by         6701ms Matrix_Tensor.Matrix_Tensor 2449:94788  some (SH 6700ms, ATP 737ms): Try this: by (smt (cvc5) F_2 cancel_comm_monoid_add_class.diff_cancel mod_if mod_mult_self3)
0.sledgehammer goal.by         7101ms Matrix_Tensor.Matrix_Tensor 2452:94905  some (SH 7100ms, ATP 941ms): Try this: by (smt (cvc5) \<open>a div c = y * b + a div c mod b\<close> \<open>a mod (b * c) div c < b\<close> add_diff_cancel_right' cancel_comm_monoid_add_class.diff_cancel mod_if mod_mult_self3)
0.sledgehammer goal.by         2196ms Matrix_Tensor.Matrix_Tensor 2454:94989  some (SH 2195ms, ATP 68ms): Try this: by (smt (cvc5) left_diff_distrib')
0.sledgehammer goal.by         2724ms Matrix_Tensor.Matrix_Tensor 2456:95106  some (SH 2724ms, ATP 416ms): Try this: by (smt (cvc5) dvd_triv_right)
0.sledgehammer goal.by         3548ms Matrix_Tensor.Matrix_Tensor 2458:95209  some (SH 3547ms, ATP 416ms): Try this: by (smt (cvc5) F_5)
0.sledgehammer goal.by         2942ms Matrix_Tensor.Matrix_Tensor 2460:95276  some (SH 2941ms, ATP 465ms): Try this: by (smt (cvc5) calculation)
0.sledgehammer goal.by         1836ms Matrix_Tensor.Matrix_Tensor 2462:95383  some (SH 1836ms, ATP 308ms): Try this: by (smt (cvc5) \<open>a mod (b * c) div c < b * c div c\<close>)
0.sledgehammer goal.by         2183ms Matrix_Tensor.Matrix_Tensor 2464:95497  some (SH 2182ms, ATP 377ms): Try this: by (smt (cvc5) \<open>a mod (b * c) div c < b\<close>)
0.sledgehammer goal.by         6763ms Matrix_Tensor.Matrix_Tensor 2467:95629  some (SH 6762ms, ATP 995ms): Try this: by (smt (cvc5) F_2 cancel_comm_monoid_add_class.diff_cancel mod_if mod_mult_self3)
0.sledgehammer goal.by         7827ms Matrix_Tensor.Matrix_Tensor 2469:95773  some (SH 7827ms, ATP 683ms): Try this: by (smt (cvc5) diffs0_imp_equal)
0.sledgehammer goal.using      2632ms Matrix_Tensor.Matrix_Tensor 2470:95811  some (SH 2631ms, ATP 352ms): Try this: by (smt (cvc5))
0.sledgehammer goal.by         2503ms Matrix_Tensor.Matrix_Tensor 2470:95823  some (SH 2503ms, ATP 347ms): Try this: by (smt (cvc5))
0.sledgehammer goal.proof     18968ms Matrix_Tensor.Matrix_Tensor 2484:96175  timeout (SH 18968ms): Timed out
0.sledgehammer goal.proof      3415ms Matrix_Tensor.Matrix_Tensor 2491:96437  some (SH 3414ms, ATP 1097ms): Try this: by (smt (cvc5) length_Tensor)
0.sledgehammer goal.by         3068ms Matrix_Tensor.Matrix_Tensor 2493:96507  some (SH 3068ms, ATP 1050ms): Try this: by (smt (cvc5) length_Tensor)
0.sledgehammer goal.using      7684ms Matrix_Tensor.Matrix_Tensor 2496:96637  some (SH 7683ms, ATP 1291ms): Try this: by (smt (cvc5) ab_semigroup_mult_class.mult_ac(1) length_Tensor)
0.sledgehammer goal.by         7464ms Matrix_Tensor.Matrix_Tensor 2496:96668  some (SH 7463ms, ATP 1335ms): Try this: by (smt (cvc5) ab_semigroup_mult_class.mult_ac(1))
0.sledgehammer goal.by         3576ms Matrix_Tensor.Matrix_Tensor 2498:96749  some (SH 3576ms, ATP 1015ms): Try this: by (smt (cvc5) length_Tensor)
0.sledgehammer goal.using      3389ms Matrix_Tensor.Matrix_Tensor 2499:96802  some (SH 3388ms, ATP 1160ms): Try this: by (smt (cvc5) length_Tensor)
0.sledgehammer goal.by         2923ms Matrix_Tensor.Matrix_Tensor 2499:96833  some (SH 2922ms, ATP 972ms): Try this: by (smt (cvc5))
0.sledgehammer goal.proof      4218ms Matrix_Tensor.Matrix_Tensor 2503:96960  some (SH 4217ms, ATP 1867ms): Try this: by (smt (cvc5) row_length_mat)
0.sledgehammer goal.using      3443ms Matrix_Tensor.Matrix_Tensor 2505:97047  some (SH 3443ms, ATP 1271ms): Try this: by (smt (cvc5) row_length_mat)
0.sledgehammer goal.by         3066ms Matrix_Tensor.Matrix_Tensor 2505:97074  some (SH 3064ms, ATP 1092ms): Try this: by (smt (cvc5))
0.sledgehammer goal.using      4358ms Matrix_Tensor.Matrix_Tensor 2508:97210  some (SH 4357ms, ATP 1223ms): Try this: by (smt (cvc5) ab_semigroup_mult_class.mult_ac(1) row_length_mat)
0.sledgehammer goal.by         3594ms Matrix_Tensor.Matrix_Tensor 2508:97237  some (SH 3594ms, ATP 1401ms): Try this: by (smt (cvc5) ab_semigroup_mult_class.mult_ac(1))
0.sledgehammer goal.using      3600ms Matrix_Tensor.Matrix_Tensor 2511:97372  some (SH 3599ms, ATP 1126ms): Try this: by (smt (cvc5) row_length_mat)
0.sledgehammer goal.by         2958ms Matrix_Tensor.Matrix_Tensor 2511:97394  some (SH 2957ms, ATP 935ms): Try this: by (smt (cvc5))
0.sledgehammer goal.using      3266ms Matrix_Tensor.Matrix_Tensor 2512:97430  some (SH 3264ms, ATP 1066ms): Try this: by (smt (cvc5) row_length_mat)
0.sledgehammer goal.by         2692ms Matrix_Tensor.Matrix_Tensor 2512:97457  some (SH 2691ms, ATP 944ms): Try this: by (smt (cvc5))
0.sledgehammer goal.using      5790ms Matrix_Tensor.Matrix_Tensor 2522:97828  some (SH 5790ms, ATP 1459ms): Try this: by (smt (cvc5) "0" length_Tensor matrix_Tensor_elements row_length_mat well_defined_Tensor)
0.sledgehammer goal.by         6872ms Matrix_Tensor.Matrix_Tensor 2524:97943  some (SH 6872ms, ATP 1215ms): Try this: by (smt (cvc5))
0.sledgehammer goal.apply      7125ms Matrix_Tensor.Matrix_Tensor 2528:98105  some (SH 7124ms, ATP 496ms): Try this: by (smt (cvc5) div_left_ineq)
0.sledgehammer goal.apply      2141ms Matrix_Tensor.Matrix_Tensor 2529:98129  some (SH 2140ms, ATP 506ms): Try this: by (smt (cvc5) div_left_ineq)
0.sledgehammer goal.apply      2561ms Matrix_Tensor.Matrix_Tensor 2534:98379  some (SH 2561ms, ATP 539ms): Try this: by (smt (cvc5) div_left_ineq)
0.sledgehammer goal.apply      2093ms Matrix_Tensor.Matrix_Tensor 2535:98403  some (SH 2092ms, ATP 543ms): Try this: by (smt (cvc5) div_left_ineq)
0.sledgehammer goal.using      3567ms Matrix_Tensor.Matrix_Tensor 2542:98742  some (SH 3567ms, ATP 1618ms): Try this: by (smt (cvc5))
0.sledgehammer goal.by         2853ms Matrix_Tensor.Matrix_Tensor 2542:98756  some (SH 2852ms, ATP 1040ms): Try this: by (smt (cvc5))
0.sledgehammer goal.using      3314ms Matrix_Tensor.Matrix_Tensor 2545:98868  some (SH 3313ms, ATP 524ms): Try this: by (smt (cvc5) "0")
0.sledgehammer goal.by         2927ms Matrix_Tensor.Matrix_Tensor 2545:98876  some (SH 2926ms, ATP 528ms): Try this: by (smt (cvc5))
0.sledgehammer goal.using      3622ms Matrix_Tensor.Matrix_Tensor 2555:99359  some (SH 3622ms, ATP 1154ms): Try this: by (smt (cvc5) matrix_Tensor_elements)
0.sledgehammer goal.by         3415ms Matrix_Tensor.Matrix_Tensor 2555:99399  some (SH 3415ms, ATP 1071ms): Try this: by (smt (cvc5))
0.sledgehammer goal.by         6293ms Matrix_Tensor.Matrix_Tensor 2564:99869  some (SH 6292ms, ATP 2145ms): Try this: by (smt (cvc5))
0.sledgehammer goal.by         6539ms Matrix_Tensor.Matrix_Tensor 2577:100470  some (SH 6538ms, ATP 1477ms): Try this: by (smt (cvc5))
0.sledgehammer goal.using      2737ms Matrix_Tensor.Matrix_Tensor 2579:100565  some (SH 2737ms, ATP 811ms): Try this: by (smt (cvc5) div_mult2_eq)
0.sledgehammer goal.by         2039ms Matrix_Tensor.Matrix_Tensor 2579:100584  some (SH 2038ms, ATP 452ms): Try this: by (smt (cvc5))
0.sledgehammer goal.using      2695ms Matrix_Tensor.Matrix_Tensor 2581:100708  some (SH 2695ms, ATP 763ms): Try this: by (smt (cvc5) div_mult2_eq)
0.sledgehammer goal.by         3064ms Matrix_Tensor.Matrix_Tensor 2581:100727  some (SH 3063ms, ATP 828ms): Try this: by (smt (cvc5))
0.sledgehammer goal.using      7716ms Matrix_Tensor.Matrix_Tensor 2591:101239  some (SH 7716ms, ATP 1506ms): Try this: by (smt (cvc5) "6" div_mult2_eq)
0.sledgehammer goal.by         6944ms Matrix_Tensor.Matrix_Tensor 2591:101248  some (SH 6943ms, ATP 1446ms): Try this: by (smt (cvc5) div_mult2_eq)
0.sledgehammer goal.by         7687ms Matrix_Tensor.Matrix_Tensor 2601:101777  some (SH 7687ms, ATP 1606ms): Try this: by (smt (cvc5) mult.commute)
0.sledgehammer goal.using      7367ms Matrix_Tensor.Matrix_Tensor 2610:102187  some (SH 7366ms, ATP 1609ms): Try this: by (smt (cvc5) "0" ab_semigroup_mult_class.mult_ac(1) length_Tensor matrix_Tensor_elements row_length_mat well_defined_Tensor)
0.sledgehammer goal.by         7397ms Matrix_Tensor.Matrix_Tensor 2612:102302  some (SH 7397ms, ATP 1670ms): Try this: by (smt (cvc5) ab_semigroup_mult_class.mult_ac(1))
0.sledgehammer goal.using      4179ms Matrix_Tensor.Matrix_Tensor 2621:102716  some (SH 4179ms, ATP 1365ms): Try this: by (smt (cvc5) length_Tensor row_length_mat)
0.sledgehammer goal.by         2780ms Matrix_Tensor.Matrix_Tensor 2621:102751  some (SH 2779ms, ATP 1160ms): Try this: by (smt (cvc5))
0.sledgehammer goal.using      7849ms Matrix_Tensor.Matrix_Tensor 2632:103220  some (SH 7848ms, ATP 1373ms): Try this: by (smt (cvc5) mult.commute)
0.sledgehammer goal.by         3351ms Matrix_Tensor.Matrix_Tensor 2632:103239  some (SH 3350ms, ATP 1290ms): Try this: by (smt (cvc5))
0.sledgehammer goal.proof      8869ms Matrix_Tensor.Matrix_Tensor 2636:103382  some (SH 8868ms, ATP 2486ms): Try this: by (smt (cvc5) ab_semigroup_mult_class.mult_ac(1) length_Tensor length_greater_0_conv list.size(3) mod_less_divisor mult_0_right not_less0)
0.sledgehammer goal.using      7970ms Matrix_Tensor.Matrix_Tensor 2639:103480  some (SH 7969ms, ATP 1168ms): Try this: by (smt (cvc5) True length_Tensor)
0.sledgehammer goal.by         2981ms Matrix_Tensor.Matrix_Tensor 2639:103505  some (SH 2980ms, ATP 883ms): Try this: by (smt (cvc5))
0.sledgehammer goal.by         3894ms Matrix_Tensor.Matrix_Tensor 2641:103580  some (SH 3893ms, ATP 821ms): Try this: by (smt (cvc5) mult_is_0)
0.sledgehammer goal.by         3494ms Matrix_Tensor.Matrix_Tensor 2642:103610  some (SH 3494ms, ATP 668ms): Try this: by (smt (cvc5) not_less0)
0.sledgehammer goal.using      3526ms Matrix_Tensor.Matrix_Tensor 2646:103704  some (SH 3525ms, ATP 682ms): Try this: by (smt (cvc5) False bot_nat_0.not_eq_extremum)
0.sledgehammer goal.by         3146ms Matrix_Tensor.Matrix_Tensor 2646:103716  some (SH 3145ms, ATP 745ms): Try this: by (smt (cvc5) bot_nat_0.not_eq_extremum)
0.sledgehammer goal.using      4058ms Matrix_Tensor.Matrix_Tensor 2647:103745  some (SH 4057ms, ATP 1312ms): Try this: by (smt (cvc5) mod_less_divisor)
0.sledgehammer goal.by         3374ms Matrix_Tensor.Matrix_Tensor 2647:103768  some (SH 3374ms, ATP 551ms): Try this: by (smt (cvc5))
0.sledgehammer goal.proof      7893ms Matrix_Tensor.Matrix_Tensor 2652:103939  some (SH 7892ms, ATP 1784ms): Try this: by (smt (cvc5) Euclidean_Rings.div_eq_0_iff ab_semigroup_mult_class.mult_ac(1) mod_div_trivial mult_0_right not_less0 row_length_mat)
0.sledgehammer goal.using      7193ms Matrix_Tensor.Matrix_Tensor 2655:104048  some (SH 7193ms, ATP 558ms): Try this: by (smt (cvc5) True row_length_mat)
0.sledgehammer goal.by         3531ms Matrix_Tensor.Matrix_Tensor 2655:104060  some (SH 3530ms, ATP 545ms): Try this: by (smt (cvc5) row_length_mat)
0.sledgehammer goal.by         4246ms Matrix_Tensor.Matrix_Tensor 2657:104164  some (SH 4246ms, ATP 578ms): Try this: by (smt (cvc5) mult_is_0)
0.sledgehammer goal.by         2851ms Matrix_Tensor.Matrix_Tensor 2658:104193  some (SH 2850ms, ATP 575ms): Try this: by (smt (cvc5) not_less0)
0.sledgehammer goal.using      3421ms Matrix_Tensor.Matrix_Tensor 2662:104290  some (SH 3420ms, ATP 546ms): Try this: by (smt (cvc5) False bot_nat_0.not_eq_extremum)
0.sledgehammer goal.by         3022ms Matrix_Tensor.Matrix_Tensor 2662:104302  some (SH 3021ms, ATP 576ms): Try this: by (smt (cvc5) bot_nat_0.not_eq_extremum)
0.sledgehammer goal.using      2779ms Matrix_Tensor.Matrix_Tensor 2663:104331  some (SH 2778ms, ATP 586ms): Try this: by (smt (cvc5) mod_less_divisor)
0.sledgehammer goal.by         2409ms Matrix_Tensor.Matrix_Tensor 2663:104354  some (SH 2409ms, ATP 569ms): Try this: by (smt (cvc5))
0.sledgehammer goal.by         3415ms Matrix_Tensor.Matrix_Tensor 2670:104662  some (SH 3414ms, ATP 1127ms): Try this: by (smt (cvc5))
0.sledgehammer goal.using      4623ms Matrix_Tensor.Matrix_Tensor 2677:105010  some (SH 4623ms, ATP 1291ms): Try this: by (smt (cvc5) length_Tensor row_length_mat)
0.sledgehammer goal.by         3224ms Matrix_Tensor.Matrix_Tensor 2677:105045  some (SH 3224ms, ATP 1111ms): Try this: by (smt (cvc5))
0.sledgehammer goal.using      3657ms Matrix_Tensor.Matrix_Tensor 2680:105160  some (SH 3656ms, ATP 1036ms): Try this: by (smt (cvc5) "0")
0.sledgehammer goal.by         3068ms Matrix_Tensor.Matrix_Tensor 2680:105168  some (SH 3067ms, ATP 830ms): Try this: by (smt (cvc5))
0.sledgehammer goal.using      3869ms Matrix_Tensor.Matrix_Tensor 2691:105781  some (SH 3868ms, ATP 1225ms): Try this: by (smt (cvc5) matrix_Tensor_elements)
0.sledgehammer goal.by         3495ms Matrix_Tensor.Matrix_Tensor 2691:105810  some (SH 3494ms, ATP 1151ms): Try this: by (smt (cvc5))
0.sledgehammer goal.using      7226ms Matrix_Tensor.Matrix_Tensor 2704:106369  some (SH 7225ms, ATP 1632ms): Try this: by (smt (cvc5) "11")
0.sledgehammer goal.by         6762ms Matrix_Tensor.Matrix_Tensor 2704:106378  some (SH 6762ms, ATP 1308ms): Try this: by (smt (cvc5))
0.sledgehammer goal.proof      4610ms Matrix_Tensor.Matrix_Tensor 2707:106501  some (SH 4610ms, ATP 1415ms): Try this: by (smt (cvc5) length_Tensor mod_prop1)
0.sledgehammer goal.using      3125ms Matrix_Tensor.Matrix_Tensor 2710:106641  some (SH 3124ms, ATP 1055ms): Try this: by (smt (cvc5) length_Tensor)
0.sledgehammer goal.by         3151ms Matrix_Tensor.Matrix_Tensor 2710:106661  some (SH 3151ms, ATP 981ms): Try this: by (smt (cvc5))
0.sledgehammer goal.using      3379ms Matrix_Tensor.Matrix_Tensor 2714:106823  some (SH 3378ms, ATP 566ms): Try this: by (smt (cvc5) mod_prop1)
0.sledgehammer goal.by         2938ms Matrix_Tensor.Matrix_Tensor 2714:106839  some (SH 2937ms, ATP 648ms): Try this: by (smt (cvc5))
0.sledgehammer goal.by         3704ms Matrix_Tensor.Matrix_Tensor 2715:106874  some (SH 3704ms, ATP 1253ms): Try this: by (smt (cvc5))
0.sledgehammer goal.proof      4483ms Matrix_Tensor.Matrix_Tensor 2719:107013  some (SH 4482ms, ATP 1330ms): Try this: by (smt (cvc5) mod_prop1 row_length_mat)
0.sledgehammer goal.using      3104ms Matrix_Tensor.Matrix_Tensor 2722:107165  some (SH 3101ms, ATP 1025ms): Try this: by (smt (cvc5) row_length_mat)
0.sledgehammer goal.by         2998ms Matrix_Tensor.Matrix_Tensor 2722:107186  some (SH 2997ms, ATP 1070ms): Try this: by (smt (cvc5))
0.sledgehammer goal.using      3501ms Matrix_Tensor.Matrix_Tensor 2726:107393  some (SH 3501ms, ATP 588ms): Try this: by (smt (cvc5) mod_prop1)
0.sledgehammer goal.by         2643ms Matrix_Tensor.Matrix_Tensor 2726:107409  some (SH 2643ms, ATP 619ms): Try this: by (smt (cvc5))
0.sledgehammer goal.by         3608ms Matrix_Tensor.Matrix_Tensor 2727:107444  some (SH 3608ms, ATP 1152ms): Try this: by (smt (cvc5))
0.sledgehammer goal.by         7434ms Matrix_Tensor.Matrix_Tensor 2740:108089  some (SH 7433ms, ATP 1399ms): Try this: by (smt (cvc5))
0.sledgehammer goal.proof      4792ms Matrix_Tensor.Matrix_Tensor 2743:108220  some (SH 4791ms, ATP 1248ms): Try this: by (smt (cvc5) length_Tensor mod_div_relation)
0.sledgehammer goal.using      3118ms Matrix_Tensor.Matrix_Tensor 2746:108337  some (SH 3117ms, ATP 1004ms): Try this: by (smt (cvc5) length_Tensor)
0.sledgehammer goal.by         3099ms Matrix_Tensor.Matrix_Tensor 2746:108357  some (SH 3098ms, ATP 1048ms): Try this: by (smt (cvc5))
0.sledgehammer goal.using      3663ms Matrix_Tensor.Matrix_Tensor 2747:108385  some (SH 3662ms, ATP 1138ms): Try this: by (smt (cvc5) mod_div_relation)
0.sledgehammer goal.by         3262ms Matrix_Tensor.Matrix_Tensor 2747:108408  some (SH 3261ms, ATP 1275ms): Try this: by (smt (cvc5))
0.sledgehammer goal.proof      4716ms Matrix_Tensor.Matrix_Tensor 2751:108559  some (SH 4715ms, ATP 1281ms): Try this: by (smt (cvc5) mod_div_relation row_length_mat)
0.sledgehammer goal.using      3181ms Matrix_Tensor.Matrix_Tensor 2754:108688  some (SH 3181ms, ATP 1045ms): Try this: by (smt (cvc5) row_length_mat)
0.sledgehammer goal.by         3121ms Matrix_Tensor.Matrix_Tensor 2754:108709  some (SH 3120ms, ATP 943ms): Try this: by (smt (cvc5))
0.sledgehammer goal.using      4584ms Matrix_Tensor.Matrix_Tensor 2755:108737  some (SH 4584ms, ATP 2076ms): Try this: by (smt (cvc5) mod_div_relation)
0.sledgehammer goal.by         3419ms Matrix_Tensor.Matrix_Tensor 2755:108760  some (SH 3419ms, ATP 1147ms): Try this: by (smt (cvc5))
0.sledgehammer goal.by         6071ms Matrix_Tensor.Matrix_Tensor 2767:109346  some (SH 6071ms, ATP 1633ms): Try this: by (smt (cvc5))
0.sledgehammer goal.using      6831ms Matrix_Tensor.Matrix_Tensor 2779:109903  some (SH 6830ms, ATP 1713ms): Try this: by (smt (cvc5) \<open>\<forall>i j. i < row_length M1 * row_length M2 * row_length M3 \<and> j < length M1 * length M2 * length M3 \<longrightarrow> (M1 \<otimes> (M2 \<otimes> M3)) ! j ! i = M1 ! (j div (length M2 * length M3)) ! (i div (row_length M2 * row_length M3)) * (M2 \<otimes> M3) ! (j mod length (M2 \<otimes> M3)) ! (i mod row_length (M2 \<otimes> M3))\<close>)
0.sledgehammer goal.by         6837ms Matrix_Tensor.Matrix_Tensor 2779:109939  some (SH 6837ms, ATP 1759ms): Try this: by (smt (cvc5))
0.sledgehammer goal.using      8082ms Matrix_Tensor.Matrix_Tensor 2794:110710  some (SH 8081ms, ATP 1740ms): Try this: by (smt (cvc5) assoc)
0.sledgehammer goal.by         7501ms Matrix_Tensor.Matrix_Tensor 2794:110722  some (SH 7500ms, ATP 1114ms): Try this: by (smt (cvc5))
0.sledgehammer goal.by         7180ms Matrix_Tensor.Matrix_Tensor 2806:111321  some (SH 7179ms, ATP 1508ms): Try this: by (smt (cvc5))
0.sledgehammer goal.by         7243ms Matrix_Tensor.Matrix_Tensor 2812:111567  some (SH 7242ms, ATP 1403ms): Try this: by (smt (cvc5))
0.sledgehammer goal.proof      8473ms Matrix_Tensor.Matrix_Tensor 2816:111728  some (SH 8473ms, ATP 2381ms): Try this: by (smt (cvc5) "0" ab_semigroup_mult_class.mult_ac(1) effective_well_defined_Tensor length_Tensor row_length_mat)
0.sledgehammer goal.using      4084ms Matrix_Tensor.Matrix_Tensor 2818:111830  some (SH 4084ms, ATP 1180ms): Try this: by (smt (cvc5) "0" effective_well_defined_Tensor)
0.sledgehammer goal.by         3178ms Matrix_Tensor.Matrix_Tensor 2819:111911  some (SH 3177ms, ATP 1203ms): Try this: by (smt (cvc5))
0.sledgehammer goal.using      5674ms Matrix_Tensor.Matrix_Tensor 2823:112075  some (SH 5673ms, ATP 1253ms): Try this: by (smt (cvc5) "0" effective_well_defined_Tensor length_Tensor row_length_mat)
0.sledgehammer goal.by         3190ms Matrix_Tensor.Matrix_Tensor 2824:112156  some (SH 3189ms, ATP 1098ms): Try this: by (smt (cvc5))
0.sledgehammer goal.using      8570ms Matrix_Tensor.Matrix_Tensor 2825:112191  some (SH 8569ms, ATP 2061ms): Try this: by (smt (cvc5) ab_semigroup_mult_class.mult_ac(1) length_Tensor row_length_mat)
0.sledgehammer goal.by         7591ms Matrix_Tensor.Matrix_Tensor 2826:112250  some (SH 7591ms, ATP 1467ms): Try this: by (smt (cvc5) ab_semigroup_mult_class.mult_ac(1))
0.sledgehammer goal.proof      5611ms Matrix_Tensor.Matrix_Tensor 2831:112485  some (SH 5610ms, ATP 1570ms): Try this: by (smt (cvc5) "0" effective_well_defined_Tensor length_Tensor row_length_mat)
0.sledgehammer goal.using      3671ms Matrix_Tensor.Matrix_Tensor 2833:112587  some (SH 3670ms, ATP 1208ms): Try this: by (smt (cvc5) \<open>mat (row_length M1) (length M1) M1 \<and> mat (row_length M2) (length M2) M2\<close> effective_well_defined_Tensor)
0.sledgehammer goal.by         3188ms Matrix_Tensor.Matrix_Tensor 2833:112654  some (SH 3181ms, ATP 1147ms): Try this: by (smt (cvc5))
0.sledgehammer goal.using      5757ms Matrix_Tensor.Matrix_Tensor 2837:112814  some (SH 5756ms, ATP 1426ms): Try this: by (smt (cvc5) "0" effective_well_defined_Tensor length_Tensor row_length_mat)
0.sledgehammer goal.by         3344ms Matrix_Tensor.Matrix_Tensor 2837:112883  some (SH 3344ms, ATP 1137ms): Try this: by (smt (cvc5))
0.sledgehammer goal.using      4440ms Matrix_Tensor.Matrix_Tensor 2838:112919  some (SH 4439ms, ATP 1194ms): Try this: by (smt (cvc5) "1" "2" matrix_row_length)
0.sledgehammer goal.by         3251ms Matrix_Tensor.Matrix_Tensor 2838:112954  some (SH 3250ms, ATP 1180ms): Try this: by (smt (cvc5))
0.sledgehammer goal.by         8766ms Matrix_Tensor.Matrix_Tensor 2841:113012  some (SH 8766ms, ATP 2233ms): Try this: by (smt (cvc5) mat_eqI)
0.sledgehammer goal.by         2819ms Matrix_Tensor.Matrix_Tensor 2847:113105  some (SH 2818ms, ATP 429ms): Try this: by (smt (cvc5) mult.commute)
0.sledgehammer goal.using      3771ms Matrix_Tensor.Matrix_Tensor 2874:113953  some (SH 3770ms, ATP 1283ms): Try this: by (smt (cvc5) associativity)
0.sledgehammer goal.by         3291ms Matrix_Tensor.Matrix_Tensor 2874:113973  some (SH 3290ms, ATP 1165ms): Try this: by (smt (cvc5))
0.sledgehammer goal.using      7019ms Matrix_Tensor.Matrix_Tensor 2894:114541  some (SH 7018ms, ATP 2511ms): Try this: by (smt (cvc5) i j mat_mult_index wf1 wf2)
0.sledgehammer goal.by         3606ms Matrix_Tensor.Matrix_Tensor 2894:114574  some (SH 3606ms, ATP 1451ms): Try this: by (smt (cvc5))
0.sledgehammer goal.using      6275ms Matrix_Tensor.Matrix_Tensor 2903:114832  some (SH 6274ms, ATP 1752ms): Try this: by (smt (cvc5) i j mat_mult_index scalar_product_def wf1 wf2)
0.sledgehammer goal.by         3444ms Matrix_Tensor.Matrix_Tensor 2903:114872  some (SH 3443ms, ATP 1580ms): Try this: by (smt (cvc5))
0.sledgehammer goal.proof     18036ms Matrix_Tensor.Matrix_Tensor 2909:114997  some (SH 18035ms, ATP 1147ms): Try this: apply (smt (cvc5) assms(1,2,3) list.set_sel(1) mat_def mat_uniqueness)
0.sledgehammer goal.using      3742ms Matrix_Tensor.Matrix_Tensor 2911:115041  some (SH 3741ms, ATP 1022ms): Try this: by (smt (cvc5) assms(3) local.Nil)
0.sledgehammer goal.by         3119ms Matrix_Tensor.Matrix_Tensor 2911:115060  some (SH 3119ms, ATP 1174ms): Try this: by (smt (cvc5))
0.sledgehammer goal.using      3479ms Matrix_Tensor.Matrix_Tensor 2915:115124  some (SH 3478ms, ATP 617ms): Try this: by (smt (cvc5) list.set_intros(1))
0.sledgehammer goal.by         3879ms Matrix_Tensor.Matrix_Tensor 2915:115135  some (SH 3879ms, ATP 1295ms): Try this: by (smt (cvc5) list.set_intros(1))
0.sledgehammer goal.using     10075ms Matrix_Tensor.Matrix_Tensor 2917:115180  some (SH 10074ms, ATP 2278ms): Try this: by (smt (cvc5) assms(1) local.Cons mat_def vec_def)
0.sledgehammer goal.by         4260ms Matrix_Tensor.Matrix_Tensor 2917:115226  some (SH 4259ms, ATP 1998ms): Try this: by (smt (cvc5))
0.sledgehammer goal.using      9499ms Matrix_Tensor.Matrix_Tensor 2919:115282  some (SH 9498ms, ATP 1843ms): Try this: by (smt (cvc5) "1" assms(1,2,3) local.Cons mat_def mat_uniqueness)
0.sledgehammer goal.by         4139ms Matrix_Tensor.Matrix_Tensor 2919:115330  some (SH 4138ms, ATP 1940ms): Try this: by (smt (cvc5))
0.sledgehammer goal.by         4378ms Matrix_Tensor.Matrix_Tensor 2921:115377  some (SH 4378ms, ATP 1676ms): Try this: by (smt (cvc5))
0.sledgehammer goal.using      7610ms Matrix_Tensor.Matrix_Tensor 2924:115423  some (SH 7610ms, ATP 1422ms): Try this: by (smt (cvc5) assms(1) mat_def)
0.sledgehammer goal.by         3325ms Matrix_Tensor.Matrix_Tensor 2924:115446  some (SH 3324ms, ATP 817ms): Try this: by (smt (cvc5))
0.sledgehammer goal.using      8132ms Matrix_Tensor.Matrix_Tensor 2926:115495  some (SH 8131ms, ATP 1443ms): Try this: by (smt (cvc5) assms(2) mat_def)
0.sledgehammer goal.by         3351ms Matrix_Tensor.Matrix_Tensor 2926:115518  some (SH 3350ms, ATP 724ms): Try this: by (smt (cvc5))
0.sledgehammer goal.by         3447ms Matrix_Tensor.Matrix_Tensor 2928:115564  some (SH 3446ms, ATP 1270ms): Try this: by (smt (cvc5))
0.sledgehammer goal.using     10157ms Matrix_Tensor.Matrix_Tensor 2938:115791  some (SH 10156ms, ATP 2249ms): Try this: by (smt (cvc5) assms(1) i j ma matrix_row_length scalar_product_def unique_row_col(1) wf1 wf2)
0.sledgehammer goal.by         4030ms Matrix_Tensor.Matrix_Tensor 2938:115831  some (SH 4029ms, ATP 1724ms): Try this: by (smt (cvc5) matrix_row_length)
0.sledgehammer goal.proof      7623ms Matrix_Tensor.Matrix_Tensor 2962:116601  some (SH 7623ms, ATP 2129ms): Try this: by (smt (cvc5) assms(4) length_0_conv mat_def mat_mult matrix_row_length wf1 wf2)
0.sledgehammer goal.using      6476ms Matrix_Tensor.Matrix_Tensor 2964:116643  some (SH 6476ms, ATP 2092ms): Try this: by (smt (cvc5) assms(3) mat_mult matrix_row_length unique_row_col(1) wf1 wf2)
0.sledgehammer goal.by         3651ms Matrix_Tensor.Matrix_Tensor 2964:116722  some (SH 3651ms, ATP 1697ms): Try this: by (smt (cvc5))
0.sledgehammer goal.using      7018ms Matrix_Tensor.Matrix_Tensor 2966:116775  some (SH 7017ms, ATP 1597ms): Try this: by (smt (cvc5) mat_def)
0.sledgehammer goal.by         3581ms Matrix_Tensor.Matrix_Tensor 2966:116789  some (SH 3580ms, ATP 1469ms): Try this: by (smt (cvc5))
0.sledgehammer goal.proof      8122ms Matrix_Tensor.Matrix_Tensor 2968:116822  some (SH 8121ms, ATP 661ms): Try this: by (smt (cvc5) assms(4) length_greater_0_conv mat_def wf2)
0.sledgehammer goal.using      3367ms Matrix_Tensor.Matrix_Tensor 2970:116872  some (SH 3367ms, ATP 1080ms): Try this: by (smt (cvc5) mat_def wf2)
0.sledgehammer goal.by         3396ms Matrix_Tensor.Matrix_Tensor 2970:116895  some (SH 3396ms, ATP 1311ms): Try this: by (smt (cvc5))
0.sledgehammer goal.using      3184ms Matrix_Tensor.Matrix_Tensor 2971:116923  some (SH 3182ms, ATP 768ms): Try this: by (smt (cvc5) assms(4) length_greater_0_conv)
0.sledgehammer goal.by         2835ms Matrix_Tensor.Matrix_Tensor 2971:116938  some (SH 2834ms, ATP 704ms): Try this: by (smt (cvc5) length_greater_0_conv)
0.sledgehammer goal.by         4698ms Matrix_Tensor.Matrix_Tensor 2974:117002  some (SH 4697ms, ATP 2183ms): Try this: by (smt (cvc5) calculation(1))
0.sledgehammer goal.by         7004ms Matrix_Tensor.Matrix_Tensor 2975:117049  some (SH 7003ms, ATP 1317ms): Try this: by (smt (cvc5) less_numeral_extra(3) list.size(3))
0.sledgehammer goal.proof     12419ms Matrix_Tensor.Matrix_Tensor 2989:117567  some (SH 12418ms, ATP 2705ms): Try this: by (smt (cvc5) effective_well_defined_Tensor length_map mat_mult mat_multI_def matchAA matchBB matrix_row_length non_Nil non_empty_mat_mult unique_row_col(1) wf1 wf2 wf3 wf4)
0.sledgehammer goal.using      5078ms Matrix_Tensor.Matrix_Tensor 2991:117646  some (SH 5078ms, ATP 1795ms): Try this: by (smt (cvc5) mat_mult matchAA wf1 wf2)
0.sledgehammer goal.by         3651ms Matrix_Tensor.Matrix_Tensor 2991:117679  some (SH 3651ms, ATP 1562ms): Try this: by (smt (cvc5))
0.sledgehammer goal.by         3956ms Matrix_Tensor.Matrix_Tensor 2993:117778  some (SH 3955ms, ATP 1374ms): Try this: by (smt (cvc5) matrix_row_length)
0.sledgehammer goal.using      7066ms Matrix_Tensor.Matrix_Tensor 2995:117909  some (SH 7066ms, ATP 1756ms): Try this: apply (smt (cvc5) "0" matchAA non_Nil non_empty_mat_mult unique_row_col(1) wf1 wf2)
0.sledgehammer goal.apply      5423ms Matrix_Tensor.Matrix_Tensor 2996:117963  some (SH 5422ms, ATP 1798ms): Try this: apply (smt (cvc5) matchAA non_Nil wf1 wf2)
0.sledgehammer goal.by         5562ms Matrix_Tensor.Matrix_Tensor 2997:118033  some (SH 5562ms, ATP 1606ms): Try this: by (smt (cvc5) "0" mat_def)
0.sledgehammer goal.using      5488ms Matrix_Tensor.Matrix_Tensor 2999:118175  some (SH 5487ms, ATP 1618ms): Try this: by (smt (cvc5) mat_mult matchBB wf3 wf4)
0.sledgehammer goal.by         3505ms Matrix_Tensor.Matrix_Tensor 2999:118206  some (SH 3504ms, ATP 1475ms): Try this: by (smt (cvc5))
0.sledgehammer goal.by         4011ms Matrix_Tensor.Matrix_Tensor 3001:118306  some (SH 4010ms, ATP 1575ms): Try this: by (smt (cvc5) matrix_row_length)
0.sledgehammer goal.using      7039ms Matrix_Tensor.Matrix_Tensor 3003:118438  some (SH 7038ms, ATP 1722ms): Try this: apply (smt (cvc5) "3" matchBB non_Nil non_empty_mat_mult unique_row_col(1) wf3 wf4)
0.sledgehammer goal.apply      5315ms Matrix_Tensor.Matrix_Tensor 3004:118490  some (SH 5314ms, ATP 1871ms): Try this: apply (smt (cvc5) matchBB non_Nil wf3 wf4)
0.sledgehammer goal.by         6180ms Matrix_Tensor.Matrix_Tensor 3005:118561  some (SH 6179ms, ATP 2255ms): Try this: by (smt (cvc5) "3" mat_def)
0.sledgehammer goal.using      7227ms Matrix_Tensor.Matrix_Tensor 3006:118642  some (SH 7227ms, ATP 1727ms): Try this: by (smt (cvc5) "1" "2" "4" calculation(2) effective_well_defined_Tensor)
0.sledgehammer goal.by         4281ms Matrix_Tensor.Matrix_Tensor 3007:118685  some (SH 4280ms, ATP 1658ms): Try this: by (smt (cvc5) "2" calculation(2))
0.sledgehammer goal.using      6266ms Matrix_Tensor.Matrix_Tensor 3014:118919  some (SH 6266ms, ATP 2560ms): Try this: by (smt (cvc5) matrix_match_def tensor_compose_distribution1)
0.sledgehammer goal.unfolding  4585ms Matrix_Tensor.Matrix_Tensor 3014:118954  some (SH 4584ms, ATP 1838ms): Try this: by (smt (cvc5) matrix_match_def)
0.sledgehammer goal.by         4391ms Matrix_Tensor.Matrix_Tensor 3014:118981  some (SH 4390ms, ATP 2391ms): Try this: by (smt (cvc5))
0.sledgehammer goal.proof      8486ms Matrix_Tensor.Matrix_Tensor 3028:119500  some (SH 8485ms, ATP 1796ms): Try this: by (smt (cvc5) effective_well_defined_Tensor mat_mult matchAA matchBB row_length_mat wf1 wf2 wf3 wf4)
0.sledgehammer goal.using      4174ms Matrix_Tensor.Matrix_Tensor 3033:119638  some (SH 4173ms, ATP 1324ms): Try this: by (smt (cvc5) effective_well_defined_Tensor wf1 wf3)
0.sledgehammer goal.by         3024ms Matrix_Tensor.Matrix_Tensor 3033:119672  some (SH 3023ms, ATP 1042ms): Try this: by (smt (cvc5))
0.sledgehammer goal.using      4542ms Matrix_Tensor.Matrix_Tensor 3038:119844  some (SH 4541ms, ATP 1331ms): Try this: by (smt (cvc5) effective_well_defined_Tensor wf2 wf4)
0.sledgehammer goal.by         3899ms Matrix_Tensor.Matrix_Tensor 3038:119878  some (SH 3899ms, ATP 1827ms): Try this: by (smt (cvc5))
0.sledgehammer goal.using      3828ms Matrix_Tensor.Matrix_Tensor 3041:120000  some (SH 3827ms, ATP 1107ms): Try this: by (smt (cvc5) matchAA matchBB)
0.sledgehammer goal.by         3045ms Matrix_Tensor.Matrix_Tensor 3041:120022  some (SH 3044ms, ATP 1055ms): Try this: by (smt (cvc5))
0.sledgehammer goal.using      5730ms Matrix_Tensor.Matrix_Tensor 3042:120055  some (SH 5730ms, ATP 2350ms): Try this: by (smt (cvc5) mat_mult row_length_mat)
0.sledgehammer goal.by         3825ms Matrix_Tensor.Matrix_Tensor 3042:120085  some (SH 3825ms, ATP 1658ms): Try this: by (smt (cvc5))
0.sledgehammer goal.using      7051ms Matrix_Tensor.Matrix_Tensor 3047:120179  some (SH 7050ms, ATP 1509ms): Try this: by (smt (cvc5) assms(1,2) length_0_conv length_Tensor mult_is_0)
0.sledgehammer goal.by         3463ms Matrix_Tensor.Matrix_Tensor 3047:120242  some (SH 3463ms, ATP 1494ms): Try this: by (smt (cvc5))
0.sledgehammer goal.proof      9528ms Matrix_Tensor.Matrix_Tensor 3056:120482  some (SH 9527ms, ATP 1946ms): Try this: by (smt (cvc5) assms(1,2,3,4,5,6,7,8) non_empty_mat_mult tensor_non_empty)
0.sledgehammer goal.using      5627ms Matrix_Tensor.Matrix_Tensor 3058:120517  some (SH 5627ms, ATP 2028ms): Try this: by (smt (cvc5) assms(1,2,5,7) non_empty_mat_mult)
0.sledgehammer goal.by         3178ms Matrix_Tensor.Matrix_Tensor 3058:120549  some (SH 3177ms, ATP 1323ms): Try this: by (smt (cvc5))
0.sledgehammer goal.using      5801ms Matrix_Tensor.Matrix_Tensor 3060:120594  some (SH 5800ms, ATP 1785ms): Try this: by (smt (cvc5) assms(3,4,6,8) non_empty_mat_mult)
0.sledgehammer goal.by         3350ms Matrix_Tensor.Matrix_Tensor 3060:120626  some (SH 3350ms, ATP 1455ms): Try this: by (smt (cvc5))
0.sledgehammer goal.using      3906ms Matrix_Tensor.Matrix_Tensor 3061:120659  some (SH 3906ms, ATP 1470ms): Try this: by (smt (cvc5) tensor_non_empty)
0.sledgehammer goal.by         3489ms Matrix_Tensor.Matrix_Tensor 3061:120682  some (SH 3489ms, ATP 1565ms): Try this: by (smt (cvc5))
0.sledgehammer goal.using      6362ms Matrix_Tensor.Matrix_Tensor 3068:120900  some (SH 6361ms, ATP 2037ms): Try this: by (smt (cvc5) matrix_match_def tensor_compose_distribution2)
0.sledgehammer goal.unfolding  4553ms Matrix_Tensor.Matrix_Tensor 3068:120935  some (SH 4553ms, ATP 2057ms): Try this: by (smt (cvc5) matrix_match_def)
0.sledgehammer goal.by         3570ms Matrix_Tensor.Matrix_Tensor 3068:120962  some (SH 3570ms, ATP 1689ms): Try this: by (smt (cvc5))
0.sledgehammer goal.using      5763ms Matrix_Tensor.Matrix_Tensor 3079:121338  some (SH 5763ms, ATP 1375ms): Try this: by (smt (cvc5) assms(1,2,3,4) matrix_Tensor_elements)
0.sledgehammer goal.by         3316ms Matrix_Tensor.Matrix_Tensor 3079:121373  some (SH 3316ms, ATP 1149ms): Try this: by (smt (cvc5))
0.sledgehammer goal.using      6173ms Matrix_Tensor.Matrix_Tensor 3090:121774  some (SH 6173ms, ATP 2336ms): Try this: by (smt (cvc5) assms(1,2) matrix_Tensor_elements)
0.sledgehammer goal.by         3495ms Matrix_Tensor.Matrix_Tensor 3090:121809  some (SH 3494ms, ATP 1325ms): Try this: by (smt (cvc5))
0.sledgehammer goal.proof     56823ms Matrix_Tensor.Matrix_Tensor 3122:123033  some (SH 56822ms, ATP 2295ms): Try this: by (smt (cvc5) Euclidean_Rings.div_eq_0_iff assms(8,9) div_0 div_left_ineq length_greater_0_conv length_map mat_mult mat_multI_def matchAA matchBB matrix_Tensor_elements matrix_index matrix_row_length mod_less_divisor mult_0_right unique_row_col(1) wf1 wf2 wf3 wf4)
0.sledgehammer goal.using      8625ms Matrix_Tensor.Matrix_Tensor 3124:123106  some (SH 8624ms, ATP 2307ms): Try this: by (smt (cvc5) matchAA matchBB non_Nil non_empty_distribution wf1 wf2 wf3 wf4)
0.sledgehammer goal.by         3623ms Matrix_Tensor.Matrix_Tensor 3124:123141  some (SH 3622ms, ATP 1642ms): Try this: by (smt (cvc5))
0.sledgehammer goal.using      8348ms Matrix_Tensor.Matrix_Tensor 3128:123287  some (SH 8348ms, ATP 1762ms): Try this: by (smt (cvc5) matchAA matchBB non_Nil tensor_compose_distribution1 wf1 wf2 wf3 wf4)
0.sledgehammer goal.by         3721ms Matrix_Tensor.Matrix_Tensor 3128:123328  some (SH 3720ms, ATP 1747ms): Try this: by (smt (cvc5))
0.sledgehammer goal.by         3801ms Matrix_Tensor.Matrix_Tensor 3132:123474  some (SH 3800ms, ATP 1268ms): Try this: by (smt (cvc5) matrix_row_length)
0.sledgehammer goal.using      7063ms Matrix_Tensor.Matrix_Tensor 3136:123690  some (SH 7063ms, ATP 2593ms): Try this: apply (smt (cvc5) "0" "1" unique_row_col(1))
0.sledgehammer goal.apply      6988ms Matrix_Tensor.Matrix_Tensor 3137:123723  some (SH 6988ms, ATP 1552ms): Try this: apply (smt (cvc5))
0.sledgehammer goal.using      7288ms Matrix_Tensor.Matrix_Tensor 3138:123742  some (SH 7288ms, ATP 1859ms): Try this: by (smt (cvc5) "0" "1" "2" unique_row_col(2))
0.sledgehammer goal.by         6596ms Matrix_Tensor.Matrix_Tensor 3138:123769  some (SH 6596ms, ATP 1659ms): Try this: by (smt (cvc5))
0.sledgehammer goal.by         3591ms Matrix_Tensor.Matrix_Tensor 3141:123912  some (SH 3590ms, ATP 1214ms): Try this: by (smt (cvc5))
0.sledgehammer goal.using      3829ms Matrix_Tensor.Matrix_Tensor 3144:124040  some (SH 3829ms, ATP 1427ms): Try this: by (smt (cvc5) \<open>length A2 * length B2 = length (A1 \<circ> A2 \<otimes> B1 \<circ> B2)\<close>)
0.sledgehammer goal.by         3258ms Matrix_Tensor.Matrix_Tensor 3145:124109  some (SH 3257ms, ATP 1307ms): Try this: by (smt (cvc5))
0.sledgehammer goal.using      5338ms Matrix_Tensor.Matrix_Tensor 3147:124179  some (SH 5338ms, ATP 1796ms): Try this: by (smt (cvc5) mat_mult matchAA wf1 wf2)
0.sledgehammer goal.by         3428ms Matrix_Tensor.Matrix_Tensor 3147:124200  some (SH 3427ms, ATP 1474ms): Try this: by (smt (cvc5))
0.sledgehammer goal.using      3921ms Matrix_Tensor.Matrix_Tensor 3149:124286  some (SH 3921ms, ATP 1365ms): Try this: by (smt (cvc5) matrix_row_length)
0.sledgehammer goal.by         3379ms Matrix_Tensor.Matrix_Tensor 3149:124312  some (SH 3378ms, ATP 1329ms): Try this: by (smt (cvc5))
0.sledgehammer goal.by         6625ms Matrix_Tensor.Matrix_Tensor 3151:124384  some (SH 6625ms, ATP 1792ms): Try this: by (smt (cvc5) matchAA non_Nil non_empty_mat_mult unique_row_col(1) wf1 wf2)
0.sledgehammer goal.by         6993ms Matrix_Tensor.Matrix_Tensor 3153:124490  some (SH 6993ms, ATP 1937ms): Try this: by (smt (cvc5) mat_def)
0.sledgehammer goal.using      5449ms Matrix_Tensor.Matrix_Tensor 3155:124619  some (SH 5448ms, ATP 1713ms): Try this: by (smt (cvc5) mat_mult matchBB wf3 wf4)
0.sledgehammer goal.by         3636ms Matrix_Tensor.Matrix_Tensor 3155:124640  some (SH 3635ms, ATP 1493ms): Try this: by (smt (cvc5))
0.sledgehammer goal.using      3893ms Matrix_Tensor.Matrix_Tensor 3157:124726  some (SH 3893ms, ATP 1368ms): Try this: by (smt (cvc5) matrix_row_length)
0.sledgehammer goal.by         3437ms Matrix_Tensor.Matrix_Tensor 3157:124752  some (SH 3436ms, ATP 1357ms): Try this: by (smt (cvc5))
0.sledgehammer goal.by         6916ms Matrix_Tensor.Matrix_Tensor 3159:124827  some (SH 6915ms, ATP 1840ms): Try this: by (smt (cvc5) matchBB non_Nil non_empty_mat_mult unique_row_col(1) wf3 wf4)
0.sledgehammer goal.by         7021ms Matrix_Tensor.Matrix_Tensor 3161:124986  some (SH 7020ms, ATP 1880ms): Try this: by (smt (cvc5) mat_def)
0.sledgehammer goal.by         7076ms Matrix_Tensor.Matrix_Tensor 3165:125221  some (SH 7075ms, ATP 1396ms): Try this: by (smt (cvc5))
0.sledgehammer goal.using      3620ms Matrix_Tensor.Matrix_Tensor 3167:125305  some (SH 3619ms, ATP 1151ms): Try this: by (smt (cvc5) assms(8))
0.sledgehammer goal.by         2983ms Matrix_Tensor.Matrix_Tensor 3167:125317  some (SH 2982ms, ATP 1176ms): Try this: by (smt (cvc5))
0.sledgehammer goal.by         3720ms Matrix_Tensor.Matrix_Tensor 3171:125470  some (SH 3719ms, ATP 1334ms): Try this: by (smt (cvc5))
0.sledgehammer goal.using      3482ms Matrix_Tensor.Matrix_Tensor 3173:125542  some (SH 3482ms, ATP 1217ms): Try this: by (smt (cvc5) assms(9))
0.sledgehammer goal.by         3320ms Matrix_Tensor.Matrix_Tensor 3173:125554  some (SH 3319ms, ATP 1226ms): Try this: by (smt (cvc5))
0.sledgehammer goal.using      7097ms Matrix_Tensor.Matrix_Tensor 3179:125824  some (SH 7096ms, ATP 1329ms): Try this: by (smt (cvc5) "12" "5" "9" assms(8) matrix_Tensor_elements)
0.sledgehammer goal.by         3356ms Matrix_Tensor.Matrix_Tensor 3179:125873  some (SH 3355ms, ATP 1145ms): Try this: by (smt (cvc5))
0.sledgehammer goal.using      7133ms Matrix_Tensor.Matrix_Tensor 3183:126065  some (SH 7132ms, ATP 1251ms): Try this: by (smt (cvc5) "10" "11")
0.sledgehammer goal.by         3212ms Matrix_Tensor.Matrix_Tensor 3183:126077  some (SH 3211ms, ATP 1052ms): Try this: by (smt (cvc5))
0.sledgehammer goal.proof      9482ms Matrix_Tensor.Matrix_Tensor 3186:126257  some (SH 9482ms, ATP 1028ms): Try this: by (smt (cvc5) "11" "15" "7" assms(8) div_left_ineq matchAA matrix_index wf1 wf2)
0.sledgehammer goal.using      3207ms Matrix_Tensor.Matrix_Tensor 3188:126313  some (SH 3207ms, ATP 1044ms): Try this: by (smt (cvc5) assms(9) div_left_ineq)
0.sledgehammer goal.by         2458ms Matrix_Tensor.Matrix_Tensor 3188:126339  some (SH 2457ms, ATP 616ms): Try this: by (smt (cvc5))
0.sledgehammer goal.using      3421ms Matrix_Tensor.Matrix_Tensor 3190:126413  some (SH 3420ms, ATP 1067ms): Try this: by (smt (cvc5) assms(8) div_left_ineq)
0.sledgehammer goal.by         2455ms Matrix_Tensor.Matrix_Tensor 3190:126439  some (SH 2447ms, ATP 945ms): Try this: by (smt (cvc5))
0.sledgehammer goal.using      3580ms Matrix_Tensor.Matrix_Tensor 3192:126528  some (SH 3579ms, ATP 1025ms): Try this: by (smt (cvc5) matchAA wf2)
0.sledgehammer goal.by         3251ms Matrix_Tensor.Matrix_Tensor 3192:126546  some (SH 3250ms, ATP 988ms): Try this: by (smt (cvc5))
0.sledgehammer goal.using      4141ms Matrix_Tensor.Matrix_Tensor 3193:126585  some (SH 4141ms, ATP 715ms): Try this: by (smt (cvc5) matrix_index wf1)
0.sledgehammer goal.by         3463ms Matrix_Tensor.Matrix_Tensor 3193:126623  some (SH 3462ms, ATP 735ms): Try this: by (smt (cvc5))
0.sledgehammer goal.proof     11431ms Matrix_Tensor.Matrix_Tensor 3199:126876  some (SH 11430ms, ATP 1088ms): Try this: by (smt (cvc5) assms(8) bot_nat_0.not_eq_extremum length_greater_0_conv matchBB matrix_index mod_by_0 mod_less_divisor mult_0_right non_Nil wf3 wf4)
0.sledgehammer goal.using      3090ms Matrix_Tensor.Matrix_Tensor 3201:126939  some (SH 3089ms, ATP 957ms): Try this: by (smt (cvc5) assms(9))
0.sledgehammer goal.by         3069ms Matrix_Tensor.Matrix_Tensor 3201:126951  some (SH 3068ms, ATP 1096ms): Try this: by (smt (cvc5))
0.sledgehammer goal.by        16254ms Matrix_Tensor.Matrix_Tensor 3203:127025  some (SH 16254ms, ATP 1513ms): Try this: by (smt (cvc5) Euclidean_Rings.div_eq_0_iff bits_mod_div_trivial length_0_conv non_Nil)
0.sledgehammer goal.by         5766ms Matrix_Tensor.Matrix_Tensor 3205:127182  some (SH 5766ms, ATP 1164ms): Try this: by (smt (cvc5) Euclidean_Rings.div_eq_0_iff assms(8) mod_div_trivial mod_eq_self_iff_div_eq_0 mult_is_0)
0.sledgehammer goal.using      3529ms Matrix_Tensor.Matrix_Tensor 3207:127327  some (SH 3528ms, ATP 1096ms): Try this: by (smt (cvc5) matchBB wf4)
0.sledgehammer goal.by         3158ms Matrix_Tensor.Matrix_Tensor 3207:127345  some (SH 3157ms, ATP 1020ms): Try this: by (smt (cvc5))
0.sledgehammer goal.using      4352ms Matrix_Tensor.Matrix_Tensor 3209:127400  some (SH 4351ms, ATP 1457ms): Try this: by (smt (cvc5) matrix_index wf3)
0.sledgehammer goal.by         3294ms Matrix_Tensor.Matrix_Tensor 3209:127436  some (SH 3294ms, ATP 825ms): Try this: by (smt (cvc5))
0.sledgehammer goal.by         3577ms Matrix_Tensor.Matrix_Tensor 3211:127475  some (SH 3576ms, ATP 656ms): Try this: by (smt (cvc5))
0.sledgehammer goal.using     45409ms Matrix_Tensor.Matrix_Tensor 3219:127804  some (SH 45409ms, ATP 1481ms): Try this: by (smt (cvc5) elements_matrix_distribution_1 matrix_compose_cond_def)
0.sledgehammer goal.by        15415ms Matrix_Tensor.Matrix_Tensor 3219:127866  some (SH 15413ms, ATP 1346ms): Try this: by (smt (cvc5))
0.sledgehammer goal.using      7168ms Matrix_Tensor.Matrix_Tensor 3233:128328  some (SH 7167ms, ATP 1178ms): Try this: by (smt (cvc5) elements_matrix_distribution_1 matrix_match_def)
0.sledgehammer goal.unfolding  4327ms Matrix_Tensor.Matrix_Tensor 3233:128365  some (SH 4327ms, ATP 1323ms): Try this: by (smt (cvc5) matrix_match_def)
0.sledgehammer goal.by         3735ms Matrix_Tensor.Matrix_Tensor 3233:128392  some (SH 3734ms, ATP 1036ms): Try this: by (smt (cvc5))
0.sledgehammer goal.using      9020ms Matrix_Tensor.Matrix_Tensor 3247:129006  some (SH 9019ms, ATP 2383ms): Try this: by (smt (cvc5) assms matrix_match_condn_1)
0.sledgehammer goal.unfolding  3922ms Matrix_Tensor.Matrix_Tensor 3247:129039  some (SH 3921ms, ATP 974ms): Try this: by (smt (cvc5))
0.sledgehammer goal.by         4947ms Matrix_Tensor.Matrix_Tensor 3248:129074  some (SH 4947ms, ATP 1777ms): Try this: by (smt (cvc5))
0.sledgehammer goal.proof     11864ms Matrix_Tensor.Matrix_Tensor 3269:129883  some (SH 11863ms, ATP 1400ms): Try this: by (smt (cvc5) col_formula effective_well_defined_Tensor i j matchAA matchBB matrix_index row_formula row_length_mat wf1 wf2 wf3 wf4)
0.sledgehammer goal.using      4151ms Matrix_Tensor.Matrix_Tensor 3274:130054  some (SH 4150ms, ATP 1295ms): Try this: by (smt (cvc5) effective_well_defined_Tensor wf1 wf3)
0.sledgehammer goal.by         3021ms Matrix_Tensor.Matrix_Tensor 3274:130088  some (SH 3020ms, ATP 971ms): Try this: by (smt (cvc5))
0.sledgehammer goal.using      4400ms Matrix_Tensor.Matrix_Tensor 3279:130279  some (SH 4399ms, ATP 1193ms): Try this: by (smt (cvc5) effective_well_defined_Tensor wf2 wf4)
0.sledgehammer goal.by         3284ms Matrix_Tensor.Matrix_Tensor 3279:130313  some (SH 3284ms, ATP 1123ms): Try this: by (smt (cvc5))
0.sledgehammer goal.using      3762ms Matrix_Tensor.Matrix_Tensor 3282:130444  some (SH 3761ms, ATP 1125ms): Try this: by (smt (cvc5) matchAA matchBB)
0.sledgehammer goal.by         3059ms Matrix_Tensor.Matrix_Tensor 3282:130466  some (SH 3058ms, ATP 927ms): Try this: by (smt (cvc5))
0.sledgehammer goal.using      5806ms Matrix_Tensor.Matrix_Tensor 3285:130609  some (SH 5805ms, ATP 816ms): Try this: by (smt (cvc5) i j matrix_index row_length_mat)
0.sledgehammer goal.by         6826ms Matrix_Tensor.Matrix_Tensor 3287:130729  some (SH 6825ms, ATP 887ms): Try this: by (smt (cvc5))
0.sledgehammer goal.using      5421ms Matrix_Tensor.Matrix_Tensor 3292:130940  some (SH 5420ms, ATP 1643ms): Try this: by (smt (cvc5) i row_formula wf1 wf3)
0.sledgehammer goal.by         3576ms Matrix_Tensor.Matrix_Tensor 3292:130979  some (SH 3576ms, ATP 1623ms): Try this: by (smt (cvc5))
0.sledgehammer goal.using      5334ms Matrix_Tensor.Matrix_Tensor 3294:131107  some (SH 5333ms, ATP 1578ms): Try this: by (smt (cvc5) col_formula j wf2 wf4)
0.sledgehammer goal.by         3329ms Matrix_Tensor.Matrix_Tensor 3294:131135  some (SH 3328ms, ATP 746ms): Try this: by (smt (cvc5))
0.sledgehammer goal.by         3800ms Matrix_Tensor.Matrix_Tensor 3295:131168  some (SH 3799ms, ATP 762ms): Try this: by (smt (cvc5))
0.sledgehammer goal.using     16218ms Matrix_Tensor.Matrix_Tensor 3310:131652  some (SH 16217ms, ATP 1248ms): Try this: by (smt (cvc5) elements_matrix_distribution2 matrix_match_def)
0.sledgehammer goal.unfolding  7199ms Matrix_Tensor.Matrix_Tensor 3310:131688  some (SH 7199ms, ATP 1225ms): Try this: by (smt (cvc5) matrix_match_def)
0.sledgehammer goal.by         3939ms Matrix_Tensor.Matrix_Tensor 3310:131715  some (SH 3938ms, ATP 1411ms): Try this: by (smt (cvc5))
0.sledgehammer goal.using      4627ms Matrix_Tensor.Matrix_Tensor 3325:132264  some (SH 4626ms, ATP 1050ms): Try this: by (smt (cvc5) assms matrix_match_condn_2)
0.sledgehammer goal.unfolding  3743ms Matrix_Tensor.Matrix_Tensor 3325:132297  some (SH 3742ms, ATP 1128ms): Try this: by (smt (cvc5))
0.sledgehammer goal.by         4138ms Matrix_Tensor.Matrix_Tensor 3325:132324  some (SH 4137ms, ATP 1250ms): Try this: by (smt (cvc5))
0.sledgehammer goal.using      4250ms Matrix_Tensor.Matrix_Tensor 3329:132366  some (SH 4249ms, ATP 833ms): Try this: by (smt (cvc5) zip_Nil)
0.sledgehammer goal.by         3917ms Matrix_Tensor.Matrix_Tensor 3329:132380  some (SH 3917ms, ATP 840ms): Try this: by (smt (cvc5) zip_Nil)
0.sledgehammer goal.proof     40737ms Matrix_Tensor.Matrix_Tensor 3332:132425  some (SH 40736ms, ATP 3943ms): Try this: by (smt (cvc5) comm plus_left_distributivity plus_left_inverse plus_mult.plus_assoc plus_mult_axioms plus_right_id)
0.sledgehammer goal.using      3193ms Matrix_Tensor.Matrix_Tensor 3334:132462  some (SH 3192ms, ATP 1169ms): Try this: by (smt (cvc5) plus_mult.plus_right_id plus_mult_axioms)
0.sledgehammer goal.by         3108ms Matrix_Tensor.Matrix_Tensor 3334:132481  some (SH 3107ms, ATP 1016ms): Try this: by (smt (cvc5))
0.sledgehammer goal.by         3540ms Matrix_Tensor.Matrix_Tensor 3336:132534  some (SH 3540ms, ATP 1066ms): Try this: by (smt (cvc5))
0.sledgehammer goal.using      3861ms Matrix_Tensor.Matrix_Tensor 3338:132593  some (SH 3860ms, ATP 1190ms): Try this: by (smt (cvc5) plus_mult.plus_right_distributivity plus_mult_axioms)
0.sledgehammer goal.by         3161ms Matrix_Tensor.Matrix_Tensor 3338:132626  some (SH 3160ms, ATP 1109ms): Try this: by (smt (cvc5))
0.sledgehammer goal.by         3651ms Matrix_Tensor.Matrix_Tensor 3340:132727  some (SH 3650ms, ATP 1132ms): Try this: by (smt (cvc5))
0.sledgehammer goal.using      4711ms Matrix_Tensor.Matrix_Tensor 3342:132776  some (SH 4710ms, ATP 1303ms): Try this: by (smt (cvc5) plus_assoc plus_left_inverse)
0.sledgehammer goal.by         3781ms Matrix_Tensor.Matrix_Tensor 3342:132812  some (SH 3781ms, ATP 1256ms): Try this: by (smt (cvc5))
0.sledgehammer goal.using      3705ms Matrix_Tensor.Matrix_Tensor 3344:132848  some (SH 3704ms, ATP 1253ms): Try this: by (smt (cvc5) plus_mult.plus_right_id plus_mult_axioms)
0.sledgehammer goal.by         3281ms Matrix_Tensor.Matrix_Tensor 3344:132868  some (SH 3281ms, ATP 1215ms): Try this: by (smt (cvc5))
0.sledgehammer goal.unfolding  4557ms Matrix_Tensor.Matrix_Tensor 3348:132957  some (SH 4556ms, ATP 2375ms): Try this: by (smt (cvc5) zip_Cons_Cons)
0.sledgehammer goal.by        16929ms Matrix_Tensor.Matrix_Tensor 3348:132975  some (SH 16928ms, ATP 1916ms): Try this: by (smt (cvc5) list.simps(5,7))
0.sledgehammer goal.apply     19131ms Matrix_Tensor.Matrix_Tensor 3356:133244  timeout (SH 19131ms): Timed out
0.sledgehammer goal.apply     18735ms Matrix_Tensor.Matrix_Tensor 3357:133262  timeout (SH 18734ms): Timed out
0.sledgehammer goal.proof     18762ms Matrix_Tensor.Matrix_Tensor 3358:133281  timeout (SH 18761ms): Timed out
0.sledgehammer goal.proof     18909ms Matrix_Tensor.Matrix_Tensor 3361:133369  timeout (SH 18909ms): Timed out
0.sledgehammer goal.using      4196ms Matrix_Tensor.Matrix_Tensor 3364:133468  some (SH 4196ms, ATP 1230ms): Try this: by (smt (cvc5) assms length_0_conv)
0.sledgehammer goal.by         3657ms Matrix_Tensor.Matrix_Tensor 3364:133480  some (SH 3656ms, ATP 1627ms): Try this: by (smt (cvc5) length_0_conv)
0.sledgehammer goal.by         4785ms Matrix_Tensor.Matrix_Tensor 3366:133571  some (SH 4784ms, ATP 1669ms): Try this: by (smt (cvc5) length_0_conv)
0.sledgehammer goal.unfolding 19050ms Matrix_Tensor.Matrix_Tensor 3369:133717  timeout (SH 19049ms): Timed out
0.sledgehammer goal.by        19702ms Matrix_Tensor.Matrix_Tensor 3369:133763  some (SH 19702ms, ATP 156ms): Try this: by (smt (cvc5) List.zip_Nil foldr.simps(1) id_apply)
0.sledgehammer goal.using      7771ms Matrix_Tensor.Matrix_Tensor 3372:133917  some (SH 7771ms, ATP 1388ms): Try this: by (smt (cvc5) comm zer_left_mult)
0.sledgehammer goal.by         6611ms Matrix_Tensor.Matrix_Tensor 3372:133943  some (SH 6610ms, ATP 1369ms): Try this: by (smt (cvc5))
0.sledgehammer goal.using      3730ms Matrix_Tensor.Matrix_Tensor 3374:133994  some (SH 3730ms, ATP 1281ms): Try this: by (smt (cvc5) "1" times.simps(1))
0.sledgehammer goal.by         3501ms Matrix_Tensor.Matrix_Tensor 3374:134002  some (SH 3501ms, ATP 1242ms): Try this: by (smt (cvc5) times.simps(1))
0.sledgehammer goal.using      3982ms Matrix_Tensor.Matrix_Tensor 3376:134056  some (SH 3981ms, ATP 1159ms): Try this: by (smt (cvc5) "2" assms times.simps(1))
0.sledgehammer goal.by         4249ms Matrix_Tensor.Matrix_Tensor 3376:134070  some (SH 4248ms, ATP 2150ms): Try this: by (smt (cvc5) times.simps(1))
0.sledgehammer goal.unfolding  3719ms Matrix_Tensor.Matrix_Tensor 3378:134160  some (SH 3718ms, ATP 1404ms): Try this: by (smt (cvc5) "1" "2" \<open>length w1 = length w2 \<and> length w1 = 0 \<longrightarrow> scalar_product w1 w2 = zer\<close> assms)
0.sledgehammer goal.by         8311ms Matrix_Tensor.Matrix_Tensor 3378:134206  some (SH 8310ms, ATP 2429ms): Try this: by (smt (cvc5) "1" "2" \<open>length w1 = length w2 \<and> length w1 = 0 \<longrightarrow> scalar_product w1 w2 = zer\<close> assms foldr.simps(1) local.zip_Nil scalar_prodI_def scalar_product_def)
0.sledgehammer goal.by         3935ms Matrix_Tensor.Matrix_Tensor 3379:134238  some (SH 3934ms, ATP 1287ms): Try this: by (smt (cvc5))
0.sledgehammer goal.by         4325ms Matrix_Tensor.Matrix_Tensor 3381:134271  some (SH 4325ms, ATP 1893ms): Try this: by (smt (cvc5))
0.sledgehammer goal.proof     19465ms Matrix_Tensor.Matrix_Tensor 3385:134370  timeout (SH 19464ms): Timed out
0.sledgehammer goal.using      8873ms Matrix_Tensor.Matrix_Tensor 3388:134500  some (SH 8872ms, ATP 2108ms): Try this: by (smt (cvc5) assms length_Suc_conv)
0.sledgehammer goal.by         4284ms Matrix_Tensor.Matrix_Tensor 3388:134512  some (SH 4283ms, ATP 1943ms): Try this: by (smt (cvc5) length_Suc_conv)
0.sledgehammer goal.by         4257ms Matrix_Tensor.Matrix_Tensor 3390:134608  some (SH 4256ms, ATP 995ms): Try this: by (smt (cvc5))
0.sledgehammer goal.by         4007ms Matrix_Tensor.Matrix_Tensor 3392:134678  some (SH 4006ms, ATP 1152ms): Try this: by (smt (cvc5))
0.sledgehammer goal.using      3249ms Matrix_Tensor.Matrix_Tensor 3394:134727  some (SH 3248ms, ATP 1168ms): Try this: by (smt (cvc5) assms)
0.sledgehammer goal.by         2996ms Matrix_Tensor.Matrix_Tensor 3394:134739  some (SH 2996ms, ATP 1231ms): Try this: by (smt (cvc5))
0.sledgehammer goal.using      7918ms Matrix_Tensor.Matrix_Tensor 3396:134809  some (SH 7917ms, ATP 1622ms): Try this: by (smt (cvc5) length_Suc_conv)
0.sledgehammer goal.by         7431ms Matrix_Tensor.Matrix_Tensor 3396:134821  some (SH 7430ms, ATP 1881ms): Try this: by (smt (cvc5) length_Suc_conv)
0.sledgehammer goal.by         3911ms Matrix_Tensor.Matrix_Tensor 3398:134917  some (SH 3911ms, ATP 1138ms): Try this: by (smt (cvc5))
0.sledgehammer goal.by         3902ms Matrix_Tensor.Matrix_Tensor 3400:134987  some (SH 3902ms, ATP 1166ms): Try this: by (smt (cvc5))
0.sledgehammer goal.using      3844ms Matrix_Tensor.Matrix_Tensor 3402:135062  some (SH 3843ms, ATP 1086ms): Try this: by (smt (cvc5) Cons_1)
0.sledgehammer goal.by         3129ms Matrix_Tensor.Matrix_Tensor 3402:135075  some (SH 3128ms, ATP 956ms): Try this: by (smt (cvc5))
0.sledgehammer goal.using      4727ms Matrix_Tensor.Matrix_Tensor 3405:135213  some (SH 4727ms, ATP 2009ms): Try this: by (smt (cvc5) Suc)
0.sledgehammer goal.by         3440ms Matrix_Tensor.Matrix_Tensor 3405:135229  some (SH 3440ms, ATP 1349ms): Try this: by (smt (cvc5))
0.sledgehammer goal.unfolding  9764ms Matrix_Tensor.Matrix_Tensor 3407:135324  some (SH 9763ms, ATP 1700ms): Try this: by (smt (cvc5) scalar_prod_cons scalar_product_def)
0.sledgehammer goal.by        19590ms Matrix_Tensor.Matrix_Tensor 3407:135378  some (SH 19590ms, ATP 250ms): Try this: by (smt (cvc5) foldr.simps(2) list.case(2) list.rec(2) o_apply split_conv)
0.sledgehammer goal.using      3732ms Matrix_Tensor.Matrix_Tensor 3409:135468  some (SH 3731ms, ATP 1297ms): Try this: by (smt (cvc5) Cons_1 Cons_2)
0.sledgehammer goal.by         3166ms Matrix_Tensor.Matrix_Tensor 3409:135488  some (SH 3165ms, ATP 1173ms): Try this: by (smt (cvc5))
0.sledgehammer goal.using      3926ms Matrix_Tensor.Matrix_Tensor 3412:135627  some (SH 3925ms, ATP 1356ms): Try this: by (smt (cvc5) plus_mult.plus_left_distributivity plus_mult_axioms)
0.sledgehammer goal.by         4361ms Matrix_Tensor.Matrix_Tensor 3412:135659  some (SH 4360ms, ATP 1616ms): Try this: by (smt (cvc5) plus_mult.plus_left_distributivity plus_mult_axioms)
0.sledgehammer goal.using      7896ms Matrix_Tensor.Matrix_Tensor 3415:135829  some (SH 7895ms, ATP 1630ms): Try this: by (smt (cvc5) assoc comm)
0.sledgehammer goal.by         7483ms Matrix_Tensor.Matrix_Tensor 3415:135846  some (SH 7483ms, ATP 1623ms): Try this: by (smt (cvc5))
0.sledgehammer goal.using      4218ms Matrix_Tensor.Matrix_Tensor 3417:135911  some (SH 4217ms, ATP 1411ms): Try this: by (smt (cvc5) Cons_1 times.simps(2))
0.sledgehammer goal.by         3254ms Matrix_Tensor.Matrix_Tensor 3417:135936  some (SH 3253ms, ATP 1028ms): Try this: by (smt (cvc5))
0.sledgehammer goal.using      4003ms Matrix_Tensor.Matrix_Tensor 3419:136009  some (SH 4002ms, ATP 1195ms): Try this: by (smt (cvc5) Cons_2 times.simps(2))
0.sledgehammer goal.by         3262ms Matrix_Tensor.Matrix_Tensor 3419:136034  some (SH 3262ms, ATP 1104ms): Try this: by (smt (cvc5))
0.sledgehammer goal.by         4555ms Matrix_Tensor.Matrix_Tensor 3424:136282  some (SH 4553ms, ATP 2117ms): Try this: by (smt (cvc5))
0.sledgehammer goal.unfolding  7975ms Matrix_Tensor.Matrix_Tensor 3427:136413  some (SH 7974ms, ATP 1758ms): Try this: by (smt (cvc5) scalar_prod_cons scalar_product_def)
0.sledgehammer goal.by        20231ms Matrix_Tensor.Matrix_Tensor 3427:136467  some (SH 20231ms, ATP 961ms): Try this: by (smt (cvc5) foldr.simps(2) list.case(2) list.rec(2) o_apply split_conv)
0.sledgehammer goal.using      7861ms Matrix_Tensor.Matrix_Tensor 3428:136518  some (SH 7860ms, ATP 1377ms): Try this: by (smt (cvc5) assoc)
0.sledgehammer goal.by         7617ms Matrix_Tensor.Matrix_Tensor 3428:136530  some (SH 7616ms, ATP 1403ms): Try this: by (smt (cvc5))
0.sledgehammer goal.by         3492ms Matrix_Tensor.Matrix_Tensor 3430:136564  some (SH 3491ms, ATP 1057ms): Try this: by (smt (cvc5))
0.sledgehammer goal.using      4273ms Matrix_Tensor.Matrix_Tensor 3438:136767  some (SH 4272ms, ATP 1513ms): Try this: by (smt (cvc5) assms scalar_product_times)
0.sledgehammer goal.by         3579ms Matrix_Tensor.Matrix_Tensor 3438:136800  some (SH 3578ms, ATP 1435ms): Try this: by (smt (cvc5))
0.sledgehammer goal.using      2907ms Matrix_Tensor.Matrix_Tensor 3443:136953  some (SH 2906ms, ATP 491ms): Try this: by (smt (cvc5) zip_append)
0.sledgehammer goal.by         3313ms Matrix_Tensor.Matrix_Tensor 3443:136983  some (SH 3313ms, ATP 674ms): Try this: by (smt (cvc5) zip_append)
0.sledgehammer goal.apply     19193ms Matrix_Tensor.Matrix_Tensor 3453:137320  timeout (SH 19192ms): Timed out
0.sledgehammer goal.apply     19137ms Matrix_Tensor.Matrix_Tensor 3454:137338  timeout (SH 19137ms): Timed out
0.sledgehammer goal.apply     18882ms Matrix_Tensor.Matrix_Tensor 3455:137356  timeout (SH 18881ms): Timed out
0.sledgehammer goal.apply     18836ms Matrix_Tensor.Matrix_Tensor 3456:137374  timeout (SH 18836ms): Timed out
0.sledgehammer goal.proof     19284ms Matrix_Tensor.Matrix_Tensor 3457:137392  timeout (SH 19283ms): Timed out
0.sledgehammer goal.proof     18734ms Matrix_Tensor.Matrix_Tensor 3464:137678  some (SH 18733ms, ATP 1184ms): Try this: by (smt (cvc5) append_self_conv2 length_0_conv plus_mult.plus_left_id plus_mult.scalar_product_times plus_mult_axioms times.simps(1) zer_left_mult)
0.sledgehammer goal.using      7781ms Matrix_Tensor.Matrix_Tensor 3468:137837  some (SH 7780ms, ATP 2131ms): Try this: by (smt (cvc5) assms length_0_conv)
0.sledgehammer goal.by         3719ms Matrix_Tensor.Matrix_Tensor 3468:137849  some (SH 3718ms, ATP 1242ms): Try this: by (smt (cvc5) length_0_conv)
0.sledgehammer goal.using      3754ms Matrix_Tensor.Matrix_Tensor 3470:137894  some (SH 3753ms, ATP 1210ms): Try this: by (smt (cvc5) assms length_0_conv)
0.sledgehammer goal.by         4067ms Matrix_Tensor.Matrix_Tensor 3470:137906  some (SH 4066ms, ATP 1684ms): Try this: by (smt (cvc5) length_0_conv)
0.sledgehammer goal.unfolding 10468ms Matrix_Tensor.Matrix_Tensor 3472:137970  some (SH 10468ms, ATP 534ms): Try this: by (smt (cvc5) plus_mult.zer_left_mult plus_mult_axioms scalar_product_times times.simps(1))
0.sledgehammer goal.by        34334ms Matrix_Tensor.Matrix_Tensor 3472:138024  some (SH 34333ms, ATP 152ms): Try this: by (smt (cvc5) foldr.simps(1) id_apply list.simps(6))
0.sledgehammer goal.using      3728ms Matrix_Tensor.Matrix_Tensor 3475:138166  some (SH 3727ms, ATP 1214ms): Try this: by (smt (cvc5) plus_mult.plus_left_id plus_mult_axioms)
0.sledgehammer goal.by         3461ms Matrix_Tensor.Matrix_Tensor 3475:138185  some (SH 3460ms, ATP 1385ms): Try this: by (smt (cvc5))
0.sledgehammer goal.using      5541ms Matrix_Tensor.Matrix_Tensor 3477:138279  some (SH 5540ms, ATP 2127ms): Try this: by (smt (cvc5) "1" "2" append_self_conv2)
0.sledgehammer goal.by         3550ms Matrix_Tensor.Matrix_Tensor 3477:138289  some (SH 3549ms, ATP 1124ms): Try this: by (smt (cvc5) append_self_conv2)
0.sledgehammer goal.by         3545ms Matrix_Tensor.Matrix_Tensor 3478:138325  some (SH 3544ms, ATP 1184ms): Try this: by (smt (cvc5))
0.sledgehammer goal.by         3706ms Matrix_Tensor.Matrix_Tensor 3480:138358  some (SH 3705ms, ATP 1209ms): Try this: by (smt (cvc5))
0.sledgehammer goal.proof     20195ms Matrix_Tensor.Matrix_Tensor 3487:138634  timeout (SH 20195ms): Timed out
0.sledgehammer goal.using      9054ms Matrix_Tensor.Matrix_Tensor 3492:138823  some (SH 9053ms, ATP 5175ms): Try this: by (smt (cvc5) assms length_Suc_conv)
0.sledgehammer goal.by         8569ms Matrix_Tensor.Matrix_Tensor 3492:138835  some (SH 8567ms, ATP 3559ms): Try this: by (smt (cvc5) length_Suc_conv)
0.sledgehammer goal.by         4273ms Matrix_Tensor.Matrix_Tensor 3494:138937  some (SH 4272ms, ATP 1127ms): Try this: by (smt (cvc5))
0.sledgehammer goal.by         4066ms Matrix_Tensor.Matrix_Tensor 3496:138999  some (SH 4065ms, ATP 1223ms): Try this: by (smt (cvc5))
0.sledgehammer goal.using      7939ms Matrix_Tensor.Matrix_Tensor 3498:139063  some (SH 7939ms, ATP 189ms): Try this: by (smt (cvc5) assms length_Suc_conv)
0.sledgehammer goal.by         7527ms Matrix_Tensor.Matrix_Tensor 3498:139075  some (SH 7526ms, ATP 182ms): Try this: by (smt (cvc5) length_Suc_conv)
0.sledgehammer goal.by         3830ms Matrix_Tensor.Matrix_Tensor 3500:139177  some (SH 3830ms, ATP 1141ms): Try this: by (smt (cvc5))
0.sledgehammer goal.by         3738ms Matrix_Tensor.Matrix_Tensor 3502:139239  some (SH 3737ms, ATP 989ms): Try this: by (smt (cvc5))
0.sledgehammer goal.by         3730ms Matrix_Tensor.Matrix_Tensor 3504:139314  some (SH 3730ms, ATP 989ms): Try this: by (smt (cvc5))
0.sledgehammer goal.using      7918ms Matrix_Tensor.Matrix_Tensor 3508:139504  some (SH 7918ms, ATP 1479ms): Try this: by (smt (cvc5) Suc assms)
0.sledgehammer goal.by         3170ms Matrix_Tensor.Matrix_Tensor 3508:139524  some (SH 3170ms, ATP 1289ms): Try this: by (smt (cvc5))
0.sledgehammer goal.by         7458ms Matrix_Tensor.Matrix_Tensor 3511:139671  some (SH 7457ms, ATP 2105ms): Try this: by (smt (cvc5) append_Cons)
0.sledgehammer goal.unfolding  7459ms Matrix_Tensor.Matrix_Tensor 3513:139751  some (SH 7458ms, ATP 1854ms): Try this: by (smt (cvc5) scalar_prod_cons scalar_product_def)
0.sledgehammer goal.using     19873ms Matrix_Tensor.Matrix_Tensor 3514:139805  some (SH 19872ms, ATP 302ms): Try this: by (smt (cvc5) foldr.simps(2) o_apply split_conv zip_Cons_Cons)
0.sledgehammer goal.by        16564ms Matrix_Tensor.Matrix_Tensor 3515:139863  some (SH 16563ms, ATP 635ms): Try this: by (smt (cvc5) case_prod_conv foldr.simps(2) o_apply zip_Cons_Cons)
0.sledgehammer goal.using      3769ms Matrix_Tensor.Matrix_Tensor 3518:140004  some (SH 3769ms, ATP 1374ms): Try this: by (smt (cvc5) "1" "2")
0.sledgehammer goal.by         3219ms Matrix_Tensor.Matrix_Tensor 3518:140015  some (SH 3218ms, ATP 1363ms): Try this: by (smt (cvc5))
0.sledgehammer goal.unfolding  8017ms Matrix_Tensor.Matrix_Tensor 3520:140107  some (SH 8016ms, ATP 2597ms): Try this: by (smt (cvc5) "1" "2" scalar_prod_cons scalar_product_def)
0.sledgehammer goal.using     18880ms Matrix_Tensor.Matrix_Tensor 3521:140161  some (SH 18880ms, ATP 385ms): Try this: by (smt (cvc5) "1" "2" case_prod_conv foldr.simps(2) o_apply zip_Cons_Cons)
0.sledgehammer goal.by        13419ms Matrix_Tensor.Matrix_Tensor 3522:140183  some (SH 13419ms, ATP 580ms): Try this: by (smt (cvc5) "1" "2" case_prod_conv foldr.simps(2) o_apply)
0.sledgehammer goal.by         3901ms Matrix_Tensor.Matrix_Tensor 3527:140485  some (SH 3900ms, ATP 1327ms): Try this: by (smt (cvc5))
0.sledgehammer goal.using      5444ms Matrix_Tensor.Matrix_Tensor 3528:140520  some (SH 5443ms, ATP 2339ms): Try this: by (smt (cvc5) "3" plus_assoc)
0.sledgehammer goal.by         3550ms Matrix_Tensor.Matrix_Tensor 3528:140539  some (SH 3549ms, ATP 1316ms): Try this: by (smt (cvc5))
0.sledgehammer goal.by         3761ms Matrix_Tensor.Matrix_Tensor 3530:140572  some (SH 3761ms, ATP 1181ms): Try this: by (smt (cvc5))
0.sledgehammer goal.using      4869ms Matrix_Tensor.Matrix_Tensor 3536:140785  some (SH 4868ms, ATP 1574ms): Try this: by (smt (cvc5) assms(1,2) scalar_product_append)
0.sledgehammer goal.by         4260ms Matrix_Tensor.Matrix_Tensor 3536:140819  some (SH 4259ms, ATP 2206ms): Try this: by (smt (cvc5))
0.sledgehammer goal.apply     19331ms Matrix_Tensor.Matrix_Tensor 3542:141078  timeout (SH 19331ms): Timed out
0.sledgehammer goal.apply     18782ms Matrix_Tensor.Matrix_Tensor 3543:141097  timeout (SH 18781ms): Timed out
0.sledgehammer goal.apply     18651ms Matrix_Tensor.Matrix_Tensor 3544:141116  timeout (SH 18651ms): Timed out
0.sledgehammer goal.apply     18684ms Matrix_Tensor.Matrix_Tensor 3545:141135  timeout (SH 18683ms): Timed out
0.sledgehammer goal.proof     18943ms Matrix_Tensor.Matrix_Tensor 3546:141154  timeout (SH 18943ms): Timed out
0.sledgehammer goal.using      3078ms Matrix_Tensor.Matrix_Tensor 3550:141293  some (SH 3077ms, ATP 1157ms): Try this: by (smt (cvc5))
0.sledgehammer goal.by         3087ms Matrix_Tensor.Matrix_Tensor 3550:141301  some (SH 3082ms, ATP 1057ms): Try this: by (smt (cvc5))
0.sledgehammer goal.by         4052ms Matrix_Tensor.Matrix_Tensor 3555:141469  some (SH 4051ms, ATP 1541ms): Try this: by (smt (cvc5) length_0_conv)
0.sledgehammer goal.using      3538ms Matrix_Tensor.Matrix_Tensor 3560:141636  some (SH 3538ms, ATP 1155ms): Try this: by (smt (cvc5))
0.sledgehammer goal.by         3169ms Matrix_Tensor.Matrix_Tensor 3560:141644  some (SH 3169ms, ATP 1133ms): Try this: by (smt (cvc5))
0.sledgehammer goal.by         4489ms Matrix_Tensor.Matrix_Tensor 3565:141851  some (SH 4489ms, ATP 1525ms): Try this: by (smt (cvc5) length_0_conv)
0.sledgehammer goal.unfolding 35594ms Matrix_Tensor.Matrix_Tensor 3569:142008  some (SH 35593ms, ATP 4549ms): Try this: by (smt (cvc5) append_self_conv2 effective_scalar_product_append plus_assoc plus_comm plus_left_inverse plus_right_id)
0.sledgehammer goal.using     16745ms Matrix_Tensor.Matrix_Tensor 3569:142054  some (SH 16745ms, ATP 3073ms): Try this: by (smt (cvc5) append_self_conv2 foldr.simps(1) list.size(3) local.zip_Nil local.zip_Nil plus_assoc plus_left_inverse plus_mult.scalar_product_append plus_mult_axioms plus_right_id scalar_prodI_def scalar_product_def)
0.sledgehammer goal.by        15618ms Matrix_Tensor.Matrix_Tensor 3569:142068  some (SH 15616ms, ATP 3238ms): Try this: by (smt (cvc5) append_self_conv2 foldr.simps(1) list.size(3) plus_assoc plus_left_inverse plus_mult.scalar_product_append plus_mult_axioms plus_right_id scalar_prodI_def scalar_product_def)
0.sledgehammer goal.using      3601ms Matrix_Tensor.Matrix_Tensor 3571:142137  some (SH 3601ms, ATP 1292ms): Try this: by (smt (cvc5) zer_left_mult)
0.sledgehammer goal.by         3219ms Matrix_Tensor.Matrix_Tensor 3571:142157  some (SH 3218ms, ATP 1138ms): Try this: by (smt (cvc5))
0.sledgehammer goal.using      7321ms Matrix_Tensor.Matrix_Tensor 3574:142288  some (SH 7321ms, ATP 1243ms): Try this: by (smt (cvc5) "1" vec_vec_Tensor.simps(1))
0.sledgehammer goal.by         3284ms Matrix_Tensor.Matrix_Tensor 3574:142296  some (SH 3284ms, ATP 1051ms): Try this: by (smt (cvc5) vec_vec_Tensor.simps(1))
0.sledgehammer goal.using      3719ms Matrix_Tensor.Matrix_Tensor 3579:142484  some (SH 3719ms, ATP 1127ms): Try this: by (smt (cvc5) "2" vec_vec_Tensor.simps(1))
0.sledgehammer goal.by         3349ms Matrix_Tensor.Matrix_Tensor 3579:142492  some (SH 3349ms, ATP 1079ms): Try this: by (smt (cvc5) vec_vec_Tensor.simps(1))
0.sledgehammer goal.unfolding  3968ms Matrix_Tensor.Matrix_Tensor 3586:142804  some (SH 3968ms, ATP 1351ms): Try this: by (smt (cvc5) "1" "2" "3")
0.sledgehammer goal.using      7452ms Matrix_Tensor.Matrix_Tensor 3586:142850  some (SH 7451ms, ATP 1880ms): Try this: by (smt (cvc5) "1" "2" "3" foldr.simps(1) local.zip_Nil scalar_prodI_def scalar_product_def)
0.sledgehammer goal.by         7406ms Matrix_Tensor.Matrix_Tensor 3586:142864  some (SH 7406ms, ATP 2052ms): Try this: by (smt (cvc5) "1" "2" "3" foldr.simps(1) scalar_prodI_def scalar_product_def)
0.sledgehammer goal.by         3768ms Matrix_Tensor.Matrix_Tensor 3587:142895  some (SH 3767ms, ATP 1275ms): Try this: by (smt (cvc5))
0.sledgehammer goal.proof     19259ms Matrix_Tensor.Matrix_Tensor 3594:143164  timeout (SH 19258ms): Timed out
0.sledgehammer goal.using      3335ms Matrix_Tensor.Matrix_Tensor 3598:143321  some (SH 3334ms, ATP 1203ms): Try this: by (smt (cvc5) assms)
0.sledgehammer goal.by         3053ms Matrix_Tensor.Matrix_Tensor 3598:143337  some (SH 3053ms, ATP 1291ms): Try this: by (smt (cvc5))
0.sledgehammer goal.using      4255ms Matrix_Tensor.Matrix_Tensor 3600:143409  some (SH 4254ms, ATP 1356ms): Try this: by (smt (cvc5) Suc_length_conv)
0.sledgehammer goal.by         3357ms Matrix_Tensor.Matrix_Tensor 3600:143437  some (SH 3357ms, ATP 1456ms): Try this: by (smt (cvc5))
0.sledgehammer goal.using      3944ms Matrix_Tensor.Matrix_Tensor 3602:143515  some (SH 3944ms, ATP 1087ms): Try this: by (smt (cvc5))
0.sledgehammer goal.by         3446ms Matrix_Tensor.Matrix_Tensor 3602:143530  some (SH 3445ms, ATP 1185ms): Try this: by (smt (cvc5))
0.sledgehammer goal.by         4216ms Matrix_Tensor.Matrix_Tensor 3604:143600  some (SH 4215ms, ATP 1015ms): Try this: by (smt (cvc5))
0.sledgehammer goal.using      4223ms Matrix_Tensor.Matrix_Tensor 3606:143656  some (SH 4222ms, ATP 2008ms): Try this: by (smt (cvc5) assms)
0.sledgehammer goal.by         3441ms Matrix_Tensor.Matrix_Tensor 3606:143672  some (SH 3440ms, ATP 1435ms): Try this: by (smt (cvc5))
0.sledgehammer goal.using      8442ms Matrix_Tensor.Matrix_Tensor 3608:143744  some (SH 8441ms, ATP 2556ms): Try this: by (smt (cvc5) Suc_length_conv)
0.sledgehammer goal.by         7678ms Matrix_Tensor.Matrix_Tensor 3608:143767  some (SH 7677ms, ATP 1849ms): Try this: by (smt (cvc5))
0.sledgehammer goal.by         3910ms Matrix_Tensor.Matrix_Tensor 3610:143845  some (SH 3909ms, ATP 1183ms): Try this: by (smt (cvc5))
0.sledgehammer goal.by         4736ms Matrix_Tensor.Matrix_Tensor 3612:143916  some (SH 4736ms, ATP 1832ms): Try this: by (smt (cvc5))
0.sledgehammer goal.using      4199ms Matrix_Tensor.Matrix_Tensor 3614:143972  some (SH 4198ms, ATP 1306ms): Try this: by (smt (cvc5) calculation)
0.sledgehammer goal.by         3093ms Matrix_Tensor.Matrix_Tensor 3614:143985  some (SH 3092ms, ATP 1008ms): Try this: by (smt (cvc5))
0.sledgehammer goal.using      8506ms Matrix_Tensor.Matrix_Tensor 3617:144144  some (SH 8506ms, ATP 1675ms): Try this: by (smt (cvc5) Suc assms calculation)
0.sledgehammer goal.by         3267ms Matrix_Tensor.Matrix_Tensor 3617:144174  some (SH 3266ms, ATP 1207ms): Try this: by (smt (cvc5))
0.sledgehammer goal.using      5014ms Matrix_Tensor.Matrix_Tensor 3619:144240  some (SH 5013ms, ATP 2107ms): Try this: by (smt (cvc5) Cons_2 calculation zip_Cons_Cons)
0.sledgehammer goal.by         3861ms Matrix_Tensor.Matrix_Tensor 3619:144270  some (SH 3860ms, ATP 2217ms): Try this: by (smt (cvc5))
0.sledgehammer goal.unfolding  8559ms Matrix_Tensor.Matrix_Tensor 3621:144370  some (SH 8558ms, ATP 2169ms): Try this: by (smt (cvc5) Cons_2 calculation scalar_prod_cons scalar_product_def)
0.sledgehammer goal.by        11330ms Matrix_Tensor.Matrix_Tensor 3621:144416  some (SH 11329ms, ATP 261ms): Try this: by (smt (cvc5) case_prod_conv foldr.simps(2) o_apply)
0.sledgehammer goal.by         3914ms Matrix_Tensor.Matrix_Tensor 3624:144579  some (SH 3913ms, ATP 1606ms): Try this: by (smt (cvc5))
0.sledgehammer goal.using      4117ms Matrix_Tensor.Matrix_Tensor 3627:144740  some (SH 4116ms, ATP 1609ms): Try this: by (smt (cvc5) plus_mult.plus_right_distributivity plus_mult_axioms)
0.sledgehammer goal.by         3590ms Matrix_Tensor.Matrix_Tensor 3627:144772  some (SH 3590ms, ATP 1672ms): Try this: by (smt (cvc5))
0.sledgehammer goal.using      4271ms Matrix_Tensor.Matrix_Tensor 3630:144938  some (SH 4270ms, ATP 1773ms): Try this: by (smt (cvc5) Cons_3)
0.sledgehammer goal.by         3745ms Matrix_Tensor.Matrix_Tensor 3630:144951  some (SH 3744ms, ATP 1810ms): Try this: by (smt (cvc5))
0.sledgehammer goal.using      7542ms Matrix_Tensor.Matrix_Tensor 3633:145127  some (SH 7541ms, ATP 2031ms): Try this: by (smt (cvc5) assms scalar_product_times)
0.sledgehammer goal.by         3775ms Matrix_Tensor.Matrix_Tensor 3633:145170  some (SH 3774ms, ATP 1762ms): Try this: by (smt (cvc5))
0.sledgehammer goal.using      4345ms Matrix_Tensor.Matrix_Tensor 3636:145364  some (SH 4344ms, ATP 1710ms): Try this: by (smt (cvc5) Cons_2 calculation)
0.sledgehammer goal.by         3496ms Matrix_Tensor.Matrix_Tensor 3636:145384  some (SH 3495ms, ATP 1462ms): Try this: by (smt (cvc5))
0.sledgehammer goal.using      4167ms Matrix_Tensor.Matrix_Tensor 3638:145489  some (SH 4167ms, ATP 1764ms): Try this: by (smt (cvc5) vec_vec_Tensor.simps(2))
0.sledgehammer goal.by         3806ms Matrix_Tensor.Matrix_Tensor 3638:145516  some (SH 3805ms, ATP 1877ms): Try this: by (smt (cvc5))
0.sledgehammer goal.using      4084ms Matrix_Tensor.Matrix_Tensor 3640:145621  some (SH 4084ms, ATP 1877ms): Try this: by (smt (cvc5) vec_vec_Tensor.simps(2))
0.sledgehammer goal.by         3666ms Matrix_Tensor.Matrix_Tensor 3640:145648  some (SH 3666ms, ATP 1823ms): Try this: by (smt (cvc5))
0.sledgehammer goal.by         4076ms Matrix_Tensor.Matrix_Tensor 3644:145906  some (SH 4075ms, ATP 1741ms): Try this: by (smt (cvc5))
0.sledgehammer goal.using      8467ms Matrix_Tensor.Matrix_Tensor 3646:146007  some (SH 8467ms, ATP 1937ms): Try this: by (smt (cvc5) \<open>length u1 = length u2\<close> assms vec_vec_Tensor_length)
0.sledgehammer goal.by         8211ms Matrix_Tensor.Matrix_Tensor 3646:146019  some (SH 8210ms, ATP 1967ms): Try this: by (smt (cvc5) \<open>length u1 = length u2\<close> vec_vec_Tensor_length)
0.sledgehammer goal.using      4716ms Matrix_Tensor.Matrix_Tensor 3648:146142  some (SH 4715ms, ATP 2016ms): Try this: by (smt (cvc5) assms preserving_length)
0.sledgehammer goal.by         4063ms Matrix_Tensor.Matrix_Tensor 3648:146154  some (SH 4062ms, ATP 2012ms): Try this: by (smt (cvc5) preserving_length)
0.sledgehammer goal.using      7181ms Matrix_Tensor.Matrix_Tensor 3653:146495  some (SH 7180ms, ATP 2047ms): Try this: by (smt (cvc5) scalar_product_append)
0.sledgehammer goal.by         3673ms Matrix_Tensor.Matrix_Tensor 3653:146533  some (SH 3672ms, ATP 1817ms): Try this: by (smt (cvc5))
0.sledgehammer goal.using      4374ms Matrix_Tensor.Matrix_Tensor 3655:146575  some (SH 4373ms, ATP 1648ms): Try this: by (smt (cvc5) Cons_5 Cons_6 Cons_7 \<open>a1 * a2 + scalar_product u1 u2 * scalar_product w1 w2 = a1 * a2 * scalar_product w1 w2 + (scalar_product u1 u2 * scalar_product w1 w2)\<close> \<open>scalar_product v1 v2 * scalar_product w1 w2 = a1 * a2 + scalar_product u1 u2 * scalar_product w1 w2\<close>)
0.sledgehammer goal.by         4019ms Matrix_Tensor.Matrix_Tensor 3658:146780  some (SH 4019ms, ATP 1930ms): Try this: by (smt (cvc5) Cons_5 \<open>scalar_product v1 v2 * scalar_product w1 w2 = a1 * a2 + scalar_product u1 u2 * scalar_product w1 w2\<close>)
0.sledgehammer goal.by         3662ms Matrix_Tensor.Matrix_Tensor 3660:146832  some (SH 3662ms, ATP 1148ms): Try this: by (smt (cvc5))
0.sledgehammer goal.using      4967ms Matrix_Tensor.Matrix_Tensor 3667:147084  some (SH 4967ms, ATP 1603ms): Try this: by (smt (cvc5) assms(1,2) scalar_product_distributivity)
0.sledgehammer goal.by         3687ms Matrix_Tensor.Matrix_Tensor 3667:147126  some (SH 3686ms, ATP 1480ms): Try this: by (smt (cvc5))
0.sledgehammer goal.proof      7448ms Matrix_Tensor.Matrix_Tensor 3672:147251  some (SH 7447ms, ATP 2318ms): Try this: by (smt (cvc5) assms(1,2) mat_def matrix_row_length nth_mem vec_def)
0.sledgehammer goal.using      7435ms Matrix_Tensor.Matrix_Tensor 3675:147314  some (SH 7434ms, ATP 1613ms): Try this: by (smt (cvc5) assms(2) list.size(3,3) local.Nil not_less_zero)
0.sledgehammer goal.by         3147ms Matrix_Tensor.Matrix_Tensor 3675:147333  some (SH 3146ms, ATP 1428ms): Try this: by (smt (cvc5) list.size(3,3) not_less_zero)
0.sledgehammer goal.using      3621ms Matrix_Tensor.Matrix_Tensor 3676:147363  some (SH 3620ms, ATP 1078ms): Try this: by (smt (cvc5) local.Nil row_length_Nil)
0.sledgehammer goal.by         3129ms Matrix_Tensor.Matrix_Tensor 3676:147398  some (SH 3128ms, ATP 1107ms): Try this: by (smt (cvc5))
0.sledgehammer goal.using      7577ms Matrix_Tensor.Matrix_Tensor 3680:147487  some (SH 7577ms, ATP 1136ms): Try this: by (smt (cvc5) assms(1) mat_def vec_def)
0.sledgehammer goal.unfolding  6989ms Matrix_Tensor.Matrix_Tensor 3680:147499  some (SH 6989ms, ATP 1088ms): Try this: by (smt (cvc5) mat_def vec_def)
0.sledgehammer goal.by         3521ms Matrix_Tensor.Matrix_Tensor 3680:147534  some (SH 3521ms, ATP 800ms): Try this: by (smt (cvc5))
0.sledgehammer goal.using      4922ms Matrix_Tensor.Matrix_Tensor 3682:147584  some (SH 4921ms, ATP 1827ms): Try this: by (smt (cvc5) assms(2) nth_mem)
0.sledgehammer goal.by         3486ms Matrix_Tensor.Matrix_Tensor 3682:147599  some (SH 3485ms, ATP 714ms): Try this: by (smt (cvc5) nth_mem)
0.sledgehammer goal.by         3560ms Matrix_Tensor.Matrix_Tensor 3684:147657  some (SH 3558ms, ATP 785ms): Try this: by (smt (cvc5))
0.sledgehammer goal.using      5291ms Matrix_Tensor.Matrix_Tensor 3686:147702  some (SH 5291ms, ATP 1735ms): Try this: by (smt (cvc5) list.distinct(1) list.set_sel(1) local.Cons)
0.sledgehammer goal.by         4454ms Matrix_Tensor.Matrix_Tensor 3686:147720  some (SH 4454ms, ATP 1103ms): Try this: by (smt (cvc5) list.distinct(1) list.set_sel(1))
0.sledgehammer goal.using      5653ms Matrix_Tensor.Matrix_Tensor 3688:147770  some (SH 5653ms, ATP 1465ms): Try this: by (smt (cvc5) "1" list.distinct(1) local.Cons row_length_def)
0.sledgehammer goal.by         4077ms Matrix_Tensor.Matrix_Tensor 3688:147793  some (SH 4076ms, ATP 1365ms): Try this: by (smt (cvc5) list.distinct(1) local.Cons)
0.sledgehammer goal.using      3627ms Matrix_Tensor.Matrix_Tensor 3689:147821  some (SH 3627ms, ATP 1049ms): Try this: by (smt (cvc5) "2")
0.sledgehammer goal.by         3208ms Matrix_Tensor.Matrix_Tensor 3689:147829  some (SH 3208ms, ATP 1052ms): Try this: by (smt (cvc5))
0.sledgehammer goal.proof     34357ms Matrix_Tensor.Matrix_Tensor 3708:148523  some (SH 34356ms, ATP 2325ms): Try this: apply (smt (cvc5) Euclidean_Rings.div_eq_0_iff col_def col_transpose_is_row div_left_ineq div_right_ineq i j mat_empty_column_length matchAA matrix_row_length mult_is_0 mult_of_nat_commute of_nat_0 of_nat_0 of_nat_0_less_iff row_length_Null row_length_constant transpose unique_row_col(1,2) wf1 wf2)
0.sledgehammer goal.using      3001ms Matrix_Tensor.Matrix_Tensor 3710:148590  some (SH 3000ms, ATP 999ms): Try this: by (smt (cvc5) div_left_ineq i)
0.sledgehammer goal.by         2458ms Matrix_Tensor.Matrix_Tensor 3710:148598  some (SH 2457ms, ATP 897ms): Try this: by (smt (cvc5) div_left_ineq)
0.sledgehammer goal.unfolding  7794ms Matrix_Tensor.Matrix_Tensor 3712:148702  some (SH 7793ms, ATP 1885ms): Try this: by (smt (cvc5) length_map row_def)
0.sledgehammer goal.by         3291ms Matrix_Tensor.Matrix_Tensor 3712:148720  some (SH 3290ms, ATP 1357ms): Try this: by (smt (cvc5) length_map)
0.sledgehammer goal.using      3338ms Matrix_Tensor.Matrix_Tensor 3714:148777  some (SH 3337ms, ATP 1018ms): Try this: by (smt (cvc5) div_left_ineq j)
0.sledgehammer goal.by         2527ms Matrix_Tensor.Matrix_Tensor 3714:148785  some (SH 2526ms, ATP 848ms): Try this: by (smt (cvc5) div_left_ineq)
0.sledgehammer goal.using      4468ms Matrix_Tensor.Matrix_Tensor 3716:148890  some (SH 4467ms, ATP 1626ms): Try this: by (smt (cvc5) col_def row_length_constant wf2)
0.sledgehammer goal.unfolding  3965ms Matrix_Tensor.Matrix_Tensor 3716:148921  some (SH 3964ms, ATP 1316ms): Try this: by (smt (cvc5) col_def)
0.sledgehammer goal.by         3350ms Matrix_Tensor.Matrix_Tensor 3716:148939  some (SH 3349ms, ATP 1256ms): Try this: by (smt (cvc5))
0.sledgehammer goal.by         3459ms Matrix_Tensor.Matrix_Tensor 3718:149059  some (SH 3459ms, ATP 1202ms): Try this: by (smt (cvc5))
0.sledgehammer goal.using      5766ms Matrix_Tensor.Matrix_Tensor 3720:149125  some (SH 5765ms, ATP 1704ms): Try this: by (smt (cvc5) Euclidean_Rings.div_eq_0_iff i mod_div_trivial mod_eq_self_iff_div_eq_0 mult_is_0)
0.sledgehammer goal.by         4573ms Matrix_Tensor.Matrix_Tensor 3720:149133  some (SH 4572ms, ATP 1545ms): Try this: by (smt (cvc5) Euclidean_Rings.div_eq_0_iff mod_div_trivial mod_eq_self_iff_div_eq_0 mult_is_0)
0.sledgehammer goal.unfolding  7495ms Matrix_Tensor.Matrix_Tensor 3722:149279  some (SH 7495ms, ATP 1915ms): Try this: by (smt (cvc5) length_map row_def)
0.sledgehammer goal.by         3129ms Matrix_Tensor.Matrix_Tensor 3722:149297  some (SH 3128ms, ATP 1256ms): Try this: by (smt (cvc5) length_map)
0.sledgehammer goal.using      7310ms Matrix_Tensor.Matrix_Tensor 3724:149355  some (SH 7309ms, ATP 1367ms): Try this: by (smt (cvc5) Euclidean_Rings.div_eq_0_iff bits_mod_div_trivial length_0_conv non_Nil)
0.sledgehammer goal.by         7019ms Matrix_Tensor.Matrix_Tensor 3724:149363  some (SH 7018ms, ATP 1479ms): Try this: by (smt (cvc5) Euclidean_Rings.div_eq_0_iff bits_mod_div_trivial length_0_conv non_Nil)
0.sledgehammer goal.using      6808ms Matrix_Tensor.Matrix_Tensor 3726:149507  some (SH 6807ms, ATP 1896ms): Try this: by (smt (cvc5) col_def row_length_constant wf4)
0.sledgehammer goal.unfolding  4107ms Matrix_Tensor.Matrix_Tensor 3726:149538  some (SH 4107ms, ATP 1856ms): Try this: by (smt (cvc5) col_def)
0.sledgehammer goal.by         3318ms Matrix_Tensor.Matrix_Tensor 3726:149556  some (SH 3318ms, ATP 1116ms): Try this: by (smt (cvc5))
0.sledgehammer goal.by         3868ms Matrix_Tensor.Matrix_Tensor 3728:149677  some (SH 3867ms, ATP 1416ms): Try this: by (smt (cvc5))
0.sledgehammer goal.using      5045ms Matrix_Tensor.Matrix_Tensor 3737:150094  some (SH 5045ms, ATP 2084ms): Try this: apply (smt (cvc5) assms matrix_match_def row_col_match(1))
0.sledgehammer goal.unfolding  5214ms Matrix_Tensor.Matrix_Tensor 3737:150120  some (SH 5214ms, ATP 2064ms): Try this: apply (smt (cvc5) matrix_match_def)
0.sledgehammer goal.by         3907ms Matrix_Tensor.Matrix_Tensor 3737:150147  some (SH 3907ms, ATP 1756ms): Try this: apply (smt (cvc5))
0.sledgehammer goal.proof     17026ms Matrix_Tensor.Matrix_Tensor 3746:150419  some (SH 17025ms, ATP 3007ms): Try this: by (smt (cvc5) effective_row_col_match(1,2) effective_scalar_product_distributivity matrix_match_condn_1 matrix_match_condn_2)
0.sledgehammer goal.using      3077ms Matrix_Tensor.Matrix_Tensor 3749:150513  some (SH 3076ms, ATP 1165ms): Try this: by (smt (cvc5) assms)
0.sledgehammer goal.by         3589ms Matrix_Tensor.Matrix_Tensor 3749:150549  some (SH 3589ms, ATP 1299ms): Try this: by (smt (cvc5))
0.sledgehammer goal.using      4422ms Matrix_Tensor.Matrix_Tensor 3758:150943  some (SH 4421ms, ATP 1399ms): Try this: by (smt (cvc5) matrix_match_condn_1)
0.sledgehammer goal.by         4699ms Matrix_Tensor.Matrix_Tensor 3758:150987  some (SH 4699ms, ATP 2275ms): Try this: by (smt (cvc5))
0.sledgehammer goal.using      4656ms Matrix_Tensor.Matrix_Tensor 3764:151350  some (SH 4656ms, ATP 1357ms): Try this: by (smt (cvc5) matrix_match_condn_2)
0.sledgehammer goal.by         3771ms Matrix_Tensor.Matrix_Tensor 3764:151387  some (SH 3770ms, ATP 1458ms): Try this: by (smt (cvc5))
0.sledgehammer goal.using      4544ms Matrix_Tensor.Matrix_Tensor 3771:151805  some (SH 4543ms, ATP 1108ms): Try this: apply (smt (cvc5) assms effective_row_col_match(1))
0.sledgehammer goal.by         3684ms Matrix_Tensor.Matrix_Tensor 3771:151841  some (SH 3683ms, ATP 1648ms): Try this: apply (smt (cvc5))
0.sledgehammer goal.using      7945ms Matrix_Tensor.Matrix_Tensor 3779:152354  some (SH 7944ms, ATP 1769ms): Try this: by (smt (cvc5) effective_scalar_product_distributivity)
0.sledgehammer goal.by         7030ms Matrix_Tensor.Matrix_Tensor 3779:152400  some (SH 7030ms, ATP 1639ms): Try this: by (smt (cvc5))
0.sledgehammer goal.using      7415ms Matrix_Tensor.Matrix_Tensor 3780:152427  some (SH 7414ms, ATP 1940ms): Try this: by (smt (cvc5) assms calculation matrix_match_condn_2)
0.sledgehammer goal.by         6909ms Matrix_Tensor.Matrix_Tensor 3780:152438  some (SH 6908ms, ATP 1617ms): Try this: by (smt (cvc5))
0.sledgehammer goal.using      4578ms Matrix_Tensor.Matrix_Tensor 3788:152680  some (SH 4578ms, ATP 1626ms): Try this: by (smt (cvc5) prelim_element_match)
0.sledgehammer goal.by         4035ms Matrix_Tensor.Matrix_Tensor 3788:152707  some (SH 4034ms, ATP 1702ms): Try this: by (smt (cvc5))
0.sledgehammer goal.using      3794ms Matrix_Tensor.Matrix_Tensor 3795:152900  some (SH 3793ms, ATP 965ms): Try this: by (smt (cvc5) mat_eq)
0.sledgehammer goal.by         3232ms Matrix_Tensor.Matrix_Tensor 3795:152914  some (SH 3231ms, ATP 1056ms): Try this: by (smt (cvc5))
0.sledgehammer goal.using      9044ms Matrix_Tensor.Matrix_Tensor 3805:153247  some (SH 9043ms, ATP 2409ms): Try this: by (smt (cvc5) application wf1 wf2 wf3)
0.sledgehammer goal.by         7010ms Matrix_Tensor.Matrix_Tensor 3805:153277  some (SH 7009ms, ATP 2032ms): Try this: by (smt (cvc5))
0.sledgehammer goal.proof      8431ms Matrix_Tensor.Matrix_Tensor 3814:153516  some (SH 8425ms, ATP 2308ms): Try this: by (smt (cvc5) application assms effective_tensor_compose_distribution1 effective_tensor_compose_distribution2 prelim_element_match)
0.sledgehammer goal.by         4204ms Matrix_Tensor.Matrix_Tensor 3818:153658  some (SH 4203ms, ATP 1748ms): Try this: by (smt (cvc5) assms effective_tensor_compose_distribution1)
0.sledgehammer goal.using      4479ms Matrix_Tensor.Matrix_Tensor 3820:153775  some (SH 4478ms, ATP 1592ms): Try this: by (smt (cvc5) assms effective_tensor_compose_distribution2)
0.sledgehammer goal.by         3454ms Matrix_Tensor.Matrix_Tensor 3820:153787  some (SH 3454ms, ATP 1447ms): Try this: by (smt (cvc5) effective_tensor_compose_distribution2)
0.sledgehammer goal.using      4954ms Matrix_Tensor.Matrix_Tensor 3824:153987  some (SH 4953ms, ATP 1610ms): Try this: by (smt (cvc5) assms prelim_element_match)
0.sledgehammer goal.by         4031ms Matrix_Tensor.Matrix_Tensor 3824:154013  some (SH 4031ms, ATP 1718ms): Try this: by (smt (cvc5))
0.sledgehammer goal.using      7552ms Matrix_Tensor.Matrix_Tensor 3826:154057  some (SH 7551ms, ATP 1292ms): Try this: by (smt (cvc5) application)
0.sledgehammer goal.by         7061ms Matrix_Tensor.Matrix_Tensor 3826:154075  some (SH 7060ms, ATP 1440ms): Try this: by (smt (cvc5))
0.sledgehammer finalize   Total number of sledgehammer calls: 1549
0.sledgehammer finalize   Number of successful sledgehammer calls: 1488
0.sledgehammer finalize   Number of sledgehammer lemmas: 4703
0.sledgehammer finalize   Max number of sledgehammer lemmas: 24
0.sledgehammer finalize   Success rate: 96.1%
0.sledgehammer finalize   Total number of nontrivial sledgehammer calls: 1549
0.sledgehammer finalize   Number of successful nontrivial sledgehammer calls: 1488
0.sledgehammer finalize   Total time for sledgehammer calls (Isabelle): 9399.551
0.sledgehammer finalize   Total time for successful sledgehammer calls (ATP): 2030.675
0.sledgehammer finalize   Average time for sledgehammer calls (Isabelle): 6.068
0.sledgehammer finalize   Average time for successful sledgehammer calls (ATP): 1.365
