0.sledgehammer goal.by        34501ms HOL-Library.AList 29:760  timeout (SH 34500ms): Timed out
0.sledgehammer goal.by        34781ms HOL-Library.AList 40:1119  timeout (SH 34781ms): Timed out
0.sledgehammer goal.using     34613ms HOL-Library.AList 45:1248  timeout (SH 34613ms): Timed out
0.sledgehammer goal.by        33073ms HOL-Library.AList 45:1260  timeout (SH 33073ms): Timed out
0.sledgehammer goal.by        33980ms HOL-Library.AList 49:1383  timeout (SH 33980ms): Timed out
0.sledgehammer goal.by        34087ms HOL-Library.AList 52:1469  timeout (SH 34087ms): Timed out
0.sledgehammer goal.by        33793ms HOL-Library.AList 69:1893  timeout (SH 33793ms): Timed out
0.sledgehammer goal.by        32214ms HOL-Library.AList 95:2841  timeout (SH 32214ms): Timed out
0.sledgehammer goal.proof     32964ms HOL-Library.AList 103:3097  timeout (SH 32964ms): Timed out
0.sledgehammer goal.by        33966ms HOL-Library.AList 106:3219  timeout (SH 33966ms): Timed out
0.sledgehammer goal.by        34289ms HOL-Library.AList 108:3307  timeout (SH 34289ms): Timed out
0.sledgehammer goal.proof     34175ms HOL-Library.AList 117:3618  timeout (SH 34175ms): Timed out
0.sledgehammer goal.by        32719ms HOL-Library.AList 121:3744  timeout (SH 32719ms): Timed out
0.sledgehammer goal.by        34230ms HOL-Library.AList 124:3970  timeout (SH 34230ms): Timed out
0.sledgehammer goal.by        32737ms HOL-Library.AList 131:4247  timeout (SH 32737ms): Timed out
0.sledgehammer goal.by        33040ms HOL-Library.AList 136:4426  timeout (SH 33040ms): Timed out
0.sledgehammer goal.by        155706ms HOL-Library.AList 149:4892  timeout (SH 155706ms):
0.sledgehammer goal.by        35908ms HOL-Library.AList 157:5162  timeout (SH 35908ms): Timed out
0.sledgehammer goal.by        34301ms HOL-Library.AList 161:5325  timeout (SH 34301ms): Timed out
0.sledgehammer goal.by        31938ms HOL-Library.AList 175:5775  timeout (SH 31937ms): Timed out
0.sledgehammer goal.by        32590ms HOL-Library.AList 181:6001  timeout (SH 32590ms): Timed out
0.sledgehammer goal.by        35671ms HOL-Library.AList 189:6306  timeout (SH 35671ms): Timed out
0.sledgehammer goal.by        31849ms HOL-Library.AList 201:6712  timeout (SH 31848ms): Timed out
0.sledgehammer goal.by        32360ms HOL-Library.AList 204:6812  timeout (SH 32360ms): Timed out
0.sledgehammer goal.by        33353ms HOL-Library.AList 207:6922  timeout (SH 33353ms): Timed out
0.sledgehammer goal.by        101549ms HOL-Library.AList 210:7019  some (SH 101549ms, ATP 1796ms): Try this: by (smt (cvc5, no_fmf_mbqi) AList.delete_eq filter_cong filter_filter) (519 ms)
0.sledgehammer goal.by        31780ms HOL-Library.AList 213:7119  timeout (SH 31780ms): Timed out
0.sledgehammer goal.by        32525ms HOL-Library.AList 237:8012  timeout (SH 32525ms): Timed out
0.sledgehammer goal.by        32170ms HOL-Library.AList 242:8174  timeout (SH 32170ms): Timed out
0.sledgehammer goal.by        33051ms HOL-Library.AList 249:8450  timeout (SH 33051ms): Timed out
0.sledgehammer goal.by        33118ms HOL-Library.AList 255:8680  timeout (SH 33117ms): Timed out
0.sledgehammer goal.apply     34200ms HOL-Library.AList 258:8818  timeout (SH 34200ms): Timed out
0.sledgehammer goal.apply     33040ms HOL-Library.AList 260:8856  timeout (SH 33040ms): Timed out
0.sledgehammer goal.apply     32641ms HOL-Library.AList 261:8873  timeout (SH 32640ms): Timed out
0.sledgehammer goal.by        34644ms HOL-Library.AList 265:9019  timeout (SH 34644ms): Timed out
0.sledgehammer goal.proof     34769ms HOL-Library.AList 268:9152  timeout (SH 34768ms): Timed out
0.sledgehammer goal.proof     32105ms HOL-Library.AList 276:9300  timeout (SH 32105ms): Timed out
0.sledgehammer goal.apply     34402ms HOL-Library.AList 292:9745  timeout (SH 34402ms): Timed out
0.sledgehammer goal.apply     164199ms HOL-Library.AList 294:9829  timeout (SH 164199ms):
0.sledgehammer goal.proof     32264ms HOL-Library.AList 317:10580  timeout (SH 32264ms): Timed out
0.sledgehammer goal.apply     33189ms HOL-Library.AList 319:10652  timeout (SH 33189ms): Timed out
0.sledgehammer goal.apply     35372ms HOL-Library.AList 321:10690  timeout (SH 35372ms): Timed out
0.sledgehammer goal.by        40624ms HOL-Library.AList 330:10928  timeout (SH 40624ms): Timed out
0.sledgehammer goal.by        27043ms HOL-Library.AList 335:11048  timeout (SH 27043ms): Timed out
0.sledgehammer goal.by        35705ms HOL-Library.AList 344:11364  timeout (SH 35705ms): Timed out
0.sledgehammer goal.by        27115ms HOL-Library.AList 347:11495  timeout (SH 27115ms): Timed out
0.sledgehammer goal.by        24449ms HOL-Library.AList 350:11617  timeout (SH 24449ms): Timed out
0.sledgehammer goal.by        27317ms HOL-Library.AList 355:11815  timeout (SH 27317ms): Timed out
0.sledgehammer goal.apply     27411ms HOL-Library.AList 359:11973  timeout (SH 27411ms): Timed out
0.sledgehammer goal.apply     32202ms HOL-Library.AList 360:12015  timeout (SH 32201ms): Timed out
0.sledgehammer goal.by        28789ms HOL-Library.AList 375:12455  timeout (SH 28789ms): Timed out
0.sledgehammer goal.by        33325ms HOL-Library.AList 386:12865  timeout (SH 33325ms): Timed out
0.sledgehammer goal.by        32321ms HOL-Library.AList 389:12991  timeout (SH 32321ms): Timed out
0.sledgehammer goal.by        32253ms HOL-Library.AList 400:13246  timeout (SH 32253ms): Timed out
0.sledgehammer goal.by        28007ms HOL-Library.AList 403:13388  timeout (SH 28007ms): Timed out
0.sledgehammer goal.by        33235ms HOL-Library.AList 412:13769  timeout (SH 33234ms): Timed out
0.sledgehammer goal.by        32993ms HOL-Library.AList 430:14462  timeout (SH 32993ms): Timed out
0.sledgehammer goal.proof     35613ms HOL-Library.AList 433:14618  timeout (SH 35613ms): Timed out
0.sledgehammer goal.by        32275ms HOL-Library.AList 436:14743  timeout (SH 32275ms): Timed out
0.sledgehammer goal.by        33028ms HOL-Library.AList 442:14961  timeout (SH 33028ms): Timed out
0.sledgehammer goal.by        31802ms HOL-Library.AList 445:15126  timeout (SH 31802ms): Timed out
0.sledgehammer goal.by        32624ms HOL-Library.AList 448:15283  timeout (SH 32624ms): Timed out
0.sledgehammer goal.proof     33435ms HOL-Library.AList 454:15462  timeout (SH 33435ms): Timed out
0.sledgehammer goal.by        33058ms HOL-Library.AList 470:15918  timeout (SH 33058ms): Timed out
0.sledgehammer goal.by        32551ms HOL-Library.AList 475:16094  timeout (SH 32551ms): Timed out
0.sledgehammer goal.by        32218ms HOL-Library.AList 487:16482  timeout (SH 32218ms): Timed out
0.sledgehammer goal.by        42164ms HOL-Library.AList 493:16714  timeout (SH 42164ms): Timed out
0.sledgehammer goal.by        33842ms HOL-Library.AList 496:16811  timeout (SH 33842ms): Timed out
0.sledgehammer goal.by        35796ms HOL-Library.AList 502:17048  timeout (SH 35796ms): Timed out
0.sledgehammer goal.by        39288ms HOL-Library.AList 508:17248  timeout (SH 39288ms): Timed out
0.sledgehammer goal.by        35067ms HOL-Library.AList 511:17387  timeout (SH 35067ms): Timed out
0.sledgehammer goal.by        32787ms HOL-Library.AList 522:17722  timeout (SH 32787ms): Timed out
0.sledgehammer goal.by        32928ms HOL-Library.AList 525:17850  timeout (SH 32928ms): Timed out
0.sledgehammer goal.by        32746ms HOL-Library.AList 528:18003  timeout (SH 32746ms): Timed out
0.sledgehammer goal.proof     32209ms HOL-Library.AList 537:18383  timeout (SH 32209ms): Timed out
0.sledgehammer goal.by        32768ms HOL-Library.AList 540:18499  timeout (SH 32768ms): Timed out
0.sledgehammer goal.by        35849ms HOL-Library.AList 587:20144  timeout (SH 35849ms): Timed out
0.sledgehammer goal.by        33503ms HOL-Library.AList 589:20183  timeout (SH 33503ms): Timed out
0.sledgehammer goal.by        31113ms HOL-Library.AList 592:20361  timeout (SH 31113ms): Timed out
0.sledgehammer goal.proof     33856ms HOL-Library.AList 595:20519  timeout (SH 33856ms): Timed out
0.sledgehammer goal.proof     34570ms HOL-Library.AList 601:20635  timeout (SH 34570ms): Timed out
0.sledgehammer goal.proof     160155ms HOL-Library.AList 607:20838  timeout (SH 160155ms):
0.sledgehammer goal.using     40818ms HOL-Library.AList 613:21050  timeout (SH 40818ms): Timed out
0.sledgehammer goal.by        34487ms HOL-Library.AList 614:21074  timeout (SH 34487ms): Timed out
0.sledgehammer goal.by        32522ms HOL-Library.AList 633:21549  timeout (SH 32522ms): Timed out
0.sledgehammer goal.using     32192ms HOL-Library.AList 665:22431  timeout (SH 32192ms): Timed out
0.sledgehammer goal.proof     33069ms HOL-Library.AList 666:22443  timeout (SH 33069ms): Timed out
0.sledgehammer goal.proof     36328ms HOL-Library.AList 672:22559  timeout (SH 36328ms): Timed out
0.sledgehammer goal.by        33278ms HOL-Library.AList 674:22631  timeout (SH 33278ms): Timed out
0.sledgehammer goal.by        33520ms HOL-Library.AList 678:22717  timeout (SH 33520ms): Timed out
0.sledgehammer goal.proof     33045ms HOL-Library.AList 683:22818  timeout (SH 33045ms): Timed out
0.sledgehammer goal.proof     37671ms HOL-Library.AList 689:22934  timeout (SH 37671ms): Timed out
0.sledgehammer goal.proof     37657ms HOL-Library.AList 695:23134  timeout (SH 37656ms): Timed out
0.sledgehammer goal.by        33419ms HOL-Library.AList 698:23217  timeout (SH 33419ms): Timed out
0.sledgehammer goal.by        32652ms HOL-Library.AList 702:23317  timeout (SH 32652ms): Timed out
0.sledgehammer goal.by        34642ms HOL-Library.AList 709:23500  timeout (SH 34642ms): Timed out
0.sledgehammer goal.by        33423ms HOL-Library.AList 714:23590  timeout (SH 33423ms): Timed out
0.sledgehammer goal.by        33309ms HOL-Library.AList 718:23772  timeout (SH 33309ms): Timed out
0.sledgehammer goal.by        34047ms HOL-Library.AList 722:23954  timeout (SH 34047ms): Timed out
0.sledgehammer goal.by        33383ms HOL-Library.AList 746:24765  timeout (SH 33383ms): Timed out
0.sledgehammer goal.by        33864ms HOL-Library.AList 749:24855  timeout (SH 33864ms): Timed out
0.sledgehammer goal.using     33349ms HOL-Library.AList 754:24986  timeout (SH 33349ms): Timed out
0.sledgehammer goal.by        33984ms HOL-Library.AList 754:24998  timeout (SH 33984ms): Timed out
0.sledgehammer goal.by        33966ms HOL-Library.AList 768:25467  timeout (SH 33966ms): Timed out
0.sledgehammer goal.by        33480ms HOL-Library.AList 771:25574  timeout (SH 33480ms): Timed out
0.sledgehammer goal.using     33697ms HOL-Library.AList 776:25711  timeout (SH 33696ms): Timed out
0.sledgehammer goal.by        32963ms HOL-Library.AList 776:25723  timeout (SH 32963ms): Timed out
0.sledgehammer goal.using     37155ms HOL-Library.DAList 38:925  timeout (SH 37155ms): Timed out
0.sledgehammer goal.by        34733ms HOL-Library.DAList 103:2927  timeout (SH 34733ms): Timed out
0.sledgehammer goal.by         1041ms HOL-Library.DAList 116:3207  none (SH 1041ms): Prover error:
0.sledgehammer goal.by        34603ms HOL-Library.BNF_Corec 31:828  timeout (SH 34603ms): Timed out
0.sledgehammer goal.by         4495ms HOL-Library.BNF_Corec 58:1632  some (SH 4495ms, ATP 492ms): Try this: apply argo (2 ms)
0.sledgehammer goal.by        34953ms HOL-Library.BNF_Corec 79:2280  timeout (SH 34953ms): Timed out
0.sledgehammer goal.unfolding 36923ms HOL-Library.BNF_Corec 84:2457  timeout (SH 36923ms): Timed out
0.sledgehammer goal.by        31063ms HOL-Library.BNF_Corec 84:2506  timeout (SH 31063ms): Timed out
0.sledgehammer goal.unfolding 163189ms HOL-Library.BNF_Corec 106:3175  timeout (SH 163189ms):
0.sledgehammer goal.by        154257ms HOL-Library.BNF_Corec 107:3196  timeout (SH 154257ms):
0.sledgehammer goal.by        33437ms HOL-Library.BNF_Corec 126:3951  timeout (SH 33437ms): Timed out
0.sledgehammer goal.apply     156953ms HOL-Library.BNF_Corec 166:5501  timeout (SH 156953ms):
0.sledgehammer goal.apply     154342ms HOL-Library.BNF_Corec 167:5567  timeout (SH 154342ms):
0.sledgehammer goal.by        35902ms HOL-Library.BNF_Corec 176:5862  timeout (SH 35902ms): Timed out
0.sledgehammer goal.unfolding 36500ms HOL-Library.Cancellation 33:1149  timeout (SH 36500ms): Timed out
0.sledgehammer goal.by        32190ms HOL-Library.Cancellation 33:1175  timeout (SH 32190ms): Timed out
0.sledgehammer goal.by        34259ms HOL-Library.Cancellation 36:1291  timeout (SH 34259ms): Timed out
0.sledgehammer goal.by        155005ms HOL-Library.Cancellation 46:1631  timeout (SH 155005ms):
0.sledgehammer goal.by        156199ms HOL-Library.Cancellation 58:2396  timeout (SH 156199ms):
0.sledgehammer goal.by        130128ms HOL-Library.Cancellation 70:3174  some (SH 130128ms, ATP 352ms): Try this: by (smt (z3) add.assoc add_diff_cancel_left iterate_add_distrib le_add_diff_inverse) (74 ms)
0.sledgehammer goal.by        112297ms HOL-Library.Cancellation 74:3393  some (SH 112297ms, ATP 237ms): Try this: by (smt (z3) add_diff_cancel_left' diff_diff_eq iterate_add_distrib le_add_diff_inverse) (37 ms)
0.sledgehammer goal.proof     32683ms HOL-Library.Multiset 20:568  timeout (SH 32683ms): Timed out
0.sledgehammer goal.by        32547ms HOL-Library.Multiset 32:876  timeout (SH 32547ms): Timed out
0.sledgehammer goal.using     27039ms HOL-Library.Multiset 41:1188  timeout (SH 27039ms): Timed out
0.sledgehammer goal.by        29183ms HOL-Library.Multiset 41:1199  timeout (SH 29183ms): Timed out
0.sledgehammer goal.using     32498ms HOL-Library.Multiset 45:1360  timeout (SH 32498ms): Timed out
0.sledgehammer goal.by        37199ms HOL-Library.Multiset 45:1371  some (SH 37198ms, ATP 410ms): Try this: by (smt (z3) finite_subset less_numeral_extra(3) mem_Collect_eq subsetI) (142 ms)
0.sledgehammer goal.by        36039ms HOL-Library.Multiset 66:1855  timeout (SH 36039ms): Timed out
0.sledgehammer goal.by        32085ms HOL-Library.Multiset 70:1967  timeout (SH 32085ms): Timed out
0.sledgehammer goal.by         1239ms HOL-Library.Multiset 73:2013  none (SH 1239ms): Prover error:
0.sledgehammer goal.using     36500ms HOL-Library.Multiset 88:2303  timeout (SH 36500ms): Timed out
0.sledgehammer goal.by        33417ms HOL-Library.Multiset 88:2314  timeout (SH 33417ms): Timed out
0.sledgehammer goal.by        31743ms HOL-Library.Multiset 92:2460  timeout (SH 31743ms): Timed out
0.sledgehammer goal.by        31718ms HOL-Library.Multiset 190:5378  timeout (SH 31718ms): Timed out
0.sledgehammer goal.by        422977ms HOL-Library.Multiset 232:6300  some (SH 422977ms, ATP 3906ms): Try this: by (smt (verit, ccfv_threshold) count_add_mset count_empty count_eq_zero_iff empty_subsetI insert_subset nat.distinct(1) subsetI subset_antisym) (677 ms)
0.sledgehammer goal.using     32349ms HOL-Library.Multiset 240:6507  timeout (SH 32349ms): Timed out
0.sledgehammer goal.by        32296ms HOL-Library.Multiset 243:6626  timeout (SH 32296ms): Timed out
0.sledgehammer goal.by        73195ms HOL-Library.Multiset 265:7189  some (SH 73195ms, ATP 3479ms): Try this: by (smt (cvc5, best) Collect_cong Un_def add_gr_0 count_greater_zero_iff plus_multiset.rep_eq set_mset_def) (261 ms)
0.sledgehammer goal.by        32873ms HOL-Library.Multiset 269:7352  timeout (SH 32873ms): Timed out
0.sledgehammer goal.by         3256ms HOL-Library.Multiset 283:7761  none (SH 3256ms): Prover error:
0.sledgehammer goal.by        35184ms HOL-Library.Multiset 355:9714  timeout (SH 35183ms): Timed out
0.sledgehammer goal.by        315510ms HOL-Library.Multiset 361:9899  some (SH 315510ms, ATP 4091ms): Try this: by (smt (cvc5) Multiset.diff_cancel add_diff_cancel_left' add_diff_cancel_right' count_add_mset count_eq_zero_iff diff_diff_eq diff_empty in_diff_count insert_DiffM nat.distinct(1) union_mset_add_mset_left)
0.sledgehammer goal.by        177444ms HOL-Library.Multiset 364:10020  timeout (SH 177443ms):
0.sledgehammer goal.by        156824ms HOL-Library.Multiset 374:10417  timeout (SH 156824ms):
0.sledgehammer goal.by        31596ms HOL-Library.Multiset 396:11030  timeout (SH 31596ms): Timed out
0.sledgehammer goal.by        31548ms HOL-Library.Multiset 431:12054  timeout (SH 31548ms): Timed out
0.sledgehammer goal.using      2120ms HOL-Library.Multiset 495:14268  some (SH 2120ms, ATP 258ms): Try this: using BC \<open>c \<in># add_mset c C\<close> by argo (3 ms)
0.sledgehammer goal.by        155205ms HOL-Library.Multiset 502:14452  timeout (SH 155205ms):
0.sledgehammer goal.by        39519ms HOL-Library.Multiset 550:15964  timeout (SH 39519ms): Timed out
0.sledgehammer goal.by        28703ms HOL-Library.Multiset 553:16165  timeout (SH 28703ms): Timed out
0.sledgehammer goal.by        27904ms HOL-Library.Multiset 557:16435  timeout (SH 27903ms): Timed out
0.sledgehammer goal.unfolding 38178ms HOL-Library.Multiset 569:16791  timeout (SH 38178ms): Timed out
0.sledgehammer goal.by        33067ms HOL-Library.Multiset 570:16821  timeout (SH 33067ms): Timed out
0.sledgehammer goal.by        27604ms HOL-Library.Multiset 573:17022  timeout (SH 27604ms): Timed out
0.sledgehammer goal.using      5384ms HOL-Library.Multiset 647:19334  some (SH 5383ms, ATP 386ms): Try this: using assms by order (2 ms)
0.sledgehammer goal.by        156172ms HOL-Library.Multiset 669:19978  timeout (SH 156172ms):
0.sledgehammer goal.by        33601ms HOL-Library.Multiset 673:20093  timeout (SH 33601ms): Timed out
0.sledgehammer goal.by        27801ms HOL-Library.Multiset 720:21820  timeout (SH 27801ms): Timed out
0.sledgehammer goal.by        155511ms HOL-Library.Multiset 728:22148  timeout (SH 155511ms):
0.sledgehammer goal.proof     17689ms HOL-Library.Multiset 731:22265  timeout (SH 17689ms): Timed out
0.sledgehammer goal.proof     27686ms HOL-Library.Multiset 739:22616  timeout (SH 27686ms): Timed out
0.sledgehammer goal.by        18214ms HOL-Library.Multiset 743:22753  timeout (SH 18214ms): Timed out
0.sledgehammer goal.by        25043ms HOL-Library.Multiset 748:22968  timeout (SH 25043ms): Timed out
0.sledgehammer goal.by        28153ms HOL-Library.Multiset 756:23179  timeout (SH 28153ms): Timed out
0.sledgehammer goal.proof     108644ms HOL-Library.Multiset 772:23612  some (SH 108644ms, ATP 4406ms): Try this: by (smt (verit, ccfv_SIG) Diff_eq_empty_iff_mset Multiset.diff_right_commute assms cancel_comm_monoid_add_class.diff_cancel diff_subset_eq_self diff_union_cancelR inter_mset_def mset_subset_eq_multiset_union_diff_commute) (338 ms)
0.sledgehammer goal.unfolding  6956ms HOL-Library.Multiset 777:23786  some (SH 6956ms, ATP 434ms): Try this: by linarith (4 ms)
0.sledgehammer goal.by         3365ms HOL-Library.Multiset 777:23804  some (SH 3365ms, ATP 319ms): Try this: by argo (3 ms)
0.sledgehammer goal.by        91318ms HOL-Library.Multiset 787:24123  some (SH 91318ms, ATP 1538ms): Try this: by (smt (verit, del_insts) add_cancel_left_right add_diff_cancel_right' diff_diff_add_mset diff_intersect_left_idem diff_intersect_right_idem inter_mset_def plus_multiset_def subset_mset.add_diff_assoc2 subset_mset.inf_le2) (316 ms)
0.sledgehammer goal.by        154776ms HOL-Library.Multiset 799:24551  timeout (SH 154776ms):
0.sledgehammer goal.by        181137ms HOL-Library.Multiset 807:24822  some (SH 181137ms, ATP 663ms): Try this: by (smt (z3) Multiset.diff_right_commute add_mset_add_single diff_diff_add_mset diff_single_trivial inter_mset_def subset_mset.inf.commute) (82 ms)
0.sledgehammer goal.using     151899ms HOL-Library.Multiset 832:25670  timeout (SH 151899ms):
0.sledgehammer goal.by        362008ms HOL-Library.Multiset 865:26559  some (SH 362008ms, ATP 208ms): Try this: by (smt (verit, ccfv_SIG) Collect_cong Un_def count_inI in_diff_count mem_Collect_eq set_mset_def union_iff union_mset_def) (400 ms)
0.sledgehammer goal.by        153368ms HOL-Library.Multiset 868:26711  timeout (SH 153368ms):
0.sledgehammer goal.by        145578ms HOL-Library.Multiset 871:26842  some (SH 145578ms, ATP 666ms): Try this: by (smt (z3) add_diff_cancel_right add_mset_add_single insert_DiffM2 union_mset_add_mset_left union_mset_def) (108 ms)
0.sledgehammer goal.unfolding 34665ms HOL-Library.Multiset 909:28045  timeout (SH 34665ms): Timed out
0.sledgehammer goal.unfolding 32993ms HOL-Library.Multiset 912:28209  timeout (SH 32993ms): Timed out
0.sledgehammer goal.by        33101ms HOL-Library.Multiset 912:28238  timeout (SH 33101ms): Timed out
0.sledgehammer goal.by        33014ms HOL-Library.Multiset 926:28605  timeout (SH 33014ms): Timed out
0.sledgehammer goal.by        32773ms HOL-Library.Multiset 929:28715  timeout (SH 32773ms): Timed out
0.sledgehammer goal.by        32991ms HOL-Library.Multiset 932:28867  timeout (SH 32991ms): Timed out
0.sledgehammer goal.by        32008ms HOL-Library.Multiset 944:29318  timeout (SH 32008ms): Timed out
0.sledgehammer goal.by        32725ms HOL-Library.Multiset 948:29456  timeout (SH 32725ms): Timed out
0.sledgehammer goal.by        33201ms HOL-Library.Multiset 958:29796  timeout (SH 33201ms): Timed out
0.sledgehammer goal.unfolding 32932ms HOL-Library.Multiset 964:29935  timeout (SH 32932ms): Timed out
0.sledgehammer goal.by        32368ms HOL-Library.Multiset 964:29961  timeout (SH 32368ms): Timed out
0.sledgehammer goal.by        153209ms HOL-Library.Multiset 972:30297  timeout (SH 153209ms):
0.sledgehammer goal.by        152918ms HOL-Library.Multiset 977:30531  timeout (SH 152918ms):
0.sledgehammer goal.proof     33034ms HOL-Library.Multiset 1038:32979  timeout (SH 33034ms): Timed out
0.sledgehammer goal.proof     33067ms HOL-Library.Multiset 1042:33125  timeout (SH 33067ms): Timed out
0.sledgehammer goal.by        33004ms HOL-Library.Multiset 1046:33266  timeout (SH 33004ms): Timed out
0.sledgehammer goal.by        32858ms HOL-Library.Multiset 1058:33565  timeout (SH 32858ms): Timed out
0.sledgehammer goal.proof     33194ms HOL-Library.Multiset 1084:34289  timeout (SH 33194ms): Timed out
0.sledgehammer goal.by        32842ms HOL-Library.Multiset 1089:34499  timeout (SH 32842ms): Timed out
0.sledgehammer goal.proof     33289ms HOL-Library.Multiset 1095:34706  timeout (SH 33289ms): Timed out
0.sledgehammer goal.by        155179ms HOL-Library.Multiset 1101:34965  timeout (SH 155179ms):
0.sledgehammer goal.proof     32920ms HOL-Library.Multiset 1109:35198  timeout (SH 32920ms): Timed out
0.sledgehammer goal.proof     33499ms HOL-Library.Multiset 1111:35281  timeout (SH 33499ms): Timed out
0.sledgehammer goal.proof     32996ms HOL-Library.Multiset 1114:35387  timeout (SH 32996ms): Timed out
0.sledgehammer goal.by        33071ms HOL-Library.Multiset 1118:35577  timeout (SH 33071ms): Timed out
0.sledgehammer goal.using     33004ms HOL-Library.Multiset 1131:35995  timeout (SH 33004ms): Timed out
0.sledgehammer goal.by        33240ms HOL-Library.Multiset 1131:36006  timeout (SH 33240ms): Timed out
0.sledgehammer goal.proof     27947ms HOL-Library.Multiset 1134:36178  timeout (SH 27947ms): Timed out
0.sledgehammer goal.by        29762ms HOL-Library.Multiset 1138:36256  timeout (SH 29762ms): Timed out
0.sledgehammer goal.proof     28582ms HOL-Library.Multiset 1143:36472  timeout (SH 28581ms): Timed out
0.sledgehammer goal.by        32726ms HOL-Library.Multiset 1146:36575  timeout (SH 32725ms): Timed out
0.sledgehammer goal.proof     32846ms HOL-Library.Multiset 1154:36899  timeout (SH 32846ms): Timed out
0.sledgehammer goal.by        32929ms HOL-Library.Multiset 1158:37021  timeout (SH 32929ms): Timed out
0.sledgehammer goal.proof     28155ms HOL-Library.Multiset 1169:37436  timeout (SH 28155ms): Timed out
0.sledgehammer goal.by        33024ms HOL-Library.Multiset 1174:37633  timeout (SH 33024ms): Timed out
0.sledgehammer goal.proof     33214ms HOL-Library.Multiset 1182:37904  timeout (SH 33214ms): Timed out
0.sledgehammer goal.proof     33041ms HOL-Library.Multiset 1210:38846  timeout (SH 33041ms): Timed out
0.sledgehammer goal.proof     33103ms HOL-Library.Multiset 1214:38981  timeout (SH 33103ms): Timed out
0.sledgehammer goal.using      9362ms HOL-Library.Multiset 1217:39104  unknown (SH 0ms):  error: unexpected error
0.sledgehammer goal.proof     27962ms HOL-Library.Multiset 1242:40025  timeout (SH 27962ms): Timed out
0.sledgehammer goal.by        32556ms HOL-Library.Multiset 1245:40108  timeout (SH 32556ms): Timed out
0.sledgehammer goal.by        160468ms HOL-Library.Multiset 1255:40403  timeout (SH 160468ms):
0.sledgehammer goal.by        154903ms HOL-Library.Multiset 1274:41061  timeout (SH 154903ms):
0.sledgehammer goal.by        33482ms HOL-Library.Multiset 1280:41317  timeout (SH 33482ms): Timed out
0.sledgehammer goal.by        33359ms HOL-Library.Multiset 1283:41440  timeout (SH 33359ms): Timed out
0.sledgehammer goal.by        32724ms HOL-Library.Multiset 1286:41562  timeout (SH 32724ms): Timed out
0.sledgehammer goal.by        164419ms HOL-Library.Multiset 1305:42231  timeout (SH 164419ms):
0.sledgehammer goal.proof     32880ms HOL-Library.Multiset 1315:42621  timeout (SH 32880ms): Timed out
0.sledgehammer goal.proof     32901ms HOL-Library.Multiset 1323:42855  timeout (SH 32901ms): Timed out
0.sledgehammer goal.by        32592ms HOL-Library.Multiset 1344:43480  timeout (SH 32592ms): Timed out
0.sledgehammer goal.proof     153168ms HOL-Library.Multiset 1354:43764  timeout (SH 153168ms):
0.sledgehammer goal.unfolding 29675ms HOL-Library.Bourbaki_Witt_Fixpoint 16:451  timeout (SH 29675ms): Timed out
0.sledgehammer goal.by        69655ms HOL-Library.Bourbaki_Witt_Fixpoint 28:897  some (SH 69654ms, ATP 558ms): Try this: by (smt (cvc5, trigger_multi) ChainsI chain_def in_ChainsD) (537 ms)
0.sledgehammer goal.using     164734ms HOL-Library.Bourbaki_Witt_Fixpoint 52:1769  timeout (SH 164734ms):
0.sledgehammer goal.by        153775ms HOL-Library.Bourbaki_Witt_Fixpoint 52:1778  timeout (SH 153775ms):
0.sledgehammer goal.by        33915ms HOL-Library.Bourbaki_Witt_Fixpoint 79:2593  timeout (SH 33915ms): Timed out
0.sledgehammer goal.using     33254ms HOL-Library.Bourbaki_Witt_Fixpoint 88:2929  timeout (SH 33254ms): Timed out
0.sledgehammer goal.by        32763ms HOL-Library.Bourbaki_Witt_Fixpoint 88:2937  timeout (SH 32763ms): Timed out
0.sledgehammer goal.proof     33562ms HOL-Library.Bourbaki_Witt_Fixpoint 95:3219  timeout (SH 33562ms): Timed out
0.sledgehammer goal.using     33523ms HOL-Library.Bourbaki_Witt_Fixpoint 100:3469  timeout (SH 33522ms): Timed out
0.sledgehammer goal.by        32809ms HOL-Library.Bourbaki_Witt_Fixpoint 101:3486  timeout (SH 32809ms): Timed out
0.sledgehammer goal.using     34063ms HOL-Library.Bourbaki_Witt_Fixpoint 109:3785  timeout (SH 34063ms): Timed out
0.sledgehammer goal.proof     33348ms HOL-Library.Bourbaki_Witt_Fixpoint 110:3793  timeout (SH 33348ms): Timed out
0.sledgehammer goal.proof     156625ms HOL-Library.Bourbaki_Witt_Fixpoint 117:3915  some (SH 156625ms, ATP 4613ms): Try this: by (smt (verit, del_insts) Chains_FieldD Sup.IH Sup.hyps(1,2,3) iterates_above_ge iterates_above_lub leq_antisym leq_refl lub_least) (1.1 s)
0.sledgehammer goal.proof     33157ms HOL-Library.Bourbaki_Witt_Fixpoint 126:4315  timeout (SH 33157ms): Timed out
0.sledgehammer goal.proof     33989ms HOL-Library.Bourbaki_Witt_Fixpoint 130:4468  timeout (SH 33989ms): Timed out
0.sledgehammer goal.proof     159135ms HOL-Library.Bourbaki_Witt_Fixpoint 151:5226  timeout (SH 159135ms):
0.sledgehammer goal.using     40541ms HOL-Library.Bourbaki_Witt_Fixpoint 189:6570  timeout (SH 40541ms): Timed out
0.sledgehammer goal.proof     33604ms HOL-Library.Bourbaki_Witt_Fixpoint 190:6580  timeout (SH 33604ms): Timed out
0.sledgehammer goal.proof     34533ms HOL-Library.Bourbaki_Witt_Fixpoint 199:6873  timeout (SH 34533ms): Timed out
0.sledgehammer goal.by         6593ms HOL-Library.Bourbaki_Witt_Fixpoint 200:6925  some (SH 6593ms, ATP 456ms): Try this: by linarith (1 ms)
0.sledgehammer goal.proof     40186ms HOL-Library.Bourbaki_Witt_Fixpoint 253:8965  timeout (SH 40186ms): Timed out
0.sledgehammer goal.unfolding 32591ms HOL-Library.Bourbaki_Witt_Fixpoint 256:9062  timeout (SH 32591ms): Timed out
0.sledgehammer goal.proof     32859ms HOL-Library.Bourbaki_Witt_Fixpoint 257:9122  timeout (SH 32859ms): Timed out
0.sledgehammer goal.using     37094ms HOL-Library.Bourbaki_Witt_Fixpoint 260:9280  timeout (SH 37094ms): Timed out
0.sledgehammer goal.by        32297ms HOL-Library.Bourbaki_Witt_Fixpoint 261:9297  timeout (SH 32296ms): Timed out
0.sledgehammer goal.using     33482ms HOL-Library.Bourbaki_Witt_Fixpoint 276:9724  timeout (SH 33482ms): Timed out
0.sledgehammer goal.proof     33645ms HOL-Library.Bourbaki_Witt_Fixpoint 277:9743  timeout (SH 33645ms): Timed out
0.sledgehammer goal.proof     35354ms HOL-Library.Bourbaki_Witt_Fixpoint 283:9872  timeout (SH 35354ms): Timed out
0.sledgehammer goal.proof     42791ms HOL-Library.Bourbaki_Witt_Fixpoint 292:10189  timeout (SH 42791ms): Timed out
0.sledgehammer goal.by        39219ms HOL-Library.Bourbaki_Witt_Fixpoint 303:10672  timeout (SH 39219ms): Timed out
0.sledgehammer goal.using     39028ms HOL-Library.Bourbaki_Witt_Fixpoint 310:10897  timeout (SH 39028ms): Timed out
0.sledgehammer goal.by        34266ms HOL-Library.Bourbaki_Witt_Fixpoint 310:10943  timeout (SH 34266ms): Timed out
0.sledgehammer goal.using     30728ms HOL-Library.Bourbaki_Witt_Fixpoint 316:11103  timeout (SH 30728ms): Timed out
0.sledgehammer goal.proof     33822ms HOL-Library.Bourbaki_Witt_Fixpoint 317:11118  timeout (SH 33822ms): Timed out
0.sledgehammer goal.by        36334ms HOL-Library.Bourbaki_Witt_Fixpoint 321:11282  timeout (SH 36334ms): Timed out
0.sledgehammer goal.proof     46230ms HOL-Library.Bourbaki_Witt_Fixpoint 342:12033  timeout (SH 46230ms): Timed out
0.sledgehammer goal.by        35674ms HOL-Library.Bourbaki_Witt_Fixpoint 345:12162  timeout (SH 35674ms): Timed out
0.sledgehammer goal.using     33897ms HOL-Library.Bourbaki_Witt_Fixpoint 349:12291  timeout (SH 33897ms): Timed out
0.sledgehammer goal.by        32559ms HOL-Library.Bourbaki_Witt_Fixpoint 350:12314  timeout (SH 32559ms): Timed out
0.sledgehammer goal.using     164449ms HOL-Library.Bourbaki_Witt_Fixpoint 353:12487  timeout (SH 164449ms):
0.sledgehammer goal.using     157521ms HOL-Library.Bourbaki_Witt_Fixpoint 356:12636  timeout (SH 157521ms):
0.sledgehammer goal.by        154450ms HOL-Library.Bourbaki_Witt_Fixpoint 357:12692  timeout (SH 154449ms):
0.sledgehammer goal.apply     34285ms HOL-Library.Bourbaki_Witt_Fixpoint 373:13479  timeout (SH 34284ms): Timed out
0.sledgehammer goal.apply     33043ms HOL-Library.Bourbaki_Witt_Fixpoint 374:13577  timeout (SH 33043ms): Timed out
0.sledgehammer goal.by        133904ms HOL-Library.Bourbaki_Witt_Fixpoint 379:13852  some (SH 133904ms, ATP 1329ms): Try this: by (smt (verit, ccfv_threshold) a bourbaki_witt_fixpoint.Chain_finite_iterates_above_fun_pow_iff bourbaki_witt_fixpoint.fixp_above_unfold bourbaki_witt_fixpoint.fixp_iterates_above bourbaki_witt_fixpoint_axioms chfin while_option_def) (774 ms)
0.sledgehammer goal.proof     33466ms HOL-Library.Bourbaki_Witt_Fixpoint 383:14195  timeout (SH 33466ms): Timed out
0.sledgehammer goal.by        45997ms HOL-Library.Bourbaki_Witt_Fixpoint 387:14395  timeout (SH 45997ms): Timed out
0.sledgehammer goal.by        38658ms HOL-Library.Bourbaki_Witt_Fixpoint 403:14725  timeout (SH 38658ms): Timed out
0.sledgehammer goal.proof     162316ms HOL-Library.Centered_Division 44:1350  timeout (SH 162315ms):
0.sledgehammer goal.by        80049ms HOL-Library.Centered_Division 48:1457  some (SH 80049ms, ATP 4688ms): Try this: by (smt (verit, ccfv_threshold) "*" centered_divide_def centered_modulo_def div_mod_decomp_int mult.commute) (436 ms)
0.sledgehammer goal.using      5893ms HOL-Library.Centered_Division 57:1711  some (SH 5893ms, ATP 351ms): Try this: by (smt (verit, ccfv_threshold) cdiv_mult_cmod_eq) (50 ms)
0.sledgehammer goal.using      6035ms HOL-Library.Centered_Division 61:1830  some (SH 6035ms, ATP 376ms): Try this: by (smt (verit, ccfv_threshold) mult_cdiv_cmod_eq) (48 ms)
0.sledgehammer goal.by         5837ms HOL-Library.Centered_Division 65:1953  some (SH 5837ms, ATP 360ms): Try this: by (smt (verit, ccfv_threshold) cdiv_mult_cmod_eq) (57 ms)
0.sledgehammer goal.by         5633ms HOL-Library.Centered_Division 69:2085  some (SH 5633ms, ATP 327ms): Try this: by (smt (verit, ccfv_threshold) mult_cdiv_cmod_eq) (79 ms)
0.sledgehammer goal.by         6544ms HOL-Library.Centered_Division 73:2215  some (SH 6544ms, ATP 365ms): Try this: by (smt (verit, best) minus_cdiv_mult_eq_cmod) (59 ms)
0.sledgehammer goal.by         6586ms HOL-Library.Centered_Division 77:2347  some (SH 6586ms, ATP 377ms): Try this: by (smt (verit, best) minus_mult_cdiv_eq_cmod) (57 ms)
0.sledgehammer goal.by        153760ms HOL-Library.Centered_Division 93:2692  timeout (SH 153760ms):
0.sledgehammer goal.by        93713ms HOL-Library.Centered_Division 97:2774  some (SH 93713ms, ATP 2511ms): Try this: by (smt (cvc5) cancel_div_mod_rules(2) cdiv_0_eq cdiv_1_eq cdiv_mult_cmod_eq centered_modulo_def comm_semiring_class.distrib distrib_left div_mod_decomp_int dvd_minus_iff dvd_refl half_nonnegative_int_iff int_of_integer_code_nbe(1) integer_of_int_eq_of_int minus_1_mod_2_eq mod_minus_eq mod_pos_pos_trivial mult.assoc mult.commute mult_cancel_left mult_cancel_right1 mult_cdiv_cmod_eq mult_eq_0_iff mult_minus_right not_mod_2_eq_1_eq_0 of_int_0 sgn_1 zdvd_mult_cancel1 zmod_le_nonneg_dividend zmod_zminus1_not_zero zmult_zless_mono2)
0.sledgehammer goal.by        153844ms HOL-Library.Centered_Division 101:2884  timeout (SH 153844ms):
0.sledgehammer goal.by        59021ms HOL-Library.Centered_Division 109:3096  some (SH 59021ms, ATP 610ms): Try this: by (smt (verit, ccfv_threshold) cdiv_minus_eq mult_cdiv_cmod_eq mult_minus_left mult_minus_right) (182 ms)
0.sledgehammer goal.by        13888ms HOL-Library.Centered_Division 117:3279  some (SH 13887ms, ATP 341ms): Try this: by (smt (verit, ccfv_SIG) cmod_minus_eq) (38 ms)
0.sledgehammer goal.proof     33012ms HOL-Library.Centered_Division 121:3385  timeout (SH 33012ms): Timed out
0.sledgehammer goal.using     33015ms HOL-Library.Centered_Division 123:3433  timeout (SH 33015ms): Timed out
0.sledgehammer goal.by        32378ms HOL-Library.Centered_Division 123:3444  timeout (SH 32378ms): Timed out
0.sledgehammer goal.by        81830ms HOL-Library.Centered_Division 125:3508  some (SH 81830ms, ATP 1222ms): Try this: by (smt (verit, del_insts) mult.left_commute mult_cancel_left2 mult_minus_right zsgn_def) (865 ms)
0.sledgehammer goal.using     157408ms HOL-Library.Centered_Division 130:3602  timeout (SH 157408ms):
0.sledgehammer goal.proof     159977ms HOL-Library.Centered_Division 134:3706  timeout (SH 159977ms):
0.sledgehammer goal.by        32465ms HOL-Library.Centered_Division 136:3773  timeout (SH 32465ms): Timed out
0.sledgehammer goal.proof     32697ms HOL-Library.Centered_Division 149:4156  timeout (SH 32697ms): Timed out
0.sledgehammer goal.by         1777ms HOL-Library.Centered_Division 152:4243  some (SH 1777ms, ATP 291ms): Try this: by argo (0.9 ms)
0.sledgehammer goal.by        44693ms HOL-Library.Centered_Division 156:4350  some (SH 44693ms, ATP 371ms): Try this: by (smt (verit, best) of_bool_eq(1,2)) (268 ms)
0.sledgehammer goal.proof     35097ms HOL-Library.Centered_Division 161:4458  timeout (SH 35097ms): Timed out
0.sledgehammer goal.using     33541ms HOL-Library.Centered_Division 170:4691  timeout (SH 33541ms): Timed out
0.sledgehammer goal.using     62754ms HOL-Library.Centered_Division 175:4841  some (SH 62754ms, ATP 910ms): Try this: by (smt (verit, best) cmod_less_equal_divisor divisor_less_equal_cmod that) (507 ms)
0.sledgehammer goal.by        39992ms HOL-Library.Centered_Division 176:4887  some (SH 39992ms, ATP 1069ms): Try this: by (smt (verit, best) cmod_less_equal_divisor) (354 ms)
0.sledgehammer goal.by         1232ms HOL-Library.Char_ord 22:416  none (SH 1232ms): Prover error:
0.sledgehammer goal.by        36783ms HOL-Library.Char_ord 29:669  timeout (SH 36783ms): Timed out
0.sledgehammer goal.by         1144ms HOL-Library.Char_ord 43:1190  none (SH 1144ms): Prover error:
0.sledgehammer goal.proof     36124ms HOL-Library.Code_Cardinality 84:2812  timeout (SH 36124ms): Timed out
0.sledgehammer goal.proof     32486ms HOL-Library.Code_Cardinality 88:2882  timeout (SH 32486ms): Timed out
0.sledgehammer goal.using     32868ms HOL-Library.Code_Cardinality 90:2920  timeout (SH 32867ms): Timed out
0.sledgehammer goal.by        27531ms HOL-Library.Code_Cardinality 91:2939  timeout (SH 27531ms): Timed out
0.sledgehammer goal.proof     31869ms HOL-Library.Code_Cardinality 95:3178  timeout (SH 31869ms): Timed out
0.sledgehammer goal.by        33935ms HOL-Library.Code_Cardinality 98:3324  timeout (SH 33935ms): Timed out
0.sledgehammer goal.by        15852ms HOL-Library.Code_Cardinality 106:3616  some (SH 15852ms, ATP 267ms): Try this: by argo (3 ms)
0.sledgehammer goal.by        38207ms HOL-Library.Code_Cardinality 140:4739  timeout (SH 38207ms): Timed out
0.sledgehammer goal.unfolding 36634ms HOL-Library.Complete_Partial_Order2 16:454  timeout (SH 36634ms): Timed out
0.sledgehammer goal.by        33964ms HOL-Library.Complete_Partial_Order2 16:483  timeout (SH 33964ms): Timed out
0.sledgehammer goal.by        32859ms HOL-Library.Complete_Partial_Order2 24:713  timeout (SH 32859ms): Timed out
0.sledgehammer goal.by        28521ms HOL-Library.Complete_Partial_Order2 27:812  timeout (SH 28521ms): Timed out
0.sledgehammer goal.by        154915ms HOL-Library.Complete_Partial_Order2 42:1322  timeout (SH 154915ms):
0.sledgehammer goal.by        32268ms HOL-Library.Complete_Partial_Order2 53:1624  timeout (SH 32267ms): Timed out
0.sledgehammer goal.proof     29277ms HOL-Library.Complete_Partial_Order2 63:2075  timeout (SH 29277ms): Timed out
0.sledgehammer goal.proof     29910ms HOL-Library.Complete_Partial_Order2 79:2628  timeout (SH 29910ms): Timed out
0.sledgehammer goal.unfolding 39181ms HOL-Library.Complete_Partial_Order2 85:2858  timeout (SH 39181ms): Timed out
0.sledgehammer goal.proof     33181ms HOL-Library.Complete_Partial_Order2 86:2884  timeout (SH 33181ms): Timed out
0.sledgehammer goal.by        31913ms HOL-Library.Complete_Partial_Order2 93:3161  timeout (SH 31913ms): Timed out
0.sledgehammer goal.proof     35454ms HOL-Library.Complete_Partial_Order2 108:3611  timeout (SH 35454ms): Timed out
0.sledgehammer goal.proof     34013ms HOL-Library.Complete_Partial_Order2 122:4181  timeout (SH 34013ms): Timed out
0.sledgehammer goal.using     32888ms HOL-Library.Complete_Partial_Order2 128:4536  timeout (SH 32888ms): Timed out
0.sledgehammer goal.by        32826ms HOL-Library.Complete_Partial_Order2 128:4548  timeout (SH 32826ms): Timed out
0.sledgehammer goal.using     32961ms HOL-Library.Complete_Partial_Order2 130:4643  timeout (SH 32961ms): Timed out
0.sledgehammer goal.proof     33329ms HOL-Library.Complete_Partial_Order2 131:4658  timeout (SH 33329ms): Timed out
0.sledgehammer goal.using     38137ms HOL-Library.Complete_Partial_Order2 135:4835  timeout (SH 38137ms): Timed out
0.sledgehammer goal.proof     33370ms HOL-Library.Complete_Partial_Order2 136:4865  timeout (SH 33370ms): Timed out
0.sledgehammer goal.by        33836ms HOL-Library.Complete_Partial_Order2 143:5190  timeout (SH 33835ms): Timed out
0.sledgehammer goal.using     38421ms HOL-Library.Complete_Partial_Order2 151:5520  timeout (SH 38421ms): Timed out
0.sledgehammer goal.proof     32455ms HOL-Library.Complete_Partial_Order2 152:5535  timeout (SH 32455ms): Timed out
0.sledgehammer goal.proof     31905ms HOL-Library.Complete_Partial_Order2 169:6035  timeout (SH 31905ms): Timed out
0.sledgehammer goal.using     31069ms HOL-Library.Complete_Partial_Order2 176:6278  timeout (SH 31069ms): Timed out
0.sledgehammer goal.by        28308ms HOL-Library.Complete_Partial_Order2 176:6303  timeout (SH 28308ms): Timed out
0.sledgehammer goal.proof     43469ms HOL-Library.Complete_Partial_Order2 189:6694  timeout (SH 43469ms): Timed out
0.sledgehammer goal.by        32245ms HOL-Library.Complete_Partial_Order2 192:6752  timeout (SH 32245ms): Timed out
0.sledgehammer goal.using     32457ms HOL-Library.Complete_Partial_Order2 197:7027  timeout (SH 32457ms): Timed out
0.sledgehammer goal.proof     32821ms HOL-Library.Complete_Partial_Order2 198:7037  timeout (SH 32821ms): Timed out
0.sledgehammer goal.proof     32115ms HOL-Library.Complete_Partial_Order2 203:7188  timeout (SH 32115ms): Timed out
0.sledgehammer goal.using     34331ms HOL-Library.Complete_Partial_Order2 207:7344  timeout (SH 34331ms): Timed out
0.sledgehammer goal.by        32312ms HOL-Library.Complete_Partial_Order2 207:7368  timeout (SH 32312ms): Timed out
0.sledgehammer goal.using     34905ms HOL-Library.Complete_Partial_Order2 214:7625  timeout (SH 34905ms): Timed out
0.sledgehammer goal.by        33143ms HOL-Library.Complete_Partial_Order2 214:7633  timeout (SH 33143ms): Timed out
0.sledgehammer goal.using     32358ms HOL-Library.Complete_Partial_Order2 216:7761  timeout (SH 32358ms): Timed out
0.sledgehammer goal.proof     32382ms HOL-Library.Complete_Partial_Order2 217:7771  timeout (SH 32382ms): Timed out
0.sledgehammer goal.using     32485ms HOL-Library.Complete_Partial_Order2 220:7892  timeout (SH 32485ms): Timed out
0.sledgehammer goal.proof     33278ms HOL-Library.Complete_Partial_Order2 221:7909  timeout (SH 33277ms): Timed out
0.sledgehammer goal.by        35077ms HOL-Library.Complete_Partial_Order2 226:8074  timeout (SH 35077ms): Timed out
0.sledgehammer goal.proof     33884ms HOL-Library.Complete_Partial_Order2 232:8232  timeout (SH 33884ms): Timed out
0.sledgehammer goal.using     42901ms HOL-Library.Complete_Partial_Order2 236:8399  timeout (SH 42901ms): Timed out
0.sledgehammer goal.proof     34386ms HOL-Library.Complete_Partial_Order2 237:8428  timeout (SH 34386ms): Timed out
0.sledgehammer goal.using     34099ms HOL-Library.Complete_Partial_Order2 248:8766  timeout (SH 34099ms): Timed out
0.sledgehammer goal.proof     34234ms HOL-Library.Complete_Partial_Order2 249:8781  timeout (SH 34234ms): Timed out
0.sledgehammer goal.using     44402ms HOL-Library.Complete_Partial_Order2 253:8964  timeout (SH 44402ms): Timed out
0.sledgehammer goal.proof     35331ms HOL-Library.Complete_Partial_Order2 254:8981  timeout (SH 35331ms): Timed out
0.sledgehammer goal.by         2332ms HOL-Library.Complete_Partial_Order2 265:9332  some (SH 2332ms, ATP 433ms): Try this: by order (1 ms)
0.sledgehammer goal.proof     31872ms HOL-Library.Complete_Partial_Order2 274:9537  timeout (SH 31872ms): Timed out
0.sledgehammer goal.proof     32157ms HOL-Library.Complete_Partial_Order2 278:9647  timeout (SH 32157ms): Timed out
0.sledgehammer goal.using     28160ms HOL-Library.Complete_Partial_Order2 293:10257  timeout (SH 28160ms): Timed out
0.sledgehammer goal.by        32398ms HOL-Library.Complete_Partial_Order2 294:10267  timeout (SH 32398ms): Timed out
0.sledgehammer goal.proof     32222ms HOL-Library.Complete_Partial_Order2 301:10611  timeout (SH 32221ms): Timed out
0.sledgehammer goal.by        28359ms HOL-Library.Complete_Partial_Order2 303:10691  timeout (SH 28359ms): Timed out
0.sledgehammer goal.by        35426ms HOL-Library.Complete_Partial_Order2 306:10901  timeout (SH 35426ms): Timed out
0.sledgehammer goal.using     34534ms HOL-Library.Complete_Partial_Order2 310:11062  timeout (SH 34534ms): Timed out
0.sledgehammer goal.proof     33620ms HOL-Library.Complete_Partial_Order2 311:11076  timeout (SH 33620ms): Timed out
0.sledgehammer goal.using     33068ms HOL-Library.Complete_Partial_Order2 318:11340  timeout (SH 33068ms): Timed out
0.sledgehammer goal.by        32373ms HOL-Library.Complete_Partial_Order2 318:11375  timeout (SH 32372ms): Timed out
0.sledgehammer goal.using      2559ms HOL-Library.Complete_Partial_Order2 320:11415  some (SH 2559ms, ATP 563ms): Try this: using f(2) by order (1 ms)
0.sledgehammer goal.unfolding 39649ms HOL-Library.Complete_Partial_Order2 323:11478  timeout (SH 39649ms): Timed out
0.sledgehammer goal.using     32764ms HOL-Library.Complete_Partial_Order2 336:11779  timeout (SH 32764ms): Timed out
0.sledgehammer goal.unfolding 33332ms HOL-Library.Complete_Partial_Order2 336:11791  timeout (SH 33332ms): Timed out
0.sledgehammer goal.by        37179ms HOL-Library.Complete_Partial_Order2 440:14861  timeout (SH 37179ms): Timed out
0.sledgehammer goal.by        58691ms HOL-Library.Complete_Partial_Order2 447:15027  some (SH 58691ms, ATP 689ms): Try this: by (smt (verit, best) partial_function_definitions_axioms partial_function_definitions_def transpI) (1.2 s)
0.sledgehammer goal.by        32164ms HOL-Library.Complete_Partial_Order2 450:15133  timeout (SH 32164ms): Timed out
0.sledgehammer goal.by        24655ms HOL-Library.Complete_Partial_Order2 467:15638  timeout (SH 24655ms): Timed out
0.sledgehammer goal.using     35449ms HOL-Library.Complete_Partial_Order2 475:15923  timeout (SH 35449ms): Timed out
0.sledgehammer goal.by        33137ms HOL-Library.Complete_Partial_Order2 475:15935  timeout (SH 33136ms): Timed out
0.sledgehammer goal.by        56946ms HOL-Library.Complete_Partial_Order2 483:16262  some (SH 56946ms, ATP 437ms): Try this: by (smt (verit, ccfv_SIG) cont_def image_cong) (1.4 s)
0.sledgehammer goal.by        42790ms HOL-Library.Complete_Partial_Order2 506:17031  timeout (SH 42790ms): Timed out
0.sledgehammer goal.by        41690ms HOL-Library.Complete_Partial_Order2 513:17308  timeout (SH 41690ms): Timed out
0.sledgehammer goal.by        33698ms HOL-Library.Complete_Partial_Order2 518:17538  timeout (SH 33698ms): Timed out
0.sledgehammer goal.by        32594ms HOL-Library.Complete_Partial_Order2 522:17696  timeout (SH 32593ms): Timed out
0.sledgehammer goal.by        30213ms HOL-Library.Complete_Partial_Order2 526:17897  timeout (SH 30213ms): Timed out
0.sledgehammer goal.by        33279ms HOL-Library.Complete_Partial_Order2 531:18061  timeout (SH 33278ms): Timed out
0.sledgehammer goal.by        33349ms HOL-Library.Complete_Partial_Order2 535:18210  timeout (SH 33349ms): Timed out
0.sledgehammer goal.proof     33016ms HOL-Library.Complete_Partial_Order2 545:18603  timeout (SH 33016ms): Timed out
0.sledgehammer goal.by        35142ms HOL-Library.Complete_Partial_Order2 551:18887  timeout (SH 35142ms): Timed out
0.sledgehammer goal.unfolding 33887ms HOL-Library.Complete_Partial_Order2 560:19271  timeout (SH 33887ms): Timed out
0.sledgehammer goal.by        32563ms HOL-Library.Complete_Partial_Order2 560:19291  timeout (SH 32563ms): Timed out
0.sledgehammer goal.by        36218ms HOL-Library.Complete_Partial_Order2 565:19488  timeout (SH 36218ms): Timed out
0.sledgehammer goal.proof     34423ms HOL-Library.Complete_Partial_Order2 576:19823  timeout (SH 34423ms): Timed out
0.sledgehammer goal.by        171819ms HOL-Library.Complete_Partial_Order2 582:20033  timeout (SH 171819ms):
0.sledgehammer goal.by        29675ms HOL-Library.Complete_Partial_Order2 589:20268  timeout (SH 29675ms): Timed out
0.sledgehammer goal.using     34333ms HOL-Library.Complete_Partial_Order2 595:20510  timeout (SH 34333ms): Timed out
0.sledgehammer goal.by        34550ms HOL-Library.Complete_Partial_Order2 596:20518  timeout (SH 34550ms): Timed out
0.sledgehammer goal.unfolding 34559ms HOL-Library.Complete_Partial_Order2 603:20911  timeout (SH 34559ms): Timed out
0.sledgehammer goal.proof     34709ms HOL-Library.Complete_Partial_Order2 604:20931  timeout (SH 34708ms): Timed out
0.sledgehammer goal.by        41240ms HOL-Library.Complete_Partial_Order2 606:21024  some (SH 41240ms, ATP 501ms): Try this: by (smt (cvc5, trigger_max) fun_ord_def mono monotone_on_def) (283 ms)
0.sledgehammer goal.by        35151ms HOL-Library.Complete_Partial_Order2 609:21234  timeout (SH 35151ms): Timed out
0.sledgehammer goal.proof     37726ms HOL-Library.Complete_Partial_Order2 612:21370  timeout (SH 37726ms): Timed out
0.sledgehammer goal.using     35165ms HOL-Library.Complete_Partial_Order2 615:21433  timeout (SH 35165ms): Timed out
0.sledgehammer goal.proof     35892ms HOL-Library.Complete_Partial_Order2 616:21449  timeout (SH 35892ms): Timed out
0.sledgehammer goal.using     32251ms HOL-Library.Complete_Partial_Order2 623:21727  timeout (SH 32251ms): Timed out
0.sledgehammer goal.by        33748ms HOL-Library.Complete_Partial_Order2 623:21762  timeout (SH 33747ms): Timed out
0.sledgehammer goal.by        41508ms HOL-Library.Complete_Partial_Order2 628:21863  timeout (SH 41508ms): Timed out
0.sledgehammer goal.proof     32167ms HOL-Library.Complete_Partial_Order2 632:22035  timeout (SH 32167ms): Timed out
0.sledgehammer goal.using     34945ms HOL-Library.Complete_Partial_Order2 637:22259  timeout (SH 34945ms): Timed out
0.sledgehammer goal.unfolding 32106ms HOL-Library.Complete_Partial_Order2 640:22416  timeout (SH 32106ms): Timed out
0.sledgehammer goal.by        32890ms HOL-Library.Complete_Partial_Order2 641:22459  timeout (SH 32890ms): Timed out
0.sledgehammer goal.using     28508ms HOL-Library.Complete_Partial_Order2 657:22931  timeout (SH 28508ms): Timed out
0.sledgehammer goal.using     35217ms HOL-Library.Complete_Partial_Order2 662:23165  timeout (SH 35217ms): Timed out
0.sledgehammer goal.by        61022ms HOL-Library.Complete_Partial_Order2 689:24659  some (SH 61022ms, ATP 697ms): Try this: by (smt (verit, best) bot(1,2) local.dual_order.trans mono monotone_on_def) (987 ms)
0.sledgehammer goal.proof     32539ms HOL-Library.Complete_Partial_Order2 698:25138  timeout (SH 32539ms): Timed out
0.sledgehammer goal.by        32944ms HOL-Library.Complete_Partial_Order2 699:25197  timeout (SH 32943ms): Timed out
0.sledgehammer goal.by        54371ms HOL-Library.Complete_Partial_Order2 700:25240  some (SH 54371ms, ATP 3172ms): Try this: by (smt (verit) bot c.dual_order.eq_iff local.dual_order.trans mono monotone_on_def) (552 ms)
0.sledgehammer goal.proof     33576ms HOL-Library.Complete_Partial_Order2 705:25398  timeout (SH 33576ms): Timed out
0.sledgehammer goal.using     33347ms HOL-Library.Complete_Partial_Order2 709:25605  timeout (SH 33347ms): Timed out
0.sledgehammer goal.by        33749ms HOL-Library.Complete_Partial_Order2 710:25624  timeout (SH 33749ms): Timed out
0.sledgehammer goal.using     54014ms HOL-Library.Complete_Partial_Order2 720:26056  timeout (SH 54014ms): Timed out
0.sledgehammer goal.proof     32630ms HOL-Library.Complete_Partial_Order2 721:26072  timeout (SH 32630ms): Timed out
0.sledgehammer goal.proof     33185ms HOL-Library.Complete_Partial_Order2 725:26162  timeout (SH 33185ms): Timed out
0.sledgehammer goal.by         2144ms HOL-Library.Complete_Partial_Order2 732:26600  some (SH 2144ms, ATP 347ms): Try this: by argo (2 ms)
0.sledgehammer goal.proof     32909ms HOL-Library.Complete_Partial_Order2 735:26736  timeout (SH 32909ms): Timed out
0.sledgehammer goal.by        33643ms HOL-Library.Complete_Partial_Order2 737:26821  timeout (SH 33643ms): Timed out
0.sledgehammer goal.using     30932ms HOL-Library.Complete_Partial_Order2 742:26977  timeout (SH 30932ms): Timed out
0.sledgehammer goal.by        28581ms HOL-Library.Complete_Partial_Order2 742:26989  timeout (SH 28581ms): Timed out
0.sledgehammer goal.by        29278ms HOL-Library.Complete_Partial_Order2 748:27439  timeout (SH 29278ms): Timed out
0.sledgehammer goal.using     34899ms HOL-Library.Complete_Partial_Order2 749:27584  timeout (SH 34899ms): Timed out
0.sledgehammer goal.by        33983ms HOL-Library.Complete_Partial_Order2 749:27596  timeout (SH 33982ms): Timed out
0.sledgehammer goal.by        33921ms HOL-Library.Complete_Partial_Order2 760:27797  timeout (SH 33921ms): Timed out
0.sledgehammer goal.using     69497ms HOL-Library.Complete_Partial_Order2 788:29651  some (SH 69497ms, ATP 881ms): Try this: by (smt (z3) bot(1,2) leq_trans mono monotoneI) (279 ms)
0.sledgehammer goal.by        45309ms HOL-Library.Complete_Partial_Order2 788:29675  some (SH 45309ms, ATP 689ms): Try this: by (smt (z3) leq_trans monotoneI) (337 ms)
0.sledgehammer goal.unfolding 30830ms HOL-Library.Complete_Partial_Order2 798:30116  timeout (SH 30830ms): Timed out
0.sledgehammer goal.using     32454ms HOL-Library.Complete_Partial_Order2 798:30137  timeout (SH 32454ms): Timed out
0.sledgehammer goal.by        31979ms HOL-Library.Complete_Partial_Order2 798:30162  timeout (SH 31979ms): Timed out
0.sledgehammer goal.using     29266ms HOL-Library.Complete_Partial_Order2 808:30459  timeout (SH 29266ms): Timed out
0.sledgehammer goal.by        29078ms HOL-Library.Complete_Partial_Order2 808:30471  timeout (SH 29078ms): Timed out
0.sledgehammer goal.by        28459ms HOL-Library.Complete_Partial_Order2 819:30830  timeout (SH 28459ms): Timed out
0.sledgehammer goal.unfolding 28639ms HOL-Library.Complete_Partial_Order2 826:31066  timeout (SH 28638ms): Timed out
0.sledgehammer goal.by        30206ms HOL-Library.Complete_Partial_Order2 826:31090  timeout (SH 30206ms): Timed out
0.sledgehammer goal.by        32287ms HOL-Library.Complete_Partial_Order2 835:31439  timeout (SH 32287ms): Timed out
0.sledgehammer goal.by        28814ms HOL-Library.Complete_Partial_Order2 841:31641  timeout (SH 28814ms): Timed out
0.sledgehammer goal.by        44491ms HOL-Library.Complete_Partial_Order2 852:32112  some (SH 44491ms, ATP 1475ms): Try this: by (smt (cvc5, interleave) ccpo.admissible_def) (682 ms)
0.sledgehammer goal.proof     29030ms HOL-Library.Complete_Partial_Order2 860:32351  timeout (SH 29030ms): Timed out
0.sledgehammer goal.by        32857ms HOL-Library.Complete_Partial_Order2 865:32527  timeout (SH 32857ms): Timed out
0.sledgehammer goal.proof     32897ms HOL-Library.Complete_Partial_Order2 867:32600  timeout (SH 32897ms): Timed out
0.sledgehammer goal.by        34078ms HOL-Library.Complete_Partial_Order2 879:33143  timeout (SH 34078ms): Timed out
0.sledgehammer goal.using     33826ms HOL-Library.Complete_Partial_Order2 891:33484  timeout (SH 33825ms): Timed out
0.sledgehammer goal.by        34488ms HOL-Library.Complete_Partial_Order2 891:33496  timeout (SH 34488ms): Timed out
0.sledgehammer goal.by        33623ms HOL-Library.Complete_Partial_Order2 898:33663  timeout (SH 33623ms): Timed out
0.sledgehammer goal.by        29115ms HOL-Library.Complete_Partial_Order2 903:33809  timeout (SH 29115ms): Timed out
0.sledgehammer goal.using     34366ms HOL-Library.Complete_Partial_Order2 929:34594  timeout (SH 34366ms): Timed out
0.sledgehammer goal.proof     33668ms HOL-Library.Complete_Partial_Order2 930:34606  timeout (SH 33668ms): Timed out
0.sledgehammer goal.by        34180ms HOL-Library.Complete_Partial_Order2 931:34690  timeout (SH 34180ms): Timed out
0.sledgehammer goal.by        169042ms HOL-Library.Complete_Partial_Order2 933:34748  timeout (SH 169042ms):
0.sledgehammer goal.proof     32961ms HOL-Library.Complete_Partial_Order2 939:34892  timeout (SH 32961ms): Timed out
0.sledgehammer goal.using     35040ms HOL-Library.Complete_Partial_Order2 940:34960  timeout (SH 35040ms): Timed out
0.sledgehammer goal.by        34266ms HOL-Library.Complete_Partial_Order2 941:34976  timeout (SH 34266ms): Timed out
0.sledgehammer goal.by        37454ms HOL-Library.Complete_Partial_Order2 952:35424  some (SH 37454ms, ATP 3129ms): Try this: by (smt (cvc5, no_cbqi) admissible_compact_neq ccpo.admissible_def) (698 ms)
0.sledgehammer goal.proof     38448ms HOL-Library.Complete_Partial_Order2 968:35879  timeout (SH 38448ms): Timed out
0.sledgehammer goal.unfolding 32431ms HOL-Library.Complete_Partial_Order2 997:36867  timeout (SH 32431ms): Timed out
0.sledgehammer goal.apply     33300ms HOL-Library.Complete_Partial_Order2 998:36890  timeout (SH 33300ms): Timed out
0.sledgehammer goal.by        165008ms HOL-Library.Complete_Partial_Order2 1021:37611  timeout (SH 165008ms):
0.sledgehammer goal.by        30995ms HOL-Library.Complete_Partial_Order2 1025:37785  timeout (SH 30995ms): Timed out
0.sledgehammer goal.proof     29504ms HOL-Library.Complete_Partial_Order2 1030:37939  timeout (SH 29504ms): Timed out
0.sledgehammer goal.by        29728ms HOL-Library.Complete_Partial_Order2 1031:37986  timeout (SH 29727ms): Timed out
0.sledgehammer goal.proof     36513ms HOL-Library.Complete_Partial_Order2 1039:38161  timeout (SH 36513ms): Timed out
0.sledgehammer goal.by        69622ms HOL-Library.Complete_Partial_Order2 1042:38286  some (SH 69622ms, ATP 5175ms): Try this: by (smt (cvc5) Diff_Diff_Int Diff_cancel Diff_empty Int_absorb chain_equality disjoint_iff_not_equal insert_Diff insert_inter_insert mk_disjoint_insert)
0.sledgehammer goal.by        28480ms HOL-Library.Complete_Partial_Order2 1050:38547  timeout (SH 28480ms): Timed out
0.sledgehammer goal.proof     35619ms HOL-Library.Complete_Partial_Order2 1068:39277  timeout (SH 35619ms): Timed out
0.sledgehammer goal.by        33522ms HOL-Library.Complete_Partial_Order2 1069:39329  timeout (SH 33522ms): Timed out
0.sledgehammer goal.by        32955ms HOL-Library.Complete_Partial_Order2 1070:39381  timeout (SH 32955ms): Timed out
0.sledgehammer goal.by        29331ms HOL-Library.Complete_Partial_Order2 1071:39404  timeout (SH 29330ms): Timed out
0.sledgehammer goal.proof     36767ms HOL-Library.Complete_Partial_Order2 1079:39714  timeout (SH 36767ms): Timed out
0.sledgehammer goal.by        29208ms HOL-Library.Complete_Partial_Order2 1080:39811  timeout (SH 29208ms): Timed out
0.sledgehammer goal.by        28861ms HOL-Library.Complete_Partial_Order2 1081:39863  timeout (SH 28861ms): Timed out
0.sledgehammer goal.by        29616ms HOL-Library.Complete_Partial_Order2 1082:39909  timeout (SH 29616ms): Timed out
0.sledgehammer goal.proof     34388ms HOL-Library.Complete_Partial_Order2 1096:40408  timeout (SH 34388ms): Timed out
0.sledgehammer goal.by        30083ms HOL-Library.Complete_Partial_Order2 1097:40460  timeout (SH 30083ms): Timed out
0.sledgehammer goal.by        29705ms HOL-Library.Complete_Partial_Order2 1098:40515  timeout (SH 29704ms): Timed out
0.sledgehammer goal.by        32049ms HOL-Library.Complete_Partial_Order2 1099:40570  timeout (SH 32049ms): Timed out
0.sledgehammer goal.using     30309ms HOL-Library.Complete_Partial_Order2 1100:40596  timeout (SH 30309ms): Timed out
0.sledgehammer goal.by        29287ms HOL-Library.Complete_Partial_Order2 1101:40618  timeout (SH 29287ms): Timed out
0.sledgehammer goal.proof     33424ms HOL-Library.Complete_Partial_Order2 1108:40861  timeout (SH 33424ms): Timed out
0.sledgehammer goal.by        30076ms HOL-Library.Complete_Partial_Order2 1109:40910  timeout (SH 30076ms): Timed out
0.sledgehammer goal.proof     32855ms HOL-Library.Complete_Partial_Order2 1117:41167  timeout (SH 32855ms): Timed out
0.sledgehammer goal.by        29529ms HOL-Library.Complete_Partial_Order2 1118:41216  timeout (SH 29529ms): Timed out
0.sledgehammer goal.using     155535ms HOL-Library.Complete_Partial_Order2 1119:41249  timeout (SH 155535ms):
0.sledgehammer goal.by        34856ms HOL-Library.Complete_Partial_Order2 1127:41563  timeout (SH 34856ms): Timed out
0.sledgehammer goal.using     35068ms HOL-Library.Complete_Partial_Order2 1133:41794  timeout (SH 35068ms): Timed out
0.sledgehammer goal.using     31013ms HOL-Library.Complete_Partial_Order2 1139:42026  timeout (SH 31013ms): Timed out
0.sledgehammer goal.using     34179ms HOL-Library.Complete_Partial_Order2 1152:42419  timeout (SH 34179ms): Timed out
0.sledgehammer goal.by        35434ms HOL-Library.Complete_Partial_Order2 1152:42431  timeout (SH 35434ms): Timed out
0.sledgehammer goal.by        35266ms HOL-Library.Complete_Partial_Order2 1157:42681  timeout (SH 35266ms): Timed out
0.sledgehammer goal.proof     36229ms HOL-Library.Complete_Partial_Order2 1200:44234  timeout (SH 36229ms): Timed out
0.sledgehammer goal.by        32212ms HOL-Library.Complete_Partial_Order2 1201:44293  timeout (SH 32212ms): Timed out
0.sledgehammer goal.by        35677ms HOL-Library.Complete_Partial_Order2 1209:44627  timeout (SH 35677ms): Timed out
0.sledgehammer goal.using     35106ms HOL-Library.Complete_Partial_Order2 1210:44697  timeout (SH 35106ms): Timed out
0.sledgehammer goal.by        35992ms HOL-Library.Complete_Partial_Order2 1211:44712  timeout (SH 35992ms): Timed out
0.sledgehammer goal.proof     36291ms HOL-Library.Complete_Partial_Order2 1219:44994  timeout (SH 36291ms): Timed out
0.sledgehammer goal.by        31376ms HOL-Library.Complete_Partial_Order2 1220:45053  timeout (SH 31376ms): Timed out
0.sledgehammer goal.using     37025ms HOL-Library.Complete_Partial_Order2 1226:45205  timeout (SH 37025ms): Timed out
0.sledgehammer goal.by        34206ms HOL-Library.Complete_Partial_Order2 1226:45216  timeout (SH 34206ms): Timed out
0.sledgehammer goal.by        36338ms HOL-Library.Complete_Partial_Order2 1230:45497  timeout (SH 36337ms): Timed out
0.sledgehammer goal.using     37201ms HOL-Library.Complete_Partial_Order2 1239:45770  timeout (SH 37201ms): Timed out
0.sledgehammer goal.using     36610ms HOL-Library.Complete_Partial_Order2 1246:46031  timeout (SH 36609ms): Timed out
0.sledgehammer goal.proof     32474ms HOL-Library.Complete_Partial_Order2 1257:46428  timeout (SH 32474ms): Timed out
0.sledgehammer goal.by        33057ms HOL-Library.Complete_Partial_Order2 1258:46490  timeout (SH 33057ms): Timed out
0.sledgehammer goal.by        32480ms HOL-Library.Complete_Partial_Order2 1259:46543  timeout (SH 32480ms): Timed out
0.sledgehammer goal.by        36684ms HOL-Library.Complete_Partial_Order2 1267:46858  timeout (SH 36683ms): Timed out
0.sledgehammer goal.by        36806ms HOL-Library.Complete_Partial_Order2 1269:47009  timeout (SH 36806ms): Timed out
0.sledgehammer goal.unfolding 33324ms HOL-Library.Complete_Partial_Order2 1272:47211  timeout (SH 33324ms): Timed out
0.sledgehammer goal.using     34899ms HOL-Library.Complete_Partial_Order2 1272:47234  timeout (SH 34899ms): Timed out
0.sledgehammer goal.proof     34471ms HOL-Library.Complete_Partial_Order2 1273:47248  timeout (SH 34471ms): Timed out
0.sledgehammer goal.by        153297ms HOL-Library.Complete_Partial_Order2 1275:47356  timeout (SH 153297ms):
0.sledgehammer goal.by        31717ms HOL-Library.Complete_Partial_Order2 1287:47894  timeout (SH 31717ms): Timed out
0.sledgehammer goal.by        33972ms HOL-Library.Complete_Partial_Order2 1295:48302  timeout (SH 33972ms): Timed out
0.sledgehammer goal.by        34324ms HOL-Library.Complete_Partial_Order2 1306:48642  timeout (SH 34324ms): Timed out
0.sledgehammer goal.by        33492ms HOL-Library.Complete_Partial_Order2 1316:49073  timeout (SH 33491ms): Timed out
0.sledgehammer goal.by        32337ms HOL-Library.Complete_Partial_Order2 1324:49540  timeout (SH 32337ms): Timed out
0.sledgehammer goal.unfolding 32962ms HOL-Library.Complete_Partial_Order2 1331:49939  timeout (SH 32962ms): Timed out
0.sledgehammer goal.by        31634ms HOL-Library.Complete_Partial_Order2 1331:49959  timeout (SH 31633ms): Timed out
0.sledgehammer goal.by        27732ms HOL-Library.Complete_Partial_Order2 1345:50353  timeout (SH 27732ms): Timed out
0.sledgehammer goal.by        28121ms HOL-Library.Complete_Partial_Order2 1348:50474  timeout (SH 28120ms): Timed out
0.sledgehammer goal.by        115781ms HOL-Library.Complete_Partial_Order2 1352:50646  some (SH 115781ms, ATP 1238ms): Try this: by (smt (cvc5, term_db_relevant) local.Sup_le_iff local.dual_order.antisym local.order.partial_preordering_axioms partial_function_definitions_def partial_preordering_def) (1.1 s)
0.sledgehammer goal.by        33127ms HOL-Library.Complete_Partial_Order2 1356:50800  timeout (SH 33127ms): Timed out
0.sledgehammer goal.by        155176ms HOL-Library.Complete_Partial_Order2 1366:51187  timeout (SH 155176ms):
0.sledgehammer goal.by        33437ms HOL-Library.Complete_Partial_Order2 1369:51342  timeout (SH 33437ms): Timed out
0.sledgehammer goal.proof     32526ms HOL-Library.Complete_Partial_Order2 1380:51725  timeout (SH 32526ms): Timed out
0.sledgehammer goal.unfolding 28333ms HOL-Library.Complete_Partial_Order2 1389:52030  timeout (SH 28333ms): Timed out
0.sledgehammer goal.proof     32367ms HOL-Library.Complete_Partial_Order2 1390:52064  timeout (SH 32367ms): Timed out
0.sledgehammer goal.by        84938ms HOL-Library.Complete_Partial_Order2 1405:52633  some (SH 84938ms, ATP 644ms): Try this: by (smt (z3) Inf.INF_cong Sup_image_sup cont_def local.sup.assoc local.sup.cobounded2 local.sup.commute local.sup.order_iff mcont_def monotone_on_def) (674 ms)
0.sledgehammer goal.by        69348ms HOL-Library.Complete_Partial_Order2 1411:52837  some (SH 69348ms, ATP 1919ms): Try this: by (smt (z3) Inf.INF_cong cont_def local.SUP_sup_distrib local.sup.mono mcont_def monotone_on_def) (751 ms)
0.sledgehammer goal.by        173609ms HOL-Library.Complete_Partial_Order2 1423:53255  timeout (SH 173609ms):
0.sledgehammer goal.by        28455ms HOL-Library.Complete_Partial_Order2 1429:53488  timeout (SH 28455ms): Timed out
0.sledgehammer goal.by        33925ms HOL-Library.Complete_Partial_Order2 1455:54649  timeout (SH 33925ms): Timed out
0.sledgehammer goal.proof     33101ms HOL-Library.Complete_Partial_Order2 1477:55390  timeout (SH 33101ms): Timed out
0.sledgehammer goal.by        33615ms HOL-Library.Complete_Partial_Order2 1480:55499  timeout (SH 33615ms): Timed out
0.sledgehammer goal.unfolding 47534ms HOL-Library.Complete_Partial_Order2 1486:55706  some (SH 47534ms, ATP 326ms): Try this: by (smt (cvc5, quant_saturate) Inf.INF_cong cont_Sup cont_def local.Sup_subset_mono mcont_def monotoneD monotoneI) (739 ms)
0.sledgehammer goal.by        33822ms HOL-Library.Complete_Partial_Order2 1490:55888  timeout (SH 33822ms): Timed out
0.sledgehammer goal.proof     33876ms HOL-Library.Complete_Partial_Order2 1500:56332  timeout (SH 33876ms): Timed out
0.sledgehammer goal.proof     33555ms HOL-Library.Complete_Partial_Order2 1505:56514  timeout (SH 33554ms): Timed out
0.sledgehammer goal.proof     33027ms HOL-Library.Complete_Partial_Order2 1507:56567  timeout (SH 33027ms): Timed out
0.sledgehammer goal.unfolding 33959ms HOL-Library.Complete_Partial_Order2 1513:56816  timeout (SH 33959ms): Timed out
0.sledgehammer goal.proof     33332ms HOL-Library.Complete_Partial_Order2 1514:56834  timeout (SH 33332ms): Timed out
0.sledgehammer goal.proof     33902ms HOL-Library.Complete_Partial_Order2 1520:57077  timeout (SH 33902ms): Timed out
0.sledgehammer goal.proof     33328ms HOL-Library.Complete_Partial_Order2 1541:57792  timeout (SH 33328ms): Timed out
0.sledgehammer goal.unfolding 33840ms HOL-Library.Complete_Partial_Order2 1545:57958  timeout (SH 33840ms): Timed out
0.sledgehammer goal.proof     32820ms HOL-Library.Complete_Partial_Order2 1546:57976  timeout (SH 32820ms): Timed out
0.sledgehammer goal.by        33293ms HOL-Library.Complete_Partial_Order2 1553:58259  timeout (SH 33292ms): Timed out
0.sledgehammer goal.by        34100ms HOL-Library.Complete_Partial_Order2 1565:58642  timeout (SH 34100ms): Timed out
0.sledgehammer goal.unfolding 33492ms HOL-Library.Complete_Partial_Order2 1574:58914  timeout (SH 33491ms): Timed out
0.sledgehammer goal.by        33753ms HOL-Library.Complete_Partial_Order2 1574:58933  timeout (SH 33753ms): Timed out
0.sledgehammer goal.by        29170ms HOL-Library.Complete_Partial_Order2 1591:59439  timeout (SH 29170ms): Timed out
0.sledgehammer goal.by        28719ms HOL-Library.Complete_Partial_Order2 1592:59498  timeout (SH 28718ms): Timed out
0.sledgehammer goal.proof     29553ms HOL-Library.Complete_Partial_Order2 1597:59656  timeout (SH 29553ms): Timed out
0.sledgehammer goal.by        29693ms HOL-Library.Complete_Partial_Order2 1599:59747  timeout (SH 29693ms): Timed out
0.sledgehammer goal.by        29559ms HOL-Library.Complete_Partial_Order2 1602:59923  timeout (SH 29559ms): Timed out
0.sledgehammer goal.by        30873ms HOL-Library.Complete_Partial_Order2 1607:60218  timeout (SH 30873ms): Timed out
0.sledgehammer goal.by        28549ms HOL-Library.Complete_Partial_Order2 1612:60466  timeout (SH 28549ms): Timed out
0.sledgehammer goal.by        29463ms HOL-Library.Complete_Partial_Order2 1617:60642  timeout (SH 29463ms): Timed out
0.sledgehammer goal.proof     34123ms HOL-Library.Complete_Partial_Order2 1626:61003  timeout (SH 34123ms): Timed out
0.sledgehammer goal.by        29951ms HOL-Library.Complete_Partial_Order2 1630:61164  timeout (SH 29951ms): Timed out
0.sledgehammer goal.by        30361ms HOL-Library.Complete_Partial_Order2 1632:61274  timeout (SH 30361ms): Timed out
0.sledgehammer goal.proof     30068ms HOL-Library.Complete_Partial_Order2 1635:61501  timeout (SH 30068ms): Timed out
0.sledgehammer goal.by        29483ms HOL-Library.Complete_Partial_Order2 1637:61603  timeout (SH 29483ms): Timed out
0.sledgehammer goal.by        30060ms HOL-Library.Complete_Partial_Order2 1642:62045  timeout (SH 30060ms): Timed out
0.sledgehammer goal.by        169496ms HOL-Library.Complete_Partial_Order2 1648:62287  some (SH 169496ms, ATP 996ms): Try this: by (smt (z3) ab.fixp_unfold f fst_map_prod g monotoneD monotone_map_prod) (203 ms)
0.sledgehammer goal.by        31221ms HOL-Library.Complete_Partial_Order2 1652:62484  timeout (SH 31221ms): Timed out
0.sledgehammer goal.by        170164ms HOL-Library.Complete_Partial_Order2 1658:62726  some (SH 170164ms, ATP 728ms): Try this: by (smt (z3) ab.fixp_unfold f g monotoneD monotone_map_prod snd_map_prod) (165 ms)
0.sledgehammer goal.unfolding 34664ms HOL-Library.Complete_Partial_Order2 1682:63778  timeout (SH 34664ms): Timed out
0.sledgehammer goal.proof     33081ms HOL-Library.Complete_Partial_Order2 1683:63813  timeout (SH 33081ms): Timed out
0.sledgehammer goal.by        33770ms HOL-Library.Complete_Partial_Order2 1688:64176  timeout (SH 33770ms): Timed out
0.sledgehammer goal.by        123362ms HOL-Library.Complete_Partial_Order2 1713:65088  some (SH 123361ms, ATP 2795ms): Try this: by (smt (z3) Inf.INF_cong cont_def fst_conv image_image mcontI mcont_contD mcont_monoD monotone_fst monotone_on_def prod_lub_def) (1.0 s)
0.sledgehammer goal.by        117042ms HOL-Library.Complete_Partial_Order2 1724:65562  some (SH 117042ms, ATP 434ms): Try this: by (smt (cvc5) Inf.INF_cong contD cont_def image_image mcont_cont mcont_def mcont_monoD monotone_on_def prod_lub_def rel_prod_sel snd_conv)
0.sledgehammer goal.by        76775ms HOL-Library.Complete_Partial_Order2 1734:66001  some (SH 76775ms, ATP 852ms): Try this: by (smt (verit, ccfv_SIG) Inf.INF_cong Inf.INF_cong cont_def image_image image_image prod_lub_def split_pairs2) (768 ms)
0.sledgehammer goal.by        91300ms HOL-Library.Complete_Partial_Order2 1739:66229  some (SH 91300ms, ATP 4270ms): Try this: by (smt (cvc5) Inf.INF_cong cont_Pair cont_def mcont_def mcont_def mcont_def monotone_on_def monotone_on_def monotone_on_def rel_prod_inject)
0.sledgehammer goal.unfolding 95923ms HOL-Library.Complete_Partial_Order2 1750:66725  some (SH 95922ms, ATP 792ms): Try this: by (smt (verit, del_insts) flat_ord_def monotoneD monotoneI option.map_disc_iff) (446 ms)
0.sledgehammer goal.using     33910ms HOL-Library.Complete_Partial_Order2 1753:66865  timeout (SH 33909ms): Timed out
0.sledgehammer goal.proof     32570ms HOL-Library.Complete_Partial_Order2 1754:66902  timeout (SH 32570ms): Timed out
0.sledgehammer goal.proof     33000ms HOL-Library.Complete_Partial_Order2 1763:67267  timeout (SH 33000ms): Timed out
0.sledgehammer goal.by        32607ms HOL-Library.Complete_Partial_Order2 1764:67323  timeout (SH 32607ms): Timed out
0.sledgehammer goal.by        32735ms HOL-Library.Complete_Partial_Order2 1766:67379  timeout (SH 32735ms): Timed out
0.sledgehammer goal.using     34895ms HOL-Library.Confluence 18:531  timeout (SH 34895ms): Timed out
0.sledgehammer goal.unfolding 191670ms HOL-Library.Confluence 18:542  some (SH 191670ms, ATP 446ms): Try this: by (smt (cvc5, mbqi) conversep_iff predicate2I relcomppE relcomppI rtranclp_converseI semiconfluentp_def) (305 ms)
0.sledgehammer goal.using     32835ms HOL-Library.Confluence 21:695  timeout (SH 32835ms): Timed out
0.sledgehammer goal.unfolding 32456ms HOL-Library.Confluence 21:706  timeout (SH 32455ms): Timed out
0.sledgehammer goal.by        33146ms HOL-Library.Confluence 21:754  timeout (SH 33146ms): Timed out
0.sledgehammer goal.using     159373ms HOL-Library.Confluence 25:868  timeout (SH 159373ms):
0.sledgehammer goal.unfolding 138967ms HOL-Library.Confluence 25:879  some (SH 138967ms, ATP 630ms): Try this: by (smt (verit, best) OO_def confluentp_def predicate2I rtranclp_converseD rtranclp_converseI) (259 ms)
0.sledgehammer goal.by        117403ms HOL-Library.Confluence 25:923  some (SH 117403ms, ATP 247ms): Try this: by (smt (cvc5, best) OO_def conversep_iff predicate2I) (450 ms)
0.sledgehammer goal.using     52814ms HOL-Library.Confluence 32:1208  some (SH 52814ms, ATP 799ms): Try this: by (smt (z3) OO_def conversep_iff predicate2I strong_confluentp_def sup_apply that) (478 ms)
0.sledgehammer goal.unfolding 290092ms HOL-Library.Confluence 32:1219  some (SH 290092ms, ATP 272ms): Try this: by (smt (z3) OO_def conversep_iff predicate2I strong_confluentp_def sup_apply) (427 ms)
0.sledgehammer goal.by        153543ms HOL-Library.Confluence 32:1251  timeout (SH 153543ms):
0.sledgehammer goal.using     55194ms HOL-Library.Confluence 35:1358  some (SH 55194ms, ATP 4519ms): Try this: by (smt (cvc5, trigger_max) OO_def converse_join conversep.intros conversep_eq conversep_iff predicate2D relcomppI strong_confluentp_def that(1,2,3)) (286 ms)
0.sledgehammer goal.unfolding 51908ms HOL-Library.Confluence 35:1369  some (SH 51908ms, ATP 469ms): Try this: by (smt (cvc5, trigger_max) OO_def converse_join conversep.intros conversep_eq conversep_iff predicate2D relcomppI strong_confluentp_def) (234 ms)
0.sledgehammer goal.by        33032ms HOL-Library.Confluence 35:1401  timeout (SH 33032ms): Timed out
0.sledgehammer goal.proof     32895ms HOL-Library.Confluence 38:1488  timeout (SH 32895ms): Timed out
0.sledgehammer goal.using     33162ms HOL-Library.Confluence 40:1588  timeout (SH 33161ms): Timed out
0.sledgehammer goal.by        32703ms HOL-Library.Confluence 41:1608  timeout (SH 32703ms): Timed out
0.sledgehammer goal.by        156022ms HOL-Library.Confluence 46:1826  timeout (SH 156022ms):
0.sledgehammer goal.proof     33064ms HOL-Library.Confluence 57:2304  timeout (SH 33064ms): Timed out
0.sledgehammer goal.using     33207ms HOL-Library.Confluence 59:2382  timeout (SH 33207ms): Timed out
0.sledgehammer goal.apply     32647ms HOL-Library.Confluence 60:2402  timeout (SH 32647ms): Timed out
0.sledgehammer goal.proof     33548ms HOL-Library.Confluence 71:2875  timeout (SH 33548ms): Timed out
0.sledgehammer goal.using     33753ms HOL-Library.Confluence 72:3006  timeout (SH 33753ms): Timed out
0.sledgehammer goal.unfolding 34141ms HOL-Library.Confluence 72:3017  timeout (SH 34141ms): Timed out
0.sledgehammer goal.by        35232ms HOL-Library.Confluence 73:3063  timeout (SH 35232ms): Timed out
0.sledgehammer goal.proof      3048ms HOL-Library.Countable 22:562  none (SH 3048ms): Prover error:
0.sledgehammer goal.by        34342ms HOL-Library.Countable 37:902  timeout (SH 34342ms): Timed out
0.sledgehammer goal.proof     34075ms HOL-Library.Countable 56:1415  timeout (SH 34075ms): Timed out
0.sledgehammer goal.unfolding 33481ms HOL-Library.Countable 97:2767  timeout (SH 33481ms): Timed out
0.sledgehammer goal.by        32767ms HOL-Library.Countable 103:2915  timeout (SH 32767ms): Timed out
0.sledgehammer goal.proof     32969ms HOL-Library.Countable 109:3152  timeout (SH 32969ms): Timed out
0.sledgehammer goal.proof      2330ms HOL-Library.Countable 144:4351  none (SH 2330ms): Prover error:
0.sledgehammer goal.by         1898ms HOL-Library.Countable 226:6928  none (SH 1898ms): Prover error:
0.sledgehammer goal.by         1869ms HOL-Library.Countable 231:7037  none (SH 1869ms): Prover error:
0.sledgehammer goal.by         1864ms HOL-Library.Countable 237:7214  none (SH 1864ms): Prover error:
0.sledgehammer goal.by         1968ms HOL-Library.Countable 244:7446  none (SH 1968ms): Prover error:
0.sledgehammer goal.by         1927ms HOL-Library.Countable 249:7575  none (SH 1927ms): Prover error:
0.sledgehammer goal.by         1837ms HOL-Library.Countable 254:7653  none (SH 1837ms): Prover error:
0.sledgehammer goal.by         1775ms HOL-Library.Countable 259:7739  none (SH 1775ms): Prover error:
0.sledgehammer goal.proof      1862ms HOL-Library.Countable 264:7898  none (SH 1862ms): Prover error:
0.sledgehammer goal.proof     30668ms HOL-Library.Countable 268:8045  timeout (SH 30668ms): Timed out
0.sledgehammer goal.by        29065ms HOL-Library.Countable 270:8096  timeout (SH 29065ms): Timed out
0.sledgehammer goal.by         1891ms HOL-Library.Countable 277:8196  none (SH 1891ms): Prover error:
0.sledgehammer goal.unfolding 29490ms HOL-Library.Countable 286:8463  timeout (SH 29490ms): Timed out
0.sledgehammer goal.proof     28197ms HOL-Library.Countable 287:8482  timeout (SH 28197ms): Timed out
0.sledgehammer goal.proof     28296ms HOL-Library.Countable 290:8538  timeout (SH 28296ms): Timed out
0.sledgehammer goal.by        33039ms HOL-Library.Countable 299:8892  timeout (SH 33039ms): Timed out
0.sledgehammer goal.proof      2290ms HOL-Library.Countable 316:9351  none (SH 2290ms): Prover error:
0.sledgehammer goal.by        35288ms HOL-Library.Countable_Complete_Lattices 12:257  timeout (SH 35288ms): Timed out
0.sledgehammer goal.proof     29426ms HOL-Library.Countable_Complete_Lattices 24:758  timeout (SH 29426ms): Timed out
0.sledgehammer goal.by        32745ms HOL-Library.Countable_Complete_Lattices 67:2379  timeout (SH 32745ms): Timed out
0.sledgehammer goal.by        33035ms HOL-Library.Countable_Complete_Lattices 73:2670  timeout (SH 33035ms): Timed out
0.sledgehammer goal.by         4972ms HOL-Library.Countable_Complete_Lattices 98:3632  some (SH 4972ms, ATP 335ms): Try this: by order (0.4 ms)
0.sledgehammer goal.by         5094ms HOL-Library.Countable_Complete_Lattices 113:4143  some (SH 5094ms, ATP 333ms): Try this: by order (0.4 ms)
0.sledgehammer goal.by        33471ms HOL-Library.Countable_Complete_Lattices 136:5037  timeout (SH 33471ms): Timed out
0.sledgehammer goal.by        33933ms HOL-Library.Countable_Complete_Lattices 143:5418  timeout (SH 33933ms): Timed out
0.sledgehammer goal.by        33700ms HOL-Library.Countable_Complete_Lattices 150:5806  timeout (SH 33700ms): Timed out
0.sledgehammer goal.by        33289ms HOL-Library.Countable_Complete_Lattices 153:6013  timeout (SH 33289ms): Timed out
0.sledgehammer goal.unfolding 35412ms HOL-Library.Countable_Complete_Lattices 156:6178  timeout (SH 35412ms): Timed out
0.sledgehammer goal.by        29534ms HOL-Library.Countable_Complete_Lattices 156:6208  timeout (SH 29534ms): Timed out
0.sledgehammer goal.unfolding 33885ms HOL-Library.Countable_Complete_Lattices 159:6275  timeout (SH 33885ms): Timed out
0.sledgehammer goal.by        29745ms HOL-Library.Countable_Complete_Lattices 159:6305  timeout (SH 29745ms): Timed out
0.sledgehammer goal.by        33258ms HOL-Library.Countable_Complete_Lattices 168:6579  timeout (SH 33258ms): Timed out
0.sledgehammer goal.by        33194ms HOL-Library.Countable_Complete_Lattices 171:6760  timeout (SH 33194ms): Timed out
0.sledgehammer goal.proof     23128ms HOL-Library.Countable_Complete_Lattices 207:7928  timeout (SH 23128ms): Timed out
0.sledgehammer goal.by        158452ms HOL-Library.Countable_Complete_Lattices 225:8418  timeout (SH 158452ms):
0.sledgehammer goal.by        154244ms HOL-Library.Countable_Complete_Lattices 229:8539  timeout (SH 154244ms):
0.sledgehammer goal.by        33857ms HOL-Library.Countable_Complete_Lattices 233:8709  timeout (SH 33857ms): Timed out
0.sledgehammer goal.by        33185ms HOL-Library.Countable_Complete_Lattices 237:8903  timeout (SH 33185ms): Timed out
0.sledgehammer goal.by         2314ms HOL-Library.Countable_Complete_Lattices 268:9886  none (SH 2314ms): Prover error:
0.sledgehammer goal.by        28097ms HOL-Library.Countable_Complete_Lattices 272:10047  timeout (SH 28097ms): Timed out
0.sledgehammer goal.by        28209ms HOL-Library.Countable_Complete_Lattices 275:10193  timeout (SH 28209ms): Timed out
0.sledgehammer goal.by        158714ms HOL-Library.Countable_Set_Type 54:1651  timeout (SH 158714ms):
0.sledgehammer goal.unfolding 108410ms HOL-Library.Countable_Set_Type 91:2777  some (SH 108409ms, ATP 528ms): Try this: by (smt (verit, del_insts) assms bi_uniqueDl bi_uniqueDr cset.bi_unique dual_order.strict_iff_order less_cset_def less_eq_cset.transfer rel_funD rel_funI) (530 ms)
0.sledgehammer goal.by        92044ms HOL-Library.Countable_Set_Type 91:2830  some (SH 92044ms, ATP 321ms): Try this: by (smt (z3) assms bi_uniqueDl bi_uniqueDr cset.bi_unique less_eq_cset.transfer rel_funD rel_funI) (701 ms)
0.sledgehammer goal.by         2336ms HOL-Library.Countable_Set_Type 102:3166  none (SH 2336ms): Prover error:
0.sledgehammer goal.by        33432ms HOL-Library.Countable_Set_Type 392:19747  timeout (SH 33432ms): Timed out
0.sledgehammer goal.by        32816ms HOL-Library.Countable_Set_Type 444:21389  timeout (SH 32816ms): Timed out
0.sledgehammer goal.unfolding 126123ms HOL-Library.Countable_Set_Type 449:21563  some (SH 126123ms, ATP 759ms): Try this: by (smt (cvc5, prereg_lazy) cUN_E cUN_I rel_cset_iff rel_funD) (955 ms)
0.sledgehammer goal.by        169263ms HOL-Library.Countable_Set_Type 449:21585  some (SH 169262ms, ATP 1005ms): Try this: by (smt (verit, del_insts) cUN_E cUN_I rel_cset_iff) (904 ms)
0.sledgehammer goal.unfolding 74699ms HOL-Library.Countable_Set_Type 465:22077  some (SH 74699ms, ATP 2093ms): Try this: by (smt (verit, ccfv_SIG) cinsert.rep_eq insert_iff rel_cset_alt_def rel_funI) (1.7 s)
0.sledgehammer goal.unfolding 52486ms HOL-Library.Countable_Set_Type 469:22219  some (SH 52486ms, ATP 1117ms): Try this: by (smt (cvc5, term_relev) cUn_iff rel_cset_iff rel_funI) (638 ms)
0.sledgehammer goal.unfolding 33804ms HOL-Library.Countable_Set_Type 473:22365  timeout (SH 33804ms): Timed out
0.sledgehammer goal.by        33533ms HOL-Library.Countable_Set_Type 474:22389  timeout (SH 33533ms): Timed out
0.sledgehammer goal.unfolding 104759ms HOL-Library.Countable_Set_Type 478:22541  some (SH 104759ms, ATP 753ms): Try this: by (smt (verit, best) cimageE cimage_eqI rel_cset_iff rel_fun_def) (3.0 s)
0.sledgehammer goal.unfolding 96767ms HOL-Library.Countable_Set_Type 482:22684  some (SH 96767ms, ATP 1930ms): Try this: by (smt (verit, del_insts) cBall.rep_eq rel_cset_alt_def rel_fun_def) (2.0 s)
0.sledgehammer goal.unfolding 85774ms HOL-Library.Countable_Set_Type 486:22824  some (SH 85774ms, ATP 2110ms): Try this: by (smt (verit, ccfv_threshold) cBex.rep_eq rel_cset_alt_def rel_fun_def) (1.9 s)
0.sledgehammer goal.unfolding 73132ms HOL-Library.Countable_Set_Type 490:22999  some (SH 73132ms, ATP 1395ms): Try this: by (smt (cvc5) rel_cset_iff rel_cset_iff rel_cset_iff rel_cset_iff rel_fun_def rel_fun_def rel_fun_def rel_fun_def rel_fun_def)
0.sledgehammer goal.using     64403ms HOL-Library.Countable_Set_Type 491:23023  some (SH 64403ms, ATP 911ms): Try this: by (smt (cvc5) rel_cset_iff rel_cset_iff rel_cset_iff rel_cset_iff)
0.sledgehammer goal.unfolding 98538ms HOL-Library.Countable_Set_Type 498:23299  some (SH 98538ms, ATP 288ms): Try this: by (smt (verit, del_insts) bi_uniqueDl bi_uniqueDr rel_cset_iff rel_funI) (1.2 s)
0.sledgehammer goal.using     172069ms HOL-Library.Countable_Set_Type 503:23492  timeout (SH 172069ms):
0.sledgehammer goal.unfolding 34011ms HOL-Library.Countable_Set_Type 508:23695  timeout (SH 34011ms): Timed out
0.sledgehammer goal.using     33185ms HOL-Library.Countable_Set_Type 509:23717  timeout (SH 33184ms): Timed out
0.sledgehammer goal.unfolding 104206ms HOL-Library.Countable_Set_Type 513:23924  some (SH 104206ms, ATP 1196ms): Try this: by (smt (cvc5) cin_parametric csubsetD csubsetD csubsetI csubsetI rel_cset_iff rel_funE rel_funE rel_funI rel_funI)
0.sledgehammer goal.using     154585ms HOL-Library.Countable_Set_Type 514:23946  timeout (SH 154585ms):
0.sledgehammer goal.proof     34242ms HOL-Library.Countable_Set_Type 530:24309  timeout (SH 34242ms): Timed out
0.sledgehammer goal.using     35051ms HOL-Library.Countable_Set_Type 535:24510  timeout (SH 35051ms): Timed out
0.sledgehammer goal.unfolding 35509ms HOL-Library.Countable_Set_Type 536:24588  timeout (SH 35509ms): Timed out
0.sledgehammer goal.proof     36139ms HOL-Library.Countable_Set_Type 541:24737  timeout (SH 36139ms): Timed out
0.sledgehammer goal.using     33043ms HOL-Library.Countable_Set_Type 552:24983  timeout (SH 33043ms): Timed out
0.sledgehammer goal.by        33510ms HOL-Library.Countable_Set_Type 552:25038  timeout (SH 33510ms): Timed out
0.sledgehammer goal.by        29975ms HOL-Library.Countable_Set_Type 556:25141  timeout (SH 29975ms): Timed out
0.sledgehammer goal.proof     33629ms HOL-Library.Countable_Set_Type 567:25576  timeout (SH 33629ms): Timed out
0.sledgehammer goal.unfolding 33473ms HOL-Library.Countable_Set_Type 573:25827  timeout (SH 33473ms): Timed out
0.sledgehammer goal.proof     33250ms HOL-Library.Countable_Set_Type 574:25901  timeout (SH 33250ms): Timed out
0.sledgehammer goal.by        33341ms HOL-Library.Countable_Set_Type 575:26024  timeout (SH 33341ms): Timed out
0.sledgehammer goal.by        34124ms HOL-Library.Countable_Set_Type 576:26118  timeout (SH 34124ms): Timed out
0.sledgehammer goal.unfolding 33668ms HOL-Library.Countable_Set_Type 579:26211  timeout (SH 33668ms): Timed out
0.sledgehammer goal.by        33940ms HOL-Library.Countable_Set_Type 580:26264  timeout (SH 33940ms): Timed out
0.sledgehammer goal.proof     33327ms HOL-Library.Countable_Set_Type 593:26516  timeout (SH 33326ms): Timed out
0.sledgehammer goal.by        33317ms HOL-Library.Countable_Set_Type 594:26548  timeout (SH 33317ms): Timed out
0.sledgehammer goal.by        29268ms HOL-Library.Countable_Set_Type 596:26615  timeout (SH 29268ms): Timed out
0.sledgehammer goal.by        34769ms HOL-Library.Countable_Set_Type 601:26836  timeout (SH 34769ms): Timed out
0.sledgehammer goal.unfolding 159490ms HOL-Library.Countable_Set_Type 618:27494  timeout (SH 159490ms):
0.sledgehammer goal.by        95586ms HOL-Library.Countable_Set_Type 618:27530  some (SH 95586ms, ATP 537ms): Try this: by (smt (cvc5) pick_middlep predicate2I relcomppI)
0.sledgehammer goal.unfolding 33005ms HOL-Library.Countable_Set_Type 623:27657  timeout (SH 33005ms): Timed out
0.sledgehammer goal.by        34622ms HOL-Library.Countable_Set_Type 623:27727  timeout (SH 34622ms): Timed out
0.sledgehammer goal.unfolding 35635ms HOL-Library.Diagonal_Subsequence 18:459  timeout (SH 35635ms): Timed out
0.sledgehammer goal.by        34231ms HOL-Library.Diagonal_Subsequence 18:480  timeout (SH 34231ms): Timed out
0.sledgehammer goal.unfolding 35699ms HOL-Library.Diagonal_Subsequence 22:583  timeout (SH 35699ms): Timed out
0.sledgehammer goal.by        33961ms HOL-Library.Diagonal_Subsequence 22:604  timeout (SH 33961ms): Timed out
0.sledgehammer goal.proof     33296ms HOL-Library.Diagonal_Subsequence 29:830  timeout (SH 33296ms): Timed out
0.sledgehammer goal.proof     33241ms HOL-Library.Diagonal_Subsequence 46:1272  timeout (SH 33241ms): Timed out
0.sledgehammer goal.proof     33464ms HOL-Library.Diagonal_Subsequence 63:1902  timeout (SH 33464ms): Timed out
0.sledgehammer goal.by        33089ms HOL-Library.Diagonal_Subsequence 68:2119  timeout (SH 33089ms): Timed out
0.sledgehammer goal.by        33125ms HOL-Library.Diagonal_Subsequence 104:3436  timeout (SH 33125ms): Timed out
0.sledgehammer goal.by        32639ms HOL-Library.Diagonal_Subsequence 109:3630  timeout (SH 32639ms): Timed out
0.sledgehammer goal.using     35187ms HOL-Library.Discrete_Functions 20:465  timeout (SH 35187ms): Timed out
0.sledgehammer goal.proof     33919ms HOL-Library.Discrete_Functions 20:479  timeout (SH 33919ms): Timed out
0.sledgehammer goal.by        18871ms HOL-Library.Discrete_Functions 24:621  some (SH 18871ms, ATP 348ms): Try this: by linarith (22 ms)
0.sledgehammer goal.by        32795ms HOL-Library.Discrete_Functions 64:1665  timeout (SH 32795ms): Timed out
0.sledgehammer goal.proof     32770ms HOL-Library.Discrete_Functions 67:1728  timeout (SH 32770ms): Timed out
0.sledgehammer goal.proof     33117ms HOL-Library.Discrete_Functions 71:1810  timeout (SH 33116ms): Timed out
0.sledgehammer goal.using     32900ms HOL-Library.Discrete_Functions 94:2681  timeout (SH 32900ms): Timed out
0.sledgehammer goal.proof     32659ms HOL-Library.Discrete_Functions 95:2693  timeout (SH 32658ms): Timed out
0.sledgehammer goal.proof     33400ms HOL-Library.Discrete_Functions 112:3306  timeout (SH 33400ms): Timed out
0.sledgehammer goal.proof     33112ms HOL-Library.Discrete_Functions 115:3357  timeout (SH 33112ms): Timed out
0.sledgehammer goal.proof     154362ms HOL-Library.Discrete_Functions 144:4416  timeout (SH 154362ms):
0.sledgehammer goal.using     63149ms HOL-Library.Discrete_Functions 151:4714  some (SH 63149ms, ATP 417ms): Try this: by (smt (verit, del_insts) log_le_cancel_iff powr_nonneg_iff) (270 ms)
0.sledgehammer goal.by        49269ms HOL-Library.Discrete_Functions 151:4726  some (SH 49269ms, ATP 392ms): Try this: by (smt (verit, best) log_mono powr_nonneg_iff) (220 ms)
0.sledgehammer goal.by        765406ms HOL-Library.Discrete_Functions 158:5091  some (SH 765406ms, ATP 413ms): Try this: by (smt (z3) of_nat_1 of_nat_add of_nat_power one_add_one power_add power_one_right powr_realpow) (344 ms)
0.sledgehammer goal.using     356388ms HOL-Library.Discrete_Functions 160:5178  some (SH 356388ms, ATP 408ms): Try this: by (smt (z3) False log_le_cancel_iff of_nat_le_0_iff) (333 ms)
0.sledgehammer goal.by        323208ms HOL-Library.Discrete_Functions 160:5190  some (SH 323208ms, ATP 429ms): Try this: by (smt (verit, best) log_le_cancel_iff of_nat_le_0_iff) (278 ms)
0.sledgehammer goal.proof     32914ms HOL-Library.Discrete_Functions 176:5613  timeout (SH 32914ms): Timed out
0.sledgehammer goal.by        32961ms HOL-Library.Discrete_Functions 180:5802  timeout (SH 32961ms): Timed out
0.sledgehammer goal.proof     32898ms HOL-Library.Discrete_Functions 188:5995  timeout (SH 32898ms): Timed out
0.sledgehammer goal.unfolding 33149ms HOL-Library.Discrete_Functions 196:6244  timeout (SH 33149ms): Timed out
0.sledgehammer goal.using      3194ms HOL-Library.Discrete_Functions 216:6835  some (SH 3194ms, ATP 260ms): Try this: using One_nat_def floor_sqrt_one by argo (0.6 ms)
0.sledgehammer goal.by         3841ms HOL-Library.Discrete_Functions 216:6874  some (SH 3841ms, ATP 291ms): Try this: using One_nat_def floor_sqrt_one by argo (2 ms)
0.sledgehammer goal.proof     33033ms HOL-Library.Discrete_Functions 219:6924  timeout (SH 33033ms): Timed out
0.sledgehammer goal.by        32863ms HOL-Library.Discrete_Functions 224:7040  timeout (SH 32863ms): Timed out
0.sledgehammer goal.by        33138ms HOL-Library.Discrete_Functions 233:7396  timeout (SH 33138ms): Timed out
0.sledgehammer goal.proof     32695ms HOL-Library.Discrete_Functions 249:7937  timeout (SH 32695ms): Timed out
0.sledgehammer goal.using     33061ms HOL-Library.Discrete_Functions 255:8260  timeout (SH 33061ms): Timed out
0.sledgehammer goal.proof     32898ms HOL-Library.Discrete_Functions 257:8369  timeout (SH 32898ms): Timed out
0.sledgehammer goal.proof     32974ms HOL-Library.Discrete_Functions 261:8452  timeout (SH 32974ms): Timed out
0.sledgehammer goal.using     33241ms HOL-Library.Discrete_Functions 266:8676  timeout (SH 33241ms): Timed out
0.sledgehammer goal.by        33169ms HOL-Library.Discrete_Functions 273:9092  timeout (SH 33169ms): Timed out
0.sledgehammer goal.by        153431ms HOL-Library.Discrete_Functions 297:10072  timeout (SH 153431ms):
0.sledgehammer goal.proof     64576ms HOL-Library.Discrete_Functions 320:10711  some (SH 64576ms, ATP 2577ms): Try this: by (smt (cvc5, trigger_last) Suc_n_div_2_gt_zero div_greater_zero_iff floor_sqrt_power2_le le_trans less_eq_div_iff_mult_less_eq mult.commute mult_le_cancel2 nle_le not_less_eq_eq pos2 power2_eq_square) (586 ms)
0.sledgehammer goal.proof     33249ms HOL-Library.Discrete_Functions 324:10799  timeout (SH 33248ms): Timed out
0.sledgehammer goal.by        55344ms HOL-Library.Discrete_Functions 331:11041  some (SH 55344ms, ATP 1035ms): Try this: by (smt (verit) Suc_n_div_2_gt_zero div_greater_zero_iff le_Suc_eq le_trans less_eq_div_iff_mult_less_eq nonzero_mult_div_cancel_left not_less_eq_eq numerals(2) power2_eq_square zero_less_Suc) (406 ms)
0.sledgehammer goal.proof     134728ms HOL-Library.Discrete_Functions 339:11263  some (SH 134728ms, ATP 334ms): Try this: by (smt (verit) Suc_leI Suc_n_not_le_n floor_sqrt_inverse_power2 le_floor_sqrt_iff le_trans linorder_not_less nle_le) (598 ms)
0.sledgehammer goal.by        32836ms HOL-Library.Discrete_Functions 375:12594  timeout (SH 32836ms): Timed out
0.sledgehammer goal.by        32935ms HOL-Library.Discrete_Functions 380:12754  timeout (SH 32935ms): Timed out
0.sledgehammer goal.using     33839ms HOL-Library.Discrete_Functions 395:13121  timeout (SH 33839ms): Timed out
0.sledgehammer goal.by        33010ms HOL-Library.Discrete_Functions 396:13173  timeout (SH 33010ms): Timed out
0.sledgehammer goal.using     32767ms HOL-Library.Discrete_Functions 427:13949  timeout (SH 32767ms): Timed out
0.sledgehammer goal.by        33795ms HOL-Library.Discrete_Functions 427:13986  timeout (SH 33795ms): Timed out
0.sledgehammer goal.unfolding 35416ms HOL-Library.Disjoint_Sets 11:192  timeout (SH 35416ms): Timed out
0.sledgehammer goal.by        33064ms HOL-Library.Disjoint_Sets 11:211  timeout (SH 33064ms): Timed out
0.sledgehammer goal.proof     33067ms HOL-Library.Disjoint_Sets 38:1059  timeout (SH 33066ms): Timed out
0.sledgehammer goal.proof     32828ms HOL-Library.Disjoint_Sets 51:1529  timeout (SH 32828ms): Timed out
0.sledgehammer goal.by        33579ms HOL-Library.Disjoint_Sets 60:1753  timeout (SH 33579ms): Timed out
0.sledgehammer goal.proof     33714ms HOL-Library.Disjoint_Sets 66:1866  timeout (SH 33714ms): Timed out
0.sledgehammer goal.proof     152582ms HOL-Library.Disjoint_Sets 69:1959  timeout (SH 152582ms):
0.sledgehammer goal.unfolding 133113ms HOL-Library.Disjoint_Sets 81:2214  some (SH 133113ms, ATP 718ms): Try this: by (smt (verit) DiffE Diff_cancel Diff_empty Diff_insert0 Diff_subset Union_mono \<B> assms(2) ccpo_Sup_singleton diff_Union_pairwise_disjoint disjoint_unionD2 insert_Diff insert_is_Un insert_subset order_less_imp_le psubsetI psubset_imp_ex_mem) (618 ms)
0.sledgehammer goal.proof     127703ms HOL-Library.Disjoint_Sets 82:2235  some (SH 127703ms, ATP 804ms): Try this: by (smt (verit, ccfv_threshold) DiffE Diff_cancel Diff_empty Diff_subset Sup_subset_mono Union_upper \<B> assms(2) diff_Union_pairwise_disjoint insertCI insert_subsetI order_less_imp_le order_less_le_trans pairwise_mono psubset_imp_ex_mem subset_empty) (452 ms)
0.sledgehammer goal.proof     32953ms HOL-Library.Disjoint_Sets 102:2827  timeout (SH 32953ms): Timed out
0.sledgehammer goal.proof     33373ms HOL-Library.Disjoint_Sets 104:2888  timeout (SH 33373ms): Timed out
0.sledgehammer goal.using     33344ms HOL-Library.Disjoint_Sets 106:2954  timeout (SH 33344ms): Timed out
0.sledgehammer goal.by        33515ms HOL-Library.Disjoint_Sets 106:2962  timeout (SH 33515ms): Timed out
0.sledgehammer goal.by        80234ms HOL-Library.Disjoint_Sets 108:3007  some (SH 80234ms, ATP 1055ms): Try this: by (smt (verit, ccfv_threshold) Int_iff disjoint_family_on_def empty_iff inj_on_def) (499 ms)
0.sledgehammer goal.by        33383ms HOL-Library.Disjoint_Sets 127:3709  timeout (SH 33383ms): Timed out
0.sledgehammer goal.using     33127ms HOL-Library.Disjoint_Sets 141:4217  timeout (SH 33127ms): Timed out
0.sledgehammer goal.by        62892ms HOL-Library.Disjoint_Sets 142:4248  some (SH 62892ms, ATP 2370ms): Try this: by (smt (cvc5) Diff_iff Suc_le_mono disjoint_family_on_def in_mono inf_le1 inf_le2 le_antisym not_less_eq_eq subsetI subset_empty subset_eq)
0.sledgehammer goal.using     144207ms HOL-Library.Disjoint_Sets 174:5536  some (SH 144207ms, ATP 1032ms): Try this: by (smt (verit, ccfv_SIG) assms(1,2,3) card_eq_sum disjoint_family_on_def sum.UNION_disjoint sum.cong) (1.3 s)
0.sledgehammer goal.by        104297ms HOL-Library.Disjoint_Sets 174:5550  some (SH 104297ms, ATP 1090ms): Try this: by (smt (verit, del_insts) card_eq_sum disjoint_family_on_def sum.UNION_disjoint sum.cong) (1.2 s)
0.sledgehammer goal.proof     33854ms HOL-Library.Disjoint_Sets 179:5741  timeout (SH 33854ms): Timed out
0.sledgehammer goal.proof     290140ms HOL-Library.Disjoint_Sets 182:5874  some (SH 290140ms, ATP 732ms): Try this: by (smt (verit, best) "*" F Sup_upper \<open>A \<in> F i\<close> \<open>A \<noteq> B\<close> \<open>B \<in> F j\<close> \<open>i \<in> I\<close> \<open>j \<in> I\<close> boolean_algebra_cancel.inf1 disjointD disjoint_family_onD inf.order_iff inf_bot_right inf_left_commute) (373 ms)
0.sledgehammer goal.using     33055ms HOL-Library.Disjoint_Sets 199:6381  timeout (SH 33055ms): Timed out
0.sledgehammer goal.by        33387ms HOL-Library.Disjoint_Sets 200:6395  timeout (SH 33387ms): Timed out
0.sledgehammer goal.unfolding 33161ms HOL-Library.Disjoint_Sets 207:6667  timeout (SH 33161ms): Timed out
0.sledgehammer goal.proof     33119ms HOL-Library.Disjoint_Sets 208:6690  timeout (SH 33119ms): Timed out
0.sledgehammer goal.proof     33267ms HOL-Library.Disjoint_Sets 212:6816  timeout (SH 33266ms): Timed out
0.sledgehammer goal.using     143660ms HOL-Library.Disjoint_Sets 223:7312  some (SH 143660ms, ATP 203ms): Try this: by (smt (cvc5, quant_saturate) Un_iff UnionI disjoint_def disjoint_iff_not_equal) (777 ms)
0.sledgehammer goal.by        122760ms HOL-Library.Disjoint_Sets 223:7351  some (SH 122759ms, ATP 428ms): Try this: by (smt (verit, ccfv_threshold) Un_iff UnionI disjoint_def disjoint_iff_not_equal) (946 ms)
0.sledgehammer goal.using     34442ms HOL-Library.Disjoint_Sets 235:7647  timeout (SH 34442ms): Timed out
0.sledgehammer goal.unfolding 33572ms HOL-Library.Disjoint_Sets 235:7659  timeout (SH 33572ms): Timed out
0.sledgehammer goal.proof     79305ms HOL-Library.Disjoint_Sets 255:8322  some (SH 79305ms, ATP 782ms): Try this: by (smt (verit, del_insts) assms(3) disjoint_family_onD disjoint_iff_not_equal g inj_on_def) (704 ms)
0.sledgehammer goal.proof     33051ms HOL-Library.Disjoint_Sets 274:9008  timeout (SH 33051ms): Timed out
0.sledgehammer goal.by        32754ms HOL-Library.Disjoint_Sets 275:9045  timeout (SH 32754ms): Timed out
0.sledgehammer goal.by        33258ms HOL-Library.Disjoint_Sets 278:9086  timeout (SH 33258ms): Timed out
0.sledgehammer goal.by        33101ms HOL-Library.Disjoint_Sets 282:9201  timeout (SH 33101ms): Timed out
0.sledgehammer goal.by        28592ms HOL-Library.Disjoint_Sets 286:9360  timeout (SH 28592ms): Timed out
0.sledgehammer goal.by        38320ms HOL-Library.Disjoint_Sets 296:9699  timeout (SH 38320ms): Timed out
0.sledgehammer goal.using     40852ms HOL-Library.Disjoint_Sets 299:9805  timeout (SH 40852ms): Timed out
0.sledgehammer goal.by        33110ms HOL-Library.Disjoint_Sets 299:9837  timeout (SH 33110ms): Timed out
0.sledgehammer goal.proof     153544ms HOL-Library.Disjoint_Sets 339:11120  timeout (SH 153544ms):
0.sledgehammer goal.by        158037ms HOL-Library.Disjoint_Sets 343:11246  timeout (SH 158037ms):
0.sledgehammer goal.by        155800ms HOL-Library.Disjoint_Sets 347:11410  timeout (SH 155800ms):
0.sledgehammer goal.by        36710ms HOL-Library.Disjoint_Sets 350:11561  timeout (SH 36710ms): Timed out
0.sledgehammer goal.using     160856ms HOL-Library.Disjoint_Sets 363:12082  timeout (SH 160856ms):
0.sledgehammer goal.by        155454ms HOL-Library.Disjoint_Sets 364:12096  timeout (SH 155454ms):
0.sledgehammer goal.proof     34425ms HOL-Library.Disjoint_Sets 371:12290  timeout (SH 34425ms): Timed out
0.sledgehammer goal.using     45756ms HOL-Library.Disjoint_Sets 384:12703  timeout (SH 45756ms): Timed out
0.sledgehammer goal.unfolding 39744ms HOL-Library.Disjoint_Sets 384:12715  timeout (SH 39744ms): Timed out
0.sledgehammer goal.proof     167309ms HOL-Library.Disjoint_Sets 391:12927  timeout (SH 167309ms):
0.sledgehammer goal.proof     38128ms HOL-Library.Disjoint_Sets 407:13487  timeout (SH 38128ms): Timed out
0.sledgehammer goal.unfolding 67132ms HOL-Library.Disjoint_Sets 412:13622  timeout (SH 67132ms): Timed out
0.sledgehammer goal.by        35795ms HOL-Library.Disjoint_Sets 412:13641  timeout (SH 35795ms): Timed out
0.sledgehammer goal.using     52737ms HOL-Library.Disjoint_Sets 418:13797  timeout (SH 52737ms): Timed out
0.sledgehammer goal.by        32999ms HOL-Library.Disjoint_Sets 421:13918  timeout (SH 32999ms): Timed out
0.sledgehammer goal.unfolding 37598ms HOL-Library.Disjoint_Sets 427:14069  timeout (SH 37598ms): Timed out
0.sledgehammer goal.proof     33695ms HOL-Library.Disjoint_Sets 428:14092  timeout (SH 33695ms): Timed out
0.sledgehammer goal.using     92738ms HOL-Library.Disjoint_Sets 431:14196  some (SH 92738ms, ATP 383ms): Try this: by (smt (cvc5, noematch) IntI Union_iff assms disjointD empty_iff partition_onD1 partition_onD2) (627 ms)
0.sledgehammer goal.by        32349ms HOL-Library.Disjoint_Sets 431:14204  timeout (SH 32349ms): Timed out
0.sledgehammer goal.by        33880ms HOL-Library.Disjoint_Sets 433:14297  timeout (SH 33880ms): Timed out
0.sledgehammer goal.by        33691ms HOL-Library.Disjoint_Sets 445:14726  timeout (SH 33691ms): Timed out
0.sledgehammer goal.by        42347ms HOL-Library.Disjoint_Sets 447:14831  timeout (SH 42347ms): Timed out
0.sledgehammer goal.by        33714ms HOL-Library.Disjoint_Sets 451:14937  timeout (SH 33714ms): Timed out
0.sledgehammer goal.proof     34088ms HOL-Library.Disjoint_Sets 456:15149  timeout (SH 34088ms): Timed out
0.sledgehammer goal.proof     34206ms HOL-Library.Disjoint_Sets 487:16317  timeout (SH 34206ms): Timed out
0.sledgehammer goal.unfolding 34251ms HOL-Library.Disjoint_Sets 491:16459  timeout (SH 34251ms): Timed out
0.sledgehammer goal.using     34504ms HOL-Library.Disjoint_Sets 491:16485  timeout (SH 34503ms): Timed out
0.sledgehammer goal.by        163493ms HOL-Library.Disjoint_Sets 492:16502  timeout (SH 163493ms):
0.sledgehammer goal.proof     43315ms HOL-Library.Disjoint_Sets 500:16799  timeout (SH 43315ms): Timed out
0.sledgehammer goal.using     35799ms HOL-Library.Disjoint_Sets 505:16999  timeout (SH 35799ms): Timed out
0.sledgehammer goal.by        33753ms HOL-Library.Disjoint_Sets 505:17012  timeout (SH 33753ms): Timed out
0.sledgehammer goal.using     154402ms HOL-Library.Disjoint_Sets 507:17067  timeout (SH 154402ms):
0.sledgehammer goal.proof     75805ms HOL-Library.Disjoint_Sets 526:17530  timeout (SH 75805ms): Timed out
0.sledgehammer goal.using     33726ms HOL-Library.Disjoint_Sets 532:17679  timeout (SH 33726ms): Timed out
0.sledgehammer goal.unfolding 32973ms HOL-Library.Disjoint_Sets 532:17694  timeout (SH 32973ms): Timed out
0.sledgehammer goal.proof     36436ms HOL-Library.Disjoint_Sets 547:18192  timeout (SH 36436ms): Timed out
0.sledgehammer goal.using     33309ms HOL-Library.Disjoint_Sets 549:18249  timeout (SH 33309ms): Timed out
0.sledgehammer goal.by        163206ms HOL-Library.Disjoint_Sets 550:18322  timeout (SH 163206ms):
0.sledgehammer goal.using     35529ms HOL-Library.Disjoint_Sets 552:18408  timeout (SH 35529ms): Timed out
0.sledgehammer goal.by        35639ms HOL-Library.Disjoint_Sets 553:18424  timeout (SH 35639ms): Timed out
0.sledgehammer goal.using     183905ms HOL-Library.Disjoint_Sets 557:18583  timeout (SH 183905ms):
0.sledgehammer goal.by        154210ms HOL-Library.Disjoint_Sets 557:18595  timeout (SH 154210ms):
0.sledgehammer goal.proof     32371ms HOL-Library.Disjoint_Sets 568:19015  timeout (SH 32371ms): Timed out
0.sledgehammer goal.apply     32757ms HOL-Library.Disjoint_Sets 570:19046  timeout (SH 32756ms): Timed out
0.sledgehammer goal.by        32827ms HOL-Library.Disjoint_Sets 571:19116  timeout (SH 32827ms): Timed out
0.sledgehammer goal.by        33172ms HOL-Library.Disjoint_Sets 575:19320  timeout (SH 33172ms): Timed out
0.sledgehammer goal.proof     37746ms HOL-Library.Disjoint_Sets 578:19430  timeout (SH 37745ms): Timed out
0.sledgehammer goal.proof     32884ms HOL-Library.Disjoint_Sets 580:19485  timeout (SH 32884ms): Timed out
0.sledgehammer goal.by        37402ms HOL-Library.Disjoint_Sets 584:19630  timeout (SH 37402ms): Timed out
0.sledgehammer goal.by        42465ms HOL-Library.Disjoint_Sets 588:19752  timeout (SH 42465ms): Timed out
0.sledgehammer goal.proof     32353ms HOL-Library.Disjoint_Sets 595:19975  timeout (SH 32353ms): Timed out
0.sledgehammer goal.using     33328ms HOL-Library.Disjoint_Sets 597:20043  timeout (SH 33328ms): Timed out
0.sledgehammer goal.by        32874ms HOL-Library.Disjoint_Sets 597:20055  timeout (SH 32874ms): Timed out
0.sledgehammer goal.by        34141ms HOL-Library.Disjoint_Sets 602:20366  timeout (SH 34141ms): Timed out
0.sledgehammer goal.proof     33257ms HOL-Library.Disjoint_Sets 604:20448  timeout (SH 33257ms): Timed out
0.sledgehammer goal.by        34348ms HOL-Library.Disjoint_Sets 609:20606  timeout (SH 34348ms): Timed out
0.sledgehammer goal.unfolding 173694ms HOL-Library.Disjoint_Sets 618:20919  timeout (SH 173694ms):
0.sledgehammer goal.unfolding 69993ms HOL-Library.Disjoint_Sets 630:21377  timeout (SH 69993ms): Timed out
0.sledgehammer goal.proof     35151ms HOL-Library.Disjoint_Sets 631:21399  timeout (SH 35151ms): Timed out
0.sledgehammer goal.by        41685ms HOL-Library.Disjoint_Sets 637:21631  timeout (SH 41685ms): Timed out
0.sledgehammer goal.apply     37012ms HOL-Library.Disjoint_Sets 640:21728  timeout (SH 37012ms): Timed out
0.sledgehammer goal.proof     34900ms HOL-Library.Disjoint_Sets 649:22082  timeout (SH 34900ms): Timed out
0.sledgehammer goal.by        43476ms HOL-Library.Disjoint_Sets 653:22179  timeout (SH 43476ms): Timed out
0.sledgehammer goal.proof     33512ms HOL-Library.Disjoint_Sets 659:22352  timeout (SH 33512ms): Timed out
0.sledgehammer goal.unfolding 33175ms HOL-Library.Disjoint_Sets 661:22440  timeout (SH 33175ms): Timed out
0.sledgehammer goal.by        39941ms HOL-Library.Disjoint_Sets 663:22554  timeout (SH 39941ms): Timed out
0.sledgehammer goal.by        33823ms HOL-Library.Disjoint_Sets 665:22632  timeout (SH 33823ms): Timed out
0.sledgehammer goal.by        24543ms HOL-Library.Disjoint_FSets 19:318  timeout (SH 24543ms): Timed out
0.sledgehammer goal.unfolding 43268ms HOL-Library.Disjoint_FSets 34:854  timeout (SH 43268ms): Timed out
0.sledgehammer goal.using     39726ms HOL-Library.Disjoint_FSets 42:1139  timeout (SH 39725ms): Timed out
0.sledgehammer goal.by        34177ms HOL-Library.Disjoint_FSets 43:1151  timeout (SH 34177ms): Timed out
0.sledgehammer goal.by        39610ms HOL-Library.Disjoint_FSets 52:1402  timeout (SH 39609ms): Timed out
0.sledgehammer goal.unfolding 37425ms HOL-Library.Disjoint_FSets 64:1785  timeout (SH 37425ms): Timed out
0.sledgehammer goal.apply     31350ms HOL-Library.Disjoint_FSets 66:1851  timeout (SH 31350ms): Timed out
0.sledgehammer goal.unfolding 37502ms HOL-Library.Dlist 30:907  timeout (SH 37502ms): Timed out
0.sledgehammer goal.by        39244ms HOL-Library.Dlist 31:986  timeout (SH 39244ms): Timed out
0.sledgehammer goal.by        14219ms HOL-Library.Dlist 166:4797  none (SH 14219ms): Prover error:
0.sledgehammer goal.by        13208ms HOL-Library.Dlist 173:4970  timeout (SH 13208ms): Timed out
0.sledgehammer goal.proof     33331ms HOL-Library.Dlist 182:5244  timeout (SH 33331ms): Timed out
0.sledgehammer goal.proof     32569ms HOL-Library.Dlist 187:5432  timeout (SH 32569ms): Timed out
0.sledgehammer goal.proof     31328ms HOL-Library.Dlist 202:5980  timeout (SH 31328ms): Timed out
0.sledgehammer goal.proof     35124ms HOL-Library.Dlist 207:6151  timeout (SH 35124ms): Timed out
0.sledgehammer goal.proof     34668ms HOL-Library.Dlist 239:7000  timeout (SH 34668ms): Timed out
0.sledgehammer goal.proof     33909ms HOL-Library.Dlist 244:7359  timeout (SH 33909ms): Timed out
0.sledgehammer goal.using     32716ms HOL-Library.Dlist 245:7383  timeout (SH 32716ms): Timed out
0.sledgehammer goal.by        33608ms HOL-Library.Dlist 246:7401  timeout (SH 33608ms): Timed out
0.sledgehammer goal.proof     33233ms HOL-Library.Dlist 249:7541  timeout (SH 33233ms): Timed out
0.sledgehammer goal.using     34255ms HOL-Library.Dlist 252:7645  timeout (SH 34255ms): Timed out
0.sledgehammer goal.by        32851ms HOL-Library.Dlist 253:7662  timeout (SH 32851ms): Timed out
0.sledgehammer goal.by        33772ms HOL-Library.Dlist 271:8340  timeout (SH 33772ms): Timed out
0.sledgehammer goal.by        33923ms HOL-Library.Dlist 274:8489  timeout (SH 33923ms): Timed out
0.sledgehammer goal.by        33690ms HOL-Library.Dlist 281:8925  timeout (SH 33690ms): Timed out
0.sledgehammer goal.by        31032ms HOL-Library.Dlist 293:9702  timeout (SH 31032ms): Timed out
0.sledgehammer goal.by        35044ms HOL-Library.Dlist 306:10162  timeout (SH 35044ms): Timed out
0.sledgehammer goal.by        34550ms HOL-Library.Dlist 307:10253  timeout (SH 34550ms): Timed out
0.sledgehammer goal.unfolding 31574ms HOL-Library.Dlist 312:10495  timeout (SH 31574ms): Timed out
0.sledgehammer goal.by        31270ms HOL-Library.Dlist 313:10582  timeout (SH 31270ms): Timed out
0.sledgehammer goal.by        34060ms HOL-Library.Dlist 317:10768  timeout (SH 34060ms): Timed out
0.sledgehammer goal.proof      2369ms HOL-Library.Dual_Ordered_Lattice 82:1719  none (SH 2369ms): Prover error:
0.sledgehammer goal.by         1915ms HOL-Library.Dual_Ordered_Lattice 96:2015  none (SH 1915ms): Prover error:
0.sledgehammer goal.by         2332ms HOL-Library.Dual_Ordered_Lattice 141:2821  none (SH 2332ms): Prover error:
0.sledgehammer goal.by         1922ms HOL-Library.Dual_Ordered_Lattice 144:2930  none (SH 1922ms): Prover error:
0.sledgehammer goal.by         2317ms HOL-Library.Dual_Ordered_Lattice 186:3700  none (SH 2317ms): Prover error:
0.sledgehammer goal.by         1961ms HOL-Library.Dual_Ordered_Lattice 189:3787  none (SH 1961ms): Prover error:
0.sledgehammer goal.by         1964ms HOL-Library.Dual_Ordered_Lattice 194:3913  none (SH 1964ms): Prover error:
0.sledgehammer goal.by         2300ms HOL-Library.Dual_Ordered_Lattice 236:4542  none (SH 2300ms): Prover error:
0.sledgehammer goal.by         1922ms HOL-Library.Dual_Ordered_Lattice 239:4613  none (SH 1922ms): Prover error:
0.sledgehammer goal.by         2367ms HOL-Library.Dual_Ordered_Lattice 275:5307  none (SH 2367ms): Prover error:
0.sledgehammer goal.by         2178ms HOL-Library.Dual_Ordered_Lattice 332:6344  none (SH 2178ms): Prover error:
0.sledgehammer goal.proof     29959ms HOL-Library.Dual_Ordered_Lattice 343:6604  timeout (SH 29959ms): Timed out
0.sledgehammer goal.proof     168497ms HOL-Library.Dual_Ordered_Lattice 373:7507  timeout (SH 168497ms):
0.sledgehammer goal.using     106865ms HOL-Library.Dual_Ordered_Lattice 377:7654  some (SH 106865ms, ATP 703ms): Try this: by (smt (verit, ccfv_SIG) \<open>mono f\<close> less_eq_dual.rep_eq monotone_on_def undual_dual) (724 ms)
0.sledgehammer goal.by        90041ms HOL-Library.Dual_Ordered_Lattice 383:7934  some (SH 90041ms, ATP 792ms): Try this: by (smt (verit, ccfv_threshold) Orderings.order_eq_iff \<open>mono f\<close> gfp_unfold gfp_upperbound less_eq_dual.abs_eq monotoneD monotone_on_def) (1.0 s)
0.sledgehammer goal.by         7233ms HOL-Library.Dual_Ordered_Lattice 388:8108  some (SH 7233ms, ATP 395ms): Try this: using \<open>gfp f = gfp (\<lambda>x. undual (undual (dual (dual (f x)))))\<close> by order (2 ms)
0.sledgehammer goal.by        11923ms HOL-Library.Equipollence 22:641  timeout (SH 11923ms): Timed out
0.sledgehammer goal.proof     33432ms HOL-Library.Equipollence 35:1041  timeout (SH 33432ms): Timed out
0.sledgehammer goal.using     28662ms HOL-Library.Equipollence 37:1107  timeout (SH 28662ms): Timed out
0.sledgehammer goal.by        28862ms HOL-Library.Equipollence 37:1119  timeout (SH 28862ms): Timed out
0.sledgehammer goal.using     175503ms HOL-Library.Equipollence 56:1640  timeout (SH 175503ms):
0.sledgehammer goal.proof     88580ms HOL-Library.Equipollence 62:1924  some (SH 88580ms, ATP 646ms): Try this: by (smt (cvc5) Diff_insert_absorb Diff_insert_absorb ID.set_finite ID.set_finite card.insert card.insert card_1_singleton_iff card_1_singleton_iff card_Suc_eq card_Suc_eq eqpoll_finite_iff eqpoll_iff_card finite_insert finite_insert insert_Diff_single insert_Diff_single singleton_iff singleton_iff)
0.sledgehammer goal.by        117832ms HOL-Library.Equipollence 69:2058  some (SH 117832ms, ATP 4457ms): Try this: by (smt (verit, best) card.insert card_1_singleton_iff card_Suc_eq doubleton_eq_iff eqpoll_finite_iff eqpoll_iff_card finite.emptyI finite_insert insert_absorb singletonI) (798 ms)
0.sledgehammer goal.proof     32689ms HOL-Library.Equipollence 79:2416  timeout (SH 32688ms): Timed out
0.sledgehammer goal.unfolding 169464ms HOL-Library.Equipollence 85:2601  timeout (SH 169464ms):
0.sledgehammer goal.by        190694ms HOL-Library.Equipollence 86:2626  some (SH 190694ms, ATP 1652ms): Try this: by (smt (cvc5, trigger_last) Pi_iff \<open>f \<in> A \<rightarrow> B\<close> comp_apply image_subset_iff inj_on_def) (1.0 s)
0.sledgehammer goal.unfolding 154894ms HOL-Library.Equipollence 132:4071  timeout (SH 154894ms):
0.sledgehammer goal.proof     121283ms HOL-Library.Equipollence 133:4102  some (SH 121283ms, ATP 404ms): Try this: by (smt (verit, del_insts) Pow_iff imageE inj_singleton singletonD subsetI) (400 ms)
0.sledgehammer goal.by        42917ms HOL-Library.Equipollence 140:4317  timeout (SH 42917ms): Timed out
0.sledgehammer goal.proof     30126ms HOL-Library.Equipollence 144:4483  timeout (SH 30125ms): Timed out
0.sledgehammer goal.apply     34836ms HOL-Library.Equipollence 147:4656  timeout (SH 34836ms): Timed out
0.sledgehammer goal.using     32977ms HOL-Library.Equipollence 148:4721  timeout (SH 32977ms): Timed out
0.sledgehammer goal.by        32864ms HOL-Library.Equipollence 148:4732  timeout (SH 32864ms): Timed out
0.sledgehammer goal.apply     32670ms HOL-Library.Equipollence 150:4786  timeout (SH 32670ms): Timed out
0.sledgehammer goal.by        28366ms HOL-Library.Equipollence 155:4972  timeout (SH 28366ms): Timed out
0.sledgehammer goal.by        120762ms HOL-Library.Equipollence 161:5171  some (SH 120762ms, ATP 1344ms): Try this: by (smt (verit, best) empty_iff image_is_empty inj_img_insertE lepoll_def singleton_lepoll subset_singleton_iff) (625 ms)
0.sledgehammer goal.proof     27119ms HOL-Library.Equipollence 165:5261  timeout (SH 27119ms): Timed out
0.sledgehammer goal.unfolding 43918ms HOL-Library.Equipollence 170:5484  timeout (SH 43918ms): Timed out
0.sledgehammer goal.proof     33165ms HOL-Library.Equipollence 171:5507  timeout (SH 33165ms): Timed out
0.sledgehammer goal.using     123627ms HOL-Library.Equipollence 173:5571  some (SH 123627ms, ATP 2738ms): Try this: by (smt (z3) \<open>inj f\<close> inj_Suc inj_def inj_on_def inv_into_injective nat.distinct(1) rangeI) (1.0 s)
0.sledgehammer goal.by        112693ms HOL-Library.Equipollence 174:5610  some (SH 112693ms, ATP 2303ms): Try this: by (smt (z3) Suc_inject \<open>inj f\<close> injD inj_on_def inv_into_injective nat.distinct(1) rangeI) (728 ms)
0.sledgehammer goal.proof     32785ms HOL-Library.Equipollence 185:5928  timeout (SH 32785ms): Timed out
0.sledgehammer goal.using     40608ms HOL-Library.Equipollence 188:5994  timeout (SH 40608ms): Timed out
0.sledgehammer goal.by        39234ms HOL-Library.Equipollence 211:6728  timeout (SH 39234ms): Timed out
0.sledgehammer goal.by        33611ms HOL-Library.Equipollence 217:7000  timeout (SH 33611ms): Timed out
0.sledgehammer goal.unfolding 49979ms HOL-Library.Equipollence 226:7341  timeout (SH 49979ms): Timed out
0.sledgehammer goal.by        39079ms HOL-Library.Equipollence 240:7896  timeout (SH 39079ms): Timed out
0.sledgehammer goal.by        42969ms HOL-Library.Equipollence 243:8054  timeout (SH 42969ms): Timed out
0.sledgehammer goal.proof     32792ms HOL-Library.Equipollence 281:9482  timeout (SH 32792ms): Timed out
0.sledgehammer goal.unfolding 42563ms HOL-Library.Equipollence 285:9628  timeout (SH 42563ms): Timed out
0.sledgehammer goal.proof     33076ms HOL-Library.Equipollence 286:9651  timeout (SH 33075ms): Timed out
0.sledgehammer goal.using     79380ms HOL-Library.Equipollence 289:9754  some (SH 79380ms, ATP 1922ms): Try this: by (smt (z3) assms(2) inj inj_on_def insertCI restrict_def) (1.2 s)
0.sledgehammer goal.by        68235ms HOL-Library.Equipollence 289:9772  some (SH 68235ms, ATP 1719ms): Try this: by (smt (z3) inj_on_def insertCI restrict_apply') (1.0 s)
0.sledgehammer goal.proof     37946ms HOL-Library.Equipollence 300:10154  timeout (SH 37946ms): Timed out
0.sledgehammer goal.unfolding 48226ms HOL-Library.Equipollence 305:10311  timeout (SH 48226ms): Timed out
0.sledgehammer goal.using     126846ms HOL-Library.Equipollence 308:10398  some (SH 126846ms, ATP 926ms): Try this: by (smt (verit, ccfv_threshold) assms(2) f(1,2) image_iff in_mono inj_on_def inj_on_restrict_eq insert_iff) (804 ms)
0.sledgehammer goal.by        93268ms HOL-Library.Equipollence 308:10414  some (SH 93268ms, ATP 2737ms): Try this: by (smt (verit, ccfv_threshold) image_iff in_mono inj_on_def insertE restrict_apply') (856 ms)
0.sledgehammer goal.proof     40991ms HOL-Library.Equipollence 328:11044  timeout (SH 40991ms): Timed out
0.sledgehammer goal.proof     38560ms HOL-Library.Equipollence 335:11279  timeout (SH 38560ms): Timed out
0.sledgehammer goal.by        163215ms HOL-Library.Equipollence 337:11371  timeout (SH 163215ms):
0.sledgehammer goal.proof     32842ms HOL-Library.Equipollence 355:11869  timeout (SH 32842ms): Timed out
0.sledgehammer goal.using     155109ms HOL-Library.Equipollence 359:12052  timeout (SH 155109ms):
0.sledgehammer goal.unfolding 108581ms HOL-Library.Equipollence 359:12078  some (SH 108581ms, ATP 1659ms): Try this: by (smt (verit, ccfv_SIG) Un_iff disjnt_iff image_subset_iff inj_on_def) (1.7 s)
0.sledgehammer goal.by        106506ms HOL-Library.Equipollence 360:12103  some (SH 106506ms, ATP 2175ms): Try this: by (smt (z3) Un_iff image_subset_iff inj_on_def) (1.1 s)
0.sledgehammer goal.proof     32086ms HOL-Library.Equipollence 371:12519  timeout (SH 32086ms): Timed out
0.sledgehammer goal.unfolding 38672ms HOL-Library.Equipollence 375:12652  timeout (SH 38671ms): Timed out
0.sledgehammer goal.by        28587ms HOL-Library.Equipollence 376:12677  timeout (SH 28587ms): Timed out
0.sledgehammer goal.unfolding 36054ms HOL-Library.Equipollence 385:12975  timeout (SH 36054ms): Timed out
0.sledgehammer goal.proof     34007ms HOL-Library.Equipollence 386:13004  timeout (SH 34007ms): Timed out
0.sledgehammer goal.unfolding 39964ms HOL-Library.Equipollence 392:13145  timeout (SH 39964ms): Timed out
0.sledgehammer goal.by        34291ms HOL-Library.Equipollence 393:13168  timeout (SH 34291ms): Timed out
0.sledgehammer goal.unfolding 33180ms HOL-Library.Equipollence 396:13315  timeout (SH 33179ms): Timed out
0.sledgehammer goal.by        33945ms HOL-Library.Equipollence 397:13338  timeout (SH 33944ms): Timed out
0.sledgehammer goal.proof     33598ms HOL-Library.Equipollence 400:13489  timeout (SH 33598ms): Timed out
0.sledgehammer goal.proof     35948ms HOL-Library.Equipollence 404:13569  timeout (SH 35948ms): Timed out
0.sledgehammer goal.proof     48806ms HOL-Library.Equipollence 413:13786  timeout (SH 48806ms): Timed out
0.sledgehammer goal.unfolding 35717ms HOL-Library.Equipollence 417:13919  timeout (SH 35717ms): Timed out
0.sledgehammer goal.by        31001ms HOL-Library.Equipollence 418:13944  timeout (SH 31000ms): Timed out
0.sledgehammer goal.using     37033ms HOL-Library.Equipollence 426:14243  timeout (SH 37033ms): Timed out
0.sledgehammer goal.proof     33879ms HOL-Library.Equipollence 434:14489  timeout (SH 33879ms): Timed out
0.sledgehammer goal.by        41124ms HOL-Library.Equipollence 438:14673  timeout (SH 41124ms): Timed out
0.sledgehammer goal.unfolding 34052ms HOL-Library.Equipollence 440:14708  timeout (SH 34052ms): Timed out
0.sledgehammer goal.by        33621ms HOL-Library.Equipollence 441:14744  timeout (SH 33621ms): Timed out
0.sledgehammer goal.using     33772ms HOL-Library.Equipollence 446:14900  timeout (SH 33772ms): Timed out
0.sledgehammer goal.unfolding 33191ms HOL-Library.Equipollence 449:15023  timeout (SH 33191ms): Timed out
0.sledgehammer goal.proof     39706ms HOL-Library.Equipollence 450:15044  timeout (SH 39706ms): Timed out
0.sledgehammer goal.by        38219ms HOL-Library.Equipollence 452:15156  timeout (SH 38219ms): Timed out
0.sledgehammer goal.proof     33419ms HOL-Library.Equipollence 458:15386  timeout (SH 33419ms): Timed out
0.sledgehammer goal.by        43104ms HOL-Library.Equipollence 464:15690  timeout (SH 43104ms): Timed out
0.sledgehammer goal.unfolding 33817ms HOL-Library.Equipollence 469:15906  timeout (SH 33816ms): Timed out
0.sledgehammer goal.proof     33667ms HOL-Library.Equipollence 470:15929  timeout (SH 33667ms): Timed out
0.sledgehammer goal.by        34512ms HOL-Library.Equipollence 472:16031  timeout (SH 34512ms): Timed out
0.sledgehammer goal.proof     32955ms HOL-Library.Equipollence 480:16292  timeout (SH 32955ms): Timed out
0.sledgehammer goal.using     33269ms HOL-Library.Equipollence 482:16381  timeout (SH 33269ms): Timed out
0.sledgehammer goal.unfolding 33497ms HOL-Library.Equipollence 482:16389  timeout (SH 33497ms): Timed out
0.sledgehammer goal.by        33845ms HOL-Library.Equipollence 482:16410  timeout (SH 33845ms): Timed out
0.sledgehammer goal.unfolding 34315ms HOL-Library.Equipollence 484:16449  timeout (SH 34315ms): Timed out
0.sledgehammer goal.proof     34536ms HOL-Library.Equipollence 485:16472  timeout (SH 34536ms): Timed out
0.sledgehammer goal.unfolding 34355ms HOL-Library.Equipollence 488:16605  timeout (SH 34355ms): Timed out
0.sledgehammer goal.by        33926ms HOL-Library.Equipollence 489:16627  timeout (SH 33926ms): Timed out
0.sledgehammer goal.unfolding 157080ms HOL-Library.Equipollence 492:16772  timeout (SH 157080ms):
0.sledgehammer goal.unfolding 36298ms HOL-Library.Equipollence 498:16949  timeout (SH 36298ms): Timed out
0.sledgehammer goal.proof     33359ms HOL-Library.Equipollence 499:16972  timeout (SH 33359ms): Timed out
0.sledgehammer goal.unfolding 37960ms HOL-Library.Equipollence 504:17211  timeout (SH 37960ms): Timed out
0.sledgehammer goal.by        33199ms HOL-Library.Equipollence 505:17238  timeout (SH 33199ms): Timed out
0.sledgehammer goal.by        32836ms HOL-Library.Equipollence 507:17373  timeout (SH 32836ms): Timed out
0.sledgehammer goal.proof     33436ms HOL-Library.Equipollence 515:17580  timeout (SH 33436ms): Timed out
0.sledgehammer goal.using     33712ms HOL-Library.Equipollence 517:17667  timeout (SH 33712ms): Timed out
0.sledgehammer goal.unfolding 33183ms HOL-Library.Equipollence 517:17675  timeout (SH 33183ms): Timed out
0.sledgehammer goal.by        33033ms HOL-Library.Equipollence 517:17696  timeout (SH 33033ms): Timed out
0.sledgehammer goal.unfolding 32901ms HOL-Library.Equipollence 519:17724  timeout (SH 32900ms): Timed out
0.sledgehammer goal.proof     33763ms HOL-Library.Equipollence 520:17747  timeout (SH 33762ms): Timed out
0.sledgehammer goal.using     36418ms HOL-Library.Equipollence 526:18022  timeout (SH 36418ms): Timed out
0.sledgehammer goal.unfolding 140038ms HOL-Library.Equipollence 526:18035  some (SH 140037ms, ATP 1507ms): Try this: by (smt (verit, best) UN_iff \<chi> disjnt_iff image_subset_iff inj_on_def pairwise_def) (1.8 s)
0.sledgehammer goal.by        54113ms HOL-Library.Equipollence 527:18103  some (SH 54113ms, ATP 372ms): Try this: by (smt (z3) Union_iff \<chi> bex_imageD) (2.3 s)
0.sledgehammer goal.using     32940ms HOL-Library.Equipollence 529:18167  timeout (SH 32940ms): Timed out
0.sledgehammer goal.unfolding 102967ms HOL-Library.Equipollence 529:18177  some (SH 102967ms, ATP 229ms): Try this: by (smt (verit, del_insts) UN_iff image_subset_iff) (1.2 s)
0.sledgehammer goal.proof     39501ms HOL-Library.Equipollence 538:18419  timeout (SH 39501ms): Timed out
0.sledgehammer goal.by        32659ms HOL-Library.Equipollence 542:18563  timeout (SH 32659ms): Timed out
0.sledgehammer goal.proof     33544ms HOL-Library.Equipollence 548:18720  timeout (SH 33544ms): Timed out
0.sledgehammer goal.using     90863ms HOL-Library.Equipollence 553:18927  some (SH 90863ms, ATP 536ms): Try this: by (smt (verit, best) PiE_eq_empty_iff image_cong image_projection_PiE singleton_iff that) (900 ms)
0.sledgehammer goal.by        65808ms HOL-Library.Equipollence 553:18938  some (SH 65808ms, ATP 509ms): Try this: by (smt (verit, best) PiE_eq_empty_iff image_cong image_projection_PiE singleton_iff) (835 ms)
0.sledgehammer goal.unfolding 33845ms HOL-Library.Equipollence 555:19001  timeout (SH 33845ms): Timed out
0.sledgehammer goal.by        53425ms HOL-Library.Equipollence 556:19048  some (SH 53425ms, ATP 4188ms): Try this: by (smt (verit, del_insts) "1" PiE_eq_empty_iff image_projection_PiE singletonI) (707 ms)
0.sledgehammer goal.proof     33515ms HOL-Library.Equipollence 561:19149  timeout (SH 33515ms): Timed out
0.sledgehammer goal.using     127926ms HOL-Library.Equipollence 566:19300  some (SH 127926ms, ATP 3708ms): Try this: by (smt (cvc5, best) PiE_ext PiE_iff f(1) inj_on_def restrict_apply') (574 ms)
0.sledgehammer goal.by        111025ms HOL-Library.Equipollence 566:19308  some (SH 111025ms, ATP 1754ms): Try this: by (smt (cvc5, best) PiE_ext PiE_iff inj_on_def restrict_apply') (609 ms)
0.sledgehammer goal.using     157252ms HOL-Library.Equipollence 568:19424  timeout (SH 157252ms):
0.sledgehammer goal.proof     33521ms HOL-Library.Equipollence 576:19586  timeout (SH 33521ms): Timed out
0.sledgehammer goal.unfolding 33382ms HOL-Library.Equipollence 585:19905  timeout (SH 33382ms): Timed out
0.sledgehammer goal.proof     33886ms HOL-Library.Equipollence 586:19939  timeout (SH 33886ms): Timed out
0.sledgehammer goal.by         7754ms HOL-Library.Equipollence 590:20105  some (SH 7754ms, ATP 475ms): Try this: by argo (1 ms)
0.sledgehammer goal.by        54561ms HOL-Library.Equipollence 592:20145  timeout (SH 54561ms): Timed out
0.sledgehammer goal.by        39747ms HOL-Library.Equipollence 601:20379  timeout (SH 39747ms): Timed out
0.sledgehammer goal.proof     35876ms HOL-Library.Equipollence 606:20534  timeout (SH 35876ms): Timed out
0.sledgehammer goal.using     36269ms HOL-Library.Equipollence 608:20619  timeout (SH 36269ms): Timed out
0.sledgehammer goal.unfolding 36973ms HOL-Library.Equipollence 608:20631  timeout (SH 36973ms): Timed out
0.sledgehammer goal.by        33848ms HOL-Library.Equipollence 608:20652  timeout (SH 33848ms): Timed out
0.sledgehammer goal.by        159127ms HOL-Library.Equipollence 611:20729  timeout (SH 159127ms):
0.sledgehammer goal.using     198294ms HOL-Library.Equipollence 613:20850  some (SH 198294ms, ATP 873ms): Try this: by (smt (verit, best) PiE_iff f image_subset_iff restrict_apply' restrict_extensional) (1.8 s)
0.sledgehammer goal.proof     68810ms HOL-Library.Equipollence 622:21022  timeout (SH 68810ms): Timed out
0.sledgehammer goal.proof     34458ms HOL-Library.Equipollence 629:21281  timeout (SH 34458ms): Timed out
0.sledgehammer goal.using     34640ms HOL-Library.Equipollence 631:21360  timeout (SH 34640ms): Timed out
0.sledgehammer goal.by        34764ms HOL-Library.Equipollence 632:21381  timeout (SH 34764ms): Timed out
0.sledgehammer goal.proof     57370ms HOL-Library.Equipollence 645:21762  none (SH 57370ms): Crashed
0.sledgehammer goal.proof     38682ms HOL-Library.Equipollence 649:21933  timeout (SH 38682ms): Timed out
0.sledgehammer goal.by        33859ms HOL-Library.Equipollence 653:21998  timeout (SH 33859ms): Timed out
0.sledgehammer goal.proof     33106ms HOL-Library.Equipollence 661:22249  timeout (SH 33106ms): Timed out
0.sledgehammer goal.proof     32965ms HOL-Library.Equipollence 665:22354  timeout (SH 32965ms): Timed out
0.sledgehammer goal.proof     33094ms HOL-Library.Equipollence 668:22430  timeout (SH 33094ms): Timed out
0.sledgehammer goal.proof     28719ms HOL-Library.Equipollence 670:22498  timeout (SH 28719ms): Timed out
0.sledgehammer goal.by        30828ms HOL-Library.Equipollence 674:22619  timeout (SH 30827ms): Timed out
0.sledgehammer goal.by        125173ms HOL-Library.Equipollence 679:22830  some (SH 125173ms, ATP 663ms): Try this: by (smt (z3) Collect_empty_eq J_def PiE_cong PiE_cong PiE_eq_empty_iff PiE_eq_empty_iff UNIV_I UNIV_I finite.emptyI infinite_le_lepoll lepoll_empty_iff_empty lepoll_funcset_left mem_Collect_eq that) (672 ms)
0.sledgehammer goal.proof     34466ms HOL-Library.Equipollence 681:22937  timeout (SH 34466ms): Timed out
0.sledgehammer goal.proof     34007ms HOL-Library.Equipollence 683:23036  timeout (SH 34007ms): Timed out
0.sledgehammer goal.by        290578ms HOL-Library.Equipollence 687:23194  some (SH 290578ms, ATP 1231ms): Try this: by (smt (z3) Set.set_insert UNIV_bool insertE insert_lepoll_insert_iff insert_subset singletonD singleton_lepoll) (434 ms)
0.sledgehammer goal.proof     45052ms HOL-Library.Equipollence 699:23665  timeout (SH 45052ms): Timed out
0.sledgehammer goal.proof     36766ms HOL-Library.Equipollence 703:23805  timeout (SH 36766ms): Timed out
0.sledgehammer goal.using     34265ms HOL-Library.Equipollence 705:23880  timeout (SH 34265ms): Timed out
0.sledgehammer goal.by        33323ms HOL-Library.Equipollence 706:23911  timeout (SH 33323ms): Timed out
0.sledgehammer goal.by        36048ms HOL-Library.Equipollence 720:24299  timeout (SH 36048ms): Timed out
0.sledgehammer goal.proof     38220ms HOL-Library.Equipollence 724:24483  none (SH 38220ms): Crashed
0.sledgehammer goal.by        43385ms HOL-Library.Equipollence 726:24589  timeout (SH 43385ms): Timed out
0.sledgehammer goal.by        34760ms HOL-Library.Equipollence 730:24779  timeout (SH 34760ms): Timed out
0.sledgehammer goal.proof     33223ms HOL-Library.Equipollence 732:24817  timeout (SH 33223ms): Timed out
0.sledgehammer goal.using     11008ms HOL-Library.Equipollence 738:24977  some (SH 11008ms, ATP 642ms): Try this: using "*" False J_def R by argo (6 ms)
0.sledgehammer goal.by        57737ms HOL-Library.Equipollence 745:25125  timeout (SH 57737ms): Timed out
0.sledgehammer goal.by        73892ms HOL-Library.Equipollence 756:25470  some (SH 73892ms, ATP 971ms): Try this: by (smt (verit, ccfv_SIG) in_listsD list.inj_map_strong) (682 ms)
0.sledgehammer goal.unfolding 29870ms HOL-Library.Equipollence 762:25611  timeout (SH 29870ms): Timed out
0.sledgehammer goal.by        37361ms HOL-Library.Equipollence 762:25643  timeout (SH 37361ms): Timed out
0.sledgehammer goal.proof     37856ms HOL-Library.Equipollence 767:25788  timeout (SH 37856ms): Timed out
0.sledgehammer goal.using     33479ms HOL-Library.Equipollence 775:26080  timeout (SH 33479ms): Timed out
0.sledgehammer goal.by        168267ms HOL-Library.Equipollence 775:26106  timeout (SH 168267ms):
0.sledgehammer goal.proof     33340ms HOL-Library.Equipollence 777:26183  timeout (SH 33340ms): Timed out
0.sledgehammer goal.by         1193ms HOL-Library.Extended 29:684  none (SH 1192ms): Prover error:
0.sledgehammer goal.by         7178ms HOL-Library.Extended 34:825  none (SH 7178ms): Prover error:
0.sledgehammer goal.by         4285ms HOL-Library.Extended 114:2662  none (SH 4285ms): Prover error:
0.sledgehammer goal.by         1895ms HOL-Library.Extended 117:2812  none (SH 1895ms): Prover error:
0.sledgehammer goal.proof      4148ms HOL-Library.Extended 120:2944  none (SH 4148ms): Prover error:
0.sledgehammer goal.by        27237ms HOL-Library.Extended 121:3020  timeout (SH 27237ms): Timed out
0.sledgehammer goal.apply     30133ms HOL-Library.Extended 161:3755  timeout (SH 30133ms): Timed out
0.sledgehammer goal.by         2507ms HOL-Library.Extended 194:4753  none (SH 2507ms): Prover error:
0.sledgehammer goal.unfolding 34807ms HOL-Library.Extended_Nat 20:523  timeout (SH 34807ms): Timed out
0.sledgehammer goal.by        33100ms HOL-Library.Extended_Nat 20:542  timeout (SH 33100ms): Timed out
0.sledgehammer goal.proof      2849ms HOL-Library.Extended_Nat 50:1131  none (SH 2849ms): Prover error:
0.sledgehammer goal.by        30642ms HOL-Library.Extended_Nat 52:1182  timeout (SH 30642ms): Timed out
0.sledgehammer goal.proof      3010ms HOL-Library.Extended_Nat 96:2210  none (SH 3010ms): Prover error:
0.sledgehammer goal.by        89877ms HOL-Library.Extended_Nat 148:3569  some (SH 89877ms, ATP 321ms): Try this: by (smt (z3) eSuc_enat eSuc_infinity enat.exhaust enat.inject nat.inject) (92 ms)
0.sledgehammer goal.by        66109ms HOL-Library.Extended_Nat 151:3685  some (SH 66108ms, ATP 3987ms): Try this: by (smt (cvc5) add_0 add_is_0 add_nonneg_eq_0_iff bot_nat_0.extremum eSuc_enat eSuc_inject enat.inject le_cases3 nat_le_iff_add not_one_le_zero of_nat_le_0_iff one_of_nat_le_iff plus_1_eq_Suc zero_enat_def zero_ne_eSuc zero_neq_one)
0.sledgehammer goal.proof      2837ms HOL-Library.Extended_Nat 172:4245  none (SH 2837ms): Prover error:
0.sledgehammer goal.by        32889ms HOL-Library.Extended_Nat 186:4529  timeout (SH 32889ms): Timed out
0.sledgehammer goal.proof      2757ms HOL-Library.Extended_Nat 217:5390  none (SH 2757ms): Prover error:
0.sledgehammer goal.unfolding 32900ms HOL-Library.Extended_Nat 220:5464  timeout (SH 32900ms): Timed out
0.sledgehammer goal.by        33322ms HOL-Library.Extended_Nat 221:5507  timeout (SH 33322ms): Timed out
0.sledgehammer goal.by        33210ms HOL-Library.Extended_Nat 223:5595  timeout (SH 33210ms): Timed out
0.sledgehammer goal.by        33223ms HOL-Library.Extended_Nat 235:5993  timeout (SH 33222ms): Timed out
0.sledgehammer goal.proof      2820ms HOL-Library.Extended_Nat 238:6083  none (SH 2820ms): Prover error:
0.sledgehammer goal.by        38590ms HOL-Library.Extended_Nat 301:7816  timeout (SH 38590ms): Timed out
0.sledgehammer goal.by        44509ms HOL-Library.Extended_Nat 328:8540  timeout (SH 44509ms): Timed out
0.sledgehammer goal.by        12218ms HOL-Library.Extended_Nat 348:9044  none (SH 12218ms): Prover error:
0.sledgehammer goal.proof     26304ms HOL-Library.Extended_Nat 353:9166  none (SH 26304ms): Prover error:
0.sledgehammer goal.by        31043ms HOL-Library.Extended_Nat 355:9227  timeout (SH 31043ms): Timed out
0.sledgehammer goal.proof      1371ms HOL-Library.Extended_Nat 359:9384  none (SH 1371ms): Prover error:
0.sledgehammer goal.by        37551ms HOL-Library.Extended_Nat 363:9512  timeout (SH 37551ms): Timed out
0.sledgehammer goal.by        28525ms HOL-Library.Extended_Nat 365:9604  timeout (SH 28525ms): Timed out
0.sledgehammer goal.by        28030ms HOL-Library.Extended_Nat 376:10157  timeout (SH 28030ms): Timed out
0.sledgehammer goal.by        39748ms HOL-Library.Extended_Nat 390:10653  timeout (SH 39748ms): Timed out
0.sledgehammer goal.by        40383ms HOL-Library.Extended_Nat 396:10862  timeout (SH 40383ms): Timed out
0.sledgehammer goal.by        36592ms HOL-Library.Extended_Nat 405:11211  timeout (SH 36592ms): Timed out
0.sledgehammer goal.by        158811ms HOL-Library.Extended_Nat 411:11445  timeout (SH 158811ms):
0.sledgehammer goal.by        35855ms HOL-Library.Extended_Nat 452:12613  timeout (SH 35855ms): Timed out
0.sledgehammer goal.proof     33666ms HOL-Library.Extended_Nat 455:12740  timeout (SH 33666ms): Timed out
0.sledgehammer goal.using     19861ms HOL-Library.Extended_Nat 458:12791  timeout (SH 19861ms): Timed out
0.sledgehammer goal.by        18800ms HOL-Library.Extended_Nat 458:12827  timeout (SH 18800ms): Timed out
0.sledgehammer goal.by        248891ms HOL-Library.Extended_Nat 471:13120  some (SH 248890ms, ATP 2004ms): Try this: by (smt (verit, ccfv_SIG) Max.coboundedI assms(1,2) eSuc_ile_mono finite_has_maximal finite_imageI image_iff image_is_empty obtains_Max) (845 ms)
0.sledgehammer goal.by         1601ms HOL-Library.Extended_Nat 480:13333  none (SH 1601ms): Prover error:
0.sledgehammer goal.proof     44552ms HOL-Library.Extended_Nat 487:13482  timeout (SH 44552ms): Timed out
0.sledgehammer goal.using     34759ms HOL-Library.Extended_Nat 490:13579  timeout (SH 34759ms): Timed out
0.sledgehammer goal.by        34377ms HOL-Library.Extended_Nat 490:13601  timeout (SH 34377ms): Timed out
0.sledgehammer goal.by        35786ms HOL-Library.Extended_Nat 501:13935  timeout (SH 35786ms): Timed out
0.sledgehammer goal.by        34000ms HOL-Library.Extended_Nat 504:14061  timeout (SH 34000ms): Timed out
0.sledgehammer goal.by        32993ms HOL-Library.Extended_Nat 507:14189  timeout (SH 32993ms): Timed out
0.sledgehammer goal.proof     58617ms HOL-Library.Extended_Nat 590:16892  timeout (SH 58617ms): Timed out
0.sledgehammer goal.by        38450ms HOL-Library.Extended_Nat 592:16930  timeout (SH 38450ms): Timed out
0.sledgehammer goal.proof      2834ms HOL-Library.Extended_Nat 598:17091  none (SH 2834ms): Prover error:
0.sledgehammer goal.proof      2903ms HOL-Library.Extended_Nat 622:17677  none (SH 2903ms): Prover error:
0.sledgehammer goal.unfolding 29856ms HOL-Library.Extended_Nat 627:17846  timeout (SH 29856ms): Timed out
0.sledgehammer goal.unfolding 33237ms HOL-Library.Extended_Nat 632:18044  timeout (SH 33237ms): Timed out
0.sledgehammer goal.using     28478ms HOL-Library.Extended_Nat 632:18067  timeout (SH 28478ms): Timed out
0.sledgehammer goal.by        28273ms HOL-Library.Extended_Nat 632:18093  timeout (SH 28273ms): Timed out
0.sledgehammer goal.by        32894ms HOL-Library.Extended_Nat 640:18303  timeout (SH 32894ms): Timed out
0.sledgehammer goal.using     33523ms HOL-Library.Extended_Nat 643:18458  timeout (SH 33523ms): Timed out
0.sledgehammer goal.by        33490ms HOL-Library.Extended_Nat 643:18489  timeout (SH 33490ms): Timed out
0.sledgehammer goal.by        30765ms HOL-Library.Extended_Nonnegative_Real 19:605  timeout (SH 30765ms): Timed out
0.sledgehammer goal.by        31380ms HOL-Library.Extended_Nonnegative_Real 24:880  timeout (SH 31380ms): Timed out
0.sledgehammer goal.by        34473ms HOL-Library.Extended_Nonnegative_Real 29:1155  timeout (SH 34473ms): Timed out
0.sledgehammer goal.proof     34226ms HOL-Library.Extended_Nonnegative_Real 34:1392  timeout (SH 34225ms): Timed out
0.sledgehammer goal.using     33752ms HOL-Library.Extended_Nonnegative_Real 36:1470  timeout (SH 33752ms): Timed out
0.sledgehammer goal.by        33844ms HOL-Library.Extended_Nonnegative_Real 36:1482  timeout (SH 33844ms): Timed out
0.sledgehammer goal.proof     34105ms HOL-Library.Extended_Nonnegative_Real 38:1610  timeout (SH 34104ms): Timed out
0.sledgehammer goal.by        33185ms HOL-Library.Extended_Nonnegative_Real 40:1691  timeout (SH 33185ms): Timed out
0.sledgehammer goal.unfolding 33640ms HOL-Library.Extended_Nonnegative_Real 42:1830  timeout (SH 33640ms): Timed out
0.sledgehammer goal.by        33174ms HOL-Library.Extended_Nonnegative_Real 42:1866  timeout (SH 33174ms): Timed out
0.sledgehammer goal.by        33495ms HOL-Library.Extended_Nonnegative_Real 44:1905  timeout (SH 33495ms): Timed out
0.sledgehammer goal.by        33903ms HOL-Library.Extended_Nonnegative_Real 47:2031  timeout (SH 33903ms): Timed out
0.sledgehammer goal.unfolding 33927ms HOL-Library.Extended_Nonnegative_Real 49:2063  timeout (SH 33927ms): Timed out
0.sledgehammer goal.by        34058ms HOL-Library.Extended_Nonnegative_Real 49:2082  timeout (SH 34058ms): Timed out
0.sledgehammer goal.by        45423ms HOL-Library.Extended_Nonnegative_Real 58:2433  some (SH 45423ms, ATP 200ms): Try this: by (smt (verit, ccfv_threshold) eventually_at_left) (501 ms)
0.sledgehammer goal.proof     34301ms HOL-Library.Extended_Nonnegative_Real 87:3423  timeout (SH 34301ms): Timed out
0.sledgehammer goal.by        33715ms HOL-Library.Extended_Nonnegative_Real 93:3618  timeout (SH 33715ms): Timed out
0.sledgehammer goal.unfolding 34426ms HOL-Library.Extended_Nonnegative_Real 95:3718  timeout (SH 34426ms): Timed out
0.sledgehammer goal.by        34659ms HOL-Library.Extended_Nonnegative_Real 96:3757  timeout (SH 34659ms): Timed out
0.sledgehammer goal.using     47104ms HOL-Library.Extended_Nonnegative_Real 102:4007  timeout (SH 47104ms): Timed out
0.sledgehammer goal.unfolding 35987ms HOL-Library.Extended_Nonnegative_Real 108:4252  timeout (SH 35987ms): Timed out
0.sledgehammer goal.by        34359ms HOL-Library.Extended_Nonnegative_Real 108:4281  timeout (SH 34359ms): Timed out
0.sledgehammer goal.unfolding 38140ms HOL-Library.Extended_Nonnegative_Real 113:4541  timeout (SH 38140ms): Timed out
0.sledgehammer goal.proof     41901ms HOL-Library.Extended_Nonnegative_Real 119:4778  timeout (SH 41901ms): Timed out
0.sledgehammer goal.proof     33409ms HOL-Library.Extended_Nonnegative_Real 121:4833  timeout (SH 33409ms): Timed out
0.sledgehammer goal.unfolding 39089ms HOL-Library.Extended_Nonnegative_Real 126:4987  timeout (SH 39089ms): Timed out
0.sledgehammer goal.proof     43908ms HOL-Library.Extended_Nonnegative_Real 133:5265  timeout (SH 43908ms): Timed out
0.sledgehammer goal.proof     33588ms HOL-Library.Extended_Nonnegative_Real 135:5326  timeout (SH 33587ms): Timed out
0.sledgehammer goal.by        33009ms HOL-Library.Extended_Nonnegative_Real 137:5385  timeout (SH 33009ms): Timed out
0.sledgehammer goal.unfolding 33015ms HOL-Library.Extended_Nonnegative_Real 140:5480  timeout (SH 33015ms): Timed out
0.sledgehammer goal.by        33704ms HOL-Library.Extended_Nonnegative_Real 140:5515  timeout (SH 33704ms): Timed out
0.sledgehammer goal.using     69328ms HOL-Library.Extended_Nonnegative_Real 149:5835  timeout (SH 69328ms): Timed out
0.sledgehammer goal.proof     54848ms HOL-Library.Extended_Nonnegative_Real 155:6075  timeout (SH 54848ms): Timed out
0.sledgehammer goal.using     33401ms HOL-Library.Extended_Nonnegative_Real 157:6153  timeout (SH 33401ms): Timed out
0.sledgehammer goal.by        33604ms HOL-Library.Extended_Nonnegative_Real 157:6165  timeout (SH 33604ms): Timed out
0.sledgehammer goal.using     33708ms HOL-Library.Extended_Nonnegative_Real 159:6247  timeout (SH 33708ms): Timed out
0.sledgehammer goal.by        34073ms HOL-Library.Extended_Nonnegative_Real 159:6259  timeout (SH 34073ms): Timed out
0.sledgehammer goal.by        34678ms HOL-Library.Extended_Nonnegative_Real 161:6362  timeout (SH 34678ms): Timed out
0.sledgehammer goal.using     34435ms HOL-Library.Extended_Nonnegative_Real 166:6543  timeout (SH 34434ms): Timed out
0.sledgehammer goal.by        34480ms HOL-Library.Extended_Nonnegative_Real 166:6581  timeout (SH 34480ms): Timed out
0.sledgehammer goal.proof     46823ms HOL-Library.Extended_Nonnegative_Real 187:7152  timeout (SH 46823ms): Timed out
0.sledgehammer goal.by        32271ms HOL-Library.Extended_Nonnegative_Real 189:7201  timeout (SH 32271ms): Timed out
0.sledgehammer goal.by        37466ms HOL-Library.Extended_Nonnegative_Real 191:7277  timeout (SH 37466ms): Timed out
0.sledgehammer goal.using     138712ms HOL-Library.Extended_Nonnegative_Real 195:7399  some (SH 138712ms, ATP 152ms): Try this: by (smt (verit, best) e2ennreal'_inject e2ennreal_def enn2ereal enn2ereal_inverse max_absorb2 mem_Collect_eq type_definition_def) (384 ms)
0.sledgehammer goal.by         3277ms HOL-Library.Extended_Nonnegative_Real 220:8252  none (SH 3277ms): Prover error:
0.sledgehammer goal.by        73620ms HOL-Library.Extended_Nonnegative_Real 229:8568  timeout (SH 73620ms): Timed out
0.sledgehammer goal.by        12076ms HOL-Library.Extended_Nonnegative_Real 250:9123  none (SH 12076ms): Prover error:
0.sledgehammer goal.by        33263ms HOL-Library.Extended_Nonnegative_Real 280:9714  timeout (SH 33263ms): Timed out
0.sledgehammer goal.proof      3237ms HOL-Library.Extended_Nonnegative_Real 283:9758  none (SH 3237ms): Prover error:
0.sledgehammer goal.unfolding 44125ms HOL-Library.Extended_Nonnegative_Real 285:9885  timeout (SH 44125ms): Timed out
0.sledgehammer goal.by        31165ms HOL-Library.Extended_Nonnegative_Real 286:9922  timeout (SH 31165ms): Timed out
0.sledgehammer goal.by         1723ms HOL-Library.Extended_Nonnegative_Real 290:10054  none (SH 1723ms): Prover error:
0.sledgehammer goal.proof      5598ms HOL-Library.Extended_Nonnegative_Real 294:10212  none (SH 5598ms): Prover error:
0.sledgehammer goal.by        160360ms HOL-Library.Extended_Nonnegative_Real 297:10272  some (SH 160360ms, ATP 1898ms): Try this: by (smt (z3) ereal_eq_minus_iff ereal_minus_less_iff ereal_times(1,3) less_ennreal.rep_eq one_ennreal.rep_eq plus_ennreal.rep_eq) (113 ms)
0.sledgehammer goal.proof      1771ms HOL-Library.Extended_Nonnegative_Real 301:10416  none (SH 1771ms): Prover error:
0.sledgehammer goal.unfolding 36065ms HOL-Library.Extended_Nonnegative_Real 309:10639  timeout (SH 36065ms): Timed out
0.sledgehammer goal.by        48881ms HOL-Library.Extended_Nonnegative_Real 312:10768  timeout (SH 48881ms): Timed out
0.sledgehammer goal.using     58551ms HOL-Library.Extended_Nonnegative_Real 320:11080  timeout (SH 58551ms): Timed out
0.sledgehammer goal.proof     41211ms HOL-Library.Extended_Nonnegative_Real 323:11272  timeout (SH 41211ms): Timed out
0.sledgehammer goal.by        33702ms HOL-Library.Extended_Nonnegative_Real 326:11451  timeout (SH 33702ms): Timed out
0.sledgehammer goal.unfolding 34075ms HOL-Library.Extended_Nonnegative_Real 328:11612  timeout (SH 34075ms): Timed out
0.sledgehammer goal.by        29904ms HOL-Library.Extended_Nonnegative_Real 328:11646  timeout (SH 29904ms): Timed out
0.sledgehammer goal.proof     36849ms HOL-Library.Extended_Nonnegative_Real 334:11856  timeout (SH 36849ms): Timed out
0.sledgehammer goal.by        34300ms HOL-Library.Extended_Nonnegative_Real 336:11972  timeout (SH 34300ms): Timed out
0.sledgehammer goal.unfolding 30553ms HOL-Library.Extended_Nonnegative_Real 338:12157  timeout (SH 30553ms): Timed out
0.sledgehammer goal.by        30311ms HOL-Library.Extended_Nonnegative_Real 338:12191  timeout (SH 30311ms): Timed out
0.sledgehammer goal.by        33744ms HOL-Library.Extended_Nonnegative_Real 343:12468  timeout (SH 33744ms): Timed out
0.sledgehammer goal.by        36763ms HOL-Library.Extended_Nonnegative_Real 345:12546  timeout (SH 36763ms): Timed out
0.sledgehammer goal.by        33899ms HOL-Library.Extended_Nonnegative_Real 349:12694  timeout (SH 33898ms): Timed out
0.sledgehammer goal.by        35759ms HOL-Library.Extended_Nonnegative_Real 353:12925  timeout (SH 35759ms): Timed out
0.sledgehammer goal.by        28605ms HOL-Library.Extended_Nonnegative_Real 356:13056  timeout (SH 28605ms): Timed out
0.sledgehammer goal.by        29287ms HOL-Library.Extended_Nonnegative_Real 359:13215  timeout (SH 29287ms): Timed out
0.sledgehammer goal.unfolding 35315ms HOL-Library.Extended_Nonnegative_Real 367:13519  timeout (SH 35315ms): Timed out
0.sledgehammer goal.by        127767ms HOL-Library.Extended_Nonnegative_Real 367:13550  some (SH 127767ms, ATP 943ms): Try this: by (smt (z3) abs_ereal_ge0 add.commute add_top enn2ereal_inverse enn2ereal_nonneg ereal_diff_add_inverse plus_ennreal.rep_eq zero_le) (215 ms)
0.sledgehammer goal.unfolding 153471ms HOL-Library.Extended_Nonnegative_Real 370:13690  timeout (SH 153471ms):
0.sledgehammer goal.by        153653ms HOL-Library.Extended_Nonnegative_Real 370:13721  timeout (SH 153653ms):
0.sledgehammer goal.by         3520ms HOL-Library.Extended_Nonnegative_Real 452:16641  some (SH 3520ms, ATP 219ms): Try this: using ennreal_zero_less_top by order (0.3 ms)
0.sledgehammer goal.by         5203ms HOL-Library.Extended_Nonnegative_Real 455:16737  some (SH 5203ms, ATP 338ms): Try this: using ennreal_zero_neq_top by order (0.4 ms)
0.sledgehammer goal.by         5211ms HOL-Library.Extended_Nonnegative_Real 458:16832  some (SH 5211ms, ATP 323ms): Try this: using ennreal_one_less_top by order (2 ms)
0.sledgehammer goal.by        46358ms HOL-Library.Extended_Nonnegative_Real 486:17754  timeout (SH 46358ms): Timed out
0.sledgehammer goal.by         7730ms HOL-Library.Extended_Nonnegative_Real 491:17950  some (SH 7730ms, ATP 203ms): Try this: by argo (42 ms)
0.sledgehammer goal.by        34062ms HOL-Library.Extended_Nonnegative_Real 504:18371  timeout (SH 34062ms): Timed out
0.sledgehammer goal.by        34028ms HOL-Library.Extended_Nonnegative_Real 509:18561  timeout (SH 34028ms): Timed out
0.sledgehammer goal.by        43582ms HOL-Library.Extended_Nonnegative_Real 527:19228  timeout (SH 43582ms): Timed out
0.sledgehammer goal.by        18624ms HOL-Library.Extended_Nonnegative_Real 530:19354  timeout (SH 18624ms): Timed out
0.sledgehammer goal.by        39465ms HOL-Library.Extended_Nonnegative_Real 571:20650  timeout (SH 39465ms): Timed out
0.sledgehammer goal.by        111110ms HOL-Library.Extended_Nonnegative_Real 575:20822  some (SH 111110ms, ATP 4671ms): Try this: by (smt (verit, ccfv_threshold) add.right_neutral distrib_left distrib_right dual_order.refl ennreal_add_left_cancel ennreal_mult_eq_top_iff infinity_ennreal_def leI le_iff_add le_numeral_extra(1) le_zero_eq linorder_linear mult_mono' mult_zero_right nle_le no_zero_divisors zero_le) (350 ms)
0.sledgehammer goal.by        32903ms HOL-Library.Extended_Nonnegative_Real 578:20959  timeout (SH 32903ms): Timed out
0.sledgehammer goal.proof      1640ms HOL-Library.Extended_Nonnegative_Real 581:21038  none (SH 1640ms): Prover error:
0.sledgehammer goal.by        25948ms HOL-Library.Extended_Nonnegative_Real 591:21417  timeout (SH 25948ms): Timed out
0.sledgehammer goal.by        158388ms HOL-Library.Extended_Nonnegative_Real 595:21555  timeout (SH 158388ms):
0.sledgehammer goal.by        163234ms HOL-Library.Extended_Nonnegative_Real 619:22375  timeout (SH 163234ms):
0.sledgehammer goal.unfolding 28626ms HOL-Library.Extended_Nonnegative_Real 624:22578  timeout (SH 28626ms): Timed out
0.sledgehammer goal.apply     28714ms HOL-Library.Extended_Nonnegative_Real 625:22609  timeout (SH 28714ms): Timed out
0.sledgehammer goal.by        68885ms HOL-Library.Extended_Nonnegative_Real 626:22626  some (SH 68885ms, ATP 5070ms): Try this: by (smt (verit, del_insts) divide_ereal_def ereal_divide_eq ereal_mult_cancel_left ereal_mult_eq_PInfty ereal_times_divide_eq_left ereal_zero_times less_eq_ereal_def linorder_not_less not_MInfty_nonneg times_ereal_1 top_ereal_def) (657 ms)
0.sledgehammer goal.unfolding 34093ms HOL-Library.Extended_Nonnegative_Real 629:22798  timeout (SH 34093ms): Timed out
0.sledgehammer goal.apply     32851ms HOL-Library.Extended_Nonnegative_Real 630:22850  timeout (SH 32851ms): Timed out
0.sledgehammer goal.by        162921ms HOL-Library.Extended_Nonnegative_Real 632:22889  timeout (SH 162921ms):
0.sledgehammer goal.by        28370ms HOL-Library.Extended_Nonnegative_Real 658:23621  timeout (SH 28370ms): Timed out
0.sledgehammer goal.by        25345ms HOL-Library.Extended_Nonnegative_Real 666:23934  timeout (SH 25345ms): Timed out
0.sledgehammer goal.unfolding 21851ms HOL-Library.Extended_Nonnegative_Real 672:24195  timeout (SH 21851ms): Timed out
0.sledgehammer goal.by        31461ms HOL-Library.Extended_Nonnegative_Real 679:24479  timeout (SH 31461ms): Timed out
0.sledgehammer goal.by        28566ms HOL-Library.Extended_Nonnegative_Real 682:24590  timeout (SH 28566ms): Timed out
0.sledgehammer goal.by        72071ms HOL-Library.Extended_Nonnegative_Real 690:24923  some (SH 72071ms, ATP 1204ms): Try this: by (smt (cvc5) add.commute add_0 comm_semiring_class.distrib distrib_left enn2ereal_nonneg ennreal_add_left_cancel ennreal_inverse_top ennreal_mult_less_top ereal_inverse_eq_0 inverse_ennreal.rep_eq less_ennreal.rep_eq less_eq_ennreal.rep_eq mult_divide_eq_ennreal nless_le nless_le not_MInfty_nonneg top.not_eq_extremum zero_ennreal.rep_eq)
0.sledgehammer goal.apply     103639ms HOL-Library.Extended_Nonnegative_Real 711:25821  some (SH 103639ms, ATP 808ms): Try this: by (smt (z3) enn2ereal_inject ennreal_inverse_positive ennreal_inverse_zero ereal_inverse_mult inverse_ennreal.rep_eq mult_eq_0_iff not_gr_zero times_ennreal.rep_eq top.not_eq_extremum zero_ennreal.rep_eq) (402 ms)
0.sledgehammer goal.unfolding 102577ms HOL-Library.Extended_Nonnegative_Real 736:26773  some (SH 102577ms, ATP 243ms): Try this: by (smt (verit, ccfv_SIG) ennreal_divide_eq_0_iff ennreal_divide_zero ennreal_times_divide mult_1 mult_divide_eq_ennreal zero_neq_one) (547 ms)
0.sledgehammer goal.apply     122856ms HOL-Library.Extended_Nonnegative_Real 753:27253  some (SH 122856ms, ATP 1179ms): Try this: by (smt (cvc5) cvc_arith_rewrite_defs(5) ennreal_add_less_top ereal_eq_minus_iff ereal_less_minus_iff less_ennreal.rep_eq less_ennreal_def max_def minus_ennreal.rep_eq not_MInfty_nonneg not_less_zero order_less_trans order_less_trans plus_ennreal.rep_eq plus_ennreal_def zero_ennreal.rep_eq)
0.sledgehammer goal.by        166251ms HOL-Library.Extended_Nonnegative_Real 769:27827  some (SH 166251ms, ATP 775ms): Try this: by (smt (z3) add_mono_thms_linordered_semiring(3) add_strict_mono add_top diff_add_cancel_ennreal ennreal_minus_pos_iff le_zero_eq nle_le nless_le order_trans) (653 ms)
0.sledgehammer goal.apply     32236ms HOL-Library.Extended_Nonnegative_Real 790:28540  timeout (SH 32236ms): Timed out
0.sledgehammer goal.by        31218ms HOL-Library.Extended_Nonnegative_Real 792:28582  timeout (SH 31218ms): Timed out
0.sledgehammer goal.by        15968ms HOL-Library.Extended_Nonnegative_Real 827:29857  some (SH 15968ms, ATP 593ms): Try this: by (smt (z3) ennreal_eq_zero_iff ennreal_neg not_gr_zero) (100 ms)
0.sledgehammer goal.by        21016ms HOL-Library.Extended_Nonnegative_Real 830:29954  some (SH 21016ms, ATP 563ms): Try this: by (smt (z3) ennreal_less_iff ennreal_neg) (51 ms)
0.sledgehammer goal.by        23650ms HOL-Library.Extended_Nonnegative_Real 833:30069  some (SH 23650ms, ATP 529ms): Try this: by (smt (verit, ccfv_SIG) ennreal_le_iff ennreal_neg) (159 ms)
0.sledgehammer goal.by        134285ms HOL-Library.Extended_Nonnegative_Real 845:30541  some (SH 134284ms, ATP 263ms): Try this: by (smt (z3) e2ennreal_neg enn2ereal_ennreal ennreal.abs_eq ennreal.rep_eq ennreal_neg sup.order_iff zero_ennreal.rep_eq) (72 ms)
0.sledgehammer goal.by        15265ms HOL-Library.Extended_Nonnegative_Real 854:30831  some (SH 15265ms, ATP 473ms): Try this: by (smt (z3) ennreal_less_zero_iff ennreal_neg) (66 ms)
0.sledgehammer goal.by        24591ms HOL-Library.Extended_Nonnegative_Real 857:30963  some (SH 24591ms, ATP 595ms): Try this: by (smt (verit) ennreal_0 ennreal_le_iff le_zero_eq) (183 ms)
0.sledgehammer goal.by        19249ms HOL-Library.Extended_Nonnegative_Real 860:31077  some (SH 19249ms, ATP 490ms): Try this: by (smt (verit) ennreal_0 ennreal_1 ennreal_inj ennreal_leI not_one_le_zero) (162 ms)
0.sledgehammer goal.by         9039ms HOL-Library.Extended_Nonnegative_Real 863:31195  some (SH 9039ms, ATP 431ms): Try this: by (smt (verit, ccfv_threshold) ennreal_1 ennreal_le_iff) (84 ms)
0.sledgehammer goal.by        13673ms HOL-Library.Extended_Nonnegative_Real 866:31313  some (SH 13673ms, ATP 426ms): Try this: by (smt (z3) ennreal_1 ennreal_le_iff2) (117 ms)
0.sledgehammer goal.by         9626ms HOL-Library.Extended_Nonnegative_Real 869:31435  some (SH 9626ms, ATP 466ms): Try this: by (smt (z3) ennreal_1 ennreal_less_iff) (67 ms)
0.sledgehammer goal.by        33439ms HOL-Library.Extended_Nonnegative_Real 873:31564  timeout (SH 33439ms): Timed out
0.sledgehammer goal.by        164487ms HOL-Library.Extended_Nonnegative_Real 876:31704  timeout (SH 164487ms):
0.sledgehammer goal.by        33942ms HOL-Library.Extended_Nonnegative_Real 879:31900  timeout (SH 33942ms): Timed out
0.sledgehammer goal.using     33815ms HOL-Library.Extended_Nonnegative_Real 884:32120  timeout (SH 33815ms): Timed out
0.sledgehammer goal.proof     33138ms HOL-Library.Extended_Nonnegative_Real 885:32132  timeout (SH 33138ms): Timed out
0.sledgehammer goal.by        18226ms HOL-Library.Extended_Nonnegative_Real 904:32869  some (SH 18226ms, ATP 427ms): Try this: by (smt (z3) ennreal_1 ennreal_eq_zero_iff indicator_eq_0_iff indicator_eq_1_iff) (49 ms)
0.sledgehammer goal.by        20366ms HOL-Library.Extended_Nonnegative_Real 910:33110  some (SH 20366ms, ATP 568ms): Try this: by (smt (verit, del_insts) ennreal_lessI ennreal_less_iff ennreal_numeral zero_less_numeral) (220 ms)
0.sledgehammer goal.using     21922ms HOL-Library.Extended_Nonnegative_Real 913:33271  some (SH 21922ms, ATP 547ms): Try this: by (smt (verit, del_insts) ennreal_less_iff ennreal_numeral not_numeral_less_zero) (89 ms)
0.sledgehammer goal.by        52981ms HOL-Library.Extended_Nonnegative_Real 919:33534  some (SH 52981ms, ATP 5035ms): Try this: by (smt (verit, del_insts) enn2ereal_ennreal ennreal_lessI ereal_less_eq(3) less_eq_ennreal.rep_eq min.absorb2 min.absorb3) (273 ms)
0.sledgehammer goal.by        33405ms HOL-Library.Extended_Nonnegative_Real 922:33618  timeout (SH 33405ms): Timed out
0.sledgehammer goal.by        33578ms HOL-Library.Extended_Nonnegative_Real 925:33709  timeout (SH 33578ms): Timed out
0.sledgehammer goal.by        86459ms HOL-Library.Extended_Nonnegative_Real 938:34207  some (SH 86459ms, ATP 555ms): Try this: by (smt (z3) ennreal_mult ennreal_neg mult_eq_0_iff zero_le_mult_iff) (194 ms)
0.sledgehammer goal.by        83853ms HOL-Library.Extended_Nonnegative_Real 944:34482  some (SH 83853ms, ATP 524ms): Try this: by (smt (z3) ennreal_mult ennreal_neg mult_eq_0_iff zero_le_mult_iff) (184 ms)
0.sledgehammer goal.by        28689ms HOL-Library.Extended_Nonnegative_Real 950:34741  timeout (SH 28689ms): Timed out
0.sledgehammer goal.by        64650ms HOL-Library.Extended_Nonnegative_Real 956:34990  some (SH 64650ms, ATP 2199ms): Try this: by (smt (cvc5) divide_ennreal_def ennreal_0 ennreal_1 ennreal_eq_0_iff ennreal_eq_zero_iff ennreal_inverse_1 ennreal_inverse_mult' ennreal_inverse_zero ennreal_less_zero_iff ennreal_mult' inverse_negative_iff_negative inverse_positive_iff_positive left_inverse mult.right_neutral mult_1s(1) mult_divide_eq_ennreal right_inverse top_neq_ennreal)
0.sledgehammer goal.proof     33589ms HOL-Library.Extended_Nonnegative_Real 962:35276  timeout (SH 33589ms): Timed out
0.sledgehammer goal.proof     170107ms HOL-Library.Extended_Nonnegative_Real 967:35439  timeout (SH 170107ms):
0.sledgehammer goal.by        153415ms HOL-Library.Extended_Nonnegative_Real 969:35500  timeout (SH 153415ms):
0.sledgehammer goal.by        23745ms HOL-Library.Extended_Nonnegative_Real 979:35955  some (SH 23745ms, ATP 418ms): Try this: by (smt (z3) divide_ennreal ennreal_numeral not_numeral_le_zero) (102 ms)
0.sledgehammer goal.by        34394ms HOL-Library.Extended_Nonnegative_Real 982:36089  timeout (SH 34394ms): Timed out
0.sledgehammer goal.using     33933ms HOL-Library.Extended_Nonnegative_Real 988:36285  timeout (SH 33933ms): Timed out
0.sledgehammer goal.by        33906ms HOL-Library.Extended_Nonnegative_Real 988:36297  timeout (SH 33906ms): Timed out
0.sledgehammer goal.apply     29010ms HOL-Library.Extended_Nonnegative_Real 995:36624  timeout (SH 29010ms): Timed out
0.sledgehammer goal.apply     32976ms HOL-Library.Extended_Nonnegative_Real 996:36662  timeout (SH 32976ms): Timed out
0.sledgehammer goal.apply     33232ms HOL-Library.Extended_Nonnegative_Real 997:36700  timeout (SH 33232ms): Timed out
0.sledgehammer goal.proof     75740ms HOL-Library.Extended_Nonnegative_Real 1003:36917  some (SH 75740ms, ATP 2602ms): Try this: by (smt (z3) enn2ereal_ennreal enn2ereal_nonneg ereal_dense3 ereal_less_eq(5) less_ennreal.rep_eq nless_le order_trans) (103 ms)
0.sledgehammer goal.using     66170ms HOL-Library.Extended_Nonnegative_Real 1010:37141  some (SH 66170ms, ATP 473ms): Try this: by (smt (verit, del_insts) ereal_le_less not_less_iff_gr_or_eq xy(1) zero_ereal_def zero_le_of_rat_iff) (109 ms)
0.sledgehammer goal.by        33642ms HOL-Library.Extended_Nonnegative_Real 1016:37432  timeout (SH 33642ms): Timed out
0.sledgehammer goal.by        33400ms HOL-Library.Extended_Nonnegative_Real 1027:37843  timeout (SH 33400ms): Timed out
0.sledgehammer goal.unfolding 18094ms HOL-Library.Extended_Nonnegative_Real 1048:38605  some (SH 18094ms, ATP 413ms): Try this: by (smt (z3) enn2real_ennreal ennreal_1) (59 ms)
0.sledgehammer goal.unfolding 97258ms HOL-Library.Extended_Nonnegative_Real 1054:38825  some (SH 97258ms, ATP 964ms): Try this: by (smt (z3) enn2real_ennreal enn2real_nonneg enn2real_top ennreal_enn2real ennreal_mult ennreal_mult_less_top mult_eq_0_iff mult_nonneg_nonneg top.not_eq_extremum) (246 ms)
0.sledgehammer goal.by        26802ms HOL-Library.Extended_Nonnegative_Real 1061:39105  some (SH 26802ms, ATP 541ms): Try this: by (smt (z3) enn2real_0 enn2real_nonneg enn2real_top ennreal_0 ennreal_enn2real not_gr_zero top.not_eq_extremum) (108 ms)
0.sledgehammer goal.by        158912ms HOL-Library.Extended_Nonnegative_Real 1098:40410  timeout (SH 158912ms):
0.sledgehammer goal.proof     33955ms HOL-Library.Extended_Nonnegative_Real 1104:40690  timeout (SH 33955ms): Timed out
0.sledgehammer goal.unfolding 33380ms HOL-Library.Extended_Nonnegative_Real 1106:40768  timeout (SH 33380ms): Timed out
0.sledgehammer goal.proof     33364ms HOL-Library.Extended_Nonnegative_Real 1107:40793  timeout (SH 33363ms): Timed out
0.sledgehammer goal.proof     33449ms HOL-Library.Extended_Nonnegative_Real 1114:41077  timeout (SH 33448ms): Timed out
0.sledgehammer goal.by        33661ms HOL-Library.Extended_Nonnegative_Real 1122:41374  timeout (SH 33661ms): Timed out
0.sledgehammer goal.unfolding  6331ms HOL-Library.Extended_Nonnegative_Real 1129:41634  some (SH 6331ms, ATP 362ms): Try this: by order (2 ms)
0.sledgehammer goal.by        84825ms HOL-Library.Extended_Nonnegative_Real 1132:41693  some (SH 84825ms, ATP 3910ms): Try this: by (smt (cvc5, trigger_max) ennreal_of_enat_le_iff imageE le_Sup_iff linorder_not_le nle_le) (601 ms)
0.sledgehammer goal.proof     34478ms HOL-Library.Extended_Nonnegative_Real 1140:42010  timeout (SH 34477ms): Timed out
0.sledgehammer goal.by        33673ms HOL-Library.Extended_Nonnegative_Real 1148:42338  timeout (SH 33673ms): Timed out
0.sledgehammer goal.using     33952ms HOL-Library.Extended_Nonnegative_Real 1154:42533  timeout (SH 33951ms): Timed out
0.sledgehammer goal.by        29983ms HOL-Library.Extended_Nonnegative_Real 1155:42558  timeout (SH 29983ms): Timed out
0.sledgehammer goal.by        33423ms HOL-Library.Extended_Nonnegative_Real 1161:42877  timeout (SH 33423ms): Timed out
0.sledgehammer goal.proof      2996ms HOL-Library.Extended_Nonnegative_Real 1172:43266  none (SH 2996ms): Prover error:
0.sledgehammer goal.proof     29426ms HOL-Library.Extended_Nonnegative_Real 1189:43707  timeout (SH 29426ms): Timed out
0.sledgehammer goal.proof     28588ms HOL-Library.Extended_Nonnegative_Real 1191:43792  timeout (SH 28588ms): Timed out
0.sledgehammer goal.by        32993ms HOL-Library.Extended_Nonnegative_Real 1193:43877  timeout (SH 32993ms): Timed out
0.sledgehammer goal.by        33455ms HOL-Library.Extended_Nonnegative_Real 1195:43991  timeout (SH 33455ms): Timed out
0.sledgehammer goal.by        30334ms HOL-Library.Extended_Nonnegative_Real 1204:44314  timeout (SH 30334ms): Timed out
0.sledgehammer goal.proof     30150ms HOL-Library.Extended_Nonnegative_Real 1213:44761  timeout (SH 30150ms): Timed out
0.sledgehammer goal.by        28572ms HOL-Library.Extended_Nonnegative_Real 1215:44843  timeout (SH 28572ms): Timed out
0.sledgehammer goal.proof     30318ms HOL-Library.Extended_Nonnegative_Real 1220:45083  timeout (SH 30318ms): Timed out
0.sledgehammer goal.by        28431ms HOL-Library.Extended_Nonnegative_Real 1222:45163  timeout (SH 28431ms): Timed out
0.sledgehammer goal.unfolding 33623ms HOL-Library.Extended_Nonnegative_Real 1228:45380  timeout (SH 33623ms): Timed out
0.sledgehammer goal.by        33271ms HOL-Library.Extended_Nonnegative_Real 1229:45411  timeout (SH 33270ms): Timed out
0.sledgehammer goal.by        33717ms HOL-Library.Extended_Nonnegative_Real 1233:45610  timeout (SH 33717ms): Timed out
0.sledgehammer goal.using     34183ms HOL-Library.Extended_Nonnegative_Real 1237:45813  timeout (SH 34183ms): Timed out
0.sledgehammer goal.by        33634ms HOL-Library.Extended_Nonnegative_Real 1237:45860  timeout (SH 33634ms): Timed out
0.sledgehammer goal.unfolding 33874ms HOL-Library.Extended_Nonnegative_Real 1242:46059  timeout (SH 33874ms): Timed out
0.sledgehammer goal.by        33742ms HOL-Library.Extended_Nonnegative_Real 1242:46088  timeout (SH 33742ms): Timed out
0.sledgehammer goal.proof     32883ms HOL-Library.Extended_Nonnegative_Real 1246:46273  timeout (SH 32883ms): Timed out
0.sledgehammer goal.using     33968ms HOL-Library.Extended_Nonnegative_Real 1248:46385  timeout (SH 33968ms): Timed out
0.sledgehammer goal.by        65633ms HOL-Library.Extended_Nonnegative_Real 1255:46758  some (SH 65633ms, ATP 1178ms): Try this: by (smt (verit, ccfv_SIG) continuous_on_cong cr_ennreal_def ennreal.pcr_cr_eq rel_funI rel_fun_eq_rel) (1.2 s)
0.sledgehammer goal.proof     31162ms HOL-Library.Extended_Nonnegative_Real 1260:46948  timeout (SH 31162ms): Timed out
0.sledgehammer goal.using     33069ms HOL-Library.Extended_Nonnegative_Real 1262:47101  timeout (SH 33069ms): Timed out
0.sledgehammer goal.by        33894ms HOL-Library.Extended_Nonnegative_Real 1262:47152  timeout (SH 33894ms): Timed out
0.sledgehammer goal.using     34381ms HOL-Library.Extended_Nonnegative_Real 1264:47241  timeout (SH 34381ms): Timed out
0.sledgehammer goal.by        34772ms HOL-Library.Extended_Nonnegative_Real 1264:47278  timeout (SH 34772ms): Timed out
0.sledgehammer goal.by        33777ms HOL-Library.Extended_Nonnegative_Real 1269:47414  timeout (SH 33777ms): Timed out
0.sledgehammer goal.proof     33943ms HOL-Library.Extended_Nonnegative_Real 1275:47647  timeout (SH 33943ms): Timed out
0.sledgehammer goal.using     29539ms HOL-Library.Extended_Nonnegative_Real 1278:47764  timeout (SH 29538ms): Timed out
0.sledgehammer goal.by        28943ms HOL-Library.Extended_Nonnegative_Real 1279:47794  timeout (SH 28943ms): Timed out
0.sledgehammer goal.using     34088ms HOL-Library.Extended_Nonnegative_Real 1281:47852  timeout (SH 34088ms): Timed out
0.sledgehammer goal.by        33832ms HOL-Library.Extended_Nonnegative_Real 1281:47916  timeout (SH 33832ms): Timed out
0.sledgehammer goal.proof     33684ms HOL-Library.Extended_Nonnegative_Real 1287:48070  timeout (SH 33684ms): Timed out
0.sledgehammer goal.using     33905ms HOL-Library.Extended_Nonnegative_Real 1290:48111  timeout (SH 33905ms): Timed out
0.sledgehammer goal.by        33962ms HOL-Library.Extended_Nonnegative_Real 1290:48122  timeout (SH 33962ms): Timed out
0.sledgehammer goal.using     29293ms HOL-Library.Extended_Nonnegative_Real 1298:48457  timeout (SH 29293ms): Timed out
0.sledgehammer goal.by        33368ms HOL-Library.Extended_Nonnegative_Real 1298:48468  timeout (SH 33368ms): Timed out
0.sledgehammer goal.by        34171ms HOL-Library.Extended_Nonnegative_Real 1300:48538  timeout (SH 34171ms): Timed out
0.sledgehammer goal.using     34384ms HOL-Library.Extended_Nonnegative_Real 1304:48666  timeout (SH 34384ms): Timed out
0.sledgehammer goal.by        29331ms HOL-Library.Extended_Nonnegative_Real 1306:48855  timeout (SH 29331ms): Timed out
0.sledgehammer goal.by        33858ms HOL-Library.Extended_Nonnegative_Real 1309:48949  timeout (SH 33858ms): Timed out
0.sledgehammer goal.by        34471ms HOL-Library.Extended_Nonnegative_Real 1314:49192  timeout (SH 34471ms): Timed out
0.sledgehammer goal.proof     33640ms HOL-Library.Extended_Nonnegative_Real 1319:49450  timeout (SH 33640ms): Timed out
0.sledgehammer goal.using     29399ms HOL-Library.Extended_Nonnegative_Real 1322:49601  timeout (SH 29399ms): Timed out
0.sledgehammer goal.by        34142ms HOL-Library.Extended_Nonnegative_Real 1322:49667  timeout (SH 34142ms): Timed out
0.sledgehammer goal.proof      2970ms HOL-Library.Extended_Nonnegative_Real 1326:49746  none (SH 2970ms): Prover error:
0.sledgehammer goal.using     33668ms HOL-Library.Extended_Nonnegative_Real 1328:49834  timeout (SH 33668ms): Timed out
0.sledgehammer goal.using     33962ms HOL-Library.Extended_Nonnegative_Real 1329:49887  timeout (SH 33962ms): Timed out
0.sledgehammer goal.by        33778ms HOL-Library.Extended_Nonnegative_Real 1330:49981  timeout (SH 33777ms): Timed out
0.sledgehammer goal.by        33234ms HOL-Library.Extended_Nonnegative_Real 1337:50272  timeout (SH 33234ms): Timed out
0.sledgehammer goal.using     29806ms HOL-Library.Extended_Nonnegative_Real 1340:50386  timeout (SH 29806ms): Timed out
0.sledgehammer goal.unfolding 33594ms HOL-Library.Extended_Nonnegative_Real 1343:50559  timeout (SH 33594ms): Timed out
0.sledgehammer goal.by        33307ms HOL-Library.Extended_Nonnegative_Real 1343:50578  timeout (SH 33307ms): Timed out
0.sledgehammer goal.using     33543ms HOL-Library.Extended_Nonnegative_Real 1346:50713  timeout (SH 33542ms): Timed out
0.sledgehammer goal.by        81021ms HOL-Library.Extended_Nonnegative_Real 1352:50974  some (SH 81021ms, ATP 5134ms): Try this: by (smt (verit, ccfv_SIG) enn2ereal_ennreal ennreal_0 ereal_less_eq(3) suminf_0_le suminf_cong summable_suminf_not_top sums_ennreal sums_ereal sums_iff zero_ennreal.rep_eq) (814 ms)
0.sledgehammer goal.unfolding 34482ms HOL-Library.Extended_Nonnegative_Real 1355:51154  timeout (SH 34482ms): Timed out
0.sledgehammer goal.by        33195ms HOL-Library.Extended_Nonnegative_Real 1355:51173  timeout (SH 33195ms): Timed out
0.sledgehammer goal.by        37315ms HOL-Library.Extended_Nonnegative_Real 1361:51473  some (SH 37314ms, ATP 2197ms): Try this: by (smt (cvc5, quant_saturate) cr_ennreal_def ennreal.pcr_cr_eq rel_funI rel_fun_eq_rel suminf_cong suminf_enn2ereal) (195 ms)
0.sledgehammer goal.by        29008ms HOL-Library.Extended_Nonnegative_Real 1364:51608  timeout (SH 29008ms): Timed out
0.sledgehammer goal.by        33486ms HOL-Library.Extended_Nonnegative_Real 1384:52438  timeout (SH 33486ms): Timed out
0.sledgehammer goal.proof     34297ms HOL-Library.Extended_Nonnegative_Real 1390:52701  timeout (SH 34297ms): Timed out
0.sledgehammer goal.by        33848ms HOL-Library.Extended_Nonnegative_Real 1394:52795  timeout (SH 33848ms): Timed out
0.sledgehammer goal.using     33942ms HOL-Library.Extended_Nonnegative_Real 1402:53097  timeout (SH 33942ms): Timed out
0.sledgehammer goal.using     37471ms HOL-Library.Extended_Nonnegative_Real 1403:53153  timeout (SH 37471ms): Timed out
0.sledgehammer goal.by        34928ms HOL-Library.Extended_Nonnegative_Real 1404:53227  timeout (SH 34928ms): Timed out
0.sledgehammer goal.proof     34808ms HOL-Library.Extended_Nonnegative_Real 1412:53514  timeout (SH 34808ms): Timed out
0.sledgehammer goal.by        34401ms HOL-Library.Extended_Nonnegative_Real 1414:53566  timeout (SH 34401ms): Timed out
0.sledgehammer goal.using     84290ms HOL-Library.Extended_Nonnegative_Real 1421:53888  some (SH 84290ms, ATP 440ms): Try this: by (smt (verit, ccfv_SIG) SUP_cong SUP_mult_left_ennreal divide_ennreal_def mult.commute) (204 ms)
0.sledgehammer goal.by        33667ms HOL-Library.Extended_Nonnegative_Real 1447:54799  timeout (SH 33667ms): Timed out
0.sledgehammer goal.proof     33869ms HOL-Library.Extended_Nonnegative_Real 1453:55033  timeout (SH 33869ms): Timed out
0.sledgehammer goal.by        33513ms HOL-Library.Extended_Nonnegative_Real 1455:55114  timeout (SH 33513ms): Timed out
0.sledgehammer goal.using     33572ms HOL-Library.Extended_Nonnegative_Real 1457:55201  timeout (SH 33572ms): Timed out
0.sledgehammer goal.by        33302ms HOL-Library.Extended_Nonnegative_Real 1457:55213  timeout (SH 33302ms): Timed out
0.sledgehammer goal.proof     31727ms HOL-Library.Extended_Nonnegative_Real 1467:55501  timeout (SH 31727ms): Timed out
0.sledgehammer goal.by        33665ms HOL-Library.Extended_Nonnegative_Real 1469:55603  timeout (SH 33665ms): Timed out
0.sledgehammer goal.by        33694ms HOL-Library.Extended_Nonnegative_Real 1475:55835  timeout (SH 33694ms): Timed out
0.sledgehammer goal.proof     33543ms HOL-Library.Extended_Nonnegative_Real 1477:55950  timeout (SH 33542ms): Timed out
0.sledgehammer goal.by        33650ms HOL-Library.Extended_Nonnegative_Real 1482:56204  timeout (SH 33650ms): Timed out
0.sledgehammer goal.by        33672ms HOL-Library.Extended_Nonnegative_Real 1484:56301  timeout (SH 33672ms): Timed out
0.sledgehammer goal.by        33755ms HOL-Library.Extended_Nonnegative_Real 1486:56395  timeout (SH 33755ms): Timed out
0.sledgehammer goal.by        33644ms HOL-Library.Extended_Nonnegative_Real 1488:56496  timeout (SH 33643ms): Timed out
0.sledgehammer goal.by        34466ms HOL-Library.Extended_Nonnegative_Real 1490:56595  timeout (SH 34466ms): Timed out
0.sledgehammer goal.unfolding 33892ms HOL-Library.Extended_Nonnegative_Real 1496:56795  timeout (SH 33892ms): Timed out
0.sledgehammer goal.by        34293ms HOL-Library.Extended_Nonnegative_Real 1497:56829  timeout (SH 34293ms): Timed out
0.sledgehammer goal.unfolding 33866ms HOL-Library.Extended_Nonnegative_Real 1503:57060  timeout (SH 33866ms): Timed out
0.sledgehammer goal.by        33140ms HOL-Library.Extended_Nonnegative_Real 1504:57083  timeout (SH 33140ms): Timed out
0.sledgehammer goal.apply     29392ms HOL-Library.Extended_Nonnegative_Real 1510:57293  timeout (SH 29392ms): Timed out
0.sledgehammer goal.apply     33224ms HOL-Library.Extended_Nonnegative_Real 1511:57310  timeout (SH 33223ms): Timed out
0.sledgehammer goal.by        33339ms HOL-Library.Extended_Nonnegative_Real 1512:57370  timeout (SH 33339ms): Timed out
0.sledgehammer goal.by        28993ms HOL-Library.Extended_Nonnegative_Real 1516:57566  timeout (SH 28993ms): Timed out
0.sledgehammer goal.by        34286ms HOL-Library.Extended_Nonnegative_Real 1520:57725  timeout (SH 34286ms): Timed out
0.sledgehammer goal.by        33852ms HOL-Library.Extended_Nonnegative_Real 1525:57965  timeout (SH 33852ms): Timed out
0.sledgehammer goal.using     33894ms HOL-Library.Extended_Nonnegative_Real 1531:58206  timeout (SH 33894ms): Timed out
0.sledgehammer goal.by        33440ms HOL-Library.Extended_Nonnegative_Real 1531:58240  timeout (SH 33440ms): Timed out
0.sledgehammer goal.proof     34044ms HOL-Library.Extended_Nonnegative_Real 1536:58363  timeout (SH 34044ms): Timed out
0.sledgehammer goal.using     33748ms HOL-Library.Extended_Nonnegative_Real 1540:58513  timeout (SH 33748ms): Timed out
0.sledgehammer goal.by        33289ms HOL-Library.Extended_Nonnegative_Real 1540:58525  timeout (SH 33289ms): Timed out
0.sledgehammer goal.by        33731ms HOL-Library.Extended_Nonnegative_Real 1542:58653  timeout (SH 33731ms): Timed out
0.sledgehammer goal.using     33928ms HOL-Library.Extended_Nonnegative_Real 1544:58765  timeout (SH 33928ms): Timed out
0.sledgehammer goal.by        33783ms HOL-Library.Extended_Nonnegative_Real 1544:58793  timeout (SH 33783ms): Timed out
0.sledgehammer goal.unfolding 33794ms HOL-Library.Extended_Nonnegative_Real 1546:58825  timeout (SH 33794ms): Timed out
0.sledgehammer goal.by        33535ms HOL-Library.Extended_Nonnegative_Real 1552:59011  timeout (SH 33535ms): Timed out
0.sledgehammer goal.unfolding 34475ms HOL-Library.Extended_Nonnegative_Real 1557:59234  timeout (SH 34475ms): Timed out
0.sledgehammer goal.apply     33206ms HOL-Library.Extended_Nonnegative_Real 1558:59257  timeout (SH 33206ms): Timed out
0.sledgehammer goal.using     29063ms HOL-Library.Extended_Nonnegative_Real 1560:59292  timeout (SH 29063ms): Timed out
0.sledgehammer goal.by        173681ms HOL-Library.Extended_Nonnegative_Real 1561:59326  timeout (SH 173680ms):
0.sledgehammer goal.unfolding 34075ms HOL-Library.Extended_Nonnegative_Real 1566:59545  timeout (SH 34074ms): Timed out
0.sledgehammer goal.apply     33364ms HOL-Library.Extended_Nonnegative_Real 1567:59568  timeout (SH 33364ms): Timed out
0.sledgehammer goal.using     28672ms HOL-Library.Extended_Nonnegative_Real 1569:59603  timeout (SH 28672ms): Timed out
0.sledgehammer goal.by        135053ms HOL-Library.Extended_Nonnegative_Real 1569:59633  some (SH 135053ms, ATP 1597ms): Try this: by (smt (cvc5, noematch) UnCI decseq_def mem_Collect_eq pred_fun_def rangeI sup.absorb_iff2) (381 ms)
0.sledgehammer goal.using     34107ms HOL-Library.Extended_Nonnegative_Real 1577:59913  timeout (SH 34107ms): Timed out
0.sledgehammer goal.proof     33856ms HOL-Library.Extended_Nonnegative_Real 1584:60188  timeout (SH 33856ms): Timed out
0.sledgehammer goal.by        153836ms HOL-Library.Extended_Nonnegative_Real 1593:60657  timeout (SH 153836ms):
0.sledgehammer goal.by        34134ms HOL-Library.Extended_Nonnegative_Real 1600:60930  timeout (SH 34134ms): Timed out
0.sledgehammer goal.apply     34274ms HOL-Library.Extended_Nonnegative_Real 1605:61105  timeout (SH 34274ms): Timed out
0.sledgehammer goal.apply     33420ms HOL-Library.Extended_Nonnegative_Real 1606:61122  timeout (SH 33420ms): Timed out
0.sledgehammer goal.by        159550ms HOL-Library.Extended_Nonnegative_Real 1607:61161  timeout (SH 159550ms):
0.sledgehammer goal.apply     34310ms HOL-Library.Extended_Nonnegative_Real 1612:61373  timeout (SH 34310ms): Timed out
0.sledgehammer goal.unfolding 33472ms HOL-Library.Extended_Nonnegative_Real 1613:61402  timeout (SH 33472ms): Timed out
0.sledgehammer goal.apply     33873ms HOL-Library.Extended_Nonnegative_Real 1614:61436  timeout (SH 33872ms): Timed out
0.sledgehammer goal.apply     34118ms HOL-Library.Extended_Nonnegative_Real 1615:61509  timeout (SH 34118ms): Timed out
0.sledgehammer goal.unfolding 33611ms HOL-Library.Extended_Nonnegative_Real 1621:61707  timeout (SH 33611ms): Timed out
0.sledgehammer goal.using     33199ms HOL-Library.Extended_Nonnegative_Real 1622:61749  timeout (SH 33199ms): Timed out
0.sledgehammer goal.by        34129ms HOL-Library.Extended_Nonnegative_Real 1623:61797  timeout (SH 34129ms): Timed out
0.sledgehammer goal.proof     33641ms HOL-Library.Extended_Nonnegative_Real 1627:61951  timeout (SH 33641ms): Timed out
0.sledgehammer goal.proof     33564ms HOL-Library.Extended_Nonnegative_Real 1635:62351  timeout (SH 33564ms): Timed out
0.sledgehammer goal.by        33558ms HOL-Library.Extended_Nonnegative_Real 1642:62631  timeout (SH 33558ms): Timed out
0.sledgehammer goal.by        30476ms HOL-Library.Extended_Nonnegative_Real 1650:62950  timeout (SH 30476ms): Timed out
0.sledgehammer goal.by        29114ms HOL-Library.Extended_Nonnegative_Real 1652:63050  timeout (SH 29114ms): Timed out
0.sledgehammer goal.using     29297ms HOL-Library.Extended_Nonnegative_Real 1674:63731  timeout (SH 29297ms): Timed out
0.sledgehammer goal.proof     34238ms HOL-Library.Extended_Nonnegative_Real 1682:63940  timeout (SH 34238ms): Timed out
0.sledgehammer goal.proof     34187ms HOL-Library.Extended_Nonnegative_Real 1696:64341  timeout (SH 34187ms): Timed out
0.sledgehammer goal.proof     34275ms HOL-Library.Extended_Nonnegative_Real 1698:64392  timeout (SH 34275ms): Timed out
0.sledgehammer goal.proof     34575ms HOL-Library.Extended_Nonnegative_Real 1715:64945  timeout (SH 34575ms): Timed out
0.sledgehammer goal.proof     33435ms HOL-Library.Extended_Nonnegative_Real 1717:64996  timeout (SH 33435ms): Timed out
0.sledgehammer goal.using     28941ms HOL-Library.Extended_Nonnegative_Real 1731:65414  timeout (SH 28941ms): Timed out
0.sledgehammer goal.by        29308ms HOL-Library.Extended_Nonnegative_Real 1732:65472  timeout (SH 29308ms): Timed out
0.sledgehammer goal.by        97053ms HOL-Library.Extended_Nonnegative_Real 1754:66231  some (SH 97052ms, ATP 747ms): Try this: by (smt (verit) assms(1,2) enn2real_nonneg ennreal_enn2real_if le_ennreal_iff) (249 ms)
0.sledgehammer goal.by        34016ms HOL-Library.Extended_Nonnegative_Real 1759:66426  timeout (SH 34016ms): Timed out
0.sledgehammer goal.unfolding 33838ms HOL-Library.Extended_Nonnegative_Real 1763:66579  timeout (SH 33838ms): Timed out
0.sledgehammer goal.using     34012ms HOL-Library.Extended_Nonnegative_Real 1764:66638  timeout (SH 34012ms): Timed out
0.sledgehammer goal.by        28954ms HOL-Library.Extended_Nonnegative_Real 1765:66700  timeout (SH 28954ms): Timed out
0.sledgehammer goal.by        154529ms HOL-Library.Extended_Nonnegative_Real 1786:67580  timeout (SH 154529ms):
0.sledgehammer goal.proof     30585ms HOL-Library.Extended_Nonnegative_Real 1792:67754  timeout (SH 30585ms): Timed out
0.sledgehammer goal.by        29557ms HOL-Library.Extended_Nonnegative_Real 1798:68033  timeout (SH 29557ms): Timed out
0.sledgehammer goal.by        115337ms HOL-Library.Extended_Nonnegative_Real 1829:69087  some (SH 115337ms, ATP 1099ms): Try this: by (smt (cvc5) diff_add_cancel_ennreal diff_le_self_ennreal ennreal_0 ennreal_add_diff_cancel_left ennreal_diff_add_assoc ennreal_minus_eq_0 ennreal_minus_pos_iff ennreal_mono_minus less_ennreal_def nless_le not_gr_zero order.strict_trans2 top.not_eq_extremum)
0.sledgehammer goal.by        153988ms HOL-Library.Extended_Nonnegative_Real 1837:69426  timeout (SH 153988ms):
0.sledgehammer goal.by        155504ms HOL-Library.Extended_Nonnegative_Real 1856:70100  timeout (SH 155504ms):
0.sledgehammer goal.by        163170ms HOL-Library.Extended_Nonnegative_Real 1864:70480  timeout (SH 163169ms):
0.sledgehammer goal.by        31624ms HOL-Library.Extended_Nonnegative_Real 1898:72125  some (SH 31624ms, ATP 710ms): Try this: by (smt (z3) ennreal_eq_0_iff ennreal_minus) (261 ms)
0.sledgehammer goal.by        154845ms HOL-Library.Extended_Nonnegative_Real 1911:72741  timeout (SH 154845ms):
0.sledgehammer goal.by        155286ms HOL-Library.Extended_Nonnegative_Real 1916:72964  timeout (SH 155286ms):
0.sledgehammer goal.apply     142438ms HOL-Library.Extended_Nonnegative_Real 1946:74240  some (SH 142438ms, ATP 1453ms): Try this: by (smt (verit, ccfv_threshold) add_diff_self_ennreal assms distrib_left divide_le_posI_ennreal ennreal_add_diff_cancel_left ennreal_diff_self ennreal_mult_eq_top_iff minus_top_ennreal mult.commute mult_divide_eq_ennreal not_gr_zero) (3.3 s)
0.sledgehammer goal.apply     138973ms HOL-Library.Extended_Nonnegative_Real 1947:74283  some (SH 138973ms, ATP 4800ms): Try this: apply (smt (cvc5) assms diff_eq_0_iff_ennreal enn2ereal_inverse enn2ereal_nonneg ennreal_inverse_top ennreal_inverse_zero ennreal_minus_top ennreal_mult_cancel_left ereal_distrib_minus_left ereal_mult_cancel_left ereal_zero_less_0_iff less_ennreal.rep_eq less_ennreal_def max_def max_def minus_ennreal.rep_eq minus_ennreal_def minus_top_ennreal mult_zero_right nle_le not_MInfty_nonneg not_less_zero times_ennreal.rep_eq times_ennreal_def top_ennreal.rep_eq top_ereal_def top_neq_ennreal zero_ennreal.rep_eq)
0.sledgehammer goal.apply      8843ms HOL-Library.Extended_Nonnegative_Real 1948:74380  some (SH 8843ms, ATP 1218ms): Try this: by argo (1 ms)
0.sledgehammer goal.by        34816ms HOL-Library.Extended_Nonnegative_Real 1953:74511  timeout (SH 34816ms): Timed out
0.sledgehammer goal.proof     34828ms HOL-Library.Extended_Nonnegative_Real 1964:75039  timeout (SH 34828ms): Timed out
0.sledgehammer goal.proof     35057ms HOL-Library.Extended_Nonnegative_Real 1967:75092  timeout (SH 35057ms): Timed out
0.sledgehammer goal.using     34980ms HOL-Library.Extended_Nonnegative_Real 1976:75530  timeout (SH 34980ms): Timed out
0.sledgehammer goal.by        34295ms HOL-Library.Extended_Nonnegative_Real 1976:75545  timeout (SH 34294ms): Timed out
0.sledgehammer goal.proof     35006ms HOL-Library.Extended_Nonnegative_Real 1988:75986  timeout (SH 35006ms): Timed out
0.sledgehammer goal.by        34441ms HOL-Library.Extended_Nonnegative_Real 1992:76258  timeout (SH 34441ms): Timed out
0.sledgehammer goal.using     34641ms HOL-Library.Extended_Nonnegative_Real 1997:76457  timeout (SH 34641ms): Timed out
0.sledgehammer goal.by        35131ms HOL-Library.Extended_Nonnegative_Real 1999:76652  timeout (SH 35131ms): Timed out
0.sledgehammer goal.unfolding 34948ms HOL-Library.Extended_Nonnegative_Real 2006:76943  timeout (SH 34948ms): Timed out
0.sledgehammer goal.by        34303ms HOL-Library.Extended_Nonnegative_Real 2007:76968  timeout (SH 34303ms): Timed out
0.sledgehammer goal.proof     34618ms HOL-Library.Extended_Real 29:906  timeout (SH 34618ms): Timed out
0.sledgehammer goal.by        33717ms HOL-Library.Extended_Real 34:1080  timeout (SH 33717ms): Timed out
0.sledgehammer goal.unfolding 34441ms HOL-Library.Extended_Real 41:1320  timeout (SH 34441ms): Timed out
0.sledgehammer goal.proof     33544ms HOL-Library.Extended_Real 42:1349  timeout (SH 33544ms): Timed out
0.sledgehammer goal.using     33189ms HOL-Library.Extended_Real 44:1450  timeout (SH 33189ms): Timed out
0.sledgehammer goal.by        33986ms HOL-Library.Extended_Real 44:1504  timeout (SH 33986ms): Timed out
0.sledgehammer goal.proof     33877ms HOL-Library.Extended_Real 52:1765  timeout (SH 33877ms): Timed out
0.sledgehammer goal.unfolding 34251ms HOL-Library.Extended_Real 58:1905  timeout (SH 34251ms): Timed out
0.sledgehammer goal.proof     33347ms HOL-Library.Extended_Real 59:1935  timeout (SH 33347ms): Timed out
0.sledgehammer goal.unfolding 34546ms HOL-Library.Extended_Real 64:2179  timeout (SH 34546ms): Timed out
0.sledgehammer goal.using     34520ms HOL-Library.Extended_Real 65:2224  timeout (SH 34520ms): Timed out
0.sledgehammer goal.unfolding 32717ms HOL-Library.Extended_Real 80:2920  timeout (SH 32717ms): Timed out
0.sledgehammer goal.proof     33880ms HOL-Library.Extended_Real 81:2949  timeout (SH 33880ms): Timed out
0.sledgehammer goal.using     34212ms HOL-Library.Extended_Real 85:3060  timeout (SH 34212ms): Timed out
0.sledgehammer goal.by        34038ms HOL-Library.Extended_Real 86:3121  timeout (SH 34038ms): Timed out
0.sledgehammer goal.proof     34463ms HOL-Library.Extended_Real 94:3384  timeout (SH 34463ms): Timed out
0.sledgehammer goal.unfolding 34927ms HOL-Library.Extended_Real 100:3525  timeout (SH 34927ms): Timed out
0.sledgehammer goal.proof     33537ms HOL-Library.Extended_Real 101:3555  timeout (SH 33537ms): Timed out
0.sledgehammer goal.unfolding 34305ms HOL-Library.Extended_Real 107:3781  timeout (SH 34305ms): Timed out
0.sledgehammer goal.using     34676ms HOL-Library.Extended_Real 108:3826  timeout (SH 34676ms): Timed out
0.sledgehammer goal.proof      2958ms HOL-Library.Extended_Real 126:4479  none (SH 2958ms): Prover error:
0.sledgehammer goal.proof     29487ms HOL-Library.Extended_Real 131:4549  timeout (SH 29487ms): Timed out
0.sledgehammer goal.by        33846ms HOL-Library.Extended_Real 134:4616  timeout (SH 33846ms): Timed out
0.sledgehammer goal.using     31182ms HOL-Library.Extended_Real 140:4749  timeout (SH 31181ms): Timed out
0.sledgehammer goal.by        33865ms HOL-Library.Extended_Real 140:4766  timeout (SH 33865ms): Timed out
0.sledgehammer goal.proof     33323ms HOL-Library.Extended_Real 148:4932  timeout (SH 33323ms): Timed out
0.sledgehammer goal.by        34906ms HOL-Library.Extended_Real 151:5013  timeout (SH 34906ms): Timed out
0.sledgehammer goal.by         5181ms HOL-Library.Extended_Real 155:5146  some (SH 5181ms, ATP 391ms): Try this: by argo (1 ms)
0.sledgehammer goal.using     34969ms HOL-Library.Extended_Real 159:5261  timeout (SH 34968ms): Timed out
0.sledgehammer goal.by        34382ms HOL-Library.Extended_Real 159:5280  timeout (SH 34381ms): Timed out
0.sledgehammer goal.unfolding  4162ms HOL-Library.Extended_Real 167:5554  some (SH 4162ms, ATP 377ms): Try this: using open_enat_def apply argo (1 ms)
0.sledgehammer goal.proof     33254ms HOL-Library.Extended_Real 169:5623  timeout (SH 33254ms): Timed out
0.sledgehammer goal.by        33341ms HOL-Library.Extended_Real 174:5785  timeout (SH 33341ms): Timed out
0.sledgehammer goal.proof     33762ms HOL-Library.Extended_Real 187:6123  timeout (SH 33762ms): Timed out
0.sledgehammer goal.proof     33558ms HOL-Library.Extended_Real 189:6184  timeout (SH 33557ms): Timed out
0.sledgehammer goal.unfolding 33179ms HOL-Library.Extended_Real 191:6261  timeout (SH 33179ms): Timed out
0.sledgehammer goal.using     33707ms HOL-Library.Extended_Real 192:6286  timeout (SH 33707ms): Timed out
0.sledgehammer goal.by        34216ms HOL-Library.Extended_Real 192:6303  timeout (SH 34216ms): Timed out
0.sledgehammer goal.unfolding 33977ms HOL-Library.Extended_Real 194:6420  timeout (SH 33977ms): Timed out
0.sledgehammer goal.by        33339ms HOL-Library.Extended_Real 195:6445  timeout (SH 33339ms): Timed out
0.sledgehammer goal.proof      2658ms HOL-Library.Extended_Real 202:6696  none (SH 2658ms): Prover error:
0.sledgehammer goal.by        34202ms HOL-Library.Extended_Real 212:7205  timeout (SH 34202ms): Timed out
0.sledgehammer goal.by        34177ms HOL-Library.Extended_Real 214:7340  timeout (SH 34177ms): Timed out
0.sledgehammer goal.by        33205ms HOL-Library.Extended_Real 286:9162  timeout (SH 33205ms): Timed out
0.sledgehammer goal.by        33775ms HOL-Library.Extended_Real 289:9268  timeout (SH 33775ms): Timed out
0.sledgehammer goal.by        33628ms HOL-Library.Extended_Real 300:9554  timeout (SH 33628ms): Timed out
0.sledgehammer goal.by        34535ms HOL-Library.Extended_Real 301:9595  timeout (SH 34535ms): Timed out
0.sledgehammer goal.proof     33077ms HOL-Library.Extended_Real 308:9788  timeout (SH 33077ms): Timed out
0.sledgehammer goal.by        33654ms HOL-Library.Extended_Real 329:10197  timeout (SH 33654ms): Timed out
0.sledgehammer goal.proof     33728ms HOL-Library.Extended_Real 330:10238  timeout (SH 33728ms): Timed out
0.sledgehammer goal.using     29214ms HOL-Library.Extended_Real 340:10390  timeout (SH 29213ms): Timed out
0.sledgehammer goal.proof     33341ms HOL-Library.Extended_Real 373:11080  timeout (SH 33340ms): Timed out
0.sledgehammer goal.proof      2901ms HOL-Library.Extended_Real 398:11663  none (SH 2901ms): Prover error:
0.sledgehammer goal.by        71295ms HOL-Library.Extended_Real 401:11713  some (SH 71295ms, ATP 623ms): Try this: by (smt (verit) Infty_neq_0(2,4) ereal.inject plus_ereal.elims zero_ereal_def) (1.5 s)
0.sledgehammer goal.using     91734ms HOL-Library.Extended_Real 446:12944  some (SH 91734ms, ATP 294ms): Try this: by (smt (verit, ccfv_SIG) assms ereal.inject ereal_plus_eq_MInfty ereal_plus_eq_PInfty plus_ereal.elims) (1.8 s)
0.sledgehammer goal.by        81287ms HOL-Library.Extended_Real 446:12956  some (SH 81287ms, ATP 331ms): Try this: by (smt (verit, ccfv_SIG) ereal.inject ereal_plus_eq_MInfty ereal_plus_eq_PInfty plus_ereal.elims) (1.7 s)
0.sledgehammer goal.by        158564ms HOL-Library.Extended_Real 461:13439  timeout (SH 158564ms):
0.sledgehammer goal.proof     33329ms HOL-Library.Extended_Real 477:13774  timeout (SH 33329ms): Timed out
0.sledgehammer goal.by        34031ms HOL-Library.Extended_Real 479:13849  timeout (SH 34030ms): Timed out
0.sledgehammer goal.by        38025ms HOL-Library.Extended_Real 480:13887  some (SH 38025ms, ATP 297ms): Try this: by (smt (verit, ccfv_SIG) ereal2_cases) (1.0 s)
0.sledgehammer goal.proof      3228ms HOL-Library.Extended_Real 523:14893  none (SH 3228ms): Prover error:
0.sledgehammer goal.by        138370ms HOL-Library.Extended_Real 536:15249  some (SH 138370ms, ATP 522ms): Try this: by (smt (verit, del_insts) MInfty_neq_ereal(2) ereal.inject ereal_infty_less(1) ereal_infty_less_eq(1) less_eq_ereal_def less_ereal.elims(1)) (2.5 s)
0.sledgehammer goal.using     29209ms HOL-Library.Extended_Real 542:15366  timeout (SH 29209ms): Timed out
0.sledgehammer goal.by        28766ms HOL-Library.Extended_Real 542:15390  timeout (SH 28766ms): Timed out
0.sledgehammer goal.by         2437ms HOL-Library.Extended_Real 545:15465  none (SH 2437ms): Prover error:
0.sledgehammer goal.proof      2385ms HOL-Library.Extended_Real 548:15547  none (SH 2385ms): Prover error:
0.sledgehammer goal.by        29818ms HOL-Library.Extended_Real 552:15623  timeout (SH 29818ms): Timed out
0.sledgehammer goal.proof     32894ms HOL-Library.Extended_Real 579:16320  timeout (SH 32894ms): Timed out
0.sledgehammer goal.using     33819ms HOL-Library.Extended_Real 582:16376  timeout (SH 33819ms): Timed out
0.sledgehammer goal.by        157174ms HOL-Library.Extended_Real 590:16554  timeout (SH 157174ms):
0.sledgehammer goal.using     164792ms HOL-Library.Extended_Real 696:19415  timeout (SH 164792ms):
0.sledgehammer goal.using     43904ms HOL-Library.Extended_Real 710:19876  some (SH 43904ms, ATP 585ms): Try this: apply (smt (cvc5) MInfty_neq_PInfty(1) MInfty_neq_ereal(2) PInfty_neq_ereal(2) ereal.inject less_ereal.elims(1) uminus_ereal.elims)
0.sledgehammer goal.by        22741ms HOL-Library.Extended_Real 710:19926  some (SH 22740ms, ATP 597ms): Try this: apply (smt (verit, ccfv_threshold) ereal.inject uminus_ereal.elims) (2.0 s)
0.sledgehammer goal.proof     29868ms HOL-Library.Extended_Real 719:20129  timeout (SH 29868ms): Timed out
0.sledgehammer goal.by        33787ms HOL-Library.Extended_Real 769:21241  timeout (SH 33787ms): Timed out
0.sledgehammer goal.by        33176ms HOL-Library.Extended_Real 772:21392  timeout (SH 33176ms): Timed out
0.sledgehammer goal.proof     33614ms HOL-Library.Extended_Real 777:21519  timeout (SH 33614ms): Timed out
0.sledgehammer goal.proof     33947ms HOL-Library.Extended_Real 782:21646  timeout (SH 33947ms): Timed out
0.sledgehammer goal.by        34367ms HOL-Library.Extended_Real 787:21784  timeout (SH 34367ms): Timed out
0.sledgehammer goal.proof     29561ms HOL-Library.Extended_Real 804:22127  timeout (SH 29560ms): Timed out
0.sledgehammer goal.proof     29531ms HOL-Library.Extended_Real 809:22253  timeout (SH 29531ms): Timed out
0.sledgehammer goal.by        34138ms HOL-Library.Extended_Real 814:22407  timeout (SH 34138ms): Timed out
0.sledgehammer goal.by        29724ms HOL-Library.Extended_Real 816:22444  timeout (SH 29724ms): Timed out
0.sledgehammer goal.proof     29910ms HOL-Library.Extended_Real 825:22663  timeout (SH 29910ms): Timed out
0.sledgehammer goal.by        34222ms HOL-Library.Extended_Real 840:23069  timeout (SH 34222ms): Timed out
0.sledgehammer goal.by        38351ms HOL-Library.Extended_Real 854:23328  some (SH 38351ms, ATP 137ms): Try this: apply (smt (verit, ccfv_SIG) ereal2_cases) (431 ms)
0.sledgehammer goal.proof     33937ms HOL-Library.Extended_Real 867:23824  timeout (SH 33937ms): Timed out
0.sledgehammer goal.by        33616ms HOL-Library.Extended_Real 872:23946  timeout (SH 33616ms): Timed out
0.sledgehammer goal.proof      2960ms HOL-Library.Extended_Real 877:24048  none (SH 2960ms): Prover error:
0.sledgehammer goal.by        124064ms HOL-Library.Extended_Real 880:24098  some (SH 124064ms, ATP 874ms): Try this: by (smt (verit, best) MInfty_neq_ereal(2) PInfty_neq_ereal(2) ereal_eq_1(1) monoid.left_neutral mult.monoid_axioms times_ereal.elims) (2.1 s)
0.sledgehammer goal.by        29483ms HOL-Library.Extended_Real 884:24252  timeout (SH 29483ms): Timed out
0.sledgehammer goal.by        153935ms HOL-Library.Extended_Real 912:24959  timeout (SH 153935ms):
0.sledgehammer goal.by        173266ms HOL-Library.Extended_Real 937:25605  timeout (SH 173266ms):
0.sledgehammer goal.by        112534ms HOL-Library.Extended_Real 947:25968  some (SH 112534ms, ATP 1274ms): Try this: by (smt (cvc5) MInfty_neq_ereal(2) PInfty_neq_ereal(2) ereal_mult_eq_PInfty ereal_zero_times linorder_not_less nless_le times_ereal.elims)
0.sledgehammer goal.by        164658ms HOL-Library.Extended_Real 950:26067  timeout (SH 164658ms):
0.sledgehammer goal.by        190844ms HOL-Library.Extended_Real 958:26303  timeout (SH 190844ms):
0.sledgehammer goal.proof     161128ms HOL-Library.Extended_Real 990:27185  some (SH 161128ms, ATP 2260ms): Try this: by (smt (z3) assms(1,2) ereal_infty_less(1) ereal_less(6) ereal_mult_eq_MInfty ereal_mult_infty ereal_mult_strict_right_mono ereal_zero_times less_eq_ereal_def order_less_le_trans) (126 ms)
0.sledgehammer goal.by        104078ms HOL-Library.Extended_Real 993:27250  some (SH 104078ms, ATP 2368ms): Try this: by (smt (z3) Orderings.order_eq_iff ereal_infty_less(1) ereal_less(6) ereal_mult_infty ereal_mult_strict_right_mono less_eq_ereal_def order_less_le_trans) (257 ms)
0.sledgehammer goal.by        167736ms HOL-Library.Extended_Real 1005:27563  some (SH 167736ms, ATP 4083ms): Try this: by (smt (verit, ccfv_SIG) assms(1,2,3,4) ereal_mult_left_mono mult.commute order_subst2) (127 ms)
0.sledgehammer goal.proof     163233ms HOL-Library.Extended_Real 1017:27927  timeout (SH 163232ms):
0.sledgehammer goal.by        10199ms HOL-Library.Extended_Real 1024:28194  some (SH 10199ms, ATP 380ms): Try this: by order (0.4 ms)
0.sledgehammer goal.by        32637ms HOL-Library.Extended_Real 1042:28690  timeout (SH 32637ms): Timed out
0.sledgehammer goal.by        98785ms HOL-Library.Extended_Real 1052:29039  some (SH 98785ms, ATP 2174ms): Try this: by (smt (z3) ereal_0_le_mult ereal_0_le_uminus_iff ereal_infty_mult ereal_less(6) ereal_mult_minus_right ereal_zero_times less_eq_ereal_def mult.commute order_less_imp_not_less) (410 ms)
0.sledgehammer goal.by        220973ms HOL-Library.Extended_Real 1062:29394  some (SH 220973ms, ATP 2349ms): Try this: by (smt (verit) ereal_less(5) ereal_mult_eq_PInfty ereal_mult_left_mono ereal_mult_minus_left ereal_uminus_uminus ereal_zero_times linorder_neq_iff linorder_not_less order_less_imp_not_less) (1.1 s)
0.sledgehammer goal.by        29320ms HOL-Library.Extended_Real 1086:30081  timeout (SH 29320ms): Timed out
0.sledgehammer goal.proof     32768ms HOL-Library.Extended_Real 1089:30213  timeout (SH 32768ms): Timed out
0.sledgehammer goal.by        126383ms HOL-Library.Extended_Real 1125:31173  some (SH 126383ms, ATP 5450ms): Try this: by (smt (cvc5) MInfty_neq_ereal(2) PInfty_neq_ereal(2) distrib_right ereal.inject ereal_eq_0(1) ereal_zero_times plus_ereal.elims times_ereal.elims)
0.sledgehammer goal.by        32946ms HOL-Library.Extended_Real 1130:31359  timeout (SH 32946ms): Timed out
0.sledgehammer goal.by        33220ms HOL-Library.Extended_Real 1138:31698  timeout (SH 33220ms): Timed out
0.sledgehammer goal.proof     34282ms HOL-Library.Extended_Real 1144:31897  timeout (SH 34282ms): Timed out
0.sledgehammer goal.by        33604ms HOL-Library.Extended_Real 1151:32081  timeout (SH 33604ms): Timed out
0.sledgehammer goal.by        29993ms HOL-Library.Extended_Real 1153:32173  timeout (SH 29993ms): Timed out
0.sledgehammer goal.by        33414ms HOL-Library.Extended_Real 1174:32818  timeout (SH 33414ms): Timed out
0.sledgehammer goal.using     34507ms HOL-Library.Extended_Real 1180:32978  timeout (SH 34507ms): Timed out
0.sledgehammer goal.by        33192ms HOL-Library.Extended_Real 1181:32992  timeout (SH 33192ms): Timed out
0.sledgehammer goal.using     34176ms HOL-Library.Extended_Real 1187:33194  timeout (SH 34176ms): Timed out
0.sledgehammer goal.proof     33450ms HOL-Library.Extended_Real 1188:33206  timeout (SH 33450ms): Timed out
0.sledgehammer goal.by        33052ms HOL-Library.Extended_Real 1203:33830  timeout (SH 33052ms): Timed out
0.sledgehammer goal.by        29946ms HOL-Library.Extended_Real 1209:33985  timeout (SH 29946ms): Timed out
0.sledgehammer goal.by        32878ms HOL-Library.Extended_Real 1212:34103  timeout (SH 32878ms): Timed out
0.sledgehammer goal.by        176343ms HOL-Library.Extended_Real 1217:34256  timeout (SH 176343ms):
0.sledgehammer goal.by        28339ms HOL-Library.Extended_Real 1240:34831  timeout (SH 28339ms): Timed out
0.sledgehammer goal.by        32833ms HOL-Library.Extended_Real 1262:35323  timeout (SH 32832ms): Timed out
0.sledgehammer goal.by        65202ms HOL-Library.Extended_Real 1307:36549  some (SH 65202ms, ATP 243ms): Try this: by (smt (cvc5) ereal_eq_minus_iff ereal_le_minus_iff linorder_not_less nless_le)
0.sledgehammer goal.by        258727ms HOL-Library.Extended_Real 1337:37347  some (SH 258727ms, ATP 218ms): Try this: by (smt (z3) MInfty_neq_PInfty(1) add_left_mono ereal_add_cancel_left ereal_plus_eq_MInfty nle_le) (396 ms)
0.sledgehammer goal.by        154794ms HOL-Library.Extended_Real 1342:37537  timeout (SH 154794ms):
0.sledgehammer goal.by        174136ms HOL-Library.Extended_Real 1347:37727  timeout (SH 174136ms):
0.sledgehammer goal.using     162710ms HOL-Library.Extended_Real 1352:37903  timeout (SH 162710ms):
0.sledgehammer goal.by        166761ms HOL-Library.Extended_Real 1400:39432  some (SH 166761ms, ATP 616ms): Try this: by (smt (verit, del_insts) abs_eq_infinity_cases add.commute ereal_eq_minus ereal_minus(6) ereal_minus_eq_PInfty_iff ereal_plus_eq_MInfty ereal_uminus_uminus) (1.1 s)
0.sledgehammer goal.by        28531ms HOL-Library.Extended_Real 1403:39527  timeout (SH 28530ms): Timed out
0.sledgehammer goal.by        35811ms HOL-Library.Extended_Real 1420:39937  some (SH 35811ms, ATP 159ms): Try this: apply (smt (verit) ereal2_cases) (848 ms)
0.sledgehammer goal.by        28352ms HOL-Library.Extended_Real 1446:40625  timeout (SH 28352ms): Timed out
0.sledgehammer goal.by        175103ms HOL-Library.Extended_Real 1456:40941  timeout (SH 175103ms):
0.sledgehammer goal.unfolding 32826ms HOL-Library.Extended_Real 1472:41377  timeout (SH 32826ms): Timed out
0.sledgehammer goal.by        32900ms HOL-Library.Extended_Real 1472:41404  timeout (SH 32900ms): Timed out
0.sledgehammer goal.by        29092ms HOL-Library.Extended_Real 1489:41862  timeout (SH 29092ms): Timed out
0.sledgehammer goal.by        81171ms HOL-Library.Extended_Real 1494:42028  some (SH 81171ms, ATP 2232ms): Try this: by (smt (z3) Orderings.order_eq_iff divide_ereal_def ereal_le_divide_pos linorder_linear mult.assoc) (94 ms)
0.sledgehammer goal.by        64007ms HOL-Library.Extended_Real 1499:42195  some (SH 64007ms, ATP 4375ms): Try this: by (smt (verit, del_insts) abs_ereal_less0 divide_ereal_def ereal_divide_same ereal_less_real_iff ereal_mult_le_mult_iff ereal_uminus_uminus mult.assoc mult.commute one_ereal_def real_less_ereal_iff times_ereal_1 zero_ereal_def) (424 ms)
0.sledgehammer goal.by        153192ms HOL-Library.Extended_Real 1504:42362  timeout (SH 153192ms):
0.sledgehammer goal.by        170010ms HOL-Library.Extended_Real 1549:43566  timeout (SH 170010ms):
0.sledgehammer goal.by        169729ms HOL-Library.Extended_Real 1554:43697  timeout (SH 169728ms):
0.sledgehammer goal.proof     30424ms HOL-Library.Extended_Real 1562:43952  timeout (SH 30424ms): Timed out
0.sledgehammer goal.proof     32360ms HOL-Library.Extended_Real 1569:44088  timeout (SH 32360ms): Timed out
0.sledgehammer goal.proof     33528ms HOL-Library.Extended_Real 1572:44146  timeout (SH 33528ms): Timed out
0.sledgehammer goal.by        152852ms HOL-Library.Extended_Real 1597:44792  timeout (SH 152852ms):
0.sledgehammer goal.using     132897ms HOL-Library.Extended_Real 1638:46041  some (SH 132897ms, ATP 189ms): Try this: by (smt (z3) assms(1,2,3) ereal_distrib ereal_mult_minus_left ereal_uminus_uminus minus_ereal_def mult.commute) (54 ms)
0.sledgehammer goal.by        120902ms HOL-Library.Extended_Real 1646:46291  some (SH 120902ms, ATP 277ms): Try this: by (smt (z3) assms(1,2,3) ereal_distrib_left ereal_mult_minus_right ereal_uminus_eq_reorder minus_ereal_def mult.commute) (168 ms)
0.sledgehammer goal.by         2933ms HOL-Library.Extended_Real 1656:46526  none (SH 2933ms): Prover error:
0.sledgehammer goal.proof     33730ms HOL-Library.Extended_Real 1672:46940  timeout (SH 33730ms): Timed out
0.sledgehammer goal.proof     33349ms HOL-Library.Extended_Real 1679:47106  timeout (SH 33349ms): Timed out
0.sledgehammer goal.by        33448ms HOL-Library.Extended_Real 1682:47213  timeout (SH 33448ms): Timed out
0.sledgehammer goal.proof     33488ms HOL-Library.Extended_Real 1684:47309  timeout (SH 33488ms): Timed out
0.sledgehammer goal.by        33889ms HOL-Library.Extended_Real 1688:47452  timeout (SH 33889ms): Timed out
0.sledgehammer goal.proof     33837ms HOL-Library.Extended_Real 1691:47519  timeout (SH 33837ms): Timed out
0.sledgehammer goal.by        33703ms HOL-Library.Extended_Real 1700:47765  timeout (SH 33702ms): Timed out
0.sledgehammer goal.by        33673ms HOL-Library.Extended_Real 1705:47853  timeout (SH 33673ms): Timed out
0.sledgehammer goal.by        33713ms HOL-Library.Extended_Real 1710:47934  timeout (SH 33713ms): Timed out
0.sledgehammer goal.by        58165ms HOL-Library.Extended_Real 1717:48214  some (SH 58164ms, ATP 1020ms): Try this: by (smt (cvc5) ereal_uminus_eq_reorder ereal_uminus_le_reorder image_iff)
0.sledgehammer goal.using     33414ms HOL-Library.Extended_Real 1721:48363  timeout (SH 33414ms): Timed out
0.sledgehammer goal.unfolding 33724ms HOL-Library.Extended_Real 1722:48407  timeout (SH 33724ms): Timed out
0.sledgehammer goal.proof      3129ms HOL-Library.Extended_Real 1726:48462  none (SH 3129ms): Prover error:
0.sledgehammer goal.using     33604ms HOL-Library.Extended_Real 1728:48503  timeout (SH 33604ms): Timed out
0.sledgehammer goal.by        33941ms HOL-Library.Extended_Real 1728:48519  timeout (SH 33941ms): Timed out
0.sledgehammer goal.unfolding 89205ms HOL-Library.Extended_Real 1730:48598  some (SH 89205ms, ATP 1671ms): Try this: by (smt (cvc5, trigger_max) Inf_ereal_def antisym empty_iff ereal_less_eq(1) someI_ex top_ereal_def) (545 ms)
0.sledgehammer goal.using     118326ms HOL-Library.Extended_Real 1731:48640  some (SH 118326ms, ATP 151ms): Try this: by (smt (cvc5, trigger_last) empty_iff ereal_infty_less_eq(1) ereal_less_eq(1) someI_ex) (515 ms)
0.sledgehammer goal.by        37276ms HOL-Library.Extended_Real 1734:48795  some (SH 37276ms, ATP 680ms): Try this: apply (smt (cvc5, quant_saturate) Inf_ereal_def ereal_complete_Inf someI_ex) (314 ms)
0.sledgehammer goal.by        33947ms HOL-Library.Extended_Real 1737:48961  timeout (SH 33947ms): Timed out
0.sledgehammer goal.proof      2500ms HOL-Library.Extended_Real 1745:49113  none (SH 2500ms): Prover error:
0.sledgehammer goal.by        33467ms HOL-Library.Extended_Real 1779:50050  timeout (SH 33467ms): Timed out
0.sledgehammer goal.proof     29429ms HOL-Library.Extended_Real 1784:50312  timeout (SH 29429ms): Timed out
0.sledgehammer goal.by        33530ms HOL-Library.Extended_Real 1786:50403  timeout (SH 33529ms): Timed out
0.sledgehammer goal.by        29650ms HOL-Library.Extended_Real 1788:50555  timeout (SH 29650ms): Timed out
0.sledgehammer goal.by        33763ms HOL-Library.Extended_Real 1793:50739  timeout (SH 33763ms): Timed out
0.sledgehammer goal.proof     29796ms HOL-Library.Extended_Real 1804:51086  timeout (SH 29796ms): Timed out
0.sledgehammer goal.by        47547ms HOL-Library.Extended_Real 1807:51170  some (SH 47547ms, ATP 358ms): Try this: by (smt (z3) Int_emptyI empty_iff real_greaterThanLessThan_infinity_eq real_greaterThanLessThan_inter real_greaterThanLessThan_minus_infinity_eq) (297 ms)
0.sledgehammer goal.by        33763ms HOL-Library.Extended_Real 1811:51341  timeout (SH 33763ms): Timed out
0.sledgehammer goal.by        33338ms HOL-Library.Extended_Real 1813:51493  timeout (SH 33338ms): Timed out
0.sledgehammer goal.by        34229ms HOL-Library.Extended_Real 1815:51608  timeout (SH 34229ms): Timed out
0.sledgehammer goal.by        29621ms HOL-Library.Extended_Real 1824:51909  timeout (SH 29621ms): Timed out
0.sledgehammer goal.by        28260ms HOL-Library.Extended_Real 1835:52149  timeout (SH 28260ms): Timed out
0.sledgehammer goal.by        33467ms HOL-Library.Extended_Real 1838:52283  timeout (SH 33467ms): Timed out
0.sledgehammer goal.by        33511ms HOL-Library.Extended_Real 1843:52516  timeout (SH 33511ms): Timed out
0.sledgehammer goal.by        28772ms HOL-Library.Extended_Real 1846:52573  timeout (SH 28772ms): Timed out
0.sledgehammer goal.by        33593ms HOL-Library.Extended_Real 1862:53210  timeout (SH 33593ms): Timed out
0.sledgehammer goal.unfolding 33677ms HOL-Library.Extended_Real 1866:53456  timeout (SH 33677ms): Timed out
0.sledgehammer goal.by        33145ms HOL-Library.Extended_Real 1867:53495  timeout (SH 33145ms): Timed out
0.sledgehammer goal.by        32939ms HOL-Library.Extended_Real 1872:53750  timeout (SH 32939ms): Timed out
0.sledgehammer goal.apply     33010ms HOL-Library.Extended_Real 1877:54010  timeout (SH 33010ms): Timed out
0.sledgehammer goal.using     33745ms HOL-Library.Extended_Real 1879:54041  timeout (SH 33745ms): Timed out
0.sledgehammer goal.by        34185ms HOL-Library.Extended_Real 1880:54072  timeout (SH 34185ms): Timed out
0.sledgehammer goal.by        33928ms HOL-Library.Extended_Real 1882:54141  timeout (SH 33928ms): Timed out
0.sledgehammer goal.proof     33197ms HOL-Library.Extended_Real 1894:54669  timeout (SH 33197ms): Timed out
0.sledgehammer goal.proof     30054ms HOL-Library.Extended_Real 1906:55078  timeout (SH 30054ms): Timed out
0.sledgehammer goal.using     29508ms HOL-Library.Extended_Real 1909:55130  timeout (SH 29508ms): Timed out
0.sledgehammer goal.by        33652ms HOL-Library.Extended_Real 1910:55146  timeout (SH 33651ms): Timed out
0.sledgehammer goal.by        29789ms HOL-Library.Extended_Real 1918:55391  timeout (SH 29789ms): Timed out
0.sledgehammer goal.by         3076ms HOL-Library.Extended_Real 1931:55755  none (SH 3076ms): Prover error:
0.sledgehammer goal.using     33802ms HOL-Library.Extended_Real 1940:56108  timeout (SH 33802ms): Timed out
0.sledgehammer goal.proof     34404ms HOL-Library.Extended_Real 1946:56357  timeout (SH 34404ms): Timed out
0.sledgehammer goal.by        29673ms HOL-Library.Extended_Real 1948:56461  timeout (SH 29673ms): Timed out
0.sledgehammer goal.by        29440ms HOL-Library.Extended_Real 1950:56601  timeout (SH 29440ms): Timed out
0.sledgehammer goal.proof     29455ms HOL-Library.Extended_Real 1956:56766  timeout (SH 29455ms): Timed out
0.sledgehammer goal.by        33751ms HOL-Library.Extended_Real 1958:56849  timeout (SH 33751ms): Timed out
0.sledgehammer goal.unfolding 33443ms HOL-Library.Extended_Real 1960:56924  timeout (SH 33443ms): Timed out
0.sledgehammer goal.apply     34327ms HOL-Library.Extended_Real 1962:57052  timeout (SH 34327ms): Timed out
0.sledgehammer goal.apply      8206ms HOL-Library.Extended_Real 1963:57097  some (SH 8206ms, ATP 457ms): Try this: using ereal_less(5) top_ereal_def apply order (1 ms)
0.sledgehammer goal.using     33280ms HOL-Library.Extended_Real 1968:57258  timeout (SH 33280ms): Timed out
0.sledgehammer goal.by        34462ms HOL-Library.Extended_Real 1969:57348  timeout (SH 34462ms): Timed out
0.sledgehammer goal.proof     33659ms HOL-Library.Extended_Real 1980:57783  timeout (SH 33659ms): Timed out
0.sledgehammer goal.using     34512ms HOL-Library.Extended_Real 1982:57874  timeout (SH 34512ms): Timed out
0.sledgehammer goal.apply     29526ms HOL-Library.Extended_Real 1983:57889  timeout (SH 29526ms): Timed out
0.sledgehammer goal.apply     33511ms HOL-Library.Extended_Real 1984:57931  timeout (SH 33511ms): Timed out
0.sledgehammer goal.apply     32922ms HOL-Library.Extended_Real 1985:58004  timeout (SH 32922ms): Timed out
0.sledgehammer goal.apply     30698ms HOL-Library.Extended_Real 1986:58047  timeout (SH 30698ms): Timed out
0.sledgehammer goal.apply     33680ms HOL-Library.Extended_Real 1987:58127  timeout (SH 33680ms): Timed out
0.sledgehammer goal.apply     33231ms HOL-Library.Extended_Real 1988:58169  timeout (SH 33231ms): Timed out
0.sledgehammer goal.proof     30097ms HOL-Library.Extended_Real 1993:58360  timeout (SH 30097ms): Timed out
0.sledgehammer goal.by        33783ms HOL-Library.Extended_Real 1998:58578  timeout (SH 33783ms): Timed out
0.sledgehammer goal.by        34259ms HOL-Library.Extended_Real 2000:58648  timeout (SH 34259ms): Timed out
0.sledgehammer goal.proof     34453ms HOL-Library.Extended_Real 2007:58827  timeout (SH 34453ms): Timed out
0.sledgehammer goal.proof     30031ms HOL-Library.Extended_Real 2010:58875  timeout (SH 30031ms): Timed out
0.sledgehammer goal.proof     33993ms HOL-Library.Extended_Real 2014:59071  timeout (SH 33993ms): Timed out
0.sledgehammer goal.by        33675ms HOL-Library.Extended_Real 2016:59153  timeout (SH 33675ms): Timed out
0.sledgehammer goal.by        34222ms HOL-Library.Extended_Real 2019:59287  timeout (SH 34222ms): Timed out
0.sledgehammer goal.apply     29818ms HOL-Library.Extended_Real 2027:59541  timeout (SH 29818ms): Timed out
0.sledgehammer goal.apply     33847ms HOL-Library.Extended_Real 2028:59581  timeout (SH 33846ms): Timed out
0.sledgehammer goal.apply     29690ms HOL-Library.Extended_Real 2029:59651  timeout (SH 29690ms): Timed out
0.sledgehammer goal.apply     28606ms HOL-Library.Extended_Real 2030:59693  timeout (SH 28605ms): Timed out
0.sledgehammer goal.apply     29573ms HOL-Library.Extended_Real 2031:59759  timeout (SH 29573ms): Timed out
0.sledgehammer goal.apply     29647ms HOL-Library.Extended_Real 2032:59801  timeout (SH 29647ms): Timed out
0.sledgehammer goal.apply     29987ms HOL-Library.Extended_Real 2038:60020  timeout (SH 29987ms): Timed out
0.sledgehammer goal.apply     34590ms HOL-Library.Extended_Real 2039:60060  timeout (SH 34590ms): Timed out
0.sledgehammer goal.apply     33709ms HOL-Library.Extended_Real 2040:60130  timeout (SH 33709ms): Timed out
0.sledgehammer goal.apply     28628ms HOL-Library.Extended_Real 2041:60172  timeout (SH 28628ms): Timed out
0.sledgehammer goal.apply     33622ms HOL-Library.Extended_Real 2042:60246  timeout (SH 33621ms): Timed out
0.sledgehammer goal.apply     29023ms HOL-Library.Extended_Real 2043:60288  timeout (SH 29023ms): Timed out
0.sledgehammer goal.unfolding 33668ms HOL-Library.Extended_Real 2047:60458  timeout (SH 33668ms): Timed out
0.sledgehammer goal.by        33404ms HOL-Library.Extended_Real 2047:60483  timeout (SH 33404ms): Timed out
0.sledgehammer goal.proof     34033ms HOL-Library.Extended_Real 2052:60592  timeout (SH 34033ms): Timed out
0.sledgehammer goal.by        29539ms HOL-Library.Extended_Real 2056:60770  timeout (SH 29538ms): Timed out
0.sledgehammer goal.proof     33730ms HOL-Library.Extended_Real 2065:61161  timeout (SH 33730ms): Timed out
0.sledgehammer goal.by        29576ms HOL-Library.Extended_Real 2069:61339  timeout (SH 29576ms): Timed out
0.sledgehammer goal.proof     34423ms HOL-Library.Extended_Real 2075:61596  timeout (SH 34423ms): Timed out
0.sledgehammer goal.by        33756ms HOL-Library.Extended_Real 2077:61679  timeout (SH 33756ms): Timed out
0.sledgehammer goal.by        33508ms HOL-Library.Extended_Real 2088:62078  timeout (SH 33508ms): Timed out
0.sledgehammer goal.using     34020ms HOL-Library.Extended_Real 2111:62952  timeout (SH 34020ms): Timed out
0.sledgehammer goal.by        33816ms HOL-Library.Extended_Real 2165:64475  timeout (SH 33816ms): Timed out
0.sledgehammer goal.proof     35144ms HOL-Library.Extended_Real 2173:64729  timeout (SH 35144ms): Timed out
0.sledgehammer goal.by        34480ms HOL-Library.Extended_Real 2182:64954  timeout (SH 34480ms): Timed out
0.sledgehammer goal.using     34448ms HOL-Library.Extended_Real 2195:65436  timeout (SH 34448ms): Timed out
0.sledgehammer goal.proof     34857ms HOL-Library.Extended_Real 2206:65865  timeout (SH 34857ms): Timed out
0.sledgehammer goal.using     35931ms HOL-Library.Extended_Real 2210:65991  timeout (SH 35931ms): Timed out
0.sledgehammer goal.by        33558ms HOL-Library.Extended_Real 2218:66225  timeout (SH 33558ms): Timed out
0.sledgehammer goal.proof     33686ms HOL-Library.Extended_Real 2224:66503  timeout (SH 33686ms): Timed out
0.sledgehammer goal.by        34040ms HOL-Library.Extended_Real 2226:66571  timeout (SH 34040ms): Timed out
0.sledgehammer goal.proof     33544ms HOL-Library.Extended_Real 2236:66958  timeout (SH 33544ms): Timed out
0.sledgehammer goal.by        34068ms HOL-Library.Extended_Real 2240:67123  timeout (SH 34068ms): Timed out
0.sledgehammer goal.by        33640ms HOL-Library.Extended_Real 2244:67275  timeout (SH 33640ms): Timed out
0.sledgehammer goal.by        33542ms HOL-Library.Extended_Real 2248:67453  timeout (SH 33542ms): Timed out
0.sledgehammer goal.proof     33529ms HOL-Library.Extended_Real 2258:67821  timeout (SH 33529ms): Timed out
0.sledgehammer goal.by        33682ms HOL-Library.Extended_Real 2262:67948  timeout (SH 33682ms): Timed out
0.sledgehammer goal.using     154496ms HOL-Library.Extended_Real 2270:68274  some (SH 154496ms, ATP 248ms): Try this: by (smt (verit) INF_ereal_add_left Sup.SUP_cong add.commute assms(1,2,3)) (356 ms)
0.sledgehammer goal.by        142020ms HOL-Library.Extended_Real 2270:68309  some (SH 142020ms, ATP 224ms): Try this: by (smt (verit, ccfv_SIG) INF_cong INF_ereal_add_left add.commute assms(1,2,3)) (495 ms)
0.sledgehammer goal.proof     34390ms HOL-Library.Extended_Real 2277:68591  timeout (SH 34390ms): Timed out
0.sledgehammer goal.proof     33845ms HOL-Library.Extended_Real 2280:68645  timeout (SH 33845ms): Timed out
0.sledgehammer goal.using     33951ms HOL-Library.Extended_Real 2285:68866  timeout (SH 33951ms): Timed out
0.sledgehammer goal.by        33203ms HOL-Library.Extended_Real 2285:68881  timeout (SH 33203ms): Timed out
0.sledgehammer goal.using     33542ms HOL-Library.Extended_Real 2287:68989  timeout (SH 33542ms): Timed out
0.sledgehammer goal.by        33840ms HOL-Library.Extended_Real 2287:69011  timeout (SH 33840ms): Timed out
0.sledgehammer goal.by        33776ms HOL-Library.Extended_Real 2289:69118  timeout (SH 33776ms): Timed out
0.sledgehammer goal.proof     34320ms HOL-Library.Extended_Real 2299:69499  timeout (SH 34320ms): Timed out
0.sledgehammer goal.unfolding 34047ms HOL-Library.Extended_Real 2307:69877  timeout (SH 34047ms): Timed out
0.sledgehammer goal.using     33175ms HOL-Library.Extended_Real 2308:69911  timeout (SH 33175ms): Timed out
0.sledgehammer goal.by        34170ms HOL-Library.Extended_Real 2309:69936  timeout (SH 34170ms): Timed out
0.sledgehammer goal.by        34380ms HOL-Library.Extended_Real 2318:70217  timeout (SH 34380ms): Timed out
0.sledgehammer goal.using     34259ms HOL-Library.Extended_Real 2325:70446  timeout (SH 34259ms): Timed out
0.sledgehammer goal.by        34021ms HOL-Library.Extended_Real 2326:70460  timeout (SH 34021ms): Timed out
0.sledgehammer goal.proof     33843ms HOL-Library.Extended_Real 2333:70734  timeout (SH 33842ms): Timed out
0.sledgehammer goal.by        34156ms HOL-Library.Extended_Real 2342:70931  timeout (SH 34155ms): Timed out
0.sledgehammer goal.proof     33963ms HOL-Library.Extended_Real 2351:71255  timeout (SH 33963ms): Timed out
0.sledgehammer goal.by        29487ms HOL-Library.Extended_Real 2354:71350  timeout (SH 29487ms): Timed out
0.sledgehammer goal.by        34307ms HOL-Library.Extended_Real 2356:71433  timeout (SH 34307ms): Timed out
0.sledgehammer goal.by        34466ms HOL-Library.Extended_Real 2359:71584  timeout (SH 34466ms): Timed out
0.sledgehammer goal.proof     34523ms HOL-Library.Extended_Real 2365:71804  timeout (SH 34523ms): Timed out
0.sledgehammer goal.proof     33472ms HOL-Library.Extended_Real 2377:72219  timeout (SH 33472ms): Timed out
0.sledgehammer goal.using     33119ms HOL-Library.Extended_Real 2379:72290  timeout (SH 33119ms): Timed out
0.sledgehammer goal.by        34134ms HOL-Library.Extended_Real 2391:72754  timeout (SH 34134ms): Timed out
0.sledgehammer goal.proof     33415ms HOL-Library.Extended_Real 2399:73023  timeout (SH 33415ms): Timed out
0.sledgehammer goal.using     33635ms HOL-Library.Extended_Real 2409:73425  timeout (SH 33635ms): Timed out
0.sledgehammer goal.by        158031ms HOL-Library.Extended_Real 2439:74481  timeout (SH 158031ms):
0.sledgehammer goal.by        33397ms HOL-Library.Extended_Real 2448:74774  timeout (SH 33397ms): Timed out
0.sledgehammer goal.using     59284ms HOL-Library.Extended_Real 2453:74927  some (SH 59284ms, ATP 3898ms): Try this: by (smt (cvc5) add_0 add_0 add_diff_cancel_enat assms ereal_diff_add_assoc2 ereal_eq_minus_iff ereal_of_enat_add ereal_of_enat_ge_zero_cancel_iff ereal_of_enat_inf idiff_infinity le_iff_add not_MInfty_nonneg)
0.sledgehammer goal.by        113464ms HOL-Library.Extended_Real 2453:74939  some (SH 113464ms, ATP 364ms): Try this: by (smt (verit) abs_ereal_ge0 add_0 add_diff_cancel_enat ereal_diff_add_assoc2 ereal_infty_less_eq(1) ereal_of_enat_add ereal_of_enat_inf ereal_of_enat_le_iff ereal_of_enat_zero ereal_x_minus_x idiff_infinity le_iff_add) (352 ms)
0.sledgehammer goal.by        29033ms HOL-Library.Extended_Real 2457:75068  timeout (SH 29033ms): Timed out
0.sledgehammer goal.proof     33390ms HOL-Library.Extended_Real 2467:75422  timeout (SH 33390ms): Timed out
0.sledgehammer goal.proof     33262ms HOL-Library.Extended_Real 2469:75517  timeout (SH 33262ms): Timed out
0.sledgehammer goal.unfolding 33045ms HOL-Library.Extended_Real 2478:75851  timeout (SH 33045ms): Timed out
0.sledgehammer goal.proof     33070ms HOL-Library.Extended_Real 2479:75880  timeout (SH 33070ms): Timed out
0.sledgehammer goal.unfolding 32771ms HOL-Library.Extended_Real 2504:76788  timeout (SH 32771ms): Timed out
0.sledgehammer goal.proof     33076ms HOL-Library.Extended_Real 2505:76819  timeout (SH 33076ms): Timed out
0.sledgehammer goal.by        33506ms HOL-Library.Extended_Real 2510:77000  timeout (SH 33506ms): Timed out
0.sledgehammer goal.by        33845ms HOL-Library.Extended_Real 2516:77161  timeout (SH 33844ms): Timed out
0.sledgehammer goal.unfolding 33081ms HOL-Library.Extended_Real 2520:77291  timeout (SH 33081ms): Timed out
0.sledgehammer goal.proof     33108ms HOL-Library.Extended_Real 2521:77322  timeout (SH 33108ms): Timed out
0.sledgehammer goal.by        33558ms HOL-Library.Extended_Real 2526:77505  timeout (SH 33558ms): Timed out
0.sledgehammer goal.by        34177ms HOL-Library.Extended_Real 2532:77667  timeout (SH 34177ms): Timed out
0.sledgehammer goal.unfolding 33077ms HOL-Library.Extended_Real 2539:77879  timeout (SH 33077ms): Timed out
0.sledgehammer goal.proof     33469ms HOL-Library.Extended_Real 2540:77925  timeout (SH 33469ms): Timed out
0.sledgehammer goal.using     33600ms HOL-Library.Extended_Real 2543:78052  timeout (SH 33600ms): Timed out
0.sledgehammer goal.by        33210ms HOL-Library.Extended_Real 2543:78078  timeout (SH 33210ms): Timed out
0.sledgehammer goal.using     35907ms HOL-Library.Extended_Real 2545:78149  timeout (SH 35907ms): Timed out
0.sledgehammer goal.by        34978ms HOL-Library.Extended_Real 2545:78175  timeout (SH 34978ms): Timed out
0.sledgehammer goal.by        33710ms HOL-Library.Extended_Real 2547:78216  timeout (SH 33709ms): Timed out
0.sledgehammer goal.proof     35439ms HOL-Library.Extended_Real 2555:78407  timeout (SH 35439ms): Timed out
0.sledgehammer goal.using     33113ms HOL-Library.Extended_Real 2557:78459  timeout (SH 33113ms): Timed out
0.sledgehammer goal.by        33955ms HOL-Library.Extended_Real 2557:78482  timeout (SH 33955ms): Timed out
0.sledgehammer goal.proof     29018ms HOL-Library.Extended_Real 2566:78691  timeout (SH 29018ms): Timed out
0.sledgehammer goal.by        33725ms HOL-Library.Extended_Real 2570:78830  timeout (SH 33724ms): Timed out
0.sledgehammer goal.by        33775ms HOL-Library.Extended_Real 2572:78947  timeout (SH 33775ms): Timed out
0.sledgehammer goal.proof     33004ms HOL-Library.Extended_Real 2580:79134  timeout (SH 33004ms): Timed out
0.sledgehammer goal.using     33646ms HOL-Library.Extended_Real 2589:79492  timeout (SH 33646ms): Timed out
0.sledgehammer goal.by        33048ms HOL-Library.Extended_Real 2589:79505  timeout (SH 33048ms): Timed out
0.sledgehammer goal.by        109129ms HOL-Library.Extended_Real 2591:79558  some (SH 109129ms, ATP 454ms): Try this: by (smt (z3) "*" open_Un open_empty open_greaterThan open_lessThan) (129 ms)
0.sledgehammer goal.proof     28876ms HOL-Library.Extended_Real 2625:80664  timeout (SH 28876ms): Timed out
0.sledgehammer goal.using     29002ms HOL-Library.Extended_Real 2630:80833  timeout (SH 29002ms): Timed out
0.sledgehammer goal.unfolding 28376ms HOL-Library.Extended_Real 2630:80845  timeout (SH 28376ms): Timed out
0.sledgehammer goal.by        30177ms HOL-Library.Extended_Real 2630:80865  timeout (SH 30176ms): Timed out
0.sledgehammer goal.proof     28817ms HOL-Library.Extended_Real 2632:80890  timeout (SH 28817ms): Timed out
0.sledgehammer goal.by        29336ms HOL-Library.Extended_Real 2638:81105  timeout (SH 29336ms): Timed out
0.sledgehammer goal.proof     33746ms HOL-Library.Extended_Real 2655:81579  timeout (SH 33746ms): Timed out
0.sledgehammer goal.by        29916ms HOL-Library.Extended_Real 2661:81797  timeout (SH 29916ms): Timed out
0.sledgehammer goal.by        33087ms HOL-Library.Extended_Real 2665:81967  timeout (SH 33087ms): Timed out
0.sledgehammer goal.proof     30093ms HOL-Library.Extended_Real 2670:82155  timeout (SH 30093ms): Timed out
0.sledgehammer goal.using     33402ms HOL-Library.Extended_Real 2672:82273  timeout (SH 33402ms): Timed out
0.sledgehammer goal.by        33775ms HOL-Library.Extended_Real 2672:82289  timeout (SH 33775ms): Timed out
0.sledgehammer goal.proof     33148ms HOL-Library.Extended_Real 2678:82516  timeout (SH 33148ms): Timed out
0.sledgehammer goal.by        33699ms HOL-Library.Extended_Real 2683:82693  timeout (SH 33699ms): Timed out
0.sledgehammer goal.by        33733ms HOL-Library.Extended_Real 2686:82763  timeout (SH 33733ms): Timed out
0.sledgehammer goal.proof     34014ms HOL-Library.Extended_Real 2690:82880  timeout (SH 34013ms): Timed out
0.sledgehammer goal.using     29630ms HOL-Library.Extended_Real 2694:83031  timeout (SH 29630ms): Timed out
0.sledgehammer goal.by        28806ms HOL-Library.Extended_Real 2694:83042  timeout (SH 28806ms): Timed out
0.sledgehammer goal.by        31175ms HOL-Library.Extended_Real 2696:83106  timeout (SH 31175ms): Timed out
0.sledgehammer goal.using     33978ms HOL-Library.Extended_Real 2698:83196  timeout (SH 33978ms): Timed out
0.sledgehammer goal.by        35627ms HOL-Library.Extended_Real 2698:83217  timeout (SH 35627ms): Timed out
0.sledgehammer goal.unfolding 35378ms HOL-Library.Extended_Real 2703:83323  timeout (SH 35378ms): Timed out
0.sledgehammer goal.by        35534ms HOL-Library.Extended_Real 2703:83371  timeout (SH 35534ms): Timed out
0.sledgehammer goal.unfolding 35806ms HOL-Library.Extended_Real 2706:83458  timeout (SH 35806ms): Timed out
0.sledgehammer goal.proof     34950ms HOL-Library.Extended_Real 2707:83480  timeout (SH 34950ms): Timed out
0.sledgehammer goal.by        36082ms HOL-Library.Extended_Real 2714:83716  timeout (SH 36082ms): Timed out
0.sledgehammer goal.by        37803ms HOL-Library.Extended_Real 2716:83775  timeout (SH 37803ms): Timed out
0.sledgehammer goal.by        35517ms HOL-Library.Extended_Real 2721:83970  timeout (SH 35517ms): Timed out
0.sledgehammer goal.proof     33361ms HOL-Library.Extended_Real 2725:84062  timeout (SH 33361ms): Timed out
0.sledgehammer goal.using     29879ms HOL-Library.Extended_Real 2728:84251  timeout (SH 29879ms): Timed out
0.sledgehammer goal.by        29925ms HOL-Library.Extended_Real 2728:84262  timeout (SH 29925ms): Timed out
0.sledgehammer goal.proof     30879ms HOL-Library.Extended_Real 2730:84315  timeout (SH 30879ms): Timed out
0.sledgehammer goal.by        33472ms HOL-Library.Extended_Real 2735:84494  timeout (SH 33472ms): Timed out
0.sledgehammer goal.unfolding 33771ms HOL-Library.Extended_Real 2740:84633  timeout (SH 33771ms): Timed out
0.sledgehammer goal.proof     32900ms HOL-Library.Extended_Real 2741:84682  timeout (SH 32900ms): Timed out
0.sledgehammer goal.by        33488ms HOL-Library.Extended_Real 2745:84794  timeout (SH 33488ms): Timed out
0.sledgehammer goal.by        33385ms HOL-Library.Extended_Real 2749:84905  timeout (SH 33385ms): Timed out
0.sledgehammer goal.unfolding 34103ms HOL-Library.Extended_Real 2753:85030  timeout (SH 34103ms): Timed out
0.sledgehammer goal.proof     32954ms HOL-Library.Extended_Real 2754:85079  timeout (SH 32954ms): Timed out
0.sledgehammer goal.by        33454ms HOL-Library.Extended_Real 2762:85302  timeout (SH 33454ms): Timed out
0.sledgehammer goal.proof     28913ms HOL-Library.Extended_Real 2774:85706  timeout (SH 28913ms): Timed out
0.sledgehammer goal.by        29336ms HOL-Library.Extended_Real 2776:85844  timeout (SH 29336ms): Timed out
0.sledgehammer goal.using     33929ms HOL-Library.Extended_Real 2777:85963  timeout (SH 33929ms): Timed out
0.sledgehammer goal.by        29120ms HOL-Library.Extended_Real 2778:85988  timeout (SH 29120ms): Timed out
0.sledgehammer goal.unfolding 33355ms HOL-Library.Extended_Real 2779:86088  timeout (SH 33355ms): Timed out
0.sledgehammer goal.by        33236ms HOL-Library.Extended_Real 2780:86114  timeout (SH 33236ms): Timed out
0.sledgehammer goal.by        33512ms HOL-Library.Extended_Real 2781:86207  timeout (SH 33512ms): Timed out
0.sledgehammer goal.proof     33620ms HOL-Library.Extended_Real 2802:86808  timeout (SH 33619ms): Timed out
0.sledgehammer goal.by        34865ms HOL-Library.Extended_Real 2809:87036  timeout (SH 34864ms): Timed out
0.sledgehammer goal.proof     35477ms HOL-Library.Extended_Real 2816:87250  timeout (SH 35477ms): Timed out
0.sledgehammer goal.by        34286ms HOL-Library.Extended_Real 2823:87505  timeout (SH 34286ms): Timed out
0.sledgehammer goal.proof     32991ms HOL-Library.Extended_Real 2836:87923  timeout (SH 32991ms): Timed out
0.sledgehammer goal.by        33985ms HOL-Library.Extended_Real 2838:88041  timeout (SH 33985ms): Timed out
0.sledgehammer goal.by        34367ms HOL-Library.Extended_Real 2841:88170  timeout (SH 34367ms): Timed out
0.sledgehammer goal.by        34718ms HOL-Library.Extended_Real 2843:88262  timeout (SH 34718ms): Timed out
0.sledgehammer goal.by        34291ms HOL-Library.Extended_Real 2847:88448  timeout (SH 34291ms): Timed out
0.sledgehammer goal.by        34599ms HOL-Library.Extended_Real 2849:88502  timeout (SH 34599ms): Timed out
0.sledgehammer goal.proof     31371ms HOL-Library.Extended_Real 2856:88694  timeout (SH 31371ms): Timed out
0.sledgehammer goal.proof     30847ms HOL-Library.Extended_Real 2863:88950  timeout (SH 30847ms): Timed out
0.sledgehammer goal.using     29006ms HOL-Library.Extended_Real 2865:89022  timeout (SH 29006ms): Timed out
0.sledgehammer goal.by        33826ms HOL-Library.Extended_Real 2867:89138  timeout (SH 33826ms): Timed out
0.sledgehammer goal.by        34292ms HOL-Library.Extended_Real 2869:89246  timeout (SH 34292ms): Timed out
0.sledgehammer goal.using     34058ms HOL-Library.Extended_Real 2871:89298  timeout (SH 34058ms): Timed out
0.sledgehammer goal.using     34156ms HOL-Library.Extended_Real 2875:89443  timeout (SH 34156ms): Timed out
0.sledgehammer goal.by        33845ms HOL-Library.Extended_Real 2875:89455  timeout (SH 33844ms): Timed out
0.sledgehammer goal.using     170422ms HOL-Library.Extended_Real 2889:89711  timeout (SH 170422ms):
0.sledgehammer goal.by        163103ms HOL-Library.Extended_Real 2939:91141  timeout (SH 163102ms):
0.sledgehammer goal.proof     33428ms HOL-Library.Extended_Real 2956:91631  timeout (SH 33428ms): Timed out
0.sledgehammer goal.unfolding 33500ms HOL-Library.Extended_Real 2964:91963  timeout (SH 33499ms): Timed out
0.sledgehammer goal.by        33730ms HOL-Library.Extended_Real 2964:91986  timeout (SH 33730ms): Timed out
0.sledgehammer goal.proof     34090ms HOL-Library.Extended_Real 2971:92177  timeout (SH 34090ms): Timed out
0.sledgehammer goal.by        71702ms HOL-Library.Extended_Real 2978:92390  some (SH 71702ms, ATP 258ms): Try this: by (smt (z3) insert_iff less_ereal.elims(1)) (653 ms)
0.sledgehammer goal.proof     33026ms HOL-Library.Extended_Real 3001:93098  timeout (SH 33026ms): Timed out
0.sledgehammer goal.using     33631ms HOL-Library.Extended_Real 3007:93231  timeout (SH 33631ms): Timed out
0.sledgehammer goal.by        33571ms HOL-Library.Extended_Real 3008:93330  timeout (SH 33571ms): Timed out
0.sledgehammer goal.using     33639ms HOL-Library.Extended_Real 3010:93396  timeout (SH 33639ms): Timed out
0.sledgehammer goal.by        32452ms HOL-Library.Extended_Real 3011:93433  timeout (SH 32452ms): Timed out
0.sledgehammer goal.unfolding 33449ms HOL-Library.Extended_Real 3030:93886  timeout (SH 33449ms): Timed out
0.sledgehammer goal.unfolding 33935ms HOL-Library.Extended_Real 3037:94144  timeout (SH 33935ms): Timed out
0.sledgehammer goal.proof     33253ms HOL-Library.Extended_Real 3038:94165  timeout (SH 33253ms): Timed out
0.sledgehammer goal.unfolding 33947ms HOL-Library.Extended_Real 3044:94378  timeout (SH 33946ms): Timed out
0.sledgehammer goal.by        29626ms HOL-Library.Extended_Real 3045:94445  timeout (SH 29626ms): Timed out
0.sledgehammer goal.proof     34204ms HOL-Library.Extended_Real 3047:94601  timeout (SH 34204ms): Timed out
0.sledgehammer goal.by        29827ms HOL-Library.Extended_Real 3051:94778  timeout (SH 29827ms): Timed out
0.sledgehammer goal.proof     33758ms HOL-Library.Extended_Real 3055:94981  timeout (SH 33758ms): Timed out
0.sledgehammer goal.proof     34255ms HOL-Library.Extended_Real 3063:95360  timeout (SH 34255ms): Timed out
0.sledgehammer goal.proof     34386ms HOL-Library.Extended_Real 3066:95523  timeout (SH 34386ms): Timed out
0.sledgehammer goal.using     29468ms HOL-Library.Extended_Real 3068:95589  timeout (SH 29468ms): Timed out
0.sledgehammer goal.by        29343ms HOL-Library.Extended_Real 3068:95597  timeout (SH 29343ms): Timed out
0.sledgehammer goal.by        70650ms HOL-Library.Extended_Real 3070:95706  some (SH 70650ms, ATP 294ms): Try this: by (smt (cvc5, quant_saturate) INF_greatest INF_lower add_mono mem_Collect_eq) (413 ms)
0.sledgehammer goal.proof     33863ms HOL-Library.Extended_Real 3080:96042  timeout (SH 33863ms): Timed out
0.sledgehammer goal.by        93852ms HOL-Library.Extended_Real 3081:96088  some (SH 93852ms, ATP 1216ms): Try this: by (smt (verit, ccfv_threshold) SUP_le_iff ereal_less_eq(4) ereal_zero_times imageE image_is_empty less_eq_Sup nonempty order_antisym zero_ereal_def) (295 ms)
0.sledgehammer goal.proof     33835ms HOL-Library.Extended_Real 3085:96173  timeout (SH 33835ms): Timed out
0.sledgehammer goal.by        82334ms HOL-Library.Extended_Real 3087:96222  some (SH 82334ms, ATP 1339ms): Try this: by (smt (z3) False SUP_le_iff ereal_less_eq(4) ereal_mult_left_mono linorder_not_less mult.commute nless_le x) (158 ms)
0.sledgehammer goal.proof     140620ms HOL-Library.Extended_Real 3092:96483  some (SH 140620ms, ATP 2834ms): Try this: by (smt (z3) False PInfty_neq_ereal(2) SUP_least SUP_upper ereal_le_divide_pos ereal_less(2) mult.commute x) (228 ms)
0.sledgehammer goal.using      4191ms HOL-Library.Extended_Real 3104:97058  some (SH 4191ms, ATP 416ms): Try this: using \<open>Sup (f ` Y) * (ereal x / ereal x) = Sup (f ` Y)\<close> \<open>Sup (f ` Y) * ereal x / ereal x = Sup (f ` Y) * (ereal x / ereal x)\<close> by argo (2 ms)
0.sledgehammer goal.by         5264ms HOL-Library.Extended_Real 3104:97099  some (SH 5264ms, ATP 452ms): Try this: using \<open>Sup (f ` Y) * (ereal x / ereal x) = Sup (f ` Y)\<close> \<open>Sup (f ` Y) * ereal x / ereal x = Sup (f ` Y) * (ereal x / ereal x)\<close> by argo (1 ms)
0.sledgehammer goal.by        101562ms HOL-Library.Extended_Real 3111:97258  some (SH 101562ms, ATP 274ms): Try this: by (smt (verit, best) SUP_cong Sup_ereal_mult_right' mult.commute) (397 ms)
0.sledgehammer goal.unfolding 31035ms HOL-Library.Extended_Real 3117:97554  timeout (SH 31035ms): Timed out
0.sledgehammer goal.proof     33520ms HOL-Library.Extended_Real 3118:97583  timeout (SH 33520ms): Timed out
0.sledgehammer goal.using     33358ms HOL-Library.Extended_Real 3121:97713  timeout (SH 33358ms): Timed out
0.sledgehammer goal.by        34198ms HOL-Library.Extended_Real 3123:97840  timeout (SH 34198ms): Timed out
0.sledgehammer goal.by        33939ms HOL-Library.Extended_Real 3128:98007  timeout (SH 33939ms): Timed out
0.sledgehammer goal.using     33609ms HOL-Library.Extended_Real 3132:98222  timeout (SH 33609ms): Timed out
0.sledgehammer goal.by        78513ms HOL-Library.Extended_Real 3132:98262  some (SH 78513ms, ATP 248ms): Try this: by (smt (verit) SUP_cong mult.commute sup_continuous_def) (624 ms)
0.sledgehammer goal.by        33530ms HOL-Library.Extended_Real 3137:98433  timeout (SH 33530ms): Timed out
0.sledgehammer goal.unfolding 33265ms HOL-Library.Extended_Real 3157:98962  timeout (SH 33265ms): Timed out
0.sledgehammer goal.by        31018ms HOL-Library.Extended_Real 3157:98981  timeout (SH 31018ms): Timed out
0.sledgehammer goal.using     32884ms HOL-Library.Extended_Real 3202:100170  timeout (SH 32884ms): Timed out
0.sledgehammer goal.by        33761ms HOL-Library.Extended_Real 3203:100252  timeout (SH 33761ms): Timed out
0.sledgehammer goal.proof     33859ms HOL-Library.Extended_Real 3209:100421  timeout (SH 33859ms): Timed out
0.sledgehammer goal.unfolding 33719ms HOL-Library.Extended_Real 3211:100515  timeout (SH 33719ms): Timed out
0.sledgehammer goal.by        34081ms HOL-Library.Extended_Real 3212:100541  timeout (SH 34081ms): Timed out
0.sledgehammer goal.by        30034ms HOL-Library.Extended_Real 3221:100825  timeout (SH 30034ms): Timed out
0.sledgehammer goal.proof     29904ms HOL-Library.Extended_Real 3228:101041  timeout (SH 29904ms): Timed out
0.sledgehammer goal.unfolding 33700ms HOL-Library.Extended_Real 3233:101170  timeout (SH 33700ms): Timed out
0.sledgehammer goal.by        34212ms HOL-Library.Extended_Real 3233:101191  timeout (SH 34212ms): Timed out
0.sledgehammer goal.proof     29708ms HOL-Library.Extended_Real 3240:101314  timeout (SH 29708ms): Timed out
0.sledgehammer goal.by        60215ms HOL-Library.Extended_Real 3242:101357  some (SH 60215ms, ATP 717ms): Try this: by (smt (z3) assms(1,2) less_eq_ereal_def less_ereal.elims(1) suminf_PInfty zero_ereal_def) (292 ms)
0.sledgehammer goal.by        34416ms HOL-Library.Extended_Real 3244:101449  timeout (SH 34416ms): Timed out
0.sledgehammer goal.proof     34278ms HOL-Library.Extended_Real 3251:101562  timeout (SH 34278ms): Timed out
0.sledgehammer goal.proof     33864ms HOL-Library.Extended_Real 3283:102540  timeout (SH 33864ms): Timed out
0.sledgehammer goal.using     33878ms HOL-Library.Extended_Real 3299:103098  timeout (SH 33878ms): Timed out
0.sledgehammer goal.apply     33151ms HOL-Library.Extended_Real 3300:103128  timeout (SH 33151ms): Timed out
0.sledgehammer goal.apply     34199ms HOL-Library.Extended_Real 3301:103143  timeout (SH 34199ms): Timed out
0.sledgehammer goal.proof     34375ms HOL-Library.Extended_Real 3335:104272  timeout (SH 34375ms): Timed out
0.sledgehammer goal.using     33587ms HOL-Library.Extended_Real 3337:104344  timeout (SH 33587ms): Timed out
0.sledgehammer goal.by        34650ms HOL-Library.Extended_Real 3338:104360  timeout (SH 34650ms): Timed out
0.sledgehammer goal.using     35042ms HOL-Library.Extended_Real 3340:104423  timeout (SH 35042ms): Timed out
0.sledgehammer goal.by        34115ms HOL-Library.Extended_Real 3341:104439  timeout (SH 34115ms): Timed out
0.sledgehammer goal.using     35320ms HOL-Library.Extended_Real 3348:104660  timeout (SH 35320ms): Timed out
0.sledgehammer goal.by        34750ms HOL-Library.Extended_Real 3349:104673  timeout (SH 34750ms): Timed out
0.sledgehammer goal.by        42069ms HOL-Library.Extended_Real 3363:105065  some (SH 42069ms, ATP 1420ms): Try this: by (smt (verit, best) \<open>(\<Sum>i. f i) = 0\<close> nneg suminf_eq_zero_iff summable_ereal_pos) (520 ms)
0.sledgehammer goal.using     18615ms HOL-Library.Extended_Real 3365:105146  some (SH 18615ms, ATP 1350ms): Try this: by (smt (verit, best) \<open>(\<Sum>i. f i) = 0\<close> nneg suminf_eq_zero_iff summable_ereal_pos) (1.1 s)
0.sledgehammer goal.by        23293ms HOL-Library.Extended_Real 3366:105163  some (SH 23293ms, ATP 1702ms): Try this: by (smt (verit, ccfv_threshold) \<open>(\<Sum>i. f i) = 0\<close> suminf_eq_zero_iff summable_ereal_pos) (1.1 s)
0.sledgehammer goal.by         4190ms HOL-Library.Extended_Real 3368:105246  some (SH 4190ms, ATP 473ms): Try this: by order (0.4 ms)
0.sledgehammer goal.proof     34402ms HOL-Library.Extended_Real 3378:105427  timeout (SH 34402ms): Timed out
0.sledgehammer goal.using     34565ms HOL-Library.Extended_Real 3380:105488  timeout (SH 34565ms): Timed out
0.sledgehammer goal.by        35066ms HOL-Library.Extended_Real 3381:105535  timeout (SH 35065ms): Timed out
0.sledgehammer goal.using     34313ms HOL-Library.Extended_Real 3383:105628  timeout (SH 34313ms): Timed out
0.sledgehammer goal.by        34216ms HOL-Library.Extended_Real 3386:105768  timeout (SH 34216ms): Timed out
0.sledgehammer goal.proof     35071ms HOL-Library.Extended_Real 3388:105836  timeout (SH 35071ms): Timed out
0.sledgehammer goal.by        36709ms HOL-Library.Extended_Real 3395:106130  timeout (SH 36709ms): Timed out
0.sledgehammer goal.by        34217ms HOL-Library.Extended_Real 3412:106679  timeout (SH 34217ms): Timed out
0.sledgehammer goal.proof     33920ms HOL-Library.Extended_Real 3419:106972  timeout (SH 33920ms): Timed out
0.sledgehammer goal.proof     33280ms HOL-Library.Extended_Real 3425:107093  timeout (SH 33280ms): Timed out
0.sledgehammer goal.using     34177ms HOL-Library.Extended_Real 3434:107546  timeout (SH 34177ms): Timed out
0.sledgehammer goal.by        33273ms HOL-Library.Extended_Real 3434:107571  timeout (SH 33272ms): Timed out
0.sledgehammer goal.using     33270ms HOL-Library.Extended_Real 3436:107653  timeout (SH 33270ms): Timed out
0.sledgehammer goal.by        34076ms HOL-Library.Extended_Real 3436:107668  timeout (SH 34076ms): Timed out
0.sledgehammer goal.proof     34495ms HOL-Library.Extended_Real 3447:108090  timeout (SH 34495ms): Timed out
0.sledgehammer goal.proof     33219ms HOL-Library.Extended_Real 3449:108171  timeout (SH 33219ms): Timed out
0.sledgehammer goal.proof     33511ms HOL-Library.Extended_Real 3452:108334  timeout (SH 33511ms): Timed out
0.sledgehammer goal.proof     33701ms HOL-Library.Extended_Real 3473:109096  timeout (SH 33701ms): Timed out
0.sledgehammer goal.by        34439ms HOL-Library.Extended_Real 3477:109317  timeout (SH 34439ms): Timed out
0.sledgehammer goal.proof     33012ms HOL-Library.Extended_Real 3483:109499  timeout (SH 33012ms): Timed out
0.sledgehammer goal.using     33346ms HOL-Library.Extended_Real 3491:109779  timeout (SH 33346ms): Timed out
0.sledgehammer goal.by        33324ms HOL-Library.Extended_Real 3492:109832  timeout (SH 33323ms): Timed out
0.sledgehammer goal.using     33377ms HOL-Library.Extended_Real 3503:110160  timeout (SH 33377ms): Timed out
0.sledgehammer goal.proof     34187ms HOL-Library.Extended_Real 3504:110206  timeout (SH 34187ms): Timed out
0.sledgehammer goal.proof     33443ms HOL-Library.Extended_Real 3530:110956  timeout (SH 33442ms): Timed out
0.sledgehammer goal.using     29112ms HOL-Library.Extended_Real 3532:111024  timeout (SH 29112ms): Timed out
0.sledgehammer goal.by        29258ms HOL-Library.Extended_Real 3533:111038  timeout (SH 29258ms): Timed out
0.sledgehammer goal.using     29573ms HOL-Library.Extended_Real 3537:111288  timeout (SH 29573ms): Timed out
0.sledgehammer goal.by        29814ms HOL-Library.Extended_Real 3537:111298  timeout (SH 29814ms): Timed out
0.sledgehammer goal.using     34101ms HOL-Library.Extended_Real 3540:111476  timeout (SH 34101ms): Timed out
0.sledgehammer goal.by        33121ms HOL-Library.Extended_Real 3541:111490  timeout (SH 33121ms): Timed out
0.sledgehammer goal.proof     33776ms HOL-Library.Extended_Real 3553:111904  timeout (SH 33776ms): Timed out
0.sledgehammer goal.using     34510ms HOL-Library.Extended_Real 3556:111957  timeout (SH 34510ms): Timed out
0.sledgehammer goal.unfolding 83834ms HOL-Library.Extended_Real 3567:112295  some (SH 83834ms, ATP 2474ms): Try this: by (smt (verit) ereal_mult_minus_left ereal_uminus_uminus image_cong image_image mult.commute) (340 ms)
0.sledgehammer goal.proof     34160ms HOL-Library.Extended_Real 3607:113473  timeout (SH 34160ms): Timed out
0.sledgehammer goal.by         4974ms HOL-Library.Extended_Real 3615:113811  some (SH 4974ms, ATP 399ms): Try this: by order (3 ms)
0.sledgehammer goal.by        34194ms HOL-Library.Extended_Real 3619:113956  timeout (SH 34194ms): Timed out
0.sledgehammer goal.proof     29453ms HOL-Library.Extended_Real 3653:114809  timeout (SH 29453ms): Timed out
0.sledgehammer goal.by        30069ms HOL-Library.Extended_Real 3660:114934  timeout (SH 30069ms): Timed out
0.sledgehammer goal.by        30034ms HOL-Library.Extended_Real 3678:115599  timeout (SH 30034ms): Timed out
0.sledgehammer goal.by        29508ms HOL-Library.Extended_Real 3681:115758  timeout (SH 29508ms): Timed out
0.sledgehammer goal.unfolding 33016ms HOL-Library.Extended_Real 3686:115972  timeout (SH 33016ms): Timed out
0.sledgehammer goal.by        33456ms HOL-Library.Extended_Real 3688:116146  timeout (SH 33456ms): Timed out
0.sledgehammer goal.unfolding 33213ms HOL-Library.Extended_Real 3702:116830  timeout (SH 33213ms): Timed out
0.sledgehammer goal.using     36689ms HOL-Library.Extended_Real 3703:116918  timeout (SH 36689ms): Timed out
0.sledgehammer goal.by        33937ms HOL-Library.Extended_Real 3703:116934  timeout (SH 33937ms): Timed out
0.sledgehammer goal.proof     34001ms HOL-Library.Extended_Real 3706:117025  timeout (SH 34001ms): Timed out
0.sledgehammer goal.by        33468ms HOL-Library.Extended_Real 3708:117098  timeout (SH 33468ms): Timed out
0.sledgehammer goal.proof     34755ms HOL-Library.Extended_Real 3710:117216  timeout (SH 34755ms): Timed out
0.sledgehammer goal.unfolding 30815ms HOL-Library.Extended_Real 3717:117451  timeout (SH 30815ms): Timed out
0.sledgehammer goal.by        33511ms HOL-Library.Extended_Real 3717:117532  timeout (SH 33511ms): Timed out
0.sledgehammer goal.proof     31321ms HOL-Library.Extended_Real 3723:117645  timeout (SH 31321ms): Timed out
0.sledgehammer goal.by        33456ms HOL-Library.Extended_Real 3726:117753  timeout (SH 33456ms): Timed out
0.sledgehammer goal.by        33824ms HOL-Library.Extended_Real 3728:117824  timeout (SH 33824ms): Timed out
0.sledgehammer goal.unfolding 29516ms HOL-Library.Extended_Real 3733:118120  timeout (SH 29516ms): Timed out
0.sledgehammer goal.by        33108ms HOL-Library.Extended_Real 3734:118199  timeout (SH 33108ms): Timed out
0.sledgehammer goal.unfolding 33523ms HOL-Library.Extended_Real 3742:118590  timeout (SH 33523ms): Timed out
0.sledgehammer goal.unfolding 29373ms HOL-Library.Extended_Real 3773:119753  timeout (SH 29373ms): Timed out
0.sledgehammer goal.by        33245ms HOL-Library.Extended_Real 3774:119783  timeout (SH 33245ms): Timed out
0.sledgehammer goal.proof     28394ms HOL-Library.Extended_Real 3777:119915  timeout (SH 28394ms): Timed out
0.sledgehammer goal.by        34206ms HOL-Library.Extended_Real 3779:120017  timeout (SH 34205ms): Timed out
0.sledgehammer goal.unfolding 32859ms HOL-Library.Extended_Real 3785:120214  timeout (SH 32858ms): Timed out
0.sledgehammer goal.proof     28717ms HOL-Library.Extended_Real 3786:120242  timeout (SH 28717ms): Timed out
0.sledgehammer goal.using     33480ms HOL-Library.Extended_Real 3791:120470  timeout (SH 33480ms): Timed out
0.sledgehammer goal.by        33849ms HOL-Library.Extended_Real 3791:120481  timeout (SH 33849ms): Timed out
0.sledgehammer goal.proof     28299ms HOL-Library.Extended_Real 3797:120765  timeout (SH 28299ms): Timed out
0.sledgehammer goal.by        29546ms HOL-Library.Extended_Real 3799:120858  timeout (SH 29546ms): Timed out
0.sledgehammer goal.by        33652ms HOL-Library.Extended_Real 3808:121196  timeout (SH 33652ms): Timed out
0.sledgehammer goal.proof     33275ms HOL-Library.Extended_Real 3818:121511  timeout (SH 33275ms): Timed out
0.sledgehammer goal.using     34048ms HOL-Library.Extended_Real 3820:121616  timeout (SH 34048ms): Timed out
0.sledgehammer goal.by        33540ms HOL-Library.Extended_Real 3821:121669  timeout (SH 33540ms): Timed out
0.sledgehammer goal.proof     33418ms HOL-Library.Extended_Real 3827:121907  timeout (SH 33418ms): Timed out
0.sledgehammer goal.using     33929ms HOL-Library.Extended_Real 3829:122012  timeout (SH 33929ms): Timed out
0.sledgehammer goal.by        33077ms HOL-Library.Extended_Real 3830:122065  timeout (SH 33077ms): Timed out
0.sledgehammer goal.using     33309ms HOL-Library.Extended_Real 3836:122302  timeout (SH 33309ms): Timed out
0.sledgehammer goal.by        43005ms HOL-Library.Extended_Real 3836:122342  some (SH 43005ms, ATP 350ms): Try this: by (smt (verit, best) Liminf_def Sup.SUP_cong mult_commute_abs) (264 ms)
0.sledgehammer goal.using     33455ms HOL-Library.Extended_Real 3841:122505  timeout (SH 33455ms): Timed out
0.sledgehammer goal.by        42099ms HOL-Library.Extended_Real 3841:122545  some (SH 42099ms, ATP 294ms): Try this: by (smt (verit, ccfv_SIG) Limsup_def Sup.SUP_cong mult_commute_abs) (255 ms)
0.sledgehammer goal.by        29302ms HOL-Library.Extended_Real 3853:122969  timeout (SH 29302ms): Timed out
0.sledgehammer goal.by        119300ms HOL-Library.Extended_Real 3857:123168  some (SH 119300ms, ATP 348ms): Try this: by (smt (verit, best) Limsup_add_ereal_right Limsup_def Sup.SUP_cong add.commute) (547 ms)
0.sledgehammer goal.by        33110ms HOL-Library.Extended_Real 3861:123337  timeout (SH 33110ms): Timed out
0.sledgehammer goal.by        69880ms HOL-Library.Extended_Real 3865:123536  some (SH 69879ms, ATP 613ms): Try this: by (smt (verit, best) Liminf_add_ereal_right Liminf_def Sup.SUP_cong add.commute) (549 ms)
0.sledgehammer goal.proof     33947ms HOL-Library.Extended_Real 3872:123850  timeout (SH 33947ms): Timed out
0.sledgehammer goal.unfolding 29371ms HOL-Library.Extended_Real 3874:123989  timeout (SH 29371ms): Timed out
0.sledgehammer goal.by        33523ms HOL-Library.Extended_Real 3875:124011  timeout (SH 33523ms): Timed out
0.sledgehammer goal.by        33567ms HOL-Library.Extended_Real 3876:124122  timeout (SH 33567ms): Timed out
0.sledgehammer goal.unfolding 109939ms HOL-Library.Extended_Real 3878:124210  some (SH 109939ms, ATP 1403ms): Try this: by (smt (z3) ereal_inverse_antimono_strict ereal_less_eq(1) local.inv_def monotoneI nless_le not_le order_less_le_trans) (443 ms)
0.sledgehammer goal.using     33808ms HOL-Library.Extended_Real 3881:124352  timeout (SH 33808ms): Timed out
0.sledgehammer goal.by        33822ms HOL-Library.Extended_Real 3882:124369  timeout (SH 33822ms): Timed out
0.sledgehammer goal.by        33719ms HOL-Library.Extended_Real 3885:124592  timeout (SH 33718ms): Timed out
0.sledgehammer goal.using     36425ms HOL-Library.Extended_Real 3889:124832  timeout (SH 36425ms): Timed out
0.sledgehammer goal.by        35998ms HOL-Library.Extended_Real 3890:124849  timeout (SH 35998ms): Timed out
0.sledgehammer goal.by        34841ms HOL-Library.Extended_Real 3892:124955  timeout (SH 34841ms): Timed out
0.sledgehammer goal.by        34299ms HOL-Library.Extended_Real 3893:125072  timeout (SH 34299ms): Timed out
0.sledgehammer goal.by        153536ms HOL-Library.Extended_Real 3917:125841  timeout (SH 153536ms):
0.sledgehammer goal.by        62795ms HOL-Library.Extended_Real 3931:126317  some (SH 62795ms, ATP 740ms): Try this: by (smt (z3) Infty_neq_0(2) ereal_minus_diff_eq ereal_minus_eq_PInfty_iff ereal_real ereal_x_minus_x real_of_ereal_minus) (408 ms)
0.sledgehammer goal.proof     164132ms HOL-Library.Extended_Real 3938:126540  timeout (SH 164132ms):
0.sledgehammer goal.proof     29879ms HOL-Library.Extended_Real 3985:127927  timeout (SH 29879ms): Timed out
0.sledgehammer goal.by        33340ms HOL-Library.Extended_Real 3987:128045  timeout (SH 33340ms): Timed out
0.sledgehammer goal.by        33451ms HOL-Library.Extended_Real 3990:128174  timeout (SH 33451ms): Timed out
0.sledgehammer goal.by        33329ms HOL-Library.Extended_Real 3992:128266  timeout (SH 33329ms): Timed out
0.sledgehammer goal.by        34402ms HOL-Library.Extended_Real 3996:128453  timeout (SH 34402ms): Timed out
0.sledgehammer goal.by        33635ms HOL-Library.Extended_Real 3998:128507  timeout (SH 33635ms): Timed out
0.sledgehammer goal.by        33902ms HOL-Library.Extended_Real 4003:128723  timeout (SH 33902ms): Timed out
0.sledgehammer goal.proof     33333ms HOL-Library.Finite_Map 23:656  timeout (SH 33333ms): Timed out
0.sledgehammer goal.unfolding 18987ms HOL-Library.Finite_Map 31:844  some (SH 18987ms, ATP 697ms): Try this: by (smt (z3) mem_Collect_eq ran_def) (259 ms)
0.sledgehammer goal.unfolding 19022ms HOL-Library.Finite_Map 45:1237  some (SH 19022ms, ATP 770ms): Try this: by (smt (z3) mem_Collect_eq ran_def) (349 ms)
0.sledgehammer goal.unfolding 31991ms HOL-Library.Finite_Map 59:1595  timeout (SH 31991ms): Timed out
0.sledgehammer goal.proof     34300ms HOL-Library.Finite_Map 74:2122  timeout (SH 34299ms): Timed out
0.sledgehammer goal.by        33585ms HOL-Library.Finite_Map 77:2204  timeout (SH 33585ms): Timed out
0.sledgehammer goal.by        25487ms HOL-Library.Finite_Map 85:2427  some (SH 25487ms, ATP 350ms): Try this: by (smt (verit, del_insts) domIff map_le_def map_le_implies_dom_le rev_finite_subset) (379 ms)
0.sledgehammer goal.by        51370ms HOL-Library.Finite_Map 87:2503  some (SH 51370ms, ATP 365ms): Try this: by (smt (verit, best) Collect_cong Finite_Map.map_filter_def dom_def) (257 ms)
0.sledgehammer goal.proof     31054ms HOL-Library.Finite_Map 125:3807  timeout (SH 31053ms): Timed out
0.sledgehammer goal.using     34054ms HOL-Library.Finite_Map 164:4713  timeout (SH 34053ms): Timed out
0.sledgehammer goal.by        33024ms HOL-Library.Finite_Map 165:4725  timeout (SH 33024ms): Timed out
0.sledgehammer goal.by        32904ms HOL-Library.Finite_Map 250:7261  timeout (SH 32904ms): Timed out
0.sledgehammer goal.using     57474ms HOL-Library.Finite_Map 258:7616  some (SH 57474ms, ATP 418ms): Try this: by (smt (verit) assms fmap_ext fmupd_lookup) (290 ms)
0.sledgehammer goal.by        56091ms HOL-Library.Finite_Map 259:7628  some (SH 56091ms, ATP 482ms): Try this: by (smt (verit, del_insts) fmap_ext fmupd_lookup) (293 ms)
0.sledgehammer goal.by        50488ms HOL-Library.Finite_Map 270:7973  timeout (SH 50488ms): Timed out
0.sledgehammer goal.using     213131ms HOL-Library.Finite_Map 295:8792  timeout (SH 213131ms):
0.sledgehammer goal.by        153415ms HOL-Library.Finite_Map 295:8804  timeout (SH 153415ms):
0.sledgehammer goal.unfolding 33223ms HOL-Library.Finite_Map 301:9054  timeout (SH 33223ms): Timed out
0.sledgehammer goal.proof     54334ms HOL-Library.Finite_Map 306:9205  some (SH 54334ms, ATP 1798ms): Try this: by (smt (verit) assms fmdom'_notI fmfilter_comm fmfilter_true fmlookup_dom'_iff fmlookup_filter) (651 ms)
0.sledgehammer goal.by        60947ms HOL-Library.Finite_Map 322:9709  none (SH 60947ms): Crashed
0.sledgehammer goal.unfolding 33595ms HOL-Library.Finite_Map 327:9871  timeout (SH 33595ms): Timed out
0.sledgehammer goal.by        60696ms HOL-Library.Finite_Map 330:9963  timeout (SH 60696ms): Timed out
0.sledgehammer goal.unfolding 32883ms HOL-Library.Finite_Map 335:10142  timeout (SH 32883ms): Timed out
0.sledgehammer goal.unfolding 35471ms HOL-Library.Finite_Map 340:10304  timeout (SH 35471ms): Timed out
0.sledgehammer goal.unfolding 64178ms HOL-Library.Finite_Map 350:10654  timeout (SH 64178ms): Timed out
0.sledgehammer goal.by        38351ms HOL-Library.Finite_Map 358:10931  timeout (SH 38351ms): Timed out
0.sledgehammer goal.unfolding 30242ms HOL-Library.Finite_Map 360:11073  timeout (SH 30242ms): Timed out
0.sledgehammer goal.by        32174ms HOL-Library.Finite_Map 360:11101  timeout (SH 32174ms): Timed out
0.sledgehammer goal.unfolding 33573ms HOL-Library.Finite_Map 362:11279  timeout (SH 33573ms): Timed out
0.sledgehammer goal.unfolding 33521ms HOL-Library.Finite_Map 363:11384  timeout (SH 33521ms): Timed out
0.sledgehammer goal.unfolding 35037ms HOL-Library.Finite_Map 364:11481  timeout (SH 35037ms): Timed out
0.sledgehammer goal.unfolding 35483ms HOL-Library.Finite_Map 365:11580  timeout (SH 35483ms): Timed out
0.sledgehammer goal.by        37310ms HOL-Library.Finite_Map 371:11838  timeout (SH 37310ms): Timed out
0.sledgehammer goal.unfolding 55723ms HOL-Library.Finite_Map 380:12210  timeout (SH 55723ms): Timed out
0.sledgehammer goal.unfolding 42284ms HOL-Library.Finite_Map 383:12329  timeout (SH 42284ms): Timed out
0.sledgehammer goal.unfolding 38029ms HOL-Library.Finite_Map 393:12764  timeout (SH 38029ms): Timed out
0.sledgehammer goal.unfolding 131106ms HOL-Library.Finite_Map 405:13199  timeout (SH 131105ms): Timed out
0.sledgehammer goal.by        52686ms HOL-Library.Finite_Map 412:13455  timeout (SH 52686ms): Timed out
0.sledgehammer goal.by        65240ms HOL-Library.Finite_Map 427:13933  timeout (SH 65240ms): Timed out
0.sledgehammer goal.by        33108ms HOL-Library.Finite_Map 430:14058  timeout (SH 33107ms): Timed out
0.sledgehammer goal.unfolding 53211ms HOL-Library.Finite_Map 436:14298  timeout (SH 53211ms): Timed out
0.sledgehammer goal.by        41616ms HOL-Library.Finite_Map 442:14466  timeout (SH 41616ms): Timed out
0.sledgehammer goal.unfolding 28558ms HOL-Library.Finite_Map 445:14554  timeout (SH 28558ms): Timed out
0.sledgehammer goal.unfolding 37966ms HOL-Library.Finite_Map 448:14658  timeout (SH 37966ms): Timed out
0.sledgehammer goal.by        55265ms HOL-Library.Finite_Map 460:15110  timeout (SH 55265ms): Timed out
0.sledgehammer goal.by        32794ms HOL-Library.Finite_Map 463:15226  timeout (SH 32794ms): Timed out
0.sledgehammer goal.unfolding 33735ms HOL-Library.Finite_Map 466:15352  timeout (SH 33735ms): Timed out
0.sledgehammer goal.unfolding 36457ms HOL-Library.Finite_Map 469:15496  timeout (SH 36457ms): Timed out
0.sledgehammer goal.unfolding 29208ms HOL-Library.Finite_Map 472:15627  timeout (SH 29207ms): Timed out
0.sledgehammer goal.by        34629ms HOL-Library.Finite_Map 472:15655  timeout (SH 34629ms): Timed out
0.sledgehammer goal.by        36928ms HOL-Library.Finite_Map 478:15898  timeout (SH 36928ms): Timed out
0.sledgehammer goal.by        32827ms HOL-Library.Finite_Map 481:16026  timeout (SH 32827ms): Timed out
0.sledgehammer goal.unfolding 45941ms HOL-Library.Finite_Map 487:16235  timeout (SH 45940ms): Timed out
0.sledgehammer goal.unfolding 37585ms HOL-Library.Finite_Map 490:16363  timeout (SH 37585ms): Timed out
0.sledgehammer goal.by        32941ms HOL-Library.Finite_Map 493:16487  timeout (SH 32941ms): Timed out
0.sledgehammer goal.by        47256ms HOL-Library.Finite_Map 505:16886  timeout (SH 47256ms): Timed out
0.sledgehammer goal.by        44657ms HOL-Library.Finite_Map 511:17186  timeout (SH 44657ms): Timed out
0.sledgehammer goal.by        34905ms HOL-Library.Finite_Map 514:17288  timeout (SH 34905ms): Timed out
0.sledgehammer goal.by        33121ms HOL-Library.Finite_Map 517:17406  timeout (SH 33121ms): Timed out
0.sledgehammer goal.unfolding 32119ms HOL-Library.Finite_Map 520:17545  timeout (SH 32119ms): Timed out
0.sledgehammer goal.unfolding 65296ms HOL-Library.Finite_Map 526:17825  timeout (SH 65296ms): Timed out
0.sledgehammer goal.unfolding 52808ms HOL-Library.Finite_Map 530:17981  timeout (SH 52808ms): Timed out
0.sledgehammer goal.by        43160ms HOL-Library.Finite_Map 543:18442  timeout (SH 43160ms): Timed out
0.sledgehammer goal.by        28378ms HOL-Library.Finite_Map 546:18532  timeout (SH 28377ms): Timed out
0.sledgehammer goal.using     26442ms HOL-Library.Finite_Map 556:18768  timeout (SH 26442ms): Timed out
0.sledgehammer goal.by        25733ms HOL-Library.Finite_Map 557:18782  timeout (SH 25733ms): Timed out
0.sledgehammer goal.by        27537ms HOL-Library.Finite_Map 560:18911  timeout (SH 27537ms): Timed out
0.sledgehammer goal.by        76528ms HOL-Library.Finite_Map 575:19408  timeout (SH 76528ms): Timed out
0.sledgehammer goal.by        31077ms HOL-Library.Finite_Map 578:19472  timeout (SH 31077ms): Timed out
0.sledgehammer goal.by        46285ms HOL-Library.Finite_Map 593:20012  timeout (SH 46285ms): Timed out
0.sledgehammer goal.by        33536ms HOL-Library.Finite_Map 599:20230  timeout (SH 33536ms): Timed out
0.sledgehammer goal.unfolding 32910ms HOL-Library.Finite_Map 620:20974  timeout (SH 32910ms): Timed out
0.sledgehammer goal.unfolding 163247ms HOL-Library.Finite_Map 624:21091  timeout (SH 163247ms):
0.sledgehammer goal.unfolding 51241ms HOL-Library.Finite_Map 628:21202  timeout (SH 51241ms): Timed out
0.sledgehammer goal.unfolding 49758ms HOL-Library.Finite_Map 631:21338  timeout (SH 49757ms): Timed out
0.sledgehammer goal.unfolding 46183ms HOL-Library.Finite_Map 634:21477  timeout (SH 46183ms): Timed out
0.sledgehammer goal.unfolding 74148ms HOL-Library.Finite_Map 637:21625  timeout (SH 74147ms): Timed out
0.sledgehammer goal.unfolding 49737ms HOL-Library.Finite_Map 646:21979  timeout (SH 49736ms): Timed out
0.sledgehammer goal.unfolding 42740ms HOL-Library.Finite_Map 655:22316  timeout (SH 42740ms): Timed out
0.sledgehammer goal.apply     50829ms HOL-Library.Finite_Map 664:22658  timeout (SH 50829ms): Timed out
0.sledgehammer goal.apply     37213ms HOL-Library.Finite_Map 665:22671  timeout (SH 37213ms): Timed out
0.sledgehammer goal.using     37397ms HOL-Library.Finite_Map 666:22689  timeout (SH 37397ms): Timed out
0.sledgehammer goal.by        53712ms HOL-Library.Finite_Map 669:22819  none (SH 53712ms): Crashed
0.sledgehammer goal.by        45370ms HOL-Library.Finite_Map 682:23216  timeout (SH 45370ms): Timed out
0.sledgehammer goal.by        34934ms HOL-Library.Finite_Map 685:23351  timeout (SH 34934ms): Timed out
0.sledgehammer goal.using     37613ms HOL-Library.Finite_Map 693:23557  timeout (SH 37613ms): Timed out
0.sledgehammer goal.by        34699ms HOL-Library.Finite_Map 694:23571  timeout (SH 34699ms): Timed out
0.sledgehammer goal.by        38534ms HOL-Library.Finite_Map 700:23842  timeout (SH 38534ms): Timed out
0.sledgehammer goal.by        28011ms HOL-Library.Finite_Map 707:24130  timeout (SH 28011ms): Timed out
0.sledgehammer goal.unfolding 40551ms HOL-Library.Finite_Map 715:24457  timeout (SH 40551ms): Timed out
0.sledgehammer goal.using     33756ms HOL-Library.Finite_Map 716:24500  timeout (SH 33756ms): Timed out
0.sledgehammer goal.by        28083ms HOL-Library.Finite_Map 716:24522  timeout (SH 28083ms): Timed out
0.sledgehammer goal.unfolding 38464ms HOL-Library.Finite_Map 723:24762  timeout (SH 38464ms): Timed out
0.sledgehammer goal.unfolding 57287ms HOL-Library.Finite_Map 728:24917  timeout (SH 57287ms): Timed out
