0.sledgehammer initialize Params for sledgehammer: {abduce = SOME 0, cache_dir = NONE, compress = NONE, debug = false, expect =
0.sledgehammer initialize  "", fact_filter = NONE, fact_thresholds = (0.45, 0.85), falsify =
0.sledgehammer initialize  SOME false, induction_rules = NONE, instantiate = NONE, isar_proofs = NONE,
0.sledgehammer initialize  lam_trans = NONE, learn = true, max_facts = NONE, max_mono_iters = NONE,
0.sledgehammer initialize  max_new_mono_instances = NONE, max_proofs = 4, minimize = true, overlord =
0.sledgehammer initialize  false, preplay_provers = [], preplay_timeout = 1.000, provers =
0.sledgehammer initialize  ["cvc5_proof"], slices = 96, smt_proofs = true, spy = false, strict =
0.sledgehammer initialize  false, timeout = 30.000, try0 = false, type_enc = NONE, uncurried_aliases =
0.sledgehammer initialize  NONE, verbose = false}
0.sledgehammer goal.proof     34711ms Simplex.Simplex_Auxiliary 58:1518  timeout (SH 34620ms): Timed out
0.sledgehammer goal.proof     130448ms Simplex.Simplex_Auxiliary 196:5105  some (SH 130446ms, ATP 2822ms): Try this: by (smt (verit, ccfv_SIG) Ball_Collect SUP_least insert_iff mem_Collect_eq) (725 ms)
0.sledgehammer goal.proof     130448ms Simplex.Simplex_Auxiliary 196:5105  some Preplay: (smt (verit, ccfv_SIG) Ball_Collect SUP_least insert_iff mem_Collect_eq) (725 ms)
0.sledgehammer goal.proof     130448ms Simplex.Simplex_Auxiliary 196:5105  some Preplay: (smt (verit, best) Ball_Collect SUP_least insert_iff mem_Collect_eq) (937 ms)
0.sledgehammer goal.proof     130448ms Simplex.Simplex_Auxiliary 196:5105  some Preplay: (smt (z3) Ball_Collect SUP_least insert_iff mem_Collect_eq) (955 ms)
0.sledgehammer goal.proof     130448ms Simplex.Simplex_Auxiliary 196:5105  some Preplay: (smt (cvc5, term_relev) Ball_Collect SUP_least insert_iff mem_Collect_eq) (1.0 s)
0.sledgehammer goal.proof     130448ms Simplex.Simplex_Auxiliary 196:5105  some Preplay: (smt (verit, ccfv_threshold) Ball_Collect SUP_least insert_iff mem_Collect_eq) (1.0 s)
0.sledgehammer goal.proof     130448ms Simplex.Simplex_Auxiliary 196:5105  some Preplay: (smt (verit, del_insts) Ball_Collect SUP_least insert_iff mem_Collect_eq) (1.4 s)
0.sledgehammer goal.proof     130448ms Simplex.Simplex_Auxiliary 196:5105  some Preplay: (smt (cvc5, trigger_relev) Ball_Collect SUP_least insert_iff mem_Collect_eq) (1.4 s)
0.sledgehammer goal.proof     130448ms Simplex.Simplex_Auxiliary 196:5105  some Preplay: (smt (verit) Ball_Collect SUP_least insert_iff mem_Collect_eq) (1.5 s)
0.sledgehammer goal.proof     130448ms Simplex.Simplex_Auxiliary 196:5105  some Preplay: (smt (cvc5, trigger_max) Ball_Collect SUP_least insert_iff mem_Collect_eq) (1.8 s)
0.sledgehammer goal.proof     130448ms Simplex.Simplex_Auxiliary 196:5105  some Preplay: (smt (cvc5, trigger_last) Ball_Collect SUP_least insert_iff mem_Collect_eq) (2.0 s)
0.sledgehammer goal.proof     130448ms Simplex.Simplex_Auxiliary 196:5105  some Preplay: (smt (cvc5, best) Ball_Collect SUP_least insert_iff mem_Collect_eq) (2.0 s)
0.sledgehammer goal.proof     130448ms Simplex.Simplex_Auxiliary 196:5105  some Preplay: (smt (cvc5, no_simp) Ball_Collect SUP_least insert_iff mem_Collect_eq) (2.0 s)
0.sledgehammer goal.proof     130448ms Simplex.Simplex_Auxiliary 196:5105  some Preplay: (smt (cvc5, quant_saturate) Ball_Collect SUP_least insert_iff mem_Collect_eq) (2.7 s)
0.sledgehammer goal.proof     130448ms Simplex.Simplex_Auxiliary 196:5105  some Preplay: (smt (cvc5, noematch) Ball_Collect SUP_least insert_iff mem_Collect_eq) (> 1.0 s, timed out)
0.sledgehammer goal.proof     130448ms Simplex.Simplex_Auxiliary 196:5105  some Preplay: (smt (cvc5, fmf) Ball_Collect SUP_least insert_iff mem_Collect_eq) (> 1.0 s, timed out)
0.sledgehammer goal.using     52542ms Simplex.Simplex_Auxiliary 202:5274  some (SH 52539ms, ATP 1371ms): Try this: by (smt (z3) insert_iff mem_Collect_eq) (740 ms)
0.sledgehammer goal.using     52542ms Simplex.Simplex_Auxiliary 202:5274  some Preplay: (smt (z3) insert_iff mem_Collect_eq) (740 ms)
0.sledgehammer goal.using     52542ms Simplex.Simplex_Auxiliary 202:5274  some Preplay: (smt (verit, best) insert_iff mem_Collect_eq) (1.0 s)
0.sledgehammer goal.using     52542ms Simplex.Simplex_Auxiliary 202:5274  some Preplay: (smt (verit) insert_iff mem_Collect_eq) (1.2 s)
0.sledgehammer goal.using     52542ms Simplex.Simplex_Auxiliary 202:5274  some Preplay: (smt (verit, ccfv_SIG) insert_iff mem_Collect_eq) (1.4 s)
0.sledgehammer goal.using     52542ms Simplex.Simplex_Auxiliary 202:5274  some Preplay: (smt (verit, del_insts) insert_iff mem_Collect_eq) (1.4 s)
0.sledgehammer goal.using     52542ms Simplex.Simplex_Auxiliary 202:5274  some Preplay: (smt (verit, ccfv_threshold) insert_iff mem_Collect_eq) (1.5 s)
0.sledgehammer goal.using     52542ms Simplex.Simplex_Auxiliary 202:5274  some Preplay: (smt (cvc5, best) insert_iff mem_Collect_eq) (2.2 s)
0.sledgehammer goal.using     52542ms Simplex.Simplex_Auxiliary 202:5274  some Preplay: (smt (cvc5, noematch) insert_iff mem_Collect_eq) (2.9 s)
0.sledgehammer goal.using     52542ms Simplex.Simplex_Auxiliary 202:5274  some Preplay: (smt (cvc5, term_relev) insert_iff mem_Collect_eq) (3.0 s)
0.sledgehammer goal.using     52542ms Simplex.Simplex_Auxiliary 202:5274  some Preplay: (smt (cvc5, trigger_relev) insert_iff mem_Collect_eq) (3.0 s)
0.sledgehammer goal.using     52542ms Simplex.Simplex_Auxiliary 202:5274  some Preplay: (smt (cvc5, trigger_max) insert_iff mem_Collect_eq) (3.0 s)
0.sledgehammer goal.using     52542ms Simplex.Simplex_Auxiliary 202:5274  some Preplay: (smt (cvc5, no_simp) insert_iff mem_Collect_eq) (3.1 s)
0.sledgehammer goal.using     52542ms Simplex.Simplex_Auxiliary 202:5274  some Preplay: (smt (cvc5, trigger_last) insert_iff mem_Collect_eq) (3.2 s)
0.sledgehammer goal.using     52542ms Simplex.Simplex_Auxiliary 202:5274  some Preplay: (smt (cvc5, quant_saturate) insert_iff mem_Collect_eq) (> 1.0 s, timed out)
0.sledgehammer goal.using     52542ms Simplex.Simplex_Auxiliary 202:5274  some Preplay: (smt (cvc5, fmf) insert_iff mem_Collect_eq) (> 1.0 s, timed out)
0.sledgehammer goal.by        49846ms Simplex.Simplex_Auxiliary 203:5297  some (SH 49845ms, ATP 1199ms): Try this: by (smt (z3) insert_iff mem_Collect_eq) (772 ms)
0.sledgehammer goal.by        49846ms Simplex.Simplex_Auxiliary 203:5297  some Preplay: (smt (z3) insert_iff mem_Collect_eq) (772 ms)
0.sledgehammer goal.by        49846ms Simplex.Simplex_Auxiliary 203:5297  some Preplay: (smt (verit, best) insert_iff mem_Collect_eq) (1.0 s)
0.sledgehammer goal.by        49846ms Simplex.Simplex_Auxiliary 203:5297  some Preplay: (smt (verit) insert_iff mem_Collect_eq) (1.2 s)
0.sledgehammer goal.by        49846ms Simplex.Simplex_Auxiliary 203:5297  some Preplay: (smt (verit, ccfv_SIG) insert_iff mem_Collect_eq) (1.3 s)
0.sledgehammer goal.by        49846ms Simplex.Simplex_Auxiliary 203:5297  some Preplay: (smt (verit, ccfv_threshold) insert_iff mem_Collect_eq) (1.4 s)
0.sledgehammer goal.by        49846ms Simplex.Simplex_Auxiliary 203:5297  some Preplay: (smt (verit, del_insts) insert_iff mem_Collect_eq) (1.4 s)
0.sledgehammer goal.by        49846ms Simplex.Simplex_Auxiliary 203:5297  some Preplay: (smt (cvc5, best) insert_iff mem_Collect_eq) (2.0 s)
0.sledgehammer goal.by        49846ms Simplex.Simplex_Auxiliary 203:5297  some Preplay: (smt (cvc5, trigger_last) insert_iff mem_Collect_eq) (2.9 s)
0.sledgehammer goal.by        49846ms Simplex.Simplex_Auxiliary 203:5297  some Preplay: (smt (cvc5, trigger_max) insert_iff mem_Collect_eq) (2.9 s)
0.sledgehammer goal.by        49846ms Simplex.Simplex_Auxiliary 203:5297  some Preplay: (smt (cvc5, no_simp) insert_iff mem_Collect_eq) (3.0 s)
0.sledgehammer goal.by        49846ms Simplex.Simplex_Auxiliary 203:5297  some Preplay: (smt (cvc5, trigger_relev) insert_iff mem_Collect_eq) (3.0 s)
0.sledgehammer goal.by        49846ms Simplex.Simplex_Auxiliary 203:5297  some Preplay: (smt (cvc5, noematch) insert_iff mem_Collect_eq) (3.0 s)
0.sledgehammer goal.by        49846ms Simplex.Simplex_Auxiliary 203:5297  some Preplay: (smt (cvc5, term_relev) insert_iff mem_Collect_eq) (3.1 s)
0.sledgehammer goal.by        49846ms Simplex.Simplex_Auxiliary 203:5297  some Preplay: (smt (cvc5, quant_saturate) insert_iff mem_Collect_eq) (> 1.0 s, timed out)
0.sledgehammer goal.by        49846ms Simplex.Simplex_Auxiliary 203:5297  some Preplay: (smt (cvc5, fmf) insert_iff mem_Collect_eq) (> 1.0 s, timed out)
0.sledgehammer goal.proof     108232ms Simplex.Rel_Chain 164:4587  some (SH 108229ms, ATP 983ms): Try this: by (smt (z3) List.last_tl \<open>tl l \<noteq> []\<close> add_diff_cancel_right' add_gr_0 assms(1,2,4) hd_conv_nth last_append last_take_conv_nth less_imp_le_nat take_eq_Nil tl_take zero_less_one) (215 ms)
0.sledgehammer goal.proof     108232ms Simplex.Rel_Chain 164:4587  some Preplay: (smt (z3) List.last_tl \<open>tl l \<noteq> []\<close> add_diff_cancel_right' add_gr_0 assms(1,2,4) hd_conv_nth last_append last_take_conv_nth less_imp_le_nat take_eq_Nil tl_take zero_less_one) (215 ms)
0.sledgehammer goal.proof     108232ms Simplex.Rel_Chain 164:4587  some Preplay: (smt (verit) List.last_tl \<open>tl l \<noteq> []\<close> add_diff_cancel_right' add_gr_0 assms(1,2,4) hd_conv_nth last_append last_take_conv_nth less_imp_le_nat take_eq_Nil tl_take zero_less_one) (301 ms)
0.sledgehammer goal.proof     108232ms Simplex.Rel_Chain 164:4587  some Preplay: (smt (verit, best) List.last_tl \<open>tl l \<noteq> []\<close> add_diff_cancel_right' add_gr_0 assms(1,2,4) hd_conv_nth last_append last_take_conv_nth less_imp_le_nat take_eq_Nil tl_take zero_less_one) (405 ms)
0.sledgehammer goal.proof     108232ms Simplex.Rel_Chain 164:4587  some Preplay: (smt (verit, ccfv_threshold) List.last_tl \<open>tl l \<noteq> []\<close> add_diff_cancel_right' add_gr_0 assms(1,2,4) hd_conv_nth last_append last_take_conv_nth less_imp_le_nat take_eq_Nil tl_take zero_less_one) (470 ms)
0.sledgehammer goal.proof     108232ms Simplex.Rel_Chain 164:4587  some Preplay: (smt (verit, ccfv_SIG) List.last_tl \<open>tl l \<noteq> []\<close> add_diff_cancel_right' add_gr_0 assms(1,2,4) hd_conv_nth last_append last_take_conv_nth less_imp_le_nat take_eq_Nil tl_take zero_less_one) (593 ms)
0.sledgehammer goal.proof     108232ms Simplex.Rel_Chain 164:4587  some Preplay: (smt (verit, del_insts) List.last_tl \<open>tl l \<noteq> []\<close> add_diff_cancel_right' add_gr_0 assms(1,2,4) hd_conv_nth last_append last_take_conv_nth less_imp_le_nat take_eq_Nil tl_take zero_less_one) (> 301 ms, timed out)
0.sledgehammer goal.proof     108232ms Simplex.Rel_Chain 164:4587  some Preplay: (smt (cvc5, best) List.last_tl \<open>tl l \<noteq> []\<close> add_diff_cancel_right' add_gr_0 assms(1,2,4) hd_conv_nth last_append last_take_conv_nth less_imp_le_nat take_eq_Nil tl_take zero_less_one) (> 1.0 s, timed out)
0.sledgehammer goal.proof     108232ms Simplex.Rel_Chain 164:4587  some Preplay: (smt (cvc5, trigger_last) List.last_tl \<open>tl l \<noteq> []\<close> add_diff_cancel_right' add_gr_0 assms(1,2,4) hd_conv_nth last_append last_take_conv_nth less_imp_le_nat take_eq_Nil tl_take zero_less_one) (> 1.0 s, timed out)
0.sledgehammer goal.proof     108232ms Simplex.Rel_Chain 164:4587  some Preplay: (smt (cvc5, quant_saturate) List.last_tl \<open>tl l \<noteq> []\<close> add_diff_cancel_right' add_gr_0 assms(1,2,4) hd_conv_nth last_append last_take_conv_nth less_imp_le_nat take_eq_Nil tl_take zero_less_one) (> 1.0 s, timed out)
0.sledgehammer goal.proof     108232ms Simplex.Rel_Chain 164:4587  some Preplay: (smt (cvc5, trigger_max) List.last_tl \<open>tl l \<noteq> []\<close> add_diff_cancel_right' add_gr_0 assms(1,2,4) hd_conv_nth last_append last_take_conv_nth less_imp_le_nat take_eq_Nil tl_take zero_less_one) (> 1.0 s, timed out)
0.sledgehammer goal.proof     108232ms Simplex.Rel_Chain 164:4587  some Preplay: (smt (cvc5, trigger_relev) List.last_tl \<open>tl l \<noteq> []\<close> add_diff_cancel_right' add_gr_0 assms(1,2,4) hd_conv_nth last_append last_take_conv_nth less_imp_le_nat take_eq_Nil tl_take zero_less_one) (> 1.0 s, timed out)
0.sledgehammer goal.proof     108232ms Simplex.Rel_Chain 164:4587  some Preplay: (smt (cvc5, term_relev) List.last_tl \<open>tl l \<noteq> []\<close> add_diff_cancel_right' add_gr_0 assms(1,2,4) hd_conv_nth last_append last_take_conv_nth less_imp_le_nat take_eq_Nil tl_take zero_less_one) (> 1.0 s, timed out)
0.sledgehammer goal.proof     108232ms Simplex.Rel_Chain 164:4587  some Preplay: (smt (cvc5, noematch) List.last_tl \<open>tl l \<noteq> []\<close> add_diff_cancel_right' add_gr_0 assms(1,2,4) hd_conv_nth last_append last_take_conv_nth less_imp_le_nat take_eq_Nil tl_take zero_less_one) (> 1.0 s, timed out)
0.sledgehammer goal.proof     108232ms Simplex.Rel_Chain 164:4587  some Preplay: (smt (cvc5, fmf) List.last_tl \<open>tl l \<noteq> []\<close> add_diff_cancel_right' add_gr_0 assms(1,2,4) hd_conv_nth last_append last_take_conv_nth less_imp_le_nat take_eq_Nil tl_take zero_less_one) (> 1.0 s, timed out)
0.sledgehammer goal.proof     108232ms Simplex.Rel_Chain 164:4587  some Preplay: (smt (cvc5, no_simp) List.last_tl \<open>tl l \<noteq> []\<close> add_diff_cancel_right' add_gr_0 assms(1,2,4) hd_conv_nth last_append last_take_conv_nth less_imp_le_nat take_eq_Nil tl_take zero_less_one) (> 1.0 s, timed out)
0.sledgehammer goal.proof     184639ms Simplex.Rel_Chain 178:5030  some (SH 184635ms, ATP 1824ms): Try this: by (smt (verit, best) \<open>l \<noteq> []\<close> add_gr_0 add_is_0 append.right_neutral append_take_drop_id assms(1,2,4,5) hd_take last_drop list.collapse list.size(3) rel_chain_Cons rel_chain_append rel_chain_appendD(2) rel_chain_take rel_chain_tl take_eq_Nil zero_less_one) (258 ms)
0.sledgehammer goal.proof     184639ms Simplex.Rel_Chain 178:5030  some Preplay: (smt (verit, best) \<open>l \<noteq> []\<close> add_gr_0 add_is_0 append.right_neutral append_take_drop_id assms(1,2,4,5) hd_take last_drop list.collapse list.size(3) rel_chain_Cons rel_chain_append rel_chain_appendD(2) rel_chain_take rel_chain_tl take_eq_Nil zero_less_one) (258 ms)
0.sledgehammer goal.proof     184639ms Simplex.Rel_Chain 178:5030  some Preplay: (smt (verit, ccfv_threshold) \<open>l \<noteq> []\<close> add_gr_0 add_is_0 append.right_neutral append_take_drop_id assms(1,2,4,5) hd_take last_drop list.collapse rel_chain_Cons rel_chain_append rel_chain_appendD(2) rel_chain_take rel_chain_tl take_eq_Nil zero_less_one) (263 ms)
0.sledgehammer goal.proof     184639ms Simplex.Rel_Chain 178:5030  some Preplay: (smt (verit, del_insts) \<open>l \<noteq> []\<close> add_gr_0 add_is_0 append.right_neutral append_take_drop_id assms(1,2,4,5) hd_take last_drop list.collapse rel_chain_Cons rel_chain_append rel_chain_appendD(2) rel_chain_take take_eq_Nil zero_less_one) (266 ms)
0.sledgehammer goal.proof     184639ms Simplex.Rel_Chain 178:5030  some Preplay: (smt (verit) add_diff_cancel_right' add_gr_0 add_is_0 append.right_neutral append_take_drop_id assms(1,2,4,5) hd_conv_nth hd_take last_drop list.collapse list.size(3) rel_chain_Cons rel_chain_append rel_chain_appendD(2) rel_chain_take rel_chain_tl take_eq_Nil tl_take zero_less_one) (286 ms)
0.sledgehammer goal.proof     184639ms Simplex.Rel_Chain 178:5030  some Preplay: (smt (verit, ccfv_SIG) \<open>l \<noteq> []\<close> add_gr_0 add_is_0 append.right_neutral append_take_drop_id assms(1,2,4,5) hd_take last_drop list.collapse rel_chain_Cons rel_chain_append rel_chain_appendD(2) rel_chain_take take_eq_Nil zero_less_one) (329 ms)
0.sledgehammer goal.proof     184639ms Simplex.Rel_Chain 178:5030  some Preplay: (smt (z3) \<open>l \<noteq> []\<close> add_gr_0 add_is_0 append.right_neutral append_take_drop_id assms(1,2,4,5) hd_take last_drop list.collapse rel_chain_Cons rel_chain_append rel_chain_appendD(2) rel_chain_take take_eq_Nil tl_take zero_less_one) (347 ms)
0.sledgehammer goal.proof     184639ms Simplex.Rel_Chain 178:5030  some Preplay: (smt (cvc5, best) One_nat_def \<open>l \<noteq> []\<close> add_diff_cancel_right' add_gr_0 add_is_0 append.right_neutral append_take_drop_id assms(1,2,4,5) hd_conv_nth hd_take last_drop list.collapse list.size(3) rel_chain_Cons rel_chain_append rel_chain_appendD(2) rel_chain_take rel_chain_tl take_eq_Nil tl_take zero_less_one) (> 1.0 s, timed out)
0.sledgehammer goal.proof     184639ms Simplex.Rel_Chain 178:5030  some Preplay: (smt (cvc5, trigger_last) One_nat_def \<open>l \<noteq> []\<close> add_diff_cancel_right' add_gr_0 add_is_0 append.right_neutral append_take_drop_id assms(1,2,4,5) hd_conv_nth hd_take last_drop list.collapse list.size(3) rel_chain_Cons rel_chain_append rel_chain_appendD(2) rel_chain_take rel_chain_tl take_eq_Nil tl_take zero_less_one) (> 1.0 s, timed out)
0.sledgehammer goal.proof     184639ms Simplex.Rel_Chain 178:5030  some Preplay: (smt (cvc5, quant_saturate) One_nat_def \<open>l \<noteq> []\<close> add_diff_cancel_right' add_gr_0 add_is_0 append.right_neutral append_take_drop_id assms(1,2,4,5) hd_conv_nth hd_take last_drop list.collapse list.size(3) rel_chain_Cons rel_chain_append rel_chain_appendD(2) rel_chain_take rel_chain_tl take_eq_Nil tl_take zero_less_one) (> 1.0 s, timed out)
0.sledgehammer goal.proof     184639ms Simplex.Rel_Chain 178:5030  some Preplay: (smt (cvc5, trigger_max) One_nat_def \<open>l \<noteq> []\<close> add_diff_cancel_right' add_gr_0 add_is_0 append.right_neutral append_take_drop_id assms(1,2,4,5) hd_conv_nth hd_take last_drop list.collapse list.size(3) rel_chain_Cons rel_chain_append rel_chain_appendD(2) rel_chain_take rel_chain_tl take_eq_Nil tl_take zero_less_one) (> 1.0 s, timed out)
0.sledgehammer goal.proof     184639ms Simplex.Rel_Chain 178:5030  some Preplay: (smt (cvc5, trigger_relev) One_nat_def \<open>l \<noteq> []\<close> add_diff_cancel_right' add_gr_0 add_is_0 append.right_neutral append_take_drop_id assms(1,2,4,5) hd_conv_nth hd_take last_drop list.collapse list.size(3) rel_chain_Cons rel_chain_append rel_chain_appendD(2) rel_chain_take rel_chain_tl take_eq_Nil tl_take zero_less_one) (> 1.0 s, timed out)
0.sledgehammer goal.proof     184639ms Simplex.Rel_Chain 178:5030  some Preplay: (smt (cvc5, term_relev) One_nat_def \<open>l \<noteq> []\<close> add_diff_cancel_right' add_gr_0 add_is_0 append.right_neutral append_take_drop_id assms(1,2,4,5) hd_conv_nth hd_take last_drop list.collapse list.size(3) rel_chain_Cons rel_chain_append rel_chain_appendD(2) rel_chain_take rel_chain_tl take_eq_Nil tl_take zero_less_one) (> 1.0 s, timed out)
0.sledgehammer goal.proof     184639ms Simplex.Rel_Chain 178:5030  some Preplay: (smt (cvc5, noematch) One_nat_def \<open>l \<noteq> []\<close> add_diff_cancel_right' add_gr_0 add_is_0 append.right_neutral append_take_drop_id assms(1,2,4,5) hd_conv_nth hd_take last_drop list.collapse list.size(3) rel_chain_Cons rel_chain_append rel_chain_appendD(2) rel_chain_take rel_chain_tl take_eq_Nil tl_take zero_less_one) (> 1.0 s, timed out)
0.sledgehammer goal.proof     184639ms Simplex.Rel_Chain 178:5030  some Preplay: (smt (cvc5, fmf) One_nat_def \<open>l \<noteq> []\<close> add_diff_cancel_right' add_gr_0 add_is_0 append.right_neutral append_take_drop_id assms(1,2,4,5) hd_conv_nth hd_take last_drop list.collapse list.size(3) rel_chain_Cons rel_chain_append rel_chain_appendD(2) rel_chain_take rel_chain_tl take_eq_Nil tl_take zero_less_one) (> 1.0 s, timed out)
0.sledgehammer goal.proof     184639ms Simplex.Rel_Chain 178:5030  some Preplay: (smt (cvc5, no_simp) One_nat_def \<open>l \<noteq> []\<close> add_diff_cancel_right' add_gr_0 add_is_0 append.right_neutral append_take_drop_id assms(1,2,4,5) hd_conv_nth hd_take last_drop list.collapse list.size(3) rel_chain_Cons rel_chain_append rel_chain_appendD(2) rel_chain_take rel_chain_tl take_eq_Nil tl_take zero_less_one) (> 1.0 s, timed out)
0.sledgehammer goal.using     121495ms Simplex.Simplex_Algebra 139:3514  some (SH 121490ms, ATP 3580ms): Try this: by (smt (verit, ccfv_SIG) divide_divide_eq_right divide_inverse less_numeral_extra(3) local.dual_order.asym local.neq_iff local.scaleRat_less1 local.scaleRat_scaleRat mult_1 nonzero_divide_mult_cancel_right zero_less_divide_1_iff) (367 ms)
0.sledgehammer goal.using     121495ms Simplex.Simplex_Algebra 139:3514  some Preplay: (smt (verit, ccfv_SIG) divide_divide_eq_right divide_inverse less_numeral_extra(3) local.dual_order.asym local.neq_iff local.scaleRat_less1 local.scaleRat_scaleRat mult_1 nonzero_divide_mult_cancel_right zero_less_divide_1_iff) (367 ms)
0.sledgehammer goal.using     121495ms Simplex.Simplex_Algebra 139:3514  some Preplay: (smt (verit) divide_divide_eq_right divide_inverse less_numeral_extra(3) local.dual_order.asym local.neq_iff local.scaleRat_less1 local.scaleRat_scaleRat mult_1 nonzero_divide_mult_cancel_right zero_less_divide_1_iff) (701 ms)
0.sledgehammer goal.using     121495ms Simplex.Simplex_Algebra 139:3514  some Preplay: (smt (verit, ccfv_threshold) divide_divide_eq_right divide_inverse less_numeral_extra(3) local.dual_order.asym local.neq_iff local.scaleRat_less1 local.scaleRat_scaleRat mult_1 nonzero_divide_mult_cancel_right zero_less_divide_1_iff) (> 367 ms, timed out)
0.sledgehammer goal.using     121495ms Simplex.Simplex_Algebra 139:3514  some Preplay: (smt (verit, best) divide_divide_eq_right divide_inverse less_numeral_extra(3) local.dual_order.asym local.neq_iff local.scaleRat_less1 local.scaleRat_scaleRat mult_1 nonzero_divide_mult_cancel_right zero_less_divide_1_iff) (> 367 ms, timed out)
0.sledgehammer goal.using     121495ms Simplex.Simplex_Algebra 139:3514  some Preplay: (smt (z3) divide_divide_eq_right divide_inverse less_numeral_extra(3) local.dual_order.asym local.neq_iff local.scaleRat_less1 local.scaleRat_scaleRat mult_1 nonzero_divide_mult_cancel_right zero_less_divide_1_iff) (> 367 ms, timed out)
0.sledgehammer goal.using     121495ms Simplex.Simplex_Algebra 139:3514  some Preplay: (smt (verit, del_insts) divide_divide_eq_right divide_inverse less_numeral_extra(3) local.dual_order.asym local.neq_iff local.scaleRat_less1 local.scaleRat_scaleRat mult_1 nonzero_divide_mult_cancel_right zero_less_divide_1_iff) (> 701 ms, timed out)
0.sledgehammer goal.using     121495ms Simplex.Simplex_Algebra 139:3514  some Preplay: (smt (cvc5, best) divide_divide_eq_right divide_inverse less_numeral_extra(3) local.dual_order.asym local.neq_iff local.scaleRat_less1 local.scaleRat_scaleRat mult_1 nonzero_divide_mult_cancel_right zero_less_divide_1_iff) (> 1.0 s, timed out)
0.sledgehammer goal.using     121495ms Simplex.Simplex_Algebra 139:3514  some Preplay: (smt (cvc5, trigger_last) divide_divide_eq_right divide_inverse less_numeral_extra(3) local.dual_order.asym local.neq_iff local.scaleRat_less1 local.scaleRat_scaleRat mult_1 nonzero_divide_mult_cancel_right zero_less_divide_1_iff) (> 1.0 s, timed out)
0.sledgehammer goal.using     121495ms Simplex.Simplex_Algebra 139:3514  some Preplay: (smt (cvc5, quant_saturate) divide_divide_eq_right divide_inverse less_numeral_extra(3) local.dual_order.asym local.neq_iff local.scaleRat_less1 local.scaleRat_scaleRat mult_1 nonzero_divide_mult_cancel_right zero_less_divide_1_iff) (> 1.0 s, timed out)
0.sledgehammer goal.using     121495ms Simplex.Simplex_Algebra 139:3514  some Preplay: (smt (cvc5, trigger_max) divide_divide_eq_right divide_inverse less_numeral_extra(3) local.dual_order.asym local.neq_iff local.scaleRat_less1 local.scaleRat_scaleRat mult_1 nonzero_divide_mult_cancel_right zero_less_divide_1_iff) (> 1.0 s, timed out)
0.sledgehammer goal.using     121495ms Simplex.Simplex_Algebra 139:3514  some Preplay: (smt (cvc5, trigger_relev) divide_divide_eq_right divide_inverse less_numeral_extra(3) local.dual_order.asym local.neq_iff local.scaleRat_less1 local.scaleRat_scaleRat mult_1 nonzero_divide_mult_cancel_right zero_less_divide_1_iff) (> 1.0 s, timed out)
0.sledgehammer goal.using     121495ms Simplex.Simplex_Algebra 139:3514  some Preplay: (smt (cvc5, term_relev) divide_divide_eq_right divide_inverse less_numeral_extra(3) local.dual_order.asym local.neq_iff local.scaleRat_less1 local.scaleRat_scaleRat mult_1 nonzero_divide_mult_cancel_right zero_less_divide_1_iff) (> 1.0 s, timed out)
0.sledgehammer goal.using     121495ms Simplex.Simplex_Algebra 139:3514  some Preplay: (smt (cvc5, noematch) divide_divide_eq_right divide_inverse less_numeral_extra(3) local.dual_order.asym local.neq_iff local.scaleRat_less1 local.scaleRat_scaleRat mult_1 nonzero_divide_mult_cancel_right zero_less_divide_1_iff) (> 1.0 s, timed out)
0.sledgehammer goal.using     121495ms Simplex.Simplex_Algebra 139:3514  some Preplay: (smt (cvc5, fmf) divide_divide_eq_right divide_inverse less_numeral_extra(3) local.dual_order.asym local.neq_iff local.scaleRat_less1 local.scaleRat_scaleRat mult_1 nonzero_divide_mult_cancel_right zero_less_divide_1_iff) (> 1.0 s, timed out)
0.sledgehammer goal.using     121495ms Simplex.Simplex_Algebra 139:3514  some Preplay: (smt (cvc5, no_simp) divide_divide_eq_right divide_inverse less_numeral_extra(3) local.dual_order.asym local.neq_iff local.scaleRat_less1 local.scaleRat_scaleRat mult_1 nonzero_divide_mult_cancel_right zero_less_divide_1_iff) (> 1.0 s, timed out)
0.sledgehammer goal.using     154750ms Simplex.Simplex_Algebra 144:3677  some (SH 154746ms, ATP 2838ms): Try this: by (smt (z3) less_numeral_extra(3) local.not_less_iff_gr_or_eq local.scaleRat_less1 local.scaleRat_one local.scaleRat_scaleRat mult.commute nonzero_eq_divide_eq) (88 ms)
0.sledgehammer goal.using     154750ms Simplex.Simplex_Algebra 144:3677  some Preplay: (smt (z3) less_numeral_extra(3) local.not_less_iff_gr_or_eq local.scaleRat_less1 local.scaleRat_one local.scaleRat_scaleRat mult.commute nonzero_eq_divide_eq) (88 ms)
0.sledgehammer goal.using     154750ms Simplex.Simplex_Algebra 144:3677  some Preplay: (smt (verit) less_numeral_extra(3) local.antisym_conv3 local.not_less_iff_gr_or_eq local.scaleRat_less1 local.scaleRat_one local.scaleRat_scaleRat mult.commute nonzero_eq_divide_eq) (126 ms)
0.sledgehammer goal.using     154750ms Simplex.Simplex_Algebra 144:3677  some Preplay: (smt (cvc5, noematch) less_numeral_extra(3) local.antisym_conv3 local.not_less_iff_gr_or_eq local.scaleRat_less1 local.scaleRat_one local.scaleRat_scaleRat mult.commute nonzero_eq_divide_eq) (419 ms)
0.sledgehammer goal.using     154750ms Simplex.Simplex_Algebra 144:3677  some Preplay: (smt (cvc5, quant_saturate) less_numeral_extra(3) local.not_less_iff_gr_or_eq local.scaleRat_less1 local.scaleRat_one local.scaleRat_scaleRat mult.commute nonzero_eq_divide_eq) (492 ms)
0.sledgehammer goal.using     154750ms Simplex.Simplex_Algebra 144:3677  some Preplay: (smt (cvc5, trigger_relev) less_numeral_extra(3) local.antisym_conv3 local.not_less_iff_gr_or_eq local.scaleRat_less1 local.scaleRat_one local.scaleRat_scaleRat mult.commute nonzero_eq_divide_eq) (580 ms)
0.sledgehammer goal.using     154750ms Simplex.Simplex_Algebra 144:3677  some Preplay: (smt (cvc5, trigger_max) less_numeral_extra(3) local.antisym_conv3 local.not_less_iff_gr_or_eq local.scaleRat_less1 local.scaleRat_one local.scaleRat_scaleRat mult.commute nonzero_eq_divide_eq) (602 ms)
0.sledgehammer goal.using     154750ms Simplex.Simplex_Algebra 144:3677  some Preplay: (smt (cvc5, trigger_last) less_numeral_extra(3) local.antisym_conv3 local.not_less_iff_gr_or_eq local.scaleRat_less1 local.scaleRat_one local.scaleRat_scaleRat mult.commute nonzero_eq_divide_eq) (711 ms)
0.sledgehammer goal.using     154750ms Simplex.Simplex_Algebra 144:3677  some Preplay: (smt (cvc5, best) less_numeral_extra(3) local.antisym_conv3 local.not_less_iff_gr_or_eq local.scaleRat_less1 local.scaleRat_one local.scaleRat_scaleRat mult.commute nonzero_eq_divide_eq) (1.0 s)
0.sledgehammer goal.using     154750ms Simplex.Simplex_Algebra 144:3677  some Preplay: (smt (verit, del_insts) less_numeral_extra(3) local.antisym_conv3 local.not_less_iff_gr_or_eq local.scaleRat_less1 local.scaleRat_one local.scaleRat_scaleRat mult.commute nonzero_eq_divide_eq) (> 126 ms, timed out)
0.sledgehammer goal.using     154750ms Simplex.Simplex_Algebra 144:3677  some Preplay: (smt (verit, ccfv_SIG) less_numeral_extra(3) local.antisym_conv3 local.not_less_iff_gr_or_eq local.scaleRat_less1 local.scaleRat_one local.scaleRat_scaleRat mult.commute nonzero_eq_divide_eq) (> 126 ms, timed out)
0.sledgehammer goal.using     154750ms Simplex.Simplex_Algebra 144:3677  some Preplay: (smt (verit, ccfv_threshold) less_numeral_extra(3) local.antisym_conv3 local.not_less_iff_gr_or_eq local.scaleRat_less1 local.scaleRat_one local.scaleRat_scaleRat mult.commute nonzero_eq_divide_eq) (> 126 ms, timed out)
0.sledgehammer goal.using     154750ms Simplex.Simplex_Algebra 144:3677  some Preplay: (smt (verit, best) less_numeral_extra(3) local.antisym_conv3 local.not_less_iff_gr_or_eq local.scaleRat_less1 local.scaleRat_one local.scaleRat_scaleRat mult.commute nonzero_eq_divide_eq) (> 126 ms, timed out)
0.sledgehammer goal.using     154750ms Simplex.Simplex_Algebra 144:3677  some Preplay: (smt (cvc5, fmf) less_numeral_extra(3) local.antisym_conv3 local.not_less_iff_gr_or_eq local.scaleRat_less1 local.scaleRat_one local.scaleRat_scaleRat mult.commute nonzero_eq_divide_eq) (> 419 ms, timed out)
0.sledgehammer goal.using     154750ms Simplex.Simplex_Algebra 144:3677  some Preplay: (smt (cvc5, no_simp) less_numeral_extra(3) local.antisym_conv3 local.not_less_iff_gr_or_eq local.scaleRat_less1 local.scaleRat_one local.scaleRat_scaleRat mult.commute nonzero_eq_divide_eq) (> 419 ms, timed out)
0.sledgehammer goal.using     154750ms Simplex.Simplex_Algebra 144:3677  some Preplay: (smt (cvc5, term_relev) less_numeral_extra(3) local.antisym_conv3 local.not_less_iff_gr_or_eq local.scaleRat_less1 local.scaleRat_one local.scaleRat_scaleRat mult.commute nonzero_eq_divide_eq) (> 580 ms, timed out)
0.sledgehammer goal.by        21468ms Simplex.Abstract_Linear_Poly 265:9052  some (SH 21466ms, ATP 978ms): Try this: by (smt (verit, ccfv_SIG) Collect_cong) (339 ms)
0.sledgehammer goal.by        21468ms Simplex.Abstract_Linear_Poly 265:9052  some Preplay: (smt (verit, ccfv_SIG) Collect_cong) (339 ms)
0.sledgehammer goal.by        21468ms Simplex.Abstract_Linear_Poly 265:9052  some Preplay: (smt (verit, best) Collect_cong) (426 ms)
0.sledgehammer goal.by        21468ms Simplex.Abstract_Linear_Poly 265:9052  some Preplay: (smt (verit, ccfv_threshold) Collect_cong) (430 ms)
0.sledgehammer goal.by        21468ms Simplex.Abstract_Linear_Poly 265:9052  some Preplay: (smt (z3) Collect_cong) (461 ms)
0.sledgehammer goal.by        21468ms Simplex.Abstract_Linear_Poly 265:9052  some Preplay: (smt (verit) Collect_cong) (468 ms)
0.sledgehammer goal.by        21468ms Simplex.Abstract_Linear_Poly 265:9052  some Preplay: (smt (verit, del_insts) Collect_cong) (775 ms)
0.sledgehammer goal.by        21468ms Simplex.Abstract_Linear_Poly 265:9052  some Preplay: (smt (cvc5, trigger_max) Collect_cong) (963 ms)
0.sledgehammer goal.by        21468ms Simplex.Abstract_Linear_Poly 265:9052  some Preplay: (smt (cvc5, no_simp) Collect_cong) (989 ms)
0.sledgehammer goal.by        21468ms Simplex.Abstract_Linear_Poly 265:9052  some Preplay: (smt (cvc5, trigger_relev) Collect_cong) (996 ms)
0.sledgehammer goal.by        21468ms Simplex.Abstract_Linear_Poly 265:9052  some Preplay: (smt (cvc5, trigger_last) Collect_cong) (1.0 s)
0.sledgehammer goal.by        21468ms Simplex.Abstract_Linear_Poly 265:9052  some Preplay: (smt (cvc5, noematch) Collect_cong) (1.3 s)
0.sledgehammer goal.by        21468ms Simplex.Abstract_Linear_Poly 265:9052  some Preplay: (smt (cvc5, term_relev) Collect_cong) (1.3 s)
0.sledgehammer goal.by        21468ms Simplex.Abstract_Linear_Poly 265:9052  some Preplay: (smt (cvc5, quant_saturate) Collect_cong) (1.4 s)
0.sledgehammer goal.by        21468ms Simplex.Abstract_Linear_Poly 265:9052  some Preplay: (smt (cvc5, fmf) Collect_cong) (1.6 s)
0.sledgehammer goal.by        21468ms Simplex.Abstract_Linear_Poly 265:9052  some Preplay: (smt (cvc5, best) Collect_cong) (4.7 s)
0.sledgehammer goal.by        56869ms Simplex.Linear_Poly_Maps 33:1280  some (SH 56866ms, ATP 1782ms): Try this: by (smt (z3) bi_uniqueDl linear_poly.bi_unique rel_funI rel_fun_eq) (934 ms)
0.sledgehammer goal.by        56869ms Simplex.Linear_Poly_Maps 33:1280  some Preplay: (smt (z3) bi_uniqueDl linear_poly.bi_unique rel_funI rel_fun_eq) (934 ms)
0.sledgehammer goal.by        56869ms Simplex.Linear_Poly_Maps 33:1280  some Preplay: (smt (verit, best) bi_uniqueDl linear_poly.bi_unique rel_funI rel_fun_eq) (1.0 s)
0.sledgehammer goal.by        56869ms Simplex.Linear_Poly_Maps 33:1280  some Preplay: (smt (verit, del_insts) bi_uniqueDl linear_poly.bi_unique rel_funI rel_fun_eq) (1.1 s)
0.sledgehammer goal.by        56869ms Simplex.Linear_Poly_Maps 33:1280  some Preplay: (smt (verit, ccfv_SIG) bi_uniqueDl linear_poly.bi_unique rel_funI rel_fun_eq) (1.2 s)
0.sledgehammer goal.by        56869ms Simplex.Linear_Poly_Maps 33:1280  some Preplay: (smt (verit) bi_uniqueDl linear_poly.bi_unique rel_funI rel_fun_eq) (1.4 s)
0.sledgehammer goal.by        56869ms Simplex.Linear_Poly_Maps 33:1280  some Preplay: (smt (verit, ccfv_threshold) bi_uniqueDl linear_poly.bi_unique rel_funI rel_fun_eq) (1.6 s)
0.sledgehammer goal.by        56869ms Simplex.Linear_Poly_Maps 33:1280  some Preplay: (smt (cvc5, quant_saturate) bi_uniqueDl linear_poly.bi_unique rel_funI rel_fun_eq) (2.6 s)
0.sledgehammer goal.by        56869ms Simplex.Linear_Poly_Maps 33:1280  some Preplay: (smt (cvc5, fmf) bi_uniqueDl linear_poly.bi_unique rel_funI rel_fun_eq) (> 1.0 s, timed out)
0.sledgehammer goal.by        56869ms Simplex.Linear_Poly_Maps 33:1280  some Preplay: (smt (cvc5, best) bi_uniqueDl linear_poly.bi_unique rel_funI rel_fun_eq) (failed)
0.sledgehammer goal.by        56869ms Simplex.Linear_Poly_Maps 33:1280  some Preplay: (smt (cvc5, trigger_last) bi_uniqueDl linear_poly.bi_unique rel_funI rel_fun_eq) (failed)
0.sledgehammer goal.by        56869ms Simplex.Linear_Poly_Maps 33:1280  some Preplay: (smt (cvc5, trigger_max) bi_uniqueDl linear_poly.bi_unique rel_funI rel_fun_eq) (failed)
0.sledgehammer goal.by        56869ms Simplex.Linear_Poly_Maps 33:1280  some Preplay: (smt (cvc5, trigger_relev) bi_uniqueDl linear_poly.bi_unique rel_funI rel_fun_eq) (failed)
0.sledgehammer goal.by        56869ms Simplex.Linear_Poly_Maps 33:1280  some Preplay: (smt (cvc5, term_relev) bi_uniqueDl linear_poly.bi_unique rel_funI rel_fun_eq) (failed)
0.sledgehammer goal.by        56869ms Simplex.Linear_Poly_Maps 33:1280  some Preplay: (smt (cvc5, noematch) bi_uniqueDl linear_poly.bi_unique rel_funI rel_fun_eq) (failed)
0.sledgehammer goal.by        56869ms Simplex.Linear_Poly_Maps 33:1280  some Preplay: (smt (cvc5, no_simp) bi_uniqueDl linear_poly.bi_unique rel_funI rel_fun_eq) (failed)
0.sledgehammer goal.by        36990ms Simplex.Linear_Poly_Maps 39:1686  some (SH 36987ms, ATP 912ms): Try this: by (smt (verit) Abstract_Linear_Poly.inv_def domIff finite_subset mem_Collect_eq subsetI) (163 ms)
0.sledgehammer goal.by        36990ms Simplex.Linear_Poly_Maps 39:1686  some Preplay: (smt (verit) Abstract_Linear_Poly.inv_def domIff finite_subset mem_Collect_eq subsetI) (163 ms)
0.sledgehammer goal.by        36990ms Simplex.Linear_Poly_Maps 39:1686  some Preplay: (smt (z3) Abstract_Linear_Poly.inv_def domIff finite_subset mem_Collect_eq subsetI) (184 ms)
0.sledgehammer goal.by        36990ms Simplex.Linear_Poly_Maps 39:1686  some Preplay: (smt (cvc5, fmf) Abstract_Linear_Poly.inv_def domIff finite_subset mem_Collect_eq subsetI) (307 ms)
0.sledgehammer goal.by        36990ms Simplex.Linear_Poly_Maps 39:1686  some Preplay: (smt (cvc5, best) Abstract_Linear_Poly.inv_def domIff finite_subset mem_Collect_eq subsetI) (480 ms)
0.sledgehammer goal.by        36990ms Simplex.Linear_Poly_Maps 39:1686  some Preplay: (smt (verit, del_insts) Abstract_Linear_Poly.inv_def domIff finite_subset mem_Collect_eq subsetI) (> 163 ms, timed out)
0.sledgehammer goal.by        36990ms Simplex.Linear_Poly_Maps 39:1686  some Preplay: (smt (verit, ccfv_SIG) Abstract_Linear_Poly.inv_def domIff finite_subset mem_Collect_eq subsetI) (> 163 ms, timed out)
0.sledgehammer goal.by        36990ms Simplex.Linear_Poly_Maps 39:1686  some Preplay: (smt (verit, ccfv_threshold) Abstract_Linear_Poly.inv_def domIff finite_subset mem_Collect_eq subsetI) (> 163 ms, timed out)
0.sledgehammer goal.by        36990ms Simplex.Linear_Poly_Maps 39:1686  some Preplay: (smt (verit, best) Abstract_Linear_Poly.inv_def domIff finite_subset mem_Collect_eq subsetI) (> 163 ms, timed out)
0.sledgehammer goal.by        36990ms Simplex.Linear_Poly_Maps 39:1686  some Preplay: (smt (cvc5, no_simp) Abstract_Linear_Poly.inv_def domIff finite_subset mem_Collect_eq subsetI) (> 307 ms, timed out)
0.sledgehammer goal.by        36990ms Simplex.Linear_Poly_Maps 39:1686  some Preplay: (smt (cvc5, trigger_last) Abstract_Linear_Poly.inv_def domIff finite_subset mem_Collect_eq subsetI) (> 480 ms, timed out)
0.sledgehammer goal.by        36990ms Simplex.Linear_Poly_Maps 39:1686  some Preplay: (smt (cvc5, quant_saturate) Abstract_Linear_Poly.inv_def domIff finite_subset mem_Collect_eq subsetI) (> 480 ms, timed out)
0.sledgehammer goal.by        36990ms Simplex.Linear_Poly_Maps 39:1686  some Preplay: (smt (cvc5, trigger_max) Abstract_Linear_Poly.inv_def domIff finite_subset mem_Collect_eq subsetI) (> 480 ms, timed out)
0.sledgehammer goal.by        36990ms Simplex.Linear_Poly_Maps 39:1686  some Preplay: (smt (cvc5, trigger_relev) Abstract_Linear_Poly.inv_def domIff finite_subset mem_Collect_eq subsetI) (> 480 ms, timed out)
0.sledgehammer goal.by        36990ms Simplex.Linear_Poly_Maps 39:1686  some Preplay: (smt (cvc5, term_relev) Abstract_Linear_Poly.inv_def domIff finite_subset mem_Collect_eq subsetI) (> 480 ms, timed out)
0.sledgehammer goal.by        36990ms Simplex.Linear_Poly_Maps 39:1686  some Preplay: (smt (cvc5, noematch) Abstract_Linear_Poly.inv_def domIff finite_subset mem_Collect_eq subsetI) (> 480 ms, timed out)
0.sledgehammer goal.by        115783ms Simplex.Linear_Poly_Maps 115:5052  some (SH 115781ms, ATP 1602ms): Try this: by (smt (z3) add.commute add_cancel_left_left option.case_eq_if) (182 ms)
0.sledgehammer goal.by        115783ms Simplex.Linear_Poly_Maps 115:5052  some Preplay: (smt (z3) add.commute add_cancel_left_left option.case_eq_if) (182 ms)
0.sledgehammer goal.by        115783ms Simplex.Linear_Poly_Maps 115:5052  some Preplay: (smt (verit, best) add.commute add_cancel_left_left option.case_eq_if) (609 ms)
0.sledgehammer goal.by        115783ms Simplex.Linear_Poly_Maps 115:5052  some Preplay: (smt (verit, ccfv_SIG) add.commute add_cancel_left_left option.case_eq_if) (698 ms)
0.sledgehammer goal.by        115783ms Simplex.Linear_Poly_Maps 115:5052  some Preplay: (smt (verit) add.commute add_cancel_left_left option.case_eq_if) (734 ms)
0.sledgehammer goal.by        115783ms Simplex.Linear_Poly_Maps 115:5052  some Preplay: (smt (verit, del_insts) add.commute add_cancel_left_left option.case_eq_if) (752 ms)
0.sledgehammer goal.by        115783ms Simplex.Linear_Poly_Maps 115:5052  some Preplay: (smt (cvc5, quant_saturate) add.commute add_cancel_left_left option.case_eq_if) (1.2 s)
0.sledgehammer goal.by        115783ms Simplex.Linear_Poly_Maps 115:5052  some Preplay: (smt (verit, ccfv_threshold) add.commute add_cancel_left_left option.case_eq_if) (1.2 s)
0.sledgehammer goal.by        115783ms Simplex.Linear_Poly_Maps 115:5052  some Preplay: (smt (cvc5, trigger_last) add.commute add_cancel_left_left option.case_eq_if) (2.3 s)
0.sledgehammer goal.by        115783ms Simplex.Linear_Poly_Maps 115:5052  some Preplay: (smt (cvc5, term_relev) add.commute add_cancel_left_left option.case_eq_if) (2.4 s)
0.sledgehammer goal.by        115783ms Simplex.Linear_Poly_Maps 115:5052  some Preplay: (smt (cvc5, best) add.commute add_cancel_left_left option.case_eq_if) (2.7 s)
0.sledgehammer goal.by        115783ms Simplex.Linear_Poly_Maps 115:5052  some Preplay: (smt (cvc5, no_simp) add.commute add_cancel_left_left option.case_eq_if) (2.9 s)
0.sledgehammer goal.by        115783ms Simplex.Linear_Poly_Maps 115:5052  some Preplay: (smt (cvc5, trigger_max) add.commute add_cancel_left_left option.case_eq_if) (3.3 s)
0.sledgehammer goal.by        115783ms Simplex.Linear_Poly_Maps 115:5052  some Preplay: (smt (cvc5, trigger_relev) add.commute add_cancel_left_left option.case_eq_if) (3.7 s)
0.sledgehammer goal.by        115783ms Simplex.Linear_Poly_Maps 115:5052  some Preplay: (smt (cvc5, fmf) add.commute add_cancel_left_left option.case_eq_if) (> 1.0 s, timed out)
0.sledgehammer goal.by        115783ms Simplex.Linear_Poly_Maps 115:5052  some Preplay: (smt (cvc5, noematch) add.commute add_cancel_left_left option.case_eq_if) (failed)
0.sledgehammer goal.by        51382ms Simplex.Linear_Poly_Maps 120:5273  some (SH 51380ms, ATP 1387ms): Try this: by (smt (z3) add.commute add_cancel_left_left option.case_eq_if) (230 ms)
0.sledgehammer goal.by        51382ms Simplex.Linear_Poly_Maps 120:5273  some Preplay: (smt (z3) add.commute add_cancel_left_left option.case_eq_if) (230 ms)
0.sledgehammer goal.by        51382ms Simplex.Linear_Poly_Maps 120:5273  some Preplay: (smt (verit, ccfv_SIG) add.commute add_cancel_left_left option.case_eq_if) (798 ms)
0.sledgehammer goal.by        51382ms Simplex.Linear_Poly_Maps 120:5273  some Preplay: (smt (verit, del_insts) add.commute add_cancel_left_left option.case_eq_if) (833 ms)
0.sledgehammer goal.by        51382ms Simplex.Linear_Poly_Maps 120:5273  some Preplay: (smt (verit, best) add.commute add_cancel_left_left option.case_eq_if) (847 ms)
0.sledgehammer goal.by        51382ms Simplex.Linear_Poly_Maps 120:5273  some Preplay: (smt (verit) add.commute add_cancel_left_left option.case_eq_if) (856 ms)
0.sledgehammer goal.by        51382ms Simplex.Linear_Poly_Maps 120:5273  some Preplay: (smt (verit, ccfv_threshold) add.commute add_cancel_left_left option.case_eq_if) (1.0 s)
0.sledgehammer goal.by        51382ms Simplex.Linear_Poly_Maps 120:5273  some Preplay: (smt (cvc5, best) add.commute add_cancel_left_left option.case_eq_if) (> 1.0 s, timed out)
0.sledgehammer goal.by        51382ms Simplex.Linear_Poly_Maps 120:5273  some Preplay: (smt (cvc5, trigger_last) add.commute add_cancel_left_left option.case_eq_if) (> 1.0 s, timed out)
0.sledgehammer goal.by        51382ms Simplex.Linear_Poly_Maps 120:5273  some Preplay: (smt (cvc5, quant_saturate) add.commute add_cancel_left_left option.case_eq_if) (> 1.0 s, timed out)
0.sledgehammer goal.by        51382ms Simplex.Linear_Poly_Maps 120:5273  some Preplay: (smt (cvc5, trigger_max) add.commute add_cancel_left_left option.case_eq_if) (> 1.0 s, timed out)
0.sledgehammer goal.by        51382ms Simplex.Linear_Poly_Maps 120:5273  some Preplay: (smt (cvc5, trigger_relev) add.commute add_cancel_left_left option.case_eq_if) (> 1.0 s, timed out)
0.sledgehammer goal.by        51382ms Simplex.Linear_Poly_Maps 120:5273  some Preplay: (smt (cvc5, term_relev) add.commute add_cancel_left_left option.case_eq_if) (> 1.0 s, timed out)
0.sledgehammer goal.by        51382ms Simplex.Linear_Poly_Maps 120:5273  some Preplay: (smt (cvc5, fmf) add.commute add_cancel_left_left option.case_eq_if) (> 1.0 s, timed out)
0.sledgehammer goal.by        51382ms Simplex.Linear_Poly_Maps 120:5273  some Preplay: (smt (cvc5, no_simp) add.commute add_cancel_left_left option.case_eq_if) (> 1.0 s, timed out)
0.sledgehammer goal.by        51382ms Simplex.Linear_Poly_Maps 120:5273  some Preplay: (smt (cvc5, noematch) add.commute add_cancel_left_left option.case_eq_if) (failed)
0.sledgehammer goal.by        100076ms Simplex.Simplex 143:5893  some (SH 100073ms, ATP 3065ms): Try this: by (smt (verit, best) Solve.intro simplex_sat0 simplex_unsat0 solve_def sum.case_eq_if sum.collapse(1) sum.discI(1,2) sum.sel(1,2) sum.split_sel) (508 ms)
0.sledgehammer goal.by        100076ms Simplex.Simplex 143:5893  some Preplay: (smt (verit, best) Solve.intro simplex_sat0 simplex_unsat0 solve_def sum.case_eq_if sum.collapse(1) sum.discI(1,2) sum.sel(1,2) sum.split_sel) (508 ms)
0.sledgehammer goal.by        100076ms Simplex.Simplex 143:5893  some Preplay: (smt (verit, ccfv_threshold) Solve.intro simplex_sat0 simplex_unsat0 solve_def sum.case_eq_if sum.collapse(1) sum.discI(1,2) sum.sel(1,2) sum.split_sel) (512 ms)
0.sledgehammer goal.by        100076ms Simplex.Simplex 143:5893  some Preplay: (smt (verit, del_insts) Solve.intro simplex_sat0 simplex_unsat0 solve_def sum.case_eq_if sum.collapse(1) sum.discI(1,2) sum.sel(1,2) sum.split_sel) (529 ms)
0.sledgehammer goal.by        100076ms Simplex.Simplex 143:5893  some Preplay: (smt (verit, ccfv_SIG) Solve.intro simplex_sat0 simplex_unsat0 solve_def sum.case_eq_if sum.collapse(1) sum.discI(1,2) sum.sel(1,2) sum.split_sel) (537 ms)
0.sledgehammer goal.by        100076ms Simplex.Simplex 143:5893  some Preplay: (smt (verit) Solve.intro simplex_sat0 simplex_unsat0 solve_def sum.case_eq_if sum.collapse(1) sum.discI(1,2) sum.sel(1,2) sum.split_sel) (963 ms)
0.sledgehammer goal.by        100076ms Simplex.Simplex 143:5893  some Preplay: (smt (z3) Solve.intro simplex_sat0 simplex_unsat0 solve_def sum.case_eq_if sum.collapse(1) sum.discI(1,2) sum.sel(1,2) sum.split_sel) (> 508 ms, timed out)
0.sledgehammer goal.by        100076ms Simplex.Simplex 143:5893  some Preplay: (smt (cvc5, best) Solve.intro simplex_sat0 simplex_unsat0 solve_def sum.case_eq_if sum.collapse(1) sum.discI(1,2) sum.sel(1,2) sum.split_sel) (> 1.0 s, timed out)
0.sledgehammer goal.by        100076ms Simplex.Simplex 143:5893  some Preplay: (smt (cvc5, trigger_last) Solve.intro simplex_sat0 simplex_unsat0 solve_def sum.case_eq_if sum.collapse(1) sum.discI(1,2) sum.sel(1,2) sum.split_sel) (> 1.0 s, timed out)
0.sledgehammer goal.by        100076ms Simplex.Simplex 143:5893  some Preplay: (smt (cvc5, quant_saturate) Solve.intro simplex_sat0 simplex_unsat0 solve_def sum.case_eq_if sum.collapse(1) sum.discI(1,2) sum.sel(1,2) sum.split_sel) (> 1.0 s, timed out)
0.sledgehammer goal.by        100076ms Simplex.Simplex 143:5893  some Preplay: (smt (cvc5, trigger_max) Solve.intro simplex_sat0 simplex_unsat0 solve_def sum.case_eq_if sum.collapse(1) sum.discI(1,2) sum.sel(1,2) sum.split_sel) (> 1.0 s, timed out)
0.sledgehammer goal.by        100076ms Simplex.Simplex 143:5893  some Preplay: (smt (cvc5, trigger_relev) Solve.intro simplex_sat0 simplex_unsat0 solve_def sum.case_eq_if sum.collapse(1) sum.discI(1,2) sum.sel(1,2) sum.split_sel) (> 1.0 s, timed out)
0.sledgehammer goal.by        100076ms Simplex.Simplex 143:5893  some Preplay: (smt (cvc5, term_relev) Solve.intro simplex_sat0 simplex_unsat0 solve_def sum.case_eq_if sum.collapse(1) sum.discI(1,2) sum.sel(1,2) sum.split_sel) (> 1.0 s, timed out)
0.sledgehammer goal.by        100076ms Simplex.Simplex 143:5893  some Preplay: (smt (cvc5, noematch) Solve.intro simplex_sat0 simplex_unsat0 solve_def sum.case_eq_if sum.collapse(1) sum.discI(1,2) sum.sel(1,2) sum.split_sel) (> 1.0 s, timed out)
0.sledgehammer goal.by        100076ms Simplex.Simplex 143:5893  some Preplay: (smt (cvc5, fmf) Solve.intro simplex_sat0 simplex_unsat0 solve_def sum.case_eq_if sum.collapse(1) sum.discI(1,2) sum.sel(1,2) sum.split_sel) (> 1.0 s, timed out)
0.sledgehammer goal.by        100076ms Simplex.Simplex 143:5893  some Preplay: (smt (cvc5, no_simp) Solve.intro simplex_sat0 simplex_unsat0 solve_def sum.case_eq_if sum.collapse(1) sum.discI(1,2) sum.sel(1,2) sum.split_sel) (> 1.0 s, timed out)
0.sledgehammer goal.using     96614ms Simplex.Simplex 434:17586  some (SH 96611ms, ATP 764ms): Try this: by (smt (cvc5, trigger_last) inf_sup_aci(6) le_iff_sup vars_minus) (69 ms)
0.sledgehammer goal.using     96614ms Simplex.Simplex 434:17586  some Preplay: (smt (cvc5, trigger_last) inf_sup_aci(6) le_iff_sup vars_minus) (69 ms)
0.sledgehammer goal.using     96614ms Simplex.Simplex 434:17586  some Preplay: (smt (verit) inf_sup_aci(6) le_iff_sup vars_minus) (75 ms)
0.sledgehammer goal.using     96614ms Simplex.Simplex 434:17586  some Preplay: (smt (cvc5, best) inf_sup_aci(6) le_iff_sup vars_minus) (87 ms)
0.sledgehammer goal.using     96614ms Simplex.Simplex 434:17586  some Preplay: (smt (verit, del_insts) inf_sup_aci(6) le_iff_sup vars_minus) (92 ms)
0.sledgehammer goal.using     96614ms Simplex.Simplex 434:17586  some Preplay: (smt (cvc5, term_relev) inf_sup_aci(6) le_iff_sup vars_minus) (95 ms)
0.sledgehammer goal.using     96614ms Simplex.Simplex 434:17586  some Preplay: (smt (verit, ccfv_threshold) inf_sup_aci(6) le_iff_sup vars_minus) (99 ms)
0.sledgehammer goal.using     96614ms Simplex.Simplex 434:17586  some Preplay: (smt (cvc5, no_simp) inf_sup_aci(6) le_iff_sup vars_minus) (128 ms)
0.sledgehammer goal.using     96614ms Simplex.Simplex 434:17586  some Preplay: (smt (verit, ccfv_SIG) inf_sup_aci(6) le_iff_sup vars_minus) (138 ms)
0.sledgehammer goal.using     96614ms Simplex.Simplex 434:17586  some Preplay: (smt (z3) inf_sup_aci(6) le_iff_sup vars_minus) (150 ms)
0.sledgehammer goal.using     96614ms Simplex.Simplex 434:17586  some Preplay: (smt (cvc5, trigger_relev) inf_sup_aci(6) le_iff_sup vars_minus) (196 ms)
0.sledgehammer goal.using     96614ms Simplex.Simplex 434:17586  some Preplay: (smt (verit, best) inf_sup_aci(6) le_iff_sup vars_minus) (1.6 s)
0.sledgehammer goal.using     96614ms Simplex.Simplex 434:17586  some Preplay: (smt (cvc5, noematch) inf_sup_aci(5,6) le_iff_sup vars_minus) (> 194 ms, timed out)
0.sledgehammer goal.using     96614ms Simplex.Simplex 434:17586  some Preplay: (smt (cvc5, fmf) inf_sup_aci(5,6) le_iff_sup vars_minus) (> 194 ms, timed out)
0.sledgehammer goal.using     96614ms Simplex.Simplex 434:17586  some Preplay: (smt (cvc5, quant_saturate) inf_sup_aci(5,6) le_iff_sup vars_minus) (> 197 ms, timed out)
0.sledgehammer goal.using     96614ms Simplex.Simplex 434:17586  some Preplay: (smt (cvc5, trigger_max) inf_sup_aci(5,6) le_iff_sup vars_minus) (> 197 ms, timed out)
0.sledgehammer goal.unfolding 63141ms Simplex.Simplex 514:20339  some (SH 63139ms, ATP 2861ms): Try this: by (smt (cvc5) boolean_algebra.conj_zero_right disjoint_iff_not_equal image_iff inf_Int_eq inf_apply inf_right_idem mem_Sigma_iff satisfies_atom_set_def set_ConsD snd_conv)
0.sledgehammer goal.unfolding 63141ms Simplex.Simplex 514:20339  some Preplay: (smt (cvc5, best) boolean_algebra.conj_zero_right disjoint_iff_not_equal image_iff inf_Int_eq inf_apply inf_right_idem mem_Sigma_iff satisfies_atom_set_def set_ConsD snd_conv) (> 1.0 s, timed out)
0.sledgehammer goal.unfolding 63141ms Simplex.Simplex 514:20339  some Preplay: (smt (cvc5, trigger_last) boolean_algebra.conj_zero_right disjoint_iff_not_equal image_iff inf_Int_eq inf_apply inf_right_idem mem_Sigma_iff satisfies_atom_set_def set_ConsD snd_conv) (> 1.0 s, timed out)
0.sledgehammer goal.unfolding 63141ms Simplex.Simplex 514:20339  some Preplay: (smt (cvc5, quant_saturate) boolean_algebra.conj_zero_right disjoint_iff_not_equal image_iff inf_Int_eq inf_apply inf_right_idem mem_Sigma_iff satisfies_atom_set_def set_ConsD snd_conv) (> 1.0 s, timed out)
0.sledgehammer goal.unfolding 63141ms Simplex.Simplex 514:20339  some Preplay: (smt (cvc5, trigger_max) boolean_algebra.conj_zero_right disjoint_iff_not_equal image_iff inf_Int_eq inf_apply inf_right_idem mem_Sigma_iff satisfies_atom_set_def set_ConsD snd_conv) (> 1.0 s, timed out)
0.sledgehammer goal.unfolding 63141ms Simplex.Simplex 514:20339  some Preplay: (smt (cvc5, trigger_relev) boolean_algebra.conj_zero_right disjoint_iff_not_equal image_iff inf_Int_eq inf_apply inf_right_idem mem_Sigma_iff satisfies_atom_set_def set_ConsD snd_conv) (> 1.0 s, timed out)
0.sledgehammer goal.unfolding 63141ms Simplex.Simplex 514:20339  some Preplay: (smt (cvc5, term_relev) boolean_algebra.conj_zero_right disjoint_iff_not_equal image_iff inf_Int_eq inf_apply inf_right_idem mem_Sigma_iff satisfies_atom_set_def set_ConsD snd_conv) (> 1.0 s, timed out)
0.sledgehammer goal.unfolding 63141ms Simplex.Simplex 514:20339  some Preplay: (smt (cvc5, noematch) boolean_algebra.conj_zero_right disjoint_iff_not_equal image_iff inf_Int_eq inf_apply inf_right_idem mem_Sigma_iff satisfies_atom_set_def set_ConsD snd_conv) (> 1.0 s, timed out)
0.sledgehammer goal.unfolding 63141ms Simplex.Simplex 514:20339  some Preplay: (smt (cvc5, fmf) boolean_algebra.conj_zero_right disjoint_iff_not_equal image_iff inf_Int_eq inf_apply inf_right_idem mem_Sigma_iff satisfies_atom_set_def set_ConsD snd_conv) (> 1.0 s, timed out)
0.sledgehammer goal.unfolding 63141ms Simplex.Simplex 514:20339  some Preplay: (smt (cvc5, no_simp) boolean_algebra.conj_zero_right disjoint_iff_not_equal image_iff inf_Int_eq inf_apply inf_right_idem mem_Sigma_iff satisfies_atom_set_def set_ConsD snd_conv) (> 1.0 s, timed out)
0.sledgehammer goal.unfolding 63141ms Simplex.Simplex 514:20339  some Preplay: (smt (verit) boolean_algebra.conj_zero_right disjoint_iff_not_equal image_iff inf_Int_eq inf_apply inf_right_idem mem_Sigma_iff satisfies_atom_set_def set_ConsD snd_conv) (> 1.0 s, timed out)
0.sledgehammer goal.unfolding 63141ms Simplex.Simplex 514:20339  some Preplay: (smt (verit, del_insts) boolean_algebra.conj_zero_right disjoint_iff_not_equal image_iff inf_Int_eq inf_apply inf_right_idem mem_Sigma_iff satisfies_atom_set_def set_ConsD snd_conv) (> 1.0 s, timed out)
0.sledgehammer goal.unfolding 63141ms Simplex.Simplex 514:20339  some Preplay: (smt (verit, ccfv_SIG) boolean_algebra.conj_zero_right disjoint_iff_not_equal image_iff inf_Int_eq inf_apply inf_right_idem mem_Sigma_iff satisfies_atom_set_def set_ConsD snd_conv) (> 1.0 s, timed out)
0.sledgehammer goal.unfolding 63141ms Simplex.Simplex 514:20339  some Preplay: (smt (verit, ccfv_threshold) boolean_algebra.conj_zero_right disjoint_iff_not_equal image_iff inf_Int_eq inf_apply inf_right_idem mem_Sigma_iff satisfies_atom_set_def set_ConsD snd_conv) (> 1.0 s, timed out)
0.sledgehammer goal.unfolding 63141ms Simplex.Simplex 514:20339  some Preplay: (smt (verit, best) boolean_algebra.conj_zero_right disjoint_iff_not_equal image_iff inf_Int_eq inf_apply inf_right_idem mem_Sigma_iff satisfies_atom_set_def set_ConsD snd_conv) (> 1.0 s, timed out)
0.sledgehammer goal.unfolding 63141ms Simplex.Simplex 514:20339  some Preplay: (smt (z3) boolean_algebra.conj_zero_right disjoint_iff_not_equal image_iff inf_Int_eq inf_apply inf_right_idem mem_Sigma_iff satisfies_atom_set_def set_ConsD snd_conv) (> 1.0 s, timed out)
0.sledgehammer goal.unfolding 56439ms Simplex.Simplex 1018:42004  some (SH 56435ms, ATP 1014ms): Try this: by (smt (verit, ccfv_threshold) assms(1,2) atom_const.simps(1,2) atom_var.simps(1,2) distinct_indices_atoms_def distinct_indices_state_def index_valid_def) (538 ms)
0.sledgehammer goal.unfolding 56439ms Simplex.Simplex 1018:42004  some Preplay: (smt (verit, ccfv_threshold) assms(1,2) atom_const.simps(1,2) atom_var.simps(1,2) distinct_indices_atoms_def distinct_indices_state_def index_valid_def) (538 ms)
0.sledgehammer goal.unfolding 56439ms Simplex.Simplex 1018:42004  some Preplay: (smt (verit, ccfv_SIG) assms(1,2) atom_const.simps(1,2) atom_var.simps(1,2) distinct_indices_atoms_def distinct_indices_state_def index_valid_def) (592 ms)
0.sledgehammer goal.unfolding 56439ms Simplex.Simplex 1018:42004  some Preplay: (smt (verit) assms(1,2) atom_const.simps(1,2) atom_var.simps(1,2) distinct_indices_atoms_def distinct_indices_state_def index_valid_def) (712 ms)
0.sledgehammer goal.unfolding 56439ms Simplex.Simplex 1018:42004  some Preplay: (smt (verit, best) assms(1,2) atom_const.simps(1,2) atom_var.simps(1,2) distinct_indices_atoms_def distinct_indices_state_def index_valid_def) (> 538 ms, timed out)
0.sledgehammer goal.unfolding 56439ms Simplex.Simplex 1018:42004  some Preplay: (smt (z3) assms(1,2) atom_const.simps(1,2) atom_var.simps(1,2) distinct_indices_atoms_def distinct_indices_state_def index_valid_def) (> 538 ms, timed out)
0.sledgehammer goal.unfolding 56439ms Simplex.Simplex 1018:42004  some Preplay: (smt (verit, del_insts) assms(1,2) atom_const.simps(1,2) atom_var.simps(1,2) distinct_indices_atoms_def distinct_indices_state_def index_valid_def) (> 712 ms, timed out)
0.sledgehammer goal.unfolding 56439ms Simplex.Simplex 1018:42004  some Preplay: (smt (cvc5, best) assms(1,2) atom_const.simps(1,2) atom_var.simps(1,2) distinct_indices_atoms_def distinct_indices_state_def index_valid_def) (> 1.0 s, timed out)
0.sledgehammer goal.unfolding 56439ms Simplex.Simplex 1018:42004  some Preplay: (smt (cvc5, trigger_last) assms(1,2) atom_const.simps(1,2) atom_var.simps(1,2) distinct_indices_atoms_def distinct_indices_state_def index_valid_def) (> 1.0 s, timed out)
0.sledgehammer goal.unfolding 56439ms Simplex.Simplex 1018:42004  some Preplay: (smt (cvc5, quant_saturate) assms(1,2) atom_const.simps(1,2) atom_var.simps(1,2) distinct_indices_atoms_def distinct_indices_state_def index_valid_def) (> 1.0 s, timed out)
0.sledgehammer goal.unfolding 56439ms Simplex.Simplex 1018:42004  some Preplay: (smt (cvc5, trigger_max) assms(1,2) atom_const.simps(1,2) atom_var.simps(1,2) distinct_indices_atoms_def distinct_indices_state_def index_valid_def) (> 1.0 s, timed out)
0.sledgehammer goal.unfolding 56439ms Simplex.Simplex 1018:42004  some Preplay: (smt (cvc5, trigger_relev) assms(1,2) atom_const.simps(1,2) atom_var.simps(1,2) distinct_indices_atoms_def distinct_indices_state_def index_valid_def) (> 1.0 s, timed out)
0.sledgehammer goal.unfolding 56439ms Simplex.Simplex 1018:42004  some Preplay: (smt (cvc5, term_relev) assms(1,2) atom_const.simps(1,2) atom_var.simps(1,2) distinct_indices_atoms_def distinct_indices_state_def index_valid_def) (> 1.0 s, timed out)
0.sledgehammer goal.unfolding 56439ms Simplex.Simplex 1018:42004  some Preplay: (smt (cvc5, noematch) assms(1,2) atom_const.simps(1,2) atom_var.simps(1,2) distinct_indices_atoms_def distinct_indices_state_def index_valid_def) (> 1.0 s, timed out)
0.sledgehammer goal.unfolding 56439ms Simplex.Simplex 1018:42004  some Preplay: (smt (cvc5, fmf) assms(1,2) atom_const.simps(1,2) atom_var.simps(1,2) distinct_indices_atoms_def distinct_indices_state_def index_valid_def) (> 1.0 s, timed out)
0.sledgehammer goal.unfolding 56439ms Simplex.Simplex 1018:42004  some Preplay: (smt (cvc5, no_simp) assms(1,2) atom_const.simps(1,2) atom_var.simps(1,2) distinct_indices_atoms_def distinct_indices_state_def index_valid_def) (> 1.0 s, timed out)
0.sledgehammer goal.by        26391ms Simplex.Simplex 1536:62807  some (SH 26388ms, ATP 1219ms): Try this: by (smt (verit, ccfv_SIG) Orderings.order_eq_iff option.case_eq_if order_less_imp_le order_less_trans) (832 ms)
0.sledgehammer goal.by        26391ms Simplex.Simplex 1536:62807  some Preplay: (smt (verit, ccfv_SIG) Orderings.order_eq_iff option.case_eq_if order_less_imp_le order_less_trans) (832 ms)
0.sledgehammer goal.by        26391ms Simplex.Simplex 1536:62807  some Preplay: (smt (verit) Orderings.order_eq_iff option.case_eq_if order_less_imp_le order_less_trans) (860 ms)
0.sledgehammer goal.by        26391ms Simplex.Simplex 1536:62807  some Preplay: (smt (verit, del_insts) Orderings.order_eq_iff option.case_eq_if order_less_imp_le order_less_trans) (885 ms)
0.sledgehammer goal.by        26391ms Simplex.Simplex 1536:62807  some Preplay: (smt (verit, ccfv_threshold) Orderings.order_eq_iff option.case_eq_if order_less_imp_le order_less_trans) (1.0 s)
0.sledgehammer goal.by        26391ms Simplex.Simplex 1536:62807  some Preplay: (smt (verit, best) Orderings.order_eq_iff option.case_eq_if order_less_imp_le order_less_trans) (1.0 s)
0.sledgehammer goal.by        26391ms Simplex.Simplex 1536:62807  some Preplay: (smt (z3) Orderings.order_eq_iff option.case_eq_if order_less_imp_le order_less_trans) (2.0 s)
0.sledgehammer goal.by        26391ms Simplex.Simplex 1536:62807  some Preplay: (smt (cvc5, best) Orderings.order_eq_iff option.case_eq_if order_less_imp_le order_less_trans) (2.0 s)
0.sledgehammer goal.by        26391ms Simplex.Simplex 1536:62807  some Preplay: (smt (cvc5, term_relev) Orderings.order_eq_iff option.case_eq_if order_less_imp_le order_less_trans) (2.0 s)
0.sledgehammer goal.by        26391ms Simplex.Simplex 1536:62807  some Preplay: (smt (cvc5, quant_saturate) Orderings.order_eq_iff option.case_eq_if order_less_imp_le order_less_trans) (2.4 s)
0.sledgehammer goal.by        26391ms Simplex.Simplex 1536:62807  some Preplay: (smt (cvc5, no_simp) Orderings.order_eq_iff option.case_eq_if order_less_imp_le order_less_trans) (2.5 s)
0.sledgehammer goal.by        26391ms Simplex.Simplex 1536:62807  some Preplay: (smt (cvc5, noematch) Orderings.order_eq_iff option.case_eq_if order_less_imp_le order_less_trans) (2.6 s)
0.sledgehammer goal.by        26391ms Simplex.Simplex 1536:62807  some Preplay: (smt (cvc5, fmf) Orderings.order_eq_iff option.case_eq_if order_less_imp_le order_less_trans) (2.7 s)
0.sledgehammer goal.by        26391ms Simplex.Simplex 1536:62807  some Preplay: (smt (cvc5, trigger_max) Orderings.order_eq_iff option.case_eq_if order_less_imp_le order_less_trans) (2.9 s)
0.sledgehammer goal.by        26391ms Simplex.Simplex 1536:62807  some Preplay: (smt (cvc5, trigger_last) Orderings.order_eq_iff option.case_eq_if order_less_imp_le order_less_trans) (3.1 s)
0.sledgehammer goal.by        26391ms Simplex.Simplex 1536:62807  some Preplay: (smt (cvc5, trigger_relev) Orderings.order_eq_iff option.case_eq_if order_less_imp_le order_less_trans) (4.6 s)
0.sledgehammer goal.by        21514ms Simplex.Simplex 1698:70115  some (SH 21512ms, ATP 913ms): Try this: by (smt (z3) prod.inject) (4.4 s)
0.sledgehammer goal.by        21514ms Simplex.Simplex 1698:70115  some Preplay: (smt (z3) prod.inject) (4.4 s)
0.sledgehammer goal.by        21514ms Simplex.Simplex 1698:70115  some Preplay: (smt (cvc5, best) prod.inject) (> 1.0 s, timed out)
0.sledgehammer goal.by        21514ms Simplex.Simplex 1698:70115  some Preplay: (smt (cvc5, trigger_last) prod.inject) (> 1.0 s, timed out)
0.sledgehammer goal.by        21514ms Simplex.Simplex 1698:70115  some Preplay: (smt (cvc5, quant_saturate) prod.inject) (> 1.0 s, timed out)
0.sledgehammer goal.by        21514ms Simplex.Simplex 1698:70115  some Preplay: (smt (cvc5, trigger_max) prod.inject) (> 1.0 s, timed out)
0.sledgehammer goal.by        21514ms Simplex.Simplex 1698:70115  some Preplay: (smt (cvc5, trigger_relev) prod.inject) (> 1.0 s, timed out)
0.sledgehammer goal.by        21514ms Simplex.Simplex 1698:70115  some Preplay: (smt (cvc5, term_relev) prod.inject) (> 1.0 s, timed out)
0.sledgehammer goal.by        21514ms Simplex.Simplex 1698:70115  some Preplay: (smt (cvc5, noematch) prod.inject) (> 1.0 s, timed out)
0.sledgehammer goal.by        21514ms Simplex.Simplex 1698:70115  some Preplay: (smt (cvc5, fmf) prod.inject) (> 1.0 s, timed out)
0.sledgehammer goal.by        21514ms Simplex.Simplex 1698:70115  some Preplay: (smt (cvc5, no_simp) prod.inject) (> 1.0 s, timed out)
0.sledgehammer goal.by        21514ms Simplex.Simplex 1698:70115  some Preplay: (smt (verit) prod.inject) (> 1.0 s, timed out)
0.sledgehammer goal.by        21514ms Simplex.Simplex 1698:70115  some Preplay: (smt (verit, del_insts) prod.inject) (> 1.0 s, timed out)
0.sledgehammer goal.by        21514ms Simplex.Simplex 1698:70115  some Preplay: (smt (verit, ccfv_SIG) prod.inject) (> 1.0 s, timed out)
0.sledgehammer goal.by        21514ms Simplex.Simplex 1698:70115  some Preplay: (smt (verit, ccfv_threshold) prod.inject) (> 1.0 s, timed out)
0.sledgehammer goal.by        21514ms Simplex.Simplex 1698:70115  some Preplay: (smt (verit, best) prod.inject) (> 1.0 s, timed out)
0.sledgehammer goal.using     50513ms Simplex.Simplex 2146:87725  some (SH 50512ms, ATP 1263ms): Try this: by (smt (z3) assert_bound'_def assms(1,2,5)) (296 ms)
0.sledgehammer goal.using     50513ms Simplex.Simplex 2146:87725  some Preplay: (smt (z3) assert_bound'_def assms(1,2,5)) (296 ms)
0.sledgehammer goal.using     50513ms Simplex.Simplex 2146:87725  some Preplay: (smt (verit, best) assert_bound'_def assms(1,2,5)) (1.0 s)
0.sledgehammer goal.using     50513ms Simplex.Simplex 2146:87725  some Preplay: (smt (verit, ccfv_threshold) assert_bound'_def assms(1,2,5)) (1.2 s)
0.sledgehammer goal.using     50513ms Simplex.Simplex 2146:87725  some Preplay: (smt (verit, ccfv_SIG) assert_bound'_def assms(1,2,5)) (1.3 s)
0.sledgehammer goal.using     50513ms Simplex.Simplex 2146:87725  some Preplay: (smt (verit) assert_bound'_def assms(1,2,5)) (1.5 s)
0.sledgehammer goal.using     50513ms Simplex.Simplex 2146:87725  some Preplay: (smt (verit, del_insts) assert_bound'_def assms(1,2,5)) (1.5 s)
0.sledgehammer goal.using     50513ms Simplex.Simplex 2146:87725  some Preplay: (smt (cvc5, best) assert_bound'_def assms(1,2,5)) (> 1.0 s, timed out)
0.sledgehammer goal.using     50513ms Simplex.Simplex 2146:87725  some Preplay: (smt (cvc5, trigger_last) assert_bound'_def assms(1,2,5)) (> 1.0 s, timed out)
0.sledgehammer goal.using     50513ms Simplex.Simplex 2146:87725  some Preplay: (smt (cvc5, quant_saturate) assert_bound'_def assms(1,2,5)) (> 1.0 s, timed out)
0.sledgehammer goal.using     50513ms Simplex.Simplex 2146:87725  some Preplay: (smt (cvc5, trigger_max) assert_bound'_def assms(1,2,5)) (> 1.0 s, timed out)
0.sledgehammer goal.using     50513ms Simplex.Simplex 2146:87725  some Preplay: (smt (cvc5, trigger_relev) assert_bound'_def assms(1,2,5)) (> 1.0 s, timed out)
0.sledgehammer goal.using     50513ms Simplex.Simplex 2146:87725  some Preplay: (smt (cvc5, term_relev) assert_bound'_def assms(1,2,5)) (> 1.0 s, timed out)
0.sledgehammer goal.using     50513ms Simplex.Simplex 2146:87725  some Preplay: (smt (cvc5, noematch) assert_bound'_def assms(1,2,5)) (> 1.0 s, timed out)
0.sledgehammer goal.using     50513ms Simplex.Simplex 2146:87725  some Preplay: (smt (cvc5, fmf) assert_bound'_def assms(1,2,5)) (> 1.0 s, timed out)
0.sledgehammer goal.using     50513ms Simplex.Simplex 2146:87725  some Preplay: (smt (cvc5, no_simp) assert_bound'_def assms(1,2,5)) (> 1.0 s, timed out)
0.sledgehammer goal.by        19584ms Simplex.Simplex 2763:114076  some (SH 19581ms, ATP 1020ms): Try this: by (smt (cvc5))
0.sledgehammer goal.by        19584ms Simplex.Simplex 2763:114076  some Preplay: (smt (cvc5, best)) (> 1.0 s, timed out)
0.sledgehammer goal.by        19584ms Simplex.Simplex 2763:114076  some Preplay: (smt (cvc5, trigger_last)) (> 1.0 s, timed out)
0.sledgehammer goal.by        19584ms Simplex.Simplex 2763:114076  some Preplay: (smt (cvc5, quant_saturate)) (> 1.0 s, timed out)
0.sledgehammer goal.by        19584ms Simplex.Simplex 2763:114076  some Preplay: (smt (cvc5, trigger_max)) (> 1.0 s, timed out)
0.sledgehammer goal.by        19584ms Simplex.Simplex 2763:114076  some Preplay: (smt (cvc5, trigger_relev)) (> 1.0 s, timed out)
0.sledgehammer goal.by        19584ms Simplex.Simplex 2763:114076  some Preplay: (smt (cvc5, term_relev)) (> 1.0 s, timed out)
0.sledgehammer goal.by        19584ms Simplex.Simplex 2763:114076  some Preplay: (smt (cvc5, noematch)) (> 1.0 s, timed out)
0.sledgehammer goal.by        19584ms Simplex.Simplex 2763:114076  some Preplay: (smt (cvc5, fmf)) (> 1.0 s, timed out)
0.sledgehammer goal.by        19584ms Simplex.Simplex 2763:114076  some Preplay: (smt (cvc5, no_simp)) (> 1.0 s, timed out)
0.sledgehammer goal.by        19584ms Simplex.Simplex 2763:114076  some Preplay: (smt (verit)) (> 1.0 s, timed out)
0.sledgehammer goal.by        19584ms Simplex.Simplex 2763:114076  some Preplay: (smt (verit, del_insts)) (> 1.0 s, timed out)
0.sledgehammer goal.by        19584ms Simplex.Simplex 2763:114076  some Preplay: (smt (verit, ccfv_SIG)) (> 1.0 s, timed out)
0.sledgehammer goal.by        19584ms Simplex.Simplex 2763:114076  some Preplay: (smt (verit, ccfv_threshold)) (> 1.0 s, timed out)
0.sledgehammer goal.by        19584ms Simplex.Simplex 2763:114076  some Preplay: (smt (verit, best)) (> 1.0 s, timed out)
0.sledgehammer goal.by        19584ms Simplex.Simplex 2763:114076  some Preplay: (smt (z3)) (> 1.0 s, timed out)
0.sledgehammer goal.unfolding 23285ms Simplex.Simplex 2770:114656  some (SH 23283ms, ATP 2570ms): Try this: by (smt (cvc5) Orderings.order_eq_iff order_le_imp_less_or_eq order_less_imp_le)
0.sledgehammer goal.unfolding 23285ms Simplex.Simplex 2770:114656  some Preplay: (smt (cvc5, best) Orderings.order_eq_iff order_le_imp_less_or_eq order_less_imp_le) (> 1.0 s, timed out)
0.sledgehammer goal.unfolding 23285ms Simplex.Simplex 2770:114656  some Preplay: (smt (cvc5, trigger_last) Orderings.order_eq_iff order_le_imp_less_or_eq order_less_imp_le) (> 1.0 s, timed out)
0.sledgehammer goal.unfolding 23285ms Simplex.Simplex 2770:114656  some Preplay: (smt (cvc5, quant_saturate) Orderings.order_eq_iff order_le_imp_less_or_eq order_less_imp_le) (> 1.0 s, timed out)
0.sledgehammer goal.unfolding 23285ms Simplex.Simplex 2770:114656  some Preplay: (smt (cvc5, trigger_max) Orderings.order_eq_iff order_le_imp_less_or_eq order_less_imp_le) (> 1.0 s, timed out)
0.sledgehammer goal.unfolding 23285ms Simplex.Simplex 2770:114656  some Preplay: (smt (cvc5, trigger_relev) Orderings.order_eq_iff order_le_imp_less_or_eq order_less_imp_le) (> 1.0 s, timed out)
0.sledgehammer goal.unfolding 23285ms Simplex.Simplex 2770:114656  some Preplay: (smt (cvc5, term_relev) Orderings.order_eq_iff order_le_imp_less_or_eq order_less_imp_le) (> 1.0 s, timed out)
0.sledgehammer goal.unfolding 23285ms Simplex.Simplex 2770:114656  some Preplay: (smt (cvc5, noematch) Orderings.order_eq_iff order_le_imp_less_or_eq order_less_imp_le) (> 1.0 s, timed out)
0.sledgehammer goal.unfolding 23285ms Simplex.Simplex 2770:114656  some Preplay: (smt (cvc5, fmf) Orderings.order_eq_iff order_le_imp_less_or_eq order_less_imp_le) (> 1.0 s, timed out)
0.sledgehammer goal.unfolding 23285ms Simplex.Simplex 2770:114656  some Preplay: (smt (cvc5, no_simp) Orderings.order_eq_iff order_le_imp_less_or_eq order_less_imp_le) (> 1.0 s, timed out)
0.sledgehammer goal.unfolding 23285ms Simplex.Simplex 2770:114656  some Preplay: (smt (verit) Orderings.order_eq_iff order_le_imp_less_or_eq order_less_imp_le) (> 1.0 s, timed out)
0.sledgehammer goal.unfolding 23285ms Simplex.Simplex 2770:114656  some Preplay: (smt (verit, del_insts) Orderings.order_eq_iff order_le_imp_less_or_eq order_less_imp_le) (> 1.0 s, timed out)
0.sledgehammer goal.unfolding 23285ms Simplex.Simplex 2770:114656  some Preplay: (smt (verit, ccfv_SIG) Orderings.order_eq_iff order_le_imp_less_or_eq order_less_imp_le) (> 1.0 s, timed out)
0.sledgehammer goal.unfolding 23285ms Simplex.Simplex 2770:114656  some Preplay: (smt (verit, ccfv_threshold) Orderings.order_eq_iff order_le_imp_less_or_eq order_less_imp_le) (> 1.0 s, timed out)
0.sledgehammer goal.unfolding 23285ms Simplex.Simplex 2770:114656  some Preplay: (smt (verit, best) Orderings.order_eq_iff order_le_imp_less_or_eq order_less_imp_le) (> 1.0 s, timed out)
0.sledgehammer goal.unfolding 23285ms Simplex.Simplex 2770:114656  some Preplay: (smt (z3) Orderings.order_eq_iff order_le_imp_less_or_eq order_less_imp_le) (> 1.0 s, timed out)
0.sledgehammer goal.unfolding 20650ms Simplex.Simplex 2774:115054  some (SH 20648ms, ATP 883ms): Try this: by (smt (cvc5))
0.sledgehammer goal.unfolding 20650ms Simplex.Simplex 2774:115054  some Preplay: (smt (cvc5, best)) (> 1.0 s, timed out)
0.sledgehammer goal.unfolding 20650ms Simplex.Simplex 2774:115054  some Preplay: (smt (cvc5, trigger_last)) (> 1.0 s, timed out)
0.sledgehammer goal.unfolding 20650ms Simplex.Simplex 2774:115054  some Preplay: (smt (cvc5, quant_saturate)) (> 1.0 s, timed out)
0.sledgehammer goal.unfolding 20650ms Simplex.Simplex 2774:115054  some Preplay: (smt (cvc5, trigger_max)) (> 1.0 s, timed out)
0.sledgehammer goal.unfolding 20650ms Simplex.Simplex 2774:115054  some Preplay: (smt (cvc5, trigger_relev)) (> 1.0 s, timed out)
0.sledgehammer goal.unfolding 20650ms Simplex.Simplex 2774:115054  some Preplay: (smt (cvc5, term_relev)) (> 1.0 s, timed out)
0.sledgehammer goal.unfolding 20650ms Simplex.Simplex 2774:115054  some Preplay: (smt (cvc5, noematch)) (> 1.0 s, timed out)
0.sledgehammer goal.unfolding 20650ms Simplex.Simplex 2774:115054  some Preplay: (smt (cvc5, fmf)) (> 1.0 s, timed out)
0.sledgehammer goal.unfolding 20650ms Simplex.Simplex 2774:115054  some Preplay: (smt (cvc5, no_simp)) (> 1.0 s, timed out)
0.sledgehammer goal.unfolding 20650ms Simplex.Simplex 2774:115054  some Preplay: (smt (verit)) (> 1.0 s, timed out)
0.sledgehammer goal.unfolding 20650ms Simplex.Simplex 2774:115054  some Preplay: (smt (verit, del_insts)) (> 1.0 s, timed out)
0.sledgehammer goal.unfolding 20650ms Simplex.Simplex 2774:115054  some Preplay: (smt (verit, ccfv_SIG)) (> 1.0 s, timed out)
0.sledgehammer goal.unfolding 20650ms Simplex.Simplex 2774:115054  some Preplay: (smt (verit, ccfv_threshold)) (> 1.0 s, timed out)
0.sledgehammer goal.unfolding 20650ms Simplex.Simplex 2774:115054  some Preplay: (smt (verit, best)) (> 1.0 s, timed out)
0.sledgehammer goal.unfolding 20650ms Simplex.Simplex 2774:115054  some Preplay: (smt (z3)) (> 1.0 s, timed out)
0.sledgehammer goal.unfolding 77575ms Simplex.Simplex 3201:136708  some (SH 77572ms, ATP 1899ms): Try this: by (smt (z3) Direction.sel(1,10,2,3,4,5,6,7,8,9) Negative_def Positive_def \<B>\<I>_set_unsat equiv(1,2)) (1.0 s)
0.sledgehammer goal.unfolding 77575ms Simplex.Simplex 3201:136708  some Preplay: (smt (z3) Direction.sel(1,10,2,3,4,5,6,7,8,9) Negative_def Positive_def \<B>\<I>_set_unsat equiv(1,2)) (1.0 s)
0.sledgehammer goal.unfolding 77575ms Simplex.Simplex 3201:136708  some Preplay: (smt (cvc5, best) Direction.sel(1,10,2,3,4,5,6,7,8,9) Negative_def Positive_def \<B>\<I>_set_unsat equiv(1,2)) (> 1.0 s, timed out)
0.sledgehammer goal.unfolding 77575ms Simplex.Simplex 3201:136708  some Preplay: (smt (cvc5, trigger_last) Direction.sel(1,10,2,3,4,5,6,7,8,9) Negative_def Positive_def \<B>\<I>_set_unsat equiv(1,2)) (> 1.0 s, timed out)
0.sledgehammer goal.unfolding 77575ms Simplex.Simplex 3201:136708  some Preplay: (smt (cvc5, quant_saturate) Direction.sel(1,10,2,3,4,5,6,7,8,9) Negative_def Positive_def \<B>\<I>_set_unsat equiv(1,2)) (> 1.0 s, timed out)
0.sledgehammer goal.unfolding 77575ms Simplex.Simplex 3201:136708  some Preplay: (smt (cvc5, trigger_max) Direction.sel(1,10,2,3,4,5,6,7,8,9) Negative_def Positive_def \<B>\<I>_set_unsat equiv(1,2)) (> 1.0 s, timed out)
0.sledgehammer goal.unfolding 77575ms Simplex.Simplex 3201:136708  some Preplay: (smt (cvc5, trigger_relev) Direction.sel(1,10,2,3,4,5,6,7,8,9) Negative_def Positive_def \<B>\<I>_set_unsat equiv(1,2)) (> 1.0 s, timed out)
0.sledgehammer goal.unfolding 77575ms Simplex.Simplex 3201:136708  some Preplay: (smt (cvc5, term_relev) Direction.sel(1,10,2,3,4,5,6,7,8,9) Negative_def Positive_def \<B>\<I>_set_unsat equiv(1,2)) (> 1.0 s, timed out)
0.sledgehammer goal.unfolding 77575ms Simplex.Simplex 3201:136708  some Preplay: (smt (cvc5, noematch) Direction.sel(1,10,2,3,4,5,6,7,8,9) Negative_def Positive_def \<B>\<I>_set_unsat equiv(1,2)) (> 1.0 s, timed out)
0.sledgehammer goal.unfolding 77575ms Simplex.Simplex 3201:136708  some Preplay: (smt (cvc5, fmf) Direction.sel(1,10,2,3,4,5,6,7,8,9) Negative_def Positive_def \<B>\<I>_set_unsat equiv(1,2)) (> 1.0 s, timed out)
0.sledgehammer goal.unfolding 77575ms Simplex.Simplex 3201:136708  some Preplay: (smt (cvc5, no_simp) Direction.sel(1,10,2,3,4,5,6,7,8,9) Negative_def Positive_def \<B>\<I>_set_unsat equiv(1,2)) (> 1.0 s, timed out)
0.sledgehammer goal.unfolding 77575ms Simplex.Simplex 3201:136708  some Preplay: (smt (verit) Direction.sel(1,10,2,3,4,5,6,7,8,9) Negative_def Positive_def \<B>\<I>_set_unsat equiv(1,2)) (> 1.0 s, timed out)
0.sledgehammer goal.unfolding 77575ms Simplex.Simplex 3201:136708  some Preplay: (smt (verit, del_insts) Direction.sel(1,10,2,3,4,5,6,7,8,9) Negative_def Positive_def \<B>\<I>_set_unsat equiv(1,2)) (> 1.0 s, timed out)
0.sledgehammer goal.unfolding 77575ms Simplex.Simplex 3201:136708  some Preplay: (smt (verit, ccfv_SIG) Direction.sel(1,10,2,3,4,5,6,7,8,9) Negative_def Positive_def \<B>\<I>_set_unsat equiv(1,2)) (> 1.0 s, timed out)
0.sledgehammer goal.unfolding 77575ms Simplex.Simplex 3201:136708  some Preplay: (smt (verit, ccfv_threshold) Direction.sel(1,10,2,3,4,5,6,7,8,9) Negative_def Positive_def \<B>\<I>_set_unsat equiv(1,2)) (> 1.0 s, timed out)
0.sledgehammer goal.unfolding 77575ms Simplex.Simplex 3201:136708  some Preplay: (smt (verit, best) Direction.sel(1,10,2,3,4,5,6,7,8,9) Negative_def Positive_def \<B>\<I>_set_unsat equiv(1,2)) (> 1.0 s, timed out)
0.sledgehammer goal.unfolding 168747ms Simplex.Simplex 3254:139161  some (SH 168744ms, ATP 1691ms): Try this: by (smt (z3) Direction.sel(1,10,2,3,4,5,6,7,8,9) Negative_def Positive_def atoms_imply_bounds_index_mono ats ats_sub x xx) (964 ms)
0.sledgehammer goal.unfolding 168747ms Simplex.Simplex 3254:139161  some Preplay: (smt (z3) Direction.sel(1,10,2,3,4,5,6,7,8,9) Negative_def Positive_def atoms_imply_bounds_index_mono ats ats_sub x xx) (964 ms)
0.sledgehammer goal.unfolding 168747ms Simplex.Simplex 3254:139161  some Preplay: (smt (verit, best) Direction.sel(1,10,2,3,4,5,6,7,8,9) Negative_def Positive_def atoms_imply_bounds_index_mono ats ats_sub x xx) (4.4 s)
0.sledgehammer goal.unfolding 168747ms Simplex.Simplex 3254:139161  some Preplay: (smt (cvc5, best) Direction.sel(1,10,2,3,4,5,6,7,8,9) Negative_def Positive_def atoms_imply_bounds_index_mono ats ats_sub x xx) (> 1.0 s, timed out)
0.sledgehammer goal.unfolding 168747ms Simplex.Simplex 3254:139161  some Preplay: (smt (cvc5, trigger_last) Direction.sel(1,10,2,3,4,5,6,7,8,9) Negative_def Positive_def atoms_imply_bounds_index_mono ats ats_sub x xx) (> 1.0 s, timed out)
0.sledgehammer goal.unfolding 168747ms Simplex.Simplex 3254:139161  some Preplay: (smt (cvc5, quant_saturate) Direction.sel(1,10,2,3,4,5,6,7,8,9) Negative_def Positive_def atoms_imply_bounds_index_mono ats ats_sub x xx) (> 1.0 s, timed out)
0.sledgehammer goal.unfolding 168747ms Simplex.Simplex 3254:139161  some Preplay: (smt (cvc5, trigger_max) Direction.sel(1,10,2,3,4,5,6,7,8,9) Negative_def Positive_def atoms_imply_bounds_index_mono ats ats_sub x xx) (> 1.0 s, timed out)
0.sledgehammer goal.unfolding 168747ms Simplex.Simplex 3254:139161  some Preplay: (smt (cvc5, trigger_relev) Direction.sel(1,10,2,3,4,5,6,7,8,9) Negative_def Positive_def atoms_imply_bounds_index_mono ats ats_sub x xx) (> 1.0 s, timed out)
0.sledgehammer goal.unfolding 168747ms Simplex.Simplex 3254:139161  some Preplay: (smt (cvc5, term_relev) Direction.sel(1,10,2,3,4,5,6,7,8,9) Negative_def Positive_def atoms_imply_bounds_index_mono ats ats_sub x xx) (> 1.0 s, timed out)
0.sledgehammer goal.unfolding 168747ms Simplex.Simplex 3254:139161  some Preplay: (smt (cvc5, noematch) Direction.sel(1,10,2,3,4,5,6,7,8,9) Negative_def Positive_def atoms_imply_bounds_index_mono ats ats_sub x xx) (> 1.0 s, timed out)
0.sledgehammer goal.unfolding 168747ms Simplex.Simplex 3254:139161  some Preplay: (smt (cvc5, fmf) Direction.sel(1,10,2,3,4,5,6,7,8,9) Negative_def Positive_def atoms_imply_bounds_index_mono ats ats_sub x xx) (> 1.0 s, timed out)
0.sledgehammer goal.unfolding 168747ms Simplex.Simplex 3254:139161  some Preplay: (smt (cvc5, no_simp) Direction.sel(1,10,2,3,4,5,6,7,8,9) Negative_def Positive_def atoms_imply_bounds_index_mono ats ats_sub x xx) (> 1.0 s, timed out)
0.sledgehammer goal.unfolding 168747ms Simplex.Simplex 3254:139161  some Preplay: (smt (verit) Direction.sel(1,10,2,3,4,5,6,7,8,9) Negative_def Positive_def atoms_imply_bounds_index_mono ats ats_sub x xx) (> 1.0 s, timed out)
0.sledgehammer goal.unfolding 168747ms Simplex.Simplex 3254:139161  some Preplay: (smt (verit, del_insts) Direction.sel(1,10,2,3,4,5,6,7,8,9) Negative_def Positive_def atoms_imply_bounds_index_mono ats ats_sub x xx) (> 1.0 s, timed out)
0.sledgehammer goal.unfolding 168747ms Simplex.Simplex 3254:139161  some Preplay: (smt (verit, ccfv_SIG) Direction.sel(1,10,2,3,4,5,6,7,8,9) Negative_def Positive_def atoms_imply_bounds_index_mono ats ats_sub x xx) (> 1.0 s, timed out)
0.sledgehammer goal.unfolding 168747ms Simplex.Simplex 3254:139161  some Preplay: (smt (verit, ccfv_threshold) Direction.sel(1,10,2,3,4,5,6,7,8,9) Negative_def Positive_def atoms_imply_bounds_index_mono ats ats_sub x xx) (> 1.0 s, timed out)
0.sledgehammer goal.unfolding 86124ms Simplex.Simplex 3421:145375  some (SH 86122ms, ATP 1474ms): Try this: by (smt (z3) map_reindex pivot_tableau'_def pivot_tableau_def) (109 ms)
0.sledgehammer goal.unfolding 86124ms Simplex.Simplex 3421:145375  some Preplay: (smt (z3) map_reindex pivot_tableau'_def pivot_tableau_def) (109 ms)
0.sledgehammer goal.unfolding 86124ms Simplex.Simplex 3421:145375  some Preplay: (smt (verit, ccfv_threshold) map_reindex pivot_tableau'_def pivot_tableau_def) (329 ms)
0.sledgehammer goal.unfolding 86124ms Simplex.Simplex 3421:145375  some Preplay: (smt (verit, ccfv_SIG) map_reindex pivot_tableau'_def pivot_tableau_def) (356 ms)
0.sledgehammer goal.unfolding 86124ms Simplex.Simplex 3421:145375  some Preplay: (smt (cvc5, term_relev) map_reindex pivot_tableau'_def pivot_tableau_def) (1.1 s)
0.sledgehammer goal.unfolding 86124ms Simplex.Simplex 3421:145375  some Preplay: (smt (cvc5, trigger_max) map_reindex pivot_tableau'_def pivot_tableau_def) (1.5 s)
0.sledgehammer goal.unfolding 86124ms Simplex.Simplex 3421:145375  some Preplay: (smt (cvc5, no_simp) map_reindex pivot_tableau'_def pivot_tableau_def) (1.5 s)
0.sledgehammer goal.unfolding 86124ms Simplex.Simplex 3421:145375  some Preplay: (smt (cvc5, quant_saturate) map_reindex pivot_tableau'_def pivot_tableau_def) (1.7 s)
0.sledgehammer goal.unfolding 86124ms Simplex.Simplex 3421:145375  some Preplay: (smt (verit) map_reindex pivot_tableau'_def pivot_tableau_def) (2.0 s)
0.sledgehammer goal.unfolding 86124ms Simplex.Simplex 3421:145375  some Preplay: (smt (cvc5, trigger_last) map_reindex pivot_tableau'_def pivot_tableau_def) (2.1 s)
0.sledgehammer goal.unfolding 86124ms Simplex.Simplex 3421:145375  some Preplay: (smt (cvc5, trigger_relev) map_reindex pivot_tableau'_def pivot_tableau_def) (2.3 s)
0.sledgehammer goal.unfolding 86124ms Simplex.Simplex 3421:145375  some Preplay: (smt (cvc5, best) map_reindex pivot_tableau'_def pivot_tableau_def) (2.8 s)
0.sledgehammer goal.unfolding 86124ms Simplex.Simplex 3421:145375  some Preplay: (smt (verit, best) map_reindex pivot_tableau'_def pivot_tableau_def) (> 329 ms, timed out)
0.sledgehammer goal.unfolding 86124ms Simplex.Simplex 3421:145375  some Preplay: (smt (cvc5, noematch) map_reindex pivot_tableau'_def pivot_tableau_def) (> 1.0 s, timed out)
0.sledgehammer goal.unfolding 86124ms Simplex.Simplex 3421:145375  some Preplay: (smt (cvc5, fmf) map_reindex pivot_tableau'_def pivot_tableau_def) (> 1.0 s, timed out)
0.sledgehammer goal.unfolding 86124ms Simplex.Simplex 3421:145375  some Preplay: (smt (verit, del_insts) map_reindex pivot_tableau'_def pivot_tableau_def) (> 1.0 s, timed out)
0.sledgehammer goal.unfolding 50382ms Simplex.Simplex 3422:145426  some (SH 50380ms, ATP 1148ms): Try this: by (smt (z3) map_reindex) (324 ms)
0.sledgehammer goal.unfolding 50382ms Simplex.Simplex 3422:145426  some Preplay: (smt (z3) map_reindex) (324 ms)
0.sledgehammer goal.unfolding 50382ms Simplex.Simplex 3422:145426  some Preplay: (smt (verit, best) map_reindex) (1.0 s)
0.sledgehammer goal.unfolding 50382ms Simplex.Simplex 3422:145426  some Preplay: (smt (verit, ccfv_threshold) map_reindex) (1.5 s)
0.sledgehammer goal.unfolding 50382ms Simplex.Simplex 3422:145426  some Preplay: (smt (verit) map_reindex) (1.6 s)
0.sledgehammer goal.unfolding 50382ms Simplex.Simplex 3422:145426  some Preplay: (smt (verit, del_insts) map_reindex) (1.6 s)
0.sledgehammer goal.unfolding 50382ms Simplex.Simplex 3422:145426  some Preplay: (smt (verit, ccfv_SIG) map_reindex) (1.7 s)
0.sledgehammer goal.unfolding 50382ms Simplex.Simplex 3422:145426  some Preplay: (smt (cvc5, best) map_reindex) (2.0 s)
0.sledgehammer goal.unfolding 50382ms Simplex.Simplex 3422:145426  some Preplay: (smt (cvc5, noematch) map_reindex) (2.7 s)
0.sledgehammer goal.unfolding 50382ms Simplex.Simplex 3422:145426  some Preplay: (smt (cvc5, no_simp) map_reindex) (2.8 s)
0.sledgehammer goal.unfolding 50382ms Simplex.Simplex 3422:145426  some Preplay: (smt (cvc5, trigger_last) map_reindex) (2.9 s)
0.sledgehammer goal.unfolding 50382ms Simplex.Simplex 3422:145426  some Preplay: (smt (cvc5, term_relev) map_reindex) (2.9 s)
0.sledgehammer goal.unfolding 50382ms Simplex.Simplex 3422:145426  some Preplay: (smt (cvc5, trigger_max) map_reindex) (3.0 s)
0.sledgehammer goal.unfolding 50382ms Simplex.Simplex 3422:145426  some Preplay: (smt (cvc5, quant_saturate) map_reindex) (3.0 s)
0.sledgehammer goal.unfolding 50382ms Simplex.Simplex 3422:145426  some Preplay: (smt (cvc5, trigger_relev) map_reindex) (3.0 s)
0.sledgehammer goal.unfolding 50382ms Simplex.Simplex 3422:145426  some Preplay: (smt (cvc5, fmf) map_reindex) (3.4 s)
0.sledgehammer goal.by        127955ms Simplex.Simplex 3561:150384  some (SH 127952ms, ATP 2080ms): Try this: by (smt (verit) Un_mono Un_upper2 \<open>rvars_eq (pivot_eq (\<T> s ! eq_idx_for_lvar (\<T> s) x\<^sub>i) x\<^sub>j) \<subseteq> {x\<^sub>i} \<union> (rvars (\<T> s) - {x\<^sub>j})\<close> psubsetE psubsetI rvars_def subset_Un_eq) (320 ms)
0.sledgehammer goal.by        127955ms Simplex.Simplex 3561:150384  some Preplay: (smt (verit) Un_mono Un_upper2 \<open>rvars_eq (pivot_eq (\<T> s ! eq_idx_for_lvar (\<T> s) x\<^sub>i) x\<^sub>j) \<subseteq> {x\<^sub>i} \<union> (rvars (\<T> s) - {x\<^sub>j})\<close> psubsetE psubsetI rvars_def subset_Un_eq) (320 ms)
0.sledgehammer goal.by        127955ms Simplex.Simplex 3561:150384  some Preplay: (smt (cvc5, no_simp) Un_mono Un_upper2 \<open>rvars_eq (pivot_eq (\<T> s ! eq_idx_for_lvar (\<T> s) x\<^sub>i) x\<^sub>j) \<subseteq> {x\<^sub>i} \<union> (rvars (\<T> s) - {x\<^sub>j})\<close> psubsetE psubsetI rvars_def subset_Un_eq) (423 ms)
0.sledgehammer goal.by        127955ms Simplex.Simplex 3561:150384  some Preplay: (smt (cvc5, term_relev) Un_mono Un_upper2 \<open>rvars_eq (pivot_eq (\<T> s ! eq_idx_for_lvar (\<T> s) x\<^sub>i) x\<^sub>j) \<subseteq> {x\<^sub>i} \<union> (rvars (\<T> s) - {x\<^sub>j})\<close> psubsetE psubsetI rvars_def subset_Un_eq) (776 ms)
0.sledgehammer goal.by        127955ms Simplex.Simplex 3561:150384  some Preplay: (smt (cvc5, trigger_last) Un_mono Un_upper2 \<open>rvars_eq (pivot_eq (\<T> s ! eq_idx_for_lvar (\<T> s) x\<^sub>i) x\<^sub>j) \<subseteq> {x\<^sub>i} \<union> (rvars (\<T> s) - {x\<^sub>j})\<close> psubsetE psubsetI rvars_def subset_Un_eq) (912 ms)
0.sledgehammer goal.by        127955ms Simplex.Simplex 3561:150384  some Preplay: (smt (cvc5, quant_saturate) Un_mono Un_upper2 \<open>rvars_eq (pivot_eq (\<T> s ! eq_idx_for_lvar (\<T> s) x\<^sub>i) x\<^sub>j) \<subseteq> {x\<^sub>i} \<union> (rvars (\<T> s) - {x\<^sub>j})\<close> psubsetE psubsetI rvars_def subset_Un_eq) (963 ms)
0.sledgehammer goal.by        127955ms Simplex.Simplex 3561:150384  some Preplay: (smt (cvc5, trigger_relev) Un_mono Un_upper2 \<open>rvars_eq (pivot_eq (\<T> s ! eq_idx_for_lvar (\<T> s) x\<^sub>i) x\<^sub>j) \<subseteq> {x\<^sub>i} \<union> (rvars (\<T> s) - {x\<^sub>j})\<close> psubsetE psubsetI rvars_def subset_Un_eq) (1.4 s)
0.sledgehammer goal.by        127955ms Simplex.Simplex 3561:150384  some Preplay: (smt (cvc5, best) Un_mono Un_upper2 \<open>rvars_eq (pivot_eq (\<T> s ! eq_idx_for_lvar (\<T> s) x\<^sub>i) x\<^sub>j) \<subseteq> {x\<^sub>i} \<union> (rvars (\<T> s) - {x\<^sub>j})\<close> psubsetE psubsetI rvars_def subset_Un_eq) (1.5 s)
0.sledgehammer goal.by        127955ms Simplex.Simplex 3561:150384  some Preplay: (smt (verit, del_insts) Un_mono Un_upper2 \<open>rvars_eq (pivot_eq (\<T> s ! eq_idx_for_lvar (\<T> s) x\<^sub>i) x\<^sub>j) \<subseteq> {x\<^sub>i} \<union> (rvars (\<T> s) - {x\<^sub>j})\<close> psubsetE psubsetI rvars_def subset_Un_eq) (> 320 ms, timed out)
0.sledgehammer goal.by        127955ms Simplex.Simplex 3561:150384  some Preplay: (smt (verit, ccfv_SIG) Un_mono Un_upper2 \<open>rvars_eq (pivot_eq (\<T> s ! eq_idx_for_lvar (\<T> s) x\<^sub>i) x\<^sub>j) \<subseteq> {x\<^sub>i} \<union> (rvars (\<T> s) - {x\<^sub>j})\<close> psubsetE psubsetI rvars_def subset_Un_eq) (> 320 ms, timed out)
0.sledgehammer goal.by        127955ms Simplex.Simplex 3561:150384  some Preplay: (smt (verit, ccfv_threshold) Un_mono Un_upper2 \<open>rvars_eq (pivot_eq (\<T> s ! eq_idx_for_lvar (\<T> s) x\<^sub>i) x\<^sub>j) \<subseteq> {x\<^sub>i} \<union> (rvars (\<T> s) - {x\<^sub>j})\<close> psubsetE psubsetI rvars_def subset_Un_eq) (> 320 ms, timed out)
0.sledgehammer goal.by        127955ms Simplex.Simplex 3561:150384  some Preplay: (smt (verit, best) Un_mono Un_upper2 \<open>rvars_eq (pivot_eq (\<T> s ! eq_idx_for_lvar (\<T> s) x\<^sub>i) x\<^sub>j) \<subseteq> {x\<^sub>i} \<union> (rvars (\<T> s) - {x\<^sub>j})\<close> psubsetE psubsetI rvars_def subset_Un_eq) (> 320 ms, timed out)
0.sledgehammer goal.by        127955ms Simplex.Simplex 3561:150384  some Preplay: (smt (z3) Un_mono Un_upper2 \<open>rvars_eq (pivot_eq (\<T> s ! eq_idx_for_lvar (\<T> s) x\<^sub>i) x\<^sub>j) \<subseteq> {x\<^sub>i} \<union> (rvars (\<T> s) - {x\<^sub>j})\<close> psubsetE psubsetI rvars_def subset_Un_eq) (> 320 ms, timed out)
0.sledgehammer goal.by        127955ms Simplex.Simplex 3561:150384  some Preplay: (smt (cvc5, noematch) Un_mono Un_upper2 \<open>rvars_eq (pivot_eq (\<T> s ! eq_idx_for_lvar (\<T> s) x\<^sub>i) x\<^sub>j) \<subseteq> {x\<^sub>i} \<union> (rvars (\<T> s) - {x\<^sub>j})\<close> psubsetE psubsetI rvars_def subset_Un_eq) (> 776 ms, timed out)
0.sledgehammer goal.by        127955ms Simplex.Simplex 3561:150384  some Preplay: (smt (cvc5, fmf) Un_mono Un_upper2 \<open>rvars_eq (pivot_eq (\<T> s ! eq_idx_for_lvar (\<T> s) x\<^sub>i) x\<^sub>j) \<subseteq> {x\<^sub>i} \<union> (rvars (\<T> s) - {x\<^sub>j})\<close> psubsetE psubsetI rvars_def subset_Un_eq) (> 776 ms, timed out)
0.sledgehammer goal.by        127955ms Simplex.Simplex 3561:150384  some Preplay: (smt (cvc5, trigger_max) Un_mono Un_upper2 \<open>rvars_eq (pivot_eq (\<T> s ! eq_idx_for_lvar (\<T> s) x\<^sub>i) x\<^sub>j) \<subseteq> {x\<^sub>i} \<union> (rvars (\<T> s) - {x\<^sub>j})\<close> psubsetE psubsetI rvars_def subset_Un_eq) (> 912 ms, timed out)
0.sledgehammer goal.using     127849ms Simplex.Simplex 3920:164552  some (SH 127846ms, ATP 1779ms): Try this: by (smt (z3) assms(1,2) check'_def isl_def old.sum.simps(5) sum.case_eq_if sum.split_sel) (1.3 s)
0.sledgehammer goal.using     127849ms Simplex.Simplex 3920:164552  some Preplay: (smt (z3) assms(1,2) check'_def isl_def old.sum.simps(5) sum.case_eq_if sum.split_sel) (1.3 s)
0.sledgehammer goal.using     127849ms Simplex.Simplex 3920:164552  some Preplay: (smt (verit) assms(1,2) check'_def isl_def old.sum.simps(5) sum.case_eq_if sum.split_sel) (2.3 s)
0.sledgehammer goal.using     127849ms Simplex.Simplex 3920:164552  some Preplay: (smt (verit, best) assms(1,2) check'_def isl_def old.sum.simps(5) sum.case_eq_if sum.split_sel) (2.5 s)
0.sledgehammer goal.using     127849ms Simplex.Simplex 3920:164552  some Preplay: (smt (verit, del_insts) assms(1,2) check'_def isl_def old.sum.simps(5) sum.case_eq_if sum.split_sel) (2.8 s)
0.sledgehammer goal.using     127849ms Simplex.Simplex 3920:164552  some Preplay: (smt (verit, ccfv_threshold) assms(1,2) check'_def isl_def old.sum.simps(5) sum.case_eq_if sum.split_sel) (2.8 s)
0.sledgehammer goal.using     127849ms Simplex.Simplex 3920:164552  some Preplay: (smt (verit, ccfv_SIG) assms(1,2) check'_def isl_def old.sum.simps(5) sum.case_eq_if sum.split_sel) (3.8 s)
0.sledgehammer goal.using     127849ms Simplex.Simplex 3920:164552  some Preplay: (smt (cvc5, best) assms(1,2) check'_def isl_def old.sum.simps(5) sum.case_eq_if sum.split_sel) (> 1.0 s, timed out)
0.sledgehammer goal.using     127849ms Simplex.Simplex 3920:164552  some Preplay: (smt (cvc5, trigger_last) assms(1,2) check'_def isl_def old.sum.simps(5) sum.case_eq_if sum.split_sel) (> 1.0 s, timed out)
0.sledgehammer goal.using     127849ms Simplex.Simplex 3920:164552  some Preplay: (smt (cvc5, quant_saturate) assms(1,2) check'_def isl_def old.sum.simps(5) sum.case_eq_if sum.split_sel) (> 1.0 s, timed out)
0.sledgehammer goal.using     127849ms Simplex.Simplex 3920:164552  some Preplay: (smt (cvc5, trigger_max) assms(1,2) check'_def isl_def old.sum.simps(5) sum.case_eq_if sum.split_sel) (> 1.0 s, timed out)
0.sledgehammer goal.using     127849ms Simplex.Simplex 3920:164552  some Preplay: (smt (cvc5, trigger_relev) assms(1,2) check'_def isl_def old.sum.simps(5) sum.case_eq_if sum.split_sel) (> 1.0 s, timed out)
0.sledgehammer goal.using     127849ms Simplex.Simplex 3920:164552  some Preplay: (smt (cvc5, term_relev) assms(1,2) check'_def isl_def old.sum.simps(5) sum.case_eq_if sum.split_sel) (> 1.0 s, timed out)
0.sledgehammer goal.using     127849ms Simplex.Simplex 3920:164552  some Preplay: (smt (cvc5, noematch) assms(1,2) check'_def isl_def old.sum.simps(5) sum.case_eq_if sum.split_sel) (> 1.0 s, timed out)
0.sledgehammer goal.using     127849ms Simplex.Simplex 3920:164552  some Preplay: (smt (cvc5, fmf) assms(1,2) check'_def isl_def old.sum.simps(5) sum.case_eq_if sum.split_sel) (> 1.0 s, timed out)
0.sledgehammer goal.using     127849ms Simplex.Simplex 3920:164552  some Preplay: (smt (cvc5, no_simp) assms(1,2) check'_def isl_def old.sum.simps(5) sum.case_eq_if sum.split_sel) (> 1.0 s, timed out)
0.sledgehammer goal.unfolding 75642ms Simplex.Simplex 3921:164566  some (SH 75639ms, ATP 409ms): Try this: by (smt (z3) check'_def old.sum.simps(5,6) sumE) (697 ms)
0.sledgehammer goal.unfolding 75642ms Simplex.Simplex 3921:164566  some Preplay: (smt (z3) check'_def old.sum.simps(5,6) sumE) (697 ms)
0.sledgehammer goal.unfolding 75642ms Simplex.Simplex 3921:164566  some Preplay: (smt (verit, ccfv_SIG) check'_def old.sum.simps(5,6) sumE) (759 ms)
0.sledgehammer goal.unfolding 75642ms Simplex.Simplex 3921:164566  some Preplay: (smt (verit, ccfv_threshold) check'_def old.sum.simps(5,6) sumE) (768 ms)
0.sledgehammer goal.unfolding 75642ms Simplex.Simplex 3921:164566  some Preplay: (smt (verit, del_insts) check'_def old.sum.simps(5,6) sumE) (793 ms)
0.sledgehammer goal.unfolding 75642ms Simplex.Simplex 3921:164566  some Preplay: (smt (verit, best) check'_def old.sum.simps(5,6) sumE) (950 ms)
0.sledgehammer goal.unfolding 75642ms Simplex.Simplex 3921:164566  some Preplay: (smt (verit) check'_def old.sum.simps(5,6) sumE) (1.1 s)
0.sledgehammer goal.unfolding 75642ms Simplex.Simplex 3921:164566  some Preplay: (smt (cvc5, best) check'_def old.sum.simps(5,6) sumE) (> 1.0 s, timed out)
0.sledgehammer goal.unfolding 75642ms Simplex.Simplex 3921:164566  some Preplay: (smt (cvc5, trigger_last) check'_def old.sum.simps(5,6) sumE) (> 1.0 s, timed out)
0.sledgehammer goal.unfolding 75642ms Simplex.Simplex 3921:164566  some Preplay: (smt (cvc5, quant_saturate) check'_def old.sum.simps(5,6) sumE) (> 1.0 s, timed out)
0.sledgehammer goal.unfolding 75642ms Simplex.Simplex 3921:164566  some Preplay: (smt (cvc5, trigger_max) check'_def old.sum.simps(5,6) sumE) (> 1.0 s, timed out)
0.sledgehammer goal.unfolding 75642ms Simplex.Simplex 3921:164566  some Preplay: (smt (cvc5, trigger_relev) check'_def old.sum.simps(5,6) sumE) (> 1.0 s, timed out)
0.sledgehammer goal.unfolding 75642ms Simplex.Simplex 3921:164566  some Preplay: (smt (cvc5, term_relev) check'_def old.sum.simps(5,6) sumE) (> 1.0 s, timed out)
0.sledgehammer goal.unfolding 75642ms Simplex.Simplex 3921:164566  some Preplay: (smt (cvc5, noematch) check'_def old.sum.simps(5,6) sumE) (> 1.0 s, timed out)
0.sledgehammer goal.unfolding 75642ms Simplex.Simplex 3921:164566  some Preplay: (smt (cvc5, fmf) check'_def old.sum.simps(5,6) sumE) (> 1.0 s, timed out)
0.sledgehammer goal.unfolding 75642ms Simplex.Simplex 3921:164566  some Preplay: (smt (cvc5, no_simp) check'_def old.sum.simps(5,6) sumE) (> 1.0 s, timed out)
0.sledgehammer goal.by        30825ms Simplex.Simplex 3922:164589  some (SH 30823ms, ATP 1640ms): Try this: by (smt (z3) isl_def old.sum.simps(5) sum.case_eq_if sum.split_sel_asm) (1.0 s)
0.sledgehammer goal.by        30825ms Simplex.Simplex 3922:164589  some Preplay: (smt (z3) isl_def old.sum.simps(5) sum.case_eq_if sum.split_sel_asm) (1.0 s)
0.sledgehammer goal.by        30825ms Simplex.Simplex 3922:164589  some Preplay: (smt (cvc5, best) isl_def old.sum.simps(5) sum.case_eq_if sum.split_sel_asm) (> 1.0 s, timed out)
0.sledgehammer goal.by        30825ms Simplex.Simplex 3922:164589  some Preplay: (smt (cvc5, trigger_last) isl_def old.sum.simps(5) sum.case_eq_if sum.split_sel_asm) (> 1.0 s, timed out)
0.sledgehammer goal.by        30825ms Simplex.Simplex 3922:164589  some Preplay: (smt (cvc5, quant_saturate) isl_def old.sum.simps(5) sum.case_eq_if sum.split_sel_asm) (> 1.0 s, timed out)
0.sledgehammer goal.by        30825ms Simplex.Simplex 3922:164589  some Preplay: (smt (cvc5, trigger_max) isl_def old.sum.simps(5) sum.case_eq_if sum.split_sel_asm) (> 1.0 s, timed out)
0.sledgehammer goal.by        30825ms Simplex.Simplex 3922:164589  some Preplay: (smt (cvc5, trigger_relev) isl_def old.sum.simps(5) sum.case_eq_if sum.split_sel_asm) (> 1.0 s, timed out)
0.sledgehammer goal.by        30825ms Simplex.Simplex 3922:164589  some Preplay: (smt (cvc5, term_relev) isl_def old.sum.simps(5) sum.case_eq_if sum.split_sel_asm) (> 1.0 s, timed out)
0.sledgehammer goal.by        30825ms Simplex.Simplex 3922:164589  some Preplay: (smt (cvc5, noematch) isl_def old.sum.simps(5) sum.case_eq_if sum.split_sel_asm) (> 1.0 s, timed out)
0.sledgehammer goal.by        30825ms Simplex.Simplex 3922:164589  some Preplay: (smt (cvc5, fmf) isl_def old.sum.simps(5) sum.case_eq_if sum.split_sel_asm) (> 1.0 s, timed out)
0.sledgehammer goal.by        30825ms Simplex.Simplex 3922:164589  some Preplay: (smt (cvc5, no_simp) isl_def old.sum.simps(5) sum.case_eq_if sum.split_sel_asm) (> 1.0 s, timed out)
0.sledgehammer goal.by        30825ms Simplex.Simplex 3922:164589  some Preplay: (smt (verit) isl_def old.sum.simps(5) sum.case_eq_if sum.split_sel_asm) (> 1.0 s, timed out)
0.sledgehammer goal.by        30825ms Simplex.Simplex 3922:164589  some Preplay: (smt (verit, del_insts) isl_def old.sum.simps(5) sum.case_eq_if sum.split_sel_asm) (> 1.0 s, timed out)
0.sledgehammer goal.by        30825ms Simplex.Simplex 3922:164589  some Preplay: (smt (verit, ccfv_SIG) isl_def old.sum.simps(5) sum.case_eq_if sum.split_sel_asm) (> 1.0 s, timed out)
0.sledgehammer goal.by        30825ms Simplex.Simplex 3922:164589  some Preplay: (smt (verit, ccfv_threshold) isl_def old.sum.simps(5) sum.case_eq_if sum.split_sel_asm) (> 1.0 s, timed out)
0.sledgehammer goal.by        30825ms Simplex.Simplex 3922:164589  some Preplay: (smt (verit, best) isl_def old.sum.simps(5) sum.case_eq_if sum.split_sel_asm) (> 1.0 s, timed out)
0.sledgehammer goal.unfolding 22190ms Simplex.Simplex 4037:169170  some (SH 22188ms, ATP 1884ms): Try this: by (smt (verit) gt_state_def) (1.8 s)
0.sledgehammer goal.unfolding 22190ms Simplex.Simplex 4037:169170  some Preplay: (smt (verit) gt_state_def) (1.8 s)
0.sledgehammer goal.unfolding 22190ms Simplex.Simplex 4037:169170  some Preplay: (smt (verit, del_insts) gt_state_def) (1.9 s)
0.sledgehammer goal.unfolding 22190ms Simplex.Simplex 4037:169170  some Preplay: (smt (z3) gt_state_def) (1.9 s)
0.sledgehammer goal.unfolding 22190ms Simplex.Simplex 4037:169170  some Preplay: (smt (verit, ccfv_threshold) gt_state_def) (2.2 s)
0.sledgehammer goal.unfolding 22190ms Simplex.Simplex 4037:169170  some Preplay: (smt (verit, best) gt_state_def) (2.5 s)
0.sledgehammer goal.unfolding 22190ms Simplex.Simplex 4037:169170  some Preplay: (smt (verit, ccfv_SIG) gt_state_def) (2.9 s)
0.sledgehammer goal.unfolding 22190ms Simplex.Simplex 4037:169170  some Preplay: (smt (cvc5, best) gt_state_def) (> 1.0 s, timed out)
0.sledgehammer goal.unfolding 22190ms Simplex.Simplex 4037:169170  some Preplay: (smt (cvc5, trigger_last) gt_state_def) (> 1.0 s, timed out)
0.sledgehammer goal.unfolding 22190ms Simplex.Simplex 4037:169170  some Preplay: (smt (cvc5, quant_saturate) gt_state_def) (> 1.0 s, timed out)
0.sledgehammer goal.unfolding 22190ms Simplex.Simplex 4037:169170  some Preplay: (smt (cvc5, trigger_max) gt_state_def) (> 1.0 s, timed out)
0.sledgehammer goal.unfolding 22190ms Simplex.Simplex 4037:169170  some Preplay: (smt (cvc5, trigger_relev) gt_state_def) (> 1.0 s, timed out)
0.sledgehammer goal.unfolding 22190ms Simplex.Simplex 4037:169170  some Preplay: (smt (cvc5, term_relev) gt_state_def) (> 1.0 s, timed out)
0.sledgehammer goal.unfolding 22190ms Simplex.Simplex 4037:169170  some Preplay: (smt (cvc5, noematch) gt_state_def) (> 1.0 s, timed out)
0.sledgehammer goal.unfolding 22190ms Simplex.Simplex 4037:169170  some Preplay: (smt (cvc5, fmf) gt_state_def) (> 1.0 s, timed out)
0.sledgehammer goal.unfolding 22190ms Simplex.Simplex 4037:169170  some Preplay: (smt (cvc5, no_simp) gt_state_def) (> 1.0 s, timed out)
0.sledgehammer goal.by        85837ms Simplex.Simplex 4073:170283  some (SH 85834ms, ATP 2615ms): Try this: by (smt (verit) Un_insert_left Un_insert_right insert_Diff succ_vars sup_bot_right) (382 ms)
0.sledgehammer goal.by        85837ms Simplex.Simplex 4073:170283  some Preplay: (smt (verit) Un_insert_left Un_insert_right insert_Diff succ_vars sup_bot_right) (382 ms)
0.sledgehammer goal.by        85837ms Simplex.Simplex 4073:170283  some Preplay: (smt (verit, del_insts) Un_insert_left Un_insert_right insert_Diff succ_vars sup_bot_right) (> 382 ms, timed out)
0.sledgehammer goal.by        85837ms Simplex.Simplex 4073:170283  some Preplay: (smt (verit, ccfv_SIG) Un_insert_left Un_insert_right insert_Diff succ_vars sup_bot_right) (> 382 ms, timed out)
0.sledgehammer goal.by        85837ms Simplex.Simplex 4073:170283  some Preplay: (smt (verit, ccfv_threshold) Un_insert_left Un_insert_right insert_Diff succ_vars sup_bot_right) (> 382 ms, timed out)
0.sledgehammer goal.by        85837ms Simplex.Simplex 4073:170283  some Preplay: (smt (verit, best) Un_insert_left Un_insert_right insert_Diff succ_vars sup_bot_right) (> 382 ms, timed out)
0.sledgehammer goal.by        85837ms Simplex.Simplex 4073:170283  some Preplay: (smt (z3) Un_insert_left Un_insert_right insert_Diff succ_vars sup_bot_right) (> 382 ms, timed out)
0.sledgehammer goal.by        85837ms Simplex.Simplex 4073:170283  some Preplay: (smt (cvc5, best) Un_insert_left Un_insert_right insert_Diff succ_vars sup_bot_right) (> 1.0 s, timed out)
0.sledgehammer goal.by        85837ms Simplex.Simplex 4073:170283  some Preplay: (smt (cvc5, trigger_last) Un_insert_left Un_insert_right insert_Diff succ_vars sup_bot_right) (> 1.0 s, timed out)
0.sledgehammer goal.by        85837ms Simplex.Simplex 4073:170283  some Preplay: (smt (cvc5, quant_saturate) Un_insert_left Un_insert_right insert_Diff succ_vars sup_bot_right) (> 1.0 s, timed out)
0.sledgehammer goal.by        85837ms Simplex.Simplex 4073:170283  some Preplay: (smt (cvc5, trigger_max) Un_insert_left Un_insert_right insert_Diff succ_vars sup_bot_right) (> 1.0 s, timed out)
0.sledgehammer goal.by        85837ms Simplex.Simplex 4073:170283  some Preplay: (smt (cvc5, trigger_relev) Un_insert_left Un_insert_right insert_Diff succ_vars sup_bot_right) (> 1.0 s, timed out)
0.sledgehammer goal.by        85837ms Simplex.Simplex 4073:170283  some Preplay: (smt (cvc5, term_relev) Un_insert_left Un_insert_right insert_Diff succ_vars sup_bot_right) (> 1.0 s, timed out)
0.sledgehammer goal.by        85837ms Simplex.Simplex 4073:170283  some Preplay: (smt (cvc5, noematch) Un_insert_left Un_insert_right insert_Diff succ_vars sup_bot_right) (> 1.0 s, timed out)
0.sledgehammer goal.by        85837ms Simplex.Simplex 4073:170283  some Preplay: (smt (cvc5, fmf) Un_insert_left Un_insert_right insert_Diff succ_vars sup_bot_right) (> 1.0 s, timed out)
0.sledgehammer goal.by        85837ms Simplex.Simplex 4073:170283  some Preplay: (smt (cvc5, no_simp) Un_insert_left Un_insert_right insert_Diff succ_vars sup_bot_right) (> 1.0 s, timed out)
0.sledgehammer goal.unfolding 29184ms Simplex.Simplex 4086:170703  some (SH 29182ms, ATP 1770ms): Try this: by (smt (z3) gt_state_def) (1.6 s)
0.sledgehammer goal.unfolding 29184ms Simplex.Simplex 4086:170703  some Preplay: (smt (z3) gt_state_def) (1.6 s)
0.sledgehammer goal.unfolding 29184ms Simplex.Simplex 4086:170703  some Preplay: (smt (verit, ccfv_threshold) gt_state_def) (1.6 s)
0.sledgehammer goal.unfolding 29184ms Simplex.Simplex 4086:170703  some Preplay: (smt (verit, del_insts) gt_state_def) (1.7 s)
0.sledgehammer goal.unfolding 29184ms Simplex.Simplex 4086:170703  some Preplay: (smt (verit, ccfv_SIG) gt_state_def) (2.2 s)
0.sledgehammer goal.unfolding 29184ms Simplex.Simplex 4086:170703  some Preplay: (smt (verit) gt_state_def) (2.4 s)
0.sledgehammer goal.unfolding 29184ms Simplex.Simplex 4086:170703  some Preplay: (smt (verit, best) gt_state_def) (2.4 s)
0.sledgehammer goal.unfolding 29184ms Simplex.Simplex 4086:170703  some Preplay: (smt (cvc5, best) gt_state_def) (> 1.0 s, timed out)
0.sledgehammer goal.unfolding 29184ms Simplex.Simplex 4086:170703  some Preplay: (smt (cvc5, trigger_last) gt_state_def) (> 1.0 s, timed out)
0.sledgehammer goal.unfolding 29184ms Simplex.Simplex 4086:170703  some Preplay: (smt (cvc5, quant_saturate) gt_state_def) (> 1.0 s, timed out)
0.sledgehammer goal.unfolding 29184ms Simplex.Simplex 4086:170703  some Preplay: (smt (cvc5, trigger_max) gt_state_def) (> 1.0 s, timed out)
0.sledgehammer goal.unfolding 29184ms Simplex.Simplex 4086:170703  some Preplay: (smt (cvc5, trigger_relev) gt_state_def) (> 1.0 s, timed out)
0.sledgehammer goal.unfolding 29184ms Simplex.Simplex 4086:170703  some Preplay: (smt (cvc5, term_relev) gt_state_def) (> 1.0 s, timed out)
0.sledgehammer goal.unfolding 29184ms Simplex.Simplex 4086:170703  some Preplay: (smt (cvc5, noematch) gt_state_def) (> 1.0 s, timed out)
0.sledgehammer goal.unfolding 29184ms Simplex.Simplex 4086:170703  some Preplay: (smt (cvc5, fmf) gt_state_def) (> 1.0 s, timed out)
0.sledgehammer goal.unfolding 29184ms Simplex.Simplex 4086:170703  some Preplay: (smt (cvc5, no_simp) gt_state_def) (> 1.0 s, timed out)
0.sledgehammer goal.unfolding 39017ms Simplex.Simplex 4111:171719  some (SH 39015ms, ATP 1780ms): Try this: by (smt (z3) gt_state_def) (2.3 s)
0.sledgehammer goal.unfolding 39017ms Simplex.Simplex 4111:171719  some Preplay: (smt (z3) gt_state_def) (2.3 s)
0.sledgehammer goal.unfolding 39017ms Simplex.Simplex 4111:171719  some Preplay: (smt (verit, best) gt_state_def) (2.4 s)
0.sledgehammer goal.unfolding 39017ms Simplex.Simplex 4111:171719  some Preplay: (smt (verit, ccfv_threshold) gt_state_def) (2.5 s)
0.sledgehammer goal.unfolding 39017ms Simplex.Simplex 4111:171719  some Preplay: (smt (verit) gt_state_def) (2.5 s)
0.sledgehammer goal.unfolding 39017ms Simplex.Simplex 4111:171719  some Preplay: (smt (verit, del_insts) gt_state_def) (2.7 s)
0.sledgehammer goal.unfolding 39017ms Simplex.Simplex 4111:171719  some Preplay: (smt (verit, ccfv_SIG) gt_state_def) (25.7 s)
0.sledgehammer goal.unfolding 39017ms Simplex.Simplex 4111:171719  some Preplay: (smt (cvc5, best) gt_state_def) (> 1.0 s, timed out)
0.sledgehammer goal.unfolding 39017ms Simplex.Simplex 4111:171719  some Preplay: (smt (cvc5, trigger_last) gt_state_def) (> 1.0 s, timed out)
0.sledgehammer goal.unfolding 39017ms Simplex.Simplex 4111:171719  some Preplay: (smt (cvc5, quant_saturate) gt_state_def) (> 1.0 s, timed out)
0.sledgehammer goal.unfolding 39017ms Simplex.Simplex 4111:171719  some Preplay: (smt (cvc5, trigger_max) gt_state_def) (> 1.0 s, timed out)
0.sledgehammer goal.unfolding 39017ms Simplex.Simplex 4111:171719  some Preplay: (smt (cvc5, trigger_relev) gt_state_def) (> 1.0 s, timed out)
0.sledgehammer goal.unfolding 39017ms Simplex.Simplex 4111:171719  some Preplay: (smt (cvc5, term_relev) gt_state_def) (> 1.0 s, timed out)
0.sledgehammer goal.unfolding 39017ms Simplex.Simplex 4111:171719  some Preplay: (smt (cvc5, noematch) gt_state_def) (> 1.0 s, timed out)
0.sledgehammer goal.unfolding 39017ms Simplex.Simplex 4111:171719  some Preplay: (smt (cvc5, fmf) gt_state_def) (> 1.0 s, timed out)
0.sledgehammer goal.unfolding 39017ms Simplex.Simplex 4111:171719  some Preplay: (smt (cvc5, no_simp) gt_state_def) (> 1.0 s, timed out)
0.sledgehammer goal.unfolding 27624ms Simplex.Simplex 4136:172742  some (SH 27622ms, ATP 1523ms): Try this: by (smt (z3) gt_state_def) (1.6 s)
0.sledgehammer goal.unfolding 27624ms Simplex.Simplex 4136:172742  some Preplay: (smt (z3) gt_state_def) (1.6 s)
0.sledgehammer goal.unfolding 27624ms Simplex.Simplex 4136:172742  some Preplay: (smt (verit, del_insts) gt_state_def) (1.7 s)
0.sledgehammer goal.unfolding 27624ms Simplex.Simplex 4136:172742  some Preplay: (smt (verit, ccfv_SIG) gt_state_def) (1.8 s)
0.sledgehammer goal.unfolding 27624ms Simplex.Simplex 4136:172742  some Preplay: (smt (verit, best) gt_state_def) (1.8 s)
0.sledgehammer goal.unfolding 27624ms Simplex.Simplex 4136:172742  some Preplay: (smt (verit) gt_state_def) (2.3 s)
0.sledgehammer goal.unfolding 27624ms Simplex.Simplex 4136:172742  some Preplay: (smt (verit, ccfv_threshold) gt_state_def) (2.5 s)
0.sledgehammer goal.unfolding 27624ms Simplex.Simplex 4136:172742  some Preplay: (smt (cvc5, best) gt_state_def) (> 1.0 s, timed out)
0.sledgehammer goal.unfolding 27624ms Simplex.Simplex 4136:172742  some Preplay: (smt (cvc5, trigger_last) gt_state_def) (> 1.0 s, timed out)
0.sledgehammer goal.unfolding 27624ms Simplex.Simplex 4136:172742  some Preplay: (smt (cvc5, quant_saturate) gt_state_def) (> 1.0 s, timed out)
0.sledgehammer goal.unfolding 27624ms Simplex.Simplex 4136:172742  some Preplay: (smt (cvc5, trigger_max) gt_state_def) (> 1.0 s, timed out)
0.sledgehammer goal.unfolding 27624ms Simplex.Simplex 4136:172742  some Preplay: (smt (cvc5, trigger_relev) gt_state_def) (> 1.0 s, timed out)
0.sledgehammer goal.unfolding 27624ms Simplex.Simplex 4136:172742  some Preplay: (smt (cvc5, term_relev) gt_state_def) (> 1.0 s, timed out)
0.sledgehammer goal.unfolding 27624ms Simplex.Simplex 4136:172742  some Preplay: (smt (cvc5, noematch) gt_state_def) (> 1.0 s, timed out)
0.sledgehammer goal.unfolding 27624ms Simplex.Simplex 4136:172742  some Preplay: (smt (cvc5, fmf) gt_state_def) (> 1.0 s, timed out)
0.sledgehammer goal.unfolding 27624ms Simplex.Simplex 4136:172742  some Preplay: (smt (cvc5, no_simp) gt_state_def) (> 1.0 s, timed out)
0.sledgehammer goal.apply     30569ms Simplex.Simplex 4732:192458  some (SH 30567ms, ATP 318ms): Try this: by (smt (verit, del_insts) \<open>(SOME t. t \<in> {t. lvars t = L \<and> rvars t = V - L \<and> \<triangle> t \<and> (\<forall>v. v \<Turnstile>\<^sub>t t = v \<Turnstile>\<^sub>t t0)}) \<in> {t. lvars t = L \<and> rvars t = V - L \<and> \<triangle> t \<and> (\<forall>v. v \<Turnstile>\<^sub>t t = v \<Turnstile>\<^sub>t t0)}\<close> \<open>x \<in> {t. lvars t = L \<and> rvars t = V - L \<and> \<triangle> t \<and> (\<forall>v. v \<Turnstile>\<^sub>t t = v \<Turnstile>\<^sub>t t0)}\<close> mem_Collect_eq tableau_perm) (1.1 s)
0.sledgehammer goal.apply     30569ms Simplex.Simplex 4732:192458  some Preplay: (smt (verit, del_insts) \<open>(SOME t. t \<in> {t. lvars t = L \<and> rvars t = V - L \<and> \<triangle> t \<and> (\<forall>v. v \<Turnstile>\<^sub>t t = v \<Turnstile>\<^sub>t t0)}) \<in> {t. lvars t = L \<and> rvars t = V - L \<and> \<triangle> t \<and> (\<forall>v. v \<Turnstile>\<^sub>t t = v \<Turnstile>\<^sub>t t0)}\<close> \<open>x \<in> {t. lvars t = L \<and> rvars t = V - L \<and> \<triangle> t \<and> (\<forall>v. v \<Turnstile>\<^sub>t t = v \<Turnstile>\<^sub>t t0)}\<close> mem_Collect_eq tableau_perm) (1.1 s)
0.sledgehammer goal.apply     30569ms Simplex.Simplex 4732:192458  some Preplay: (smt (cvc5, best) \<open>(SOME t. t \<in> {t. lvars t = L \<and> rvars t = V - L \<and> \<triangle> t \<and> (\<forall>v. v \<Turnstile>\<^sub>t t = v \<Turnstile>\<^sub>t t0)}) \<in> {t. lvars t = L \<and> rvars t = V - L \<and> \<triangle> t \<and> (\<forall>v. v \<Turnstile>\<^sub>t t = v \<Turnstile>\<^sub>t t0)}\<close> \<open>x \<in> {t. lvars t = L \<and> rvars t = V - L \<and> \<triangle> t \<and> (\<forall>v. v \<Turnstile>\<^sub>t t = v \<Turnstile>\<^sub>t t0)}\<close> mem_Collect_eq tableau_perm) (1.2 s)
0.sledgehammer goal.apply     30569ms Simplex.Simplex 4732:192458  some Preplay: (smt (cvc5, trigger_last) \<open>(SOME t. t \<in> {t. lvars t = L \<and> rvars t = V - L \<and> \<triangle> t \<and> (\<forall>v. v \<Turnstile>\<^sub>t t = v \<Turnstile>\<^sub>t t0)}) \<in> {t. lvars t = L \<and> rvars t = V - L \<and> \<triangle> t \<and> (\<forall>v. v \<Turnstile>\<^sub>t t = v \<Turnstile>\<^sub>t t0)}\<close> \<open>x \<in> {t. lvars t = L \<and> rvars t = V - L \<and> \<triangle> t \<and> (\<forall>v. v \<Turnstile>\<^sub>t t = v \<Turnstile>\<^sub>t t0)}\<close> mem_Collect_eq tableau_perm) (1.3 s)
0.sledgehammer goal.apply     30569ms Simplex.Simplex 4732:192458  some Preplay: (smt (verit) \<open>(SOME t. t \<in> {t. lvars t = L \<and> rvars t = V - L \<and> \<triangle> t \<and> (\<forall>v. v \<Turnstile>\<^sub>t t = v \<Turnstile>\<^sub>t t0)}) \<in> {t. lvars t = L \<and> rvars t = V - L \<and> \<triangle> t \<and> (\<forall>v. v \<Turnstile>\<^sub>t t = v \<Turnstile>\<^sub>t t0)}\<close> \<open>x \<in> {t. lvars t = L \<and> rvars t = V - L \<and> \<triangle> t \<and> (\<forall>v. v \<Turnstile>\<^sub>t t = v \<Turnstile>\<^sub>t t0)}\<close> mem_Collect_eq tableau_perm) (1.4 s)
0.sledgehammer goal.apply     30569ms Simplex.Simplex 4732:192458  some Preplay: (smt (verit, ccfv_threshold) \<open>(SOME t. t \<in> {t. lvars t = L \<and> rvars t = V - L \<and> \<triangle> t \<and> (\<forall>v. v \<Turnstile>\<^sub>t t = v \<Turnstile>\<^sub>t t0)}) \<in> {t. lvars t = L \<and> rvars t = V - L \<and> \<triangle> t \<and> (\<forall>v. v \<Turnstile>\<^sub>t t = v \<Turnstile>\<^sub>t t0)}\<close> \<open>x \<in> {t. lvars t = L \<and> rvars t = V - L \<and> \<triangle> t \<and> (\<forall>v. v \<Turnstile>\<^sub>t t = v \<Turnstile>\<^sub>t t0)}\<close> mem_Collect_eq tableau_perm) (1.5 s)
0.sledgehammer goal.apply     30569ms Simplex.Simplex 4732:192458  some Preplay: (smt (cvc5, trigger_relev) \<open>(SOME t. t \<in> {t. lvars t = L \<and> rvars t = V - L \<and> \<triangle> t \<and> (\<forall>v. v \<Turnstile>\<^sub>t t = v \<Turnstile>\<^sub>t t0)}) \<in> {t. lvars t = L \<and> rvars t = V - L \<and> \<triangle> t \<and> (\<forall>v. v \<Turnstile>\<^sub>t t = v \<Turnstile>\<^sub>t t0)}\<close> \<open>x \<in> {t. lvars t = L \<and> rvars t = V - L \<and> \<triangle> t \<and> (\<forall>v. v \<Turnstile>\<^sub>t t = v \<Turnstile>\<^sub>t t0)}\<close> mem_Collect_eq tableau_perm) (1.7 s)
0.sledgehammer goal.apply     30569ms Simplex.Simplex 4732:192458  some Preplay: (smt (cvc5, term_relev) \<open>(SOME t. t \<in> {t. lvars t = L \<and> rvars t = V - L \<and> \<triangle> t \<and> (\<forall>v. v \<Turnstile>\<^sub>t t = v \<Turnstile>\<^sub>t t0)}) \<in> {t. lvars t = L \<and> rvars t = V - L \<and> \<triangle> t \<and> (\<forall>v. v \<Turnstile>\<^sub>t t = v \<Turnstile>\<^sub>t t0)}\<close> \<open>x \<in> {t. lvars t = L \<and> rvars t = V - L \<and> \<triangle> t \<and> (\<forall>v. v \<Turnstile>\<^sub>t t = v \<Turnstile>\<^sub>t t0)}\<close> mem_Collect_eq tableau_perm) (1.7 s)
0.sledgehammer goal.apply     30569ms Simplex.Simplex 4732:192458  some Preplay: (smt (cvc5, no_simp) \<open>(SOME t. t \<in> {t. lvars t = L \<and> rvars t = V - L \<and> \<triangle> t \<and> (\<forall>v. v \<Turnstile>\<^sub>t t = v \<Turnstile>\<^sub>t t0)}) \<in> {t. lvars t = L \<and> rvars t = V - L \<and> \<triangle> t \<and> (\<forall>v. v \<Turnstile>\<^sub>t t = v \<Turnstile>\<^sub>t t0)}\<close> \<open>x \<in> {t. lvars t = L \<and> rvars t = V - L \<and> \<triangle> t \<and> (\<forall>v. v \<Turnstile>\<^sub>t t = v \<Turnstile>\<^sub>t t0)}\<close> mem_Collect_eq tableau_perm) (1.7 s)
0.sledgehammer goal.apply     30569ms Simplex.Simplex 4732:192458  some Preplay: (smt (cvc5, trigger_max) \<open>(SOME t. t \<in> {t. lvars t = L \<and> rvars t = V - L \<and> \<triangle> t \<and> (\<forall>v. v \<Turnstile>\<^sub>t t = v \<Turnstile>\<^sub>t t0)}) \<in> {t. lvars t = L \<and> rvars t = V - L \<and> \<triangle> t \<and> (\<forall>v. v \<Turnstile>\<^sub>t t = v \<Turnstile>\<^sub>t t0)}\<close> \<open>x \<in> {t. lvars t = L \<and> rvars t = V - L \<and> \<triangle> t \<and> (\<forall>v. v \<Turnstile>\<^sub>t t = v \<Turnstile>\<^sub>t t0)}\<close> mem_Collect_eq tableau_perm) (1.7 s)
0.sledgehammer goal.apply     30569ms Simplex.Simplex 4732:192458  some Preplay: (smt (verit, ccfv_SIG) \<open>(SOME t. t \<in> {t. lvars t = L \<and> rvars t = V - L \<and> \<triangle> t \<and> (\<forall>v. v \<Turnstile>\<^sub>t t = v \<Turnstile>\<^sub>t t0)}) \<in> {t. lvars t = L \<and> rvars t = V - L \<and> \<triangle> t \<and> (\<forall>v. v \<Turnstile>\<^sub>t t = v \<Turnstile>\<^sub>t t0)}\<close> \<open>x \<in> {t. lvars t = L \<and> rvars t = V - L \<and> \<triangle> t \<and> (\<forall>v. v \<Turnstile>\<^sub>t t = v \<Turnstile>\<^sub>t t0)}\<close> mem_Collect_eq tableau_perm) (2.0 s)
0.sledgehammer goal.apply     30569ms Simplex.Simplex 4732:192458  some Preplay: (smt (cvc5, fmf) \<open>(SOME t. t \<in> {t. lvars t = L \<and> rvars t = V - L \<and> \<triangle> t \<and> (\<forall>v. v \<Turnstile>\<^sub>t t = v \<Turnstile>\<^sub>t t0)}) \<in> {t. lvars t = L \<and> rvars t = V - L \<and> \<triangle> t \<and> (\<forall>v. v \<Turnstile>\<^sub>t t = v \<Turnstile>\<^sub>t t0)}\<close> \<open>x \<in> {t. lvars t = L \<and> rvars t = V - L \<and> \<triangle> t \<and> (\<forall>v. v \<Turnstile>\<^sub>t t = v \<Turnstile>\<^sub>t t0)}\<close> mem_Collect_eq tableau_perm) (2.3 s)
0.sledgehammer goal.apply     30569ms Simplex.Simplex 4732:192458  some Preplay: (smt (cvc5, noematch) \<open>(SOME t. t \<in> {t. lvars t = L \<and> rvars t = V - L \<and> \<triangle> t \<and> (\<forall>v. v \<Turnstile>\<^sub>t t = v \<Turnstile>\<^sub>t t0)}) \<in> {t. lvars t = L \<and> rvars t = V - L \<and> \<triangle> t \<and> (\<forall>v. v \<Turnstile>\<^sub>t t = v \<Turnstile>\<^sub>t t0)}\<close> \<open>x \<in> {t. lvars t = L \<and> rvars t = V - L \<and> \<triangle> t \<and> (\<forall>v. v \<Turnstile>\<^sub>t t = v \<Turnstile>\<^sub>t t0)}\<close> mem_Collect_eq tableau_perm) (2.3 s)
0.sledgehammer goal.apply     30569ms Simplex.Simplex 4732:192458  some Preplay: (smt (verit, best) \<open>(SOME t. t \<in> {t. lvars t = L \<and> rvars t = V - L \<and> \<triangle> t \<and> (\<forall>v. v \<Turnstile>\<^sub>t t = v \<Turnstile>\<^sub>t t0)}) \<in> {t. lvars t = L \<and> rvars t = V - L \<and> \<triangle> t \<and> (\<forall>v. v \<Turnstile>\<^sub>t t = v \<Turnstile>\<^sub>t t0)}\<close> \<open>x \<in> {t. lvars t = L \<and> rvars t = V - L \<and> \<triangle> t \<and> (\<forall>v. v \<Turnstile>\<^sub>t t = v \<Turnstile>\<^sub>t t0)}\<close> mem_Collect_eq tableau_perm) (2.9 s)
0.sledgehammer goal.apply     30569ms Simplex.Simplex 4732:192458  some Preplay: (smt (cvc5, quant_saturate) \<open>(SOME t. t \<in> {t. lvars t = L \<and> rvars t = V - L \<and> \<triangle> t \<and> (\<forall>v. v \<Turnstile>\<^sub>t t = v \<Turnstile>\<^sub>t t0)}) \<in> {t. lvars t = L \<and> rvars t = V - L \<and> \<triangle> t \<and> (\<forall>v. v \<Turnstile>\<^sub>t t = v \<Turnstile>\<^sub>t t0)}\<close> \<open>x \<in> {t. lvars t = L \<and> rvars t = V - L \<and> \<triangle> t \<and> (\<forall>v. v \<Turnstile>\<^sub>t t = v \<Turnstile>\<^sub>t t0)}\<close> mem_Collect_eq tableau_perm) (3.8 s)
0.sledgehammer goal.apply     30569ms Simplex.Simplex 4732:192458  some Preplay: (smt (z3) \<open>(SOME t. t \<in> {t. lvars t = L \<and> rvars t = V - L \<and> \<triangle> t \<and> (\<forall>v. v \<Turnstile>\<^sub>t t = v \<Turnstile>\<^sub>t t0)}) \<in> {t. lvars t = L \<and> rvars t = V - L \<and> \<triangle> t \<and> (\<forall>v. v \<Turnstile>\<^sub>t t = v \<Turnstile>\<^sub>t t0)}\<close> \<open>x \<in> {t. lvars t = L \<and> rvars t = V - L \<and> \<triangle> t \<and> (\<forall>v. v \<Turnstile>\<^sub>t t = v \<Turnstile>\<^sub>t t0)}\<close> mem_Collect_eq tableau_perm) (> 1.0 s, timed out)
0.sledgehammer goal.by        45688ms Simplex.Simplex 5008:201242  some (SH 45685ms, ATP 1236ms): Try this: by (smt (z3) case_prodE mem_Collect_eq prod.inject tranclD2) (294 ms)
0.sledgehammer goal.by        45688ms Simplex.Simplex 5008:201242  some Preplay: (smt (z3) case_prodE mem_Collect_eq prod.inject tranclD2) (294 ms)
0.sledgehammer goal.by        45688ms Simplex.Simplex 5008:201242  some Preplay: (smt (verit, ccfv_threshold) case_prodE mem_Collect_eq prod.inject tranclD2) (374 ms)
0.sledgehammer goal.by        45688ms Simplex.Simplex 5008:201242  some Preplay: (smt (verit, ccfv_SIG) case_prodE mem_Collect_eq prod.inject tranclD2) (383 ms)
0.sledgehammer goal.by        45688ms Simplex.Simplex 5008:201242  some Preplay: (smt (verit, del_insts) case_prodE mem_Collect_eq prod.inject tranclD2) (518 ms)
0.sledgehammer goal.by        45688ms Simplex.Simplex 5008:201242  some Preplay: (smt (verit) case_prodE mem_Collect_eq prod.inject tranclD2) (580 ms)
0.sledgehammer goal.by        45688ms Simplex.Simplex 5008:201242  some Preplay: (smt (verit, best) case_prodE mem_Collect_eq prod.inject tranclD2) (> 374 ms, timed out)
0.sledgehammer goal.by        45688ms Simplex.Simplex 5008:201242  some Preplay: (smt (cvc5, best) case_prodE mem_Collect_eq prod.inject tranclD2) (> 1.0 s, timed out)
0.sledgehammer goal.by        45688ms Simplex.Simplex 5008:201242  some Preplay: (smt (cvc5, trigger_last) case_prodE mem_Collect_eq prod.inject tranclD2) (> 1.0 s, timed out)
0.sledgehammer goal.by        45688ms Simplex.Simplex 5008:201242  some Preplay: (smt (cvc5, quant_saturate) case_prodE mem_Collect_eq prod.inject tranclD2) (> 1.0 s, timed out)
0.sledgehammer goal.by        45688ms Simplex.Simplex 5008:201242  some Preplay: (smt (cvc5, trigger_max) case_prodE mem_Collect_eq prod.inject tranclD2) (> 1.0 s, timed out)
0.sledgehammer goal.by        45688ms Simplex.Simplex 5008:201242  some Preplay: (smt (cvc5, trigger_relev) case_prodE mem_Collect_eq prod.inject tranclD2) (> 1.0 s, timed out)
0.sledgehammer goal.by        45688ms Simplex.Simplex 5008:201242  some Preplay: (smt (cvc5, term_relev) case_prodE mem_Collect_eq prod.inject tranclD2) (> 1.0 s, timed out)
0.sledgehammer goal.by        45688ms Simplex.Simplex 5008:201242  some Preplay: (smt (cvc5, fmf) case_prodE mem_Collect_eq prod.inject tranclD2) (> 1.0 s, timed out)
0.sledgehammer goal.by        45688ms Simplex.Simplex 5008:201242  some Preplay: (smt (cvc5, no_simp) case_prodE mem_Collect_eq prod.inject tranclD2) (> 1.0 s, timed out)
0.sledgehammer goal.by        45688ms Simplex.Simplex 5008:201242  some Preplay: (smt (cvc5, noematch) case_prodE mem_Collect_eq prod.inject tranclD2) (failed)
0.sledgehammer goal.using     63316ms Simplex.Simplex 5084:203641  some (SH 63313ms, ATP 1161ms): Try this: by (smt (cvc5) accessible_bounds accessible_unsat_core image_iff image_iff image_iff image_iff image_iff insertCI insert_iff mem_Collect_eq mem_Sigma_iff mem_Sigma_iff mem_Sigma_iff mem_Sigma_iff subsetI)
0.sledgehammer goal.using     63316ms Simplex.Simplex 5084:203641  some Preplay: (smt (cvc5, best) accessible_bounds accessible_unsat_core image_iff insertCI insert_iff mem_Collect_eq mem_Sigma_iff subsetI) (> 1.0 s, timed out)
0.sledgehammer goal.using     63316ms Simplex.Simplex 5084:203641  some Preplay: (smt (cvc5, trigger_last) accessible_bounds accessible_unsat_core image_iff insertCI insert_iff mem_Collect_eq mem_Sigma_iff subsetI) (> 1.0 s, timed out)
0.sledgehammer goal.using     63316ms Simplex.Simplex 5084:203641  some Preplay: (smt (cvc5, quant_saturate) accessible_bounds accessible_unsat_core image_iff insertCI insert_iff mem_Collect_eq mem_Sigma_iff subsetI) (> 1.0 s, timed out)
0.sledgehammer goal.using     63316ms Simplex.Simplex 5084:203641  some Preplay: (smt (cvc5, trigger_max) accessible_bounds accessible_unsat_core image_iff insertCI insert_iff mem_Collect_eq mem_Sigma_iff subsetI) (> 1.0 s, timed out)
0.sledgehammer goal.using     63316ms Simplex.Simplex 5084:203641  some Preplay: (smt (cvc5, trigger_relev) accessible_bounds accessible_unsat_core image_iff insertCI insert_iff mem_Collect_eq mem_Sigma_iff subsetI) (> 1.0 s, timed out)
0.sledgehammer goal.using     63316ms Simplex.Simplex 5084:203641  some Preplay: (smt (cvc5, term_relev) accessible_bounds accessible_unsat_core image_iff insertCI insert_iff mem_Collect_eq mem_Sigma_iff subsetI) (> 1.0 s, timed out)
0.sledgehammer goal.using     63316ms Simplex.Simplex 5084:203641  some Preplay: (smt (cvc5, noematch) accessible_bounds accessible_unsat_core image_iff insertCI insert_iff mem_Collect_eq mem_Sigma_iff subsetI) (> 1.0 s, timed out)
0.sledgehammer goal.using     63316ms Simplex.Simplex 5084:203641  some Preplay: (smt (cvc5, fmf) accessible_bounds accessible_unsat_core image_iff insertCI insert_iff mem_Collect_eq mem_Sigma_iff subsetI) (> 1.0 s, timed out)
0.sledgehammer goal.using     63316ms Simplex.Simplex 5084:203641  some Preplay: (smt (cvc5, no_simp) accessible_bounds accessible_unsat_core image_iff insertCI insert_iff mem_Collect_eq mem_Sigma_iff subsetI) (> 1.0 s, timed out)
0.sledgehammer goal.using     63316ms Simplex.Simplex 5084:203641  some Preplay: (smt (verit) accessible_bounds accessible_unsat_core image_iff insertCI insert_iff mem_Collect_eq mem_Sigma_iff subsetI) (> 1.0 s, timed out)
0.sledgehammer goal.using     63316ms Simplex.Simplex 5084:203641  some Preplay: (smt (verit, del_insts) accessible_bounds accessible_unsat_core image_iff insertCI insert_iff mem_Collect_eq mem_Sigma_iff subsetI) (> 1.0 s, timed out)
0.sledgehammer goal.using     63316ms Simplex.Simplex 5084:203641  some Preplay: (smt (verit, ccfv_SIG) accessible_bounds accessible_unsat_core image_iff insertCI insert_iff mem_Collect_eq mem_Sigma_iff subsetI) (> 1.0 s, timed out)
0.sledgehammer goal.using     63316ms Simplex.Simplex 5084:203641  some Preplay: (smt (verit, ccfv_threshold) accessible_bounds accessible_unsat_core image_iff insertCI insert_iff mem_Collect_eq mem_Sigma_iff subsetI) (> 1.0 s, timed out)
0.sledgehammer goal.using     63316ms Simplex.Simplex 5084:203641  some Preplay: (smt (verit, best) accessible_bounds accessible_unsat_core image_iff insertCI insert_iff mem_Collect_eq mem_Sigma_iff subsetI) (> 1.0 s, timed out)
0.sledgehammer goal.using     63316ms Simplex.Simplex 5084:203641  some Preplay: (smt (z3) accessible_bounds accessible_unsat_core image_iff insertCI insert_iff mem_Collect_eq mem_Sigma_iff subsetI) (> 1.0 s, timed out)
0.sledgehammer goal.using     34832ms Simplex.Simplex 5424:213779  timeout (SH 34829ms): Timed out
0.sledgehammer goal.using     44161ms Simplex.Simplex 5662:223958  some (SH 44158ms, ATP 2375ms): Try this: by (smt (z3) \<open>\<not> \<unrhd>\<^sub>l\<^sub>b (lt dir2) (\<langle>\<V> (l' ! sp)\<rangle> xs) (LB dir2 (l' ! sp) xs)\<close> \<open>\<triangle> (\<T> (l' ! sp)) \<and> \<diamond> (l' ! sp) \<and> \<Turnstile>\<^sub>n\<^sub>o\<^sub>l\<^sub>h\<^sub>s (l' ! sp) \<and> \<nabla> (l' ! sp) \<and> l' ! sp \<succ>\<^sub>x (l' ! (sp + 1)) \<and> \<B>\<^sub>i (l' ! (sp + 1)) = \<B>\<^sub>i (l' ! sp) \<and> \<U>\<^sub>c (l' ! (sp + 1)) = \<U>\<^sub>c (l' ! sp)\<close> \<open>sp + 1 < length l' \<and> xr \<in> rvars (\<T> (l' ! sp)) \<and> xr \<in> lvars (\<T> (l' ! (sp + 1)))\<close> \<open>sp + 1 < length l' \<and> xs \<in> lvars (\<T> (l' ! sp)) \<and> xs \<in> rvars (\<T> (l' ! (sp + 1)))\<close> dir2 succ_min_rvar) (982 ms)
0.sledgehammer goal.using     44161ms Simplex.Simplex 5662:223958  some Preplay: (smt (z3) \<open>\<not> \<unrhd>\<^sub>l\<^sub>b (lt dir2) (\<langle>\<V> (l' ! sp)\<rangle> xs) (LB dir2 (l' ! sp) xs)\<close> \<open>\<triangle> (\<T> (l' ! sp)) \<and> \<diamond> (l' ! sp) \<and> \<Turnstile>\<^sub>n\<^sub>o\<^sub>l\<^sub>h\<^sub>s (l' ! sp) \<and> \<nabla> (l' ! sp) \<and> l' ! sp \<succ>\<^sub>x (l' ! (sp + 1)) \<and> \<B>\<^sub>i (l' ! (sp + 1)) = \<B>\<^sub>i (l' ! sp) \<and> \<U>\<^sub>c (l' ! (sp + 1)) = \<U>\<^sub>c (l' ! sp)\<close> \<open>sp + 1 < length l' \<and> xr \<in> rvars (\<T> (l' ! sp)) \<and> xr \<in> lvars (\<T> (l' ! (sp + 1)))\<close> \<open>sp + 1 < length l' \<and> xs \<in> lvars (\<T> (l' ! sp)) \<and> xs \<in> rvars (\<T> (l' ! (sp + 1)))\<close> dir2 succ_min_rvar) (982 ms)
0.sledgehammer goal.using     44161ms Simplex.Simplex 5662:223958  some Preplay: (smt (cvc5, best) \<open>\<not> \<unrhd>\<^sub>l\<^sub>b (lt dir2) (\<langle>\<V> (l' ! sp)\<rangle> xs) (LB dir2 (l' ! sp) xs)\<close> \<open>\<triangle> (\<T> (l' ! sp)) \<and> \<diamond> (l' ! sp) \<and> \<Turnstile>\<^sub>n\<^sub>o\<^sub>l\<^sub>h\<^sub>s (l' ! sp) \<and> \<nabla> (l' ! sp) \<and> l' ! sp \<succ>\<^sub>x (l' ! (sp + 1)) \<and> \<B>\<^sub>i (l' ! (sp + 1)) = \<B>\<^sub>i (l' ! sp) \<and> \<U>\<^sub>c (l' ! (sp + 1)) = \<U>\<^sub>c (l' ! sp)\<close> \<open>sp + 1 < length l' \<and> xr \<in> rvars (\<T> (l' ! sp)) \<and> xr \<in> lvars (\<T> (l' ! (sp + 1)))\<close> \<open>sp + 1 < length l' \<and> xs \<in> lvars (\<T> (l' ! sp)) \<and> xs \<in> rvars (\<T> (l' ! (sp + 1)))\<close> dir2 succ_min_rvar) (> 1.0 s, timed out)
0.sledgehammer goal.using     44161ms Simplex.Simplex 5662:223958  some Preplay: (smt (cvc5, trigger_last) \<open>\<not> \<unrhd>\<^sub>l\<^sub>b (lt dir2) (\<langle>\<V> (l' ! sp)\<rangle> xs) (LB dir2 (l' ! sp) xs)\<close> \<open>\<triangle> (\<T> (l' ! sp)) \<and> \<diamond> (l' ! sp) \<and> \<Turnstile>\<^sub>n\<^sub>o\<^sub>l\<^sub>h\<^sub>s (l' ! sp) \<and> \<nabla> (l' ! sp) \<and> l' ! sp \<succ>\<^sub>x (l' ! (sp + 1)) \<and> \<B>\<^sub>i (l' ! (sp + 1)) = \<B>\<^sub>i (l' ! sp) \<and> \<U>\<^sub>c (l' ! (sp + 1)) = \<U>\<^sub>c (l' ! sp)\<close> \<open>sp + 1 < length l' \<and> xr \<in> rvars (\<T> (l' ! sp)) \<and> xr \<in> lvars (\<T> (l' ! (sp + 1)))\<close> \<open>sp + 1 < length l' \<and> xs \<in> lvars (\<T> (l' ! sp)) \<and> xs \<in> rvars (\<T> (l' ! (sp + 1)))\<close> dir2 succ_min_rvar) (> 1.0 s, timed out)
0.sledgehammer goal.using     44161ms Simplex.Simplex 5662:223958  some Preplay: (smt (cvc5, quant_saturate) \<open>\<not> \<unrhd>\<^sub>l\<^sub>b (lt dir2) (\<langle>\<V> (l' ! sp)\<rangle> xs) (LB dir2 (l' ! sp) xs)\<close> \<open>\<triangle> (\<T> (l' ! sp)) \<and> \<diamond> (l' ! sp) \<and> \<Turnstile>\<^sub>n\<^sub>o\<^sub>l\<^sub>h\<^sub>s (l' ! sp) \<and> \<nabla> (l' ! sp) \<and> l' ! sp \<succ>\<^sub>x (l' ! (sp + 1)) \<and> \<B>\<^sub>i (l' ! (sp + 1)) = \<B>\<^sub>i (l' ! sp) \<and> \<U>\<^sub>c (l' ! (sp + 1)) = \<U>\<^sub>c (l' ! sp)\<close> \<open>sp + 1 < length l' \<and> xr \<in> rvars (\<T> (l' ! sp)) \<and> xr \<in> lvars (\<T> (l' ! (sp + 1)))\<close> \<open>sp + 1 < length l' \<and> xs \<in> lvars (\<T> (l' ! sp)) \<and> xs \<in> rvars (\<T> (l' ! (sp + 1)))\<close> dir2 succ_min_rvar) (> 1.0 s, timed out)
0.sledgehammer goal.using     44161ms Simplex.Simplex 5662:223958  some Preplay: (smt (cvc5, trigger_max) \<open>\<not> \<unrhd>\<^sub>l\<^sub>b (lt dir2) (\<langle>\<V> (l' ! sp)\<rangle> xs) (LB dir2 (l' ! sp) xs)\<close> \<open>\<triangle> (\<T> (l' ! sp)) \<and> \<diamond> (l' ! sp) \<and> \<Turnstile>\<^sub>n\<^sub>o\<^sub>l\<^sub>h\<^sub>s (l' ! sp) \<and> \<nabla> (l' ! sp) \<and> l' ! sp \<succ>\<^sub>x (l' ! (sp + 1)) \<and> \<B>\<^sub>i (l' ! (sp + 1)) = \<B>\<^sub>i (l' ! sp) \<and> \<U>\<^sub>c (l' ! (sp + 1)) = \<U>\<^sub>c (l' ! sp)\<close> \<open>sp + 1 < length l' \<and> xr \<in> rvars (\<T> (l' ! sp)) \<and> xr \<in> lvars (\<T> (l' ! (sp + 1)))\<close> \<open>sp + 1 < length l' \<and> xs \<in> lvars (\<T> (l' ! sp)) \<and> xs \<in> rvars (\<T> (l' ! (sp + 1)))\<close> dir2 succ_min_rvar) (> 1.0 s, timed out)
0.sledgehammer goal.using     44161ms Simplex.Simplex 5662:223958  some Preplay: (smt (cvc5, trigger_relev) \<open>\<not> \<unrhd>\<^sub>l\<^sub>b (lt dir2) (\<langle>\<V> (l' ! sp)\<rangle> xs) (LB dir2 (l' ! sp) xs)\<close> \<open>\<triangle> (\<T> (l' ! sp)) \<and> \<diamond> (l' ! sp) \<and> \<Turnstile>\<^sub>n\<^sub>o\<^sub>l\<^sub>h\<^sub>s (l' ! sp) \<and> \<nabla> (l' ! sp) \<and> l' ! sp \<succ>\<^sub>x (l' ! (sp + 1)) \<and> \<B>\<^sub>i (l' ! (sp + 1)) = \<B>\<^sub>i (l' ! sp) \<and> \<U>\<^sub>c (l' ! (sp + 1)) = \<U>\<^sub>c (l' ! sp)\<close> \<open>sp + 1 < length l' \<and> xr \<in> rvars (\<T> (l' ! sp)) \<and> xr \<in> lvars (\<T> (l' ! (sp + 1)))\<close> \<open>sp + 1 < length l' \<and> xs \<in> lvars (\<T> (l' ! sp)) \<and> xs \<in> rvars (\<T> (l' ! (sp + 1)))\<close> dir2 succ_min_rvar) (> 1.0 s, timed out)
0.sledgehammer goal.using     44161ms Simplex.Simplex 5662:223958  some Preplay: (smt (cvc5, term_relev) \<open>\<not> \<unrhd>\<^sub>l\<^sub>b (lt dir2) (\<langle>\<V> (l' ! sp)\<rangle> xs) (LB dir2 (l' ! sp) xs)\<close> \<open>\<triangle> (\<T> (l' ! sp)) \<and> \<diamond> (l' ! sp) \<and> \<Turnstile>\<^sub>n\<^sub>o\<^sub>l\<^sub>h\<^sub>s (l' ! sp) \<and> \<nabla> (l' ! sp) \<and> l' ! sp \<succ>\<^sub>x (l' ! (sp + 1)) \<and> \<B>\<^sub>i (l' ! (sp + 1)) = \<B>\<^sub>i (l' ! sp) \<and> \<U>\<^sub>c (l' ! (sp + 1)) = \<U>\<^sub>c (l' ! sp)\<close> \<open>sp + 1 < length l' \<and> xr \<in> rvars (\<T> (l' ! sp)) \<and> xr \<in> lvars (\<T> (l' ! (sp + 1)))\<close> \<open>sp + 1 < length l' \<and> xs \<in> lvars (\<T> (l' ! sp)) \<and> xs \<in> rvars (\<T> (l' ! (sp + 1)))\<close> dir2 succ_min_rvar) (> 1.0 s, timed out)
0.sledgehammer goal.using     44161ms Simplex.Simplex 5662:223958  some Preplay: (smt (cvc5, noematch) \<open>\<not> \<unrhd>\<^sub>l\<^sub>b (lt dir2) (\<langle>\<V> (l' ! sp)\<rangle> xs) (LB dir2 (l' ! sp) xs)\<close> \<open>\<triangle> (\<T> (l' ! sp)) \<and> \<diamond> (l' ! sp) \<and> \<Turnstile>\<^sub>n\<^sub>o\<^sub>l\<^sub>h\<^sub>s (l' ! sp) \<and> \<nabla> (l' ! sp) \<and> l' ! sp \<succ>\<^sub>x (l' ! (sp + 1)) \<and> \<B>\<^sub>i (l' ! (sp + 1)) = \<B>\<^sub>i (l' ! sp) \<and> \<U>\<^sub>c (l' ! (sp + 1)) = \<U>\<^sub>c (l' ! sp)\<close> \<open>sp + 1 < length l' \<and> xr \<in> rvars (\<T> (l' ! sp)) \<and> xr \<in> lvars (\<T> (l' ! (sp + 1)))\<close> \<open>sp + 1 < length l' \<and> xs \<in> lvars (\<T> (l' ! sp)) \<and> xs \<in> rvars (\<T> (l' ! (sp + 1)))\<close> dir2 succ_min_rvar) (> 1.0 s, timed out)
0.sledgehammer goal.using     44161ms Simplex.Simplex 5662:223958  some Preplay: (smt (cvc5, fmf) \<open>\<not> \<unrhd>\<^sub>l\<^sub>b (lt dir2) (\<langle>\<V> (l' ! sp)\<rangle> xs) (LB dir2 (l' ! sp) xs)\<close> \<open>\<triangle> (\<T> (l' ! sp)) \<and> \<diamond> (l' ! sp) \<and> \<Turnstile>\<^sub>n\<^sub>o\<^sub>l\<^sub>h\<^sub>s (l' ! sp) \<and> \<nabla> (l' ! sp) \<and> l' ! sp \<succ>\<^sub>x (l' ! (sp + 1)) \<and> \<B>\<^sub>i (l' ! (sp + 1)) = \<B>\<^sub>i (l' ! sp) \<and> \<U>\<^sub>c (l' ! (sp + 1)) = \<U>\<^sub>c (l' ! sp)\<close> \<open>sp + 1 < length l' \<and> xr \<in> rvars (\<T> (l' ! sp)) \<and> xr \<in> lvars (\<T> (l' ! (sp + 1)))\<close> \<open>sp + 1 < length l' \<and> xs \<in> lvars (\<T> (l' ! sp)) \<and> xs \<in> rvars (\<T> (l' ! (sp + 1)))\<close> dir2 succ_min_rvar) (> 1.0 s, timed out)
0.sledgehammer goal.using     44161ms Simplex.Simplex 5662:223958  some Preplay: (smt (cvc5, no_simp) \<open>\<not> \<unrhd>\<^sub>l\<^sub>b (lt dir2) (\<langle>\<V> (l' ! sp)\<rangle> xs) (LB dir2 (l' ! sp) xs)\<close> \<open>\<triangle> (\<T> (l' ! sp)) \<and> \<diamond> (l' ! sp) \<and> \<Turnstile>\<^sub>n\<^sub>o\<^sub>l\<^sub>h\<^sub>s (l' ! sp) \<and> \<nabla> (l' ! sp) \<and> l' ! sp \<succ>\<^sub>x (l' ! (sp + 1)) \<and> \<B>\<^sub>i (l' ! (sp + 1)) = \<B>\<^sub>i (l' ! sp) \<and> \<U>\<^sub>c (l' ! (sp + 1)) = \<U>\<^sub>c (l' ! sp)\<close> \<open>sp + 1 < length l' \<and> xr \<in> rvars (\<T> (l' ! sp)) \<and> xr \<in> lvars (\<T> (l' ! (sp + 1)))\<close> \<open>sp + 1 < length l' \<and> xs \<in> lvars (\<T> (l' ! sp)) \<and> xs \<in> rvars (\<T> (l' ! (sp + 1)))\<close> dir2 succ_min_rvar) (> 1.0 s, timed out)
0.sledgehammer goal.using     44161ms Simplex.Simplex 5662:223958  some Preplay: (smt (verit) \<open>\<not> \<unrhd>\<^sub>l\<^sub>b (lt dir2) (\<langle>\<V> (l' ! sp)\<rangle> xs) (LB dir2 (l' ! sp) xs)\<close> \<open>\<triangle> (\<T> (l' ! sp)) \<and> \<diamond> (l' ! sp) \<and> \<Turnstile>\<^sub>n\<^sub>o\<^sub>l\<^sub>h\<^sub>s (l' ! sp) \<and> \<nabla> (l' ! sp) \<and> l' ! sp \<succ>\<^sub>x (l' ! (sp + 1)) \<and> \<B>\<^sub>i (l' ! (sp + 1)) = \<B>\<^sub>i (l' ! sp) \<and> \<U>\<^sub>c (l' ! (sp + 1)) = \<U>\<^sub>c (l' ! sp)\<close> \<open>sp + 1 < length l' \<and> xr \<in> rvars (\<T> (l' ! sp)) \<and> xr \<in> lvars (\<T> (l' ! (sp + 1)))\<close> \<open>sp + 1 < length l' \<and> xs \<in> lvars (\<T> (l' ! sp)) \<and> xs \<in> rvars (\<T> (l' ! (sp + 1)))\<close> dir2 succ_min_rvar) (> 1.0 s, timed out)
0.sledgehammer goal.using     44161ms Simplex.Simplex 5662:223958  some Preplay: (smt (verit, del_insts) \<open>\<not> \<unrhd>\<^sub>l\<^sub>b (lt dir2) (\<langle>\<V> (l' ! sp)\<rangle> xs) (LB dir2 (l' ! sp) xs)\<close> \<open>\<triangle> (\<T> (l' ! sp)) \<and> \<diamond> (l' ! sp) \<and> \<Turnstile>\<^sub>n\<^sub>o\<^sub>l\<^sub>h\<^sub>s (l' ! sp) \<and> \<nabla> (l' ! sp) \<and> l' ! sp \<succ>\<^sub>x (l' ! (sp + 1)) \<and> \<B>\<^sub>i (l' ! (sp + 1)) = \<B>\<^sub>i (l' ! sp) \<and> \<U>\<^sub>c (l' ! (sp + 1)) = \<U>\<^sub>c (l' ! sp)\<close> \<open>sp + 1 < length l' \<and> xr \<in> rvars (\<T> (l' ! sp)) \<and> xr \<in> lvars (\<T> (l' ! (sp + 1)))\<close> \<open>sp + 1 < length l' \<and> xs \<in> lvars (\<T> (l' ! sp)) \<and> xs \<in> rvars (\<T> (l' ! (sp + 1)))\<close> dir2 succ_min_rvar) (> 1.0 s, timed out)
0.sledgehammer goal.using     44161ms Simplex.Simplex 5662:223958  some Preplay: (smt (verit, ccfv_SIG) \<open>\<not> \<unrhd>\<^sub>l\<^sub>b (lt dir2) (\<langle>\<V> (l' ! sp)\<rangle> xs) (LB dir2 (l' ! sp) xs)\<close> \<open>\<triangle> (\<T> (l' ! sp)) \<and> \<diamond> (l' ! sp) \<and> \<Turnstile>\<^sub>n\<^sub>o\<^sub>l\<^sub>h\<^sub>s (l' ! sp) \<and> \<nabla> (l' ! sp) \<and> l' ! sp \<succ>\<^sub>x (l' ! (sp + 1)) \<and> \<B>\<^sub>i (l' ! (sp + 1)) = \<B>\<^sub>i (l' ! sp) \<and> \<U>\<^sub>c (l' ! (sp + 1)) = \<U>\<^sub>c (l' ! sp)\<close> \<open>sp + 1 < length l' \<and> xr \<in> rvars (\<T> (l' ! sp)) \<and> xr \<in> lvars (\<T> (l' ! (sp + 1)))\<close> \<open>sp + 1 < length l' \<and> xs \<in> lvars (\<T> (l' ! sp)) \<and> xs \<in> rvars (\<T> (l' ! (sp + 1)))\<close> dir2 succ_min_rvar) (> 1.0 s, timed out)
0.sledgehammer goal.using     44161ms Simplex.Simplex 5662:223958  some Preplay: (smt (verit, ccfv_threshold) \<open>\<not> \<unrhd>\<^sub>l\<^sub>b (lt dir2) (\<langle>\<V> (l' ! sp)\<rangle> xs) (LB dir2 (l' ! sp) xs)\<close> \<open>\<triangle> (\<T> (l' ! sp)) \<and> \<diamond> (l' ! sp) \<and> \<Turnstile>\<^sub>n\<^sub>o\<^sub>l\<^sub>h\<^sub>s (l' ! sp) \<and> \<nabla> (l' ! sp) \<and> l' ! sp \<succ>\<^sub>x (l' ! (sp + 1)) \<and> \<B>\<^sub>i (l' ! (sp + 1)) = \<B>\<^sub>i (l' ! sp) \<and> \<U>\<^sub>c (l' ! (sp + 1)) = \<U>\<^sub>c (l' ! sp)\<close> \<open>sp + 1 < length l' \<and> xr \<in> rvars (\<T> (l' ! sp)) \<and> xr \<in> lvars (\<T> (l' ! (sp + 1)))\<close> \<open>sp + 1 < length l' \<and> xs \<in> lvars (\<T> (l' ! sp)) \<and> xs \<in> rvars (\<T> (l' ! (sp + 1)))\<close> dir2 succ_min_rvar) (> 1.0 s, timed out)
0.sledgehammer goal.using     44161ms Simplex.Simplex 5662:223958  some Preplay: (smt (verit, best) \<open>\<not> \<unrhd>\<^sub>l\<^sub>b (lt dir2) (\<langle>\<V> (l' ! sp)\<rangle> xs) (LB dir2 (l' ! sp) xs)\<close> \<open>\<triangle> (\<T> (l' ! sp)) \<and> \<diamond> (l' ! sp) \<and> \<Turnstile>\<^sub>n\<^sub>o\<^sub>l\<^sub>h\<^sub>s (l' ! sp) \<and> \<nabla> (l' ! sp) \<and> l' ! sp \<succ>\<^sub>x (l' ! (sp + 1)) \<and> \<B>\<^sub>i (l' ! (sp + 1)) = \<B>\<^sub>i (l' ! sp) \<and> \<U>\<^sub>c (l' ! (sp + 1)) = \<U>\<^sub>c (l' ! sp)\<close> \<open>sp + 1 < length l' \<and> xr \<in> rvars (\<T> (l' ! sp)) \<and> xr \<in> lvars (\<T> (l' ! (sp + 1)))\<close> \<open>sp + 1 < length l' \<and> xs \<in> lvars (\<T> (l' ! sp)) \<and> xs \<in> rvars (\<T> (l' ! (sp + 1)))\<close> dir2 succ_min_rvar) (> 1.0 s, timed out)
0.sledgehammer goal.using     36014ms Simplex.Simplex 5663:224028  some (SH 36011ms, ATP 2367ms): Try this: by (smt (z3) \<open>\<triangle> (\<T> (l' ! sp)) \<and> \<diamond> (l' ! sp) \<and> \<Turnstile>\<^sub>n\<^sub>o\<^sub>l\<^sub>h\<^sub>s (l' ! sp) \<and> \<nabla> (l' ! sp) \<and> l' ! sp \<succ>\<^sub>x (l' ! (sp + 1)) \<and> \<B>\<^sub>i (l' ! (sp + 1)) = \<B>\<^sub>i (l' ! sp) \<and> \<U>\<^sub>c (l' ! (sp + 1)) = \<U>\<^sub>c (l' ! sp)\<close> \<open>sp + 1 < length l' \<and> xr \<in> rvars (\<T> (l' ! sp)) \<and> xr \<in> lvars (\<T> (l' ! (sp + 1)))\<close> \<open>sp + 1 < length l' \<and> xs \<in> lvars (\<T> (l' ! sp)) \<and> xs \<in> rvars (\<T> (l' ! (sp + 1)))\<close> dir2 succ_min_rvar) (595 ms)
0.sledgehammer goal.using     36014ms Simplex.Simplex 5663:224028  some Preplay: (smt (z3) \<open>\<triangle> (\<T> (l' ! sp)) \<and> \<diamond> (l' ! sp) \<and> \<Turnstile>\<^sub>n\<^sub>o\<^sub>l\<^sub>h\<^sub>s (l' ! sp) \<and> \<nabla> (l' ! sp) \<and> l' ! sp \<succ>\<^sub>x (l' ! (sp + 1)) \<and> \<B>\<^sub>i (l' ! (sp + 1)) = \<B>\<^sub>i (l' ! sp) \<and> \<U>\<^sub>c (l' ! (sp + 1)) = \<U>\<^sub>c (l' ! sp)\<close> \<open>sp + 1 < length l' \<and> xr \<in> rvars (\<T> (l' ! sp)) \<and> xr \<in> lvars (\<T> (l' ! (sp + 1)))\<close> \<open>sp + 1 < length l' \<and> xs \<in> lvars (\<T> (l' ! sp)) \<and> xs \<in> rvars (\<T> (l' ! (sp + 1)))\<close> dir2 succ_min_rvar) (595 ms)
0.sledgehammer goal.using     36014ms Simplex.Simplex 5663:224028  some Preplay: (smt (cvc5, term_relev) \<open>\<triangle> (\<T> (l' ! sp)) \<and> \<diamond> (l' ! sp) \<and> \<Turnstile>\<^sub>n\<^sub>o\<^sub>l\<^sub>h\<^sub>s (l' ! sp) \<and> \<nabla> (l' ! sp) \<and> l' ! sp \<succ>\<^sub>x (l' ! (sp + 1)) \<and> \<B>\<^sub>i (l' ! (sp + 1)) = \<B>\<^sub>i (l' ! sp) \<and> \<U>\<^sub>c (l' ! (sp + 1)) = \<U>\<^sub>c (l' ! sp)\<close> \<open>sp + 1 < length l' \<and> xr \<in> rvars (\<T> (l' ! sp)) \<and> xr \<in> lvars (\<T> (l' ! (sp + 1)))\<close> \<open>sp + 1 < length l' \<and> xs \<in> lvars (\<T> (l' ! sp)) \<and> xs \<in> rvars (\<T> (l' ! (sp + 1)))\<close> dir2 succ_min_rvar) (5.8 s)
0.sledgehammer goal.using     36014ms Simplex.Simplex 5663:224028  some Preplay: (smt (cvc5, best) \<open>\<triangle> (\<T> (l' ! sp)) \<and> \<diamond> (l' ! sp) \<and> \<Turnstile>\<^sub>n\<^sub>o\<^sub>l\<^sub>h\<^sub>s (l' ! sp) \<and> \<nabla> (l' ! sp) \<and> l' ! sp \<succ>\<^sub>x (l' ! (sp + 1)) \<and> \<B>\<^sub>i (l' ! (sp + 1)) = \<B>\<^sub>i (l' ! sp) \<and> \<U>\<^sub>c (l' ! (sp + 1)) = \<U>\<^sub>c (l' ! sp)\<close> \<open>sp + 1 < length l' \<and> xr \<in> rvars (\<T> (l' ! sp)) \<and> xr \<in> lvars (\<T> (l' ! (sp + 1)))\<close> \<open>sp + 1 < length l' \<and> xs \<in> lvars (\<T> (l' ! sp)) \<and> xs \<in> rvars (\<T> (l' ! (sp + 1)))\<close> dir2 succ_min_rvar) (> 1.0 s, timed out)
0.sledgehammer goal.using     36014ms Simplex.Simplex 5663:224028  some Preplay: (smt (cvc5, trigger_last) \<open>\<triangle> (\<T> (l' ! sp)) \<and> \<diamond> (l' ! sp) \<and> \<Turnstile>\<^sub>n\<^sub>o\<^sub>l\<^sub>h\<^sub>s (l' ! sp) \<and> \<nabla> (l' ! sp) \<and> l' ! sp \<succ>\<^sub>x (l' ! (sp + 1)) \<and> \<B>\<^sub>i (l' ! (sp + 1)) = \<B>\<^sub>i (l' ! sp) \<and> \<U>\<^sub>c (l' ! (sp + 1)) = \<U>\<^sub>c (l' ! sp)\<close> \<open>sp + 1 < length l' \<and> xr \<in> rvars (\<T> (l' ! sp)) \<and> xr \<in> lvars (\<T> (l' ! (sp + 1)))\<close> \<open>sp + 1 < length l' \<and> xs \<in> lvars (\<T> (l' ! sp)) \<and> xs \<in> rvars (\<T> (l' ! (sp + 1)))\<close> dir2 succ_min_rvar) (> 1.0 s, timed out)
0.sledgehammer goal.using     36014ms Simplex.Simplex 5663:224028  some Preplay: (smt (cvc5, quant_saturate) \<open>\<triangle> (\<T> (l' ! sp)) \<and> \<diamond> (l' ! sp) \<and> \<Turnstile>\<^sub>n\<^sub>o\<^sub>l\<^sub>h\<^sub>s (l' ! sp) \<and> \<nabla> (l' ! sp) \<and> l' ! sp \<succ>\<^sub>x (l' ! (sp + 1)) \<and> \<B>\<^sub>i (l' ! (sp + 1)) = \<B>\<^sub>i (l' ! sp) \<and> \<U>\<^sub>c (l' ! (sp + 1)) = \<U>\<^sub>c (l' ! sp)\<close> \<open>sp + 1 < length l' \<and> xr \<in> rvars (\<T> (l' ! sp)) \<and> xr \<in> lvars (\<T> (l' ! (sp + 1)))\<close> \<open>sp + 1 < length l' \<and> xs \<in> lvars (\<T> (l' ! sp)) \<and> xs \<in> rvars (\<T> (l' ! (sp + 1)))\<close> dir2 succ_min_rvar) (> 1.0 s, timed out)
0.sledgehammer goal.using     36014ms Simplex.Simplex 5663:224028  some Preplay: (smt (cvc5, trigger_max) \<open>\<triangle> (\<T> (l' ! sp)) \<and> \<diamond> (l' ! sp) \<and> \<Turnstile>\<^sub>n\<^sub>o\<^sub>l\<^sub>h\<^sub>s (l' ! sp) \<and> \<nabla> (l' ! sp) \<and> l' ! sp \<succ>\<^sub>x (l' ! (sp + 1)) \<and> \<B>\<^sub>i (l' ! (sp + 1)) = \<B>\<^sub>i (l' ! sp) \<and> \<U>\<^sub>c (l' ! (sp + 1)) = \<U>\<^sub>c (l' ! sp)\<close> \<open>sp + 1 < length l' \<and> xr \<in> rvars (\<T> (l' ! sp)) \<and> xr \<in> lvars (\<T> (l' ! (sp + 1)))\<close> \<open>sp + 1 < length l' \<and> xs \<in> lvars (\<T> (l' ! sp)) \<and> xs \<in> rvars (\<T> (l' ! (sp + 1)))\<close> dir2 succ_min_rvar) (> 1.0 s, timed out)
0.sledgehammer goal.using     36014ms Simplex.Simplex 5663:224028  some Preplay: (smt (cvc5, trigger_relev) \<open>\<triangle> (\<T> (l' ! sp)) \<and> \<diamond> (l' ! sp) \<and> \<Turnstile>\<^sub>n\<^sub>o\<^sub>l\<^sub>h\<^sub>s (l' ! sp) \<and> \<nabla> (l' ! sp) \<and> l' ! sp \<succ>\<^sub>x (l' ! (sp + 1)) \<and> \<B>\<^sub>i (l' ! (sp + 1)) = \<B>\<^sub>i (l' ! sp) \<and> \<U>\<^sub>c (l' ! (sp + 1)) = \<U>\<^sub>c (l' ! sp)\<close> \<open>sp + 1 < length l' \<and> xr \<in> rvars (\<T> (l' ! sp)) \<and> xr \<in> lvars (\<T> (l' ! (sp + 1)))\<close> \<open>sp + 1 < length l' \<and> xs \<in> lvars (\<T> (l' ! sp)) \<and> xs \<in> rvars (\<T> (l' ! (sp + 1)))\<close> dir2 succ_min_rvar) (> 1.0 s, timed out)
0.sledgehammer goal.using     36014ms Simplex.Simplex 5663:224028  some Preplay: (smt (cvc5, noematch) \<open>\<triangle> (\<T> (l' ! sp)) \<and> \<diamond> (l' ! sp) \<and> \<Turnstile>\<^sub>n\<^sub>o\<^sub>l\<^sub>h\<^sub>s (l' ! sp) \<and> \<nabla> (l' ! sp) \<and> l' ! sp \<succ>\<^sub>x (l' ! (sp + 1)) \<and> \<B>\<^sub>i (l' ! (sp + 1)) = \<B>\<^sub>i (l' ! sp) \<and> \<U>\<^sub>c (l' ! (sp + 1)) = \<U>\<^sub>c (l' ! sp)\<close> \<open>sp + 1 < length l' \<and> xr \<in> rvars (\<T> (l' ! sp)) \<and> xr \<in> lvars (\<T> (l' ! (sp + 1)))\<close> \<open>sp + 1 < length l' \<and> xs \<in> lvars (\<T> (l' ! sp)) \<and> xs \<in> rvars (\<T> (l' ! (sp + 1)))\<close> dir2 succ_min_rvar) (> 1.0 s, timed out)
0.sledgehammer goal.using     36014ms Simplex.Simplex 5663:224028  some Preplay: (smt (cvc5, fmf) \<open>\<triangle> (\<T> (l' ! sp)) \<and> \<diamond> (l' ! sp) \<and> \<Turnstile>\<^sub>n\<^sub>o\<^sub>l\<^sub>h\<^sub>s (l' ! sp) \<and> \<nabla> (l' ! sp) \<and> l' ! sp \<succ>\<^sub>x (l' ! (sp + 1)) \<and> \<B>\<^sub>i (l' ! (sp + 1)) = \<B>\<^sub>i (l' ! sp) \<and> \<U>\<^sub>c (l' ! (sp + 1)) = \<U>\<^sub>c (l' ! sp)\<close> \<open>sp + 1 < length l' \<and> xr \<in> rvars (\<T> (l' ! sp)) \<and> xr \<in> lvars (\<T> (l' ! (sp + 1)))\<close> \<open>sp + 1 < length l' \<and> xs \<in> lvars (\<T> (l' ! sp)) \<and> xs \<in> rvars (\<T> (l' ! (sp + 1)))\<close> dir2 succ_min_rvar) (> 1.0 s, timed out)
0.sledgehammer goal.using     36014ms Simplex.Simplex 5663:224028  some Preplay: (smt (cvc5, no_simp) \<open>\<triangle> (\<T> (l' ! sp)) \<and> \<diamond> (l' ! sp) \<and> \<Turnstile>\<^sub>n\<^sub>o\<^sub>l\<^sub>h\<^sub>s (l' ! sp) \<and> \<nabla> (l' ! sp) \<and> l' ! sp \<succ>\<^sub>x (l' ! (sp + 1)) \<and> \<B>\<^sub>i (l' ! (sp + 1)) = \<B>\<^sub>i (l' ! sp) \<and> \<U>\<^sub>c (l' ! (sp + 1)) = \<U>\<^sub>c (l' ! sp)\<close> \<open>sp + 1 < length l' \<and> xr \<in> rvars (\<T> (l' ! sp)) \<and> xr \<in> lvars (\<T> (l' ! (sp + 1)))\<close> \<open>sp + 1 < length l' \<and> xs \<in> lvars (\<T> (l' ! sp)) \<and> xs \<in> rvars (\<T> (l' ! (sp + 1)))\<close> dir2 succ_min_rvar) (> 1.0 s, timed out)
0.sledgehammer goal.using     36014ms Simplex.Simplex 5663:224028  some Preplay: (smt (verit) \<open>\<triangle> (\<T> (l' ! sp)) \<and> \<diamond> (l' ! sp) \<and> \<Turnstile>\<^sub>n\<^sub>o\<^sub>l\<^sub>h\<^sub>s (l' ! sp) \<and> \<nabla> (l' ! sp) \<and> l' ! sp \<succ>\<^sub>x (l' ! (sp + 1)) \<and> \<B>\<^sub>i (l' ! (sp + 1)) = \<B>\<^sub>i (l' ! sp) \<and> \<U>\<^sub>c (l' ! (sp + 1)) = \<U>\<^sub>c (l' ! sp)\<close> \<open>sp + 1 < length l' \<and> xr \<in> rvars (\<T> (l' ! sp)) \<and> xr \<in> lvars (\<T> (l' ! (sp + 1)))\<close> \<open>sp + 1 < length l' \<and> xs \<in> lvars (\<T> (l' ! sp)) \<and> xs \<in> rvars (\<T> (l' ! (sp + 1)))\<close> dir2 succ_min_rvar) (> 1.0 s, timed out)
0.sledgehammer goal.using     36014ms Simplex.Simplex 5663:224028  some Preplay: (smt (verit, del_insts) \<open>\<triangle> (\<T> (l' ! sp)) \<and> \<diamond> (l' ! sp) \<and> \<Turnstile>\<^sub>n\<^sub>o\<^sub>l\<^sub>h\<^sub>s (l' ! sp) \<and> \<nabla> (l' ! sp) \<and> l' ! sp \<succ>\<^sub>x (l' ! (sp + 1)) \<and> \<B>\<^sub>i (l' ! (sp + 1)) = \<B>\<^sub>i (l' ! sp) \<and> \<U>\<^sub>c (l' ! (sp + 1)) = \<U>\<^sub>c (l' ! sp)\<close> \<open>sp + 1 < length l' \<and> xr \<in> rvars (\<T> (l' ! sp)) \<and> xr \<in> lvars (\<T> (l' ! (sp + 1)))\<close> \<open>sp + 1 < length l' \<and> xs \<in> lvars (\<T> (l' ! sp)) \<and> xs \<in> rvars (\<T> (l' ! (sp + 1)))\<close> dir2 succ_min_rvar) (> 1.0 s, timed out)
0.sledgehammer goal.using     36014ms Simplex.Simplex 5663:224028  some Preplay: (smt (verit, ccfv_SIG) \<open>\<triangle> (\<T> (l' ! sp)) \<and> \<diamond> (l' ! sp) \<and> \<Turnstile>\<^sub>n\<^sub>o\<^sub>l\<^sub>h\<^sub>s (l' ! sp) \<and> \<nabla> (l' ! sp) \<and> l' ! sp \<succ>\<^sub>x (l' ! (sp + 1)) \<and> \<B>\<^sub>i (l' ! (sp + 1)) = \<B>\<^sub>i (l' ! sp) \<and> \<U>\<^sub>c (l' ! (sp + 1)) = \<U>\<^sub>c (l' ! sp)\<close> \<open>sp + 1 < length l' \<and> xr \<in> rvars (\<T> (l' ! sp)) \<and> xr \<in> lvars (\<T> (l' ! (sp + 1)))\<close> \<open>sp + 1 < length l' \<and> xs \<in> lvars (\<T> (l' ! sp)) \<and> xs \<in> rvars (\<T> (l' ! (sp + 1)))\<close> dir2 succ_min_rvar) (> 1.0 s, timed out)
0.sledgehammer goal.using     36014ms Simplex.Simplex 5663:224028  some Preplay: (smt (verit, ccfv_threshold) \<open>\<triangle> (\<T> (l' ! sp)) \<and> \<diamond> (l' ! sp) \<and> \<Turnstile>\<^sub>n\<^sub>o\<^sub>l\<^sub>h\<^sub>s (l' ! sp) \<and> \<nabla> (l' ! sp) \<and> l' ! sp \<succ>\<^sub>x (l' ! (sp + 1)) \<and> \<B>\<^sub>i (l' ! (sp + 1)) = \<B>\<^sub>i (l' ! sp) \<and> \<U>\<^sub>c (l' ! (sp + 1)) = \<U>\<^sub>c (l' ! sp)\<close> \<open>sp + 1 < length l' \<and> xr \<in> rvars (\<T> (l' ! sp)) \<and> xr \<in> lvars (\<T> (l' ! (sp + 1)))\<close> \<open>sp + 1 < length l' \<and> xs \<in> lvars (\<T> (l' ! sp)) \<and> xs \<in> rvars (\<T> (l' ! (sp + 1)))\<close> dir2 succ_min_rvar) (> 1.0 s, timed out)
0.sledgehammer goal.using     36014ms Simplex.Simplex 5663:224028  some Preplay: (smt (verit, best) \<open>\<triangle> (\<T> (l' ! sp)) \<and> \<diamond> (l' ! sp) \<and> \<Turnstile>\<^sub>n\<^sub>o\<^sub>l\<^sub>h\<^sub>s (l' ! sp) \<and> \<nabla> (l' ! sp) \<and> l' ! sp \<succ>\<^sub>x (l' ! (sp + 1)) \<and> \<B>\<^sub>i (l' ! (sp + 1)) = \<B>\<^sub>i (l' ! sp) \<and> \<U>\<^sub>c (l' ! (sp + 1)) = \<U>\<^sub>c (l' ! sp)\<close> \<open>sp + 1 < length l' \<and> xr \<in> rvars (\<T> (l' ! sp)) \<and> xr \<in> lvars (\<T> (l' ! (sp + 1)))\<close> \<open>sp + 1 < length l' \<and> xs \<in> lvars (\<T> (l' ! sp)) \<and> xs \<in> rvars (\<T> (l' ! (sp + 1)))\<close> dir2 succ_min_rvar) (> 1.0 s, timed out)
0.sledgehammer goal.using     39545ms Simplex.Simplex 5664:224078  some (SH 39542ms, ATP 2860ms): Try this: by (smt (z3) \<open>sp + 1 < length l' \<and> xr \<in> rvars (\<T> (l' ! sp)) \<and> xr \<in> lvars (\<T> (l' ! (sp + 1)))\<close> \<open>sp + 1 < length l' \<and> xs \<in> lvars (\<T> (l' ! sp)) \<and> xs \<in> rvars (\<T> (l' ! (sp + 1)))\<close> dir2 succ_min_rvar) (468 ms)
0.sledgehammer goal.using     39545ms Simplex.Simplex 5664:224078  some Preplay: (smt (z3) \<open>sp + 1 < length l' \<and> xr \<in> rvars (\<T> (l' ! sp)) \<and> xr \<in> lvars (\<T> (l' ! (sp + 1)))\<close> \<open>sp + 1 < length l' \<and> xs \<in> lvars (\<T> (l' ! sp)) \<and> xs \<in> rvars (\<T> (l' ! (sp + 1)))\<close> dir2 succ_min_rvar) (468 ms)
0.sledgehammer goal.using     39545ms Simplex.Simplex 5664:224078  some Preplay: (smt (cvc5, best) \<open>sp + 1 < length l' \<and> xr \<in> rvars (\<T> (l' ! sp)) \<and> xr \<in> lvars (\<T> (l' ! (sp + 1)))\<close> \<open>sp + 1 < length l' \<and> xs \<in> lvars (\<T> (l' ! sp)) \<and> xs \<in> rvars (\<T> (l' ! (sp + 1)))\<close> dir2 succ_min_rvar) (> 1.0 s, timed out)
0.sledgehammer goal.using     39545ms Simplex.Simplex 5664:224078  some Preplay: (smt (cvc5, trigger_last) \<open>sp + 1 < length l' \<and> xr \<in> rvars (\<T> (l' ! sp)) \<and> xr \<in> lvars (\<T> (l' ! (sp + 1)))\<close> \<open>sp + 1 < length l' \<and> xs \<in> lvars (\<T> (l' ! sp)) \<and> xs \<in> rvars (\<T> (l' ! (sp + 1)))\<close> dir2 succ_min_rvar) (> 1.0 s, timed out)
0.sledgehammer goal.using     39545ms Simplex.Simplex 5664:224078  some Preplay: (smt (cvc5, quant_saturate) \<open>sp + 1 < length l' \<and> xr \<in> rvars (\<T> (l' ! sp)) \<and> xr \<in> lvars (\<T> (l' ! (sp + 1)))\<close> \<open>sp + 1 < length l' \<and> xs \<in> lvars (\<T> (l' ! sp)) \<and> xs \<in> rvars (\<T> (l' ! (sp + 1)))\<close> dir2 succ_min_rvar) (> 1.0 s, timed out)
0.sledgehammer goal.using     39545ms Simplex.Simplex 5664:224078  some Preplay: (smt (cvc5, trigger_max) \<open>sp + 1 < length l' \<and> xr \<in> rvars (\<T> (l' ! sp)) \<and> xr \<in> lvars (\<T> (l' ! (sp + 1)))\<close> \<open>sp + 1 < length l' \<and> xs \<in> lvars (\<T> (l' ! sp)) \<and> xs \<in> rvars (\<T> (l' ! (sp + 1)))\<close> dir2 succ_min_rvar) (> 1.0 s, timed out)
0.sledgehammer goal.using     39545ms Simplex.Simplex 5664:224078  some Preplay: (smt (cvc5, trigger_relev) \<open>sp + 1 < length l' \<and> xr \<in> rvars (\<T> (l' ! sp)) \<and> xr \<in> lvars (\<T> (l' ! (sp + 1)))\<close> \<open>sp + 1 < length l' \<and> xs \<in> lvars (\<T> (l' ! sp)) \<and> xs \<in> rvars (\<T> (l' ! (sp + 1)))\<close> dir2 succ_min_rvar) (> 1.0 s, timed out)
0.sledgehammer goal.using     39545ms Simplex.Simplex 5664:224078  some Preplay: (smt (cvc5, term_relev) \<open>sp + 1 < length l' \<and> xr \<in> rvars (\<T> (l' ! sp)) \<and> xr \<in> lvars (\<T> (l' ! (sp + 1)))\<close> \<open>sp + 1 < length l' \<and> xs \<in> lvars (\<T> (l' ! sp)) \<and> xs \<in> rvars (\<T> (l' ! (sp + 1)))\<close> dir2 succ_min_rvar) (> 1.0 s, timed out)
0.sledgehammer goal.using     39545ms Simplex.Simplex 5664:224078  some Preplay: (smt (cvc5, noematch) \<open>sp + 1 < length l' \<and> xr \<in> rvars (\<T> (l' ! sp)) \<and> xr \<in> lvars (\<T> (l' ! (sp + 1)))\<close> \<open>sp + 1 < length l' \<and> xs \<in> lvars (\<T> (l' ! sp)) \<and> xs \<in> rvars (\<T> (l' ! (sp + 1)))\<close> dir2 succ_min_rvar) (> 1.0 s, timed out)
0.sledgehammer goal.using     39545ms Simplex.Simplex 5664:224078  some Preplay: (smt (cvc5, fmf) \<open>sp + 1 < length l' \<and> xr \<in> rvars (\<T> (l' ! sp)) \<and> xr \<in> lvars (\<T> (l' ! (sp + 1)))\<close> \<open>sp + 1 < length l' \<and> xs \<in> lvars (\<T> (l' ! sp)) \<and> xs \<in> rvars (\<T> (l' ! (sp + 1)))\<close> dir2 succ_min_rvar) (> 1.0 s, timed out)
0.sledgehammer goal.using     39545ms Simplex.Simplex 5664:224078  some Preplay: (smt (cvc5, no_simp) \<open>sp + 1 < length l' \<and> xr \<in> rvars (\<T> (l' ! sp)) \<and> xr \<in> lvars (\<T> (l' ! (sp + 1)))\<close> \<open>sp + 1 < length l' \<and> xs \<in> lvars (\<T> (l' ! sp)) \<and> xs \<in> rvars (\<T> (l' ! (sp + 1)))\<close> dir2 succ_min_rvar) (> 1.0 s, timed out)
0.sledgehammer goal.using     39545ms Simplex.Simplex 5664:224078  some Preplay: (smt (verit) \<open>sp + 1 < length l' \<and> xr \<in> rvars (\<T> (l' ! sp)) \<and> xr \<in> lvars (\<T> (l' ! (sp + 1)))\<close> \<open>sp + 1 < length l' \<and> xs \<in> lvars (\<T> (l' ! sp)) \<and> xs \<in> rvars (\<T> (l' ! (sp + 1)))\<close> dir2 succ_min_rvar) (> 1.0 s, timed out)
0.sledgehammer goal.using     39545ms Simplex.Simplex 5664:224078  some Preplay: (smt (verit, del_insts) \<open>sp + 1 < length l' \<and> xr \<in> rvars (\<T> (l' ! sp)) \<and> xr \<in> lvars (\<T> (l' ! (sp + 1)))\<close> \<open>sp + 1 < length l' \<and> xs \<in> lvars (\<T> (l' ! sp)) \<and> xs \<in> rvars (\<T> (l' ! (sp + 1)))\<close> dir2 succ_min_rvar) (> 1.0 s, timed out)
0.sledgehammer goal.using     39545ms Simplex.Simplex 5664:224078  some Preplay: (smt (verit, ccfv_SIG) \<open>sp + 1 < length l' \<and> xr \<in> rvars (\<T> (l' ! sp)) \<and> xr \<in> lvars (\<T> (l' ! (sp + 1)))\<close> \<open>sp + 1 < length l' \<and> xs \<in> lvars (\<T> (l' ! sp)) \<and> xs \<in> rvars (\<T> (l' ! (sp + 1)))\<close> dir2 succ_min_rvar) (> 1.0 s, timed out)
0.sledgehammer goal.using     39545ms Simplex.Simplex 5664:224078  some Preplay: (smt (verit, ccfv_threshold) \<open>sp + 1 < length l' \<and> xr \<in> rvars (\<T> (l' ! sp)) \<and> xr \<in> lvars (\<T> (l' ! (sp + 1)))\<close> \<open>sp + 1 < length l' \<and> xs \<in> lvars (\<T> (l' ! sp)) \<and> xs \<in> rvars (\<T> (l' ! (sp + 1)))\<close> dir2 succ_min_rvar) (> 1.0 s, timed out)
0.sledgehammer goal.using     39545ms Simplex.Simplex 5664:224078  some Preplay: (smt (verit, best) \<open>sp + 1 < length l' \<and> xr \<in> rvars (\<T> (l' ! sp)) \<and> xr \<in> lvars (\<T> (l' ! (sp + 1)))\<close> \<open>sp + 1 < length l' \<and> xs \<in> lvars (\<T> (l' ! sp)) \<and> xs \<in> rvars (\<T> (l' ! (sp + 1)))\<close> dir2 succ_min_rvar) (> 1.0 s, timed out)
0.sledgehammer goal.using     37627ms Simplex.Simplex 5665:224138  some (SH 37625ms, ATP 2704ms): Try this: by (smt (z3) dir2 succ_min_rvar) (514 ms)
0.sledgehammer goal.using     37627ms Simplex.Simplex 5665:224138  some Preplay: (smt (z3) dir2 succ_min_rvar) (514 ms)
0.sledgehammer goal.using     37627ms Simplex.Simplex 5665:224138  some Preplay: (smt (cvc5, best) dir2 succ_min_rvar) (> 1.0 s, timed out)
0.sledgehammer goal.using     37627ms Simplex.Simplex 5665:224138  some Preplay: (smt (cvc5, trigger_last) dir2 succ_min_rvar) (> 1.0 s, timed out)
0.sledgehammer goal.using     37627ms Simplex.Simplex 5665:224138  some Preplay: (smt (cvc5, quant_saturate) dir2 succ_min_rvar) (> 1.0 s, timed out)
0.sledgehammer goal.using     37627ms Simplex.Simplex 5665:224138  some Preplay: (smt (cvc5, trigger_max) dir2 succ_min_rvar) (> 1.0 s, timed out)
0.sledgehammer goal.using     37627ms Simplex.Simplex 5665:224138  some Preplay: (smt (cvc5, trigger_relev) dir2 succ_min_rvar) (> 1.0 s, timed out)
0.sledgehammer goal.using     37627ms Simplex.Simplex 5665:224138  some Preplay: (smt (cvc5, term_relev) dir2 succ_min_rvar) (> 1.0 s, timed out)
0.sledgehammer goal.using     37627ms Simplex.Simplex 5665:224138  some Preplay: (smt (cvc5, noematch) dir2 succ_min_rvar) (> 1.0 s, timed out)
0.sledgehammer goal.using     37627ms Simplex.Simplex 5665:224138  some Preplay: (smt (cvc5, fmf) dir2 succ_min_rvar) (> 1.0 s, timed out)
0.sledgehammer goal.using     37627ms Simplex.Simplex 5665:224138  some Preplay: (smt (cvc5, no_simp) dir2 succ_min_rvar) (> 1.0 s, timed out)
0.sledgehammer goal.using     37627ms Simplex.Simplex 5665:224138  some Preplay: (smt (verit) dir2 succ_min_rvar) (> 1.0 s, timed out)
0.sledgehammer goal.using     37627ms Simplex.Simplex 5665:224138  some Preplay: (smt (verit, del_insts) dir2 succ_min_rvar) (> 1.0 s, timed out)
0.sledgehammer goal.using     37627ms Simplex.Simplex 5665:224138  some Preplay: (smt (verit, ccfv_SIG) dir2 succ_min_rvar) (> 1.0 s, timed out)
0.sledgehammer goal.using     37627ms Simplex.Simplex 5665:224138  some Preplay: (smt (verit, ccfv_threshold) dir2 succ_min_rvar) (> 1.0 s, timed out)
0.sledgehammer goal.using     37627ms Simplex.Simplex 5665:224138  some Preplay: (smt (verit, best) dir2 succ_min_rvar) (> 1.0 s, timed out)
0.sledgehammer goal.apply     68363ms Simplex.Simplex 5908:233123  some (SH 68360ms, ATP 2684ms): Try this: by (smt (cvc5) False Some \<open>\<lhd>\<^sub>l\<^sub>b (lt (if \<langle>\<V> s\<rangle> x\<^sub>i <\<^sub>l\<^sub>b \<B>\<^sub>l s x\<^sub>i then Positive else Negative)) (\<langle>\<V> s\<rangle> x\<^sub>i) (LB (if \<langle>\<V> s\<rangle> x\<^sub>i <\<^sub>l\<^sub>b \<B>\<^sub>l s x\<^sub>i then Positive else Negative) s x\<^sub>i)\<close> assms(3,4) check'_cases check.simps set_unsat_simps(5))
0.sledgehammer goal.apply     68363ms Simplex.Simplex 5908:233123  some Preplay: (smt (cvc5, best) False Some \<open>\<lhd>\<^sub>l\<^sub>b (lt (if \<langle>\<V> s\<rangle> x\<^sub>i <\<^sub>l\<^sub>b \<B>\<^sub>l s x\<^sub>i then Positive else Negative)) (\<langle>\<V> s\<rangle> x\<^sub>i) (LB (if \<langle>\<V> s\<rangle> x\<^sub>i <\<^sub>l\<^sub>b \<B>\<^sub>l s x\<^sub>i then Positive else Negative) s x\<^sub>i)\<close> assms(3,4) check'_cases check.simps set_unsat_simps(5)) (> 1.0 s, timed out)
0.sledgehammer goal.apply     68363ms Simplex.Simplex 5908:233123  some Preplay: (smt (cvc5, trigger_last) False Some \<open>\<lhd>\<^sub>l\<^sub>b (lt (if \<langle>\<V> s\<rangle> x\<^sub>i <\<^sub>l\<^sub>b \<B>\<^sub>l s x\<^sub>i then Positive else Negative)) (\<langle>\<V> s\<rangle> x\<^sub>i) (LB (if \<langle>\<V> s\<rangle> x\<^sub>i <\<^sub>l\<^sub>b \<B>\<^sub>l s x\<^sub>i then Positive else Negative) s x\<^sub>i)\<close> assms(3,4) check'_cases check.simps set_unsat_simps(5)) (> 1.0 s, timed out)
0.sledgehammer goal.apply     68363ms Simplex.Simplex 5908:233123  some Preplay: (smt (cvc5, quant_saturate) False Some \<open>\<lhd>\<^sub>l\<^sub>b (lt (if \<langle>\<V> s\<rangle> x\<^sub>i <\<^sub>l\<^sub>b \<B>\<^sub>l s x\<^sub>i then Positive else Negative)) (\<langle>\<V> s\<rangle> x\<^sub>i) (LB (if \<langle>\<V> s\<rangle> x\<^sub>i <\<^sub>l\<^sub>b \<B>\<^sub>l s x\<^sub>i then Positive else Negative) s x\<^sub>i)\<close> assms(3,4) check'_cases check.simps set_unsat_simps(5)) (> 1.0 s, timed out)
0.sledgehammer goal.apply     68363ms Simplex.Simplex 5908:233123  some Preplay: (smt (cvc5, trigger_max) False Some \<open>\<lhd>\<^sub>l\<^sub>b (lt (if \<langle>\<V> s\<rangle> x\<^sub>i <\<^sub>l\<^sub>b \<B>\<^sub>l s x\<^sub>i then Positive else Negative)) (\<langle>\<V> s\<rangle> x\<^sub>i) (LB (if \<langle>\<V> s\<rangle> x\<^sub>i <\<^sub>l\<^sub>b \<B>\<^sub>l s x\<^sub>i then Positive else Negative) s x\<^sub>i)\<close> assms(3,4) check'_cases check.simps set_unsat_simps(5)) (> 1.0 s, timed out)
0.sledgehammer goal.apply     68363ms Simplex.Simplex 5908:233123  some Preplay: (smt (cvc5, trigger_relev) False Some \<open>\<lhd>\<^sub>l\<^sub>b (lt (if \<langle>\<V> s\<rangle> x\<^sub>i <\<^sub>l\<^sub>b \<B>\<^sub>l s x\<^sub>i then Positive else Negative)) (\<langle>\<V> s\<rangle> x\<^sub>i) (LB (if \<langle>\<V> s\<rangle> x\<^sub>i <\<^sub>l\<^sub>b \<B>\<^sub>l s x\<^sub>i then Positive else Negative) s x\<^sub>i)\<close> assms(3,4) check'_cases check.simps set_unsat_simps(5)) (> 1.0 s, timed out)
0.sledgehammer goal.apply     68363ms Simplex.Simplex 5908:233123  some Preplay: (smt (cvc5, term_relev) False Some \<open>\<lhd>\<^sub>l\<^sub>b (lt (if \<langle>\<V> s\<rangle> x\<^sub>i <\<^sub>l\<^sub>b \<B>\<^sub>l s x\<^sub>i then Positive else Negative)) (\<langle>\<V> s\<rangle> x\<^sub>i) (LB (if \<langle>\<V> s\<rangle> x\<^sub>i <\<^sub>l\<^sub>b \<B>\<^sub>l s x\<^sub>i then Positive else Negative) s x\<^sub>i)\<close> assms(3,4) check'_cases check.simps set_unsat_simps(5)) (> 1.0 s, timed out)
0.sledgehammer goal.apply     68363ms Simplex.Simplex 5908:233123  some Preplay: (smt (cvc5, noematch) False Some \<open>\<lhd>\<^sub>l\<^sub>b (lt (if \<langle>\<V> s\<rangle> x\<^sub>i <\<^sub>l\<^sub>b \<B>\<^sub>l s x\<^sub>i then Positive else Negative)) (\<langle>\<V> s\<rangle> x\<^sub>i) (LB (if \<langle>\<V> s\<rangle> x\<^sub>i <\<^sub>l\<^sub>b \<B>\<^sub>l s x\<^sub>i then Positive else Negative) s x\<^sub>i)\<close> assms(3,4) check'_cases check.simps set_unsat_simps(5)) (> 1.0 s, timed out)
0.sledgehammer goal.apply     68363ms Simplex.Simplex 5908:233123  some Preplay: (smt (cvc5, fmf) False Some \<open>\<lhd>\<^sub>l\<^sub>b (lt (if \<langle>\<V> s\<rangle> x\<^sub>i <\<^sub>l\<^sub>b \<B>\<^sub>l s x\<^sub>i then Positive else Negative)) (\<langle>\<V> s\<rangle> x\<^sub>i) (LB (if \<langle>\<V> s\<rangle> x\<^sub>i <\<^sub>l\<^sub>b \<B>\<^sub>l s x\<^sub>i then Positive else Negative) s x\<^sub>i)\<close> assms(3,4) check'_cases check.simps set_unsat_simps(5)) (> 1.0 s, timed out)
0.sledgehammer goal.apply     68363ms Simplex.Simplex 5908:233123  some Preplay: (smt (cvc5, no_simp) False Some \<open>\<lhd>\<^sub>l\<^sub>b (lt (if \<langle>\<V> s\<rangle> x\<^sub>i <\<^sub>l\<^sub>b \<B>\<^sub>l s x\<^sub>i then Positive else Negative)) (\<langle>\<V> s\<rangle> x\<^sub>i) (LB (if \<langle>\<V> s\<rangle> x\<^sub>i <\<^sub>l\<^sub>b \<B>\<^sub>l s x\<^sub>i then Positive else Negative) s x\<^sub>i)\<close> assms(3,4) check'_cases check.simps set_unsat_simps(5)) (> 1.0 s, timed out)
0.sledgehammer goal.apply     68363ms Simplex.Simplex 5908:233123  some Preplay: (smt (z3) False Some \<open>\<lhd>\<^sub>l\<^sub>b (lt (if \<langle>\<V> s\<rangle> x\<^sub>i <\<^sub>l\<^sub>b \<B>\<^sub>l s x\<^sub>i then Positive else Negative)) (\<langle>\<V> s\<rangle> x\<^sub>i) (LB (if \<langle>\<V> s\<rangle> x\<^sub>i <\<^sub>l\<^sub>b \<B>\<^sub>l s x\<^sub>i then Positive else Negative) s x\<^sub>i)\<close> assms(3,4) check'_cases check.simps set_unsat_simps(5)) (> 1.0 s, timed out)
0.sledgehammer goal.apply     68363ms Simplex.Simplex 5908:233123  some Preplay: (smt (verit) False Some \<open>\<lhd>\<^sub>l\<^sub>b (lt (if \<langle>\<V> s\<rangle> x\<^sub>i <\<^sub>l\<^sub>b \<B>\<^sub>l s x\<^sub>i then Positive else Negative)) (\<langle>\<V> s\<rangle> x\<^sub>i) (LB (if \<langle>\<V> s\<rangle> x\<^sub>i <\<^sub>l\<^sub>b \<B>\<^sub>l s x\<^sub>i then Positive else Negative) s x\<^sub>i)\<close> assms(3,4) check'_cases check.simps set_unsat_simps(5)) (failed)
0.sledgehammer goal.apply     68363ms Simplex.Simplex 5908:233123  some Preplay: (smt (verit, del_insts) False Some \<open>\<lhd>\<^sub>l\<^sub>b (lt (if \<langle>\<V> s\<rangle> x\<^sub>i <\<^sub>l\<^sub>b \<B>\<^sub>l s x\<^sub>i then Positive else Negative)) (\<langle>\<V> s\<rangle> x\<^sub>i) (LB (if \<langle>\<V> s\<rangle> x\<^sub>i <\<^sub>l\<^sub>b \<B>\<^sub>l s x\<^sub>i then Positive else Negative) s x\<^sub>i)\<close> assms(3,4) check'_cases check.simps set_unsat_simps(5)) (failed)
0.sledgehammer goal.apply     68363ms Simplex.Simplex 5908:233123  some Preplay: (smt (verit, ccfv_SIG) False Some \<open>\<lhd>\<^sub>l\<^sub>b (lt (if \<langle>\<V> s\<rangle> x\<^sub>i <\<^sub>l\<^sub>b \<B>\<^sub>l s x\<^sub>i then Positive else Negative)) (\<langle>\<V> s\<rangle> x\<^sub>i) (LB (if \<langle>\<V> s\<rangle> x\<^sub>i <\<^sub>l\<^sub>b \<B>\<^sub>l s x\<^sub>i then Positive else Negative) s x\<^sub>i)\<close> assms(3,4) check'_cases check.simps set_unsat_simps(5)) (failed)
0.sledgehammer goal.apply     68363ms Simplex.Simplex 5908:233123  some Preplay: (smt (verit, ccfv_threshold) False Some \<open>\<lhd>\<^sub>l\<^sub>b (lt (if \<langle>\<V> s\<rangle> x\<^sub>i <\<^sub>l\<^sub>b \<B>\<^sub>l s x\<^sub>i then Positive else Negative)) (\<langle>\<V> s\<rangle> x\<^sub>i) (LB (if \<langle>\<V> s\<rangle> x\<^sub>i <\<^sub>l\<^sub>b \<B>\<^sub>l s x\<^sub>i then Positive else Negative) s x\<^sub>i)\<close> assms(3,4) check'_cases check.simps set_unsat_simps(5)) (failed)
0.sledgehammer goal.apply     68363ms Simplex.Simplex 5908:233123  some Preplay: (smt (verit, best) False Some \<open>\<lhd>\<^sub>l\<^sub>b (lt (if \<langle>\<V> s\<rangle> x\<^sub>i <\<^sub>l\<^sub>b \<B>\<^sub>l s x\<^sub>i then Positive else Negative)) (\<langle>\<V> s\<rangle> x\<^sub>i) (LB (if \<langle>\<V> s\<rangle> x\<^sub>i <\<^sub>l\<^sub>b \<B>\<^sub>l s x\<^sub>i then Positive else Negative) s x\<^sub>i)\<close> assms(3,4) check'_cases check.simps set_unsat_simps(5)) (failed)
0.sledgehammer goal.proof     26370ms Simplex.Simplex 5945:234516  timeout (SH 26368ms): Timed out
0.sledgehammer goal.using     136481ms Simplex.Simplex 5963:235444  some (SH 136478ms, ATP 1361ms): Try this: by (smt (z3) MinLVarNotInBounds.min_lvar_not_in_bounds_lvars MinLVarNotInBounds_axioms \<open>min_lvar_not_in_bounds s' = Some x\<^sub>i\<close> \<open>min_rvar_incdec dir s' x\<^sub>i = Inr x\<^sub>j\<close> min_rvar_incdec_eq_Some_rvars step' trans') (258 ms)
0.sledgehammer goal.using     136481ms Simplex.Simplex 5963:235444  some Preplay: (smt (z3) MinLVarNotInBounds.min_lvar_not_in_bounds_lvars MinLVarNotInBounds_axioms \<open>min_lvar_not_in_bounds s' = Some x\<^sub>i\<close> \<open>min_rvar_incdec dir s' x\<^sub>i = Inr x\<^sub>j\<close> min_rvar_incdec_eq_Some_rvars step' trans') (258 ms)
0.sledgehammer goal.using     136481ms Simplex.Simplex 5963:235444  some Preplay: (smt (verit, best) MinLVarNotInBounds.min_lvar_not_in_bounds_lvars MinLVarNotInBounds_axioms \<open>min_lvar_not_in_bounds s' = Some x\<^sub>i\<close> \<open>min_rvar_incdec dir s' x\<^sub>i = Inr x\<^sub>j\<close> min_rvar_incdec_eq_Some_rvars step' trans') (397 ms)
0.sledgehammer goal.using     136481ms Simplex.Simplex 5963:235444  some Preplay: (smt (verit, ccfv_threshold) MinLVarNotInBounds.min_lvar_not_in_bounds_lvars MinLVarNotInBounds_axioms \<open>min_lvar_not_in_bounds s' = Some x\<^sub>i\<close> \<open>min_rvar_incdec dir s' x\<^sub>i = Inr x\<^sub>j\<close> min_rvar_incdec_eq_Some_rvars step' trans') (496 ms)
0.sledgehammer goal.using     136481ms Simplex.Simplex 5963:235444  some Preplay: (smt (verit, del_insts) MinLVarNotInBounds.min_lvar_not_in_bounds_lvars MinLVarNotInBounds_axioms \<open>min_lvar_not_in_bounds s' = Some x\<^sub>i\<close> \<open>min_rvar_incdec dir s' x\<^sub>i = Inr x\<^sub>j\<close> min_rvar_incdec_eq_Some_rvars step' trans') (669 ms)
0.sledgehammer goal.using     136481ms Simplex.Simplex 5963:235444  some Preplay: (smt (verit, ccfv_SIG) MinLVarNotInBounds.min_lvar_not_in_bounds_lvars MinLVarNotInBounds_axioms \<open>min_lvar_not_in_bounds s' = Some x\<^sub>i\<close> \<open>min_rvar_incdec dir s' x\<^sub>i = Inr x\<^sub>j\<close> min_rvar_incdec_eq_Some_rvars step' trans') (922 ms)
0.sledgehammer goal.using     136481ms Simplex.Simplex 5963:235444  some Preplay: (smt (cvc5, trigger_last) MinLVarNotInBounds.min_lvar_not_in_bounds_lvars MinLVarNotInBounds_axioms \<open>min_lvar_not_in_bounds s' = Some x\<^sub>i\<close> \<open>min_rvar_incdec dir s' x\<^sub>i = Inr x\<^sub>j\<close> min_rvar_incdec_eq_Some_rvars step' trans') (928 ms)
0.sledgehammer goal.using     136481ms Simplex.Simplex 5963:235444  some Preplay: (smt (verit) MinLVarNotInBounds.min_lvar_not_in_bounds_lvars MinLVarNotInBounds_axioms \<open>min_lvar_not_in_bounds s' = Some x\<^sub>i\<close> \<open>min_rvar_incdec dir s' x\<^sub>i = Inr x\<^sub>j\<close> min_rvar_incdec_eq_Some_rvars step' trans') (1.1 s)
0.sledgehammer goal.using     136481ms Simplex.Simplex 5963:235444  some Preplay: (smt (cvc5, best) MinLVarNotInBounds.min_lvar_not_in_bounds_lvars MinLVarNotInBounds_axioms \<open>min_lvar_not_in_bounds s' = Some x\<^sub>i\<close> \<open>min_rvar_incdec dir s' x\<^sub>i = Inr x\<^sub>j\<close> min_rvar_incdec_eq_Some_rvars step' trans') (1.4 s)
0.sledgehammer goal.using     136481ms Simplex.Simplex 5963:235444  some Preplay: (smt (cvc5, trigger_max) MinLVarNotInBounds.min_lvar_not_in_bounds_lvars MinLVarNotInBounds_axioms \<open>min_lvar_not_in_bounds s' = Some x\<^sub>i\<close> \<open>min_rvar_incdec dir s' x\<^sub>i = Inr x\<^sub>j\<close> min_rvar_incdec_eq_Some_rvars step' trans') (1.5 s)
0.sledgehammer goal.using     136481ms Simplex.Simplex 5963:235444  some Preplay: (smt (cvc5, quant_saturate) MinLVarNotInBounds.min_lvar_not_in_bounds_lvars MinLVarNotInBounds_axioms \<open>min_lvar_not_in_bounds s' = Some x\<^sub>i\<close> \<open>min_rvar_incdec dir s' x\<^sub>i = Inr x\<^sub>j\<close> min_rvar_incdec_eq_Some_rvars step' trans') (1.6 s)
0.sledgehammer goal.using     136481ms Simplex.Simplex 5963:235444  some Preplay: (smt (cvc5, term_relev) MinLVarNotInBounds.min_lvar_not_in_bounds_lvars MinLVarNotInBounds_axioms \<open>min_lvar_not_in_bounds s' = Some x\<^sub>i\<close> \<open>min_rvar_incdec dir s' x\<^sub>i = Inr x\<^sub>j\<close> min_rvar_incdec_eq_Some_rvars step' trans') (1.6 s)
0.sledgehammer goal.using     136481ms Simplex.Simplex 5963:235444  some Preplay: (smt (cvc5, trigger_relev) MinLVarNotInBounds.min_lvar_not_in_bounds_lvars MinLVarNotInBounds_axioms \<open>min_lvar_not_in_bounds s' = Some x\<^sub>i\<close> \<open>min_rvar_incdec dir s' x\<^sub>i = Inr x\<^sub>j\<close> min_rvar_incdec_eq_Some_rvars step' trans') (1.6 s)
0.sledgehammer goal.using     136481ms Simplex.Simplex 5963:235444  some Preplay: (smt (cvc5, noematch) MinLVarNotInBounds.min_lvar_not_in_bounds_lvars MinLVarNotInBounds_axioms \<open>min_lvar_not_in_bounds s' = Some x\<^sub>i\<close> \<open>min_rvar_incdec dir s' x\<^sub>i = Inr x\<^sub>j\<close> min_rvar_incdec_eq_Some_rvars step' trans') (1.6 s)
0.sledgehammer goal.using     136481ms Simplex.Simplex 5963:235444  some Preplay: (smt (cvc5, fmf) MinLVarNotInBounds.min_lvar_not_in_bounds_lvars MinLVarNotInBounds_axioms \<open>min_lvar_not_in_bounds s' = Some x\<^sub>i\<close> \<open>min_rvar_incdec dir s' x\<^sub>i = Inr x\<^sub>j\<close> min_rvar_incdec_eq_Some_rvars step' trans') (1.7 s)
0.sledgehammer goal.using     136481ms Simplex.Simplex 5963:235444  some Preplay: (smt (cvc5, no_simp) MinLVarNotInBounds.min_lvar_not_in_bounds_lvars MinLVarNotInBounds_axioms \<open>min_lvar_not_in_bounds s' = Some x\<^sub>i\<close> \<open>min_rvar_incdec dir s' x\<^sub>i = Inr x\<^sub>j\<close> min_rvar_incdec_eq_Some_rvars step' trans') (1.8 s)
0.sledgehammer goal.using     102990ms Simplex.Simplex 5964:235536  some (SH 102987ms, ATP 1405ms): Try this: by (smt (z3) MinLVarNotInBounds.min_lvar_not_in_bounds_lvars MinLVarNotInBounds_axioms min_rvar_incdec_eq_Some_rvars step' trans') (265 ms)
0.sledgehammer goal.using     102990ms Simplex.Simplex 5964:235536  some Preplay: (smt (z3) MinLVarNotInBounds.min_lvar_not_in_bounds_lvars MinLVarNotInBounds_axioms min_rvar_incdec_eq_Some_rvars step' trans') (265 ms)
0.sledgehammer goal.using     102990ms Simplex.Simplex 5964:235536  some Preplay: (smt (verit, best) MinLVarNotInBounds.min_lvar_not_in_bounds_lvars MinLVarNotInBounds_axioms min_rvar_incdec_eq_Some_rvars step' trans') (367 ms)
0.sledgehammer goal.using     102990ms Simplex.Simplex 5964:235536  some Preplay: (smt (verit, ccfv_SIG) MinLVarNotInBounds.min_lvar_not_in_bounds_lvars MinLVarNotInBounds_axioms min_rvar_incdec_eq_Some_rvars step' trans') (369 ms)
0.sledgehammer goal.using     102990ms Simplex.Simplex 5964:235536  some Preplay: (smt (verit, ccfv_threshold) MinLVarNotInBounds.min_lvar_not_in_bounds_lvars MinLVarNotInBounds_axioms min_rvar_incdec_eq_Some_rvars step' trans') (396 ms)
0.sledgehammer goal.using     102990ms Simplex.Simplex 5964:235536  some Preplay: (smt (verit, del_insts) MinLVarNotInBounds.min_lvar_not_in_bounds_lvars MinLVarNotInBounds_axioms min_rvar_incdec_eq_Some_rvars step' trans') (462 ms)
0.sledgehammer goal.using     102990ms Simplex.Simplex 5964:235536  some Preplay: (smt (verit) MinLVarNotInBounds.min_lvar_not_in_bounds_lvars MinLVarNotInBounds_axioms min_rvar_incdec_eq_Some_rvars step' trans') (589 ms)
0.sledgehammer goal.using     102990ms Simplex.Simplex 5964:235536  some Preplay: (smt (cvc5, no_simp) MinLVarNotInBounds.min_lvar_not_in_bounds_lvars MinLVarNotInBounds_axioms min_rvar_incdec_eq_Some_rvars step' trans') (1.2 s)
0.sledgehammer goal.using     102990ms Simplex.Simplex 5964:235536  some Preplay: (smt (cvc5, best) MinLVarNotInBounds.min_lvar_not_in_bounds_lvars MinLVarNotInBounds_axioms min_rvar_incdec_eq_Some_rvars step' trans') (1.3 s)
0.sledgehammer goal.using     102990ms Simplex.Simplex 5964:235536  some Preplay: (smt (cvc5, trigger_last) MinLVarNotInBounds.min_lvar_not_in_bounds_lvars MinLVarNotInBounds_axioms min_rvar_incdec_eq_Some_rvars step' trans') (1.5 s)
0.sledgehammer goal.using     102990ms Simplex.Simplex 5964:235536  some Preplay: (smt (cvc5, noematch) MinLVarNotInBounds.min_lvar_not_in_bounds_lvars MinLVarNotInBounds_axioms min_rvar_incdec_eq_Some_rvars step' trans') (1.6 s)
0.sledgehammer goal.using     102990ms Simplex.Simplex 5964:235536  some Preplay: (smt (cvc5, trigger_max) MinLVarNotInBounds.min_lvar_not_in_bounds_lvars MinLVarNotInBounds_axioms min_rvar_incdec_eq_Some_rvars step' trans') (1.7 s)
0.sledgehammer goal.using     102990ms Simplex.Simplex 5964:235536  some Preplay: (smt (cvc5, trigger_relev) MinLVarNotInBounds.min_lvar_not_in_bounds_lvars MinLVarNotInBounds_axioms min_rvar_incdec_eq_Some_rvars step' trans') (1.8 s)
0.sledgehammer goal.using     102990ms Simplex.Simplex 5964:235536  some Preplay: (smt (cvc5, quant_saturate) MinLVarNotInBounds.min_lvar_not_in_bounds_lvars MinLVarNotInBounds_axioms min_rvar_incdec_eq_Some_rvars step' trans') (1.8 s)
0.sledgehammer goal.using     102990ms Simplex.Simplex 5964:235536  some Preplay: (smt (cvc5, term_relev) MinLVarNotInBounds.min_lvar_not_in_bounds_lvars MinLVarNotInBounds_axioms min_rvar_incdec_eq_Some_rvars step' trans') (2.0 s)
0.sledgehammer goal.using     102990ms Simplex.Simplex 5964:235536  some Preplay: (smt (cvc5, fmf) MinLVarNotInBounds.min_lvar_not_in_bounds_lvars MinLVarNotInBounds_axioms min_rvar_incdec_eq_Some_rvars step' trans') (2.2 s)
0.sledgehammer goal.proof     94404ms Simplex.Simplex 6014:237216  some (SH 94400ms, ATP 6054ms): Try this: by (smt (cvc5) assms(6,7) check_cases min_lvar_not_in_bounds_lvars min_rvar_incdec_eq_Some_rvars pivotandupdate_check_precond pivotandupdate_unsat_id step.hyps(2,4) step.prems(1,2,3,4,5))
0.sledgehammer goal.proof     94404ms Simplex.Simplex 6014:237216  some Preplay: (smt (cvc5, best) assms(6,7) check_cases min_lvar_not_in_bounds_lvars min_rvar_incdec_eq_Some_rvars pivotandupdate_check_precond pivotandupdate_unsat_id step.hyps(2,4) step.prems(1,2,3,4,5)) (> 1.0 s, timed out)
0.sledgehammer goal.proof     94404ms Simplex.Simplex 6014:237216  some Preplay: (smt (cvc5, trigger_last) assms(6,7) check_cases min_lvar_not_in_bounds_lvars min_rvar_incdec_eq_Some_rvars pivotandupdate_check_precond pivotandupdate_unsat_id step.hyps(2,4) step.prems(1,2,3,4,5)) (> 1.0 s, timed out)
0.sledgehammer goal.proof     94404ms Simplex.Simplex 6014:237216  some Preplay: (smt (cvc5, quant_saturate) assms(6,7) check_cases min_lvar_not_in_bounds_lvars min_rvar_incdec_eq_Some_rvars pivotandupdate_check_precond pivotandupdate_unsat_id step.hyps(2,4) step.prems(1,2,3,4,5)) (> 1.0 s, timed out)
0.sledgehammer goal.proof     94404ms Simplex.Simplex 6014:237216  some Preplay: (smt (cvc5, trigger_max) assms(6,7) check_cases min_lvar_not_in_bounds_lvars min_rvar_incdec_eq_Some_rvars pivotandupdate_check_precond pivotandupdate_unsat_id step.hyps(2,4) step.prems(1,2,3,4,5)) (> 1.0 s, timed out)
0.sledgehammer goal.proof     94404ms Simplex.Simplex 6014:237216  some Preplay: (smt (cvc5, trigger_relev) assms(6,7) check_cases min_lvar_not_in_bounds_lvars min_rvar_incdec_eq_Some_rvars pivotandupdate_check_precond pivotandupdate_unsat_id step.hyps(2,4) step.prems(1,2,3,4,5)) (> 1.0 s, timed out)
0.sledgehammer goal.proof     94404ms Simplex.Simplex 6014:237216  some Preplay: (smt (cvc5, term_relev) assms(6,7) check_cases min_lvar_not_in_bounds_lvars min_rvar_incdec_eq_Some_rvars pivotandupdate_check_precond pivotandupdate_unsat_id step.hyps(2,4) step.prems(1,2,3,4,5)) (> 1.0 s, timed out)
0.sledgehammer goal.proof     94404ms Simplex.Simplex 6014:237216  some Preplay: (smt (cvc5, noematch) assms(6,7) check_cases min_lvar_not_in_bounds_lvars min_rvar_incdec_eq_Some_rvars pivotandupdate_check_precond pivotandupdate_unsat_id step.hyps(2,4) step.prems(1,2,3,4,5)) (> 1.0 s, timed out)
0.sledgehammer goal.proof     94404ms Simplex.Simplex 6014:237216  some Preplay: (smt (cvc5, fmf) assms(6,7) check_cases min_lvar_not_in_bounds_lvars min_rvar_incdec_eq_Some_rvars pivotandupdate_check_precond pivotandupdate_unsat_id step.hyps(2,4) step.prems(1,2,3,4,5)) (> 1.0 s, timed out)
0.sledgehammer goal.proof     94404ms Simplex.Simplex 6014:237216  some Preplay: (smt (cvc5, no_simp) assms(6,7) check_cases min_lvar_not_in_bounds_lvars min_rvar_incdec_eq_Some_rvars pivotandupdate_check_precond pivotandupdate_unsat_id step.hyps(2,4) step.prems(1,2,3,4,5)) (> 1.0 s, timed out)
0.sledgehammer goal.proof     94404ms Simplex.Simplex 6014:237216  some Preplay: (smt (verit) assms(6,7) check_cases min_lvar_not_in_bounds_lvars min_rvar_incdec_eq_Some_rvars pivotandupdate_check_precond pivotandupdate_unsat_id step.hyps(2,4) step.prems(1,2,3,4,5)) (> 1.0 s, timed out)
0.sledgehammer goal.proof     94404ms Simplex.Simplex 6014:237216  some Preplay: (smt (verit, del_insts) assms(6,7) check_cases min_lvar_not_in_bounds_lvars min_rvar_incdec_eq_Some_rvars pivotandupdate_check_precond pivotandupdate_unsat_id step.hyps(2,4) step.prems(1,2,3,4,5)) (> 1.0 s, timed out)
0.sledgehammer goal.proof     94404ms Simplex.Simplex 6014:237216  some Preplay: (smt (verit, ccfv_SIG) assms(6,7) check_cases min_lvar_not_in_bounds_lvars min_rvar_incdec_eq_Some_rvars pivotandupdate_check_precond pivotandupdate_unsat_id step.hyps(2,4) step.prems(1,2,3,4,5)) (> 1.0 s, timed out)
0.sledgehammer goal.proof     94404ms Simplex.Simplex 6014:237216  some Preplay: (smt (verit, ccfv_threshold) assms(6,7) check_cases min_lvar_not_in_bounds_lvars min_rvar_incdec_eq_Some_rvars pivotandupdate_check_precond pivotandupdate_unsat_id step.hyps(2,4) step.prems(1,2,3,4,5)) (> 1.0 s, timed out)
0.sledgehammer goal.proof     94404ms Simplex.Simplex 6014:237216  some Preplay: (smt (verit, best) assms(6,7) check_cases min_lvar_not_in_bounds_lvars min_rvar_incdec_eq_Some_rvars pivotandupdate_check_precond pivotandupdate_unsat_id step.hyps(2,4) step.prems(1,2,3,4,5)) (> 1.0 s, timed out)
0.sledgehammer goal.proof     94404ms Simplex.Simplex 6014:237216  some Preplay: (smt (z3) assms(6,7) check_cases min_lvar_not_in_bounds_lvars min_rvar_incdec_eq_Some_rvars pivotandupdate_check_precond pivotandupdate_unsat_id step.hyps(2,4) step.prems(1,2,3,4,5)) (> 1.0 s, timed out)
0.sledgehammer goal.proof     54947ms Simplex.Simplex 6043:238444  some (SH 54944ms, ATP 1359ms): Try this: by (smt (verit, ccfv_threshold) fun_upd_other fun_upd_same valuate_update_x) (256 ms)
0.sledgehammer goal.proof     54947ms Simplex.Simplex 6043:238444  some Preplay: (smt (verit, ccfv_threshold) fun_upd_other fun_upd_same valuate_update_x) (256 ms)
0.sledgehammer goal.proof     54947ms Simplex.Simplex 6043:238444  some Preplay: (smt (z3) fun_upd_other fun_upd_same valuate_update_x) (341 ms)
0.sledgehammer goal.proof     54947ms Simplex.Simplex 6043:238444  some Preplay: (smt (verit, ccfv_SIG) fun_upd_other fun_upd_same valuate_update_x) (358 ms)
0.sledgehammer goal.proof     54947ms Simplex.Simplex 6043:238444  some Preplay: (smt (verit, best) fun_upd_other fun_upd_same valuate_update_x) (362 ms)
0.sledgehammer goal.proof     54947ms Simplex.Simplex 6043:238444  some Preplay: (smt (verit) fun_upd_other fun_upd_same valuate_update_x) (421 ms)
0.sledgehammer goal.proof     54947ms Simplex.Simplex 6043:238444  some Preplay: (smt (verit, del_insts) fun_upd_other fun_upd_same valuate_update_x) (899 ms)
0.sledgehammer goal.proof     54947ms Simplex.Simplex 6043:238444  some Preplay: (smt (cvc5, trigger_relev) fun_upd_other fun_upd_same valuate_update_x) (1.0 s)
0.sledgehammer goal.proof     54947ms Simplex.Simplex 6043:238444  some Preplay: (smt (cvc5, trigger_max) fun_upd_other fun_upd_same valuate_update_x) (1.0 s)
0.sledgehammer goal.proof     54947ms Simplex.Simplex 6043:238444  some Preplay: (smt (cvc5, quant_saturate) fun_upd_other fun_upd_same valuate_update_x) (1.1 s)
0.sledgehammer goal.proof     54947ms Simplex.Simplex 6043:238444  some Preplay: (smt (cvc5, best) fun_upd_other fun_upd_same valuate_update_x) (1.1 s)
0.sledgehammer goal.proof     54947ms Simplex.Simplex 6043:238444  some Preplay: (smt (cvc5, trigger_last) fun_upd_other fun_upd_same valuate_update_x) (1.1 s)
0.sledgehammer goal.proof     54947ms Simplex.Simplex 6043:238444  some Preplay: (smt (cvc5, no_simp) fun_upd_other fun_upd_same valuate_update_x) (1.2 s)
0.sledgehammer goal.proof     54947ms Simplex.Simplex 6043:238444  some Preplay: (smt (cvc5, noematch) fun_upd_other fun_upd_same valuate_update_x) (1.4 s)
0.sledgehammer goal.proof     54947ms Simplex.Simplex 6043:238444  some Preplay: (smt (cvc5, fmf) fun_upd_other fun_upd_same valuate_update_x) (1.5 s)
0.sledgehammer goal.proof     54947ms Simplex.Simplex 6043:238444  some Preplay: (smt (cvc5, term_relev) fun_upd_other fun_upd_same valuate_update_x) (1.7 s)
0.sledgehammer goal.using     34278ms Simplex.Simplex 6766:272207  timeout (SH 34275ms): Timed out
0.sledgehammer goal.using     154407ms Simplex.Simplex 6767:272333  timeout (SH 154406ms):
0.sledgehammer goal.by        266427ms Simplex.Simplex 6768:272393  some (SH 266424ms, ATP 5089ms): Try this: by (smt (z3) Un_iff coeff_Var2 coeff_zero divide_eq_0_iff in_mono lrv_class.zero_neq_one pivot_eq_def rhs.simps vars_scaleRat zero_neq_neg_one) (133 ms)
0.sledgehammer goal.by        266427ms Simplex.Simplex 6768:272393  some Preplay: (smt (z3) Un_iff coeff_Var2 coeff_zero divide_eq_0_iff in_mono lrv_class.zero_neq_one pivot_eq_def rhs.simps vars_scaleRat zero_neq_neg_one) (133 ms)
0.sledgehammer goal.by        266427ms Simplex.Simplex 6768:272393  some Preplay: (smt (verit) Un_iff coeff_Var2 coeff_zero divide_eq_0_iff in_mono lrv_class.zero_neq_one pivot_eq_def rhs.simps vars_scaleRat zero_neq_neg_one) (217 ms)
0.sledgehammer goal.by        266427ms Simplex.Simplex 6768:272393  some Preplay: (smt (cvc5, no_simp) Un_iff coeff_Var2 coeff_zero divide_eq_0_iff in_mono lrv_class.zero_neq_one pivot_eq_def rhs.simps vars_scaleRat zero_neq_neg_one) (345 ms)
0.sledgehammer goal.by        266427ms Simplex.Simplex 6768:272393  some Preplay: (smt (cvc5, fmf) Un_iff coeff_Var2 coeff_zero divide_eq_0_iff in_mono lrv_class.zero_neq_one pivot_eq_def rhs.simps vars_scaleRat zero_neq_neg_one) (462 ms)
0.sledgehammer goal.by        266427ms Simplex.Simplex 6768:272393  some Preplay: (smt (cvc5, trigger_max) Un_iff coeff_Var2 coeff_zero divide_eq_0_iff in_mono lrv_class.zero_neq_one pivot_eq_def rhs.simps vars_scaleRat zero_neq_neg_one) (722 ms)
0.sledgehammer goal.by        266427ms Simplex.Simplex 6768:272393  some Preplay: (smt (cvc5, best) Un_iff coeff_Var2 coeff_zero divide_eq_0_iff in_mono lrv_class.zero_neq_one pivot_eq_def rhs.simps vars_scaleRat zero_neq_neg_one) (769 ms)
0.sledgehammer goal.by        266427ms Simplex.Simplex 6768:272393  some Preplay: (smt (cvc5, trigger_relev) Un_iff coeff_Var2 coeff_zero divide_eq_0_iff in_mono lrv_class.zero_neq_one pivot_eq_def rhs.simps vars_scaleRat zero_neq_neg_one) (793 ms)
0.sledgehammer goal.by        266427ms Simplex.Simplex 6768:272393  some Preplay: (smt (cvc5, trigger_last) Un_iff coeff_Var2 coeff_zero divide_eq_0_iff in_mono lrv_class.zero_neq_one pivot_eq_def rhs.simps vars_scaleRat zero_neq_neg_one) (923 ms)
0.sledgehammer goal.by        266427ms Simplex.Simplex 6768:272393  some Preplay: (smt (cvc5, noematch) Un_iff coeff_Var2 coeff_zero divide_eq_0_iff in_mono lrv_class.zero_neq_one pivot_eq_def rhs.simps vars_scaleRat zero_neq_neg_one) (1.0 s)
0.sledgehammer goal.by        266427ms Simplex.Simplex 6768:272393  some Preplay: (smt (cvc5, term_relev) Un_iff coeff_Var2 coeff_zero divide_eq_0_iff in_mono lrv_class.zero_neq_one pivot_eq_def rhs.simps vars_scaleRat zero_neq_neg_one) (1.6 s)
0.sledgehammer goal.by        266427ms Simplex.Simplex 6768:272393  some Preplay: (smt (verit, del_insts) Un_iff coeff_Var2 coeff_zero divide_eq_0_iff in_mono lrv_class.zero_neq_one pivot_eq_def rhs.simps vars_scaleRat zero_neq_neg_one) (> 217 ms, timed out)
0.sledgehammer goal.by        266427ms Simplex.Simplex 6768:272393  some Preplay: (smt (verit, ccfv_SIG) Un_iff coeff_Var2 coeff_zero divide_eq_0_iff in_mono lrv_class.zero_neq_one pivot_eq_def rhs.simps vars_scaleRat zero_neq_neg_one) (> 217 ms, timed out)
0.sledgehammer goal.by        266427ms Simplex.Simplex 6768:272393  some Preplay: (smt (verit, ccfv_threshold) Un_iff coeff_Var2 coeff_zero divide_eq_0_iff in_mono lrv_class.zero_neq_one pivot_eq_def rhs.simps vars_scaleRat zero_neq_neg_one) (> 217 ms, timed out)
0.sledgehammer goal.by        266427ms Simplex.Simplex 6768:272393  some Preplay: (smt (verit, best) Un_iff coeff_Var2 coeff_zero divide_eq_0_iff in_mono lrv_class.zero_neq_one pivot_eq_def rhs.simps vars_scaleRat zero_neq_neg_one) (> 217 ms, timed out)
0.sledgehammer goal.by        266427ms Simplex.Simplex 6768:272393  some Preplay: (smt (cvc5, quant_saturate) Un_iff coeff_Var2 coeff_zero divide_eq_0_iff in_mono lrv_class.zero_neq_one pivot_eq_def rhs.simps vars_scaleRat zero_neq_neg_one) (> 769 ms, timed out)
0.sledgehammer goal.by        159783ms Simplex.Simplex 6871:276014  timeout (SH 159781ms):
0.sledgehammer goal.proof     72380ms Simplex.Simplex 6882:276439  some (SH 72377ms, ATP 5070ms): Try this: by (smt (z3) Diff_iff add_diff_cancel coeff_minus coeff_zero insertE insert_Diff rational_vector.scale_cancel_left vars_Var vars_scaleRat) (324 ms)
0.sledgehammer goal.proof     72380ms Simplex.Simplex 6882:276439  some Preplay: (smt (z3) Diff_iff add_diff_cancel coeff_minus coeff_zero insertE insert_Diff rational_vector.scale_cancel_left vars_Var vars_scaleRat) (324 ms)
0.sledgehammer goal.proof     72380ms Simplex.Simplex 6882:276439  some Preplay: (smt (cvc5, best) Diff_iff add_diff_cancel coeff_minus coeff_zero insertE insert_Diff rational_vector.scale_cancel_left vars_Var vars_scaleRat) (> 1.0 s, timed out)
0.sledgehammer goal.proof     72380ms Simplex.Simplex 6882:276439  some Preplay: (smt (cvc5, trigger_last) Diff_iff add_diff_cancel coeff_minus coeff_zero insertE insert_Diff rational_vector.scale_cancel_left vars_Var vars_scaleRat) (> 1.0 s, timed out)
0.sledgehammer goal.proof     72380ms Simplex.Simplex 6882:276439  some Preplay: (smt (cvc5, quant_saturate) Diff_iff add_diff_cancel coeff_minus coeff_zero insertE insert_Diff rational_vector.scale_cancel_left vars_Var vars_scaleRat) (> 1.0 s, timed out)
0.sledgehammer goal.proof     72380ms Simplex.Simplex 6882:276439  some Preplay: (smt (cvc5, trigger_max) Diff_iff add_diff_cancel coeff_minus coeff_zero insertE insert_Diff rational_vector.scale_cancel_left vars_Var vars_scaleRat) (> 1.0 s, timed out)
0.sledgehammer goal.proof     72380ms Simplex.Simplex 6882:276439  some Preplay: (smt (cvc5, trigger_relev) Diff_iff add_diff_cancel coeff_minus coeff_zero insertE insert_Diff rational_vector.scale_cancel_left vars_Var vars_scaleRat) (> 1.0 s, timed out)
0.sledgehammer goal.proof     72380ms Simplex.Simplex 6882:276439  some Preplay: (smt (cvc5, term_relev) Diff_iff add_diff_cancel coeff_minus coeff_zero insertE insert_Diff rational_vector.scale_cancel_left vars_Var vars_scaleRat) (> 1.0 s, timed out)
0.sledgehammer goal.proof     72380ms Simplex.Simplex 6882:276439  some Preplay: (smt (cvc5, noematch) Diff_iff add_diff_cancel coeff_minus coeff_zero insertE insert_Diff rational_vector.scale_cancel_left vars_Var vars_scaleRat) (> 1.0 s, timed out)
0.sledgehammer goal.proof     72380ms Simplex.Simplex 6882:276439  some Preplay: (smt (cvc5, fmf) Diff_iff add_diff_cancel coeff_minus coeff_zero insertE insert_Diff rational_vector.scale_cancel_left vars_Var vars_scaleRat) (> 1.0 s, timed out)
0.sledgehammer goal.proof     72380ms Simplex.Simplex 6882:276439  some Preplay: (smt (cvc5, no_simp) Diff_iff add_diff_cancel coeff_minus coeff_zero insertE insert_Diff rational_vector.scale_cancel_left vars_Var vars_scaleRat) (> 1.0 s, timed out)
0.sledgehammer goal.proof     72380ms Simplex.Simplex 6882:276439  some Preplay: (smt (verit) Diff_iff add_diff_cancel coeff_minus coeff_zero insertE insert_Diff rational_vector.scale_cancel_left vars_Var vars_scaleRat) (> 1.0 s, timed out)
0.sledgehammer goal.proof     72380ms Simplex.Simplex 6882:276439  some Preplay: (smt (verit, del_insts) Diff_iff add_diff_cancel coeff_minus coeff_zero insertE insert_Diff rational_vector.scale_cancel_left vars_Var vars_scaleRat) (> 1.0 s, timed out)
0.sledgehammer goal.proof     72380ms Simplex.Simplex 6882:276439  some Preplay: (smt (verit, ccfv_SIG) Diff_iff add_diff_cancel coeff_minus coeff_zero insertE insert_Diff rational_vector.scale_cancel_left vars_Var vars_scaleRat) (> 1.0 s, timed out)
0.sledgehammer goal.proof     72380ms Simplex.Simplex 6882:276439  some Preplay: (smt (verit, ccfv_threshold) Diff_iff add_diff_cancel coeff_minus coeff_zero insertE insert_Diff rational_vector.scale_cancel_left vars_Var vars_scaleRat) (> 1.0 s, timed out)
0.sledgehammer goal.proof     72380ms Simplex.Simplex 6882:276439  some Preplay: (smt (verit, best) Diff_iff add_diff_cancel coeff_minus coeff_zero insertE insert_Diff rational_vector.scale_cancel_left vars_Var vars_scaleRat) (> 1.0 s, timed out)
0.sledgehammer goal.using     82062ms Simplex.Simplex 6949:279061  some (SH 82058ms, ATP 1300ms): Try this: by (smt (verit, best) fun_upd_other fun_upd_same satisfies_eq_def valuate_update_x) (255 ms)
0.sledgehammer goal.using     82062ms Simplex.Simplex 6949:279061  some Preplay: (smt (verit, best) fun_upd_other fun_upd_same satisfies_eq_def valuate_update_x) (255 ms)
0.sledgehammer goal.using     82062ms Simplex.Simplex 6949:279061  some Preplay: (smt (verit, del_insts) fun_upd_other fun_upd_same satisfies_eq_def valuate_update_x) (259 ms)
0.sledgehammer goal.using     82062ms Simplex.Simplex 6949:279061  some Preplay: (smt (verit, ccfv_SIG) fun_upd_other fun_upd_same satisfies_eq_def valuate_update_x) (260 ms)
0.sledgehammer goal.using     82062ms Simplex.Simplex 6949:279061  some Preplay: (smt (verit) fun_upd_other fun_upd_same satisfies_eq_def valuate_update_x) (260 ms)
0.sledgehammer goal.using     82062ms Simplex.Simplex 6949:279061  some Preplay: (smt (verit, ccfv_threshold) fun_upd_other fun_upd_same satisfies_eq_def valuate_update_x) (262 ms)
0.sledgehammer goal.using     82062ms Simplex.Simplex 6949:279061  some Preplay: (smt (z3) fun_upd_other fun_upd_same satisfies_eq_def valuate_update_x) (297 ms)
0.sledgehammer goal.using     82062ms Simplex.Simplex 6949:279061  some Preplay: (smt (cvc5, trigger_relev) fun_upd_other fun_upd_same satisfies_eq_def valuate_update_x) (983 ms)
0.sledgehammer goal.using     82062ms Simplex.Simplex 6949:279061  some Preplay: (smt (cvc5, term_relev) fun_upd_other fun_upd_same satisfies_eq_def valuate_update_x) (1.0 s)
0.sledgehammer goal.using     82062ms Simplex.Simplex 6949:279061  some Preplay: (smt (cvc5, quant_saturate) fun_upd_other fun_upd_same satisfies_eq_def valuate_update_x) (1.0 s)
0.sledgehammer goal.using     82062ms Simplex.Simplex 6949:279061  some Preplay: (smt (cvc5, trigger_last) fun_upd_other fun_upd_same satisfies_eq_def valuate_update_x) (1.0 s)
0.sledgehammer goal.using     82062ms Simplex.Simplex 6949:279061  some Preplay: (smt (cvc5, no_simp) fun_upd_other fun_upd_same satisfies_eq_def valuate_update_x) (1.1 s)
0.sledgehammer goal.using     82062ms Simplex.Simplex 6949:279061  some Preplay: (smt (cvc5, noematch) fun_upd_other fun_upd_same satisfies_eq_def valuate_update_x) (1.6 s)
0.sledgehammer goal.using     82062ms Simplex.Simplex 6949:279061  some Preplay: (smt (cvc5, trigger_max) fun_upd_other fun_upd_same satisfies_eq_def valuate_update_x) (1.7 s)
0.sledgehammer goal.using     82062ms Simplex.Simplex 6949:279061  some Preplay: (smt (cvc5, best) fun_upd_other fun_upd_same satisfies_eq_def valuate_update_x) (1.7 s)
0.sledgehammer goal.using     82062ms Simplex.Simplex 6949:279061  some Preplay: (smt (cvc5, fmf) fun_upd_other fun_upd_same satisfies_eq_def valuate_update_x) (failed)
0.sledgehammer goal.using     35929ms Simplex.Simplex 7422:300441  timeout (SH 35927ms): Timed out
0.sledgehammer goal.by        164637ms Simplex.Simplex 7423:300489  timeout (SH 164635ms):
0.sledgehammer goal.using     34072ms Simplex.Simplex 7483:302931  timeout (SH 34069ms): Timed out
0.sledgehammer goal.unfolding 33718ms Simplex.Simplex 7484:302976  timeout (SH 33716ms): Timed out
0.sledgehammer goal.by        69277ms Simplex.Simplex 7485:303021  some (SH 69275ms, ATP 1757ms): Try this: by (smt (z3) disjoint_iff_not_equal in_mono nat_less_le nle_le rhs_no_zero_tableau_start) (403 ms)
0.sledgehammer goal.by        69277ms Simplex.Simplex 7485:303021  some Preplay: (smt (z3) disjoint_iff_not_equal in_mono nat_less_le nle_le rhs_no_zero_tableau_start) (403 ms)
0.sledgehammer goal.by        69277ms Simplex.Simplex 7485:303021  some Preplay: (smt (verit, best) disjoint_iff_not_equal in_mono nat_less_le nle_le rhs_no_zero_tableau_start) (611 ms)
0.sledgehammer goal.by        69277ms Simplex.Simplex 7485:303021  some Preplay: (smt (verit, ccfv_SIG) disjoint_iff_not_equal in_mono nat_less_le nle_le rhs_no_zero_tableau_start) (641 ms)
0.sledgehammer goal.by        69277ms Simplex.Simplex 7485:303021  some Preplay: (smt (verit) disjoint_iff_not_equal in_mono nat_less_le nle_le rhs_no_zero_tableau_start) (698 ms)
0.sledgehammer goal.by        69277ms Simplex.Simplex 7485:303021  some Preplay: (smt (verit, ccfv_threshold) disjoint_iff_not_equal in_mono nat_less_le nle_le rhs_no_zero_tableau_start) (763 ms)
0.sledgehammer goal.by        69277ms Simplex.Simplex 7485:303021  some Preplay: (smt (cvc5, quant_saturate) disjoint_iff_not_equal in_mono nat_less_le nle_le rhs_no_zero_tableau_start) (848 ms)
0.sledgehammer goal.by        69277ms Simplex.Simplex 7485:303021  some Preplay: (smt (cvc5, trigger_last) disjoint_iff_not_equal in_mono nat_less_le nle_le rhs_no_zero_tableau_start) (865 ms)
0.sledgehammer goal.by        69277ms Simplex.Simplex 7485:303021  some Preplay: (smt (cvc5, term_relev) disjoint_iff_not_equal in_mono nat_less_le nle_le rhs_no_zero_tableau_start) (870 ms)
0.sledgehammer goal.by        69277ms Simplex.Simplex 7485:303021  some Preplay: (smt (cvc5, trigger_relev) disjoint_iff_not_equal in_mono nat_less_le nle_le rhs_no_zero_tableau_start) (880 ms)
0.sledgehammer goal.by        69277ms Simplex.Simplex 7485:303021  some Preplay: (smt (cvc5, noematch) disjoint_iff_not_equal in_mono nat_less_le nle_le rhs_no_zero_tableau_start) (914 ms)
0.sledgehammer goal.by        69277ms Simplex.Simplex 7485:303021  some Preplay: (smt (cvc5, best) disjoint_iff_not_equal in_mono nat_less_le nle_le rhs_no_zero_tableau_start) (938 ms)
0.sledgehammer goal.by        69277ms Simplex.Simplex 7485:303021  some Preplay: (smt (cvc5, no_simp) disjoint_iff_not_equal in_mono nat_less_le nle_le rhs_no_zero_tableau_start) (975 ms)
0.sledgehammer goal.by        69277ms Simplex.Simplex 7485:303021  some Preplay: (smt (cvc5, fmf) disjoint_iff_not_equal in_mono nat_less_le nle_le rhs_no_zero_tableau_start) (1.1 s)
0.sledgehammer goal.by        69277ms Simplex.Simplex 7485:303021  some Preplay: (smt (verit, del_insts) disjoint_iff_not_equal in_mono nat_less_le nle_le rhs_no_zero_tableau_start) (1.3 s)
0.sledgehammer goal.by        69277ms Simplex.Simplex 7485:303021  some Preplay: (smt (cvc5, trigger_max) disjoint_iff_not_equal in_mono nat_less_le nle_le rhs_no_zero_tableau_start) (1.9 s)
0.sledgehammer goal.unfolding 91518ms Simplex.Simplex 7514:304493  some (SH 91516ms, ATP 699ms): Try this: by (smt (z3) atom.exhaust atom_var.simps(1,2) fun_upd_apply satisfies_atom.simps(1,2) tv) (603 ms)
0.sledgehammer goal.unfolding 91518ms Simplex.Simplex 7514:304493  some Preplay: (smt (z3) atom.exhaust atom_var.simps(1,2) fun_upd_apply satisfies_atom.simps(1,2) tv) (603 ms)
0.sledgehammer goal.unfolding 91518ms Simplex.Simplex 7514:304493  some Preplay: (smt (verit, ccfv_threshold) atom.exhaust atom_var.simps(1,2) fun_upd_apply satisfies_atom.simps(1,2) tv) (988 ms)
0.sledgehammer goal.unfolding 91518ms Simplex.Simplex 7514:304493  some Preplay: (smt (verit, del_insts) atom.exhaust atom_var.simps(1,2) fun_upd_apply satisfies_atom.simps(1,2) tv) (1.1 s)
0.sledgehammer goal.unfolding 91518ms Simplex.Simplex 7514:304493  some Preplay: (smt (verit, best) atom.exhaust atom_var.simps(1,2) fun_upd_apply satisfies_atom.simps(1,2) tv) (1.2 s)
0.sledgehammer goal.unfolding 91518ms Simplex.Simplex 7514:304493  some Preplay: (smt (verit) atom.exhaust atom_var.simps(1,2) fun_upd_apply satisfies_atom.simps(1,2) tv) (1.3 s)
0.sledgehammer goal.unfolding 91518ms Simplex.Simplex 7514:304493  some Preplay: (smt (verit, ccfv_SIG) atom.exhaust atom_var.simps(1,2) fun_upd_apply satisfies_atom.simps(1,2) tv) (1.7 s)
0.sledgehammer goal.unfolding 91518ms Simplex.Simplex 7514:304493  some Preplay: (smt (cvc5, best) atom.exhaust atom_var.simps(1,2) fun_upd_apply satisfies_atom.simps(1,2) tv) (> 1.0 s, timed out)
0.sledgehammer goal.unfolding 91518ms Simplex.Simplex 7514:304493  some Preplay: (smt (cvc5, trigger_last) atom.exhaust atom_var.simps(1,2) fun_upd_apply satisfies_atom.simps(1,2) tv) (> 1.0 s, timed out)
0.sledgehammer goal.unfolding 91518ms Simplex.Simplex 7514:304493  some Preplay: (smt (cvc5, quant_saturate) atom.exhaust atom_var.simps(1,2) fun_upd_apply satisfies_atom.simps(1,2) tv) (> 1.0 s, timed out)
0.sledgehammer goal.unfolding 91518ms Simplex.Simplex 7514:304493  some Preplay: (smt (cvc5, trigger_max) atom.exhaust atom_var.simps(1,2) fun_upd_apply satisfies_atom.simps(1,2) tv) (> 1.0 s, timed out)
0.sledgehammer goal.unfolding 91518ms Simplex.Simplex 7514:304493  some Preplay: (smt (cvc5, trigger_relev) atom.exhaust atom_var.simps(1,2) fun_upd_apply satisfies_atom.simps(1,2) tv) (> 1.0 s, timed out)
0.sledgehammer goal.unfolding 91518ms Simplex.Simplex 7514:304493  some Preplay: (smt (cvc5, term_relev) atom.exhaust atom_var.simps(1,2) fun_upd_apply satisfies_atom.simps(1,2) tv) (> 1.0 s, timed out)
0.sledgehammer goal.unfolding 91518ms Simplex.Simplex 7514:304493  some Preplay: (smt (cvc5, noematch) atom.exhaust atom_var.simps(1,2) fun_upd_apply satisfies_atom.simps(1,2) tv) (> 1.0 s, timed out)
0.sledgehammer goal.unfolding 91518ms Simplex.Simplex 7514:304493  some Preplay: (smt (cvc5, fmf) atom.exhaust atom_var.simps(1,2) fun_upd_apply satisfies_atom.simps(1,2) tv) (> 1.0 s, timed out)
0.sledgehammer goal.unfolding 91518ms Simplex.Simplex 7514:304493  some Preplay: (smt (cvc5, no_simp) atom.exhaust atom_var.simps(1,2) fun_upd_apply satisfies_atom.simps(1,2) tv) (> 1.0 s, timed out)
0.sledgehammer goal.unfolding 86335ms Simplex.Simplex 7629:309798  some (SH 86333ms, ATP 1217ms): Try this: by (smt (z3) Pair_inject pivot_tableau_eq_def rev_map) (189 ms)
0.sledgehammer goal.unfolding 86335ms Simplex.Simplex 7629:309798  some Preplay: (smt (z3) Pair_inject pivot_tableau_eq_def rev_map) (189 ms)
0.sledgehammer goal.unfolding 86335ms Simplex.Simplex 7629:309798  some Preplay: (smt (verit, ccfv_SIG) Pair_inject pivot_tableau_eq_def rev_map) (354 ms)
0.sledgehammer goal.unfolding 86335ms Simplex.Simplex 7629:309798  some Preplay: (smt (verit) Pair_inject pivot_tableau_eq_def rev_map) (356 ms)
0.sledgehammer goal.unfolding 86335ms Simplex.Simplex 7629:309798  some Preplay: (smt (verit, del_insts) Pair_inject pivot_tableau_eq_def rev_map) (358 ms)
0.sledgehammer goal.unfolding 86335ms Simplex.Simplex 7629:309798  some Preplay: (smt (verit, ccfv_threshold) Pair_inject pivot_tableau_eq_def rev_map) (400 ms)
0.sledgehammer goal.unfolding 86335ms Simplex.Simplex 7629:309798  some Preplay: (smt (cvc5, quant_saturate) Pair_inject pivot_tableau_eq_def rev_map) (627 ms)
0.sledgehammer goal.unfolding 86335ms Simplex.Simplex 7629:309798  some Preplay: (smt (cvc5, trigger_last) Pair_inject pivot_tableau_eq_def rev_map) (640 ms)
0.sledgehammer goal.unfolding 86335ms Simplex.Simplex 7629:309798  some Preplay: (smt (cvc5, best) Pair_inject pivot_tableau_eq_def rev_map) (659 ms)
0.sledgehammer goal.unfolding 86335ms Simplex.Simplex 7629:309798  some Preplay: (smt (cvc5, trigger_max) Pair_inject pivot_tableau_eq_def rev_map) (677 ms)
0.sledgehammer goal.unfolding 86335ms Simplex.Simplex 7629:309798  some Preplay: (smt (cvc5, no_simp) Pair_inject pivot_tableau_eq_def rev_map) (858 ms)
0.sledgehammer goal.unfolding 86335ms Simplex.Simplex 7629:309798  some Preplay: (smt (cvc5, term_relev) Pair_inject pivot_tableau_eq_def rev_map) (936 ms)
0.sledgehammer goal.unfolding 86335ms Simplex.Simplex 7629:309798  some Preplay: (smt (cvc5, fmf) Pair_inject pivot_tableau_eq_def rev_map) (998 ms)
0.sledgehammer goal.unfolding 86335ms Simplex.Simplex 7629:309798  some Preplay: (smt (verit, best) Pair_inject pivot_tableau_eq_def rev_map) (1.1 s)
0.sledgehammer goal.unfolding 86335ms Simplex.Simplex 7629:309798  some Preplay: (smt (cvc5, noematch) Pair_inject pivot_tableau_eq_def rev_map) (1.4 s)
0.sledgehammer goal.unfolding 86335ms Simplex.Simplex 7629:309798  some Preplay: (smt (cvc5, trigger_relev) Pair_inject pivot_tableau_eq_def rev_map) (2.2 s)
0.sledgehammer goal.by        57079ms Simplex.Simplex 8033:328407  some (SH 57076ms, ATP 1688ms): Try this: by (smt (verit, ccfv_threshold) fst_conv image_Collect_subsetI image_iff) (899 ms)
0.sledgehammer goal.by        57079ms Simplex.Simplex 8033:328407  some Preplay: (smt (verit, ccfv_threshold) fst_conv image_Collect_subsetI image_iff) (899 ms)
0.sledgehammer goal.by        57079ms Simplex.Simplex 8033:328407  some Preplay: (smt (verit, ccfv_SIG) fst_conv image_Collect_subsetI image_iff) (913 ms)
0.sledgehammer goal.by        57079ms Simplex.Simplex 8033:328407  some Preplay: (smt (verit, del_insts) fst_conv image_Collect_subsetI image_iff) (986 ms)
0.sledgehammer goal.by        57079ms Simplex.Simplex 8033:328407  some Preplay: (smt (verit, best) fst_conv image_Collect_subsetI image_iff) (992 ms)
0.sledgehammer goal.by        57079ms Simplex.Simplex 8033:328407  some Preplay: (smt (z3) fst_conv image_Collect_subsetI image_iff) (1.0 s)
0.sledgehammer goal.by        57079ms Simplex.Simplex 8033:328407  some Preplay: (smt (verit) fst_conv image_Collect_subsetI image_iff) (1.0 s)
0.sledgehammer goal.by        57079ms Simplex.Simplex 8033:328407  some Preplay: (smt (cvc5, trigger_max) fst_conv image_Collect_subsetI image_iff) (1.9 s)
0.sledgehammer goal.by        57079ms Simplex.Simplex 8033:328407  some Preplay: (smt (cvc5, best) fst_conv image_Collect_subsetI image_iff) (> 1.0 s, timed out)
0.sledgehammer goal.by        57079ms Simplex.Simplex 8033:328407  some Preplay: (smt (cvc5, trigger_last) fst_conv image_Collect_subsetI image_iff) (> 1.0 s, timed out)
0.sledgehammer goal.by        57079ms Simplex.Simplex 8033:328407  some Preplay: (smt (cvc5, quant_saturate) fst_conv image_Collect_subsetI image_iff) (> 1.0 s, timed out)
0.sledgehammer goal.by        57079ms Simplex.Simplex 8033:328407  some Preplay: (smt (cvc5, trigger_relev) fst_conv image_Collect_subsetI image_iff) (> 1.0 s, timed out)
0.sledgehammer goal.by        57079ms Simplex.Simplex 8033:328407  some Preplay: (smt (cvc5, term_relev) fst_conv image_Collect_subsetI image_iff) (> 1.0 s, timed out)
0.sledgehammer goal.by        57079ms Simplex.Simplex 8033:328407  some Preplay: (smt (cvc5, noematch) fst_conv image_Collect_subsetI image_iff) (> 1.0 s, timed out)
0.sledgehammer goal.by        57079ms Simplex.Simplex 8033:328407  some Preplay: (smt (cvc5, fmf) fst_conv image_Collect_subsetI image_iff) (> 1.0 s, timed out)
0.sledgehammer goal.by        57079ms Simplex.Simplex 8033:328407  some Preplay: (smt (cvc5, no_simp) fst_conv image_Collect_subsetI image_iff) (> 1.0 s, timed out)
0.sledgehammer goal.by        36267ms Simplex.Simplex_Incremental 55:2410  timeout (SH 36265ms): Timed out
0.sledgehammer goal.proof     73457ms Simplex.Simplex_Incremental 338:13900  some (SH 73454ms, ATP 2407ms): Try this: by (smt (verit) Compl_iff in_bounds.elims(3) satisfies_bounds_iff v) (346 ms)
0.sledgehammer goal.proof     73457ms Simplex.Simplex_Incremental 338:13900  some Preplay: (smt (verit) Compl_iff in_bounds.elims(3) satisfies_bounds_iff v) (346 ms)
0.sledgehammer goal.proof     73457ms Simplex.Simplex_Incremental 338:13900  some Preplay: (smt (verit, del_insts) Compl_iff in_bounds.elims(3) satisfies_bounds_iff v) (> 346 ms, timed out)
0.sledgehammer goal.proof     73457ms Simplex.Simplex_Incremental 338:13900  some Preplay: (smt (verit, ccfv_SIG) Compl_iff in_bounds.elims(3) satisfies_bounds_iff v) (> 346 ms, timed out)
0.sledgehammer goal.proof     73457ms Simplex.Simplex_Incremental 338:13900  some Preplay: (smt (verit, ccfv_threshold) Compl_iff in_bounds.elims(3) satisfies_bounds_iff v) (> 346 ms, timed out)
0.sledgehammer goal.proof     73457ms Simplex.Simplex_Incremental 338:13900  some Preplay: (smt (verit, best) Compl_iff in_bounds.elims(3) satisfies_bounds_iff v) (> 346 ms, timed out)
0.sledgehammer goal.proof     73457ms Simplex.Simplex_Incremental 338:13900  some Preplay: (smt (z3) Compl_iff in_bounds.elims(3) satisfies_bounds_iff v) (> 346 ms, timed out)
0.sledgehammer goal.proof     73457ms Simplex.Simplex_Incremental 338:13900  some Preplay: (smt (cvc5, best) Compl_iff in_bounds.elims(3) satisfies_bounds_iff v) (> 1.0 s, timed out)
0.sledgehammer goal.proof     73457ms Simplex.Simplex_Incremental 338:13900  some Preplay: (smt (cvc5, trigger_last) Compl_iff in_bounds.elims(3) satisfies_bounds_iff v) (> 1.0 s, timed out)
0.sledgehammer goal.proof     73457ms Simplex.Simplex_Incremental 338:13900  some Preplay: (smt (cvc5, quant_saturate) Compl_iff in_bounds.elims(3) satisfies_bounds_iff v) (> 1.0 s, timed out)
0.sledgehammer goal.proof     73457ms Simplex.Simplex_Incremental 338:13900  some Preplay: (smt (cvc5, trigger_max) Compl_iff in_bounds.elims(3) satisfies_bounds_iff v) (> 1.0 s, timed out)
0.sledgehammer goal.proof     73457ms Simplex.Simplex_Incremental 338:13900  some Preplay: (smt (cvc5, trigger_relev) Compl_iff in_bounds.elims(3) satisfies_bounds_iff v) (> 1.0 s, timed out)
0.sledgehammer goal.proof     73457ms Simplex.Simplex_Incremental 338:13900  some Preplay: (smt (cvc5, term_relev) Compl_iff in_bounds.elims(3) satisfies_bounds_iff v) (> 1.0 s, timed out)
0.sledgehammer goal.proof     73457ms Simplex.Simplex_Incremental 338:13900  some Preplay: (smt (cvc5, noematch) Compl_iff in_bounds.elims(3) satisfies_bounds_iff v) (> 1.0 s, timed out)
0.sledgehammer goal.proof     73457ms Simplex.Simplex_Incremental 338:13900  some Preplay: (smt (cvc5, fmf) Compl_iff in_bounds.elims(3) satisfies_bounds_iff v) (> 1.0 s, timed out)
0.sledgehammer goal.proof     73457ms Simplex.Simplex_Incremental 338:13900  some Preplay: (smt (cvc5, no_simp) Compl_iff in_bounds.elims(3) satisfies_bounds_iff v) (> 1.0 s, timed out)
0.sledgehammer goal.by        78250ms Simplex.Simplex_Incremental 665:29292  some (SH 78248ms, ATP 520ms): Try this: by (smt (z3) Inr_not_Inl old.sum.simps(5,6) sum.inject(2) sumE) (174 ms)
0.sledgehammer goal.by        78250ms Simplex.Simplex_Incremental 665:29292  some Preplay: (smt (z3) Inr_not_Inl old.sum.simps(5,6) sum.inject(2) sumE) (174 ms)
0.sledgehammer goal.by        78250ms Simplex.Simplex_Incremental 665:29292  some Preplay: (smt (verit, best) Inr_not_Inl old.sum.simps(5,6) sum.inject(2) sumE) (350 ms)
0.sledgehammer goal.by        78250ms Simplex.Simplex_Incremental 665:29292  some Preplay: (smt (verit, ccfv_SIG) Inr_not_Inl old.sum.simps(5,6) sum.inject(2) sumE) (377 ms)
0.sledgehammer goal.by        78250ms Simplex.Simplex_Incremental 665:29292  some Preplay: (smt (verit, del_insts) Inr_not_Inl old.sum.simps(5,6) sum.inject(2) sumE) (379 ms)
0.sledgehammer goal.by        78250ms Simplex.Simplex_Incremental 665:29292  some Preplay: (smt (verit) Inr_not_Inl old.sum.simps(5,6) sum.inject(2) sumE) (392 ms)
0.sledgehammer goal.by        78250ms Simplex.Simplex_Incremental 665:29292  some Preplay: (smt (verit, ccfv_threshold) Inr_not_Inl old.sum.simps(5,6) sum.inject(2) sumE) (424 ms)
0.sledgehammer goal.by        78250ms Simplex.Simplex_Incremental 665:29292  some Preplay: (smt (cvc5, trigger_last) Inr_not_Inl old.sum.simps(5,6) sum.inject(2) sumE) (1.8 s)
0.sledgehammer goal.by        78250ms Simplex.Simplex_Incremental 665:29292  some Preplay: (smt (cvc5, quant_saturate) Inr_not_Inl old.sum.simps(5,6) sum.inject(2) sumE) (2.0 s)
0.sledgehammer goal.by        78250ms Simplex.Simplex_Incremental 665:29292  some Preplay: (smt (cvc5, trigger_relev) Inr_not_Inl old.sum.simps(5,6) sum.inject(2) sumE) (2.1 s)
0.sledgehammer goal.by        78250ms Simplex.Simplex_Incremental 665:29292  some Preplay: (smt (cvc5, noematch) Inr_not_Inl old.sum.simps(5,6) sum.inject(2) sumE) (2.2 s)
0.sledgehammer goal.by        78250ms Simplex.Simplex_Incremental 665:29292  some Preplay: (smt (cvc5, no_simp) Inr_not_Inl old.sum.simps(5,6) sum.inject(2) sumE) (2.4 s)
0.sledgehammer goal.by        78250ms Simplex.Simplex_Incremental 665:29292  some Preplay: (smt (cvc5, term_relev) Inr_not_Inl old.sum.simps(5,6) sum.inject(2) sumE) (2.5 s)
0.sledgehammer goal.by        78250ms Simplex.Simplex_Incremental 665:29292  some Preplay: (smt (cvc5, trigger_max) Inr_not_Inl old.sum.simps(5,6) sum.inject(2) sumE) (2.6 s)
0.sledgehammer goal.by        78250ms Simplex.Simplex_Incremental 665:29292  some Preplay: (smt (cvc5, best) Inr_not_Inl old.sum.simps(5,6) sum.inject(2) sumE) (2.8 s)
0.sledgehammer goal.by        78250ms Simplex.Simplex_Incremental 665:29292  some Preplay: (smt (cvc5, fmf) Inr_not_Inl old.sum.simps(5,6) sum.inject(2) sumE) (> 1.0 s, timed out)
0.sledgehammer goal.by        96264ms Simplex.Simplex_Incremental 853:38343  some (SH 96261ms, ATP 924ms): Try this: by (smt (verit, del_insts) Incremental_Atom_Ops_For_NS_Constraint_Ops_Default.backtrack_nsc.simps Incremental_Simplex.backtrack_cs.elims backtrack_simplex.simps prod.inject prod_cases3) (807 ms)
0.sledgehammer goal.by        96264ms Simplex.Simplex_Incremental 853:38343  some Preplay: (smt (verit, del_insts) Incremental_Atom_Ops_For_NS_Constraint_Ops_Default.backtrack_nsc.simps Incremental_Simplex.backtrack_cs.elims backtrack_simplex.simps prod.inject prod_cases3) (807 ms)
0.sledgehammer goal.by        96264ms Simplex.Simplex_Incremental 853:38343  some Preplay: (smt (verit, ccfv_threshold) Incremental_Atom_Ops_For_NS_Constraint_Ops_Default.backtrack_nsc.simps Incremental_Simplex.backtrack_cs.elims backtrack_simplex.simps prod.inject prod_cases3) (1.2 s)
0.sledgehammer goal.by        96264ms Simplex.Simplex_Incremental 853:38343  some Preplay: (smt (verit) Incremental_Atom_Ops_For_NS_Constraint_Ops_Default.backtrack_nsc.simps Incremental_Simplex.backtrack_cs.elims backtrack_simplex.simps prod.inject prod_cases3) (1.2 s)
0.sledgehammer goal.by        96264ms Simplex.Simplex_Incremental 853:38343  some Preplay: (smt (verit, ccfv_SIG) Incremental_Atom_Ops_For_NS_Constraint_Ops_Default.backtrack_nsc.simps Incremental_Simplex.backtrack_cs.elims backtrack_simplex.simps prod.inject prod_cases3) (1.4 s)
0.sledgehammer goal.by        96264ms Simplex.Simplex_Incremental 853:38343  some Preplay: (smt (z3) Incremental_Atom_Ops_For_NS_Constraint_Ops_Default.backtrack_nsc.simps Incremental_Simplex.backtrack_cs.elims backtrack_simplex.simps prod.inject prod_cases3) (1.8 s)
0.sledgehammer goal.by        96264ms Simplex.Simplex_Incremental 853:38343  some Preplay: (smt (verit, best) Incremental_Atom_Ops_For_NS_Constraint_Ops_Default.backtrack_nsc.simps Incremental_Simplex.backtrack_cs.elims backtrack_simplex.simps prod.inject prod_cases3) (2.9 s)
0.sledgehammer goal.by        96264ms Simplex.Simplex_Incremental 853:38343  some Preplay: (smt (cvc5, best) Incremental_Atom_Ops_For_NS_Constraint_Ops_Default.backtrack_nsc.simps Incremental_Simplex.backtrack_cs.elims backtrack_simplex.simps prod.inject prod_cases3) (> 1.0 s, timed out)
0.sledgehammer goal.by        96264ms Simplex.Simplex_Incremental 853:38343  some Preplay: (smt (cvc5, trigger_last) Incremental_Atom_Ops_For_NS_Constraint_Ops_Default.backtrack_nsc.simps Incremental_Simplex.backtrack_cs.elims backtrack_simplex.simps prod.inject prod_cases3) (> 1.0 s, timed out)
0.sledgehammer goal.by        96264ms Simplex.Simplex_Incremental 853:38343  some Preplay: (smt (cvc5, quant_saturate) Incremental_Atom_Ops_For_NS_Constraint_Ops_Default.backtrack_nsc.simps Incremental_Simplex.backtrack_cs.elims backtrack_simplex.simps prod.inject prod_cases3) (> 1.0 s, timed out)
0.sledgehammer goal.by        96264ms Simplex.Simplex_Incremental 853:38343  some Preplay: (smt (cvc5, trigger_max) Incremental_Atom_Ops_For_NS_Constraint_Ops_Default.backtrack_nsc.simps Incremental_Simplex.backtrack_cs.elims backtrack_simplex.simps prod.inject prod_cases3) (> 1.0 s, timed out)
0.sledgehammer goal.by        96264ms Simplex.Simplex_Incremental 853:38343  some Preplay: (smt (cvc5, trigger_relev) Incremental_Atom_Ops_For_NS_Constraint_Ops_Default.backtrack_nsc.simps Incremental_Simplex.backtrack_cs.elims backtrack_simplex.simps prod.inject prod_cases3) (> 1.0 s, timed out)
0.sledgehammer goal.by        96264ms Simplex.Simplex_Incremental 853:38343  some Preplay: (smt (cvc5, term_relev) Incremental_Atom_Ops_For_NS_Constraint_Ops_Default.backtrack_nsc.simps Incremental_Simplex.backtrack_cs.elims backtrack_simplex.simps prod.inject prod_cases3) (> 1.0 s, timed out)
0.sledgehammer goal.by        96264ms Simplex.Simplex_Incremental 853:38343  some Preplay: (smt (cvc5, noematch) Incremental_Atom_Ops_For_NS_Constraint_Ops_Default.backtrack_nsc.simps Incremental_Simplex.backtrack_cs.elims backtrack_simplex.simps prod.inject prod_cases3) (> 1.0 s, timed out)
0.sledgehammer goal.by        96264ms Simplex.Simplex_Incremental 853:38343  some Preplay: (smt (cvc5, fmf) Incremental_Atom_Ops_For_NS_Constraint_Ops_Default.backtrack_nsc.simps Incremental_Simplex.backtrack_cs.elims backtrack_simplex.simps prod.inject prod_cases3) (> 1.0 s, timed out)
0.sledgehammer goal.by        96264ms Simplex.Simplex_Incremental 853:38343  some Preplay: (smt (cvc5, no_simp) Incremental_Atom_Ops_For_NS_Constraint_Ops_Default.backtrack_nsc.simps Incremental_Simplex.backtrack_cs.elims backtrack_simplex.simps prod.inject prod_cases3) (> 1.0 s, timed out)
0.sledgehammer goal.using     101844ms Simplex.Simplex_Incremental 917:40895  some (SH 101841ms, ATP 2986ms): Try this: by (smt (z3) Incremental_Simplex.check_cs_unsat apfst_convE apfst_convE apfst_def apfst_id apsnd_id checkpoint_simplex.elims id_apply id_apply prod.inject prod.map_id0 simplex_state.exhaust simplex_state.inject weak_invariant_simplex.elims(1)) (497 ms)
0.sledgehammer goal.using     101844ms Simplex.Simplex_Incremental 917:40895  some Preplay: (smt (z3) Incremental_Simplex.check_cs_unsat apfst_convE apfst_convE apfst_def apfst_id apsnd_id checkpoint_simplex.elims id_apply id_apply prod.inject prod.map_id0 simplex_state.exhaust simplex_state.inject weak_invariant_simplex.elims(1)) (497 ms)
0.sledgehammer goal.using     101844ms Simplex.Simplex_Incremental 917:40895  some Preplay: (smt (verit, del_insts) Incremental_Simplex.check_cs_unsat apfst_convE apfst_convE apfst_def id_apply id_apply prod.inject simplex_state.inject weak_invariant_simplex.elims(1)) (597 ms)
0.sledgehammer goal.using     101844ms Simplex.Simplex_Incremental 917:40895  some Preplay: (smt (verit) Incremental_Simplex.check_cs_unsat apfst_convE apfst_convE apfst_def prod.inject simplex_state.inject weak_invariant_simplex.elims(1)) (778 ms)
0.sledgehammer goal.using     101844ms Simplex.Simplex_Incremental 917:40895  some Preplay: (smt (verit, ccfv_threshold) Incremental_Simplex.check_cs_unsat apfst_convE apfst_convE apfst_def prod.inject simplex_state.inject weak_invariant_simplex.elims(1)) (10.3 s)
0.sledgehammer goal.using     101844ms Simplex.Simplex_Incremental 917:40895  some Preplay: (smt (verit, ccfv_SIG) Incremental_Simplex.check_cs_unsat apfst_convE apfst_convE apfst_def apfst_id apsnd_id checkpoint_simplex.elims id_apply id_apply prod.inject prod.map_id0 simplex_state.exhaust simplex_state.inject weak_invariant_simplex.elims(1)) (> 948 ms, timed out)
0.sledgehammer goal.using     101844ms Simplex.Simplex_Incremental 917:40895  some Preplay: (smt (verit, best) Incremental_Simplex.check_cs_unsat apfst_convE apfst_convE apfst_def apfst_id apsnd_id checkpoint_simplex.elims id_apply id_apply prod.inject prod.map_id0 simplex_state.exhaust simplex_state.inject weak_invariant_simplex.elims(1)) (> 948 ms, timed out)
0.sledgehammer goal.using     101844ms Simplex.Simplex_Incremental 917:40895  some Preplay: (smt (cvc5, best) Incremental_Simplex.check_cs_unsat apfst_convE apfst_convE apfst_def apfst_id apsnd_id checkpoint_simplex.elims id_apply id_apply prod.inject prod.map_id0 simplex_state.exhaust simplex_state.inject weak_invariant_simplex.elims(1)) (failed)
0.sledgehammer goal.using     101844ms Simplex.Simplex_Incremental 917:40895  some Preplay: (smt (cvc5, trigger_last) Incremental_Simplex.check_cs_unsat apfst_convE apfst_convE apfst_def apfst_id apsnd_id checkpoint_simplex.elims id_apply id_apply prod.inject prod.map_id0 simplex_state.exhaust simplex_state.inject weak_invariant_simplex.elims(1)) (failed)
0.sledgehammer goal.using     101844ms Simplex.Simplex_Incremental 917:40895  some Preplay: (smt (cvc5, quant_saturate) Incremental_Simplex.check_cs_unsat apfst_convE apfst_convE apfst_def apfst_id apsnd_id checkpoint_simplex.elims id_apply id_apply prod.inject prod.map_id0 simplex_state.exhaust simplex_state.inject weak_invariant_simplex.elims(1)) (failed)
0.sledgehammer goal.using     101844ms Simplex.Simplex_Incremental 917:40895  some Preplay: (smt (cvc5, trigger_max) Incremental_Simplex.check_cs_unsat apfst_convE apfst_convE apfst_def apfst_id apsnd_id checkpoint_simplex.elims id_apply id_apply prod.inject prod.map_id0 simplex_state.exhaust simplex_state.inject weak_invariant_simplex.elims(1)) (failed)
0.sledgehammer goal.using     101844ms Simplex.Simplex_Incremental 917:40895  some Preplay: (smt (cvc5, trigger_relev) Incremental_Simplex.check_cs_unsat apfst_convE apfst_convE apfst_def apfst_id apsnd_id checkpoint_simplex.elims id_apply id_apply prod.inject prod.map_id0 simplex_state.exhaust simplex_state.inject weak_invariant_simplex.elims(1)) (failed)
0.sledgehammer goal.using     101844ms Simplex.Simplex_Incremental 917:40895  some Preplay: (smt (cvc5, term_relev) Incremental_Simplex.check_cs_unsat apfst_convE apfst_convE apfst_def apfst_id apsnd_id checkpoint_simplex.elims id_apply id_apply prod.inject prod.map_id0 simplex_state.exhaust simplex_state.inject weak_invariant_simplex.elims(1)) (failed)
0.sledgehammer goal.using     101844ms Simplex.Simplex_Incremental 917:40895  some Preplay: (smt (cvc5, noematch) Incremental_Simplex.check_cs_unsat apfst_convE apfst_convE apfst_def apfst_id apsnd_id checkpoint_simplex.elims id_apply id_apply prod.inject prod.map_id0 simplex_state.exhaust simplex_state.inject weak_invariant_simplex.elims(1)) (failed)
0.sledgehammer goal.using     101844ms Simplex.Simplex_Incremental 917:40895  some Preplay: (smt (cvc5, fmf) Incremental_Simplex.check_cs_unsat apfst_convE apfst_convE apfst_def apfst_id apsnd_id checkpoint_simplex.elims id_apply id_apply prod.inject prod.map_id0 simplex_state.exhaust simplex_state.inject weak_invariant_simplex.elims(1)) (failed)
0.sledgehammer goal.using     101844ms Simplex.Simplex_Incremental 917:40895  some Preplay: (smt (cvc5, no_simp) Incremental_Simplex.check_cs_unsat apfst_convE apfst_convE apfst_def apfst_id apsnd_id checkpoint_simplex.elims id_apply id_apply prod.inject prod.map_id0 simplex_state.exhaust simplex_state.inject weak_invariant_simplex.elims(1)) (failed)
0.sledgehammer goal.by        115238ms Simplex.Simplex_Incremental 976:43283  some (SH 115236ms, ATP 428ms): Try this: by (smt (z3) assert_all_simplex.simps(2) obj_sumE old.sum.simps(5,6)) (145 ms)
0.sledgehammer goal.by        115238ms Simplex.Simplex_Incremental 976:43283  some Preplay: (smt (z3) assert_all_simplex.simps(2) obj_sumE old.sum.simps(5,6)) (145 ms)
0.sledgehammer goal.by        115238ms Simplex.Simplex_Incremental 976:43283  some Preplay: (smt (verit, del_insts) assert_all_simplex.simps(2) obj_sumE old.sum.simps(5,6)) (434 ms)
0.sledgehammer goal.by        115238ms Simplex.Simplex_Incremental 976:43283  some Preplay: (smt (verit) assert_all_simplex.simps(2) obj_sumE old.sum.simps(5,6)) (468 ms)
0.sledgehammer goal.by        115238ms Simplex.Simplex_Incremental 976:43283  some Preplay: (smt (verit, ccfv_threshold) assert_all_simplex.simps(2) obj_sumE old.sum.simps(5,6)) (837 ms)
0.sledgehammer goal.by        115238ms Simplex.Simplex_Incremental 976:43283  some Preplay: (smt (cvc5, best) assert_all_simplex.simps(2) obj_sumE old.sum.simps(5,6)) (1.7 s)
0.sledgehammer goal.by        115238ms Simplex.Simplex_Incremental 976:43283  some Preplay: (smt (cvc5, trigger_last) assert_all_simplex.simps(2) obj_sumE old.sum.simps(5,6)) (2.2 s)
0.sledgehammer goal.by        115238ms Simplex.Simplex_Incremental 976:43283  some Preplay: (smt (cvc5, no_simp) assert_all_simplex.simps(2) obj_sumE old.sum.simps(5,6)) (2.2 s)
0.sledgehammer goal.by        115238ms Simplex.Simplex_Incremental 976:43283  some Preplay: (smt (cvc5, trigger_max) assert_all_simplex.simps(2) obj_sumE old.sum.simps(5,6)) (2.3 s)
0.sledgehammer goal.by        115238ms Simplex.Simplex_Incremental 976:43283  some Preplay: (smt (cvc5, term_relev) assert_all_simplex.simps(2) obj_sumE old.sum.simps(5,6)) (2.4 s)
0.sledgehammer goal.by        115238ms Simplex.Simplex_Incremental 976:43283  some Preplay: (smt (cvc5, noematch) assert_all_simplex.simps(2) obj_sumE old.sum.simps(5,6)) (2.4 s)
0.sledgehammer goal.by        115238ms Simplex.Simplex_Incremental 976:43283  some Preplay: (smt (cvc5, quant_saturate) assert_all_simplex.simps(2) obj_sumE old.sum.simps(5,6)) (3.0 s)
0.sledgehammer goal.by        115238ms Simplex.Simplex_Incremental 976:43283  some Preplay: (smt (cvc5, fmf) assert_all_simplex.simps(2) obj_sumE old.sum.simps(5,6)) (3.3 s)
0.sledgehammer goal.by        115238ms Simplex.Simplex_Incremental 976:43283  some Preplay: (smt (cvc5, trigger_relev) assert_all_simplex.simps(2) obj_sumE old.sum.simps(5,6)) (3.4 s)
0.sledgehammer goal.by        115238ms Simplex.Simplex_Incremental 976:43283  some Preplay: (smt (verit, ccfv_SIG) assert_all_simplex.simps(2) obj_sumE old.sum.simps(5,6)) (> 434 ms, timed out)
0.sledgehammer goal.by        115238ms Simplex.Simplex_Incremental 976:43283  some Preplay: (smt (verit, best) assert_all_simplex.simps(2) obj_sumE old.sum.simps(5,6)) (> 434 ms, timed out)
0.sledgehammer finalize   Total number of sledgehammer calls: 70
0.sledgehammer finalize   Number of successful sledgehammer calls: 59
0.sledgehammer finalize   Number of sledgehammer lemmas: 409
0.sledgehammer finalize   Max number of sledgehammer lemmas: 24
0.sledgehammer finalize   Success rate: 84.3%
0.sledgehammer finalize   Total number of nontrivial sledgehammer calls: 70
0.sledgehammer finalize   Number of successful nontrivial sledgehammer calls: 59
0.sledgehammer finalize   Total time for sledgehammer calls (Isabelle): 5204.571
0.sledgehammer finalize   Total time for successful sledgehammer calls (ATP): 108.511
0.sledgehammer finalize   Average time for sledgehammer calls (Isabelle): 74.351
0.sledgehammer finalize   Average time for successful sledgehammer calls (ATP): 1.839
