0.sledgehammer initialize Params for sledgehammer: {abduce = SOME 0, cache_dir = NONE, compress = NONE, debug = false, expect =
0.sledgehammer initialize  "", fact_filter = NONE, fact_thresholds = (0.45, 0.85), falsify =
0.sledgehammer initialize  SOME false, induction_rules = NONE, instantiate = NONE, isar_proofs = NONE,
0.sledgehammer initialize  lam_trans = NONE, learn = true, max_facts = NONE, max_mono_iters = NONE,
0.sledgehammer initialize  max_new_mono_instances = NONE, max_proofs = 4, minimize = true, overlord =
0.sledgehammer initialize  false, preplay_provers = ["cvc5"], preplay_timeout = 1.000, provers =
0.sledgehammer initialize  ["cvc5_proof"], slices = 96, smt_proofs = true, spy = false, strict =
0.sledgehammer initialize  false, timeout = 10.000, try0 = false, type_enc = NONE, uncurried_aliases =
0.sledgehammer initialize  NONE, verbose = false}
0.sledgehammer goal.by        13203ms HOL-Library.AList 29:760  timeout (SH 13203ms): Timed out
0.sledgehammer goal.by        13967ms HOL-Library.AList 40:1119  timeout (SH 13966ms): Timed out
0.sledgehammer goal.using     13685ms HOL-Library.AList 45:1248  timeout (SH 13685ms): Timed out
0.sledgehammer goal.by        13316ms HOL-Library.AList 45:1260  timeout (SH 13315ms): Timed out
0.sledgehammer goal.by        13721ms HOL-Library.AList 49:1383  timeout (SH 13721ms): Timed out
0.sledgehammer goal.by        13442ms HOL-Library.AList 52:1469  timeout (SH 13442ms): Timed out
0.sledgehammer goal.by        13631ms HOL-Library.AList 69:1893  timeout (SH 13631ms): Timed out
0.sledgehammer goal.by        14745ms HOL-Library.AList 95:2841  timeout (SH 14745ms): Timed out
0.sledgehammer goal.proof     14027ms HOL-Library.AList 103:3097  timeout (SH 14027ms): Timed out
0.sledgehammer goal.by        13600ms HOL-Library.AList 106:3219  timeout (SH 13600ms): Timed out
0.sledgehammer goal.by        14536ms HOL-Library.AList 108:3307  timeout (SH 14536ms): Timed out
0.sledgehammer goal.proof     13468ms HOL-Library.AList 117:3618  timeout (SH 13468ms): Timed out
0.sledgehammer goal.by        13498ms HOL-Library.AList 121:3744  timeout (SH 13498ms): Timed out
0.sledgehammer goal.by        14049ms HOL-Library.AList 124:3970  timeout (SH 14049ms): Timed out
0.sledgehammer goal.by        14092ms HOL-Library.AList 131:4247  timeout (SH 14091ms): Timed out
0.sledgehammer goal.by        13556ms HOL-Library.AList 136:4426  timeout (SH 13556ms): Timed out
0.sledgehammer goal.by        50443ms HOL-Library.AList 149:4892  some (SH 50442ms, ATP 1265ms): Try this: by (smt (cvc5, quant_saturate) in_set_takeD update_updates_conv_if) (435 ms)
0.sledgehammer goal.by        50443ms HOL-Library.AList 149:4892  some Preplay: (smt (cvc5, quant_saturate) in_set_takeD update_updates_conv_if) (435 ms)
0.sledgehammer goal.by        50443ms HOL-Library.AList 149:4892  some Preplay: (smt (cvc5, trigger_max) in_set_takeD update_updates_conv_if) (438 ms)
0.sledgehammer goal.by        50443ms HOL-Library.AList 149:4892  some Preplay: (smt (cvc5, trigger_last) in_set_takeD update_updates_conv_if) (442 ms)
0.sledgehammer goal.by        50443ms HOL-Library.AList 149:4892  some Preplay: (smt (cvc5, trigger_relev) in_set_takeD update_updates_conv_if) (445 ms)
0.sledgehammer goal.by        50443ms HOL-Library.AList 149:4892  some Preplay: (smt (cvc5, term_relev) in_set_takeD update_updates_conv_if) (453 ms)
0.sledgehammer goal.by        50443ms HOL-Library.AList 149:4892  some Preplay: (smt (cvc5, best) in_set_takeD update_updates_conv_if) (586 ms)
0.sledgehammer goal.by        50443ms HOL-Library.AList 149:4892  some Preplay: (smt (cvc5, no_simp) in_set_takeD update_updates_conv_if) (613 ms)
0.sledgehammer goal.by        50443ms HOL-Library.AList 149:4892  some Preplay: (smt (cvc5, fmf) in_set_takeD update_updates_conv_if) (639 ms)
0.sledgehammer goal.by        50443ms HOL-Library.AList 149:4892  some Preplay: (smt (cvc5, noematch) in_set_takeD update_updates_conv_if) (738 ms)
0.sledgehammer goal.by        14105ms HOL-Library.AList 157:5162  timeout (SH 14105ms): Timed out
0.sledgehammer goal.by        13856ms HOL-Library.AList 161:5325  timeout (SH 13856ms): Timed out
0.sledgehammer goal.by        15423ms HOL-Library.AList 175:5775  timeout (SH 15423ms): Timed out
0.sledgehammer goal.by        13604ms HOL-Library.AList 181:6001  timeout (SH 13604ms): Timed out
0.sledgehammer goal.by        13448ms HOL-Library.AList 189:6306  timeout (SH 13447ms): Timed out
0.sledgehammer goal.by        54067ms HOL-Library.AList 201:6712  timeout (SH 54067ms):
0.sledgehammer goal.by        13616ms HOL-Library.AList 204:6812  timeout (SH 13616ms): Timed out
0.sledgehammer goal.by        13849ms HOL-Library.AList 207:6922  timeout (SH 13849ms): Timed out
0.sledgehammer goal.by        34378ms HOL-Library.AList 210:7019  some (SH 34377ms, ATP 924ms): Try this: by (smt (cvc5, no_simp) delete_eq filter_cong filter_filter) (449 ms)
0.sledgehammer goal.by        34378ms HOL-Library.AList 210:7019  some Preplay: (smt (cvc5, no_simp) delete_eq filter_cong filter_filter) (449 ms)
0.sledgehammer goal.by        34378ms HOL-Library.AList 210:7019  some Preplay: (smt (cvc5, term_relev) delete_eq filter_cong filter_filter) (843 ms)
0.sledgehammer goal.by        34378ms HOL-Library.AList 210:7019  some Preplay: (smt (cvc5, trigger_relev) delete_eq filter_cong filter_filter) (871 ms)
0.sledgehammer goal.by        34378ms HOL-Library.AList 210:7019  some Preplay: (smt (cvc5, best) delete_eq filter_cong filter_filter) (1.6 s)
0.sledgehammer goal.by        34378ms HOL-Library.AList 210:7019  some Preplay: (smt (cvc5, trigger_max) delete_eq filter_cong filter_filter) (1.8 s)
0.sledgehammer goal.by        34378ms HOL-Library.AList 210:7019  some Preplay: (smt (cvc5, trigger_last) delete_eq filter_cong filter_filter) (1.8 s)
0.sledgehammer goal.by        34378ms HOL-Library.AList 210:7019  some Preplay: (smt (cvc5, quant_saturate) delete_eq filter_cong filter_filter) (> 1.0 s, timed out)
0.sledgehammer goal.by        34378ms HOL-Library.AList 210:7019  some Preplay: (smt (cvc5, noematch) delete_eq filter_cong filter_filter) (> 1.0 s, timed out)
0.sledgehammer goal.by        34378ms HOL-Library.AList 210:7019  some Preplay: (smt (cvc5, fmf) delete_eq filter_cong filter_filter) (> 1.0 s, timed out)
0.sledgehammer goal.by         7525ms HOL-Library.AList 213:7119  some (SH 7525ms, ATP 522ms): Try this: by (smt (cvc5, quant_saturate) delete_eq length_filter_le) (47 ms)
0.sledgehammer goal.by         7525ms HOL-Library.AList 213:7119  some Preplay: (smt (cvc5, quant_saturate) delete_eq length_filter_le) (47 ms)
0.sledgehammer goal.by         7525ms HOL-Library.AList 213:7119  some Preplay: (smt (cvc5, best) delete_eq length_filter_le) (69 ms)
0.sledgehammer goal.by         7525ms HOL-Library.AList 213:7119  some Preplay: (smt (cvc5, trigger_max) delete_eq length_filter_le) (> 47 ms, timed out)
0.sledgehammer goal.by         7525ms HOL-Library.AList 213:7119  some Preplay: (smt (cvc5, trigger_relev) delete_eq length_filter_le) (> 47 ms, timed out)
0.sledgehammer goal.by         7525ms HOL-Library.AList 213:7119  some Preplay: (smt (cvc5, noematch) delete_eq length_filter_le) (> 47 ms, timed out)
0.sledgehammer goal.by         7525ms HOL-Library.AList 213:7119  some Preplay: (smt (cvc5, fmf) delete_eq length_filter_le) (> 47 ms, timed out)
0.sledgehammer goal.by         7525ms HOL-Library.AList 213:7119  some Preplay: (smt (cvc5, no_simp) delete_eq length_filter_le) (> 47 ms, timed out)
0.sledgehammer goal.by         7525ms HOL-Library.AList 213:7119  some Preplay: (smt (cvc5, trigger_last) delete_eq length_filter_le) (> 69 ms, timed out)
0.sledgehammer goal.by         7525ms HOL-Library.AList 213:7119  some Preplay: (smt (cvc5, term_relev) delete_eq length_filter_le) (failed)
0.sledgehammer goal.by        13745ms HOL-Library.AList 237:8012  timeout (SH 13745ms): Timed out
0.sledgehammer goal.by        13687ms HOL-Library.AList 242:8174  timeout (SH 13687ms): Timed out
0.sledgehammer goal.by        13689ms HOL-Library.AList 249:8450  timeout (SH 13689ms): Timed out
0.sledgehammer goal.by        13782ms HOL-Library.AList 255:8680  timeout (SH 13782ms): Timed out
0.sledgehammer goal.apply     13527ms HOL-Library.AList 258:8818  timeout (SH 13527ms): Timed out
0.sledgehammer goal.apply     13303ms HOL-Library.AList 260:8856  timeout (SH 13302ms): Timed out
0.sledgehammer goal.apply     13256ms HOL-Library.AList 261:8873  timeout (SH 13256ms): Timed out
0.sledgehammer goal.by        13465ms HOL-Library.AList 265:9019  timeout (SH 13465ms): Timed out
0.sledgehammer goal.proof     13699ms HOL-Library.AList 268:9152  timeout (SH 13699ms): Timed out
0.sledgehammer goal.proof     13810ms HOL-Library.AList 276:9300  timeout (SH 13810ms): Timed out
0.sledgehammer goal.apply     13701ms HOL-Library.AList 292:9745  timeout (SH 13701ms): Timed out
0.sledgehammer goal.apply     58866ms HOL-Library.AList 294:9829  some (SH 58866ms, ATP 1483ms): Try this: by (smt (cvc5) delete_aux.elims distinct.simps(2) dom_map_of_conv_image_fst fst_conv fun_upd_None_if_notin_dom fun_upd_twist fun_upd_upd list.distinct(1) list.inject list.set_map list.simps(9) map_of.simps(2))
0.sledgehammer goal.apply     58866ms HOL-Library.AList 294:9829  some Preplay: (smt (cvc5, best) delete_aux.elims distinct.simps(2) dom_map_of_conv_image_fst fst_conv fun_upd_None_if_notin_dom fun_upd_twist fun_upd_upd list.distinct(1) list.inject list.set_map list.simps(9) map_of.simps(2)) (> 1.0 s, timed out)
0.sledgehammer goal.apply     58866ms HOL-Library.AList 294:9829  some Preplay: (smt (cvc5, trigger_last) delete_aux.elims distinct.simps(2) dom_map_of_conv_image_fst fst_conv fun_upd_None_if_notin_dom fun_upd_twist fun_upd_upd list.distinct(1) list.inject list.set_map list.simps(9) map_of.simps(2)) (> 1.0 s, timed out)
0.sledgehammer goal.apply     58866ms HOL-Library.AList 294:9829  some Preplay: (smt (cvc5, quant_saturate) delete_aux.elims distinct.simps(2) dom_map_of_conv_image_fst fst_conv fun_upd_None_if_notin_dom fun_upd_twist fun_upd_upd list.distinct(1) list.inject list.set_map list.simps(9) map_of.simps(2)) (> 1.0 s, timed out)
0.sledgehammer goal.apply     58866ms HOL-Library.AList 294:9829  some Preplay: (smt (cvc5, trigger_max) delete_aux.elims distinct.simps(2) dom_map_of_conv_image_fst fst_conv fun_upd_None_if_notin_dom fun_upd_twist fun_upd_upd list.distinct(1) list.inject list.set_map list.simps(9) map_of.simps(2)) (> 1.0 s, timed out)
0.sledgehammer goal.apply     58866ms HOL-Library.AList 294:9829  some Preplay: (smt (cvc5, trigger_relev) delete_aux.elims distinct.simps(2) dom_map_of_conv_image_fst fst_conv fun_upd_None_if_notin_dom fun_upd_twist fun_upd_upd list.distinct(1) list.inject list.set_map list.simps(9) map_of.simps(2)) (> 1.0 s, timed out)
0.sledgehammer goal.apply     58866ms HOL-Library.AList 294:9829  some Preplay: (smt (cvc5, term_relev) delete_aux.elims distinct.simps(2) dom_map_of_conv_image_fst fst_conv fun_upd_None_if_notin_dom fun_upd_twist fun_upd_upd list.distinct(1) list.inject list.set_map list.simps(9) map_of.simps(2)) (> 1.0 s, timed out)
0.sledgehammer goal.apply     58866ms HOL-Library.AList 294:9829  some Preplay: (smt (cvc5, noematch) delete_aux.elims distinct.simps(2) dom_map_of_conv_image_fst fst_conv fun_upd_None_if_notin_dom fun_upd_twist fun_upd_upd list.distinct(1) list.inject list.set_map list.simps(9) map_of.simps(2)) (> 1.0 s, timed out)
0.sledgehammer goal.apply     58866ms HOL-Library.AList 294:9829  some Preplay: (smt (cvc5, no_simp) delete_aux.elims distinct.simps(2) dom_map_of_conv_image_fst fst_conv fun_upd_None_if_notin_dom fun_upd_twist fun_upd_upd list.distinct(1) list.inject list.set_map list.simps(9) map_of.simps(2)) (> 1.0 s, timed out)
0.sledgehammer goal.apply     58866ms HOL-Library.AList 294:9829  some Preplay: (smt (cvc5, fmf) delete_aux.elims distinct.simps(2) dom_map_of_conv_image_fst fst_conv fun_upd_None_if_notin_dom fun_upd_twist fun_upd_upd list.distinct(1) list.inject list.set_map list.simps(9) map_of.simps(2)) (failed)
0.sledgehammer goal.proof     13571ms HOL-Library.AList 317:10580  timeout (SH 13571ms): Timed out
0.sledgehammer goal.apply     13503ms HOL-Library.AList 319:10652  timeout (SH 13503ms): Timed out
0.sledgehammer goal.apply     45416ms HOL-Library.AList 321:10690  some (SH 45415ms, ATP 1558ms): Try this: by (smt (cvc5) fun_upd_apply map_of.simps(2) restr_simps(2) restrict_map_def)
0.sledgehammer goal.apply     45416ms HOL-Library.AList 321:10690  some Preplay: (smt (cvc5, best) fun_upd_apply map_of.simps(2) restr_simps(2) restrict_map_def) (> 1.0 s, timed out)
0.sledgehammer goal.apply     45416ms HOL-Library.AList 321:10690  some Preplay: (smt (cvc5, trigger_last) fun_upd_apply map_of.simps(2) restr_simps(2) restrict_map_def) (> 1.0 s, timed out)
0.sledgehammer goal.apply     45416ms HOL-Library.AList 321:10690  some Preplay: (smt (cvc5, quant_saturate) fun_upd_apply map_of.simps(2) restr_simps(2) restrict_map_def) (> 1.0 s, timed out)
0.sledgehammer goal.apply     45416ms HOL-Library.AList 321:10690  some Preplay: (smt (cvc5, trigger_max) fun_upd_apply map_of.simps(2) restr_simps(2) restrict_map_def) (> 1.0 s, timed out)
0.sledgehammer goal.apply     45416ms HOL-Library.AList 321:10690  some Preplay: (smt (cvc5, trigger_relev) fun_upd_apply map_of.simps(2) restr_simps(2) restrict_map_def) (> 1.0 s, timed out)
0.sledgehammer goal.apply     45416ms HOL-Library.AList 321:10690  some Preplay: (smt (cvc5, term_relev) fun_upd_apply map_of.simps(2) restr_simps(2) restrict_map_def) (> 1.0 s, timed out)
0.sledgehammer goal.apply     45416ms HOL-Library.AList 321:10690  some Preplay: (smt (cvc5, noematch) fun_upd_apply map_of.simps(2) restr_simps(2) restrict_map_def) (> 1.0 s, timed out)
0.sledgehammer goal.apply     45416ms HOL-Library.AList 321:10690  some Preplay: (smt (cvc5, fmf) fun_upd_apply map_of.simps(2) restr_simps(2) restrict_map_def) (> 1.0 s, timed out)
0.sledgehammer goal.apply     45416ms HOL-Library.AList 321:10690  some Preplay: (smt (cvc5, no_simp) fun_upd_apply map_of.simps(2) restr_simps(2) restrict_map_def) (> 1.0 s, timed out)
0.sledgehammer goal.by        19223ms HOL-Library.AList 330:10928  some (SH 19222ms, ATP 577ms): Try this: by (smt (cvc5, trigger_last) distinct_map_filter restrict_eq) (69 ms)
0.sledgehammer goal.by        19223ms HOL-Library.AList 330:10928  some Preplay: (smt (cvc5, trigger_last) distinct_map_filter restrict_eq) (69 ms)
0.sledgehammer goal.by        19223ms HOL-Library.AList 330:10928  some Preplay: (smt (cvc5, best) distinct_map_filter restrict_eq) (114 ms)
0.sledgehammer goal.by        19223ms HOL-Library.AList 330:10928  some Preplay: (smt (cvc5, quant_saturate) distinct_map_filter restrict_eq) (> 69 ms, timed out)
0.sledgehammer goal.by        19223ms HOL-Library.AList 330:10928  some Preplay: (smt (cvc5, trigger_max) distinct_map_filter restrict_eq) (> 69 ms, timed out)
0.sledgehammer goal.by        19223ms HOL-Library.AList 330:10928  some Preplay: (smt (cvc5, trigger_relev) distinct_map_filter restrict_eq) (> 69 ms, timed out)
0.sledgehammer goal.by        19223ms HOL-Library.AList 330:10928  some Preplay: (smt (cvc5, term_relev) distinct_map_filter restrict_eq) (> 69 ms, timed out)
0.sledgehammer goal.by        19223ms HOL-Library.AList 330:10928  some Preplay: (smt (cvc5, noematch) distinct_map_filter restrict_eq) (> 69 ms, timed out)
0.sledgehammer goal.by        19223ms HOL-Library.AList 330:10928  some Preplay: (smt (cvc5, fmf) distinct_map_filter restrict_eq) (> 69 ms, timed out)
0.sledgehammer goal.by        19223ms HOL-Library.AList 330:10928  some Preplay: (smt (cvc5, no_simp) distinct_map_filter restrict_eq) (> 69 ms, timed out)
0.sledgehammer goal.by        43723ms HOL-Library.AList 335:11048  some (SH 43723ms, ATP 558ms): Try this: apply (smt (cvc5, quant_saturate) case_prodE empty_iff filter_False restrict_eq) (547 ms)
0.sledgehammer goal.by        43723ms HOL-Library.AList 335:11048  some Preplay: (smt (cvc5, quant_saturate) case_prodE empty_iff filter_False restrict_eq) (547 ms)
0.sledgehammer goal.by        43723ms HOL-Library.AList 335:11048  some Preplay: (smt (cvc5, no_simp) case_prodE empty_iff filter_False restrict_eq) (724 ms)
0.sledgehammer goal.by        43723ms HOL-Library.AList 335:11048  some Preplay: (smt (cvc5, trigger_relev) case_prodE empty_iff filter_False restrict_eq) (765 ms)
0.sledgehammer goal.by        43723ms HOL-Library.AList 335:11048  some Preplay: (smt (cvc5, trigger_last) case_prodE empty_iff filter_False restrict_eq) (783 ms)
0.sledgehammer goal.by        43723ms HOL-Library.AList 335:11048  some Preplay: (smt (cvc5, best) case_prodE empty_iff filter_False restrict_eq) (874 ms)
0.sledgehammer goal.by        43723ms HOL-Library.AList 335:11048  some Preplay: (smt (cvc5, noematch) case_prodE empty_iff filter_False restrict_eq) (1.0 s)
0.sledgehammer goal.by        43723ms HOL-Library.AList 335:11048  some Preplay: (smt (cvc5, term_relev) case_prodE empty_iff filter_False restrict_eq) (1.9 s)
0.sledgehammer goal.by        43723ms HOL-Library.AList 335:11048  some Preplay: (smt (cvc5, trigger_max) case_prodE empty_iff filter_False restrict_eq) (> 547 ms, timed out)
0.sledgehammer goal.by        43723ms HOL-Library.AList 335:11048  some Preplay: (smt (cvc5, fmf) case_prodE empty_iff filter_False restrict_eq) (> 547 ms, timed out)
0.sledgehammer goal.by        14858ms HOL-Library.AList 344:11364  timeout (SH 14857ms): Timed out
0.sledgehammer goal.by        13536ms HOL-Library.AList 347:11495  timeout (SH 13536ms): Timed out
0.sledgehammer goal.by        13316ms HOL-Library.AList 350:11617  timeout (SH 13315ms): Timed out
0.sledgehammer goal.by        13353ms HOL-Library.AList 355:11815  timeout (SH 13353ms): Timed out
0.sledgehammer goal.apply     13505ms HOL-Library.AList 359:11973  timeout (SH 13505ms): Timed out
0.sledgehammer goal.apply     32417ms HOL-Library.AList 360:12015  some (SH 32417ms, ATP 1673ms): Try this: by (smt (cvc5, quant_saturate) filter_cong split_def) (1.4 s)
0.sledgehammer goal.apply     32417ms HOL-Library.AList 360:12015  some Preplay: (smt (cvc5, quant_saturate) filter_cong split_def) (1.4 s)
0.sledgehammer goal.apply     32417ms HOL-Library.AList 360:12015  some Preplay: (smt (cvc5, best) filter_cong split_def) (failed)
0.sledgehammer goal.apply     32417ms HOL-Library.AList 360:12015  some Preplay: (smt (cvc5, trigger_last) filter_cong split_def) (failed)
0.sledgehammer goal.apply     32417ms HOL-Library.AList 360:12015  some Preplay: (smt (cvc5, trigger_max) filter_cong split_def) (failed)
0.sledgehammer goal.apply     32417ms HOL-Library.AList 360:12015  some Preplay: (smt (cvc5, trigger_relev) filter_cong split_def) (failed)
0.sledgehammer goal.apply     32417ms HOL-Library.AList 360:12015  some Preplay: (smt (cvc5, term_relev) filter_cong split_def) (failed)
0.sledgehammer goal.apply     32417ms HOL-Library.AList 360:12015  some Preplay: (smt (cvc5, noematch) filter_cong split_def) (failed)
0.sledgehammer goal.apply     32417ms HOL-Library.AList 360:12015  some Preplay: (smt (cvc5, fmf) filter_cong split_def) (failed)
0.sledgehammer goal.apply     32417ms HOL-Library.AList 360:12015  some Preplay: (smt (cvc5, no_simp) filter_cong split_def) (failed)
0.sledgehammer goal.by        37079ms HOL-Library.AList 375:12455  some (SH 37079ms, ATP 526ms): Try this: by (smt (cvc5, trigger_max) fun_upd_restrict restr_conv' update_conv') (61 ms)
0.sledgehammer goal.by        37079ms HOL-Library.AList 375:12455  some Preplay: (smt (cvc5, trigger_max) fun_upd_restrict restr_conv' update_conv') (61 ms)
0.sledgehammer goal.by        37079ms HOL-Library.AList 375:12455  some Preplay: (smt (cvc5, quant_saturate) fun_upd_restrict restr_conv' update_conv') (90 ms)
0.sledgehammer goal.by        37079ms HOL-Library.AList 375:12455  some Preplay: (smt (cvc5, trigger_last) fun_upd_restrict restr_conv' update_conv') (102 ms)
0.sledgehammer goal.by        37079ms HOL-Library.AList 375:12455  some Preplay: (smt (cvc5, best) fun_upd_restrict restr_conv' update_conv') (102 ms)
0.sledgehammer goal.by        37079ms HOL-Library.AList 375:12455  some Preplay: (smt (cvc5, trigger_relev) fun_upd_restrict restr_conv' update_conv') (> 61 ms, timed out)
0.sledgehammer goal.by        37079ms HOL-Library.AList 375:12455  some Preplay: (smt (cvc5, term_relev) fun_upd_restrict restr_conv' update_conv') (> 61 ms, timed out)
0.sledgehammer goal.by        37079ms HOL-Library.AList 375:12455  some Preplay: (smt (cvc5, noematch) fun_upd_restrict restr_conv' update_conv') (> 61 ms, timed out)
0.sledgehammer goal.by        37079ms HOL-Library.AList 375:12455  some Preplay: (smt (cvc5, fmf) fun_upd_restrict restr_conv' update_conv') (> 61 ms, timed out)
0.sledgehammer goal.by        37079ms HOL-Library.AList 375:12455  some Preplay: (smt (cvc5, no_simp) fun_upd_restrict restr_conv' update_conv') (> 61 ms, timed out)
0.sledgehammer goal.by        33311ms HOL-Library.AList 386:12865  some (SH 33311ms, ATP 600ms): Try this: by (smt (cvc5, trigger_last) restr_conv' restrict_map_upds updates_conv') (197 ms)
0.sledgehammer goal.by        33311ms HOL-Library.AList 386:12865  some Preplay: (smt (cvc5, trigger_last) restr_conv' restrict_map_upds updates_conv') (197 ms)
0.sledgehammer goal.by        33311ms HOL-Library.AList 386:12865  some Preplay: (smt (cvc5, best) restr_conv' restrict_map_upds updates_conv') (241 ms)
0.sledgehammer goal.by        33311ms HOL-Library.AList 386:12865  some Preplay: (smt (cvc5, quant_saturate) restr_conv' restrict_map_upds updates_conv') (432 ms)
0.sledgehammer goal.by        33311ms HOL-Library.AList 386:12865  some Preplay: (smt (cvc5, term_relev) restr_conv' restrict_map_upds updates_conv') (447 ms)
0.sledgehammer goal.by        33311ms HOL-Library.AList 386:12865  some Preplay: (smt (cvc5, no_simp) restr_conv' restrict_map_upds updates_conv') (455 ms)
0.sledgehammer goal.by        33311ms HOL-Library.AList 386:12865  some Preplay: (smt (cvc5, trigger_max) restr_conv' restrict_map_upds updates_conv') (483 ms)
0.sledgehammer goal.by        33311ms HOL-Library.AList 386:12865  some Preplay: (smt (cvc5, trigger_relev) restr_conv' restrict_map_upds updates_conv') (> 197 ms, timed out)
0.sledgehammer goal.by        33311ms HOL-Library.AList 386:12865  some Preplay: (smt (cvc5, noematch) restr_conv' restrict_map_upds updates_conv') (> 197 ms, timed out)
0.sledgehammer goal.by        33311ms HOL-Library.AList 386:12865  some Preplay: (smt (cvc5, fmf) restr_conv' restrict_map_upds updates_conv') (> 197 ms, timed out)
0.sledgehammer goal.by        44226ms HOL-Library.AList 389:12991  some (SH 44226ms, ATP 1622ms): Try this: by (smt (cvc5, no_simp) delete_eq filter_cong filter_filter restrict_eq) (436 ms)
0.sledgehammer goal.by        44226ms HOL-Library.AList 389:12991  some Preplay: (smt (cvc5, no_simp) delete_eq filter_cong filter_filter restrict_eq) (436 ms)
0.sledgehammer goal.by        44226ms HOL-Library.AList 389:12991  some Preplay: (smt (cvc5, term_relev) delete_eq filter_cong filter_filter restrict_eq) (829 ms)
0.sledgehammer goal.by        44226ms HOL-Library.AList 389:12991  some Preplay: (smt (cvc5, trigger_relev) delete_eq filter_cong filter_filter restrict_eq) (829 ms)
0.sledgehammer goal.by        44226ms HOL-Library.AList 389:12991  some Preplay: (smt (cvc5, best) delete_eq filter_cong filter_filter restrict_eq) (914 ms)
0.sledgehammer goal.by        44226ms HOL-Library.AList 389:12991  some Preplay: (smt (cvc5, trigger_last) delete_eq filter_cong filter_filter restrict_eq) (935 ms)
0.sledgehammer goal.by        44226ms HOL-Library.AList 389:12991  some Preplay: (smt (cvc5, trigger_max) delete_eq filter_cong filter_filter restrict_eq) (1.8 s)
0.sledgehammer goal.by        44226ms HOL-Library.AList 389:12991  some Preplay: (smt (cvc5, noematch) delete_eq filter_cong filter_filter restrict_eq) (> 829 ms, timed out)
0.sledgehammer goal.by        44226ms HOL-Library.AList 389:12991  some Preplay: (smt (cvc5, fmf) delete_eq filter_cong filter_filter restrict_eq) (> 829 ms, timed out)
0.sledgehammer goal.by        44226ms HOL-Library.AList 389:12991  some Preplay: (smt (cvc5, quant_saturate) delete_eq filter_cong filter_filter restrict_eq) (> 914 ms, timed out)
0.sledgehammer goal.by        13936ms HOL-Library.AList 400:13246  timeout (SH 13936ms): Timed out
0.sledgehammer goal.by        13726ms HOL-Library.AList 403:13388  timeout (SH 13726ms): Timed out
0.sledgehammer goal.by        13621ms HOL-Library.AList 412:13769  timeout (SH 13621ms): Timed out
0.sledgehammer goal.by        14127ms HOL-Library.AList 430:14462  timeout (SH 14127ms): Timed out
0.sledgehammer goal.proof     13481ms HOL-Library.AList 433:14618  timeout (SH 13481ms): Timed out
0.sledgehammer goal.by        13538ms HOL-Library.AList 436:14743  timeout (SH 13538ms): Timed out
0.sledgehammer goal.by        13841ms HOL-Library.AList 442:14961  timeout (SH 13841ms): Timed out
0.sledgehammer goal.by        13360ms HOL-Library.AList 445:15126  timeout (SH 13360ms): Timed out
0.sledgehammer goal.by        13780ms HOL-Library.AList 448:15283  timeout (SH 13780ms): Timed out
0.sledgehammer goal.proof     13630ms HOL-Library.AList 454:15462  timeout (SH 13630ms): Timed out
0.sledgehammer goal.by        36614ms HOL-Library.AList 470:15918  some (SH 36614ms, ATP 968ms): Try this: by (smt (cvc5, quant_saturate) assms comp_def delete_eq filter_cong filter_map split_def) (1.7 s)
0.sledgehammer goal.by        36614ms HOL-Library.AList 470:15918  some Preplay: (smt (cvc5, quant_saturate) assms comp_def delete_eq filter_cong filter_map split_def) (1.7 s)
0.sledgehammer goal.by        36614ms HOL-Library.AList 470:15918  some Preplay: (smt (cvc5, noematch) assms comp_def delete_eq filter_cong filter_map split_def) (> 1.0 s, timed out)
0.sledgehammer goal.by        36614ms HOL-Library.AList 470:15918  some Preplay: (smt (cvc5, fmf) assms comp_def delete_eq filter_cong filter_map split_def) (> 1.0 s, timed out)
0.sledgehammer goal.by        36614ms HOL-Library.AList 470:15918  some Preplay: (smt (cvc5, best) assms comp_def delete_eq filter_cong filter_map split_def) (failed)
0.sledgehammer goal.by        36614ms HOL-Library.AList 470:15918  some Preplay: (smt (cvc5, trigger_last) assms comp_def delete_eq filter_cong filter_map split_def) (failed)
0.sledgehammer goal.by        36614ms HOL-Library.AList 470:15918  some Preplay: (smt (cvc5, trigger_max) assms comp_def delete_eq filter_cong filter_map split_def) (failed)
0.sledgehammer goal.by        36614ms HOL-Library.AList 470:15918  some Preplay: (smt (cvc5, trigger_relev) assms comp_def delete_eq filter_cong filter_map split_def) (failed)
0.sledgehammer goal.by        36614ms HOL-Library.AList 470:15918  some Preplay: (smt (cvc5, term_relev) assms comp_def delete_eq filter_cong filter_map split_def) (failed)
0.sledgehammer goal.by        36614ms HOL-Library.AList 470:15918  some Preplay: (smt (cvc5, no_simp) assms comp_def delete_eq filter_cong filter_map split_def) (failed)
0.sledgehammer goal.by        13850ms HOL-Library.AList 475:16094  timeout (SH 13850ms): Timed out
0.sledgehammer goal.by         7562ms HOL-Library.AList 487:16482  some (SH 7562ms, ATP 525ms): Try this: apply (smt (cvc5, best) list.simps(8) map_ran_def) (50 ms)
0.sledgehammer goal.by         7562ms HOL-Library.AList 487:16482  some Preplay: (smt (cvc5, best) list.simps(8) map_ran_def) (50 ms)
0.sledgehammer goal.by         7562ms HOL-Library.AList 487:16482  some Preplay: (smt (cvc5, trigger_last) list.simps(8) map_ran_def) (> 50 ms, timed out)
0.sledgehammer goal.by         7562ms HOL-Library.AList 487:16482  some Preplay: (smt (cvc5, quant_saturate) list.simps(8) map_ran_def) (> 50 ms, timed out)
0.sledgehammer goal.by         7562ms HOL-Library.AList 487:16482  some Preplay: (smt (cvc5, trigger_max) list.simps(8) map_ran_def) (> 50 ms, timed out)
0.sledgehammer goal.by         7562ms HOL-Library.AList 487:16482  some Preplay: (smt (cvc5, trigger_relev) list.simps(8) map_ran_def) (> 50 ms, timed out)
0.sledgehammer goal.by         7562ms HOL-Library.AList 487:16482  some Preplay: (smt (cvc5, term_relev) list.simps(8) map_ran_def) (> 50 ms, timed out)
0.sledgehammer goal.by         7562ms HOL-Library.AList 487:16482  some Preplay: (smt (cvc5, noematch) list.simps(8) map_ran_def) (> 50 ms, timed out)
0.sledgehammer goal.by         7562ms HOL-Library.AList 487:16482  some Preplay: (smt (cvc5, fmf) list.simps(8) map_ran_def) (> 50 ms, timed out)
0.sledgehammer goal.by         7562ms HOL-Library.AList 487:16482  some Preplay: (smt (cvc5, no_simp) list.simps(8) map_ran_def) (> 50 ms, timed out)
0.sledgehammer goal.by        18675ms HOL-Library.AList 493:16714  timeout (SH 18675ms): Timed out
0.sledgehammer goal.by        13625ms HOL-Library.AList 496:16811  timeout (SH 13625ms): Timed out
0.sledgehammer goal.by        17077ms HOL-Library.AList 502:17048  timeout (SH 17077ms): Timed out
0.sledgehammer goal.by        54818ms HOL-Library.AList 508:17248  timeout (SH 54818ms):
0.sledgehammer goal.by        44353ms HOL-Library.AList 511:17387  some (SH 44353ms, ATP 1536ms): Try this: by (smt (cvc5, no_simp) clearjunk_map map_ran_def split_def split_pairs) (449 ms)
0.sledgehammer goal.by        44353ms HOL-Library.AList 511:17387  some Preplay: (smt (cvc5, no_simp) clearjunk_map map_ran_def split_def split_pairs) (449 ms)
0.sledgehammer goal.by        44353ms HOL-Library.AList 511:17387  some Preplay: (smt (cvc5, trigger_relev) clearjunk_map map_ran_def split_def split_pairs) (489 ms)
0.sledgehammer goal.by        44353ms HOL-Library.AList 511:17387  some Preplay: (smt (cvc5, term_relev) clearjunk_map map_ran_def split_def split_pairs) (596 ms)
0.sledgehammer goal.by        44353ms HOL-Library.AList 511:17387  some Preplay: (smt (cvc5, quant_saturate) clearjunk_map map_ran_def split_def split_pairs) (653 ms)
0.sledgehammer goal.by        44353ms HOL-Library.AList 511:17387  some Preplay: (smt (cvc5, trigger_last) clearjunk_map map_ran_def split_def split_pairs) (843 ms)
0.sledgehammer goal.by        44353ms HOL-Library.AList 511:17387  some Preplay: (smt (cvc5, best) clearjunk_map map_ran_def split_def split_pairs) (903 ms)
0.sledgehammer goal.by        44353ms HOL-Library.AList 511:17387  some Preplay: (smt (cvc5, trigger_max) clearjunk_map map_ran_def split_def split_pairs) (935 ms)
0.sledgehammer goal.by        44353ms HOL-Library.AList 511:17387  some Preplay: (smt (cvc5, noematch) clearjunk_map map_ran_def split_def split_pairs) (> 489 ms, timed out)
0.sledgehammer goal.by        44353ms HOL-Library.AList 511:17387  some Preplay: (smt (cvc5, fmf) clearjunk_map map_ran_def split_def split_pairs) (> 489 ms, timed out)
0.sledgehammer goal.by        14349ms HOL-Library.AList 522:17722  timeout (SH 14349ms): Timed out
0.sledgehammer goal.by        14455ms HOL-Library.AList 525:17850  timeout (SH 14455ms): Timed out
0.sledgehammer goal.by        15006ms HOL-Library.AList 528:18003  timeout (SH 15005ms): Timed out
0.sledgehammer goal.proof     14990ms HOL-Library.AList 537:18383  timeout (SH 14990ms): Timed out
0.sledgehammer goal.by        13588ms HOL-Library.AList 540:18499  timeout (SH 13588ms): Timed out
0.sledgehammer goal.by        15352ms HOL-Library.AList 587:20144  timeout (SH 15352ms): Timed out
0.sledgehammer goal.by        14190ms HOL-Library.AList 589:20183  timeout (SH 14190ms): Timed out
0.sledgehammer goal.by        13900ms HOL-Library.AList 592:20361  timeout (SH 13900ms): Timed out
0.sledgehammer goal.proof     15291ms HOL-Library.AList 595:20519  timeout (SH 15291ms): Timed out
0.sledgehammer goal.proof     15543ms HOL-Library.AList 601:20635  timeout (SH 15543ms): Timed out
0.sledgehammer goal.proof     49100ms HOL-Library.AList 607:20838  some (SH 49099ms, ATP 1324ms): Try this: by (smt (cvc5) None compose.simps(2) delete_notin_dom hyp map_comp_def map_comp_simps(2) map_of_Cons_code(2) map_of_delete map_of_eq_None_iff option.simps(4,4) surjective_pairing)
0.sledgehammer goal.proof     49100ms HOL-Library.AList 607:20838  some Preplay: (smt (cvc5, best) None compose.simps(2) delete_notin_dom hyp map_comp_def map_comp_simps(2) map_of_Cons_code(2) map_of_delete map_of_eq_None_iff option.simps(4) surjective_pairing) (> 1.0 s, timed out)
0.sledgehammer goal.proof     49100ms HOL-Library.AList 607:20838  some Preplay: (smt (cvc5, trigger_last) None compose.simps(2) delete_notin_dom hyp map_comp_def map_comp_simps(2) map_of_Cons_code(2) map_of_delete map_of_eq_None_iff option.simps(4) surjective_pairing) (> 1.0 s, timed out)
0.sledgehammer goal.proof     49100ms HOL-Library.AList 607:20838  some Preplay: (smt (cvc5, quant_saturate) None compose.simps(2) delete_notin_dom hyp map_comp_def map_comp_simps(2) map_of_Cons_code(2) map_of_delete map_of_eq_None_iff option.simps(4) surjective_pairing) (> 1.0 s, timed out)
0.sledgehammer goal.proof     49100ms HOL-Library.AList 607:20838  some Preplay: (smt (cvc5, trigger_max) None compose.simps(2) delete_notin_dom hyp map_comp_def map_comp_simps(2) map_of_Cons_code(2) map_of_delete map_of_eq_None_iff option.simps(4) surjective_pairing) (> 1.0 s, timed out)
0.sledgehammer goal.proof     49100ms HOL-Library.AList 607:20838  some Preplay: (smt (cvc5, trigger_relev) None compose.simps(2) delete_notin_dom hyp map_comp_def map_comp_simps(2) map_of_Cons_code(2) map_of_delete map_of_eq_None_iff option.simps(4) surjective_pairing) (> 1.0 s, timed out)
0.sledgehammer goal.proof     49100ms HOL-Library.AList 607:20838  some Preplay: (smt (cvc5, term_relev) None compose.simps(2) delete_notin_dom hyp map_comp_def map_comp_simps(2) map_of_Cons_code(2) map_of_delete map_of_eq_None_iff option.simps(4) surjective_pairing) (> 1.0 s, timed out)
0.sledgehammer goal.proof     49100ms HOL-Library.AList 607:20838  some Preplay: (smt (cvc5, noematch) None compose.simps(2) delete_notin_dom hyp map_comp_def map_comp_simps(2) map_of_Cons_code(2) map_of_delete map_of_eq_None_iff option.simps(4) surjective_pairing) (> 1.0 s, timed out)
0.sledgehammer goal.proof     49100ms HOL-Library.AList 607:20838  some Preplay: (smt (cvc5, fmf) None compose.simps(2) delete_notin_dom hyp map_comp_def map_comp_simps(2) map_of_Cons_code(2) map_of_delete map_of_eq_None_iff option.simps(4) surjective_pairing) (> 1.0 s, timed out)
0.sledgehammer goal.proof     49100ms HOL-Library.AList 607:20838  some Preplay: (smt (cvc5, no_simp) None compose.simps(2) delete_notin_dom hyp map_comp_def map_comp_simps(2) map_of_Cons_code(2) map_of_delete map_of_eq_None_iff option.simps(4) surjective_pairing) (> 1.0 s, timed out)
0.sledgehammer goal.using     71054ms HOL-Library.AList 613:21050  some (SH 71054ms, ATP 338ms): Try this: by (smt (cvc5, no_simp) None True compose.simps(2) compose_first_None fun_upd_apply map_comp_simps(2) map_of.simps(2) option.simps(4)) (990 ms)
0.sledgehammer goal.using     71054ms HOL-Library.AList 613:21050  some Preplay: (smt (cvc5, no_simp) None True compose.simps(2) compose_first_None fun_upd_apply map_comp_simps(2) map_of.simps(2) option.simps(4)) (990 ms)
0.sledgehammer goal.using     71054ms HOL-Library.AList 613:21050  some Preplay: (smt (cvc5, quant_saturate) None True compose.simps(2) compose_first_None fun_upd_apply map_comp_simps(2) map_of.simps(2) option.simps(4)) (1.3 s)
0.sledgehammer goal.using     71054ms HOL-Library.AList 613:21050  some Preplay: (smt (cvc5, trigger_max) None True compose.simps(2) compose_first_None fun_upd_apply map_comp_simps(2) map_of.simps(2) option.simps(4)) (2.1 s)
0.sledgehammer goal.using     71054ms HOL-Library.AList 613:21050  some Preplay: (smt (cvc5, best) None True compose.simps(2) compose_first_None fun_upd_apply map_comp_simps(2) map_of.simps(2) option.simps(4)) (> 1.0 s, timed out)
0.sledgehammer goal.using     71054ms HOL-Library.AList 613:21050  some Preplay: (smt (cvc5, trigger_last) None True compose.simps(2) compose_first_None fun_upd_apply map_comp_simps(2) map_of.simps(2) option.simps(4)) (> 1.0 s, timed out)
0.sledgehammer goal.using     71054ms HOL-Library.AList 613:21050  some Preplay: (smt (cvc5, trigger_relev) None True compose.simps(2) compose_first_None fun_upd_apply map_comp_simps(2) map_of.simps(2) option.simps(4)) (> 1.0 s, timed out)
0.sledgehammer goal.using     71054ms HOL-Library.AList 613:21050  some Preplay: (smt (cvc5, term_relev) None True compose.simps(2) compose_first_None fun_upd_apply map_comp_simps(2) map_of.simps(2) option.simps(4)) (> 1.0 s, timed out)
0.sledgehammer goal.using     71054ms HOL-Library.AList 613:21050  some Preplay: (smt (cvc5, noematch) None True compose.simps(2) compose_first_None fun_upd_apply map_comp_simps(2) map_of.simps(2) option.simps(4)) (> 1.0 s, timed out)
0.sledgehammer goal.using     71054ms HOL-Library.AList 613:21050  some Preplay: (smt (cvc5, fmf) None True compose.simps(2) compose_first_None fun_upd_apply map_comp_simps(2) map_of.simps(2) option.simps(4)) (> 1.0 s, timed out)
0.sledgehammer goal.by        13143ms HOL-Library.AList 614:21074  timeout (SH 13143ms): Timed out
0.sledgehammer goal.by        13891ms HOL-Library.AList 633:21549  timeout (SH 13891ms): Timed out
0.sledgehammer goal.using     15157ms HOL-Library.AList 665:22431  timeout (SH 15157ms): Timed out
0.sledgehammer goal.proof     13489ms HOL-Library.AList 666:22443  timeout (SH 13489ms): Timed out
0.sledgehammer goal.proof     14128ms HOL-Library.AList 672:22559  timeout (SH 14128ms): Timed out
0.sledgehammer goal.by        61412ms HOL-Library.AList 674:22631  some (SH 61411ms, ATP 737ms): Try this: by (smt (cvc5, trigger_last) compose.simps(2) distinct.simps(2) distinct_delete list.simps(9) option.simps(4)) (421 ms)
0.sledgehammer goal.by        61412ms HOL-Library.AList 674:22631  some Preplay: (smt (cvc5, trigger_last) compose.simps(2) distinct.simps(2) distinct_delete list.simps(9) option.simps(4)) (421 ms)
0.sledgehammer goal.by        61412ms HOL-Library.AList 674:22631  some Preplay: (smt (cvc5, quant_saturate) compose.simps(2) distinct.simps(2) distinct_delete list.simps(9) option.simps(4)) (433 ms)
0.sledgehammer goal.by        61412ms HOL-Library.AList 674:22631  some Preplay: (smt (cvc5, best) compose.simps(2) distinct.simps(2) distinct_delete list.simps(9) option.simps(4)) (441 ms)
0.sledgehammer goal.by        61412ms HOL-Library.AList 674:22631  some Preplay: (smt (cvc5, trigger_max) compose.simps(2) distinct.simps(2) distinct_delete list.simps(9) option.simps(4)) (481 ms)
0.sledgehammer goal.by        61412ms HOL-Library.AList 674:22631  some Preplay: (smt (cvc5, no_simp) compose.simps(2) distinct.simps(2) distinct_delete list.simps(9) option.simps(4)) (549 ms)
0.sledgehammer goal.by        61412ms HOL-Library.AList 674:22631  some Preplay: (smt (cvc5, noematch) compose.simps(2) distinct.simps(2) distinct_delete list.simps(9) option.simps(4)) (581 ms)
0.sledgehammer goal.by        61412ms HOL-Library.AList 674:22631  some Preplay: (smt (cvc5, term_relev) compose.simps(2) distinct.simps(2) distinct_delete list.simps(9) option.simps(4)) (738 ms)
0.sledgehammer goal.by        61412ms HOL-Library.AList 674:22631  some Preplay: (smt (cvc5, trigger_relev) compose.simps(2) distinct.simps(2) distinct_delete list.simps(9) option.simps(4)) (812 ms)
0.sledgehammer goal.by        61412ms HOL-Library.AList 674:22631  some Preplay: (smt (cvc5, fmf) compose.simps(2) distinct.simps(2) distinct_delete list.simps(9) option.simps(4)) (> 421 ms, timed out)
0.sledgehammer goal.by        13258ms HOL-Library.AList 678:22717  timeout (SH 13258ms): Timed out
0.sledgehammer goal.proof     14203ms HOL-Library.AList 683:22818  timeout (SH 14203ms): Timed out
0.sledgehammer goal.proof     15638ms HOL-Library.AList 689:22934  timeout (SH 15637ms): Timed out
0.sledgehammer goal.proof     60523ms HOL-Library.AList 695:23134  timeout (SH 60522ms):
0.sledgehammer goal.by        13010ms HOL-Library.AList 698:23217  timeout (SH 13010ms): Timed out
0.sledgehammer goal.by        12873ms HOL-Library.AList 702:23317  timeout (SH 12873ms): Timed out
0.sledgehammer goal.by        13136ms HOL-Library.AList 709:23500  timeout (SH 13136ms): Timed out
0.sledgehammer goal.by        12694ms HOL-Library.AList 714:23590  timeout (SH 12694ms): Timed out
0.sledgehammer goal.by        13272ms HOL-Library.AList 718:23772  timeout (SH 13272ms): Timed out
0.sledgehammer goal.by        13294ms HOL-Library.AList 722:23954  timeout (SH 13294ms): Timed out
0.sledgehammer goal.by        12927ms HOL-Library.AList 746:24765  timeout (SH 12927ms): Timed out
0.sledgehammer goal.by        12848ms HOL-Library.AList 749:24855  timeout (SH 12848ms): Timed out
0.sledgehammer goal.using     12988ms HOL-Library.AList 754:24986  timeout (SH 12988ms): Timed out
0.sledgehammer goal.by        12992ms HOL-Library.AList 754:24998  timeout (SH 12992ms): Timed out
0.sledgehammer goal.by        13150ms HOL-Library.AList 768:25467  timeout (SH 13150ms): Timed out
0.sledgehammer goal.by        13094ms HOL-Library.AList 771:25574  timeout (SH 13094ms): Timed out
0.sledgehammer goal.using     14968ms HOL-Library.AList 776:25711  timeout (SH 14968ms): Timed out
0.sledgehammer goal.by        14163ms HOL-Library.AList 776:25723  timeout (SH 14163ms): Timed out
0.sledgehammer goal.using     13608ms HOL-Library.DAList 38:925  timeout (SH 13608ms): Timed out
0.sledgehammer goal.by        12154ms HOL-Library.DAList 103:2927  timeout (SH 12154ms): Timed out
0.sledgehammer goal.by         1185ms HOL-Library.DAList 116:3207  none (SH 1185ms): Prover error:
0.sledgehammer goal.by         1185ms HOL-Library.DAList 116:3207  none cannot atomize goal
0.sledgehammer goal.by        14867ms HOL-Library.BNF_Corec 31:828  timeout (SH 14867ms): Timed out
0.sledgehammer goal.by         4501ms HOL-Library.BNF_Corec 58:1632  some (SH 4501ms, ATP 310ms): Try this: apply (smt (cvc5, no_simp)) (92 ms)
0.sledgehammer goal.by         4501ms HOL-Library.BNF_Corec 58:1632  some Preplay: (smt (cvc5, no_simp)) (92 ms)
0.sledgehammer goal.by         4501ms HOL-Library.BNF_Corec 58:1632  some Preplay: (smt (cvc5, trigger_relev)) (98 ms)
0.sledgehammer goal.by         4501ms HOL-Library.BNF_Corec 58:1632  some Preplay: (smt (cvc5, best)) (118 ms)
0.sledgehammer goal.by         4501ms HOL-Library.BNF_Corec 58:1632  some Preplay: (smt (cvc5, trigger_last)) (119 ms)
0.sledgehammer goal.by         4501ms HOL-Library.BNF_Corec 58:1632  some Preplay: (smt (cvc5, fmf)) (133 ms)
0.sledgehammer goal.by         4501ms HOL-Library.BNF_Corec 58:1632  some Preplay: (smt (cvc5, trigger_max)) (142 ms)
0.sledgehammer goal.by         4501ms HOL-Library.BNF_Corec 58:1632  some Preplay: (smt (cvc5, quant_saturate)) (144 ms)
0.sledgehammer goal.by         4501ms HOL-Library.BNF_Corec 58:1632  some Preplay: (smt (cvc5, noematch)) (146 ms)
0.sledgehammer goal.by         4501ms HOL-Library.BNF_Corec 58:1632  some Preplay: (smt (cvc5, term_relev)) (146 ms)
0.sledgehammer goal.by        15650ms HOL-Library.BNF_Corec 79:2280  timeout (SH 15650ms): Timed out
0.sledgehammer goal.unfolding 14091ms HOL-Library.BNF_Corec 84:2457  timeout (SH 14091ms): Timed out
0.sledgehammer goal.by        13732ms HOL-Library.BNF_Corec 84:2506  timeout (SH 13732ms): Timed out
0.sledgehammer goal.unfolding 222095ms HOL-Library.BNF_Corec 106:3175  some (SH 222095ms, ATP 564ms): Try this: by (smt (cvc5, trigger_last) boolean_algebra_cancel.inf1 equivp_inf equivp_retr inf.idem inf.orderI inf2I inf_commute local.cong_def predicate2D_obj rel_funD rel_funI rel_mono retr_eval) (538 ms)
0.sledgehammer goal.unfolding 222095ms HOL-Library.BNF_Corec 106:3175  some Preplay: (smt (cvc5, trigger_last) boolean_algebra_cancel.inf1 equivp_inf equivp_retr inf.idem inf.orderI inf2I inf_commute local.cong_def predicate2D_obj rel_funD rel_funI rel_mono retr_eval) (538 ms)
0.sledgehammer goal.unfolding 222095ms HOL-Library.BNF_Corec 106:3175  some Preplay: (smt (cvc5, best) boolean_algebra_cancel.inf1 equivp_inf equivp_retr inf.idem inf.orderI inf2I inf_commute local.cong_def predicate2D_obj rel_funD rel_funI rel_mono retr_eval) (558 ms)
0.sledgehammer goal.unfolding 222095ms HOL-Library.BNF_Corec 106:3175  some Preplay: (smt (cvc5, trigger_relev) boolean_algebra_cancel.inf1 equivp_inf equivp_retr inf.idem inf.orderI inf2I inf_commute local.cong_def predicate2D_obj rel_funD rel_funI rel_mono retr_eval) (990 ms)
0.sledgehammer goal.unfolding 222095ms HOL-Library.BNF_Corec 106:3175  some Preplay: (smt (cvc5, no_simp) boolean_algebra_cancel.inf1 equivp_inf equivp_retr inf.idem inf.orderI inf2I inf_commute local.cong_def predicate2D_obj rel_funD rel_funI rel_mono retr_eval) (1.8 s)
0.sledgehammer goal.unfolding 222095ms HOL-Library.BNF_Corec 106:3175  some Preplay: (smt (cvc5, quant_saturate) boolean_algebra_cancel.inf1 equivp_inf equivp_retr inf.idem inf.orderI inf2I inf_commute local.cong_def predicate2D_obj rel_funD rel_funI rel_mono retr_eval) (> 538 ms, timed out)
0.sledgehammer goal.unfolding 222095ms HOL-Library.BNF_Corec 106:3175  some Preplay: (smt (cvc5, trigger_max) boolean_algebra_cancel.inf1 equivp_inf equivp_retr inf.idem inf.orderI inf2I inf_commute local.cong_def predicate2D_obj rel_funD rel_funI rel_mono retr_eval) (> 538 ms, timed out)
0.sledgehammer goal.unfolding 222095ms HOL-Library.BNF_Corec 106:3175  some Preplay: (smt (cvc5, term_relev) boolean_algebra_cancel.inf1 equivp_inf equivp_retr inf.idem inf.orderI inf2I inf_commute local.cong_def predicate2D_obj rel_funD rel_funI rel_mono retr_eval) (> 538 ms, timed out)
0.sledgehammer goal.unfolding 222095ms HOL-Library.BNF_Corec 106:3175  some Preplay: (smt (cvc5, noematch) boolean_algebra_cancel.inf1 equivp_inf equivp_retr inf.idem inf.orderI inf2I inf_commute local.cong_def predicate2D_obj rel_funD rel_funI rel_mono retr_eval) (> 538 ms, timed out)
0.sledgehammer goal.unfolding 222095ms HOL-Library.BNF_Corec 106:3175  some Preplay: (smt (cvc5, fmf) boolean_algebra_cancel.inf1 equivp_inf equivp_retr inf.idem inf.orderI inf2I inf_commute local.cong_def predicate2D_obj rel_funD rel_funI rel_mono retr_eval) (> 538 ms, timed out)
0.sledgehammer goal.by        52514ms HOL-Library.BNF_Corec 107:3196  timeout (SH 52514ms):
0.sledgehammer goal.by        12438ms HOL-Library.BNF_Corec 126:3951  timeout (SH 12438ms): Timed out
0.sledgehammer goal.apply     93676ms HOL-Library.BNF_Corec 166:5501  some (SH 93676ms, ATP 1108ms): Try this: by (smt (cvc5, trigger_relev) cih coind cong.gen_cong_minimal cong_axioms cong_gen_cong cong_retr dual_order.trans inf.bounded_iff leq_gen_cong) (277 ms)
0.sledgehammer goal.apply     93676ms HOL-Library.BNF_Corec 166:5501  some Preplay: (smt (cvc5, trigger_relev) cih coind cong.gen_cong_minimal cong_axioms cong_gen_cong cong_retr dual_order.trans inf.bounded_iff leq_gen_cong) (277 ms)
0.sledgehammer goal.apply     93676ms HOL-Library.BNF_Corec 166:5501  some Preplay: (smt (cvc5, no_simp) cih coind cong.gen_cong_minimal cong_axioms cong_gen_cong cong_retr dual_order.trans inf.bounded_iff leq_gen_cong) (318 ms)
0.sledgehammer goal.apply     93676ms HOL-Library.BNF_Corec 166:5501  some Preplay: (smt (cvc5, trigger_last) cih coind cong.gen_cong_minimal cong_axioms cong_gen_cong cong_retr dual_order.trans inf.bounded_iff leq_gen_cong) (515 ms)
0.sledgehammer goal.apply     93676ms HOL-Library.BNF_Corec 166:5501  some Preplay: (smt (cvc5, quant_saturate) cih coind cong.gen_cong_minimal cong_axioms cong_gen_cong cong_retr dual_order.trans inf.bounded_iff leq_gen_cong) (523 ms)
0.sledgehammer goal.apply     93676ms HOL-Library.BNF_Corec 166:5501  some Preplay: (smt (cvc5, best) cih coind cong.gen_cong_minimal cong_axioms cong_gen_cong cong_retr dual_order.trans inf.bounded_iff leq_gen_cong) (535 ms)
0.sledgehammer goal.apply     93676ms HOL-Library.BNF_Corec 166:5501  some Preplay: (smt (cvc5, term_relev) cih coind cong.gen_cong_minimal cong_axioms cong_gen_cong cong_retr dual_order.trans inf.bounded_iff leq_gen_cong) (> 277 ms, timed out)
0.sledgehammer goal.apply     93676ms HOL-Library.BNF_Corec 166:5501  some Preplay: (smt (cvc5, noematch) cih coind cong.gen_cong_minimal cong_axioms cong_gen_cong cong_retr dual_order.trans inf.bounded_iff leq_gen_cong) (> 277 ms, timed out)
0.sledgehammer goal.apply     93676ms HOL-Library.BNF_Corec 166:5501  some Preplay: (smt (cvc5, fmf) cih coind cong.gen_cong_minimal cong_axioms cong_gen_cong cong_retr dual_order.trans inf.bounded_iff leq_gen_cong) (> 277 ms, timed out)
0.sledgehammer goal.apply     93676ms HOL-Library.BNF_Corec 166:5501  some Preplay: (smt (cvc5, trigger_max) cih coind cong.gen_cong_minimal cong_axioms cong_gen_cong cong_retr dual_order.trans inf.bounded_iff leq_gen_cong) (> 515 ms, timed out)
0.sledgehammer goal.apply     53211ms HOL-Library.BNF_Corec 167:5567  timeout (SH 53211ms):
0.sledgehammer goal.by        14102ms HOL-Library.BNF_Corec 176:5862  timeout (SH 14102ms): Timed out
0.sledgehammer goal.unfolding 11876ms HOL-Library.Cancellation 33:1149  timeout (SH 11876ms): Timed out
0.sledgehammer goal.by        11819ms HOL-Library.Cancellation 33:1175  timeout (SH 11819ms): Timed out
0.sledgehammer goal.by        14785ms HOL-Library.Cancellation 36:1291  timeout (SH 14785ms): Timed out
0.sledgehammer goal.by        56857ms HOL-Library.Cancellation 46:1631  timeout (SH 56857ms):
0.sledgehammer goal.by        52845ms HOL-Library.Cancellation 58:2396  timeout (SH 52845ms):
0.sledgehammer goal.by        48458ms HOL-Library.Cancellation 70:3174  some (SH 48458ms, ATP 363ms): Try this: by (smt (cvc5, no_simp) add.assoc add.commute add_diff_cancel_right iterate_add_distrib le_add_diff_inverse2) (174 ms)
0.sledgehammer goal.by        48458ms HOL-Library.Cancellation 70:3174  some Preplay: (smt (cvc5, no_simp) add.assoc add.commute add_diff_cancel_right iterate_add_distrib le_add_diff_inverse2) (174 ms)
0.sledgehammer goal.by        48458ms HOL-Library.Cancellation 70:3174  some Preplay: (smt (cvc5, term_relev) add.assoc add.commute add_diff_cancel_right iterate_add_distrib le_add_diff_inverse2) (204 ms)
0.sledgehammer goal.by        48458ms HOL-Library.Cancellation 70:3174  some Preplay: (smt (cvc5, trigger_relev) add.assoc add.commute add_diff_cancel_right iterate_add_distrib le_add_diff_inverse2) (237 ms)
0.sledgehammer goal.by        48458ms HOL-Library.Cancellation 70:3174  some Preplay: (smt (cvc5, best) add.assoc add.commute add_diff_cancel_right iterate_add_distrib le_add_diff_inverse2) (276 ms)
0.sledgehammer goal.by        48458ms HOL-Library.Cancellation 70:3174  some Preplay: (smt (cvc5, quant_saturate) add.assoc add.commute add_diff_cancel_right iterate_add_distrib le_add_diff_inverse2) (280 ms)
0.sledgehammer goal.by        48458ms HOL-Library.Cancellation 70:3174  some Preplay: (smt (cvc5, trigger_max) add.assoc add.commute add_diff_cancel_right iterate_add_distrib le_add_diff_inverse2) (282 ms)
0.sledgehammer goal.by        48458ms HOL-Library.Cancellation 70:3174  some Preplay: (smt (cvc5, trigger_last) add.assoc add.commute add_diff_cancel_right iterate_add_distrib le_add_diff_inverse2) (294 ms)
0.sledgehammer goal.by        48458ms HOL-Library.Cancellation 70:3174  some Preplay: (smt (cvc5, noematch) add.assoc add.commute add_diff_cancel_right iterate_add_distrib le_add_diff_inverse2) (> 204 ms, timed out)
0.sledgehammer goal.by        48458ms HOL-Library.Cancellation 70:3174  some Preplay: (smt (cvc5, fmf) add.assoc add.commute add_diff_cancel_right iterate_add_distrib le_add_diff_inverse2) (> 204 ms, timed out)
0.sledgehammer goal.by        45838ms HOL-Library.Cancellation 74:3393  some (SH 45837ms, ATP 545ms): Try this: by (smt (cvc5, no_simp) add_diff_cancel_left diff_diff_eq iterate_add_distrib le_add_diff_inverse) (397 ms)
0.sledgehammer goal.by        45838ms HOL-Library.Cancellation 74:3393  some Preplay: (smt (cvc5, no_simp) add_diff_cancel_left diff_diff_eq iterate_add_distrib le_add_diff_inverse) (397 ms)
0.sledgehammer goal.by        45838ms HOL-Library.Cancellation 74:3393  some Preplay: (smt (cvc5, trigger_last) add_diff_cancel_left diff_diff_eq iterate_add_distrib le_add_diff_inverse) (593 ms)
0.sledgehammer goal.by        45838ms HOL-Library.Cancellation 74:3393  some Preplay: (smt (cvc5, quant_saturate) add_diff_cancel_left diff_diff_eq iterate_add_distrib le_add_diff_inverse) (595 ms)
0.sledgehammer goal.by        45838ms HOL-Library.Cancellation 74:3393  some Preplay: (smt (cvc5, trigger_relev) add_diff_cancel_left diff_diff_eq iterate_add_distrib le_add_diff_inverse) (751 ms)
0.sledgehammer goal.by        45838ms HOL-Library.Cancellation 74:3393  some Preplay: (smt (cvc5, trigger_max) add_diff_cancel_left diff_diff_eq iterate_add_distrib le_add_diff_inverse) (758 ms)
0.sledgehammer goal.by        45838ms HOL-Library.Cancellation 74:3393  some Preplay: (smt (cvc5, term_relev) add_diff_cancel_left diff_diff_eq iterate_add_distrib le_add_diff_inverse) (938 ms)
0.sledgehammer goal.by        45838ms HOL-Library.Cancellation 74:3393  some Preplay: (smt (cvc5, best) add_diff_cancel_left diff_diff_eq iterate_add_distrib le_add_diff_inverse) (1.2 s)
0.sledgehammer goal.by        45838ms HOL-Library.Cancellation 74:3393  some Preplay: (smt (cvc5, noematch) add_diff_cancel_left diff_diff_eq iterate_add_distrib le_add_diff_inverse) (> 593 ms, timed out)
0.sledgehammer goal.by        45838ms HOL-Library.Cancellation 74:3393  some Preplay: (smt (cvc5, fmf) add_diff_cancel_left diff_diff_eq iterate_add_distrib le_add_diff_inverse) (> 593 ms, timed out)
0.sledgehammer goal.proof     12228ms HOL-Library.Multiset 20:568  timeout (SH 12228ms): Timed out
0.sledgehammer goal.by        12137ms HOL-Library.Multiset 32:876  timeout (SH 12137ms): Timed out
0.sledgehammer goal.using     11985ms HOL-Library.Multiset 41:1188  timeout (SH 11985ms): Timed out
0.sledgehammer goal.by        12126ms HOL-Library.Multiset 41:1199  timeout (SH 12126ms): Timed out
0.sledgehammer goal.using     12203ms HOL-Library.Multiset 45:1360  timeout (SH 12203ms): Timed out
0.sledgehammer goal.by        12273ms HOL-Library.Multiset 45:1371  timeout (SH 12273ms): Timed out
0.sledgehammer goal.by        12493ms HOL-Library.Multiset 66:1855  timeout (SH 12493ms): Timed out
0.sledgehammer goal.by        12373ms HOL-Library.Multiset 70:1967  timeout (SH 12373ms): Timed out
0.sledgehammer goal.by         1245ms HOL-Library.Multiset 73:2013  none (SH 1245ms): Prover error:
0.sledgehammer goal.by         1245ms HOL-Library.Multiset 73:2013  none cannot atomize goal
0.sledgehammer goal.using     16352ms HOL-Library.Multiset 88:2303  timeout (SH 16352ms): Timed out
0.sledgehammer goal.by        13008ms HOL-Library.Multiset 88:2314  timeout (SH 13008ms): Timed out
0.sledgehammer goal.by        12141ms HOL-Library.Multiset 92:2460  timeout (SH 12141ms): Timed out
0.sledgehammer goal.by        11932ms HOL-Library.Multiset 190:5378  timeout (SH 11932ms): Timed out
0.sledgehammer goal.by        12116ms HOL-Library.Multiset 232:6300  timeout (SH 12115ms): Timed out
0.sledgehammer goal.using     12095ms HOL-Library.Multiset 240:6507  timeout (SH 12095ms): Timed out
0.sledgehammer goal.by        12119ms HOL-Library.Multiset 243:6626  timeout (SH 12119ms): Timed out
0.sledgehammer goal.by        11925ms HOL-Library.Multiset 265:7189  timeout (SH 11925ms): Timed out
0.sledgehammer goal.by        11901ms HOL-Library.Multiset 269:7352  timeout (SH 11901ms): Timed out
0.sledgehammer goal.by         1154ms HOL-Library.Multiset 283:7761  none (SH 1154ms): Prover error:
0.sledgehammer goal.by         1154ms HOL-Library.Multiset 283:7761  none cannot atomize goal
0.sledgehammer goal.by        15988ms HOL-Library.Multiset 355:9714  timeout (SH 15988ms): Timed out
0.sledgehammer goal.by        81349ms HOL-Library.Multiset 361:9899  some (SH 81349ms, ATP 1832ms): Try this: by (smt (cvc5, quant_saturate) add.commute add_diff_cancel_left add_mset_add_single count_add_mset diff_diff_eq diff_empty in_diff_count insertCI insert_DiffM2 set_mset_add_mset_insert) (3.1 s)
0.sledgehammer goal.by        81349ms HOL-Library.Multiset 361:9899  some Preplay: (smt (cvc5, quant_saturate) add.commute add_diff_cancel_left add_mset_add_single count_add_mset diff_diff_eq diff_empty in_diff_count insertCI insert_DiffM2 set_mset_add_mset_insert) (3.1 s)
0.sledgehammer goal.by        81349ms HOL-Library.Multiset 361:9899  some Preplay: (smt (cvc5, best) add.commute add_diff_cancel_left add_mset_add_single count_add_mset diff_diff_eq diff_empty in_diff_count insertCI insert_DiffM2 set_mset_add_mset_insert) (> 1.0 s, timed out)
0.sledgehammer goal.by        81349ms HOL-Library.Multiset 361:9899  some Preplay: (smt (cvc5, trigger_last) add.commute add_diff_cancel_left add_mset_add_single count_add_mset diff_diff_eq diff_empty in_diff_count insertCI insert_DiffM2 set_mset_add_mset_insert) (> 1.0 s, timed out)
0.sledgehammer goal.by        81349ms HOL-Library.Multiset 361:9899  some Preplay: (smt (cvc5, trigger_max) add.commute add_diff_cancel_left add_mset_add_single count_add_mset diff_diff_eq diff_empty in_diff_count insertCI insert_DiffM2 set_mset_add_mset_insert) (> 1.0 s, timed out)
0.sledgehammer goal.by        81349ms HOL-Library.Multiset 361:9899  some Preplay: (smt (cvc5, trigger_relev) add.commute add_diff_cancel_left add_mset_add_single count_add_mset diff_diff_eq diff_empty in_diff_count insertCI insert_DiffM2 set_mset_add_mset_insert) (> 1.0 s, timed out)
0.sledgehammer goal.by        81349ms HOL-Library.Multiset 361:9899  some Preplay: (smt (cvc5, term_relev) add.commute add_diff_cancel_left add_mset_add_single count_add_mset diff_diff_eq diff_empty in_diff_count insertCI insert_DiffM2 set_mset_add_mset_insert) (> 1.0 s, timed out)
0.sledgehammer goal.by        81349ms HOL-Library.Multiset 361:9899  some Preplay: (smt (cvc5, noematch) add.commute add_diff_cancel_left add_mset_add_single count_add_mset diff_diff_eq diff_empty in_diff_count insertCI insert_DiffM2 set_mset_add_mset_insert) (> 1.0 s, timed out)
0.sledgehammer goal.by        81349ms HOL-Library.Multiset 361:9899  some Preplay: (smt (cvc5, fmf) add.commute add_diff_cancel_left add_mset_add_single count_add_mset diff_diff_eq diff_empty in_diff_count insertCI insert_DiffM2 set_mset_add_mset_insert) (> 1.0 s, timed out)
0.sledgehammer goal.by        81349ms HOL-Library.Multiset 361:9899  some Preplay: (smt (cvc5, no_simp) add.commute add_diff_cancel_left add_mset_add_single count_add_mset diff_diff_eq diff_empty in_diff_count insertCI insert_DiffM2 set_mset_add_mset_insert) (> 1.0 s, timed out)
0.sledgehammer goal.by        12113ms HOL-Library.Multiset 364:10020  timeout (SH 12112ms): Timed out
0.sledgehammer goal.by        52355ms HOL-Library.Multiset 374:10417  timeout (SH 52355ms):
0.sledgehammer goal.by        12055ms HOL-Library.Multiset 396:11030  timeout (SH 12055ms): Timed out
0.sledgehammer goal.by        12254ms HOL-Library.Multiset 431:12054  timeout (SH 12254ms): Timed out
0.sledgehammer goal.using      2879ms HOL-Library.Multiset 495:14268  some (SH 2878ms, ATP 302ms): Try this: by (smt (cvc5, term_relev) BC \<open>c \<in># add_mset c C\<close>) (83 ms)
0.sledgehammer goal.using      2879ms HOL-Library.Multiset 495:14268  some Preplay: (smt (cvc5, term_relev) BC \<open>c \<in># add_mset c C\<close>) (83 ms)
0.sledgehammer goal.using      2879ms HOL-Library.Multiset 495:14268  some Preplay: (smt (cvc5, trigger_relev) BC \<open>c \<in># add_mset c C\<close>) (106 ms)
0.sledgehammer goal.using      2879ms HOL-Library.Multiset 495:14268  some Preplay: (smt (cvc5, fmf) BC \<open>c \<in># add_mset c C\<close>) (118 ms)
0.sledgehammer goal.using      2879ms HOL-Library.Multiset 495:14268  some Preplay: (smt (cvc5, no_simp) BC \<open>c \<in># add_mset c C\<close>) (128 ms)
0.sledgehammer goal.using      2879ms HOL-Library.Multiset 495:14268  some Preplay: (smt (cvc5, noematch) BC \<open>c \<in># add_mset c C\<close>) (131 ms)
0.sledgehammer goal.using      2879ms HOL-Library.Multiset 495:14268  some Preplay: (smt (cvc5, best) BC \<open>c \<in># add_mset c C\<close>) (154 ms)
0.sledgehammer goal.using      2879ms HOL-Library.Multiset 495:14268  some Preplay: (smt (cvc5, trigger_max) BC \<open>c \<in># add_mset c C\<close>) (159 ms)
0.sledgehammer goal.using      2879ms HOL-Library.Multiset 495:14268  some Preplay: (smt (cvc5, quant_saturate) BC \<open>c \<in># add_mset c C\<close>) (165 ms)
0.sledgehammer goal.using      2879ms HOL-Library.Multiset 495:14268  some Preplay: (smt (cvc5, trigger_last) BC \<open>c \<in># add_mset c C\<close>) (166 ms)
0.sledgehammer goal.by        56618ms HOL-Library.Multiset 502:14452  timeout (SH 56618ms):
0.sledgehammer goal.by        11902ms HOL-Library.Multiset 550:15964  timeout (SH 11902ms): Timed out
0.sledgehammer goal.by        10129ms HOL-Library.Multiset 553:16165  timeout (SH 10129ms): Timed out
0.sledgehammer goal.by        10189ms HOL-Library.Multiset 557:16435  timeout (SH 10189ms): Timed out
0.sledgehammer goal.unfolding 12286ms HOL-Library.Multiset 569:16791  timeout (SH 12286ms): Timed out
0.sledgehammer goal.by        12148ms HOL-Library.Multiset 570:16821  timeout (SH 12148ms): Timed out
0.sledgehammer goal.by        13975ms HOL-Library.Multiset 573:17022  timeout (SH 13975ms): Timed out
0.sledgehammer goal.using      7240ms HOL-Library.Multiset 647:19334  some (SH 7240ms, ATP 352ms): Try this: by (smt (cvc5, fmf) assms subset_mset.strict_trans2) (281 ms)
0.sledgehammer goal.using      7240ms HOL-Library.Multiset 647:19334  some Preplay: (smt (cvc5, fmf) assms subset_mset.strict_trans2) (281 ms)
0.sledgehammer goal.using      7240ms HOL-Library.Multiset 647:19334  some Preplay: (smt (cvc5, no_simp) assms subset_mset.strict_trans2) (293 ms)
0.sledgehammer goal.using      7240ms HOL-Library.Multiset 647:19334  some Preplay: (smt (cvc5, quant_saturate) assms subset_mset.strict_trans2) (330 ms)
0.sledgehammer goal.using      7240ms HOL-Library.Multiset 647:19334  some Preplay: (smt (cvc5, term_relev) assms subset_mset.strict_trans2) (338 ms)
0.sledgehammer goal.using      7240ms HOL-Library.Multiset 647:19334  some Preplay: (smt (cvc5, trigger_relev) assms subset_mset.strict_trans2) (339 ms)
0.sledgehammer goal.using      7240ms HOL-Library.Multiset 647:19334  some Preplay: (smt (cvc5, trigger_max) assms subset_mset.strict_trans2) (341 ms)
0.sledgehammer goal.using      7240ms HOL-Library.Multiset 647:19334  some Preplay: (smt (cvc5, trigger_last) assms subset_mset.strict_trans2) (397 ms)
0.sledgehammer goal.using      7240ms HOL-Library.Multiset 647:19334  some Preplay: (smt (cvc5, noematch) assms subset_mset.strict_trans2) (399 ms)
0.sledgehammer goal.using      7240ms HOL-Library.Multiset 647:19334  some Preplay: (smt (cvc5, best) assms subset_mset.strict_trans2) (444 ms)
0.sledgehammer goal.by        47307ms HOL-Library.Multiset 669:19978  some (SH 47307ms, ATP 502ms): Try this: by (smt (cvc5, best) diff_single_eq_union insert_subset_eq_iff subset_mset.dual_order.strict_iff_order) (266 ms)
0.sledgehammer goal.by        47307ms HOL-Library.Multiset 669:19978  some Preplay: (smt (cvc5, best) diff_single_eq_union insert_subset_eq_iff subset_mset.dual_order.strict_iff_order) (266 ms)
0.sledgehammer goal.by        47307ms HOL-Library.Multiset 669:19978  some Preplay: (smt (cvc5, trigger_last) diff_single_eq_union insert_subset_eq_iff subset_mset.dual_order.strict_iff_order) (284 ms)
0.sledgehammer goal.by        47307ms HOL-Library.Multiset 669:19978  some Preplay: (smt (cvc5, trigger_max) diff_single_eq_union insert_subset_eq_iff subset_mset.dual_order.strict_iff_order) (349 ms)
0.sledgehammer goal.by        47307ms HOL-Library.Multiset 669:19978  some Preplay: (smt (cvc5, quant_saturate) diff_single_eq_union insert_subset_eq_iff subset_mset.dual_order.strict_iff_order) (361 ms)
0.sledgehammer goal.by        47307ms HOL-Library.Multiset 669:19978  some Preplay: (smt (cvc5, trigger_relev) diff_single_eq_union insert_subset_eq_iff subset_mset.dual_order.strict_iff_order) (382 ms)
0.sledgehammer goal.by        47307ms HOL-Library.Multiset 669:19978  some Preplay: (smt (cvc5, noematch) diff_single_eq_union insert_subset_eq_iff subset_mset.dual_order.strict_iff_order) (513 ms)
0.sledgehammer goal.by        47307ms HOL-Library.Multiset 669:19978  some Preplay: (smt (cvc5, no_simp) diff_single_eq_union insert_subset_eq_iff subset_mset.dual_order.strict_iff_order) (538 ms)
0.sledgehammer goal.by        47307ms HOL-Library.Multiset 669:19978  some Preplay: (smt (cvc5, fmf) diff_single_eq_union insert_subset_eq_iff subset_mset.dual_order.strict_iff_order) (577 ms)
0.sledgehammer goal.by        47307ms HOL-Library.Multiset 669:19978  some Preplay: (smt (cvc5, term_relev) diff_single_eq_union insert_subset_eq_iff subset_mset.dual_order.strict_iff_order) (580 ms)
0.sledgehammer goal.by        12099ms HOL-Library.Multiset 673:20093  timeout (SH 12098ms): Timed out
0.sledgehammer goal.by         8655ms HOL-Library.Multiset 720:21820  timeout (SH 8655ms): Timed out
0.sledgehammer goal.by        56994ms HOL-Library.Multiset 728:22148  timeout (SH 56994ms):
0.sledgehammer goal.proof      8575ms HOL-Library.Multiset 731:22265  timeout (SH 8575ms): Timed out
0.sledgehammer goal.proof      8396ms HOL-Library.Multiset 739:22616  timeout (SH 8396ms): Timed out
0.sledgehammer goal.by         8392ms HOL-Library.Multiset 743:22753  timeout (SH 8392ms): Timed out
0.sledgehammer goal.by         7839ms HOL-Library.Multiset 748:22968  timeout (SH 7839ms): Timed out
0.sledgehammer goal.by        12180ms HOL-Library.Multiset 756:23179  timeout (SH 12180ms): Timed out
0.sledgehammer goal.proof     12249ms HOL-Library.Multiset 772:23612  timeout (SH 12249ms): Timed out
0.sledgehammer goal.unfolding 66031ms HOL-Library.Multiset 777:23786  some (SH 66031ms, ATP 431ms): Try this: by (smt (cvc5, quant_saturate) count_greater_zero_iff count_inI less_numeral_extra(3) min_less_iff_conj) (375 ms)
0.sledgehammer goal.unfolding 66031ms HOL-Library.Multiset 777:23786  some Preplay: (smt (cvc5, quant_saturate) count_greater_zero_iff count_inI less_numeral_extra(3) min_less_iff_conj) (375 ms)
0.sledgehammer goal.unfolding 66031ms HOL-Library.Multiset 777:23786  some Preplay: (smt (cvc5, no_simp) count_greater_zero_iff count_inI less_numeral_extra(3) min_less_iff_conj) (408 ms)
0.sledgehammer goal.unfolding 66031ms HOL-Library.Multiset 777:23786  some Preplay: (smt (cvc5, best) count_greater_zero_iff count_inI less_numeral_extra(3) min_less_iff_conj) (543 ms)
0.sledgehammer goal.unfolding 66031ms HOL-Library.Multiset 777:23786  some Preplay: (smt (cvc5, trigger_last) count_greater_zero_iff count_inI less_numeral_extra(3) min_less_iff_conj) (579 ms)
0.sledgehammer goal.unfolding 66031ms HOL-Library.Multiset 777:23786  some Preplay: (smt (cvc5, trigger_max) count_greater_zero_iff count_inI less_numeral_extra(3) min_less_iff_conj) (763 ms)
0.sledgehammer goal.unfolding 66031ms HOL-Library.Multiset 777:23786  some Preplay: (smt (cvc5, noematch) count_greater_zero_iff count_inI less_numeral_extra(3) min_less_iff_conj) (875 ms)
0.sledgehammer goal.unfolding 66031ms HOL-Library.Multiset 777:23786  some Preplay: (smt (cvc5, trigger_relev) count_greater_zero_iff count_inI less_numeral_extra(3) min_less_iff_conj) (921 ms)
0.sledgehammer goal.unfolding 66031ms HOL-Library.Multiset 777:23786  some Preplay: (smt (cvc5, term_relev) count_greater_zero_iff count_inI less_numeral_extra(3) min_less_iff_conj) (994 ms)
0.sledgehammer goal.unfolding 66031ms HOL-Library.Multiset 777:23786  some Preplay: (smt (cvc5, fmf) count_greater_zero_iff count_inI less_numeral_extra(3) min_less_iff_conj) (1.1 s)
0.sledgehammer goal.by         2913ms HOL-Library.Multiset 777:23804  some (SH 2913ms, ATP 416ms): Try this: by (smt (cvc5, best)) (336 ms)
0.sledgehammer goal.by         2913ms HOL-Library.Multiset 777:23804  some Preplay: (smt (cvc5, best)) (336 ms)
0.sledgehammer goal.by         2913ms HOL-Library.Multiset 777:23804  some Preplay: (smt (cvc5, trigger_last)) (377 ms)
0.sledgehammer goal.by         2913ms HOL-Library.Multiset 777:23804  some Preplay: (smt (cvc5, fmf)) (462 ms)
0.sledgehammer goal.by         2913ms HOL-Library.Multiset 777:23804  some Preplay: (smt (cvc5, trigger_max)) (511 ms)
0.sledgehammer goal.by         2913ms HOL-Library.Multiset 777:23804  some Preplay: (smt (cvc5, term_relev)) (538 ms)
0.sledgehammer goal.by         2913ms HOL-Library.Multiset 777:23804  some Preplay: (smt (cvc5, trigger_relev)) (570 ms)
0.sledgehammer goal.by         2913ms HOL-Library.Multiset 777:23804  some Preplay: (smt (cvc5, noematch)) (615 ms)
0.sledgehammer goal.by         2913ms HOL-Library.Multiset 777:23804  some Preplay: (smt (cvc5, quant_saturate)) (927 ms)
0.sledgehammer goal.by         2913ms HOL-Library.Multiset 777:23804  some Preplay: (smt (cvc5, no_simp)) (1.8 s)
0.sledgehammer goal.by        50164ms HOL-Library.Multiset 787:24123  some (SH 50164ms, ATP 668ms): Try this: by (smt (cvc5) add_diff_cancel_right' cancel_ab_semigroup_add_class.diff_right_commute cancel_comm_monoid_add_class.diff_cancel diff_intersect_right_idem diff_zero inter_mset_def mset_subset_eq_add_right subset_mset.inf.absorb_iff2 subset_mset.inf.commute)
0.sledgehammer goal.by        50164ms HOL-Library.Multiset 787:24123  some Preplay: (smt (cvc5, best) add_diff_cancel_right' cancel_ab_semigroup_add_class.diff_right_commute cancel_comm_monoid_add_class.diff_cancel diff_intersect_right_idem diff_zero inter_mset_def mset_subset_eq_add_right subset_mset.inf.absorb_iff2 subset_mset.inf.commute) (> 1.0 s, timed out)
0.sledgehammer goal.by        50164ms HOL-Library.Multiset 787:24123  some Preplay: (smt (cvc5, trigger_last) add_diff_cancel_right' cancel_ab_semigroup_add_class.diff_right_commute cancel_comm_monoid_add_class.diff_cancel diff_intersect_right_idem diff_zero inter_mset_def mset_subset_eq_add_right subset_mset.inf.absorb_iff2 subset_mset.inf.commute) (> 1.0 s, timed out)
0.sledgehammer goal.by        50164ms HOL-Library.Multiset 787:24123  some Preplay: (smt (cvc5, quant_saturate) add_diff_cancel_right' cancel_ab_semigroup_add_class.diff_right_commute cancel_comm_monoid_add_class.diff_cancel diff_intersect_right_idem diff_zero inter_mset_def mset_subset_eq_add_right subset_mset.inf.absorb_iff2 subset_mset.inf.commute) (> 1.0 s, timed out)
0.sledgehammer goal.by        50164ms HOL-Library.Multiset 787:24123  some Preplay: (smt (cvc5, trigger_max) add_diff_cancel_right' cancel_ab_semigroup_add_class.diff_right_commute cancel_comm_monoid_add_class.diff_cancel diff_intersect_right_idem diff_zero inter_mset_def mset_subset_eq_add_right subset_mset.inf.absorb_iff2 subset_mset.inf.commute) (> 1.0 s, timed out)
0.sledgehammer goal.by        50164ms HOL-Library.Multiset 787:24123  some Preplay: (smt (cvc5, trigger_relev) add_diff_cancel_right' cancel_ab_semigroup_add_class.diff_right_commute cancel_comm_monoid_add_class.diff_cancel diff_intersect_right_idem diff_zero inter_mset_def mset_subset_eq_add_right subset_mset.inf.absorb_iff2 subset_mset.inf.commute) (> 1.0 s, timed out)
0.sledgehammer goal.by        50164ms HOL-Library.Multiset 787:24123  some Preplay: (smt (cvc5, term_relev) add_diff_cancel_right' cancel_ab_semigroup_add_class.diff_right_commute cancel_comm_monoid_add_class.diff_cancel diff_intersect_right_idem diff_zero inter_mset_def mset_subset_eq_add_right subset_mset.inf.absorb_iff2 subset_mset.inf.commute) (> 1.0 s, timed out)
0.sledgehammer goal.by        50164ms HOL-Library.Multiset 787:24123  some Preplay: (smt (cvc5, noematch) add_diff_cancel_right' cancel_ab_semigroup_add_class.diff_right_commute cancel_comm_monoid_add_class.diff_cancel diff_intersect_right_idem diff_zero inter_mset_def mset_subset_eq_add_right subset_mset.inf.absorb_iff2 subset_mset.inf.commute) (> 1.0 s, timed out)
0.sledgehammer goal.by        50164ms HOL-Library.Multiset 787:24123  some Preplay: (smt (cvc5, fmf) add_diff_cancel_right' cancel_ab_semigroup_add_class.diff_right_commute cancel_comm_monoid_add_class.diff_cancel diff_intersect_right_idem diff_zero inter_mset_def mset_subset_eq_add_right subset_mset.inf.absorb_iff2 subset_mset.inf.commute) (> 1.0 s, timed out)
0.sledgehammer goal.by        50164ms HOL-Library.Multiset 787:24123  some Preplay: (smt (cvc5, no_simp) add_diff_cancel_right' cancel_ab_semigroup_add_class.diff_right_commute cancel_comm_monoid_add_class.diff_cancel diff_intersect_right_idem diff_zero inter_mset_def mset_subset_eq_add_right subset_mset.inf.absorb_iff2 subset_mset.inf.commute) (> 1.0 s, timed out)
0.sledgehammer goal.by        52516ms HOL-Library.Multiset 799:24551  timeout (SH 52516ms):
0.sledgehammer goal.by        65751ms HOL-Library.Multiset 807:24822  some (SH 65751ms, ATP 598ms): Try this: by (smt (cvc5, no_simp) Multiset.diff_right_commute add_mset_add_single diff_diff_add_mset diff_single_trivial inter_mset_def subset_mset.inf.commute) (212 ms)
0.sledgehammer goal.by        65751ms HOL-Library.Multiset 807:24822  some Preplay: (smt (cvc5, no_simp) Multiset.diff_right_commute add_mset_add_single diff_diff_add_mset diff_single_trivial inter_mset_def subset_mset.inf.commute) (212 ms)
0.sledgehammer goal.by        65751ms HOL-Library.Multiset 807:24822  some Preplay: (smt (cvc5, term_relev) Multiset.diff_right_commute add_mset_add_single diff_diff_add_mset diff_single_trivial inter_mset_def subset_mset.inf.commute) (386 ms)
0.sledgehammer goal.by        65751ms HOL-Library.Multiset 807:24822  some Preplay: (smt (cvc5, trigger_relev) Multiset.diff_right_commute add_mset_add_single diff_diff_add_mset diff_single_trivial inter_mset_def subset_mset.inf.commute) (431 ms)
0.sledgehammer goal.by        65751ms HOL-Library.Multiset 807:24822  some Preplay: (smt (cvc5, trigger_max) Multiset.diff_right_commute add_mset_add_single diff_diff_add_mset diff_single_trivial inter_mset_def subset_mset.inf.commute) (441 ms)
0.sledgehammer goal.by        65751ms HOL-Library.Multiset 807:24822  some Preplay: (smt (cvc5, trigger_last) Multiset.diff_right_commute add_mset_add_single diff_diff_add_mset diff_single_trivial inter_mset_def subset_mset.inf.commute) (453 ms)
0.sledgehammer goal.by        65751ms HOL-Library.Multiset 807:24822  some Preplay: (smt (cvc5, quant_saturate) Multiset.diff_right_commute add_mset_add_single diff_diff_add_mset diff_single_trivial inter_mset_def subset_mset.inf.commute) (454 ms)
0.sledgehammer goal.by        65751ms HOL-Library.Multiset 807:24822  some Preplay: (smt (cvc5, best) Multiset.diff_right_commute add_mset_add_single diff_diff_add_mset diff_single_trivial inter_mset_def subset_mset.inf.commute) (474 ms)
0.sledgehammer goal.by        65751ms HOL-Library.Multiset 807:24822  some Preplay: (smt (cvc5, noematch) Multiset.diff_right_commute add_mset_add_single diff_diff_add_mset diff_single_trivial inter_mset_def subset_mset.inf.commute) (> 386 ms, timed out)
0.sledgehammer goal.by        65751ms HOL-Library.Multiset 807:24822  some Preplay: (smt (cvc5, fmf) Multiset.diff_right_commute add_mset_add_single diff_diff_add_mset diff_single_trivial inter_mset_def subset_mset.inf.commute) (> 386 ms, timed out)
0.sledgehammer goal.using     53387ms HOL-Library.Multiset 832:25670  timeout (SH 53387ms):
0.sledgehammer goal.by        12232ms HOL-Library.Multiset 865:26559  timeout (SH 12232ms): Timed out
0.sledgehammer goal.by        55676ms HOL-Library.Multiset 868:26711  timeout (SH 55676ms):
0.sledgehammer goal.by        57508ms HOL-Library.Multiset 871:26842  some (SH 57508ms, ATP 671ms): Try this: by (smt (cvc5, no_simp) add_mset_diff_bothsides add_mset_remove_trivial mset_add union_mset_add_mset_left union_mset_def) (353 ms)
0.sledgehammer goal.by        57508ms HOL-Library.Multiset 871:26842  some Preplay: (smt (cvc5, no_simp) add_mset_diff_bothsides add_mset_remove_trivial mset_add union_mset_add_mset_left union_mset_def) (353 ms)
0.sledgehammer goal.by        57508ms HOL-Library.Multiset 871:26842  some Preplay: (smt (cvc5, trigger_relev) add_mset_diff_bothsides add_mset_remove_trivial mset_add union_mset_add_mset_left union_mset_def) (446 ms)
0.sledgehammer goal.by        57508ms HOL-Library.Multiset 871:26842  some Preplay: (smt (cvc5, trigger_max) add_mset_diff_bothsides add_mset_remove_trivial mset_add union_mset_add_mset_left union_mset_def) (537 ms)
0.sledgehammer goal.by        57508ms HOL-Library.Multiset 871:26842  some Preplay: (smt (cvc5, trigger_last) add_mset_diff_bothsides add_mset_remove_trivial mset_add union_mset_add_mset_left union_mset_def) (550 ms)
0.sledgehammer goal.by        57508ms HOL-Library.Multiset 871:26842  some Preplay: (smt (cvc5, term_relev) add_mset_diff_bothsides add_mset_remove_trivial mset_add union_mset_add_mset_left union_mset_def) (550 ms)
0.sledgehammer goal.by        57508ms HOL-Library.Multiset 871:26842  some Preplay: (smt (cvc5, best) add_mset_diff_bothsides add_mset_remove_trivial mset_add union_mset_add_mset_left union_mset_def) (676 ms)
0.sledgehammer goal.by        57508ms HOL-Library.Multiset 871:26842  some Preplay: (smt (cvc5, quant_saturate) add_mset_diff_bothsides add_mset_remove_trivial mset_add union_mset_add_mset_left union_mset_def) (1.5 s)
0.sledgehammer goal.by        57508ms HOL-Library.Multiset 871:26842  some Preplay: (smt (cvc5, noematch) add_mset_diff_bothsides add_mset_remove_trivial mset_add union_mset_add_mset_left union_mset_def) (> 446 ms, timed out)
0.sledgehammer goal.by        57508ms HOL-Library.Multiset 871:26842  some Preplay: (smt (cvc5, fmf) add_mset_diff_bothsides add_mset_remove_trivial mset_add union_mset_add_mset_left union_mset_def) (> 446 ms, timed out)
0.sledgehammer goal.unfolding 12096ms HOL-Library.Multiset 909:28045  timeout (SH 12096ms): Timed out
0.sledgehammer goal.unfolding 12252ms HOL-Library.Multiset 912:28209  timeout (SH 12252ms): Timed out
0.sledgehammer goal.by        12149ms HOL-Library.Multiset 912:28238  timeout (SH 12149ms): Timed out
0.sledgehammer goal.by        14694ms HOL-Library.Multiset 926:28605  timeout (SH 14694ms): Timed out
0.sledgehammer goal.by        15791ms HOL-Library.Multiset 929:28715  timeout (SH 15791ms): Timed out
0.sledgehammer goal.by        15926ms HOL-Library.Multiset 932:28867  timeout (SH 15926ms): Timed out
0.sledgehammer goal.by        14920ms HOL-Library.Multiset 944:29318  timeout (SH 14920ms): Timed out
0.sledgehammer goal.by        15888ms HOL-Library.Multiset 948:29456  timeout (SH 15888ms): Timed out
0.sledgehammer goal.by        14932ms HOL-Library.Multiset 958:29796  timeout (SH 14932ms): Timed out
0.sledgehammer goal.unfolding 14392ms HOL-Library.Multiset 964:29935  timeout (SH 14392ms): Timed out
0.sledgehammer goal.by        12832ms HOL-Library.Multiset 964:29961  timeout (SH 12831ms): Timed out
0.sledgehammer goal.by        53950ms HOL-Library.Multiset 972:30297  timeout (SH 53949ms):
0.sledgehammer goal.by        52016ms HOL-Library.Multiset 977:30531  timeout (SH 52016ms):
0.sledgehammer goal.proof     12225ms HOL-Library.Multiset 1038:32979  timeout (SH 12225ms): Timed out
0.sledgehammer goal.proof     12719ms HOL-Library.Multiset 1042:33125  timeout (SH 12719ms): Timed out
0.sledgehammer goal.by        12430ms HOL-Library.Multiset 1046:33266  timeout (SH 12430ms): Timed out
0.sledgehammer goal.by        12104ms HOL-Library.Multiset 1058:33565  timeout (SH 12104ms): Timed out
0.sledgehammer goal.proof     12614ms HOL-Library.Multiset 1084:34289  timeout (SH 12614ms): Timed out
0.sledgehammer goal.by        13178ms HOL-Library.Multiset 1089:34499  timeout (SH 13177ms): Timed out
0.sledgehammer goal.proof     13247ms HOL-Library.Multiset 1095:34706  timeout (SH 13247ms): Timed out
0.sledgehammer goal.by        12867ms HOL-Library.Multiset 1101:34965  timeout (SH 12867ms): Timed out
0.sledgehammer goal.proof     12671ms HOL-Library.Multiset 1109:35198  timeout (SH 12670ms): Timed out
0.sledgehammer goal.proof     13233ms HOL-Library.Multiset 1111:35281  timeout (SH 13233ms): Timed out
0.sledgehammer goal.proof     14726ms HOL-Library.Multiset 1114:35387  timeout (SH 14725ms): Timed out
0.sledgehammer goal.by        14910ms HOL-Library.Multiset 1118:35577  timeout (SH 14910ms): Timed out
0.sledgehammer goal.using     12470ms HOL-Library.Multiset 1131:35995  timeout (SH 12470ms): Timed out
0.sledgehammer goal.by        12474ms HOL-Library.Multiset 1131:36006  timeout (SH 12474ms): Timed out
0.sledgehammer goal.proof      8679ms HOL-Library.Multiset 1134:36178  timeout (SH 8679ms): Timed out
0.sledgehammer goal.by        12201ms HOL-Library.Multiset 1138:36256  timeout (SH 12201ms): Timed out
0.sledgehammer goal.proof     12081ms HOL-Library.Multiset 1143:36472  timeout (SH 12081ms): Timed out
0.sledgehammer goal.by        12664ms HOL-Library.Multiset 1146:36575  timeout (SH 12664ms): Timed out
0.sledgehammer goal.proof     12115ms HOL-Library.Multiset 1154:36899  timeout (SH 12115ms): Timed out
0.sledgehammer goal.by        12950ms HOL-Library.Multiset 1158:37021  timeout (SH 12950ms): Timed out
0.sledgehammer goal.proof     12135ms HOL-Library.Multiset 1169:37436  timeout (SH 12135ms): Timed out
0.sledgehammer goal.by        12393ms HOL-Library.Multiset 1174:37633  timeout (SH 12393ms): Timed out
0.sledgehammer goal.proof     12357ms HOL-Library.Multiset 1182:37904  timeout (SH 12357ms): Timed out
0.sledgehammer goal.proof     12701ms HOL-Library.Multiset 1210:38846  timeout (SH 12701ms): Timed out
0.sledgehammer goal.proof     12524ms HOL-Library.Multiset 1214:38981  timeout (SH 12524ms): Timed out
0.sledgehammer goal.using     12692ms HOL-Library.Multiset 1217:39104  timeout (SH 12692ms): Timed out
0.sledgehammer goal.proof      8427ms HOL-Library.Multiset 1242:40025  timeout (SH 8427ms): Timed out
0.sledgehammer goal.by        11965ms HOL-Library.Multiset 1245:40108  timeout (SH 11965ms): Timed out
0.sledgehammer goal.by        59734ms HOL-Library.Multiset 1255:40403  timeout (SH 59734ms):
0.sledgehammer goal.by        12140ms HOL-Library.Multiset 1274:41061  timeout (SH 12140ms): Timed out
0.sledgehammer goal.by        12245ms HOL-Library.Multiset 1280:41317  timeout (SH 12245ms): Timed out
0.sledgehammer goal.by        12075ms HOL-Library.Multiset 1283:41440  timeout (SH 12075ms): Timed out
0.sledgehammer goal.by        12140ms HOL-Library.Multiset 1286:41562  timeout (SH 12139ms): Timed out
0.sledgehammer goal.by        12267ms HOL-Library.Multiset 1305:42231  timeout (SH 12267ms): Timed out
0.sledgehammer goal.proof     12365ms HOL-Library.Multiset 1315:42621  timeout (SH 12365ms): Timed out
0.sledgehammer goal.proof     12136ms HOL-Library.Multiset 1323:42855  timeout (SH 12136ms): Timed out
0.sledgehammer goal.by        12323ms HOL-Library.Multiset 1344:43480  timeout (SH 12323ms): Timed out
0.sledgehammer goal.proof     12159ms HOL-Library.Multiset 1354:43764  timeout (SH 12159ms): Timed out
0.sledgehammer goal.by         1234ms HOL-Library.Extended 29:684  none (SH 1234ms): Prover error:
0.sledgehammer goal.by         1234ms HOL-Library.Extended 29:684  none cannot atomize goal
0.sledgehammer goal.by         2184ms HOL-Library.Extended 34:825  none (SH 2184ms): Prover error:
0.sledgehammer goal.by         2184ms HOL-Library.Extended 34:825  none cannot atomize goal
0.sledgehammer goal.by         4130ms HOL-Library.Extended 114:2662  none (SH 4130ms): Prover error:
0.sledgehammer goal.by         4130ms HOL-Library.Extended 114:2662  none cannot atomize goal
0.sledgehammer goal.by         4906ms HOL-Library.Extended 117:2812  none (SH 4906ms): Prover error:
0.sledgehammer goal.by         4906ms HOL-Library.Extended 117:2812  none cannot atomize goal
0.sledgehammer goal.proof      2111ms HOL-Library.Extended 120:2944  none (SH 2111ms): Prover error:
0.sledgehammer goal.proof      2111ms HOL-Library.Extended 120:2944  none cannot atomize goal
0.sledgehammer goal.by        53489ms HOL-Library.Extended 121:3020  some (SH 53489ms, ATP 1240ms): Try this: by (smt (cvc5) add_0 extended.inject extended.simps(3,5) plus_extended.elims)
0.sledgehammer goal.by        53489ms HOL-Library.Extended 121:3020  some Preplay: (smt (cvc5, best) add_0 extended.inject extended.simps(3,5) plus_extended.elims) (> 1.0 s, timed out)
0.sledgehammer goal.by        53489ms HOL-Library.Extended 121:3020  some Preplay: (smt (cvc5, trigger_last) add_0 extended.inject extended.simps(3,5) plus_extended.elims) (> 1.0 s, timed out)
0.sledgehammer goal.by        53489ms HOL-Library.Extended 121:3020  some Preplay: (smt (cvc5, quant_saturate) add_0 extended.inject extended.simps(3,5) plus_extended.elims) (> 1.0 s, timed out)
0.sledgehammer goal.by        53489ms HOL-Library.Extended 121:3020  some Preplay: (smt (cvc5, trigger_max) add_0 extended.inject extended.simps(3,5) plus_extended.elims) (> 1.0 s, timed out)
0.sledgehammer goal.by        53489ms HOL-Library.Extended 121:3020  some Preplay: (smt (cvc5, trigger_relev) add_0 extended.inject extended.simps(3,5) plus_extended.elims) (> 1.0 s, timed out)
0.sledgehammer goal.by        53489ms HOL-Library.Extended 121:3020  some Preplay: (smt (cvc5, term_relev) add_0 extended.inject extended.simps(3,5) plus_extended.elims) (> 1.0 s, timed out)
0.sledgehammer goal.by        53489ms HOL-Library.Extended 121:3020  some Preplay: (smt (cvc5, noematch) add_0 extended.inject extended.simps(3,5) plus_extended.elims) (> 1.0 s, timed out)
0.sledgehammer goal.by        53489ms HOL-Library.Extended 121:3020  some Preplay: (smt (cvc5, fmf) add_0 extended.inject extended.simps(3,5) plus_extended.elims) (> 1.0 s, timed out)
0.sledgehammer goal.by        53489ms HOL-Library.Extended 121:3020  some Preplay: (smt (cvc5, no_simp) add_0 extended.inject extended.simps(3,5) plus_extended.elims) (> 1.0 s, timed out)
0.sledgehammer goal.apply     14941ms HOL-Library.Extended 161:3755  timeout (SH 14941ms): Timed out
0.sledgehammer goal.by         1628ms HOL-Library.Extended 194:4753  none (SH 1628ms): Prover error:
0.sledgehammer goal.by         1628ms HOL-Library.Extended 194:4753  none cannot atomize goal
0.sledgehammer goal.proof     17045ms HOL-Library.Centered_Division 44:1350  timeout (SH 17045ms): Timed out
0.sledgehammer goal.by        56138ms HOL-Library.Centered_Division 48:1457  some (SH 56138ms, ATP 1028ms): Try this: by (smt (cvc5) "*" centered_divide_def centered_modulo_def div_mod_decomp_int mult.commute)
0.sledgehammer goal.by        56138ms HOL-Library.Centered_Division 48:1457  some Preplay: (smt (cvc5, best) "*" centered_divide_def centered_modulo_def div_mod_decomp_int mult.commute) (> 1.0 s, timed out)
0.sledgehammer goal.by        56138ms HOL-Library.Centered_Division 48:1457  some Preplay: (smt (cvc5, trigger_last) "*" centered_divide_def centered_modulo_def div_mod_decomp_int mult.commute) (> 1.0 s, timed out)
0.sledgehammer goal.by        56138ms HOL-Library.Centered_Division 48:1457  some Preplay: (smt (cvc5, quant_saturate) "*" centered_divide_def centered_modulo_def div_mod_decomp_int mult.commute) (> 1.0 s, timed out)
0.sledgehammer goal.by        56138ms HOL-Library.Centered_Division 48:1457  some Preplay: (smt (cvc5, trigger_max) "*" centered_divide_def centered_modulo_def div_mod_decomp_int mult.commute) (> 1.0 s, timed out)
0.sledgehammer goal.by        56138ms HOL-Library.Centered_Division 48:1457  some Preplay: (smt (cvc5, trigger_relev) "*" centered_divide_def centered_modulo_def div_mod_decomp_int mult.commute) (> 1.0 s, timed out)
0.sledgehammer goal.by        56138ms HOL-Library.Centered_Division 48:1457  some Preplay: (smt (cvc5, term_relev) "*" centered_divide_def centered_modulo_def div_mod_decomp_int mult.commute) (> 1.0 s, timed out)
0.sledgehammer goal.by        56138ms HOL-Library.Centered_Division 48:1457  some Preplay: (smt (cvc5, noematch) "*" centered_divide_def centered_modulo_def div_mod_decomp_int mult.commute) (> 1.0 s, timed out)
0.sledgehammer goal.by        56138ms HOL-Library.Centered_Division 48:1457  some Preplay: (smt (cvc5, fmf) "*" centered_divide_def centered_modulo_def div_mod_decomp_int mult.commute) (> 1.0 s, timed out)
0.sledgehammer goal.by        56138ms HOL-Library.Centered_Division 48:1457  some Preplay: (smt (cvc5, no_simp) "*" centered_divide_def centered_modulo_def div_mod_decomp_int mult.commute) (> 1.0 s, timed out)
0.sledgehammer goal.using      2922ms HOL-Library.Centered_Division 57:1711  some (SH 2922ms, ATP 344ms): Try this: by (smt (cvc5, trigger_relev) cdiv_mult_cmod_eq) (310 ms)
0.sledgehammer goal.using      2922ms HOL-Library.Centered_Division 57:1711  some Preplay: (smt (cvc5, trigger_relev) cdiv_mult_cmod_eq) (310 ms)
0.sledgehammer goal.using      2922ms HOL-Library.Centered_Division 57:1711  some Preplay: (smt (cvc5, trigger_max) cdiv_mult_cmod_eq) (311 ms)
0.sledgehammer goal.using      2922ms HOL-Library.Centered_Division 57:1711  some Preplay: (smt (cvc5, best) cdiv_mult_cmod_eq) (330 ms)
0.sledgehammer goal.using      2922ms HOL-Library.Centered_Division 57:1711  some Preplay: (smt (cvc5, trigger_last) cdiv_mult_cmod_eq) (331 ms)
0.sledgehammer goal.using      2922ms HOL-Library.Centered_Division 57:1711  some Preplay: (smt (cvc5, quant_saturate) cdiv_mult_cmod_eq) (349 ms)
0.sledgehammer goal.using      2922ms HOL-Library.Centered_Division 57:1711  some Preplay: (smt (cvc5, fmf) cdiv_mult_cmod_eq) (467 ms)
0.sledgehammer goal.using      2922ms HOL-Library.Centered_Division 57:1711  some Preplay: (smt (cvc5, noematch) cdiv_mult_cmod_eq) (528 ms)
0.sledgehammer goal.using      2922ms HOL-Library.Centered_Division 57:1711  some Preplay: (smt (cvc5, no_simp) cdiv_mult_cmod_eq) (532 ms)
0.sledgehammer goal.using      2922ms HOL-Library.Centered_Division 57:1711  some Preplay: (smt (cvc5, term_relev) cdiv_mult_cmod_eq) (889 ms)
0.sledgehammer goal.using      7247ms HOL-Library.Centered_Division 61:1830  some (SH 7247ms, ATP 451ms): Try this: by (smt (cvc5, term_relev) mult_cdiv_cmod_eq) (405 ms)
0.sledgehammer goal.using      7247ms HOL-Library.Centered_Division 61:1830  some Preplay: (smt (cvc5, term_relev) mult_cdiv_cmod_eq) (405 ms)
0.sledgehammer goal.using      7247ms HOL-Library.Centered_Division 61:1830  some Preplay: (smt (cvc5, trigger_last) mult_cdiv_cmod_eq) (410 ms)
0.sledgehammer goal.using      7247ms HOL-Library.Centered_Division 61:1830  some Preplay: (smt (cvc5, quant_saturate) mult_cdiv_cmod_eq) (411 ms)
0.sledgehammer goal.using      7247ms HOL-Library.Centered_Division 61:1830  some Preplay: (smt (cvc5, fmf) mult_cdiv_cmod_eq) (425 ms)
0.sledgehammer goal.using      7247ms HOL-Library.Centered_Division 61:1830  some Preplay: (smt (cvc5, trigger_max) mult_cdiv_cmod_eq) (430 ms)
0.sledgehammer goal.using      7247ms HOL-Library.Centered_Division 61:1830  some Preplay: (smt (cvc5, noematch) mult_cdiv_cmod_eq) (435 ms)
0.sledgehammer goal.using      7247ms HOL-Library.Centered_Division 61:1830  some Preplay: (smt (cvc5, no_simp) mult_cdiv_cmod_eq) (449 ms)
0.sledgehammer goal.using      7247ms HOL-Library.Centered_Division 61:1830  some Preplay: (smt (cvc5, trigger_relev) mult_cdiv_cmod_eq) (477 ms)
0.sledgehammer goal.using      7247ms HOL-Library.Centered_Division 61:1830  some Preplay: (smt (cvc5, best) mult_cdiv_cmod_eq) (480 ms)
0.sledgehammer goal.by         6071ms HOL-Library.Centered_Division 65:1953  some (SH 6071ms, ATP 390ms): Try this: by (smt (cvc5, no_simp) cdiv_mult_cmod_eq) (411 ms)
0.sledgehammer goal.by         6071ms HOL-Library.Centered_Division 65:1953  some Preplay: (smt (cvc5, no_simp) cdiv_mult_cmod_eq) (411 ms)
0.sledgehammer goal.by         6071ms HOL-Library.Centered_Division 65:1953  some Preplay: (smt (cvc5, fmf) cdiv_mult_cmod_eq) (411 ms)
0.sledgehammer goal.by         6071ms HOL-Library.Centered_Division 65:1953  some Preplay: (smt (cvc5, trigger_last) cdiv_mult_cmod_eq) (423 ms)
0.sledgehammer goal.by         6071ms HOL-Library.Centered_Division 65:1953  some Preplay: (smt (cvc5, noematch) cdiv_mult_cmod_eq) (469 ms)
0.sledgehammer goal.by         6071ms HOL-Library.Centered_Division 65:1953  some Preplay: (smt (cvc5, best) cdiv_mult_cmod_eq) (477 ms)
0.sledgehammer goal.by         6071ms HOL-Library.Centered_Division 65:1953  some Preplay: (smt (cvc5, term_relev) cdiv_mult_cmod_eq) (482 ms)
0.sledgehammer goal.by         6071ms HOL-Library.Centered_Division 65:1953  some Preplay: (smt (cvc5, trigger_max) cdiv_mult_cmod_eq) (506 ms)
0.sledgehammer goal.by         6071ms HOL-Library.Centered_Division 65:1953  some Preplay: (smt (cvc5, quant_saturate) cdiv_mult_cmod_eq) (511 ms)
0.sledgehammer goal.by         6071ms HOL-Library.Centered_Division 65:1953  some Preplay: (smt (cvc5, trigger_relev) cdiv_mult_cmod_eq) (620 ms)
0.sledgehammer goal.by         6683ms HOL-Library.Centered_Division 69:2085  some (SH 6683ms, ATP 333ms): Try this: by (smt (cvc5, quant_saturate) cmod_mult_cdiv_eq) (514 ms)
0.sledgehammer goal.by         6683ms HOL-Library.Centered_Division 69:2085  some Preplay: (smt (cvc5, quant_saturate) cmod_mult_cdiv_eq) (514 ms)
0.sledgehammer goal.by         6683ms HOL-Library.Centered_Division 69:2085  some Preplay: (smt (cvc5, best) cmod_mult_cdiv_eq) (526 ms)
0.sledgehammer goal.by         6683ms HOL-Library.Centered_Division 69:2085  some Preplay: (smt (cvc5, noematch) cmod_mult_cdiv_eq) (620 ms)
0.sledgehammer goal.by         6683ms HOL-Library.Centered_Division 69:2085  some Preplay: (smt (cvc5, trigger_last) cmod_mult_cdiv_eq) (629 ms)
0.sledgehammer goal.by         6683ms HOL-Library.Centered_Division 69:2085  some Preplay: (smt (cvc5, no_simp) cmod_mult_cdiv_eq) (634 ms)
0.sledgehammer goal.by         6683ms HOL-Library.Centered_Division 69:2085  some Preplay: (smt (cvc5, fmf) cmod_mult_cdiv_eq) (682 ms)
0.sledgehammer goal.by         6683ms HOL-Library.Centered_Division 69:2085  some Preplay: (smt (cvc5, trigger_max) cmod_mult_cdiv_eq) (791 ms)
0.sledgehammer goal.by         6683ms HOL-Library.Centered_Division 69:2085  some Preplay: (smt (cvc5, term_relev) cmod_mult_cdiv_eq) (805 ms)
0.sledgehammer goal.by         6683ms HOL-Library.Centered_Division 69:2085  some Preplay: (smt (cvc5, trigger_relev) cmod_mult_cdiv_eq) (1.1 s)
0.sledgehammer goal.by         8029ms HOL-Library.Centered_Division 73:2215  some (SH 8029ms, ATP 423ms): Try this: by (smt (cvc5, no_simp) minus_cdiv_mult_eq_cmod) (467 ms)
0.sledgehammer goal.by         8029ms HOL-Library.Centered_Division 73:2215  some Preplay: (smt (cvc5, no_simp) minus_cdiv_mult_eq_cmod) (467 ms)
0.sledgehammer goal.by         8029ms HOL-Library.Centered_Division 73:2215  some Preplay: (smt (cvc5, fmf) minus_cdiv_mult_eq_cmod) (696 ms)
0.sledgehammer goal.by         8029ms HOL-Library.Centered_Division 73:2215  some Preplay: (smt (cvc5, noematch) minus_cdiv_mult_eq_cmod) (795 ms)
0.sledgehammer goal.by         8029ms HOL-Library.Centered_Division 73:2215  some Preplay: (smt (cvc5, term_relev) minus_cdiv_mult_eq_cmod) (814 ms)
0.sledgehammer goal.by         8029ms HOL-Library.Centered_Division 73:2215  some Preplay: (smt (cvc5, trigger_last) minus_cdiv_mult_eq_cmod) (818 ms)
0.sledgehammer goal.by         8029ms HOL-Library.Centered_Division 73:2215  some Preplay: (smt (cvc5, best) minus_cdiv_mult_eq_cmod) (879 ms)
0.sledgehammer goal.by         8029ms HOL-Library.Centered_Division 73:2215  some Preplay: (smt (cvc5, quant_saturate) minus_cdiv_mult_eq_cmod) (898 ms)
0.sledgehammer goal.by         8029ms HOL-Library.Centered_Division 73:2215  some Preplay: (smt (cvc5, trigger_relev) minus_cdiv_mult_eq_cmod) (1.0 s)
0.sledgehammer goal.by         8029ms HOL-Library.Centered_Division 73:2215  some Preplay: (smt (cvc5, trigger_max) minus_cdiv_mult_eq_cmod) (1.6 s)
0.sledgehammer goal.by         4976ms HOL-Library.Centered_Division 77:2347  some (SH 4976ms, ATP 373ms): Try this: by (smt (cvc5, best) minus_mult_cdiv_eq_cmod) (592 ms)
0.sledgehammer goal.by         4976ms HOL-Library.Centered_Division 77:2347  some Preplay: (smt (cvc5, best) minus_mult_cdiv_eq_cmod) (592 ms)
0.sledgehammer goal.by         4976ms HOL-Library.Centered_Division 77:2347  some Preplay: (smt (cvc5, trigger_last) minus_mult_cdiv_eq_cmod) (617 ms)
0.sledgehammer goal.by         4976ms HOL-Library.Centered_Division 77:2347  some Preplay: (smt (cvc5, no_simp) minus_mult_cdiv_eq_cmod) (692 ms)
0.sledgehammer goal.by         4976ms HOL-Library.Centered_Division 77:2347  some Preplay: (smt (cvc5, noematch) minus_mult_cdiv_eq_cmod) (701 ms)
0.sledgehammer goal.by         4976ms HOL-Library.Centered_Division 77:2347  some Preplay: (smt (cvc5, quant_saturate) minus_mult_cdiv_eq_cmod) (747 ms)
0.sledgehammer goal.by         4976ms HOL-Library.Centered_Division 77:2347  some Preplay: (smt (cvc5, fmf) minus_mult_cdiv_eq_cmod) (769 ms)
0.sledgehammer goal.by         4976ms HOL-Library.Centered_Division 77:2347  some Preplay: (smt (cvc5, trigger_max) minus_mult_cdiv_eq_cmod) (776 ms)
0.sledgehammer goal.by         4976ms HOL-Library.Centered_Division 77:2347  some Preplay: (smt (cvc5, trigger_relev) minus_mult_cdiv_eq_cmod) (781 ms)
0.sledgehammer goal.by         4976ms HOL-Library.Centered_Division 77:2347  some Preplay: (smt (cvc5, term_relev) minus_mult_cdiv_eq_cmod) (1.4 s)
0.sledgehammer goal.by        55000ms HOL-Library.Centered_Division 93:2692  timeout (SH 55000ms):
0.sledgehammer goal.by        11581ms HOL-Library.Centered_Division 97:2774  timeout (SH 11581ms): Timed out
0.sledgehammer goal.by        53985ms HOL-Library.Centered_Division 101:2884  some (SH 53985ms, ATP 708ms): Try this: by (smt (cvc5, noematch) cdiv_mult_cmod_eq mult_eq_0_iff zero_cdiv_eq) (608 ms)
0.sledgehammer goal.by        53985ms HOL-Library.Centered_Division 101:2884  some Preplay: (smt (cvc5, noematch) cdiv_mult_cmod_eq mult_eq_0_iff zero_cdiv_eq) (608 ms)
0.sledgehammer goal.by        53985ms HOL-Library.Centered_Division 101:2884  some Preplay: (smt (cvc5, term_relev) cdiv_mult_cmod_eq mult_eq_0_iff zero_cdiv_eq) (625 ms)
0.sledgehammer goal.by        53985ms HOL-Library.Centered_Division 101:2884  some Preplay: (smt (cvc5, trigger_max) cdiv_mult_cmod_eq mult_eq_0_iff zero_cdiv_eq) (641 ms)
0.sledgehammer goal.by        53985ms HOL-Library.Centered_Division 101:2884  some Preplay: (smt (cvc5, trigger_relev) cdiv_mult_cmod_eq mult_eq_0_iff zero_cdiv_eq) (697 ms)
0.sledgehammer goal.by        53985ms HOL-Library.Centered_Division 101:2884  some Preplay: (smt (cvc5, quant_saturate) cdiv_mult_cmod_eq mult_eq_0_iff zero_cdiv_eq) (1.0 s)
0.sledgehammer goal.by        53985ms HOL-Library.Centered_Division 101:2884  some Preplay: (smt (cvc5, best) cdiv_mult_cmod_eq mult_eq_0_iff zero_cdiv_eq) (1.3 s)
0.sledgehammer goal.by        53985ms HOL-Library.Centered_Division 101:2884  some Preplay: (smt (cvc5, no_simp) cdiv_mult_cmod_eq mult_eq_0_iff zero_cdiv_eq) (2.1 s)
0.sledgehammer goal.by        53985ms HOL-Library.Centered_Division 101:2884  some Preplay: (smt (cvc5, trigger_last) cdiv_mult_cmod_eq mult_eq_0_iff zero_cdiv_eq) (2.5 s)
0.sledgehammer goal.by        53985ms HOL-Library.Centered_Division 101:2884  some Preplay: (smt (cvc5, fmf) cdiv_mult_cmod_eq mult_eq_0_iff zero_cdiv_eq) (> 608 ms, timed out)
0.sledgehammer goal.by         9836ms HOL-Library.Centered_Division 109:3096  timeout (SH 9836ms): Timed out
0.sledgehammer goal.by         7131ms HOL-Library.Centered_Division 117:3279  some (SH 7130ms, ATP 342ms): Try this: by (smt (cvc5, quant_saturate) cmod_minus_eq) (1.6 s)
0.sledgehammer goal.by         7131ms HOL-Library.Centered_Division 117:3279  some Preplay: (smt (cvc5, quant_saturate) cmod_minus_eq) (1.6 s)
0.sledgehammer goal.by         7131ms HOL-Library.Centered_Division 117:3279  some Preplay: (smt (cvc5, no_simp) cmod_minus_eq) (1.8 s)
0.sledgehammer goal.by         7131ms HOL-Library.Centered_Division 117:3279  some Preplay: (smt (cvc5, noematch) cmod_minus_eq) (2.0 s)
0.sledgehammer goal.by         7131ms HOL-Library.Centered_Division 117:3279  some Preplay: (smt (cvc5, fmf) cmod_minus_eq) (2.2 s)
0.sledgehammer goal.by         7131ms HOL-Library.Centered_Division 117:3279  some Preplay: (smt (cvc5, term_relev) cmod_minus_eq) (3.1 s)
0.sledgehammer goal.by         7131ms HOL-Library.Centered_Division 117:3279  some Preplay: (smt (cvc5, trigger_relev) cmod_minus_eq) (3.2 s)
0.sledgehammer goal.by         7131ms HOL-Library.Centered_Division 117:3279  some Preplay: (smt (cvc5, trigger_last) cmod_minus_eq) (3.3 s)
0.sledgehammer goal.by         7131ms HOL-Library.Centered_Division 117:3279  some Preplay: (smt (cvc5, trigger_max) cmod_minus_eq) (3.9 s)
0.sledgehammer goal.by         7131ms HOL-Library.Centered_Division 117:3279  some Preplay: (smt (cvc5, best) cmod_minus_eq) (4.3 s)
0.sledgehammer goal.proof     13020ms HOL-Library.Centered_Division 121:3385  timeout (SH 13020ms): Timed out
0.sledgehammer goal.using     12042ms HOL-Library.Centered_Division 123:3433  timeout (SH 12042ms): Timed out
0.sledgehammer goal.by        12902ms HOL-Library.Centered_Division 123:3444  timeout (SH 12902ms): Timed out
0.sledgehammer goal.by        38834ms HOL-Library.Centered_Division 125:3508  some (SH 38834ms, ATP 541ms): Try this: by (smt (cvc5) cdiv_abs_eq minus_mult_minus mult_cancel_right1 sgn_neg)
0.sledgehammer goal.by        38834ms HOL-Library.Centered_Division 125:3508  some Preplay: (smt (cvc5, best) cdiv_abs_eq minus_mult_minus mult_cancel_right1 sgn_neg) (> 1.0 s, timed out)
0.sledgehammer goal.by        38834ms HOL-Library.Centered_Division 125:3508  some Preplay: (smt (cvc5, trigger_last) cdiv_abs_eq minus_mult_minus mult_cancel_right1 sgn_neg) (> 1.0 s, timed out)
0.sledgehammer goal.by        38834ms HOL-Library.Centered_Division 125:3508  some Preplay: (smt (cvc5, quant_saturate) cdiv_abs_eq minus_mult_minus mult_cancel_right1 sgn_neg) (> 1.0 s, timed out)
0.sledgehammer goal.by        38834ms HOL-Library.Centered_Division 125:3508  some Preplay: (smt (cvc5, trigger_max) cdiv_abs_eq minus_mult_minus mult_cancel_right1 sgn_neg) (> 1.0 s, timed out)
0.sledgehammer goal.by        38834ms HOL-Library.Centered_Division 125:3508  some Preplay: (smt (cvc5, trigger_relev) cdiv_abs_eq minus_mult_minus mult_cancel_right1 sgn_neg) (> 1.0 s, timed out)
0.sledgehammer goal.by        38834ms HOL-Library.Centered_Division 125:3508  some Preplay: (smt (cvc5, term_relev) cdiv_abs_eq minus_mult_minus mult_cancel_right1 sgn_neg) (> 1.0 s, timed out)
0.sledgehammer goal.by        38834ms HOL-Library.Centered_Division 125:3508  some Preplay: (smt (cvc5, noematch) cdiv_abs_eq minus_mult_minus mult_cancel_right1 sgn_neg) (> 1.0 s, timed out)
0.sledgehammer goal.by        38834ms HOL-Library.Centered_Division 125:3508  some Preplay: (smt (cvc5, fmf) cdiv_abs_eq minus_mult_minus mult_cancel_right1 sgn_neg) (> 1.0 s, timed out)
0.sledgehammer goal.by        38834ms HOL-Library.Centered_Division 125:3508  some Preplay: (smt (cvc5, no_simp) cdiv_abs_eq minus_mult_minus mult_cancel_right1 sgn_neg) (> 1.0 s, timed out)
0.sledgehammer goal.using     12493ms HOL-Library.Centered_Division 130:3602  timeout (SH 12493ms): Timed out
0.sledgehammer goal.proof     12006ms HOL-Library.Centered_Division 134:3706  timeout (SH 12006ms): Timed out
0.sledgehammer goal.by        11816ms HOL-Library.Centered_Division 136:3773  timeout (SH 11816ms): Timed out
0.sledgehammer goal.proof     14461ms HOL-Library.Centered_Division 149:4156  timeout (SH 14461ms): Timed out
0.sledgehammer goal.by         5884ms HOL-Library.Centered_Division 152:4243  some (SH 5884ms, ATP 256ms): Try this: by (smt (cvc5, term_relev)) (562 ms)
0.sledgehammer goal.by         5884ms HOL-Library.Centered_Division 152:4243  some Preplay: (smt (cvc5, term_relev)) (562 ms)
0.sledgehammer goal.by         5884ms HOL-Library.Centered_Division 152:4243  some Preplay: (smt (cvc5, trigger_relev)) (567 ms)
0.sledgehammer goal.by         5884ms HOL-Library.Centered_Division 152:4243  some Preplay: (smt (cvc5, noematch)) (586 ms)
0.sledgehammer goal.by         5884ms HOL-Library.Centered_Division 152:4243  some Preplay: (smt (cvc5, trigger_last)) (633 ms)
0.sledgehammer goal.by         5884ms HOL-Library.Centered_Division 152:4243  some Preplay: (smt (cvc5, trigger_max)) (635 ms)
0.sledgehammer goal.by         5884ms HOL-Library.Centered_Division 152:4243  some Preplay: (smt (cvc5, no_simp)) (986 ms)
0.sledgehammer goal.by         5884ms HOL-Library.Centered_Division 152:4243  some Preplay: (smt (cvc5, fmf)) (1.0 s)
0.sledgehammer goal.by         5884ms HOL-Library.Centered_Division 152:4243  some Preplay: (smt (cvc5, best)) (1.4 s)
0.sledgehammer goal.by         5884ms HOL-Library.Centered_Division 152:4243  some Preplay: (smt (cvc5, quant_saturate)) (1.5 s)
0.sledgehammer goal.by        51393ms HOL-Library.Centered_Division 156:4350  some (SH 51393ms, ATP 534ms): Try this: by (smt (cvc5) of_bool_eq(1,2))
0.sledgehammer goal.by        51393ms HOL-Library.Centered_Division 156:4350  some Preplay: (smt (cvc5, best) of_bool_eq(1,2)) (> 1.0 s, timed out)
0.sledgehammer goal.by        51393ms HOL-Library.Centered_Division 156:4350  some Preplay: (smt (cvc5, trigger_last) of_bool_eq(1,2)) (> 1.0 s, timed out)
0.sledgehammer goal.by        51393ms HOL-Library.Centered_Division 156:4350  some Preplay: (smt (cvc5, quant_saturate) of_bool_eq(1,2)) (> 1.0 s, timed out)
0.sledgehammer goal.by        51393ms HOL-Library.Centered_Division 156:4350  some Preplay: (smt (cvc5, trigger_max) of_bool_eq(1,2)) (> 1.0 s, timed out)
0.sledgehammer goal.by        51393ms HOL-Library.Centered_Division 156:4350  some Preplay: (smt (cvc5, trigger_relev) of_bool_eq(1,2)) (> 1.0 s, timed out)
0.sledgehammer goal.by        51393ms HOL-Library.Centered_Division 156:4350  some Preplay: (smt (cvc5, term_relev) of_bool_eq(1,2)) (> 1.0 s, timed out)
0.sledgehammer goal.by        51393ms HOL-Library.Centered_Division 156:4350  some Preplay: (smt (cvc5, noematch) of_bool_eq(1,2)) (> 1.0 s, timed out)
0.sledgehammer goal.by        51393ms HOL-Library.Centered_Division 156:4350  some Preplay: (smt (cvc5, fmf) of_bool_eq(1,2)) (> 1.0 s, timed out)
0.sledgehammer goal.by        51393ms HOL-Library.Centered_Division 156:4350  some Preplay: (smt (cvc5, no_simp) of_bool_eq(1,2)) (> 1.0 s, timed out)
0.sledgehammer goal.proof     11982ms HOL-Library.Centered_Division 161:4458  timeout (SH 11982ms): Timed out
0.sledgehammer goal.using     12111ms HOL-Library.Centered_Division 170:4691  timeout (SH 12111ms): Timed out
0.sledgehammer goal.using     16698ms HOL-Library.Centered_Division 175:4841  some (SH 16698ms, ATP 502ms): Try this: by (smt (cvc5) cmod_less_equal_divisor divisor_less_equal_cmod that)
0.sledgehammer goal.using     16698ms HOL-Library.Centered_Division 175:4841  some Preplay: (smt (cvc5, best) cmod_less_equal_divisor divisor_less_equal_cmod that) (> 1.0 s, timed out)
0.sledgehammer goal.using     16698ms HOL-Library.Centered_Division 175:4841  some Preplay: (smt (cvc5, trigger_last) cmod_less_equal_divisor divisor_less_equal_cmod that) (> 1.0 s, timed out)
0.sledgehammer goal.using     16698ms HOL-Library.Centered_Division 175:4841  some Preplay: (smt (cvc5, quant_saturate) cmod_less_equal_divisor divisor_less_equal_cmod that) (> 1.0 s, timed out)
0.sledgehammer goal.using     16698ms HOL-Library.Centered_Division 175:4841  some Preplay: (smt (cvc5, trigger_max) cmod_less_equal_divisor divisor_less_equal_cmod that) (> 1.0 s, timed out)
0.sledgehammer goal.using     16698ms HOL-Library.Centered_Division 175:4841  some Preplay: (smt (cvc5, trigger_relev) cmod_less_equal_divisor divisor_less_equal_cmod that) (> 1.0 s, timed out)
0.sledgehammer goal.using     16698ms HOL-Library.Centered_Division 175:4841  some Preplay: (smt (cvc5, term_relev) cmod_less_equal_divisor divisor_less_equal_cmod that) (> 1.0 s, timed out)
0.sledgehammer goal.using     16698ms HOL-Library.Centered_Division 175:4841  some Preplay: (smt (cvc5, noematch) cmod_less_equal_divisor divisor_less_equal_cmod that) (> 1.0 s, timed out)
0.sledgehammer goal.using     16698ms HOL-Library.Centered_Division 175:4841  some Preplay: (smt (cvc5, fmf) cmod_less_equal_divisor divisor_less_equal_cmod that) (> 1.0 s, timed out)
0.sledgehammer goal.using     16698ms HOL-Library.Centered_Division 175:4841  some Preplay: (smt (cvc5, no_simp) cmod_less_equal_divisor divisor_less_equal_cmod that) (> 1.0 s, timed out)
0.sledgehammer goal.by        12143ms HOL-Library.Centered_Division 176:4887  some (SH 12143ms, ATP 452ms): Try this: by (smt (cvc5) cmod_less_equal_divisor)
0.sledgehammer goal.by        12143ms HOL-Library.Centered_Division 176:4887  some Preplay: (smt (cvc5, best) cmod_less_equal_divisor) (> 1.0 s, timed out)
0.sledgehammer goal.by        12143ms HOL-Library.Centered_Division 176:4887  some Preplay: (smt (cvc5, trigger_last) cmod_less_equal_divisor) (> 1.0 s, timed out)
0.sledgehammer goal.by        12143ms HOL-Library.Centered_Division 176:4887  some Preplay: (smt (cvc5, quant_saturate) cmod_less_equal_divisor) (> 1.0 s, timed out)
0.sledgehammer goal.by        12143ms HOL-Library.Centered_Division 176:4887  some Preplay: (smt (cvc5, trigger_max) cmod_less_equal_divisor) (> 1.0 s, timed out)
0.sledgehammer goal.by        12143ms HOL-Library.Centered_Division 176:4887  some Preplay: (smt (cvc5, trigger_relev) cmod_less_equal_divisor) (> 1.0 s, timed out)
0.sledgehammer goal.by        12143ms HOL-Library.Centered_Division 176:4887  some Preplay: (smt (cvc5, term_relev) cmod_less_equal_divisor) (> 1.0 s, timed out)
0.sledgehammer goal.by        12143ms HOL-Library.Centered_Division 176:4887  some Preplay: (smt (cvc5, noematch) cmod_less_equal_divisor) (> 1.0 s, timed out)
0.sledgehammer goal.by        12143ms HOL-Library.Centered_Division 176:4887  some Preplay: (smt (cvc5, fmf) cmod_less_equal_divisor) (> 1.0 s, timed out)
0.sledgehammer goal.by        12143ms HOL-Library.Centered_Division 176:4887  some Preplay: (smt (cvc5, no_simp) cmod_less_equal_divisor) (> 1.0 s, timed out)
0.sledgehammer goal.by         1321ms HOL-Library.Char_ord 22:416  none (SH 1321ms): Prover error:
0.sledgehammer goal.by         1321ms HOL-Library.Char_ord 22:416  none cannot atomize goal
0.sledgehammer goal.by        15965ms HOL-Library.Char_ord 29:669  timeout (SH 15965ms): Timed out
0.sledgehammer goal.by         3817ms HOL-Library.Char_ord 43:1190  none (SH 3817ms): Prover error:
0.sledgehammer goal.by         3817ms HOL-Library.Char_ord 43:1190  none cannot atomize goal
0.sledgehammer goal.unfolding 13821ms HOL-Library.Complete_Partial_Order2 16:454  timeout (SH 13821ms): Timed out
0.sledgehammer goal.by        15521ms HOL-Library.Complete_Partial_Order2 16:483  timeout (SH 15521ms): Timed out
0.sledgehammer goal.by        14740ms HOL-Library.Complete_Partial_Order2 24:713  timeout (SH 14740ms): Timed out
0.sledgehammer goal.by        14783ms HOL-Library.Complete_Partial_Order2 27:812  timeout (SH 14783ms): Timed out
0.sledgehammer goal.by        55496ms HOL-Library.Complete_Partial_Order2 42:1322  timeout (SH 55496ms):
0.sledgehammer goal.by        12284ms HOL-Library.Complete_Partial_Order2 53:1624  timeout (SH 12284ms): Timed out
0.sledgehammer goal.proof     12760ms HOL-Library.Complete_Partial_Order2 63:2075  timeout (SH 12760ms): Timed out
0.sledgehammer goal.proof     12446ms HOL-Library.Complete_Partial_Order2 79:2628  timeout (SH 12446ms): Timed out
0.sledgehammer goal.unfolding 12740ms HOL-Library.Complete_Partial_Order2 85:2858  timeout (SH 12740ms): Timed out
0.sledgehammer goal.proof     12657ms HOL-Library.Complete_Partial_Order2 86:2884  timeout (SH 12657ms): Timed out
0.sledgehammer goal.by        12884ms HOL-Library.Complete_Partial_Order2 93:3161  timeout (SH 12884ms): Timed out
0.sledgehammer goal.proof     12625ms HOL-Library.Complete_Partial_Order2 108:3611  timeout (SH 12625ms): Timed out
0.sledgehammer goal.proof     12936ms HOL-Library.Complete_Partial_Order2 122:4181  timeout (SH 12935ms): Timed out
0.sledgehammer goal.using     12694ms HOL-Library.Complete_Partial_Order2 128:4536  timeout (SH 12694ms): Timed out
0.sledgehammer goal.by        12812ms HOL-Library.Complete_Partial_Order2 128:4548  timeout (SH 12812ms): Timed out
0.sledgehammer goal.using     12852ms HOL-Library.Complete_Partial_Order2 130:4643  timeout (SH 12852ms): Timed out
0.sledgehammer goal.proof     12704ms HOL-Library.Complete_Partial_Order2 131:4658  timeout (SH 12704ms): Timed out
0.sledgehammer goal.using     12915ms HOL-Library.Complete_Partial_Order2 135:4835  timeout (SH 12915ms): Timed out
0.sledgehammer goal.proof     12817ms HOL-Library.Complete_Partial_Order2 136:4865  timeout (SH 12817ms): Timed out
0.sledgehammer goal.by        12683ms HOL-Library.Complete_Partial_Order2 143:5190  timeout (SH 12683ms): Timed out
0.sledgehammer goal.using     12923ms HOL-Library.Complete_Partial_Order2 151:5520  timeout (SH 12923ms): Timed out
0.sledgehammer goal.proof     13002ms HOL-Library.Complete_Partial_Order2 152:5535  timeout (SH 13002ms): Timed out
0.sledgehammer goal.proof     13694ms HOL-Library.Complete_Partial_Order2 169:6035  timeout (SH 13694ms): Timed out
0.sledgehammer goal.using     12874ms HOL-Library.Complete_Partial_Order2 176:6278  timeout (SH 12874ms): Timed out
0.sledgehammer goal.by        12847ms HOL-Library.Complete_Partial_Order2 176:6303  timeout (SH 12847ms): Timed out
0.sledgehammer goal.proof     12689ms HOL-Library.Complete_Partial_Order2 189:6694  timeout (SH 12689ms): Timed out
0.sledgehammer goal.by        23061ms HOL-Library.Complete_Partial_Order2 192:6752  timeout (SH 23061ms): Timed out
0.sledgehammer goal.using     13473ms HOL-Library.Complete_Partial_Order2 197:7027  timeout (SH 13473ms): Timed out
0.sledgehammer goal.proof     12603ms HOL-Library.Complete_Partial_Order2 198:7037  timeout (SH 12603ms): Timed out
0.sledgehammer goal.proof     12461ms HOL-Library.Complete_Partial_Order2 203:7188  timeout (SH 12461ms): Timed out
0.sledgehammer goal.using     12451ms HOL-Library.Complete_Partial_Order2 207:7344  timeout (SH 12451ms): Timed out
0.sledgehammer goal.by        12413ms HOL-Library.Complete_Partial_Order2 207:7368  timeout (SH 12413ms): Timed out
0.sledgehammer goal.using     12697ms HOL-Library.Complete_Partial_Order2 214:7625  timeout (SH 12697ms): Timed out
0.sledgehammer goal.by        12671ms HOL-Library.Complete_Partial_Order2 214:7633  timeout (SH 12671ms): Timed out
0.sledgehammer goal.using     12746ms HOL-Library.Complete_Partial_Order2 216:7761  timeout (SH 12746ms): Timed out
0.sledgehammer goal.proof     12428ms HOL-Library.Complete_Partial_Order2 217:7771  timeout (SH 12428ms): Timed out
0.sledgehammer goal.using     12664ms HOL-Library.Complete_Partial_Order2 220:7892  timeout (SH 12664ms): Timed out
0.sledgehammer goal.proof     13084ms HOL-Library.Complete_Partial_Order2 221:7909  timeout (SH 13084ms): Timed out
0.sledgehammer goal.by        12578ms HOL-Library.Complete_Partial_Order2 226:8074  timeout (SH 12577ms): Timed out
0.sledgehammer goal.proof     12629ms HOL-Library.Complete_Partial_Order2 232:8232  timeout (SH 12629ms): Timed out
0.sledgehammer goal.using     12562ms HOL-Library.Complete_Partial_Order2 236:8399  timeout (SH 12562ms): Timed out
0.sledgehammer goal.proof     12596ms HOL-Library.Complete_Partial_Order2 237:8428  timeout (SH 12596ms): Timed out
0.sledgehammer goal.using     12591ms HOL-Library.Complete_Partial_Order2 248:8766  timeout (SH 12591ms): Timed out
0.sledgehammer goal.proof     12492ms HOL-Library.Complete_Partial_Order2 249:8781  timeout (SH 12492ms): Timed out
0.sledgehammer goal.using     12772ms HOL-Library.Complete_Partial_Order2 253:8964  timeout (SH 12772ms): Timed out
0.sledgehammer goal.proof     12626ms HOL-Library.Complete_Partial_Order2 254:8981  timeout (SH 12626ms): Timed out
0.sledgehammer goal.by         3691ms HOL-Library.Complete_Partial_Order2 265:9332  some (SH 3690ms, ATP 489ms): Try this: by (smt (cvc5, fmf) local.dual_order.antisym) (332 ms)
0.sledgehammer goal.by         3691ms HOL-Library.Complete_Partial_Order2 265:9332  some Preplay: (smt (cvc5, fmf) local.dual_order.antisym) (332 ms)
0.sledgehammer goal.by         3691ms HOL-Library.Complete_Partial_Order2 265:9332  some Preplay: (smt (cvc5, no_simp) local.dual_order.antisym) (336 ms)
0.sledgehammer goal.by         3691ms HOL-Library.Complete_Partial_Order2 265:9332  some Preplay: (smt (cvc5, noematch) local.dual_order.antisym) (457 ms)
0.sledgehammer goal.by         3691ms HOL-Library.Complete_Partial_Order2 265:9332  some Preplay: (smt (cvc5, trigger_relev) local.dual_order.antisym) (472 ms)
0.sledgehammer goal.by         3691ms HOL-Library.Complete_Partial_Order2 265:9332  some Preplay: (smt (cvc5, trigger_last) local.dual_order.antisym) (513 ms)
0.sledgehammer goal.by         3691ms HOL-Library.Complete_Partial_Order2 265:9332  some Preplay: (smt (cvc5, term_relev) local.dual_order.antisym) (576 ms)
0.sledgehammer goal.by         3691ms HOL-Library.Complete_Partial_Order2 265:9332  some Preplay: (smt (cvc5, trigger_max) local.dual_order.antisym) (646 ms)
0.sledgehammer goal.by         3691ms HOL-Library.Complete_Partial_Order2 265:9332  some Preplay: (smt (cvc5, quant_saturate) local.dual_order.antisym) (673 ms)
0.sledgehammer goal.by         3691ms HOL-Library.Complete_Partial_Order2 265:9332  some Preplay: (smt (cvc5, best) local.dual_order.antisym) (1.2 s)
0.sledgehammer goal.proof     16342ms HOL-Library.Complete_Partial_Order2 274:9537  timeout (SH 16342ms): Timed out
0.sledgehammer goal.proof     12362ms HOL-Library.Complete_Partial_Order2 278:9647  timeout (SH 12362ms): Timed out
0.sledgehammer goal.using     12182ms HOL-Library.Complete_Partial_Order2 293:10257  timeout (SH 12182ms): Timed out
0.sledgehammer goal.by        12326ms HOL-Library.Complete_Partial_Order2 294:10267  timeout (SH 12326ms): Timed out
0.sledgehammer goal.proof     12252ms HOL-Library.Complete_Partial_Order2 301:10611  timeout (SH 12252ms): Timed out
0.sledgehammer goal.by        12260ms HOL-Library.Complete_Partial_Order2 303:10691  timeout (SH 12259ms): Timed out
0.sledgehammer goal.by        14893ms HOL-Library.Complete_Partial_Order2 306:10901  timeout (SH 14893ms): Timed out
0.sledgehammer goal.using     14645ms HOL-Library.Complete_Partial_Order2 310:11062  timeout (SH 14645ms): Timed out
0.sledgehammer goal.proof     13277ms HOL-Library.Complete_Partial_Order2 311:11076  timeout (SH 13277ms): Timed out
0.sledgehammer goal.using     12744ms HOL-Library.Complete_Partial_Order2 318:11340  timeout (SH 12744ms): Timed out
0.sledgehammer goal.by        12587ms HOL-Library.Complete_Partial_Order2 318:11375  timeout (SH 12587ms): Timed out
0.sledgehammer goal.using      2958ms HOL-Library.Complete_Partial_Order2 320:11415  some (SH 2958ms, ATP 416ms): Try this: by (smt (cvc5, trigger_last) f(2)) (75 ms)
0.sledgehammer goal.using      2958ms HOL-Library.Complete_Partial_Order2 320:11415  some Preplay: (smt (cvc5, trigger_last) f(2)) (75 ms)
0.sledgehammer goal.using      2958ms HOL-Library.Complete_Partial_Order2 320:11415  some Preplay: (smt (cvc5, fmf) f(2)) (98 ms)
0.sledgehammer goal.using      2958ms HOL-Library.Complete_Partial_Order2 320:11415  some Preplay: (smt (cvc5, noematch) f(2)) (103 ms)
0.sledgehammer goal.using      2958ms HOL-Library.Complete_Partial_Order2 320:11415  some Preplay: (smt (cvc5, trigger_max) f(2)) (108 ms)
0.sledgehammer goal.using      2958ms HOL-Library.Complete_Partial_Order2 320:11415  some Preplay: (smt (cvc5, trigger_relev) f(2)) (108 ms)
0.sledgehammer goal.using      2958ms HOL-Library.Complete_Partial_Order2 320:11415  some Preplay: (smt (cvc5, term_relev) f(2)) (127 ms)
0.sledgehammer goal.using      2958ms HOL-Library.Complete_Partial_Order2 320:11415  some Preplay: (smt (cvc5, quant_saturate) f(2)) (131 ms)
0.sledgehammer goal.using      2958ms HOL-Library.Complete_Partial_Order2 320:11415  some Preplay: (smt (cvc5, best) f(2)) (131 ms)
0.sledgehammer goal.using      2958ms HOL-Library.Complete_Partial_Order2 320:11415  some Preplay: (smt (cvc5, no_simp) f(2)) (152 ms)
0.sledgehammer goal.unfolding 12873ms HOL-Library.Complete_Partial_Order2 323:11478  timeout (SH 12873ms): Timed out
0.sledgehammer goal.using     12580ms HOL-Library.Complete_Partial_Order2 336:11779  timeout (SH 12580ms): Timed out
0.sledgehammer goal.unfolding 12346ms HOL-Library.Complete_Partial_Order2 336:11791  timeout (SH 12346ms): Timed out
0.sledgehammer goal.by        12115ms HOL-Library.Complete_Partial_Order2 440:14861  timeout (SH 12115ms): Timed out
0.sledgehammer goal.by         8352ms HOL-Library.Complete_Partial_Order2 447:15027  some (SH 8351ms, ATP 458ms): Try this: by (smt (cvc5, no_simp) partial_function_definitions_axioms partial_function_definitions_def transpI) (2.2 s)
0.sledgehammer goal.by         8352ms HOL-Library.Complete_Partial_Order2 447:15027  some Preplay: (smt (cvc5, no_simp) partial_function_definitions_axioms partial_function_definitions_def transpI) (2.2 s)
0.sledgehammer goal.by         8352ms HOL-Library.Complete_Partial_Order2 447:15027  some Preplay: (smt (cvc5, fmf) partial_function_definitions_axioms partial_function_definitions_def transpI) (2.3 s)
0.sledgehammer goal.by         8352ms HOL-Library.Complete_Partial_Order2 447:15027  some Preplay: (smt (cvc5, quant_saturate) partial_function_definitions_axioms partial_function_definitions_def transpI) (2.3 s)
0.sledgehammer goal.by         8352ms HOL-Library.Complete_Partial_Order2 447:15027  some Preplay: (smt (cvc5, trigger_relev) partial_function_definitions_axioms partial_function_definitions_def transpI) (2.4 s)
0.sledgehammer goal.by         8352ms HOL-Library.Complete_Partial_Order2 447:15027  some Preplay: (smt (cvc5, noematch) partial_function_definitions_axioms partial_function_definitions_def transpI) (2.7 s)
0.sledgehammer goal.by         8352ms HOL-Library.Complete_Partial_Order2 447:15027  some Preplay: (smt (cvc5, trigger_last) partial_function_definitions_axioms partial_function_definitions_def transpI) (2.8 s)
0.sledgehammer goal.by         8352ms HOL-Library.Complete_Partial_Order2 447:15027  some Preplay: (smt (cvc5, term_relev) partial_function_definitions_axioms partial_function_definitions_def transpI) (2.9 s)
0.sledgehammer goal.by         8352ms HOL-Library.Complete_Partial_Order2 447:15027  some Preplay: (smt (cvc5, trigger_max) partial_function_definitions_axioms partial_function_definitions_def transpI) (3.1 s)
0.sledgehammer goal.by         8352ms HOL-Library.Complete_Partial_Order2 447:15027  some Preplay: (smt (cvc5, best) partial_function_definitions_axioms partial_function_definitions_def transpI) (3.2 s)
0.sledgehammer goal.by        12752ms HOL-Library.Complete_Partial_Order2 450:15133  timeout (SH 12752ms): Timed out
0.sledgehammer goal.by        11045ms HOL-Library.Complete_Partial_Order2 467:15638  timeout (SH 11045ms): Timed out
0.sledgehammer goal.using     12688ms HOL-Library.Complete_Partial_Order2 475:15923  timeout (SH 12688ms): Timed out
0.sledgehammer goal.by        12809ms HOL-Library.Complete_Partial_Order2 475:15935  timeout (SH 12809ms): Timed out
0.sledgehammer goal.by        40659ms HOL-Library.Complete_Partial_Order2 483:16262  some (SH 40659ms, ATP 453ms): Try this: by (smt (cvc5) cont_def image_cong)
0.sledgehammer goal.by        40659ms HOL-Library.Complete_Partial_Order2 483:16262  some Preplay: (smt (cvc5, best) cont_def image_cong) (> 1.0 s, timed out)
0.sledgehammer goal.by        40659ms HOL-Library.Complete_Partial_Order2 483:16262  some Preplay: (smt (cvc5, trigger_last) cont_def image_cong) (> 1.0 s, timed out)
0.sledgehammer goal.by        40659ms HOL-Library.Complete_Partial_Order2 483:16262  some Preplay: (smt (cvc5, quant_saturate) cont_def image_cong) (> 1.0 s, timed out)
0.sledgehammer goal.by        40659ms HOL-Library.Complete_Partial_Order2 483:16262  some Preplay: (smt (cvc5, trigger_max) cont_def image_cong) (> 1.0 s, timed out)
0.sledgehammer goal.by        40659ms HOL-Library.Complete_Partial_Order2 483:16262  some Preplay: (smt (cvc5, trigger_relev) cont_def image_cong) (> 1.0 s, timed out)
0.sledgehammer goal.by        40659ms HOL-Library.Complete_Partial_Order2 483:16262  some Preplay: (smt (cvc5, term_relev) cont_def image_cong) (> 1.0 s, timed out)
0.sledgehammer goal.by        40659ms HOL-Library.Complete_Partial_Order2 483:16262  some Preplay: (smt (cvc5, noematch) cont_def image_cong) (> 1.0 s, timed out)
0.sledgehammer goal.by        40659ms HOL-Library.Complete_Partial_Order2 483:16262  some Preplay: (smt (cvc5, fmf) cont_def image_cong) (> 1.0 s, timed out)
0.sledgehammer goal.by        40659ms HOL-Library.Complete_Partial_Order2 483:16262  some Preplay: (smt (cvc5, no_simp) cont_def image_cong) (> 1.0 s, timed out)
0.sledgehammer goal.by        12655ms HOL-Library.Complete_Partial_Order2 506:17031  timeout (SH 12655ms): Timed out
0.sledgehammer goal.by        12546ms HOL-Library.Complete_Partial_Order2 513:17308  timeout (SH 12546ms): Timed out
0.sledgehammer goal.by        12690ms HOL-Library.Complete_Partial_Order2 518:17538  timeout (SH 12690ms): Timed out
0.sledgehammer goal.by        12535ms HOL-Library.Complete_Partial_Order2 522:17696  timeout (SH 12535ms): Timed out
0.sledgehammer goal.by        12691ms HOL-Library.Complete_Partial_Order2 526:17897  timeout (SH 12691ms): Timed out
0.sledgehammer goal.by        12809ms HOL-Library.Complete_Partial_Order2 531:18061  timeout (SH 12809ms): Timed out
0.sledgehammer goal.by        12767ms HOL-Library.Complete_Partial_Order2 535:18210  timeout (SH 12767ms): Timed out
0.sledgehammer goal.proof     12787ms HOL-Library.Complete_Partial_Order2 545:18603  timeout (SH 12787ms): Timed out
0.sledgehammer goal.by        12956ms HOL-Library.Complete_Partial_Order2 551:18887  timeout (SH 12956ms): Timed out
0.sledgehammer goal.unfolding 12728ms HOL-Library.Complete_Partial_Order2 560:19271  timeout (SH 12728ms): Timed out
0.sledgehammer goal.by        12742ms HOL-Library.Complete_Partial_Order2 560:19291  timeout (SH 12742ms): Timed out
0.sledgehammer goal.by        15090ms HOL-Library.Complete_Partial_Order2 565:19488  timeout (SH 15090ms): Timed out
0.sledgehammer goal.proof     14962ms HOL-Library.Complete_Partial_Order2 576:19823  timeout (SH 14962ms): Timed out
0.sledgehammer goal.by        63500ms HOL-Library.Complete_Partial_Order2 582:20033  timeout (SH 63499ms):
0.sledgehammer goal.by        12397ms HOL-Library.Complete_Partial_Order2 589:20268  timeout (SH 12397ms): Timed out
0.sledgehammer goal.using     12342ms HOL-Library.Complete_Partial_Order2 595:20510  timeout (SH 12342ms): Timed out
0.sledgehammer goal.by        12524ms HOL-Library.Complete_Partial_Order2 596:20518  timeout (SH 12524ms): Timed out
0.sledgehammer goal.unfolding 12507ms HOL-Library.Complete_Partial_Order2 603:20911  timeout (SH 12507ms): Timed out
0.sledgehammer goal.proof     12605ms HOL-Library.Complete_Partial_Order2 604:20931  timeout (SH 12605ms): Timed out
0.sledgehammer goal.by        21954ms HOL-Library.Complete_Partial_Order2 606:21024  some (SH 21954ms, ATP 228ms): Try this: by (smt (cvc5, quant_saturate) fun_ord_def mono monotoneD monotoneI) (161 ms)
0.sledgehammer goal.by        21954ms HOL-Library.Complete_Partial_Order2 606:21024  some Preplay: (smt (cvc5, quant_saturate) fun_ord_def mono monotoneD monotoneI) (161 ms)
0.sledgehammer goal.by        21954ms HOL-Library.Complete_Partial_Order2 606:21024  some Preplay: (smt (cvc5, best) fun_ord_def mono monotoneD monotoneI) (193 ms)
0.sledgehammer goal.by        21954ms HOL-Library.Complete_Partial_Order2 606:21024  some Preplay: (smt (cvc5, trigger_last) fun_ord_def mono monotoneD monotoneI) (315 ms)
0.sledgehammer goal.by        21954ms HOL-Library.Complete_Partial_Order2 606:21024  some Preplay: (smt (cvc5, trigger_max) fun_ord_def mono monotoneD monotoneI) (> 161 ms, timed out)
0.sledgehammer goal.by        21954ms HOL-Library.Complete_Partial_Order2 606:21024  some Preplay: (smt (cvc5, trigger_relev) fun_ord_def mono monotoneD monotoneI) (> 161 ms, timed out)
0.sledgehammer goal.by        21954ms HOL-Library.Complete_Partial_Order2 606:21024  some Preplay: (smt (cvc5, term_relev) fun_ord_def mono monotoneD monotoneI) (> 161 ms, timed out)
0.sledgehammer goal.by        21954ms HOL-Library.Complete_Partial_Order2 606:21024  some Preplay: (smt (cvc5, noematch) fun_ord_def mono monotoneD monotoneI) (> 161 ms, timed out)
0.sledgehammer goal.by        21954ms HOL-Library.Complete_Partial_Order2 606:21024  some Preplay: (smt (cvc5, fmf) fun_ord_def mono monotoneD monotoneI) (> 161 ms, timed out)
0.sledgehammer goal.by        21954ms HOL-Library.Complete_Partial_Order2 606:21024  some Preplay: (smt (cvc5, no_simp) fun_ord_def mono monotoneD monotoneI) (> 161 ms, timed out)
0.sledgehammer goal.by        13005ms HOL-Library.Complete_Partial_Order2 609:21234  timeout (SH 13005ms): Timed out
0.sledgehammer goal.proof     14953ms HOL-Library.Complete_Partial_Order2 612:21370  timeout (SH 14953ms): Timed out
0.sledgehammer goal.using     13468ms HOL-Library.Complete_Partial_Order2 615:21433  timeout (SH 13468ms): Timed out
0.sledgehammer goal.proof     13431ms HOL-Library.Complete_Partial_Order2 616:21449  timeout (SH 13431ms): Timed out
0.sledgehammer goal.using     12785ms HOL-Library.Complete_Partial_Order2 623:21727  timeout (SH 12785ms): Timed out
0.sledgehammer goal.by        28008ms HOL-Library.Complete_Partial_Order2 623:21762  some (SH 28008ms, ATP 156ms): Try this: by (smt (cvc5, no_simp) Sup.SUP_cong image_eqI) (842 ms)
0.sledgehammer goal.by        28008ms HOL-Library.Complete_Partial_Order2 623:21762  some Preplay: (smt (cvc5, no_simp) Sup.SUP_cong image_eqI) (842 ms)
0.sledgehammer goal.by        28008ms HOL-Library.Complete_Partial_Order2 623:21762  some Preplay: (smt (cvc5, trigger_relev) Sup.SUP_cong image_eqI) (1.2 s)
0.sledgehammer goal.by        28008ms HOL-Library.Complete_Partial_Order2 623:21762  some Preplay: (smt (cvc5, quant_saturate) Sup.SUP_cong image_eqI) (1.2 s)
0.sledgehammer goal.by        28008ms HOL-Library.Complete_Partial_Order2 623:21762  some Preplay: (smt (cvc5, best) Sup.SUP_cong image_eqI) (1.9 s)
0.sledgehammer goal.by        28008ms HOL-Library.Complete_Partial_Order2 623:21762  some Preplay: (smt (cvc5, term_relev) Sup.SUP_cong image_eqI) (2.1 s)
0.sledgehammer goal.by        28008ms HOL-Library.Complete_Partial_Order2 623:21762  some Preplay: (smt (cvc5, trigger_last) Sup.SUP_cong image_eqI) (2.2 s)
0.sledgehammer goal.by        28008ms HOL-Library.Complete_Partial_Order2 623:21762  some Preplay: (smt (cvc5, trigger_max) Sup.SUP_cong image_eqI) (> 1.0 s, timed out)
0.sledgehammer goal.by        28008ms HOL-Library.Complete_Partial_Order2 623:21762  some Preplay: (smt (cvc5, noematch) Sup.SUP_cong image_eqI) (> 1.0 s, timed out)
0.sledgehammer goal.by        28008ms HOL-Library.Complete_Partial_Order2 623:21762  some Preplay: (smt (cvc5, fmf) Sup.SUP_cong image_eqI) (> 1.0 s, timed out)
0.sledgehammer goal.by        12783ms HOL-Library.Complete_Partial_Order2 628:21863  timeout (SH 12783ms): Timed out
0.sledgehammer goal.proof     12640ms HOL-Library.Complete_Partial_Order2 632:22035  timeout (SH 12640ms): Timed out
0.sledgehammer goal.using     12958ms HOL-Library.Complete_Partial_Order2 637:22259  timeout (SH 12958ms): Timed out
0.sledgehammer goal.unfolding 12705ms HOL-Library.Complete_Partial_Order2 640:22416  timeout (SH 12705ms): Timed out
0.sledgehammer goal.by        12816ms HOL-Library.Complete_Partial_Order2 641:22459  timeout (SH 12816ms): Timed out
0.sledgehammer goal.using     12571ms HOL-Library.Complete_Partial_Order2 657:22931  timeout (SH 12571ms): Timed out
0.sledgehammer goal.using     12828ms HOL-Library.Complete_Partial_Order2 662:23165  timeout (SH 12828ms): Timed out
0.sledgehammer goal.by        18700ms HOL-Library.Complete_Partial_Order2 689:24659  some (SH 18681ms, ATP 785ms): Try this: by (smt (cvc5, fmf) bot(1,2) local.dual_order.trans mono monotone_on_def) (3.4 s)
0.sledgehammer goal.by        18700ms HOL-Library.Complete_Partial_Order2 689:24659  some Preplay: (smt (cvc5, fmf) bot(1,2) local.dual_order.trans mono monotone_on_def) (3.4 s)
0.sledgehammer goal.by        18700ms HOL-Library.Complete_Partial_Order2 689:24659  some Preplay: (smt (cvc5, trigger_max) bot(1,2) local.dual_order.trans mono monotone_on_def) (3.4 s)
0.sledgehammer goal.by        18700ms HOL-Library.Complete_Partial_Order2 689:24659  some Preplay: (smt (cvc5, best) bot(1,2) local.dual_order.trans mono monotone_on_def) (> 1.0 s, timed out)
0.sledgehammer goal.by        18700ms HOL-Library.Complete_Partial_Order2 689:24659  some Preplay: (smt (cvc5, trigger_last) bot(1,2) local.dual_order.trans mono monotone_on_def) (> 1.0 s, timed out)
0.sledgehammer goal.by        18700ms HOL-Library.Complete_Partial_Order2 689:24659  some Preplay: (smt (cvc5, quant_saturate) bot(1,2) local.dual_order.trans mono monotone_on_def) (> 1.0 s, timed out)
0.sledgehammer goal.by        18700ms HOL-Library.Complete_Partial_Order2 689:24659  some Preplay: (smt (cvc5, trigger_relev) bot(1,2) local.dual_order.trans mono monotone_on_def) (> 1.0 s, timed out)
0.sledgehammer goal.by        18700ms HOL-Library.Complete_Partial_Order2 689:24659  some Preplay: (smt (cvc5, term_relev) bot(1,2) local.dual_order.trans mono monotone_on_def) (> 1.0 s, timed out)
0.sledgehammer goal.by        18700ms HOL-Library.Complete_Partial_Order2 689:24659  some Preplay: (smt (cvc5, noematch) bot(1,2) local.dual_order.trans mono monotone_on_def) (> 1.0 s, timed out)
0.sledgehammer goal.by        18700ms HOL-Library.Complete_Partial_Order2 689:24659  some Preplay: (smt (cvc5, no_simp) bot(1,2) local.dual_order.trans mono monotone_on_def) (> 1.0 s, timed out)
0.sledgehammer goal.proof     13104ms HOL-Library.Complete_Partial_Order2 698:25138  timeout (SH 13104ms): Timed out
0.sledgehammer goal.by        13013ms HOL-Library.Complete_Partial_Order2 699:25197  timeout (SH 13013ms): Timed out
0.sledgehammer goal.by        42236ms HOL-Library.Complete_Partial_Order2 700:25240  some (SH 42235ms, ATP 1154ms): Try this: by (smt (cvc5, fmf) bot c.dual_order.eq_iff local.dual_order.trans mono monotoneI) (3.6 s)
0.sledgehammer goal.by        42236ms HOL-Library.Complete_Partial_Order2 700:25240  some Preplay: (smt (cvc5, fmf) bot c.dual_order.eq_iff local.dual_order.trans mono monotoneI) (3.6 s)
0.sledgehammer goal.by        42236ms HOL-Library.Complete_Partial_Order2 700:25240  some Preplay: (smt (cvc5, noematch) bot c.dual_order.eq_iff local.dual_order.trans mono monotoneI) (4.2 s)
0.sledgehammer goal.by        42236ms HOL-Library.Complete_Partial_Order2 700:25240  some Preplay: (smt (cvc5, best) bot c.dual_order.eq_iff local.dual_order.trans mono monotoneI) (> 1.0 s, timed out)
0.sledgehammer goal.by        42236ms HOL-Library.Complete_Partial_Order2 700:25240  some Preplay: (smt (cvc5, trigger_last) bot c.dual_order.eq_iff local.dual_order.trans mono monotoneI) (> 1.0 s, timed out)
0.sledgehammer goal.by        42236ms HOL-Library.Complete_Partial_Order2 700:25240  some Preplay: (smt (cvc5, quant_saturate) bot c.dual_order.eq_iff local.dual_order.trans mono monotoneI) (> 1.0 s, timed out)
0.sledgehammer goal.by        42236ms HOL-Library.Complete_Partial_Order2 700:25240  some Preplay: (smt (cvc5, trigger_max) bot c.dual_order.eq_iff local.dual_order.trans mono monotoneI) (> 1.0 s, timed out)
0.sledgehammer goal.by        42236ms HOL-Library.Complete_Partial_Order2 700:25240  some Preplay: (smt (cvc5, trigger_relev) bot c.dual_order.eq_iff local.dual_order.trans mono monotoneI) (> 1.0 s, timed out)
0.sledgehammer goal.by        42236ms HOL-Library.Complete_Partial_Order2 700:25240  some Preplay: (smt (cvc5, term_relev) bot c.dual_order.eq_iff local.dual_order.trans mono monotoneI) (> 1.0 s, timed out)
0.sledgehammer goal.by        42236ms HOL-Library.Complete_Partial_Order2 700:25240  some Preplay: (smt (cvc5, no_simp) bot c.dual_order.eq_iff local.dual_order.trans mono monotoneI) (> 1.0 s, timed out)
0.sledgehammer goal.proof     12642ms HOL-Library.Complete_Partial_Order2 705:25398  timeout (SH 12642ms): Timed out
0.sledgehammer goal.using     12589ms HOL-Library.Complete_Partial_Order2 709:25605  timeout (SH 12589ms): Timed out
0.sledgehammer goal.by        12515ms HOL-Library.Complete_Partial_Order2 710:25624  timeout (SH 12515ms): Timed out
0.sledgehammer goal.using     12569ms HOL-Library.Complete_Partial_Order2 720:26056  timeout (SH 12569ms): Timed out
0.sledgehammer goal.proof     12683ms HOL-Library.Complete_Partial_Order2 721:26072  timeout (SH 12683ms): Timed out
0.sledgehammer goal.proof     12383ms HOL-Library.Complete_Partial_Order2 725:26162  timeout (SH 12383ms): Timed out
0.sledgehammer goal.by         2339ms HOL-Library.Complete_Partial_Order2 732:26600  some (SH 2339ms, ATP 333ms): Try this: by (smt (cvc5, fmf)) (68 ms)
0.sledgehammer goal.by         2339ms HOL-Library.Complete_Partial_Order2 732:26600  some Preplay: (smt (cvc5, fmf)) (68 ms)
0.sledgehammer goal.by         2339ms HOL-Library.Complete_Partial_Order2 732:26600  some Preplay: (smt (cvc5, noematch)) (83 ms)
0.sledgehammer goal.by         2339ms HOL-Library.Complete_Partial_Order2 732:26600  some Preplay: (smt (cvc5, trigger_max)) (92 ms)
0.sledgehammer goal.by         2339ms HOL-Library.Complete_Partial_Order2 732:26600  some Preplay: (smt (cvc5, trigger_relev)) (98 ms)
0.sledgehammer goal.by         2339ms HOL-Library.Complete_Partial_Order2 732:26600  some Preplay: (smt (cvc5, no_simp)) (100 ms)
0.sledgehammer goal.by         2339ms HOL-Library.Complete_Partial_Order2 732:26600  some Preplay: (smt (cvc5, term_relev)) (100 ms)
0.sledgehammer goal.by         2339ms HOL-Library.Complete_Partial_Order2 732:26600  some Preplay: (smt (cvc5, quant_saturate)) (102 ms)
0.sledgehammer goal.by         2339ms HOL-Library.Complete_Partial_Order2 732:26600  some Preplay: (smt (cvc5, best)) (109 ms)
0.sledgehammer goal.by         2339ms HOL-Library.Complete_Partial_Order2 732:26600  some Preplay: (smt (cvc5, trigger_last)) (125 ms)
0.sledgehammer goal.proof     19707ms HOL-Library.Complete_Partial_Order2 735:26736  timeout (SH 19707ms): Timed out
0.sledgehammer goal.by        12885ms HOL-Library.Complete_Partial_Order2 737:26821  timeout (SH 12885ms): Timed out
0.sledgehammer goal.using     12249ms HOL-Library.Complete_Partial_Order2 742:26977  timeout (SH 12249ms): Timed out
0.sledgehammer goal.by        12125ms HOL-Library.Complete_Partial_Order2 742:26989  timeout (SH 12125ms): Timed out
0.sledgehammer goal.by        12339ms HOL-Library.Complete_Partial_Order2 748:27439  timeout (SH 12339ms): Timed out
0.sledgehammer goal.using     12751ms HOL-Library.Complete_Partial_Order2 749:27584  timeout (SH 12751ms): Timed out
0.sledgehammer goal.by        12551ms HOL-Library.Complete_Partial_Order2 749:27596  timeout (SH 12551ms): Timed out
0.sledgehammer goal.by        12862ms HOL-Library.Complete_Partial_Order2 760:27797  timeout (SH 12862ms): Timed out
0.sledgehammer goal.using     16974ms HOL-Library.Complete_Partial_Order2 788:29651  some (SH 16974ms, ATP 801ms): Try this: by (smt (cvc5, no_simp) bot(1,2) leq_trans mono monotone_on_def) (2.5 s)
0.sledgehammer goal.using     16974ms HOL-Library.Complete_Partial_Order2 788:29651  some Preplay: (smt (cvc5, no_simp) bot(1,2) leq_trans mono monotone_on_def) (2.5 s)
0.sledgehammer goal.using     16974ms HOL-Library.Complete_Partial_Order2 788:29651  some Preplay: (smt (cvc5, fmf) bot(1,2) leq_trans mono monotone_on_def) (2.7 s)
0.sledgehammer goal.using     16974ms HOL-Library.Complete_Partial_Order2 788:29651  some Preplay: (smt (cvc5, trigger_last) bot(1,2) leq_trans mono monotone_on_def) (4.0 s)
0.sledgehammer goal.using     16974ms HOL-Library.Complete_Partial_Order2 788:29651  some Preplay: (smt (cvc5, noematch) bot(1,2) leq_trans mono monotone_on_def) (4.2 s)
0.sledgehammer goal.using     16974ms HOL-Library.Complete_Partial_Order2 788:29651  some Preplay: (smt (cvc5, term_relev) bot(1,2) leq_trans mono monotone_on_def) (4.2 s)
0.sledgehammer goal.using     16974ms HOL-Library.Complete_Partial_Order2 788:29651  some Preplay: (smt (cvc5, best) bot(1,2) leq_trans mono monotone_on_def) (4.6 s)
0.sledgehammer goal.using     16974ms HOL-Library.Complete_Partial_Order2 788:29651  some Preplay: (smt (cvc5, trigger_relev) bot(1,2) leq_trans mono monotone_on_def) (5.1 s)
0.sledgehammer goal.using     16974ms HOL-Library.Complete_Partial_Order2 788:29651  some Preplay: (smt (cvc5, quant_saturate) bot(1,2) leq_trans mono monotone_on_def) (> 1.0 s, timed out)
0.sledgehammer goal.using     16974ms HOL-Library.Complete_Partial_Order2 788:29651  some Preplay: (smt (cvc5, trigger_max) bot(1,2) leq_trans mono monotone_on_def) (> 1.0 s, timed out)
0.sledgehammer goal.by        12742ms HOL-Library.Complete_Partial_Order2 788:29675  some (SH 12742ms, ATP 775ms): Try this: by (smt (cvc5, no_simp) leq_trans monotoneI) (3.1 s)
0.sledgehammer goal.by        12742ms HOL-Library.Complete_Partial_Order2 788:29675  some Preplay: (smt (cvc5, no_simp) leq_trans monotoneI) (3.1 s)
0.sledgehammer goal.by        12742ms HOL-Library.Complete_Partial_Order2 788:29675  some Preplay: (smt (cvc5, quant_saturate) leq_trans monotoneI) (3.6 s)
0.sledgehammer goal.by        12742ms HOL-Library.Complete_Partial_Order2 788:29675  some Preplay: (smt (cvc5, fmf) leq_trans monotoneI) (4.2 s)
0.sledgehammer goal.by        12742ms HOL-Library.Complete_Partial_Order2 788:29675  some Preplay: (smt (cvc5, best) leq_trans monotoneI) (4.2 s)
0.sledgehammer goal.by        12742ms HOL-Library.Complete_Partial_Order2 788:29675  some Preplay: (smt (cvc5, trigger_last) leq_trans monotoneI) (4.5 s)
0.sledgehammer goal.by        12742ms HOL-Library.Complete_Partial_Order2 788:29675  some Preplay: (smt (cvc5, trigger_max) leq_trans monotoneI) (4.6 s)
0.sledgehammer goal.by        12742ms HOL-Library.Complete_Partial_Order2 788:29675  some Preplay: (smt (cvc5, term_relev) leq_trans monotoneI) (4.8 s)
0.sledgehammer goal.by        12742ms HOL-Library.Complete_Partial_Order2 788:29675  some Preplay: (smt (cvc5, noematch) leq_trans monotoneI) (5.0 s)
0.sledgehammer goal.by        12742ms HOL-Library.Complete_Partial_Order2 788:29675  some Preplay: (smt (cvc5, trigger_relev) leq_trans monotoneI) (5.3 s)
0.sledgehammer goal.unfolding 12724ms HOL-Library.Complete_Partial_Order2 798:30116  timeout (SH 12724ms): Timed out
0.sledgehammer goal.using     12934ms HOL-Library.Complete_Partial_Order2 798:30137  timeout (SH 12934ms): Timed out
0.sledgehammer goal.by        15217ms HOL-Library.Complete_Partial_Order2 798:30162  timeout (SH 15217ms): Timed out
0.sledgehammer goal.using     12911ms HOL-Library.Complete_Partial_Order2 808:30459  timeout (SH 12911ms): Timed out
0.sledgehammer goal.by        12969ms HOL-Library.Complete_Partial_Order2 808:30471  timeout (SH 12969ms): Timed out
0.sledgehammer goal.by        12824ms HOL-Library.Complete_Partial_Order2 819:30830  timeout (SH 12824ms): Timed out
0.sledgehammer goal.unfolding 12920ms HOL-Library.Complete_Partial_Order2 826:31066  timeout (SH 12920ms): Timed out
0.sledgehammer goal.by        13648ms HOL-Library.Complete_Partial_Order2 826:31090  timeout (SH 13648ms): Timed out
0.sledgehammer goal.by        21127ms HOL-Library.Complete_Partial_Order2 835:31439  some (SH 21127ms, ATP 680ms): Try this: by (smt (cvc5, term_relev) Union_iff ccpo.admissibleI) (728 ms)
0.sledgehammer goal.by        21127ms HOL-Library.Complete_Partial_Order2 835:31439  some Preplay: (smt (cvc5, term_relev) Union_iff ccpo.admissibleI) (728 ms)
0.sledgehammer goal.by        21127ms HOL-Library.Complete_Partial_Order2 835:31439  some Preplay: (smt (cvc5, quant_saturate) Union_iff ccpo.admissibleI) (750 ms)
0.sledgehammer goal.by        21127ms HOL-Library.Complete_Partial_Order2 835:31439  some Preplay: (smt (cvc5, trigger_relev) Union_iff ccpo.admissibleI) (750 ms)
0.sledgehammer goal.by        21127ms HOL-Library.Complete_Partial_Order2 835:31439  some Preplay: (smt (cvc5, trigger_last) Union_iff ccpo.admissibleI) (796 ms)
0.sledgehammer goal.by        21127ms HOL-Library.Complete_Partial_Order2 835:31439  some Preplay: (smt (cvc5, best) Union_iff ccpo.admissibleI) (814 ms)
0.sledgehammer goal.by        21127ms HOL-Library.Complete_Partial_Order2 835:31439  some Preplay: (smt (cvc5, fmf) Union_iff ccpo.admissibleI) (915 ms)
0.sledgehammer goal.by        21127ms HOL-Library.Complete_Partial_Order2 835:31439  some Preplay: (smt (cvc5, noematch) Union_iff ccpo.admissibleI) (1.1 s)
0.sledgehammer goal.by        21127ms HOL-Library.Complete_Partial_Order2 835:31439  some Preplay: (smt (cvc5, trigger_max) Union_iff ccpo.admissibleI) (1.2 s)
0.sledgehammer goal.by        21127ms HOL-Library.Complete_Partial_Order2 835:31439  some Preplay: (smt (cvc5, no_simp) Union_iff ccpo.admissibleI) (1.3 s)
0.sledgehammer goal.by        13077ms HOL-Library.Complete_Partial_Order2 841:31641  timeout (SH 13077ms): Timed out
0.sledgehammer goal.by        13797ms HOL-Library.Complete_Partial_Order2 852:32112  some (SH 13797ms, ATP 1406ms): Try this: by (smt (cvc5, term_relev) ccpo.admissible_def) (378 ms)
0.sledgehammer goal.by        13797ms HOL-Library.Complete_Partial_Order2 852:32112  some Preplay: (smt (cvc5, term_relev) ccpo.admissible_def) (378 ms)
0.sledgehammer goal.by        13797ms HOL-Library.Complete_Partial_Order2 852:32112  some Preplay: (smt (cvc5, no_simp) ccpo.admissible_def) (511 ms)
0.sledgehammer goal.by        13797ms HOL-Library.Complete_Partial_Order2 852:32112  some Preplay: (smt (cvc5, noematch) ccpo.admissible_def) (700 ms)
0.sledgehammer goal.by        13797ms HOL-Library.Complete_Partial_Order2 852:32112  some Preplay: (smt (cvc5, quant_saturate) ccpo.admissible_def) (733 ms)
0.sledgehammer goal.by        13797ms HOL-Library.Complete_Partial_Order2 852:32112  some Preplay: (smt (cvc5, best) ccpo.admissible_def) (745 ms)
0.sledgehammer goal.by        13797ms HOL-Library.Complete_Partial_Order2 852:32112  some Preplay: (smt (cvc5, trigger_last) ccpo.admissible_def) (861 ms)
0.sledgehammer goal.by        13797ms HOL-Library.Complete_Partial_Order2 852:32112  some Preplay: (smt (cvc5, trigger_max) ccpo.admissible_def) (933 ms)
0.sledgehammer goal.by        13797ms HOL-Library.Complete_Partial_Order2 852:32112  some Preplay: (smt (cvc5, trigger_relev) ccpo.admissible_def) (1.1 s)
0.sledgehammer goal.by        13797ms HOL-Library.Complete_Partial_Order2 852:32112  some Preplay: (smt (cvc5, fmf) ccpo.admissible_def) (> 378 ms, timed out)
0.sledgehammer goal.proof     12580ms HOL-Library.Complete_Partial_Order2 860:32351  timeout (SH 12580ms): Timed out
0.sledgehammer goal.by        12555ms HOL-Library.Complete_Partial_Order2 865:32527  timeout (SH 12555ms): Timed out
0.sledgehammer goal.proof     12441ms HOL-Library.Complete_Partial_Order2 867:32600  timeout (SH 12441ms): Timed out
0.sledgehammer goal.by        12520ms HOL-Library.Complete_Partial_Order2 879:33143  timeout (SH 12520ms): Timed out
0.sledgehammer goal.using     12913ms HOL-Library.Complete_Partial_Order2 891:33484  timeout (SH 12913ms): Timed out
0.sledgehammer goal.by        12773ms HOL-Library.Complete_Partial_Order2 891:33496  timeout (SH 12772ms): Timed out
0.sledgehammer goal.by        12689ms HOL-Library.Complete_Partial_Order2 898:33663  timeout (SH 12689ms): Timed out
0.sledgehammer goal.by        12428ms HOL-Library.Complete_Partial_Order2 903:33809  timeout (SH 12428ms): Timed out
0.sledgehammer goal.using     12511ms HOL-Library.Complete_Partial_Order2 929:34594  timeout (SH 12511ms): Timed out
0.sledgehammer goal.proof     12723ms HOL-Library.Complete_Partial_Order2 930:34606  timeout (SH 12723ms): Timed out
0.sledgehammer goal.by        12772ms HOL-Library.Complete_Partial_Order2 931:34690  timeout (SH 12772ms): Timed out
0.sledgehammer goal.by        56289ms HOL-Library.Complete_Partial_Order2 933:34748  timeout (SH 56289ms):
0.sledgehammer goal.proof     12254ms HOL-Library.Complete_Partial_Order2 939:34892  timeout (SH 12254ms): Timed out
0.sledgehammer goal.using     12805ms HOL-Library.Complete_Partial_Order2 940:34960  timeout (SH 12805ms): Timed out
0.sledgehammer goal.by        13243ms HOL-Library.Complete_Partial_Order2 941:34976  timeout (SH 13243ms): Timed out
0.sledgehammer goal.by        12261ms HOL-Library.Complete_Partial_Order2 952:35424  timeout (SH 12261ms): Timed out
0.sledgehammer goal.proof     12432ms HOL-Library.Complete_Partial_Order2 968:35879  timeout (SH 12432ms): Timed out
0.sledgehammer goal.unfolding 12977ms HOL-Library.Complete_Partial_Order2 997:36867  timeout (SH 12977ms): Timed out
0.sledgehammer goal.apply     13097ms HOL-Library.Complete_Partial_Order2 998:36890  timeout (SH 13097ms): Timed out
0.sledgehammer goal.by        59511ms HOL-Library.Complete_Partial_Order2 1021:37611  timeout (SH 59511ms):
0.sledgehammer goal.by        12899ms HOL-Library.Complete_Partial_Order2 1025:37785  timeout (SH 12899ms): Timed out
0.sledgehammer goal.proof     12290ms HOL-Library.Complete_Partial_Order2 1030:37939  timeout (SH 12290ms): Timed out
0.sledgehammer goal.by        13711ms HOL-Library.Complete_Partial_Order2 1031:37986  timeout (SH 13711ms): Timed out
0.sledgehammer goal.proof     15516ms HOL-Library.Complete_Partial_Order2 1039:38161  timeout (SH 15516ms): Timed out
0.sledgehammer goal.by        16562ms HOL-Library.Complete_Partial_Order2 1042:38286  some (SH 16562ms, ATP 193ms): Try this: by (smt (cvc5, trigger_last) chain_equality is_singletonI' is_singleton_def) (688 ms)
0.sledgehammer goal.by        16562ms HOL-Library.Complete_Partial_Order2 1042:38286  some Preplay: (smt (cvc5, trigger_last) chain_equality is_singletonI' is_singleton_def) (688 ms)
0.sledgehammer goal.by        16562ms HOL-Library.Complete_Partial_Order2 1042:38286  some Preplay: (smt (cvc5, no_simp) chain_equality is_singletonI' is_singleton_def) (830 ms)
0.sledgehammer goal.by        16562ms HOL-Library.Complete_Partial_Order2 1042:38286  some Preplay: (smt (cvc5, trigger_max) chain_equality is_singletonI' is_singleton_def) (882 ms)
0.sledgehammer goal.by        16562ms HOL-Library.Complete_Partial_Order2 1042:38286  some Preplay: (smt (cvc5, term_relev) chain_equality is_singletonI' is_singleton_def) (938 ms)
0.sledgehammer goal.by        16562ms HOL-Library.Complete_Partial_Order2 1042:38286  some Preplay: (smt (cvc5, best) chain_equality is_singletonI' is_singleton_def) (998 ms)
0.sledgehammer goal.by        16562ms HOL-Library.Complete_Partial_Order2 1042:38286  some Preplay: (smt (cvc5, quant_saturate) chain_equality is_singletonI' is_singleton_def) (1.0 s)
0.sledgehammer goal.by        16562ms HOL-Library.Complete_Partial_Order2 1042:38286  some Preplay: (smt (cvc5, noematch) chain_equality is_singletonI' is_singleton_def) (1.0 s)
0.sledgehammer goal.by        16562ms HOL-Library.Complete_Partial_Order2 1042:38286  some Preplay: (smt (cvc5, trigger_relev) chain_equality is_singletonI' is_singleton_def) (1.4 s)
0.sledgehammer goal.by        16562ms HOL-Library.Complete_Partial_Order2 1042:38286  some Preplay: (smt (cvc5, fmf) chain_equality is_singletonI' is_singleton_def) (1.4 s)
0.sledgehammer goal.by        12681ms HOL-Library.Complete_Partial_Order2 1050:38547  timeout (SH 12680ms): Timed out
0.sledgehammer goal.proof     13547ms HOL-Library.Complete_Partial_Order2 1068:39277  timeout (SH 13546ms): Timed out
0.sledgehammer goal.by        13142ms HOL-Library.Complete_Partial_Order2 1069:39329  timeout (SH 13142ms): Timed out
0.sledgehammer goal.by        13565ms HOL-Library.Complete_Partial_Order2 1070:39381  timeout (SH 13565ms): Timed out
0.sledgehammer goal.by        12346ms HOL-Library.Complete_Partial_Order2 1071:39404  timeout (SH 12345ms): Timed out
0.sledgehammer goal.proof     13113ms HOL-Library.Complete_Partial_Order2 1079:39714  timeout (SH 13113ms): Timed out
0.sledgehammer goal.by        13794ms HOL-Library.Complete_Partial_Order2 1080:39811  timeout (SH 13794ms): Timed out
0.sledgehammer goal.by        14750ms HOL-Library.Complete_Partial_Order2 1081:39863  timeout (SH 14750ms): Timed out
0.sledgehammer goal.by        14950ms HOL-Library.Complete_Partial_Order2 1082:39909  timeout (SH 14950ms): Timed out
0.sledgehammer goal.proof     15447ms HOL-Library.Complete_Partial_Order2 1096:40408  timeout (SH 15447ms): Timed out
0.sledgehammer goal.by        13725ms HOL-Library.Complete_Partial_Order2 1097:40460  timeout (SH 13725ms): Timed out
0.sledgehammer goal.by        13659ms HOL-Library.Complete_Partial_Order2 1098:40515  timeout (SH 13659ms): Timed out
0.sledgehammer goal.by        13489ms HOL-Library.Complete_Partial_Order2 1099:40570  timeout (SH 13489ms): Timed out
0.sledgehammer goal.using     13310ms HOL-Library.Complete_Partial_Order2 1100:40596  timeout (SH 13310ms): Timed out
0.sledgehammer goal.by        11081ms HOL-Library.Complete_Partial_Order2 1101:40618  timeout (SH 11081ms): Timed out
0.sledgehammer goal.proof     13192ms HOL-Library.Complete_Partial_Order2 1108:40861  timeout (SH 13192ms): Timed out
0.sledgehammer goal.by        13339ms HOL-Library.Complete_Partial_Order2 1109:40910  timeout (SH 13339ms): Timed out
0.sledgehammer goal.proof     13670ms HOL-Library.Complete_Partial_Order2 1117:41167  timeout (SH 13670ms): Timed out
0.sledgehammer goal.by        13954ms HOL-Library.Complete_Partial_Order2 1118:41216  timeout (SH 13953ms): Timed out
0.sledgehammer goal.using     62306ms HOL-Library.Complete_Partial_Order2 1119:41249  timeout (SH 62306ms):
0.sledgehammer goal.by        13201ms HOL-Library.Complete_Partial_Order2 1127:41563  timeout (SH 13200ms): Timed out
0.sledgehammer goal.using     16334ms HOL-Library.Complete_Partial_Order2 1133:41794  timeout (SH 16333ms): Timed out
0.sledgehammer goal.using     14386ms HOL-Library.Complete_Partial_Order2 1139:42026  timeout (SH 14386ms): Timed out
0.sledgehammer goal.using     13481ms HOL-Library.Complete_Partial_Order2 1152:42419  timeout (SH 13480ms): Timed out
0.sledgehammer goal.by        14231ms HOL-Library.Complete_Partial_Order2 1152:42431  timeout (SH 14231ms): Timed out
0.sledgehammer goal.by        13853ms HOL-Library.Complete_Partial_Order2 1157:42681  timeout (SH 13853ms): Timed out
0.sledgehammer goal.proof     12856ms HOL-Library.Complete_Partial_Order2 1200:44234  timeout (SH 12856ms): Timed out
0.sledgehammer goal.by        12868ms HOL-Library.Complete_Partial_Order2 1201:44293  timeout (SH 12868ms): Timed out
0.sledgehammer goal.by        15192ms HOL-Library.Complete_Partial_Order2 1209:44627  timeout (SH 15192ms): Timed out
0.sledgehammer goal.using     15158ms HOL-Library.Complete_Partial_Order2 1210:44697  timeout (SH 15158ms): Timed out
0.sledgehammer goal.by        12374ms HOL-Library.Complete_Partial_Order2 1211:44712  timeout (SH 12374ms): Timed out
0.sledgehammer goal.proof     12831ms HOL-Library.Complete_Partial_Order2 1219:44994  timeout (SH 12831ms): Timed out
0.sledgehammer goal.by        12584ms HOL-Library.Complete_Partial_Order2 1220:45053  timeout (SH 12583ms): Timed out
0.sledgehammer goal.using     13258ms HOL-Library.Complete_Partial_Order2 1226:45205  timeout (SH 13258ms): Timed out
0.sledgehammer goal.by        12478ms HOL-Library.Complete_Partial_Order2 1226:45216  timeout (SH 12478ms): Timed out
0.sledgehammer goal.by        16057ms HOL-Library.Complete_Partial_Order2 1230:45497  timeout (SH 16057ms): Timed out
0.sledgehammer goal.using     13500ms HOL-Library.Complete_Partial_Order2 1239:45770  timeout (SH 13500ms): Timed out
0.sledgehammer goal.using     13142ms HOL-Library.Complete_Partial_Order2 1246:46031  timeout (SH 13142ms): Timed out
0.sledgehammer goal.proof     21060ms HOL-Library.Complete_Partial_Order2 1257:46428  timeout (SH 21060ms): Timed out
0.sledgehammer goal.by        14250ms HOL-Library.Complete_Partial_Order2 1258:46490  timeout (SH 14250ms): Timed out
0.sledgehammer goal.by        13203ms HOL-Library.Complete_Partial_Order2 1259:46543  timeout (SH 13203ms): Timed out
0.sledgehammer goal.by        15071ms HOL-Library.Complete_Partial_Order2 1267:46858  timeout (SH 15071ms): Timed out
0.sledgehammer goal.by        12799ms HOL-Library.Complete_Partial_Order2 1269:47009  timeout (SH 12799ms): Timed out
0.sledgehammer goal.unfolding 13010ms HOL-Library.Complete_Partial_Order2 1272:47211  timeout (SH 13010ms): Timed out
0.sledgehammer goal.using     12744ms HOL-Library.Complete_Partial_Order2 1272:47234  timeout (SH 12744ms): Timed out
0.sledgehammer goal.proof     13334ms HOL-Library.Complete_Partial_Order2 1273:47248  timeout (SH 13334ms): Timed out
0.sledgehammer goal.by        12715ms HOL-Library.Complete_Partial_Order2 1275:47356  timeout (SH 12715ms): Timed out
0.sledgehammer goal.by        15059ms HOL-Library.Complete_Partial_Order2 1287:47894  timeout (SH 15059ms): Timed out
0.sledgehammer goal.by        13789ms HOL-Library.Complete_Partial_Order2 1295:48302  timeout (SH 13789ms): Timed out
0.sledgehammer goal.by        15417ms HOL-Library.Complete_Partial_Order2 1306:48642  timeout (SH 15417ms): Timed out
0.sledgehammer goal.by        16077ms HOL-Library.Complete_Partial_Order2 1316:49073  timeout (SH 16077ms): Timed out
0.sledgehammer goal.by        14563ms HOL-Library.Complete_Partial_Order2 1324:49540  timeout (SH 14563ms): Timed out
0.sledgehammer goal.unfolding 13711ms HOL-Library.Complete_Partial_Order2 1331:49939  timeout (SH 13711ms): Timed out
0.sledgehammer goal.by        14960ms HOL-Library.Complete_Partial_Order2 1331:49959  timeout (SH 14960ms): Timed out
0.sledgehammer goal.by        12799ms HOL-Library.Complete_Partial_Order2 1345:50353  timeout (SH 12799ms): Timed out
0.sledgehammer goal.by        12401ms HOL-Library.Complete_Partial_Order2 1348:50474  timeout (SH 12401ms): Timed out
0.sledgehammer goal.by        29763ms HOL-Library.Complete_Partial_Order2 1352:50646  some (SH 29762ms, ATP 1073ms): Try this: by (smt (cvc5, best) local.Sup_le_iff local.dual_order.antisym local.order.partial_preordering_axioms partial_function_definitions_def partial_preordering_def) (448 ms)
0.sledgehammer goal.by        29763ms HOL-Library.Complete_Partial_Order2 1352:50646  some Preplay: (smt (cvc5, best) local.Sup_le_iff local.dual_order.antisym local.order.partial_preordering_axioms partial_function_definitions_def partial_preordering_def) (448 ms)
0.sledgehammer goal.by        29763ms HOL-Library.Complete_Partial_Order2 1352:50646  some Preplay: (smt (cvc5, trigger_last) local.Sup_le_iff local.dual_order.antisym local.order.partial_preordering_axioms partial_function_definitions_def partial_preordering_def) (> 448 ms, timed out)
0.sledgehammer goal.by        29763ms HOL-Library.Complete_Partial_Order2 1352:50646  some Preplay: (smt (cvc5, quant_saturate) local.Sup_le_iff local.dual_order.antisym local.order.partial_preordering_axioms partial_function_definitions_def partial_preordering_def) (> 448 ms, timed out)
0.sledgehammer goal.by        29763ms HOL-Library.Complete_Partial_Order2 1352:50646  some Preplay: (smt (cvc5, trigger_max) local.Sup_le_iff local.dual_order.antisym local.order.partial_preordering_axioms partial_function_definitions_def partial_preordering_def) (> 448 ms, timed out)
0.sledgehammer goal.by        29763ms HOL-Library.Complete_Partial_Order2 1352:50646  some Preplay: (smt (cvc5, trigger_relev) local.Sup_le_iff local.dual_order.antisym local.order.partial_preordering_axioms partial_function_definitions_def partial_preordering_def) (> 448 ms, timed out)
0.sledgehammer goal.by        29763ms HOL-Library.Complete_Partial_Order2 1352:50646  some Preplay: (smt (cvc5, term_relev) local.Sup_le_iff local.dual_order.antisym local.order.partial_preordering_axioms partial_function_definitions_def partial_preordering_def) (> 448 ms, timed out)
0.sledgehammer goal.by        29763ms HOL-Library.Complete_Partial_Order2 1352:50646  some Preplay: (smt (cvc5, noematch) local.Sup_le_iff local.dual_order.antisym local.order.partial_preordering_axioms partial_function_definitions_def partial_preordering_def) (> 448 ms, timed out)
0.sledgehammer goal.by        29763ms HOL-Library.Complete_Partial_Order2 1352:50646  some Preplay: (smt (cvc5, fmf) local.Sup_le_iff local.dual_order.antisym local.order.partial_preordering_axioms partial_function_definitions_def partial_preordering_def) (> 448 ms, timed out)
0.sledgehammer goal.by        29763ms HOL-Library.Complete_Partial_Order2 1352:50646  some Preplay: (smt (cvc5, no_simp) local.Sup_le_iff local.dual_order.antisym local.order.partial_preordering_axioms partial_function_definitions_def partial_preordering_def) (> 448 ms, timed out)
0.sledgehammer goal.by        12610ms HOL-Library.Complete_Partial_Order2 1356:50800  timeout (SH 12610ms): Timed out
0.sledgehammer goal.by        42898ms HOL-Library.Complete_Partial_Order2 1366:51187  some (SH 42897ms, ATP 1217ms): Try this: by (smt (cvc5, no_simp) f g local.inf_mono monotone_on_def) (335 ms)
0.sledgehammer goal.by        42898ms HOL-Library.Complete_Partial_Order2 1366:51187  some Preplay: (smt (cvc5, no_simp) f g local.inf_mono monotone_on_def) (335 ms)
0.sledgehammer goal.by        42898ms HOL-Library.Complete_Partial_Order2 1366:51187  some Preplay: (smt (cvc5, noematch) f g local.inf_mono monotone_on_def) (486 ms)
0.sledgehammer goal.by        42898ms HOL-Library.Complete_Partial_Order2 1366:51187  some Preplay: (smt (cvc5, trigger_relev) f g local.inf_mono monotone_on_def) (549 ms)
0.sledgehammer goal.by        42898ms HOL-Library.Complete_Partial_Order2 1366:51187  some Preplay: (smt (cvc5, quant_saturate) f g local.inf_mono monotone_on_def) (783 ms)
0.sledgehammer goal.by        42898ms HOL-Library.Complete_Partial_Order2 1366:51187  some Preplay: (smt (cvc5, trigger_last) f g local.inf_mono monotone_on_def) (834 ms)
0.sledgehammer goal.by        42898ms HOL-Library.Complete_Partial_Order2 1366:51187  some Preplay: (smt (cvc5, best) f g local.inf_mono monotone_on_def) (992 ms)
0.sledgehammer goal.by        42898ms HOL-Library.Complete_Partial_Order2 1366:51187  some Preplay: (smt (cvc5, trigger_max) f g local.inf_mono monotone_on_def) (1.0 s)
0.sledgehammer goal.by        42898ms HOL-Library.Complete_Partial_Order2 1366:51187  some Preplay: (smt (cvc5, term_relev) f g local.inf_mono monotone_on_def) (1.3 s)
0.sledgehammer goal.by        42898ms HOL-Library.Complete_Partial_Order2 1366:51187  some Preplay: (smt (cvc5, fmf) f g local.inf_mono monotone_on_def) (> 486 ms, timed out)
0.sledgehammer goal.by        12862ms HOL-Library.Complete_Partial_Order2 1369:51342  timeout (SH 12862ms): Timed out
0.sledgehammer goal.proof     12320ms HOL-Library.Complete_Partial_Order2 1380:51725  timeout (SH 12320ms): Timed out
0.sledgehammer goal.unfolding 12235ms HOL-Library.Complete_Partial_Order2 1389:52030  timeout (SH 12235ms): Timed out
0.sledgehammer goal.proof     12227ms HOL-Library.Complete_Partial_Order2 1390:52064  timeout (SH 12227ms): Timed out
0.sledgehammer goal.by        14993ms HOL-Library.Complete_Partial_Order2 1405:52633  timeout (SH 14993ms): Timed out
0.sledgehammer goal.by        15361ms HOL-Library.Complete_Partial_Order2 1411:52837  timeout (SH 15360ms): Timed out
0.sledgehammer goal.by        12984ms HOL-Library.Complete_Partial_Order2 1423:53255  timeout (SH 12984ms): Timed out
0.sledgehammer goal.by        12394ms HOL-Library.Complete_Partial_Order2 1429:53488  timeout (SH 12394ms): Timed out
0.sledgehammer goal.by        12350ms HOL-Library.Complete_Partial_Order2 1455:54649  timeout (SH 12349ms): Timed out
0.sledgehammer goal.proof     12680ms HOL-Library.Complete_Partial_Order2 1477:55390  timeout (SH 12680ms): Timed out
0.sledgehammer goal.by        12988ms HOL-Library.Complete_Partial_Order2 1480:55499  timeout (SH 12988ms): Timed out
0.sledgehammer goal.unfolding 15283ms HOL-Library.Complete_Partial_Order2 1486:55706  timeout (SH 15282ms): Timed out
0.sledgehammer goal.by        15128ms HOL-Library.Complete_Partial_Order2 1490:55888  timeout (SH 15127ms): Timed out
0.sledgehammer goal.proof     15267ms HOL-Library.Complete_Partial_Order2 1500:56332  timeout (SH 15267ms): Timed out
0.sledgehammer goal.proof     13175ms HOL-Library.Complete_Partial_Order2 1505:56514  timeout (SH 13175ms): Timed out
0.sledgehammer goal.proof     13260ms HOL-Library.Complete_Partial_Order2 1507:56567  timeout (SH 13259ms): Timed out
0.sledgehammer goal.unfolding 15048ms HOL-Library.Complete_Partial_Order2 1513:56816  timeout (SH 15048ms): Timed out
0.sledgehammer goal.proof     13069ms HOL-Library.Complete_Partial_Order2 1514:56834  timeout (SH 13069ms): Timed out
0.sledgehammer goal.proof     15171ms HOL-Library.Complete_Partial_Order2 1520:57077  timeout (SH 15171ms): Timed out
0.sledgehammer goal.proof     12804ms HOL-Library.Complete_Partial_Order2 1541:57792  timeout (SH 12804ms): Timed out
0.sledgehammer goal.unfolding 15124ms HOL-Library.Complete_Partial_Order2 1545:57958  timeout (SH 15124ms): Timed out
0.sledgehammer goal.proof     13465ms HOL-Library.Complete_Partial_Order2 1546:57976  timeout (SH 13465ms): Timed out
0.sledgehammer goal.by        15260ms HOL-Library.Complete_Partial_Order2 1553:58259  timeout (SH 15260ms): Timed out
0.sledgehammer goal.by        15282ms HOL-Library.Complete_Partial_Order2 1565:58642  timeout (SH 15282ms): Timed out
0.sledgehammer goal.unfolding 15407ms HOL-Library.Complete_Partial_Order2 1574:58914  timeout (SH 15407ms): Timed out
0.sledgehammer goal.by        13326ms HOL-Library.Complete_Partial_Order2 1574:58933  timeout (SH 13326ms): Timed out
0.sledgehammer goal.by        15002ms HOL-Library.Complete_Partial_Order2 1591:59439  timeout (SH 15002ms): Timed out
0.sledgehammer goal.by        14847ms HOL-Library.Complete_Partial_Order2 1592:59498  timeout (SH 14847ms): Timed out
0.sledgehammer goal.proof     15288ms HOL-Library.Complete_Partial_Order2 1597:59656  timeout (SH 15288ms): Timed out
0.sledgehammer goal.by        13188ms HOL-Library.Complete_Partial_Order2 1599:59747  timeout (SH 13188ms): Timed out
0.sledgehammer goal.by        13282ms HOL-Library.Complete_Partial_Order2 1602:59923  timeout (SH 13282ms): Timed out
0.sledgehammer goal.by        15544ms HOL-Library.Complete_Partial_Order2 1607:60218  timeout (SH 15544ms): Timed out
0.sledgehammer goal.by        13137ms HOL-Library.Complete_Partial_Order2 1612:60466  timeout (SH 13137ms): Timed out
0.sledgehammer goal.by        14011ms HOL-Library.Complete_Partial_Order2 1617:60642  timeout (SH 14011ms): Timed out
0.sledgehammer goal.proof     12431ms HOL-Library.Complete_Partial_Order2 1626:61003  timeout (SH 12431ms): Timed out
0.sledgehammer goal.by        12437ms HOL-Library.Complete_Partial_Order2 1630:61164  timeout (SH 12437ms): Timed out
0.sledgehammer goal.by        12356ms HOL-Library.Complete_Partial_Order2 1632:61274  timeout (SH 12356ms): Timed out
0.sledgehammer goal.proof     12455ms HOL-Library.Complete_Partial_Order2 1635:61501  timeout (SH 12455ms): Timed out
0.sledgehammer goal.by        12518ms HOL-Library.Complete_Partial_Order2 1637:61603  timeout (SH 12518ms): Timed out
0.sledgehammer goal.by        14085ms HOL-Library.Complete_Partial_Order2 1642:62045  timeout (SH 14085ms): Timed out
0.sledgehammer goal.by        61145ms HOL-Library.Complete_Partial_Order2 1648:62287  timeout (SH 61145ms):
0.sledgehammer goal.by        12460ms HOL-Library.Complete_Partial_Order2 1652:62484  timeout (SH 12460ms): Timed out
0.sledgehammer goal.by        12416ms HOL-Library.Complete_Partial_Order2 1658:62726  timeout (SH 12416ms): Timed out
0.sledgehammer goal.unfolding 13067ms HOL-Library.Complete_Partial_Order2 1682:63778  timeout (SH 13067ms): Timed out
0.sledgehammer goal.proof     13273ms HOL-Library.Complete_Partial_Order2 1683:63813  timeout (SH 13273ms): Timed out
0.sledgehammer goal.by        15506ms HOL-Library.Complete_Partial_Order2 1688:64176  timeout (SH 15506ms): Timed out
0.sledgehammer goal.by        15864ms HOL-Library.Complete_Partial_Order2 1713:65088  timeout (SH 15864ms): Timed out
0.sledgehammer goal.by        47049ms HOL-Library.Complete_Partial_Order2 1724:65562  some (SH 47049ms, ATP 759ms): Try this: by (smt (cvc5) Inf.INF_cong contD cont_def image_image mcont_cont mcont_def mcont_mono monotone_on_def monotone_on_def prod.sel(2) prod_lub_def rel_prod_sel)
0.sledgehammer goal.by        47049ms HOL-Library.Complete_Partial_Order2 1724:65562  some Preplay: (smt (cvc5, best) Inf.INF_cong contD cont_def image_image mcont_cont mcont_def mcont_mono monotone_on_def monotone_on_def prod.sel(2) prod_lub_def rel_prod_sel) (> 1.0 s, timed out)
0.sledgehammer goal.by        47049ms HOL-Library.Complete_Partial_Order2 1724:65562  some Preplay: (smt (cvc5, trigger_last) Inf.INF_cong contD cont_def image_image mcont_cont mcont_def mcont_mono monotone_on_def monotone_on_def prod.sel(2) prod_lub_def rel_prod_sel) (> 1.0 s, timed out)
0.sledgehammer goal.by        47049ms HOL-Library.Complete_Partial_Order2 1724:65562  some Preplay: (smt (cvc5, quant_saturate) Inf.INF_cong contD cont_def image_image mcont_cont mcont_def mcont_mono monotone_on_def monotone_on_def prod.sel(2) prod_lub_def rel_prod_sel) (> 1.0 s, timed out)
0.sledgehammer goal.by        47049ms HOL-Library.Complete_Partial_Order2 1724:65562  some Preplay: (smt (cvc5, trigger_max) Inf.INF_cong contD cont_def image_image mcont_cont mcont_def mcont_mono monotone_on_def monotone_on_def prod.sel(2) prod_lub_def rel_prod_sel) (> 1.0 s, timed out)
0.sledgehammer goal.by        47049ms HOL-Library.Complete_Partial_Order2 1724:65562  some Preplay: (smt (cvc5, trigger_relev) Inf.INF_cong contD cont_def image_image mcont_cont mcont_def mcont_mono monotone_on_def monotone_on_def prod.sel(2) prod_lub_def rel_prod_sel) (> 1.0 s, timed out)
0.sledgehammer goal.by        47049ms HOL-Library.Complete_Partial_Order2 1724:65562  some Preplay: (smt (cvc5, term_relev) Inf.INF_cong contD cont_def image_image mcont_cont mcont_def mcont_mono monotone_on_def monotone_on_def prod.sel(2) prod_lub_def rel_prod_sel) (> 1.0 s, timed out)
0.sledgehammer goal.by        47049ms HOL-Library.Complete_Partial_Order2 1724:65562  some Preplay: (smt (cvc5, noematch) Inf.INF_cong contD cont_def image_image mcont_cont mcont_def mcont_mono monotone_on_def monotone_on_def prod.sel(2) prod_lub_def rel_prod_sel) (> 1.0 s, timed out)
0.sledgehammer goal.by        47049ms HOL-Library.Complete_Partial_Order2 1724:65562  some Preplay: (smt (cvc5, fmf) Inf.INF_cong contD cont_def image_image mcont_cont mcont_def mcont_mono monotone_on_def monotone_on_def prod.sel(2) prod_lub_def rel_prod_sel) (> 1.0 s, timed out)
0.sledgehammer goal.by        47049ms HOL-Library.Complete_Partial_Order2 1724:65562  some Preplay: (smt (cvc5, no_simp) Inf.INF_cong contD cont_def image_image mcont_cont mcont_def mcont_mono monotone_on_def monotone_on_def prod.sel(2) prod_lub_def rel_prod_sel) (> 1.0 s, timed out)
0.sledgehammer goal.by        42114ms HOL-Library.Complete_Partial_Order2 1734:66001  some (SH 42114ms, ATP 890ms): Try this: by (smt (cvc5) Inf.INF_cong Inf.INF_cong contD contD cont_def image_image image_image prod.sel(1,2) prod_lub_def)
0.sledgehammer goal.by        42114ms HOL-Library.Complete_Partial_Order2 1734:66001  some Preplay: (smt (cvc5, best) Inf.INF_cong Inf.INF_cong contD contD cont_def image_image image_image prod.sel(1,2) prod_lub_def) (> 1.0 s, timed out)
0.sledgehammer goal.by        42114ms HOL-Library.Complete_Partial_Order2 1734:66001  some Preplay: (smt (cvc5, trigger_last) Inf.INF_cong Inf.INF_cong contD contD cont_def image_image image_image prod.sel(1,2) prod_lub_def) (> 1.0 s, timed out)
0.sledgehammer goal.by        42114ms HOL-Library.Complete_Partial_Order2 1734:66001  some Preplay: (smt (cvc5, quant_saturate) Inf.INF_cong Inf.INF_cong contD contD cont_def image_image image_image prod.sel(1,2) prod_lub_def) (> 1.0 s, timed out)
0.sledgehammer goal.by        42114ms HOL-Library.Complete_Partial_Order2 1734:66001  some Preplay: (smt (cvc5, trigger_max) Inf.INF_cong Inf.INF_cong contD contD cont_def image_image image_image prod.sel(1,2) prod_lub_def) (> 1.0 s, timed out)
0.sledgehammer goal.by        42114ms HOL-Library.Complete_Partial_Order2 1734:66001  some Preplay: (smt (cvc5, trigger_relev) Inf.INF_cong Inf.INF_cong contD contD cont_def image_image image_image prod.sel(1,2) prod_lub_def) (> 1.0 s, timed out)
0.sledgehammer goal.by        42114ms HOL-Library.Complete_Partial_Order2 1734:66001  some Preplay: (smt (cvc5, term_relev) Inf.INF_cong Inf.INF_cong contD contD cont_def image_image image_image prod.sel(1,2) prod_lub_def) (> 1.0 s, timed out)
0.sledgehammer goal.by        42114ms HOL-Library.Complete_Partial_Order2 1734:66001  some Preplay: (smt (cvc5, noematch) Inf.INF_cong Inf.INF_cong contD contD cont_def image_image image_image prod.sel(1,2) prod_lub_def) (> 1.0 s, timed out)
0.sledgehammer goal.by        42114ms HOL-Library.Complete_Partial_Order2 1734:66001  some Preplay: (smt (cvc5, fmf) Inf.INF_cong Inf.INF_cong contD contD cont_def image_image image_image prod.sel(1,2) prod_lub_def) (> 1.0 s, timed out)
0.sledgehammer goal.by        42114ms HOL-Library.Complete_Partial_Order2 1734:66001  some Preplay: (smt (cvc5, no_simp) Inf.INF_cong Inf.INF_cong contD contD cont_def image_image image_image prod.sel(1,2) prod_lub_def) (> 1.0 s, timed out)
0.sledgehammer goal.by        46201ms HOL-Library.Complete_Partial_Order2 1739:66229  some (SH 46200ms, ATP 1398ms): Try this: by (smt (cvc5) Inf.INF_cong cont_Pair cont_def mcont_def mcont_def mcont_def monotoneD monotoneD monotoneI rel_prod_inject)
0.sledgehammer goal.by        46201ms HOL-Library.Complete_Partial_Order2 1739:66229  some Preplay: (smt (cvc5, best) Inf.INF_cong cont_Pair cont_def mcont_def monotoneD monotoneI rel_prod_inject) (> 1.0 s, timed out)
0.sledgehammer goal.by        46201ms HOL-Library.Complete_Partial_Order2 1739:66229  some Preplay: (smt (cvc5, trigger_last) Inf.INF_cong cont_Pair cont_def mcont_def monotoneD monotoneI rel_prod_inject) (> 1.0 s, timed out)
0.sledgehammer goal.by        46201ms HOL-Library.Complete_Partial_Order2 1739:66229  some Preplay: (smt (cvc5, quant_saturate) Inf.INF_cong cont_Pair cont_def mcont_def monotoneD monotoneI rel_prod_inject) (> 1.0 s, timed out)
0.sledgehammer goal.by        46201ms HOL-Library.Complete_Partial_Order2 1739:66229  some Preplay: (smt (cvc5, trigger_max) Inf.INF_cong cont_Pair cont_def mcont_def monotoneD monotoneI rel_prod_inject) (> 1.0 s, timed out)
0.sledgehammer goal.by        46201ms HOL-Library.Complete_Partial_Order2 1739:66229  some Preplay: (smt (cvc5, trigger_relev) Inf.INF_cong cont_Pair cont_def mcont_def monotoneD monotoneI rel_prod_inject) (> 1.0 s, timed out)
0.sledgehammer goal.by        46201ms HOL-Library.Complete_Partial_Order2 1739:66229  some Preplay: (smt (cvc5, term_relev) Inf.INF_cong cont_Pair cont_def mcont_def monotoneD monotoneI rel_prod_inject) (> 1.0 s, timed out)
0.sledgehammer goal.by        46201ms HOL-Library.Complete_Partial_Order2 1739:66229  some Preplay: (smt (cvc5, noematch) Inf.INF_cong cont_Pair cont_def mcont_def monotoneD monotoneI rel_prod_inject) (> 1.0 s, timed out)
0.sledgehammer goal.by        46201ms HOL-Library.Complete_Partial_Order2 1739:66229  some Preplay: (smt (cvc5, fmf) Inf.INF_cong cont_Pair cont_def mcont_def monotoneD monotoneI rel_prod_inject) (> 1.0 s, timed out)
0.sledgehammer goal.by        46201ms HOL-Library.Complete_Partial_Order2 1739:66229  some Preplay: (smt (cvc5, no_simp) Inf.INF_cong cont_Pair cont_def mcont_def monotoneD monotoneI rel_prod_inject) (> 1.0 s, timed out)
0.sledgehammer goal.unfolding 26685ms HOL-Library.Complete_Partial_Order2 1750:66725  some (SH 26685ms, ATP 970ms): Try this: by (smt (cvc5, term_relev) flat_ord_def monotoneD monotoneI option.map_disc_iff) (1.6 s)
0.sledgehammer goal.unfolding 26685ms HOL-Library.Complete_Partial_Order2 1750:66725  some Preplay: (smt (cvc5, term_relev) flat_ord_def monotoneD monotoneI option.map_disc_iff) (1.6 s)
0.sledgehammer goal.unfolding 26685ms HOL-Library.Complete_Partial_Order2 1750:66725  some Preplay: (smt (cvc5, trigger_last) flat_ord_def monotoneD monotoneI option.map_disc_iff) (1.9 s)
0.sledgehammer goal.unfolding 26685ms HOL-Library.Complete_Partial_Order2 1750:66725  some Preplay: (smt (cvc5, no_simp) flat_ord_def monotoneD monotoneI option.map_disc_iff) (2.0 s)
0.sledgehammer goal.unfolding 26685ms HOL-Library.Complete_Partial_Order2 1750:66725  some Preplay: (smt (cvc5, best) flat_ord_def monotoneD monotoneI option.map_disc_iff) (2.0 s)
0.sledgehammer goal.unfolding 26685ms HOL-Library.Complete_Partial_Order2 1750:66725  some Preplay: (smt (cvc5, trigger_max) flat_ord_def monotoneD monotoneI option.map_disc_iff) (2.0 s)
0.sledgehammer goal.unfolding 26685ms HOL-Library.Complete_Partial_Order2 1750:66725  some Preplay: (smt (cvc5, trigger_relev) flat_ord_def monotoneD monotoneI option.map_disc_iff) (2.0 s)
0.sledgehammer goal.unfolding 26685ms HOL-Library.Complete_Partial_Order2 1750:66725  some Preplay: (smt (cvc5, quant_saturate) flat_ord_def monotoneD monotoneI option.map_disc_iff) (2.1 s)
0.sledgehammer goal.unfolding 26685ms HOL-Library.Complete_Partial_Order2 1750:66725  some Preplay: (smt (cvc5, noematch) flat_ord_def monotoneD monotoneI option.map_disc_iff) (5.0 s)
0.sledgehammer goal.unfolding 26685ms HOL-Library.Complete_Partial_Order2 1750:66725  some Preplay: (smt (cvc5, fmf) flat_ord_def monotoneD monotoneI option.map_disc_iff) (> 1.0 s, timed out)
0.sledgehammer goal.using     12441ms HOL-Library.Complete_Partial_Order2 1753:66865  timeout (SH 12441ms): Timed out
0.sledgehammer goal.proof     12560ms HOL-Library.Complete_Partial_Order2 1754:66902  timeout (SH 12560ms): Timed out
0.sledgehammer goal.proof     12743ms HOL-Library.Complete_Partial_Order2 1763:67267  timeout (SH 12743ms): Timed out
0.sledgehammer goal.by        12388ms HOL-Library.Complete_Partial_Order2 1764:67323  timeout (SH 12388ms): Timed out
0.sledgehammer goal.by        12789ms HOL-Library.Complete_Partial_Order2 1766:67379  timeout (SH 12788ms): Timed out
0.sledgehammer goal.using     12414ms HOL-Library.Confluence 18:531  timeout (SH 12413ms): Timed out
0.sledgehammer goal.unfolding 12558ms HOL-Library.Confluence 18:542  timeout (SH 12558ms): Timed out
0.sledgehammer goal.using     12282ms HOL-Library.Confluence 21:695  timeout (SH 12282ms): Timed out
0.sledgehammer goal.unfolding 12358ms HOL-Library.Confluence 21:706  timeout (SH 12358ms): Timed out
0.sledgehammer goal.by        12641ms HOL-Library.Confluence 21:754  timeout (SH 12641ms): Timed out
0.sledgehammer goal.using     12608ms HOL-Library.Confluence 25:868  timeout (SH 12607ms): Timed out
0.sledgehammer goal.unfolding 12664ms HOL-Library.Confluence 25:879  timeout (SH 12664ms): Timed out
0.sledgehammer goal.by        53994ms HOL-Library.Confluence 25:923  some (SH 53994ms, ATP 1743ms): Try this: by (smt (cvc5, no_simp) conversep_iff predicate2I relcompp_apply) (301 ms)
0.sledgehammer goal.by        53994ms HOL-Library.Confluence 25:923  some Preplay: (smt (cvc5, no_simp) conversep_iff predicate2I relcompp_apply) (301 ms)
0.sledgehammer goal.by        53994ms HOL-Library.Confluence 25:923  some Preplay: (smt (cvc5, quant_saturate) conversep_iff predicate2I relcompp_apply) (613 ms)
0.sledgehammer goal.by        53994ms HOL-Library.Confluence 25:923  some Preplay: (smt (cvc5, best) conversep_iff predicate2I relcompp_apply) (631 ms)
0.sledgehammer goal.by        53994ms HOL-Library.Confluence 25:923  some Preplay: (smt (cvc5, trigger_last) conversep_iff predicate2I relcompp_apply) (955 ms)
0.sledgehammer goal.by        53994ms HOL-Library.Confluence 25:923  some Preplay: (smt (cvc5, trigger_max) conversep_iff predicate2I relcompp_apply) (1.0 s)
0.sledgehammer goal.by        53994ms HOL-Library.Confluence 25:923  some Preplay: (smt (cvc5, term_relev) conversep_iff predicate2I relcompp_apply) (1.0 s)
0.sledgehammer goal.by        53994ms HOL-Library.Confluence 25:923  some Preplay: (smt (cvc5, trigger_relev) conversep_iff predicate2I relcompp_apply) (1.2 s)
0.sledgehammer goal.by        53994ms HOL-Library.Confluence 25:923  some Preplay: (smt (cvc5, noematch) conversep_iff predicate2I relcompp_apply) (> 613 ms, timed out)
0.sledgehammer goal.by        53994ms HOL-Library.Confluence 25:923  some Preplay: (smt (cvc5, fmf) conversep_iff predicate2I relcompp_apply) (> 613 ms, timed out)
0.sledgehammer goal.using     12505ms HOL-Library.Confluence 32:1208  timeout (SH 12505ms): Timed out
0.sledgehammer goal.unfolding 12774ms HOL-Library.Confluence 32:1219  timeout (SH 12774ms): Timed out
0.sledgehammer goal.by        12856ms HOL-Library.Confluence 32:1251  timeout (SH 12856ms): Timed out
0.sledgehammer goal.using     12518ms HOL-Library.Confluence 35:1358  timeout (SH 12518ms): Timed out
0.sledgehammer goal.unfolding 12738ms HOL-Library.Confluence 35:1369  timeout (SH 12738ms): Timed out
0.sledgehammer goal.by        13553ms HOL-Library.Confluence 35:1401  timeout (SH 13553ms): Timed out
0.sledgehammer goal.proof     13004ms HOL-Library.Confluence 38:1488  timeout (SH 13004ms): Timed out
0.sledgehammer goal.using     11951ms HOL-Library.Confluence 40:1588  timeout (SH 11951ms): Timed out
0.sledgehammer goal.by        12729ms HOL-Library.Confluence 41:1608  timeout (SH 12729ms): Timed out
0.sledgehammer goal.by        64600ms HOL-Library.Confluence 46:1826  timeout (SH 64600ms):
0.sledgehammer goal.proof     11937ms HOL-Library.Confluence 57:2304  timeout (SH 11937ms): Timed out
0.sledgehammer goal.using     12004ms HOL-Library.Confluence 59:2382  timeout (SH 12004ms): Timed out
0.sledgehammer goal.apply     12120ms HOL-Library.Confluence 60:2402  timeout (SH 12120ms): Timed out
0.sledgehammer goal.proof     12308ms HOL-Library.Confluence 71:2875  timeout (SH 12308ms): Timed out
0.sledgehammer goal.using     12347ms HOL-Library.Confluence 72:3006  timeout (SH 12346ms): Timed out
0.sledgehammer goal.unfolding 12407ms HOL-Library.Confluence 72:3017  timeout (SH 12407ms): Timed out
0.sledgehammer goal.by        12324ms HOL-Library.Confluence 73:3063  timeout (SH 12324ms): Timed out
0.sledgehammer goal.unfolding 12791ms HOL-Library.Dlist 30:907  timeout (SH 12791ms): Timed out
0.sledgehammer goal.by        22901ms HOL-Library.Dlist 31:986  timeout (SH 22901ms): Timed out
0.sledgehammer goal.by         3924ms HOL-Library.Dlist 166:4797  none (SH 3924ms): Prover error:
0.sledgehammer goal.by         3924ms HOL-Library.Dlist 166:4797  none cannot atomize goal
0.sledgehammer goal.by         7080ms HOL-Library.Dlist 173:4970  timeout (SH 7080ms): Timed out
0.sledgehammer goal.proof     14755ms HOL-Library.Dlist 182:5244  timeout (SH 14755ms): Timed out
0.sledgehammer goal.proof     15192ms HOL-Library.Dlist 187:5432  timeout (SH 15192ms): Timed out
0.sledgehammer goal.proof     12513ms HOL-Library.Dlist 202:5980  timeout (SH 12513ms): Timed out
0.sledgehammer goal.proof     12948ms HOL-Library.Dlist 207:6151  timeout (SH 12948ms): Timed out
0.sledgehammer goal.proof     12433ms HOL-Library.Dlist 239:7000  timeout (SH 12433ms): Timed out
0.sledgehammer goal.proof     12583ms HOL-Library.Dlist 244:7359  timeout (SH 12583ms): Timed out
0.sledgehammer goal.using     12667ms HOL-Library.Dlist 245:7383  timeout (SH 12666ms): Timed out
0.sledgehammer goal.by        13279ms HOL-Library.Dlist 246:7401  timeout (SH 13279ms): Timed out
0.sledgehammer goal.proof     12327ms HOL-Library.Dlist 249:7541  timeout (SH 12327ms): Timed out
0.sledgehammer goal.using     12556ms HOL-Library.Dlist 252:7645  timeout (SH 12556ms): Timed out
0.sledgehammer goal.by        12583ms HOL-Library.Dlist 253:7662  timeout (SH 12583ms): Timed out
0.sledgehammer goal.by        12543ms HOL-Library.Dlist 271:8340  timeout (SH 12543ms): Timed out
0.sledgehammer goal.by        12510ms HOL-Library.Dlist 274:8489  timeout (SH 12510ms): Timed out
0.sledgehammer goal.by        12331ms HOL-Library.Dlist 281:8925  timeout (SH 12331ms): Timed out
0.sledgehammer goal.by        12946ms HOL-Library.Dlist 293:9702  timeout (SH 12946ms): Timed out
0.sledgehammer goal.by        12714ms HOL-Library.Dlist 306:10162  timeout (SH 12714ms): Timed out
0.sledgehammer goal.by        12680ms HOL-Library.Dlist 307:10253  timeout (SH 12680ms): Timed out
0.sledgehammer goal.unfolding 12975ms HOL-Library.Dlist 312:10495  timeout (SH 12975ms): Timed out
0.sledgehammer goal.by        12920ms HOL-Library.Dlist 313:10582  timeout (SH 12920ms): Timed out
0.sledgehammer goal.by        15101ms HOL-Library.Dlist 317:10768  timeout (SH 15100ms): Timed out
0.sledgehammer goal.proof      3749ms HOL-Library.Dual_Ordered_Lattice 82:1719  none (SH 3749ms): Prover error:
0.sledgehammer goal.proof      3749ms HOL-Library.Dual_Ordered_Lattice 82:1719  none cannot atomize goal
0.sledgehammer goal.by         1911ms HOL-Library.Dual_Ordered_Lattice 96:2015  none (SH 1911ms): Prover error:
0.sledgehammer goal.by         1911ms HOL-Library.Dual_Ordered_Lattice 96:2015  none cannot atomize goal
0.sledgehammer goal.by         3939ms HOL-Library.Dual_Ordered_Lattice 141:2821  none (SH 3939ms): Prover error:
0.sledgehammer goal.by         3939ms HOL-Library.Dual_Ordered_Lattice 141:2821  none cannot atomize goal
0.sledgehammer goal.by         1807ms HOL-Library.Dual_Ordered_Lattice 144:2930  none (SH 1807ms): Prover error:
0.sledgehammer goal.by         1807ms HOL-Library.Dual_Ordered_Lattice 144:2930  none cannot atomize goal
0.sledgehammer goal.by         3747ms HOL-Library.Dual_Ordered_Lattice 186:3700  none (SH 3747ms): Prover error:
0.sledgehammer goal.by         3747ms HOL-Library.Dual_Ordered_Lattice 186:3700  none cannot atomize goal
0.sledgehammer goal.by         1760ms HOL-Library.Dual_Ordered_Lattice 189:3787  none (SH 1760ms): Prover error:
0.sledgehammer goal.by         1760ms HOL-Library.Dual_Ordered_Lattice 189:3787  none cannot atomize goal
0.sledgehammer goal.by         1829ms HOL-Library.Dual_Ordered_Lattice 194:3913  none (SH 1829ms): Prover error:
0.sledgehammer goal.by         1829ms HOL-Library.Dual_Ordered_Lattice 194:3913  none cannot atomize goal
0.sledgehammer goal.by         3976ms HOL-Library.Dual_Ordered_Lattice 236:4542  none (SH 3976ms): Prover error:
0.sledgehammer goal.by         3976ms HOL-Library.Dual_Ordered_Lattice 236:4542  none cannot atomize goal
0.sledgehammer goal.by         1984ms HOL-Library.Dual_Ordered_Lattice 239:4613  none (SH 1983ms): Prover error:
0.sledgehammer goal.by         1984ms HOL-Library.Dual_Ordered_Lattice 239:4613  none cannot atomize goal
0.sledgehammer goal.by         3928ms HOL-Library.Dual_Ordered_Lattice 275:5307  none (SH 3928ms): Prover error:
0.sledgehammer goal.by         3928ms HOL-Library.Dual_Ordered_Lattice 275:5307  none cannot atomize goal
0.sledgehammer goal.by         3851ms HOL-Library.Dual_Ordered_Lattice 332:6344  none (SH 3851ms): Prover error:
0.sledgehammer goal.by         3851ms HOL-Library.Dual_Ordered_Lattice 332:6344  none cannot atomize goal
0.sledgehammer goal.proof     15894ms HOL-Library.Dual_Ordered_Lattice 343:6604  timeout (SH 15893ms): Timed out
0.sledgehammer goal.proof     60699ms HOL-Library.Dual_Ordered_Lattice 373:7507  timeout (SH 60699ms):
0.sledgehammer goal.using     53642ms HOL-Library.Dual_Ordered_Lattice 377:7654  timeout (SH 53642ms):
0.sledgehammer goal.by        12466ms HOL-Library.Dual_Ordered_Lattice 383:7934  timeout (SH 12466ms): Timed out
0.sledgehammer goal.by        14098ms HOL-Library.Dual_Ordered_Lattice 388:8108  some (SH 14098ms, ATP 507ms): Try this: by (smt (cvc5, trigger_max) \<open>gfp f = gfp (\<lambda>x. undual (undual (dual (dual (f x)))))\<close>) (98 ms)
0.sledgehammer goal.by        14098ms HOL-Library.Dual_Ordered_Lattice 388:8108  some Preplay: (smt (cvc5, trigger_max) \<open>gfp f = gfp (\<lambda>x. undual (undual (dual (dual (f x)))))\<close>) (98 ms)
0.sledgehammer goal.by        14098ms HOL-Library.Dual_Ordered_Lattice 388:8108  some Preplay: (smt (cvc5, no_simp) \<open>gfp f = gfp (\<lambda>x. undual (undual (dual (dual (f x)))))\<close>) (99 ms)
0.sledgehammer goal.by        14098ms HOL-Library.Dual_Ordered_Lattice 388:8108  some Preplay: (smt (cvc5, fmf) \<open>gfp f = gfp (\<lambda>x. undual (undual (dual (dual (f x)))))\<close>) (101 ms)
0.sledgehammer goal.by        14098ms HOL-Library.Dual_Ordered_Lattice 388:8108  some Preplay: (smt (cvc5, quant_saturate) \<open>gfp f = gfp (\<lambda>x. undual (undual (dual (dual (f x)))))\<close>) (102 ms)
0.sledgehammer goal.by        14098ms HOL-Library.Dual_Ordered_Lattice 388:8108  some Preplay: (smt (cvc5, trigger_relev) \<open>gfp f = gfp (\<lambda>x. undual (undual (dual (dual (f x)))))\<close>) (110 ms)
0.sledgehammer goal.by        14098ms HOL-Library.Dual_Ordered_Lattice 388:8108  some Preplay: (smt (cvc5, term_relev) \<open>gfp f = gfp (\<lambda>x. undual (undual (dual (dual (f x)))))\<close>) (112 ms)
0.sledgehammer goal.by        14098ms HOL-Library.Dual_Ordered_Lattice 388:8108  some Preplay: (smt (cvc5, trigger_last) \<open>gfp f = gfp (\<lambda>x. undual (undual (dual (dual (f x)))))\<close>) (117 ms)
0.sledgehammer goal.by        14098ms HOL-Library.Dual_Ordered_Lattice 388:8108  some Preplay: (smt (cvc5, noematch) \<open>gfp f = gfp (\<lambda>x. undual (undual (dual (dual (f x)))))\<close>) (123 ms)
0.sledgehammer goal.by        14098ms HOL-Library.Dual_Ordered_Lattice 388:8108  some Preplay: (smt (cvc5, best) \<open>gfp f = gfp (\<lambda>x. undual (undual (dual (dual (f x)))))\<close>) (149 ms)
0.sledgehammer goal.unfolding 12804ms HOL-Library.Disjoint_Sets 11:192  timeout (SH 12804ms): Timed out
0.sledgehammer goal.by        12670ms HOL-Library.Disjoint_Sets 11:211  timeout (SH 12669ms): Timed out
0.sledgehammer goal.proof     15142ms HOL-Library.Disjoint_Sets 38:1059  timeout (SH 15142ms): Timed out
0.sledgehammer goal.proof     13647ms HOL-Library.Disjoint_Sets 51:1529  timeout (SH 13647ms): Timed out
0.sledgehammer goal.by        13323ms HOL-Library.Disjoint_Sets 60:1753  timeout (SH 13323ms): Timed out
0.sledgehammer goal.proof     12261ms HOL-Library.Disjoint_Sets 66:1866  timeout (SH 12261ms): Timed out
0.sledgehammer goal.proof     53220ms HOL-Library.Disjoint_Sets 69:1959  timeout (SH 53219ms):
0.sledgehammer goal.unfolding 52288ms HOL-Library.Disjoint_Sets 81:2214  timeout (SH 52288ms):
0.sledgehammer goal.proof     52039ms HOL-Library.Disjoint_Sets 82:2235  timeout (SH 52039ms):
0.sledgehammer goal.proof     12285ms HOL-Library.Disjoint_Sets 102:2827  timeout (SH 12285ms): Timed out
0.sledgehammer goal.proof     14965ms HOL-Library.Disjoint_Sets 104:2888  timeout (SH 14965ms): Timed out
0.sledgehammer goal.using     15347ms HOL-Library.Disjoint_Sets 106:2954  timeout (SH 15347ms): Timed out
0.sledgehammer goal.by        13318ms HOL-Library.Disjoint_Sets 106:2962  timeout (SH 13318ms): Timed out
0.sledgehammer goal.by        12576ms HOL-Library.Disjoint_Sets 108:3007  timeout (SH 12576ms): Timed out
0.sledgehammer goal.by        14995ms HOL-Library.Disjoint_Sets 127:3709  timeout (SH 14995ms): Timed out
0.sledgehammer goal.using     15092ms HOL-Library.Disjoint_Sets 141:4217  timeout (SH 15092ms): Timed out
0.sledgehammer goal.by        14966ms HOL-Library.Disjoint_Sets 142:4248  timeout (SH 14966ms): Timed out
0.sledgehammer goal.using     40419ms HOL-Library.Disjoint_Sets 174:5536  some (SH 40419ms, ATP 1201ms): Try this: by (smt (cvc5, trigger_relev) assms(1,2,3) card_eq_sum disjoint_family_on_def sum.UNION_disjoint sum.cong) (540 ms)
0.sledgehammer goal.using     40419ms HOL-Library.Disjoint_Sets 174:5536  some Preplay: (smt (cvc5, trigger_relev) assms(1,2,3) card_eq_sum disjoint_family_on_def sum.UNION_disjoint sum.cong) (540 ms)
0.sledgehammer goal.using     40419ms HOL-Library.Disjoint_Sets 174:5536  some Preplay: (smt (cvc5, trigger_last) assms(1,2,3) card_eq_sum disjoint_family_on_def sum.UNION_disjoint sum.cong) (560 ms)
0.sledgehammer goal.using     40419ms HOL-Library.Disjoint_Sets 174:5536  some Preplay: (smt (cvc5, best) assms(1,2,3) card_eq_sum disjoint_family_on_def sum.UNION_disjoint sum.cong) (572 ms)
0.sledgehammer goal.using     40419ms HOL-Library.Disjoint_Sets 174:5536  some Preplay: (smt (cvc5, term_relev) assms(1,2,3) card_eq_sum disjoint_family_on_def sum.UNION_disjoint sum.cong) (> 540 ms, timed out)
0.sledgehammer goal.using     40419ms HOL-Library.Disjoint_Sets 174:5536  some Preplay: (smt (cvc5, noematch) assms(1,2,3) card_eq_sum disjoint_family_on_def sum.UNION_disjoint sum.cong) (> 540 ms, timed out)
0.sledgehammer goal.using     40419ms HOL-Library.Disjoint_Sets 174:5536  some Preplay: (smt (cvc5, fmf) assms(1,2,3) card_eq_sum disjoint_family_on_def sum.UNION_disjoint sum.cong) (> 540 ms, timed out)
0.sledgehammer goal.using     40419ms HOL-Library.Disjoint_Sets 174:5536  some Preplay: (smt (cvc5, no_simp) assms(1,2,3) card_eq_sum disjoint_family_on_def sum.UNION_disjoint sum.cong) (> 540 ms, timed out)
0.sledgehammer goal.using     40419ms HOL-Library.Disjoint_Sets 174:5536  some Preplay: (smt (cvc5, quant_saturate) assms(1,2,3) card_eq_sum disjoint_family_on_def sum.UNION_disjoint sum.cong) (> 560 ms, timed out)
0.sledgehammer goal.using     40419ms HOL-Library.Disjoint_Sets 174:5536  some Preplay: (smt (cvc5, trigger_max) assms(1,2,3) card_eq_sum disjoint_family_on_def sum.UNION_disjoint sum.cong) (> 560 ms, timed out)
0.sledgehammer goal.by        12844ms HOL-Library.Disjoint_Sets 174:5550  timeout (SH 12844ms): Timed out
0.sledgehammer goal.proof     12639ms HOL-Library.Disjoint_Sets 179:5741  timeout (SH 12639ms): Timed out
0.sledgehammer goal.proof     53033ms HOL-Library.Disjoint_Sets 182:5874  timeout (SH 53033ms):
0.sledgehammer goal.using     15484ms HOL-Library.Disjoint_Sets 199:6381  timeout (SH 15484ms): Timed out
0.sledgehammer goal.by        13183ms HOL-Library.Disjoint_Sets 200:6395  timeout (SH 13183ms): Timed out
0.sledgehammer goal.unfolding 12729ms HOL-Library.Disjoint_Sets 207:6667  timeout (SH 12729ms): Timed out
0.sledgehammer goal.proof     12400ms HOL-Library.Disjoint_Sets 208:6690  timeout (SH 12400ms): Timed out
0.sledgehammer goal.proof     15637ms HOL-Library.Disjoint_Sets 212:6816  timeout (SH 15637ms): Timed out
0.sledgehammer goal.using     57125ms HOL-Library.Disjoint_Sets 223:7312  timeout (SH 57125ms):
0.sledgehammer goal.by        52609ms HOL-Library.Disjoint_Sets 223:7351  timeout (SH 52609ms):
0.sledgehammer goal.using     13286ms HOL-Library.Disjoint_Sets 235:7647  timeout (SH 13286ms): Timed out
0.sledgehammer goal.unfolding 13981ms HOL-Library.Disjoint_Sets 235:7659  timeout (SH 13981ms): Timed out
0.sledgehammer goal.proof     56749ms HOL-Library.Disjoint_Sets 255:8322  timeout (SH 56748ms):
0.sledgehammer goal.proof     19559ms HOL-Library.Disjoint_Sets 274:9008  timeout (SH 19559ms): Timed out
0.sledgehammer goal.by        13985ms HOL-Library.Disjoint_Sets 275:9045  timeout (SH 13985ms): Timed out
0.sledgehammer goal.by        15335ms HOL-Library.Disjoint_Sets 278:9086  timeout (SH 15335ms): Timed out
0.sledgehammer goal.by        12422ms HOL-Library.Disjoint_Sets 282:9201  timeout (SH 12422ms): Timed out
0.sledgehammer goal.by        12048ms HOL-Library.Disjoint_Sets 286:9360  timeout (SH 12048ms): Timed out
0.sledgehammer goal.by        12259ms HOL-Library.Disjoint_Sets 296:9699  timeout (SH 12259ms): Timed out
0.sledgehammer goal.using     12258ms HOL-Library.Disjoint_Sets 299:9805  timeout (SH 12258ms): Timed out
0.sledgehammer goal.by        12320ms HOL-Library.Disjoint_Sets 299:9837  timeout (SH 12320ms): Timed out
0.sledgehammer goal.proof     52974ms HOL-Library.Disjoint_Sets 339:11120  timeout (SH 52974ms):
0.sledgehammer goal.by        55612ms HOL-Library.Disjoint_Sets 343:11246  timeout (SH 55612ms):
0.sledgehammer goal.by        51541ms HOL-Library.Disjoint_Sets 347:11410  timeout (SH 51541ms):
0.sledgehammer goal.by        11995ms HOL-Library.Disjoint_Sets 350:11561  timeout (SH 11995ms): Timed out
0.sledgehammer goal.using     195491ms HOL-Library.Disjoint_Sets 363:12082  some (SH 195491ms, ATP 1387ms): Try this: by (smt (cvc5, no_simp) Diff_insert_absorb Sup_insert Un_Diff_cancel assms ccpo_Sup_singleton diff_Union_pairwise_disjoint disjnt_Union2 disjnt_def disjnt_sym empty_subsetI inf_absorb1 inf_sup_ord(3) insert_iff insert_subset pairwise_insert partition_on_def sup.absorb2) (951 ms)
0.sledgehammer goal.using     195491ms HOL-Library.Disjoint_Sets 363:12082  some Preplay: (smt (cvc5, no_simp) Diff_insert_absorb Sup_insert Un_Diff_cancel assms ccpo_Sup_singleton diff_Union_pairwise_disjoint disjnt_Union2 disjnt_def disjnt_sym empty_subsetI inf_absorb1 inf_sup_ord(3) insert_iff insert_subset pairwise_insert partition_on_def sup.absorb2) (951 ms)
0.sledgehammer goal.using     195491ms HOL-Library.Disjoint_Sets 363:12082  some Preplay: (smt (cvc5, trigger_relev) Diff_insert_absorb Sup_insert Un_Diff_cancel assms ccpo_Sup_singleton diff_Union_pairwise_disjoint disjnt_Union2 disjnt_def disjnt_sym empty_subsetI inf_absorb1 inf_sup_ord(3) insert_iff insert_subset pairwise_insert partition_on_def sup.absorb2) (1.8 s)
0.sledgehammer goal.using     195491ms HOL-Library.Disjoint_Sets 363:12082  some Preplay: (smt (cvc5, term_relev) Diff_insert_absorb Sup_insert Un_Diff_cancel assms ccpo_Sup_singleton diff_Union_pairwise_disjoint disjnt_Union2 disjnt_def disjnt_sym empty_subsetI inf_absorb1 inf_sup_ord(3) insert_iff insert_subset pairwise_insert partition_on_def sup.absorb2) (1.8 s)
0.sledgehammer goal.using     195491ms HOL-Library.Disjoint_Sets 363:12082  some Preplay: (smt (cvc5, trigger_last) Diff_insert_absorb Sup_insert Un_Diff_cancel assms ccpo_Sup_singleton diff_Union_pairwise_disjoint disjnt_Union2 disjnt_def disjnt_sym empty_subsetI inf_absorb1 inf_sup_ord(3) insert_iff insert_subset pairwise_insert partition_on_def sup.absorb2) (2.9 s)
0.sledgehammer goal.using     195491ms HOL-Library.Disjoint_Sets 363:12082  some Preplay: (smt (cvc5, best) Diff_insert_absorb Sup_insert Un_Diff_cancel assms ccpo_Sup_singleton diff_Union_pairwise_disjoint disjnt_Union2 disjnt_def disjnt_sym empty_subsetI inf_absorb1 inf_sup_ord(3) insert_iff insert_subset pairwise_insert partition_on_def sup.absorb2) (> 1.0 s, timed out)
0.sledgehammer goal.using     195491ms HOL-Library.Disjoint_Sets 363:12082  some Preplay: (smt (cvc5, quant_saturate) Diff_insert_absorb Sup_insert Un_Diff_cancel assms ccpo_Sup_singleton diff_Union_pairwise_disjoint disjnt_Union2 disjnt_def disjnt_sym empty_subsetI inf_absorb1 inf_sup_ord(3) insert_iff insert_subset pairwise_insert partition_on_def sup.absorb2) (> 1.0 s, timed out)
0.sledgehammer goal.using     195491ms HOL-Library.Disjoint_Sets 363:12082  some Preplay: (smt (cvc5, trigger_max) Diff_insert_absorb Sup_insert Un_Diff_cancel assms ccpo_Sup_singleton diff_Union_pairwise_disjoint disjnt_Union2 disjnt_def disjnt_sym empty_subsetI inf_absorb1 inf_sup_ord(3) insert_iff insert_subset pairwise_insert partition_on_def sup.absorb2) (> 1.0 s, timed out)
0.sledgehammer goal.using     195491ms HOL-Library.Disjoint_Sets 363:12082  some Preplay: (smt (cvc5, noematch) Diff_insert_absorb Sup_insert Un_Diff_cancel assms ccpo_Sup_singleton diff_Union_pairwise_disjoint disjnt_Union2 disjnt_def disjnt_sym empty_subsetI inf_absorb1 inf_sup_ord(3) insert_iff insert_subset pairwise_insert partition_on_def sup.absorb2) (> 1.0 s, timed out)
0.sledgehammer goal.using     195491ms HOL-Library.Disjoint_Sets 363:12082  some Preplay: (smt (cvc5, fmf) Diff_insert_absorb Sup_insert Un_Diff_cancel assms ccpo_Sup_singleton diff_Union_pairwise_disjoint disjnt_Union2 disjnt_def disjnt_sym empty_subsetI inf_absorb1 inf_sup_ord(3) insert_iff insert_subset pairwise_insert partition_on_def sup.absorb2) (> 1.0 s, timed out)
0.sledgehammer goal.by        54282ms HOL-Library.Disjoint_Sets 364:12096  timeout (SH 54282ms):
0.sledgehammer goal.proof     12399ms HOL-Library.Disjoint_Sets 371:12290  timeout (SH 12399ms): Timed out
0.sledgehammer goal.using     12546ms HOL-Library.Disjoint_Sets 384:12703  timeout (SH 12546ms): Timed out
0.sledgehammer goal.unfolding 12950ms HOL-Library.Disjoint_Sets 384:12715  timeout (SH 12950ms): Timed out
0.sledgehammer goal.proof     55466ms HOL-Library.Disjoint_Sets 391:12927  timeout (SH 55466ms):
0.sledgehammer goal.proof     12723ms HOL-Library.Disjoint_Sets 407:13487  timeout (SH 12723ms): Timed out
0.sledgehammer goal.unfolding 12426ms HOL-Library.Disjoint_Sets 412:13622  timeout (SH 12426ms): Timed out
0.sledgehammer goal.by        12378ms HOL-Library.Disjoint_Sets 412:13641  timeout (SH 12378ms): Timed out
0.sledgehammer goal.using     40966ms HOL-Library.Disjoint_Sets 418:13797  some (SH 40966ms, ATP 1034ms): Try this: by (smt (cvc5) IntI P bex_empty disjointD partition_on_def transp_def transp_trans)
0.sledgehammer goal.using     40966ms HOL-Library.Disjoint_Sets 418:13797  some Preplay: (smt (cvc5, best) IntI P bex_empty disjointD partition_on_def transp_def transp_trans) (> 1.0 s, timed out)
0.sledgehammer goal.using     40966ms HOL-Library.Disjoint_Sets 418:13797  some Preplay: (smt (cvc5, trigger_last) IntI P bex_empty disjointD partition_on_def transp_def transp_trans) (> 1.0 s, timed out)
0.sledgehammer goal.using     40966ms HOL-Library.Disjoint_Sets 418:13797  some Preplay: (smt (cvc5, quant_saturate) IntI P bex_empty disjointD partition_on_def transp_def transp_trans) (> 1.0 s, timed out)
0.sledgehammer goal.using     40966ms HOL-Library.Disjoint_Sets 418:13797  some Preplay: (smt (cvc5, trigger_max) IntI P bex_empty disjointD partition_on_def transp_def transp_trans) (> 1.0 s, timed out)
0.sledgehammer goal.using     40966ms HOL-Library.Disjoint_Sets 418:13797  some Preplay: (smt (cvc5, trigger_relev) IntI P bex_empty disjointD partition_on_def transp_def transp_trans) (> 1.0 s, timed out)
0.sledgehammer goal.using     40966ms HOL-Library.Disjoint_Sets 418:13797  some Preplay: (smt (cvc5, term_relev) IntI P bex_empty disjointD partition_on_def transp_def transp_trans) (> 1.0 s, timed out)
0.sledgehammer goal.using     40966ms HOL-Library.Disjoint_Sets 418:13797  some Preplay: (smt (cvc5, noematch) IntI P bex_empty disjointD partition_on_def transp_def transp_trans) (> 1.0 s, timed out)
0.sledgehammer goal.using     40966ms HOL-Library.Disjoint_Sets 418:13797  some Preplay: (smt (cvc5, fmf) IntI P bex_empty disjointD partition_on_def transp_def transp_trans) (> 1.0 s, timed out)
0.sledgehammer goal.using     40966ms HOL-Library.Disjoint_Sets 418:13797  some Preplay: (smt (cvc5, no_simp) IntI P bex_empty disjointD partition_on_def transp_def transp_trans) (> 1.0 s, timed out)
0.sledgehammer goal.by        14400ms HOL-Library.Disjoint_Sets 421:13918  some (SH 14399ms, ATP 985ms): Try this: by (smt (cvc5, best) mem_Collect_eq prod.simps(2) symI) (195 ms)
0.sledgehammer goal.by        14400ms HOL-Library.Disjoint_Sets 421:13918  some Preplay: (smt (cvc5, best) mem_Collect_eq prod.simps(2) symI) (195 ms)
0.sledgehammer goal.by        14400ms HOL-Library.Disjoint_Sets 421:13918  some Preplay: (smt (cvc5, trigger_last) mem_Collect_eq prod.simps(2) symI) (> 195 ms, timed out)
0.sledgehammer goal.by        14400ms HOL-Library.Disjoint_Sets 421:13918  some Preplay: (smt (cvc5, quant_saturate) mem_Collect_eq prod.simps(2) symI) (> 195 ms, timed out)
0.sledgehammer goal.by        14400ms HOL-Library.Disjoint_Sets 421:13918  some Preplay: (smt (cvc5, trigger_max) mem_Collect_eq prod.simps(2) symI) (> 195 ms, timed out)
0.sledgehammer goal.by        14400ms HOL-Library.Disjoint_Sets 421:13918  some Preplay: (smt (cvc5, trigger_relev) mem_Collect_eq prod.simps(2) symI) (> 195 ms, timed out)
0.sledgehammer goal.by        14400ms HOL-Library.Disjoint_Sets 421:13918  some Preplay: (smt (cvc5, term_relev) mem_Collect_eq prod.simps(2) symI) (> 195 ms, timed out)
0.sledgehammer goal.by        14400ms HOL-Library.Disjoint_Sets 421:13918  some Preplay: (smt (cvc5, noematch) mem_Collect_eq prod.simps(2) symI) (> 195 ms, timed out)
0.sledgehammer goal.by        14400ms HOL-Library.Disjoint_Sets 421:13918  some Preplay: (smt (cvc5, fmf) mem_Collect_eq prod.simps(2) symI) (> 195 ms, timed out)
0.sledgehammer goal.by        14400ms HOL-Library.Disjoint_Sets 421:13918  some Preplay: (smt (cvc5, no_simp) mem_Collect_eq prod.simps(2) symI) (> 195 ms, timed out)
0.sledgehammer goal.unfolding 13778ms HOL-Library.Disjoint_Sets 427:14069  timeout (SH 13778ms): Timed out
0.sledgehammer goal.proof     13255ms HOL-Library.Disjoint_Sets 428:14092  timeout (SH 13255ms): Timed out
0.sledgehammer goal.using     13534ms HOL-Library.Disjoint_Sets 431:14196  timeout (SH 13534ms): Timed out
0.sledgehammer goal.by        12235ms HOL-Library.Disjoint_Sets 431:14204  timeout (SH 12235ms): Timed out
0.sledgehammer goal.by        13600ms HOL-Library.Disjoint_Sets 433:14297  timeout (SH 13600ms): Timed out
0.sledgehammer goal.by        12638ms HOL-Library.Disjoint_Sets 445:14726  timeout (SH 12638ms): Timed out
0.sledgehammer goal.by        12628ms HOL-Library.Disjoint_Sets 447:14831  timeout (SH 12628ms): Timed out
0.sledgehammer goal.by        31748ms HOL-Library.Disjoint_Sets 451:14937  some (SH 31748ms, ATP 526ms): Try this: by (smt (cvc5, best) equiv_partition_on partition_on_eq_quotient partition_on_quotient) (255 ms)
0.sledgehammer goal.by        31748ms HOL-Library.Disjoint_Sets 451:14937  some Preplay: (smt (cvc5, best) equiv_partition_on partition_on_eq_quotient partition_on_quotient) (255 ms)
0.sledgehammer goal.by        31748ms HOL-Library.Disjoint_Sets 451:14937  some Preplay: (smt (cvc5, fmf) equiv_partition_on partition_on_eq_quotient partition_on_quotient) (468 ms)
0.sledgehammer goal.by        31748ms HOL-Library.Disjoint_Sets 451:14937  some Preplay: (smt (cvc5, term_relev) equiv_partition_on partition_on_eq_quotient partition_on_quotient) (471 ms)
0.sledgehammer goal.by        31748ms HOL-Library.Disjoint_Sets 451:14937  some Preplay: (smt (cvc5, no_simp) equiv_partition_on partition_on_eq_quotient partition_on_quotient) (476 ms)
0.sledgehammer goal.by        31748ms HOL-Library.Disjoint_Sets 451:14937  some Preplay: (smt (cvc5, quant_saturate) equiv_partition_on partition_on_eq_quotient partition_on_quotient) (746 ms)
0.sledgehammer goal.by        31748ms HOL-Library.Disjoint_Sets 451:14937  some Preplay: (smt (cvc5, trigger_last) equiv_partition_on partition_on_eq_quotient partition_on_quotient) (> 255 ms, timed out)
0.sledgehammer goal.by        31748ms HOL-Library.Disjoint_Sets 451:14937  some Preplay: (smt (cvc5, trigger_max) equiv_partition_on partition_on_eq_quotient partition_on_quotient) (> 255 ms, timed out)
0.sledgehammer goal.by        31748ms HOL-Library.Disjoint_Sets 451:14937  some Preplay: (smt (cvc5, trigger_relev) equiv_partition_on partition_on_eq_quotient partition_on_quotient) (> 255 ms, timed out)
0.sledgehammer goal.by        31748ms HOL-Library.Disjoint_Sets 451:14937  some Preplay: (smt (cvc5, noematch) equiv_partition_on partition_on_eq_quotient partition_on_quotient) (> 255 ms, timed out)
0.sledgehammer goal.proof     16080ms HOL-Library.Disjoint_Sets 456:15149  timeout (SH 16080ms): Timed out
0.sledgehammer goal.proof     13673ms HOL-Library.Disjoint_Sets 487:16317  timeout (SH 13673ms): Timed out
0.sledgehammer goal.unfolding 13583ms HOL-Library.Disjoint_Sets 491:16459  timeout (SH 13583ms): Timed out
0.sledgehammer goal.using     42924ms HOL-Library.Disjoint_Sets 491:16485  some (SH 42924ms, ATP 1705ms): Try this: by (smt (cvc5) case_prodE h(2) mem_Collect_eq mem_Sigma_iff prod.simps(2) refl_on_def subsetI symI transp_def transp_trans)
0.sledgehammer goal.using     42924ms HOL-Library.Disjoint_Sets 491:16485  some Preplay: (smt (cvc5, best) case_prodE h(2) mem_Collect_eq mem_Sigma_iff prod.simps(2) refl_on_def subsetI symI transp_def transp_trans) (> 1.0 s, timed out)
0.sledgehammer goal.using     42924ms HOL-Library.Disjoint_Sets 491:16485  some Preplay: (smt (cvc5, trigger_last) case_prodE h(2) mem_Collect_eq mem_Sigma_iff prod.simps(2) refl_on_def subsetI symI transp_def transp_trans) (> 1.0 s, timed out)
0.sledgehammer goal.using     42924ms HOL-Library.Disjoint_Sets 491:16485  some Preplay: (smt (cvc5, quant_saturate) case_prodE h(2) mem_Collect_eq mem_Sigma_iff prod.simps(2) refl_on_def subsetI symI transp_def transp_trans) (> 1.0 s, timed out)
0.sledgehammer goal.using     42924ms HOL-Library.Disjoint_Sets 491:16485  some Preplay: (smt (cvc5, trigger_max) case_prodE h(2) mem_Collect_eq mem_Sigma_iff prod.simps(2) refl_on_def subsetI symI transp_def transp_trans) (> 1.0 s, timed out)
0.sledgehammer goal.using     42924ms HOL-Library.Disjoint_Sets 491:16485  some Preplay: (smt (cvc5, trigger_relev) case_prodE h(2) mem_Collect_eq mem_Sigma_iff prod.simps(2) refl_on_def subsetI symI transp_def transp_trans) (> 1.0 s, timed out)
0.sledgehammer goal.using     42924ms HOL-Library.Disjoint_Sets 491:16485  some Preplay: (smt (cvc5, term_relev) case_prodE h(2) mem_Collect_eq mem_Sigma_iff prod.simps(2) refl_on_def subsetI symI transp_def transp_trans) (> 1.0 s, timed out)
0.sledgehammer goal.using     42924ms HOL-Library.Disjoint_Sets 491:16485  some Preplay: (smt (cvc5, noematch) case_prodE h(2) mem_Collect_eq mem_Sigma_iff prod.simps(2) refl_on_def subsetI symI transp_def transp_trans) (> 1.0 s, timed out)
0.sledgehammer goal.using     42924ms HOL-Library.Disjoint_Sets 491:16485  some Preplay: (smt (cvc5, fmf) case_prodE h(2) mem_Collect_eq mem_Sigma_iff prod.simps(2) refl_on_def subsetI symI transp_def transp_trans) (> 1.0 s, timed out)
0.sledgehammer goal.using     42924ms HOL-Library.Disjoint_Sets 491:16485  some Preplay: (smt (cvc5, no_simp) case_prodE h(2) mem_Collect_eq mem_Sigma_iff prod.simps(2) refl_on_def subsetI symI transp_def transp_trans) (> 1.0 s, timed out)
0.sledgehammer goal.by        41946ms HOL-Library.Disjoint_Sets 492:16502  some (SH 41946ms, ATP 574ms): Try this: by (smt (cvc5) case_prodE mem_Collect_eq mem_Sigma_iff prod.simps(2) refl_on_def subsetI symI transp_def transp_trans)
0.sledgehammer goal.by        41946ms HOL-Library.Disjoint_Sets 492:16502  some Preplay: (smt (cvc5, best) case_prodE mem_Collect_eq mem_Sigma_iff prod.simps(2) refl_on_def subsetI symI transp_def transp_trans) (> 1.0 s, timed out)
0.sledgehammer goal.by        41946ms HOL-Library.Disjoint_Sets 492:16502  some Preplay: (smt (cvc5, trigger_last) case_prodE mem_Collect_eq mem_Sigma_iff prod.simps(2) refl_on_def subsetI symI transp_def transp_trans) (> 1.0 s, timed out)
0.sledgehammer goal.by        41946ms HOL-Library.Disjoint_Sets 492:16502  some Preplay: (smt (cvc5, quant_saturate) case_prodE mem_Collect_eq mem_Sigma_iff prod.simps(2) refl_on_def subsetI symI transp_def transp_trans) (> 1.0 s, timed out)
0.sledgehammer goal.by        41946ms HOL-Library.Disjoint_Sets 492:16502  some Preplay: (smt (cvc5, trigger_max) case_prodE mem_Collect_eq mem_Sigma_iff prod.simps(2) refl_on_def subsetI symI transp_def transp_trans) (> 1.0 s, timed out)
0.sledgehammer goal.by        41946ms HOL-Library.Disjoint_Sets 492:16502  some Preplay: (smt (cvc5, trigger_relev) case_prodE mem_Collect_eq mem_Sigma_iff prod.simps(2) refl_on_def subsetI symI transp_def transp_trans) (> 1.0 s, timed out)
0.sledgehammer goal.by        41946ms HOL-Library.Disjoint_Sets 492:16502  some Preplay: (smt (cvc5, term_relev) case_prodE mem_Collect_eq mem_Sigma_iff prod.simps(2) refl_on_def subsetI symI transp_def transp_trans) (> 1.0 s, timed out)
0.sledgehammer goal.by        41946ms HOL-Library.Disjoint_Sets 492:16502  some Preplay: (smt (cvc5, noematch) case_prodE mem_Collect_eq mem_Sigma_iff prod.simps(2) refl_on_def subsetI symI transp_def transp_trans) (> 1.0 s, timed out)
0.sledgehammer goal.by        41946ms HOL-Library.Disjoint_Sets 492:16502  some Preplay: (smt (cvc5, fmf) case_prodE mem_Collect_eq mem_Sigma_iff prod.simps(2) refl_on_def subsetI symI transp_def transp_trans) (> 1.0 s, timed out)
0.sledgehammer goal.by        41946ms HOL-Library.Disjoint_Sets 492:16502  some Preplay: (smt (cvc5, no_simp) case_prodE mem_Collect_eq mem_Sigma_iff prod.simps(2) refl_on_def subsetI symI transp_def transp_trans) (> 1.0 s, timed out)
0.sledgehammer goal.proof     12756ms HOL-Library.Disjoint_Sets 500:16799  timeout (SH 12756ms): Timed out
0.sledgehammer goal.using     15299ms HOL-Library.Disjoint_Sets 505:16999  timeout (SH 15299ms): Timed out
0.sledgehammer goal.by        13245ms HOL-Library.Disjoint_Sets 505:17012  timeout (SH 13245ms): Timed out
0.sledgehammer goal.using     53875ms HOL-Library.Disjoint_Sets 507:17067  timeout (SH 53875ms):
0.sledgehammer goal.proof     13556ms HOL-Library.Disjoint_Sets 526:17530  timeout (SH 13556ms): Timed out
0.sledgehammer goal.using     58612ms HOL-Library.Disjoint_Sets 532:17679  timeout (SH 58612ms):
0.sledgehammer goal.unfolding 12064ms HOL-Library.Disjoint_Sets 532:17694  timeout (SH 12064ms): Timed out
0.sledgehammer goal.proof     12433ms HOL-Library.Disjoint_Sets 547:18192  timeout (SH 12433ms): Timed out
0.sledgehammer goal.using     89179ms HOL-Library.Disjoint_Sets 549:18249  some (SH 89178ms, ATP 1731ms): Try this: by (smt (cvc5, trigger_relev) assms(1,2) disjnt_subset1 insert_absorb pairwise_insert partition_onD2 refines_def that) (358 ms)
0.sledgehammer goal.using     89179ms HOL-Library.Disjoint_Sets 549:18249  some Preplay: (smt (cvc5, trigger_relev) assms(1,2) disjnt_subset1 insert_absorb pairwise_insert partition_onD2 refines_def that) (358 ms)
0.sledgehammer goal.using     89179ms HOL-Library.Disjoint_Sets 549:18249  some Preplay: (smt (cvc5, quant_saturate) assms(1,2) disjnt_subset1 insert_absorb pairwise_insert partition_onD2 refines_def that) (370 ms)
0.sledgehammer goal.using     89179ms HOL-Library.Disjoint_Sets 549:18249  some Preplay: (smt (cvc5, trigger_last) assms(1,2) disjnt_subset1 insert_absorb pairwise_insert partition_onD2 refines_def that) (385 ms)
0.sledgehammer goal.using     89179ms HOL-Library.Disjoint_Sets 549:18249  some Preplay: (smt (cvc5, no_simp) assms(1,2) disjnt_subset1 insert_absorb pairwise_insert partition_onD2 refines_def that) (389 ms)
0.sledgehammer goal.using     89179ms HOL-Library.Disjoint_Sets 549:18249  some Preplay: (smt (cvc5, term_relev) assms(1,2) disjnt_subset1 insert_absorb pairwise_insert partition_onD2 refines_def that) (401 ms)
0.sledgehammer goal.using     89179ms HOL-Library.Disjoint_Sets 549:18249  some Preplay: (smt (cvc5, best) assms(1,2) disjnt_subset1 insert_absorb pairwise_insert partition_onD2 refines_def that) (418 ms)
0.sledgehammer goal.using     89179ms HOL-Library.Disjoint_Sets 549:18249  some Preplay: (smt (cvc5, noematch) assms(1,2) disjnt_subset1 insert_absorb pairwise_insert partition_onD2 refines_def that) (418 ms)
0.sledgehammer goal.using     89179ms HOL-Library.Disjoint_Sets 549:18249  some Preplay: (smt (cvc5, trigger_max) assms(1,2) disjnt_subset1 insert_absorb pairwise_insert partition_onD2 refines_def that) (431 ms)
0.sledgehammer goal.using     89179ms HOL-Library.Disjoint_Sets 549:18249  some Preplay: (smt (cvc5, fmf) Diff_eq_empty_iff assms(1,2) disjnt_subset1 insert_absorb pairwise_insert partition_onD2 refines_def that) (> 1.0 s, timed out)
0.sledgehammer goal.by        57628ms HOL-Library.Disjoint_Sets 550:18322  timeout (SH 57628ms):
0.sledgehammer goal.using     13509ms HOL-Library.Disjoint_Sets 552:18408  timeout (SH 13509ms): Timed out
0.sledgehammer goal.by        13156ms HOL-Library.Disjoint_Sets 553:18424  timeout (SH 13156ms): Timed out
0.sledgehammer goal.using     54237ms HOL-Library.Disjoint_Sets 557:18583  timeout (SH 54237ms):
0.sledgehammer goal.by        54277ms HOL-Library.Disjoint_Sets 557:18595  timeout (SH 54277ms):
0.sledgehammer goal.proof     15370ms HOL-Library.Disjoint_Sets 568:19015  timeout (SH 15370ms): Timed out
0.sledgehammer goal.apply     13316ms HOL-Library.Disjoint_Sets 570:19046  timeout (SH 13316ms): Timed out
0.sledgehammer goal.by        13085ms HOL-Library.Disjoint_Sets 571:19116  timeout (SH 13085ms): Timed out
0.sledgehammer goal.by        15295ms HOL-Library.Disjoint_Sets 575:19320  timeout (SH 15295ms): Timed out
0.sledgehammer goal.proof     13494ms HOL-Library.Disjoint_Sets 578:19430  timeout (SH 13494ms): Timed out
0.sledgehammer goal.proof     13111ms HOL-Library.Disjoint_Sets 580:19485  timeout (SH 13111ms): Timed out
0.sledgehammer goal.by        13478ms HOL-Library.Disjoint_Sets 584:19630  timeout (SH 13477ms): Timed out
0.sledgehammer goal.by        58764ms HOL-Library.Disjoint_Sets 588:19752  timeout (SH 58764ms):
0.sledgehammer goal.proof     13562ms HOL-Library.Disjoint_Sets 595:19975  timeout (SH 13562ms): Timed out
0.sledgehammer goal.using     13201ms HOL-Library.Disjoint_Sets 597:20043  timeout (SH 13200ms): Timed out
0.sledgehammer goal.by        13128ms HOL-Library.Disjoint_Sets 597:20055  timeout (SH 13128ms): Timed out
0.sledgehammer goal.by        55952ms HOL-Library.Disjoint_Sets 602:20366  some (SH 55952ms, ATP 1490ms): Try this: by (smt (cvc5, no_simp) DiffE common_refinement_def imageE mem_simps(9) singletonD singletonI) (896 ms)
0.sledgehammer goal.by        55952ms HOL-Library.Disjoint_Sets 602:20366  some Preplay: (smt (cvc5, no_simp) DiffE common_refinement_def imageE mem_simps(9) singletonD singletonI) (896 ms)
0.sledgehammer goal.by        55952ms HOL-Library.Disjoint_Sets 602:20366  some Preplay: (smt (cvc5, trigger_relev) DiffE common_refinement_def imageE mem_simps(9) singletonD singletonI) (1.0 s)
0.sledgehammer goal.by        55952ms HOL-Library.Disjoint_Sets 602:20366  some Preplay: (smt (cvc5, term_relev) DiffE common_refinement_def imageE mem_simps(9) singletonD singletonI) (1.1 s)
0.sledgehammer goal.by        55952ms HOL-Library.Disjoint_Sets 602:20366  some Preplay: (smt (cvc5, best) DiffE common_refinement common_refinement_def imageE mem_simps(9) singletonD singletonI) (> 1.0 s, timed out)
0.sledgehammer goal.by        55952ms HOL-Library.Disjoint_Sets 602:20366  some Preplay: (smt (cvc5, trigger_last) DiffE common_refinement common_refinement_def imageE mem_simps(9) singletonD singletonI) (> 1.0 s, timed out)
0.sledgehammer goal.by        55952ms HOL-Library.Disjoint_Sets 602:20366  some Preplay: (smt (cvc5, quant_saturate) DiffE common_refinement common_refinement_def imageE mem_simps(9) singletonD singletonI) (> 1.0 s, timed out)
0.sledgehammer goal.by        55952ms HOL-Library.Disjoint_Sets 602:20366  some Preplay: (smt (cvc5, trigger_max) DiffE common_refinement common_refinement_def imageE mem_simps(9) singletonD singletonI) (> 1.0 s, timed out)
0.sledgehammer goal.by        55952ms HOL-Library.Disjoint_Sets 602:20366  some Preplay: (smt (cvc5, noematch) DiffE common_refinement common_refinement_def imageE mem_simps(9) singletonD singletonI) (> 1.0 s, timed out)
0.sledgehammer goal.by        55952ms HOL-Library.Disjoint_Sets 602:20366  some Preplay: (smt (cvc5, fmf) DiffE common_refinement common_refinement_def imageE mem_simps(9) singletonD singletonI) (> 1.0 s, timed out)
0.sledgehammer goal.proof     12557ms HOL-Library.Disjoint_Sets 604:20448  timeout (SH 12557ms): Timed out
0.sledgehammer goal.by        13649ms HOL-Library.Disjoint_Sets 609:20606  timeout (SH 13649ms): Timed out
0.sledgehammer goal.unfolding 54879ms HOL-Library.Disjoint_Sets 618:20919  timeout (SH 54879ms):
0.sledgehammer goal.unfolding 13710ms HOL-Library.Disjoint_Sets 630:21377  timeout (SH 13710ms): Timed out
0.sledgehammer goal.proof     13221ms HOL-Library.Disjoint_Sets 631:21399  timeout (SH 13221ms): Timed out
0.sledgehammer goal.by        13625ms HOL-Library.Disjoint_Sets 637:21631  timeout (SH 13625ms): Timed out
0.sledgehammer goal.apply     13521ms HOL-Library.Disjoint_Sets 640:21728  timeout (SH 13521ms): Timed out
0.sledgehammer goal.proof     13623ms HOL-Library.Disjoint_Sets 649:22082  timeout (SH 13623ms): Timed out
0.sledgehammer goal.by        13689ms HOL-Library.Disjoint_Sets 653:22179  timeout (SH 13689ms): Timed out
0.sledgehammer goal.proof     13927ms HOL-Library.Disjoint_Sets 659:22352  timeout (SH 13927ms): Timed out
0.sledgehammer goal.unfolding 57147ms HOL-Library.Disjoint_Sets 661:22440  timeout (SH 57146ms):
0.sledgehammer goal.by        13153ms HOL-Library.Disjoint_Sets 663:22554  timeout (SH 13152ms): Timed out
0.sledgehammer goal.by        129842ms HOL-Library.Disjoint_Sets 665:22632  some (SH 129842ms, ATP 1596ms): Try this: by (smt (cvc5, no_simp) One_nat_def card.empty card.insert card_eq_sum empty_not_insert finite.intros(1) insert_absorb sum.cong) (405 ms)
0.sledgehammer goal.by        129842ms HOL-Library.Disjoint_Sets 665:22632  some Preplay: (smt (cvc5, no_simp) One_nat_def card.empty card.insert card_eq_sum empty_not_insert finite.intros(1) insert_absorb sum.cong) (405 ms)
0.sledgehammer goal.by        129842ms HOL-Library.Disjoint_Sets 665:22632  some Preplay: (smt (cvc5, trigger_max) One_nat_def card.empty card.insert card_eq_sum empty_not_insert finite.intros(1) insert_absorb sum.cong) (457 ms)
0.sledgehammer goal.by        129842ms HOL-Library.Disjoint_Sets 665:22632  some Preplay: (smt (cvc5, term_relev) One_nat_def card.empty card.insert card_eq_sum empty_not_insert finite.intros(1) insert_absorb sum.cong) (1.0 s)
0.sledgehammer goal.by        129842ms HOL-Library.Disjoint_Sets 665:22632  some Preplay: (smt (cvc5, quant_saturate) One_nat_def card.empty card.insert card_eq_sum empty_not_insert finite.intros(1) insert_absorb sum.cong) (1.1 s)
0.sledgehammer goal.by        129842ms HOL-Library.Disjoint_Sets 665:22632  some Preplay: (smt (cvc5, trigger_relev) One_nat_def card.empty card.insert card_eq_sum empty_not_insert finite.intros(1) insert_absorb sum.cong) (1.1 s)
0.sledgehammer goal.by        129842ms HOL-Library.Disjoint_Sets 665:22632  some Preplay: (smt (cvc5, noematch) One_nat_def card.empty card.insert card_eq_sum empty_not_insert finite.intros(1) insert_absorb sum.cong) (1.1 s)
0.sledgehammer goal.by        129842ms HOL-Library.Disjoint_Sets 665:22632  some Preplay: (smt (cvc5, trigger_last) One_nat_def card.empty card.insert card_eq_sum empty_not_insert finite.intros(1) insert_absorb sum.cong) (1.1 s)
0.sledgehammer goal.by        129842ms HOL-Library.Disjoint_Sets 665:22632  some Preplay: (smt (cvc5, best) One_nat_def card.empty card.insert card_eq_sum empty_not_insert finite.intros(1) insert_absorb sum.cong) (1.2 s)
0.sledgehammer goal.by        129842ms HOL-Library.Disjoint_Sets 665:22632  some Preplay: (smt (cvc5, fmf) One_nat_def card.empty card.insert card_eq_sum empty_not_insert finite.intros(1) insert_absorb sum.cong) (> 457 ms, timed out)
0.sledgehammer goal.proof      1983ms HOL-Library.Countable 22:562  none (SH 1983ms): Prover error:
0.sledgehammer goal.proof      1983ms HOL-Library.Countable 22:562  none cannot atomize goal
0.sledgehammer goal.by        14325ms HOL-Library.Countable 37:902  some (SH 14325ms, ATP 275ms): Try this: by (smt (cvc5, best) ex_inj someI_ex to_nat_def) (109 ms)
0.sledgehammer goal.by        14325ms HOL-Library.Countable 37:902  some Preplay: (smt (cvc5, best) ex_inj someI_ex to_nat_def) (109 ms)
0.sledgehammer goal.by        14325ms HOL-Library.Countable 37:902  some Preplay: (smt (cvc5, trigger_last) ex_inj someI_ex to_nat_def) (> 109 ms, timed out)
0.sledgehammer goal.by        14325ms HOL-Library.Countable 37:902  some Preplay: (smt (cvc5, quant_saturate) ex_inj someI_ex to_nat_def) (> 109 ms, timed out)
0.sledgehammer goal.by        14325ms HOL-Library.Countable 37:902  some Preplay: (smt (cvc5, trigger_max) ex_inj someI_ex to_nat_def) (> 109 ms, timed out)
0.sledgehammer goal.by        14325ms HOL-Library.Countable 37:902  some Preplay: (smt (cvc5, trigger_relev) ex_inj someI_ex to_nat_def) (> 109 ms, timed out)
0.sledgehammer goal.by        14325ms HOL-Library.Countable 37:902  some Preplay: (smt (cvc5, term_relev) ex_inj someI_ex to_nat_def) (> 109 ms, timed out)
0.sledgehammer goal.by        14325ms HOL-Library.Countable 37:902  some Preplay: (smt (cvc5, noematch) ex_inj someI_ex to_nat_def) (> 109 ms, timed out)
0.sledgehammer goal.by        14325ms HOL-Library.Countable 37:902  some Preplay: (smt (cvc5, fmf) ex_inj someI_ex to_nat_def) (> 109 ms, timed out)
0.sledgehammer goal.by        14325ms HOL-Library.Countable 37:902  some Preplay: (smt (cvc5, no_simp) ex_inj someI_ex to_nat_def) (> 109 ms, timed out)
0.sledgehammer goal.proof     13443ms HOL-Library.Countable 56:1415  timeout (SH 13443ms): Timed out
0.sledgehammer goal.unfolding 13448ms HOL-Library.Countable 97:2767  timeout (SH 13448ms): Timed out
0.sledgehammer goal.by        13560ms HOL-Library.Countable 103:2915  timeout (SH 13559ms): Timed out
0.sledgehammer goal.proof     13435ms HOL-Library.Countable 109:3152  timeout (SH 13435ms): Timed out
0.sledgehammer goal.proof      2344ms HOL-Library.Countable 144:4351  none (SH 2344ms): Prover error:
0.sledgehammer goal.proof      2344ms HOL-Library.Countable 144:4351  none cannot atomize goal
0.sledgehammer goal.by         1958ms HOL-Library.Countable 226:6928  none (SH 1958ms): Prover error:
0.sledgehammer goal.by         1958ms HOL-Library.Countable 226:6928  none cannot atomize goal
0.sledgehammer goal.by         1945ms HOL-Library.Countable 231:7037  none (SH 1945ms): Prover error:
0.sledgehammer goal.by         1945ms HOL-Library.Countable 231:7037  none cannot atomize goal
0.sledgehammer goal.by         1839ms HOL-Library.Countable 237:7214  none (SH 1839ms): Prover error:
0.sledgehammer goal.by         1839ms HOL-Library.Countable 237:7214  none cannot atomize goal
0.sledgehammer goal.by         1936ms HOL-Library.Countable 244:7446  none (SH 1936ms): Prover error:
0.sledgehammer goal.by         1936ms HOL-Library.Countable 244:7446  none cannot atomize goal
0.sledgehammer goal.by         1850ms HOL-Library.Countable 249:7575  none (SH 1850ms): Prover error:
0.sledgehammer goal.by         1850ms HOL-Library.Countable 249:7575  none cannot atomize goal
0.sledgehammer goal.by         1805ms HOL-Library.Countable 254:7653  none (SH 1805ms): Prover error:
0.sledgehammer goal.by         1805ms HOL-Library.Countable 254:7653  none cannot atomize goal
0.sledgehammer goal.by         1748ms HOL-Library.Countable 259:7739  none (SH 1748ms): Prover error:
0.sledgehammer goal.by         1748ms HOL-Library.Countable 259:7739  none cannot atomize goal
0.sledgehammer goal.proof      1816ms HOL-Library.Countable 264:7898  none (SH 1816ms): Prover error:
0.sledgehammer goal.proof      1816ms HOL-Library.Countable 264:7898  none cannot atomize goal
0.sledgehammer goal.proof     13912ms HOL-Library.Countable 268:8045  timeout (SH 13912ms): Timed out
0.sledgehammer goal.by        13145ms HOL-Library.Countable 270:8096  timeout (SH 13145ms): Timed out
0.sledgehammer goal.by         1805ms HOL-Library.Countable 277:8196  none (SH 1805ms): Prover error:
0.sledgehammer goal.by         1805ms HOL-Library.Countable 277:8196  none cannot atomize goal
0.sledgehammer goal.unfolding 15576ms HOL-Library.Countable 286:8463  timeout (SH 15576ms): Timed out
0.sledgehammer goal.proof     13074ms HOL-Library.Countable 287:8482  timeout (SH 13074ms): Timed out
0.sledgehammer goal.proof     13071ms HOL-Library.Countable 290:8538  timeout (SH 13071ms): Timed out
0.sledgehammer goal.by        14390ms HOL-Library.Countable 299:8892  some (SH 14389ms, ATP 712ms): Try this: by (smt (cvc5, best) Rats_def of_rat_eq_id surj_id surj_nat_to_rat_surj) (31 ms)
0.sledgehammer goal.by        14390ms HOL-Library.Countable 299:8892  some Preplay: (smt (cvc5, best) Rats_def of_rat_eq_id surj_id surj_nat_to_rat_surj) (31 ms)
0.sledgehammer goal.by        14390ms HOL-Library.Countable 299:8892  some Preplay: (smt (cvc5, trigger_last) Rats_def of_rat_eq_id surj_id surj_nat_to_rat_surj) (> 31 ms, timed out)
0.sledgehammer goal.by        14390ms HOL-Library.Countable 299:8892  some Preplay: (smt (cvc5, quant_saturate) Rats_def of_rat_eq_id surj_id surj_nat_to_rat_surj) (> 31 ms, timed out)
0.sledgehammer goal.by        14390ms HOL-Library.Countable 299:8892  some Preplay: (smt (cvc5, trigger_max) Rats_def of_rat_eq_id surj_id surj_nat_to_rat_surj) (> 31 ms, timed out)
0.sledgehammer goal.by        14390ms HOL-Library.Countable 299:8892  some Preplay: (smt (cvc5, trigger_relev) Rats_def of_rat_eq_id surj_id surj_nat_to_rat_surj) (> 31 ms, timed out)
0.sledgehammer goal.by        14390ms HOL-Library.Countable 299:8892  some Preplay: (smt (cvc5, term_relev) Rats_def of_rat_eq_id surj_id surj_nat_to_rat_surj) (> 31 ms, timed out)
0.sledgehammer goal.by        14390ms HOL-Library.Countable 299:8892  some Preplay: (smt (cvc5, noematch) Rats_def of_rat_eq_id surj_id surj_nat_to_rat_surj) (> 31 ms, timed out)
0.sledgehammer goal.by        14390ms HOL-Library.Countable 299:8892  some Preplay: (smt (cvc5, fmf) Rats_def of_rat_eq_id surj_id surj_nat_to_rat_surj) (> 31 ms, timed out)
0.sledgehammer goal.by        14390ms HOL-Library.Countable 299:8892  some Preplay: (smt (cvc5, no_simp) Rats_def of_rat_eq_id surj_id surj_nat_to_rat_surj) (> 31 ms, timed out)
0.sledgehammer goal.proof      2284ms HOL-Library.Countable 316:9351  none (SH 2284ms): Prover error:
0.sledgehammer goal.proof      2284ms HOL-Library.Countable 316:9351  none cannot atomize goal
0.sledgehammer goal.by        12912ms HOL-Library.Countable_Complete_Lattices 12:257  timeout (SH 12912ms): Timed out
0.sledgehammer goal.proof     12777ms HOL-Library.Countable_Complete_Lattices 24:758  timeout (SH 12777ms): Timed out
0.sledgehammer goal.by        13348ms HOL-Library.Countable_Complete_Lattices 67:2379  timeout (SH 13348ms): Timed out
0.sledgehammer goal.by        13465ms HOL-Library.Countable_Complete_Lattices 73:2670  timeout (SH 13465ms): Timed out
0.sledgehammer goal.by         4268ms HOL-Library.Countable_Complete_Lattices 98:3632  some (SH 4268ms, ATP 436ms): Try this: by (smt (cvc5, no_simp) local.dual_order.trans) (161 ms)
0.sledgehammer goal.by         4268ms HOL-Library.Countable_Complete_Lattices 98:3632  some Preplay: (smt (cvc5, no_simp) local.dual_order.trans) (161 ms)
0.sledgehammer goal.by         4268ms HOL-Library.Countable_Complete_Lattices 98:3632  some Preplay: (smt (cvc5, noematch) local.dual_order.trans) (247 ms)
0.sledgehammer goal.by         4268ms HOL-Library.Countable_Complete_Lattices 98:3632  some Preplay: (smt (cvc5, term_relev) local.dual_order.trans) (359 ms)
0.sledgehammer goal.by         4268ms HOL-Library.Countable_Complete_Lattices 98:3632  some Preplay: (smt (cvc5, trigger_last) local.dual_order.trans) (380 ms)
0.sledgehammer goal.by         4268ms HOL-Library.Countable_Complete_Lattices 98:3632  some Preplay: (smt (cvc5, fmf) local.dual_order.trans) (384 ms)
0.sledgehammer goal.by         4268ms HOL-Library.Countable_Complete_Lattices 98:3632  some Preplay: (smt (cvc5, trigger_relev) local.dual_order.trans) (387 ms)
0.sledgehammer goal.by         4268ms HOL-Library.Countable_Complete_Lattices 98:3632  some Preplay: (smt (cvc5, trigger_max) local.dual_order.trans) (391 ms)
0.sledgehammer goal.by         4268ms HOL-Library.Countable_Complete_Lattices 98:3632  some Preplay: (smt (cvc5, best) local.dual_order.trans) (435 ms)
0.sledgehammer goal.by         4268ms HOL-Library.Countable_Complete_Lattices 98:3632  some Preplay: (smt (cvc5, quant_saturate) local.dual_order.trans) (441 ms)
0.sledgehammer goal.by         4210ms HOL-Library.Countable_Complete_Lattices 113:4143  some (SH 4210ms, ATP 423ms): Try this: by (smt (cvc5, fmf) local.dual_order.trans) (237 ms)
0.sledgehammer goal.by         4210ms HOL-Library.Countable_Complete_Lattices 113:4143  some Preplay: (smt (cvc5, fmf) local.dual_order.trans) (237 ms)
0.sledgehammer goal.by         4210ms HOL-Library.Countable_Complete_Lattices 113:4143  some Preplay: (smt (cvc5, best) local.dual_order.trans) (243 ms)
0.sledgehammer goal.by         4210ms HOL-Library.Countable_Complete_Lattices 113:4143  some Preplay: (smt (cvc5, trigger_max) local.dual_order.trans) (328 ms)
0.sledgehammer goal.by         4210ms HOL-Library.Countable_Complete_Lattices 113:4143  some Preplay: (smt (cvc5, no_simp) local.dual_order.trans) (332 ms)
0.sledgehammer goal.by         4210ms HOL-Library.Countable_Complete_Lattices 113:4143  some Preplay: (smt (cvc5, term_relev) local.dual_order.trans) (363 ms)
0.sledgehammer goal.by         4210ms HOL-Library.Countable_Complete_Lattices 113:4143  some Preplay: (smt (cvc5, trigger_relev) local.dual_order.trans) (367 ms)
0.sledgehammer goal.by         4210ms HOL-Library.Countable_Complete_Lattices 113:4143  some Preplay: (smt (cvc5, trigger_last) local.dual_order.trans) (376 ms)
0.sledgehammer goal.by         4210ms HOL-Library.Countable_Complete_Lattices 113:4143  some Preplay: (smt (cvc5, noematch) local.dual_order.trans) (417 ms)
0.sledgehammer goal.by         4210ms HOL-Library.Countable_Complete_Lattices 113:4143  some Preplay: (smt (cvc5, quant_saturate) local.dual_order.trans) (558 ms)
0.sledgehammer goal.by        13400ms HOL-Library.Countable_Complete_Lattices 136:5037  timeout (SH 13400ms): Timed out
0.sledgehammer goal.by        13449ms HOL-Library.Countable_Complete_Lattices 143:5418  timeout (SH 13449ms): Timed out
0.sledgehammer goal.by        13717ms HOL-Library.Countable_Complete_Lattices 150:5806  timeout (SH 13717ms): Timed out
0.sledgehammer goal.by        13572ms HOL-Library.Countable_Complete_Lattices 153:6013  timeout (SH 13572ms): Timed out
0.sledgehammer goal.unfolding 13718ms HOL-Library.Countable_Complete_Lattices 156:6178  timeout (SH 13718ms): Timed out
0.sledgehammer goal.by        13241ms HOL-Library.Countable_Complete_Lattices 156:6208  timeout (SH 13241ms): Timed out
0.sledgehammer goal.unfolding 13655ms HOL-Library.Countable_Complete_Lattices 159:6275  timeout (SH 13655ms): Timed out
0.sledgehammer goal.by        13246ms HOL-Library.Countable_Complete_Lattices 159:6305  timeout (SH 13246ms): Timed out
0.sledgehammer goal.by        13722ms HOL-Library.Countable_Complete_Lattices 168:6579  timeout (SH 13722ms): Timed out
0.sledgehammer goal.by        13637ms HOL-Library.Countable_Complete_Lattices 171:6760  timeout (SH 13637ms): Timed out
0.sledgehammer goal.proof     11018ms HOL-Library.Countable_Complete_Lattices 207:7928  timeout (SH 11018ms): Timed out
0.sledgehammer goal.by        53903ms HOL-Library.Countable_Complete_Lattices 225:8418  timeout (SH 53903ms):
0.sledgehammer goal.by        50766ms HOL-Library.Countable_Complete_Lattices 229:8539  some (SH 50765ms, ATP 263ms): Try this: by (smt (cvc5, trigger_max) Sup.SUP_cong ccSup_inf countable_image image_image) (460 ms)
0.sledgehammer goal.by        50766ms HOL-Library.Countable_Complete_Lattices 229:8539  some Preplay: (smt (cvc5, trigger_max) Sup.SUP_cong ccSup_inf countable_image image_image) (460 ms)
0.sledgehammer goal.by        50766ms HOL-Library.Countable_Complete_Lattices 229:8539  some Preplay: (smt (cvc5, trigger_last) Sup.SUP_cong ccSup_inf countable_image image_image) (538 ms)
0.sledgehammer goal.by        50766ms HOL-Library.Countable_Complete_Lattices 229:8539  some Preplay: (smt (cvc5, quant_saturate) Sup.SUP_cong ccSup_inf countable_image image_image) (578 ms)
0.sledgehammer goal.by        50766ms HOL-Library.Countable_Complete_Lattices 229:8539  some Preplay: (smt (cvc5, best) Sup.SUP_cong ccSup_inf countable_image image_image) (1.0 s)
0.sledgehammer goal.by        50766ms HOL-Library.Countable_Complete_Lattices 229:8539  some Preplay: (smt (cvc5, trigger_relev) Sup.SUP_cong ccSup_inf countable_image image_image) (> 460 ms, timed out)
0.sledgehammer goal.by        50766ms HOL-Library.Countable_Complete_Lattices 229:8539  some Preplay: (smt (cvc5, term_relev) Sup.SUP_cong ccSup_inf countable_image image_image) (> 460 ms, timed out)
0.sledgehammer goal.by        50766ms HOL-Library.Countable_Complete_Lattices 229:8539  some Preplay: (smt (cvc5, noematch) Sup.SUP_cong ccSup_inf countable_image image_image) (> 460 ms, timed out)
0.sledgehammer goal.by        50766ms HOL-Library.Countable_Complete_Lattices 229:8539  some Preplay: (smt (cvc5, fmf) Sup.SUP_cong ccSup_inf countable_image image_image) (> 460 ms, timed out)
0.sledgehammer goal.by        50766ms HOL-Library.Countable_Complete_Lattices 229:8539  some Preplay: (smt (cvc5, no_simp) Sup.SUP_cong ccSup_inf countable_image image_image) (> 460 ms, timed out)
0.sledgehammer goal.by        13741ms HOL-Library.Countable_Complete_Lattices 233:8709  timeout (SH 13741ms): Timed out
0.sledgehammer goal.by        13684ms HOL-Library.Countable_Complete_Lattices 237:8903  timeout (SH 13684ms): Timed out
0.sledgehammer goal.by         2341ms HOL-Library.Countable_Complete_Lattices 268:9886  none (SH 2341ms): Prover error:
0.sledgehammer goal.by         2341ms HOL-Library.Countable_Complete_Lattices 268:9886  none cannot atomize goal
0.sledgehammer goal.by        11866ms HOL-Library.Countable_Complete_Lattices 272:10047  timeout (SH 11866ms): Timed out
0.sledgehammer goal.by        12143ms HOL-Library.Countable_Complete_Lattices 275:10193  timeout (SH 12143ms): Timed out
0.sledgehammer goal.by        54615ms HOL-Library.Countable_Set_Type 54:1651  timeout (SH 54615ms):
0.sledgehammer goal.unfolding 51257ms HOL-Library.Countable_Set_Type 91:2777  some (SH 51256ms, ATP 666ms): Try this: by (smt (cvc5) assms bi_uniqueDl bi_uniqueDr cset.bi_unique dual_order.strict_iff_order less_cset_def less_eq_cset.transfer rel_funD rel_funD rel_funI rel_funI)
0.sledgehammer goal.unfolding 51257ms HOL-Library.Countable_Set_Type 91:2777  some Preplay: (smt (cvc5, quant_saturate) assms bi_uniqueDl bi_uniqueDr cset.bi_unique dual_order.strict_iff_order less_cset_def less_eq_cset.transfer rel_funD rel_funI) (> 1.0 s, timed out)
0.sledgehammer goal.unfolding 51257ms HOL-Library.Countable_Set_Type 91:2777  some Preplay: (smt (cvc5, noematch) assms bi_uniqueDl bi_uniqueDr cset.bi_unique dual_order.strict_iff_order less_cset_def less_eq_cset.transfer rel_funD rel_funI) (> 1.0 s, timed out)
0.sledgehammer goal.unfolding 51257ms HOL-Library.Countable_Set_Type 91:2777  some Preplay: (smt (cvc5, fmf) assms bi_uniqueDl bi_uniqueDr cset.bi_unique dual_order.strict_iff_order less_cset_def less_eq_cset.transfer rel_funD rel_funI) (> 1.0 s, timed out)
0.sledgehammer goal.unfolding 51257ms HOL-Library.Countable_Set_Type 91:2777  some Preplay: (smt (cvc5, best) assms bi_uniqueDl bi_uniqueDr cset.bi_unique dual_order.strict_iff_order less_cset_def less_eq_cset.transfer rel_funD rel_funI) (failed)
0.sledgehammer goal.unfolding 51257ms HOL-Library.Countable_Set_Type 91:2777  some Preplay: (smt (cvc5, trigger_last) assms bi_uniqueDl bi_uniqueDr cset.bi_unique dual_order.strict_iff_order less_cset_def less_eq_cset.transfer rel_funD rel_funI) (failed)
0.sledgehammer goal.unfolding 51257ms HOL-Library.Countable_Set_Type 91:2777  some Preplay: (smt (cvc5, trigger_max) assms bi_uniqueDl bi_uniqueDr cset.bi_unique dual_order.strict_iff_order less_cset_def less_eq_cset.transfer rel_funD rel_funI) (failed)
0.sledgehammer goal.unfolding 51257ms HOL-Library.Countable_Set_Type 91:2777  some Preplay: (smt (cvc5, trigger_relev) assms bi_uniqueDl bi_uniqueDr cset.bi_unique dual_order.strict_iff_order less_cset_def less_eq_cset.transfer rel_funD rel_funI) (failed)
0.sledgehammer goal.unfolding 51257ms HOL-Library.Countable_Set_Type 91:2777  some Preplay: (smt (cvc5, term_relev) assms bi_uniqueDl bi_uniqueDr cset.bi_unique dual_order.strict_iff_order less_cset_def less_eq_cset.transfer rel_funD rel_funI) (failed)
0.sledgehammer goal.unfolding 51257ms HOL-Library.Countable_Set_Type 91:2777  some Preplay: (smt (cvc5, no_simp) assms bi_uniqueDl bi_uniqueDr cset.bi_unique dual_order.strict_iff_order less_cset_def less_eq_cset.transfer rel_funD rel_funI) (failed)
0.sledgehammer goal.by        47358ms HOL-Library.Countable_Set_Type 91:2830  some (SH 47357ms, ATP 428ms): Try this: by (smt (cvc5) assms bi_uniqueDl bi_uniqueDr cset.bi_unique less_eq_cset.transfer rel_funD rel_funD rel_funI rel_funI)
0.sledgehammer goal.by        47358ms HOL-Library.Countable_Set_Type 91:2830  some Preplay: (smt (cvc5, quant_saturate) assms bi_uniqueDl bi_uniqueDr cset.bi_unique less_eq_cset.transfer rel_funD rel_funI) (> 1.0 s, timed out)
0.sledgehammer goal.by        47358ms HOL-Library.Countable_Set_Type 91:2830  some Preplay: (smt (cvc5, noematch) assms bi_uniqueDl bi_uniqueDr cset.bi_unique less_eq_cset.transfer rel_funD rel_funI) (> 1.0 s, timed out)
0.sledgehammer goal.by        47358ms HOL-Library.Countable_Set_Type 91:2830  some Preplay: (smt (cvc5, fmf) assms bi_uniqueDl bi_uniqueDr cset.bi_unique less_eq_cset.transfer rel_funD rel_funI) (> 1.0 s, timed out)
0.sledgehammer goal.by        47358ms HOL-Library.Countable_Set_Type 91:2830  some Preplay: (smt (cvc5, best) assms bi_uniqueDl bi_uniqueDr cset.bi_unique less_eq_cset.transfer rel_funD rel_funI) (failed)
0.sledgehammer goal.by        47358ms HOL-Library.Countable_Set_Type 91:2830  some Preplay: (smt (cvc5, trigger_last) assms bi_uniqueDl bi_uniqueDr cset.bi_unique less_eq_cset.transfer rel_funD rel_funI) (failed)
0.sledgehammer goal.by        47358ms HOL-Library.Countable_Set_Type 91:2830  some Preplay: (smt (cvc5, trigger_max) assms bi_uniqueDl bi_uniqueDr cset.bi_unique less_eq_cset.transfer rel_funD rel_funI) (failed)
0.sledgehammer goal.by        47358ms HOL-Library.Countable_Set_Type 91:2830  some Preplay: (smt (cvc5, trigger_relev) assms bi_uniqueDl bi_uniqueDr cset.bi_unique less_eq_cset.transfer rel_funD rel_funI) (failed)
0.sledgehammer goal.by        47358ms HOL-Library.Countable_Set_Type 91:2830  some Preplay: (smt (cvc5, term_relev) assms bi_uniqueDl bi_uniqueDr cset.bi_unique less_eq_cset.transfer rel_funD rel_funI) (failed)
0.sledgehammer goal.by        47358ms HOL-Library.Countable_Set_Type 91:2830  some Preplay: (smt (cvc5, no_simp) assms bi_uniqueDl bi_uniqueDr cset.bi_unique less_eq_cset.transfer rel_funD rel_funI) (failed)
0.sledgehammer goal.by         1487ms HOL-Library.Countable_Set_Type 102:3166  none (SH 1487ms): Prover error:
0.sledgehammer goal.by         1487ms HOL-Library.Countable_Set_Type 102:3166  none cannot atomize goal
0.sledgehammer goal.by        17513ms HOL-Library.Countable_Set_Type 392:19747  timeout (SH 17513ms): Timed out
0.sledgehammer goal.by        13546ms HOL-Library.Countable_Set_Type 444:21389  timeout (SH 13546ms): Timed out
0.sledgehammer goal.unfolding 14126ms HOL-Library.Countable_Set_Type 449:21563  timeout (SH 14125ms): Timed out
0.sledgehammer goal.by        53667ms HOL-Library.Countable_Set_Type 449:21585  some (SH 53667ms, ATP 600ms): Try this: by (smt (cvc5, trigger_relev) cUN_E cUN_I rel_cset_iff) (1.9 s)
0.sledgehammer goal.by        53667ms HOL-Library.Countable_Set_Type 449:21585  some Preplay: (smt (cvc5, trigger_relev) cUN_E cUN_I rel_cset_iff) (1.9 s)
0.sledgehammer goal.by        53667ms HOL-Library.Countable_Set_Type 449:21585  some Preplay: (smt (cvc5, trigger_max) cUN_E cUN_I rel_cset_iff) (2.1 s)
0.sledgehammer goal.by        53667ms HOL-Library.Countable_Set_Type 449:21585  some Preplay: (smt (cvc5, no_simp) cUN_E cUN_I rel_cset_iff) (2.7 s)
0.sledgehammer goal.by        53667ms HOL-Library.Countable_Set_Type 449:21585  some Preplay: (smt (cvc5, best) cUN_E cUN_I rel_cset_iff) (> 1.0 s, timed out)
0.sledgehammer goal.by        53667ms HOL-Library.Countable_Set_Type 449:21585  some Preplay: (smt (cvc5, trigger_last) cUN_E cUN_I rel_cset_iff) (> 1.0 s, timed out)
0.sledgehammer goal.by        53667ms HOL-Library.Countable_Set_Type 449:21585  some Preplay: (smt (cvc5, quant_saturate) cUN_E cUN_I rel_cset_iff) (> 1.0 s, timed out)
0.sledgehammer goal.by        53667ms HOL-Library.Countable_Set_Type 449:21585  some Preplay: (smt (cvc5, term_relev) cUN_E cUN_I rel_cset_iff) (> 1.0 s, timed out)
0.sledgehammer goal.by        53667ms HOL-Library.Countable_Set_Type 449:21585  some Preplay: (smt (cvc5, noematch) cUN_E cUN_I rel_cset_iff) (> 1.0 s, timed out)
0.sledgehammer goal.by        53667ms HOL-Library.Countable_Set_Type 449:21585  some Preplay: (smt (cvc5, fmf) cUN_E cUN_I rel_cset_iff) (> 1.0 s, timed out)
0.sledgehammer goal.unfolding 13105ms HOL-Library.Countable_Set_Type 465:22077  timeout (SH 13105ms): Timed out
0.sledgehammer goal.unfolding 49484ms HOL-Library.Countable_Set_Type 469:22219  some (SH 49484ms, ATP 1394ms): Try this: by (smt (cvc5, no_simp) cUn_iff rel_cset_iff rel_funI) (712 ms)
0.sledgehammer goal.unfolding 49484ms HOL-Library.Countable_Set_Type 469:22219  some Preplay: (smt (cvc5, no_simp) cUn_iff rel_cset_iff rel_funI) (712 ms)
0.sledgehammer goal.unfolding 49484ms HOL-Library.Countable_Set_Type 469:22219  some Preplay: (smt (cvc5, best) cUn_iff rel_cset_iff rel_funI) (849 ms)
0.sledgehammer goal.unfolding 49484ms HOL-Library.Countable_Set_Type 469:22219  some Preplay: (smt (cvc5, trigger_max) cUn_iff rel_cset_iff rel_funI) (868 ms)
0.sledgehammer goal.unfolding 49484ms HOL-Library.Countable_Set_Type 469:22219  some Preplay: (smt (cvc5, term_relev) cUn_iff rel_cset_iff rel_funI) (1.3 s)
0.sledgehammer goal.unfolding 49484ms HOL-Library.Countable_Set_Type 469:22219  some Preplay: (smt (cvc5, trigger_relev) cUn_iff rel_cset_iff rel_funI) (1.3 s)
0.sledgehammer goal.unfolding 49484ms HOL-Library.Countable_Set_Type 469:22219  some Preplay: (smt (cvc5, trigger_last) cUn_iff rel_cset_iff rel_funI) (1.3 s)
0.sledgehammer goal.unfolding 49484ms HOL-Library.Countable_Set_Type 469:22219  some Preplay: (smt (cvc5, quant_saturate) cUn_iff rel_cset_iff rel_funI) (1.4 s)
0.sledgehammer goal.unfolding 49484ms HOL-Library.Countable_Set_Type 469:22219  some Preplay: (smt (cvc5, noematch) cUn_iff rel_cset_iff rel_funI) (> 849 ms, timed out)
0.sledgehammer goal.unfolding 49484ms HOL-Library.Countable_Set_Type 469:22219  some Preplay: (smt (cvc5, fmf) cUn_iff rel_cset_iff rel_funI) (> 849 ms, timed out)
0.sledgehammer goal.unfolding 13925ms HOL-Library.Countable_Set_Type 473:22365  timeout (SH 13925ms): Timed out
0.sledgehammer goal.by        13193ms HOL-Library.Countable_Set_Type 474:22389  timeout (SH 13193ms): Timed out
0.sledgehammer goal.unfolding 48336ms HOL-Library.Countable_Set_Type 478:22541  some (SH 48335ms, ATP 736ms): Try this: by (smt (cvc5) cimageE cimageE cimage_eqI cimage_eqI rel_cset_iff rel_cset_iff rel_fun_def rel_fun_def rel_fun_def)
0.sledgehammer goal.unfolding 48336ms HOL-Library.Countable_Set_Type 478:22541  some Preplay: (smt (cvc5, best) cimageE cimage_eqI rel_cset_iff rel_fun_def) (> 1.0 s, timed out)
0.sledgehammer goal.unfolding 48336ms HOL-Library.Countable_Set_Type 478:22541  some Preplay: (smt (cvc5, trigger_last) cimageE cimage_eqI rel_cset_iff rel_fun_def) (> 1.0 s, timed out)
0.sledgehammer goal.unfolding 48336ms HOL-Library.Countable_Set_Type 478:22541  some Preplay: (smt (cvc5, quant_saturate) cimageE cimage_eqI rel_cset_iff rel_fun_def) (> 1.0 s, timed out)
0.sledgehammer goal.unfolding 48336ms HOL-Library.Countable_Set_Type 478:22541  some Preplay: (smt (cvc5, trigger_max) cimageE cimage_eqI rel_cset_iff rel_fun_def) (> 1.0 s, timed out)
0.sledgehammer goal.unfolding 48336ms HOL-Library.Countable_Set_Type 478:22541  some Preplay: (smt (cvc5, trigger_relev) cimageE cimage_eqI rel_cset_iff rel_fun_def) (> 1.0 s, timed out)
0.sledgehammer goal.unfolding 48336ms HOL-Library.Countable_Set_Type 478:22541  some Preplay: (smt (cvc5, term_relev) cimageE cimage_eqI rel_cset_iff rel_fun_def) (> 1.0 s, timed out)
0.sledgehammer goal.unfolding 48336ms HOL-Library.Countable_Set_Type 478:22541  some Preplay: (smt (cvc5, noematch) cimageE cimage_eqI rel_cset_iff rel_fun_def) (> 1.0 s, timed out)
0.sledgehammer goal.unfolding 48336ms HOL-Library.Countable_Set_Type 478:22541  some Preplay: (smt (cvc5, fmf) cimageE cimage_eqI rel_cset_iff rel_fun_def) (> 1.0 s, timed out)
0.sledgehammer goal.unfolding 48336ms HOL-Library.Countable_Set_Type 478:22541  some Preplay: (smt (cvc5, no_simp) cimageE cimage_eqI rel_cset_iff rel_fun_def) (> 1.0 s, timed out)
0.sledgehammer goal.unfolding 44268ms HOL-Library.Countable_Set_Type 482:22684  some (SH 44268ms, ATP 2225ms): Try this: by (smt (cvc5) cBall.rep_eq cBall.rep_eq rel_cset_alt_def rel_fun_def rel_fun_def rel_fun_def)
0.sledgehammer goal.unfolding 44268ms HOL-Library.Countable_Set_Type 482:22684  some Preplay: (smt (cvc5, noematch) cBall.rep_eq rel_cset_alt_def rel_fun_def) (> 1.0 s, timed out)
0.sledgehammer goal.unfolding 44268ms HOL-Library.Countable_Set_Type 482:22684  some Preplay: (smt (cvc5, fmf) cBall.rep_eq rel_cset_alt_def rel_fun_def) (> 1.0 s, timed out)
0.sledgehammer goal.unfolding 44268ms HOL-Library.Countable_Set_Type 482:22684  some Preplay: (smt (cvc5, best) cBall.rep_eq rel_cset_alt_def rel_fun_def) (failed)
0.sledgehammer goal.unfolding 44268ms HOL-Library.Countable_Set_Type 482:22684  some Preplay: (smt (cvc5, trigger_last) cBall.rep_eq rel_cset_alt_def rel_fun_def) (failed)
0.sledgehammer goal.unfolding 44268ms HOL-Library.Countable_Set_Type 482:22684  some Preplay: (smt (cvc5, quant_saturate) cBall.rep_eq rel_cset_alt_def rel_fun_def) (failed)
0.sledgehammer goal.unfolding 44268ms HOL-Library.Countable_Set_Type 482:22684  some Preplay: (smt (cvc5, trigger_max) cBall.rep_eq rel_cset_alt_def rel_fun_def) (failed)
0.sledgehammer goal.unfolding 44268ms HOL-Library.Countable_Set_Type 482:22684  some Preplay: (smt (cvc5, trigger_relev) cBall.rep_eq rel_cset_alt_def rel_fun_def) (failed)
0.sledgehammer goal.unfolding 44268ms HOL-Library.Countable_Set_Type 482:22684  some Preplay: (smt (cvc5, term_relev) cBall.rep_eq rel_cset_alt_def rel_fun_def) (failed)
0.sledgehammer goal.unfolding 44268ms HOL-Library.Countable_Set_Type 482:22684  some Preplay: (smt (cvc5, no_simp) cBall.rep_eq rel_cset_alt_def rel_fun_def) (failed)
0.sledgehammer goal.unfolding 39159ms HOL-Library.Countable_Set_Type 486:22824  some (SH 39159ms, ATP 819ms): Try this: by (smt (cvc5) cBex.rep_eq cBex.rep_eq rel_cset_alt_def rel_fun_def rel_fun_def rel_fun_def)
0.sledgehammer goal.unfolding 39159ms HOL-Library.Countable_Set_Type 486:22824  some Preplay: (smt (cvc5, noematch) cBex.rep_eq rel_cset_alt_def rel_fun_def) (> 1.0 s, timed out)
0.sledgehammer goal.unfolding 39159ms HOL-Library.Countable_Set_Type 486:22824  some Preplay: (smt (cvc5, fmf) cBex.rep_eq rel_cset_alt_def rel_fun_def) (> 1.0 s, timed out)
0.sledgehammer goal.unfolding 39159ms HOL-Library.Countable_Set_Type 486:22824  some Preplay: (smt (cvc5, best) cBex.rep_eq rel_cset_alt_def rel_fun_def) (failed)
0.sledgehammer goal.unfolding 39159ms HOL-Library.Countable_Set_Type 486:22824  some Preplay: (smt (cvc5, trigger_last) cBex.rep_eq rel_cset_alt_def rel_fun_def) (failed)
0.sledgehammer goal.unfolding 39159ms HOL-Library.Countable_Set_Type 486:22824  some Preplay: (smt (cvc5, quant_saturate) cBex.rep_eq rel_cset_alt_def rel_fun_def) (failed)
0.sledgehammer goal.unfolding 39159ms HOL-Library.Countable_Set_Type 486:22824  some Preplay: (smt (cvc5, trigger_max) cBex.rep_eq rel_cset_alt_def rel_fun_def) (failed)
0.sledgehammer goal.unfolding 39159ms HOL-Library.Countable_Set_Type 486:22824  some Preplay: (smt (cvc5, trigger_relev) cBex.rep_eq rel_cset_alt_def rel_fun_def) (failed)
0.sledgehammer goal.unfolding 39159ms HOL-Library.Countable_Set_Type 486:22824  some Preplay: (smt (cvc5, term_relev) cBex.rep_eq rel_cset_alt_def rel_fun_def) (failed)
0.sledgehammer goal.unfolding 39159ms HOL-Library.Countable_Set_Type 486:22824  some Preplay: (smt (cvc5, no_simp) cBex.rep_eq rel_cset_alt_def rel_fun_def) (failed)
0.sledgehammer goal.unfolding 35687ms HOL-Library.Countable_Set_Type 490:22999  some (SH 35687ms, ATP 992ms): Try this: by (smt (cvc5) rel_cset_iff rel_cset_iff rel_cset_iff rel_cset_iff rel_fun_def rel_fun_def rel_fun_def rel_fun_def rel_fun_def)
0.sledgehammer goal.unfolding 35687ms HOL-Library.Countable_Set_Type 490:22999  some Preplay: (smt (cvc5, best) rel_cset_iff rel_fun_def) (> 1.0 s, timed out)
0.sledgehammer goal.unfolding 35687ms HOL-Library.Countable_Set_Type 490:22999  some Preplay: (smt (cvc5, trigger_last) rel_cset_iff rel_fun_def) (> 1.0 s, timed out)
0.sledgehammer goal.unfolding 35687ms HOL-Library.Countable_Set_Type 490:22999  some Preplay: (smt (cvc5, quant_saturate) rel_cset_iff rel_fun_def) (> 1.0 s, timed out)
0.sledgehammer goal.unfolding 35687ms HOL-Library.Countable_Set_Type 490:22999  some Preplay: (smt (cvc5, trigger_max) rel_cset_iff rel_fun_def) (> 1.0 s, timed out)
0.sledgehammer goal.unfolding 35687ms HOL-Library.Countable_Set_Type 490:22999  some Preplay: (smt (cvc5, trigger_relev) rel_cset_iff rel_fun_def) (> 1.0 s, timed out)
0.sledgehammer goal.unfolding 35687ms HOL-Library.Countable_Set_Type 490:22999  some Preplay: (smt (cvc5, term_relev) rel_cset_iff rel_fun_def) (> 1.0 s, timed out)
0.sledgehammer goal.unfolding 35687ms HOL-Library.Countable_Set_Type 490:22999  some Preplay: (smt (cvc5, noematch) rel_cset_iff rel_fun_def) (> 1.0 s, timed out)
0.sledgehammer goal.unfolding 35687ms HOL-Library.Countable_Set_Type 490:22999  some Preplay: (smt (cvc5, fmf) rel_cset_iff rel_fun_def) (> 1.0 s, timed out)
0.sledgehammer goal.unfolding 35687ms HOL-Library.Countable_Set_Type 490:22999  some Preplay: (smt (cvc5, no_simp) rel_cset_iff rel_fun_def) (> 1.0 s, timed out)
0.sledgehammer goal.using     35792ms HOL-Library.Countable_Set_Type 491:23023  some (SH 35792ms, ATP 882ms): Try this: by (smt (cvc5) rel_cset_iff rel_cset_iff rel_cset_iff rel_cset_iff)
0.sledgehammer goal.using     35792ms HOL-Library.Countable_Set_Type 491:23023  some Preplay: (smt (cvc5, best) rel_cset_iff) (> 1.0 s, timed out)
0.sledgehammer goal.using     35792ms HOL-Library.Countable_Set_Type 491:23023  some Preplay: (smt (cvc5, trigger_last) rel_cset_iff) (> 1.0 s, timed out)
0.sledgehammer goal.using     35792ms HOL-Library.Countable_Set_Type 491:23023  some Preplay: (smt (cvc5, quant_saturate) rel_cset_iff) (> 1.0 s, timed out)
0.sledgehammer goal.using     35792ms HOL-Library.Countable_Set_Type 491:23023  some Preplay: (smt (cvc5, trigger_max) rel_cset_iff) (> 1.0 s, timed out)
0.sledgehammer goal.using     35792ms HOL-Library.Countable_Set_Type 491:23023  some Preplay: (smt (cvc5, trigger_relev) rel_cset_iff) (> 1.0 s, timed out)
0.sledgehammer goal.using     35792ms HOL-Library.Countable_Set_Type 491:23023  some Preplay: (smt (cvc5, term_relev) rel_cset_iff) (> 1.0 s, timed out)
0.sledgehammer goal.using     35792ms HOL-Library.Countable_Set_Type 491:23023  some Preplay: (smt (cvc5, noematch) rel_cset_iff) (> 1.0 s, timed out)
0.sledgehammer goal.using     35792ms HOL-Library.Countable_Set_Type 491:23023  some Preplay: (smt (cvc5, fmf) rel_cset_iff) (> 1.0 s, timed out)
0.sledgehammer goal.using     35792ms HOL-Library.Countable_Set_Type 491:23023  some Preplay: (smt (cvc5, no_simp) rel_cset_iff) (> 1.0 s, timed out)
0.sledgehammer goal.unfolding 24673ms HOL-Library.Countable_Set_Type 498:23299  some (SH 24672ms, ATP 316ms): Try this: by (smt (cvc5, quant_saturate) bi_uniqueDl bi_uniqueDr rel_cset_iff rel_funI) (1.7 s)
0.sledgehammer goal.unfolding 24673ms HOL-Library.Countable_Set_Type 498:23299  some Preplay: (smt (cvc5, quant_saturate) bi_uniqueDl bi_uniqueDr rel_cset_iff rel_funI) (1.7 s)
0.sledgehammer goal.unfolding 24673ms HOL-Library.Countable_Set_Type 498:23299  some Preplay: (smt (cvc5, noematch) bi_uniqueDl bi_uniqueDr rel_cset_iff rel_funI) (> 1.0 s, timed out)
0.sledgehammer goal.unfolding 24673ms HOL-Library.Countable_Set_Type 498:23299  some Preplay: (smt (cvc5, fmf) bi_uniqueDl bi_uniqueDr rel_cset_iff rel_funI) (> 1.0 s, timed out)
0.sledgehammer goal.unfolding 24673ms HOL-Library.Countable_Set_Type 498:23299  some Preplay: (smt (cvc5, best) bi_uniqueDl bi_uniqueDr rel_cset_iff rel_funI) (failed)
0.sledgehammer goal.unfolding 24673ms HOL-Library.Countable_Set_Type 498:23299  some Preplay: (smt (cvc5, trigger_last) bi_uniqueDl bi_uniqueDr rel_cset_iff rel_funI) (failed)
0.sledgehammer goal.unfolding 24673ms HOL-Library.Countable_Set_Type 498:23299  some Preplay: (smt (cvc5, trigger_max) bi_uniqueDl bi_uniqueDr rel_cset_iff rel_funI) (failed)
0.sledgehammer goal.unfolding 24673ms HOL-Library.Countable_Set_Type 498:23299  some Preplay: (smt (cvc5, trigger_relev) bi_uniqueDl bi_uniqueDr rel_cset_iff rel_funI) (failed)
0.sledgehammer goal.unfolding 24673ms HOL-Library.Countable_Set_Type 498:23299  some Preplay: (smt (cvc5, term_relev) bi_uniqueDl bi_uniqueDr rel_cset_iff rel_funI) (failed)
0.sledgehammer goal.unfolding 24673ms HOL-Library.Countable_Set_Type 498:23299  some Preplay: (smt (cvc5, no_simp) bi_uniqueDl bi_uniqueDr rel_cset_iff rel_funI) (failed)
0.sledgehammer goal.using     43294ms HOL-Library.Countable_Set_Type 503:23492  some (SH 43293ms, ATP 335ms): Try this: by (smt (cvc5, term_relev) bi_unique_def cInt_iff rel_cset_iff) (730 ms)
0.sledgehammer goal.using     43294ms HOL-Library.Countable_Set_Type 503:23492  some Preplay: (smt (cvc5, term_relev) bi_unique_def cInt_iff rel_cset_iff) (730 ms)
0.sledgehammer goal.using     43294ms HOL-Library.Countable_Set_Type 503:23492  some Preplay: (smt (cvc5, trigger_last) bi_unique_def cInt_iff rel_cset_iff) (906 ms)
0.sledgehammer goal.using     43294ms HOL-Library.Countable_Set_Type 503:23492  some Preplay: (smt (cvc5, trigger_relev) bi_unique_def cInt_iff rel_cset_iff) (1.0 s)
0.sledgehammer goal.using     43294ms HOL-Library.Countable_Set_Type 503:23492  some Preplay: (smt (cvc5, best) bi_unique_def cInt_iff rel_cset_iff) (1.0 s)
0.sledgehammer goal.using     43294ms HOL-Library.Countable_Set_Type 503:23492  some Preplay: (smt (cvc5, quant_saturate) bi_unique_def cInt_iff rel_cset_iff) (1.0 s)
0.sledgehammer goal.using     43294ms HOL-Library.Countable_Set_Type 503:23492  some Preplay: (smt (cvc5, trigger_max) bi_unique_def cInt_iff rel_cset_iff) (1.0 s)
0.sledgehammer goal.using     43294ms HOL-Library.Countable_Set_Type 503:23492  some Preplay: (smt (cvc5, noematch) bi_unique_def cInt_iff rel_cset_iff) (> 730 ms, timed out)
0.sledgehammer goal.using     43294ms HOL-Library.Countable_Set_Type 503:23492  some Preplay: (smt (cvc5, fmf) bi_unique_def cInt_iff rel_cset_iff) (> 730 ms, timed out)
0.sledgehammer goal.using     43294ms HOL-Library.Countable_Set_Type 503:23492  some Preplay: (smt (cvc5, no_simp) bi_unique_def cInt_iff rel_cset_iff) (> 730 ms, timed out)
0.sledgehammer goal.unfolding 13693ms HOL-Library.Countable_Set_Type 508:23695  timeout (SH 13693ms): Timed out
0.sledgehammer goal.using     12928ms HOL-Library.Countable_Set_Type 509:23717  timeout (SH 12928ms): Timed out
0.sledgehammer goal.unfolding 40340ms HOL-Library.Countable_Set_Type 513:23924  some (SH 40340ms, ATP 1397ms): Try this: by (smt (cvc5) cin_parametric csubsetD csubsetD csubsetI csubsetI rel_cset_iff rel_funE rel_funE rel_funI rel_funI)
0.sledgehammer goal.unfolding 40340ms HOL-Library.Countable_Set_Type 513:23924  some Preplay: (smt (cvc5, best) cin_parametric csubsetD csubsetI rel_cset_iff rel_funE rel_funI) (> 1.0 s, timed out)
0.sledgehammer goal.unfolding 40340ms HOL-Library.Countable_Set_Type 513:23924  some Preplay: (smt (cvc5, trigger_last) cin_parametric csubsetD csubsetI rel_cset_iff rel_funE rel_funI) (> 1.0 s, timed out)
0.sledgehammer goal.unfolding 40340ms HOL-Library.Countable_Set_Type 513:23924  some Preplay: (smt (cvc5, quant_saturate) cin_parametric csubsetD csubsetI rel_cset_iff rel_funE rel_funI) (> 1.0 s, timed out)
0.sledgehammer goal.unfolding 40340ms HOL-Library.Countable_Set_Type 513:23924  some Preplay: (smt (cvc5, trigger_relev) cin_parametric csubsetD csubsetI rel_cset_iff rel_funE rel_funI) (> 1.0 s, timed out)
0.sledgehammer goal.unfolding 40340ms HOL-Library.Countable_Set_Type 513:23924  some Preplay: (smt (cvc5, term_relev) cin_parametric csubsetD csubsetI rel_cset_iff rel_funE rel_funI) (> 1.0 s, timed out)
0.sledgehammer goal.unfolding 40340ms HOL-Library.Countable_Set_Type 513:23924  some Preplay: (smt (cvc5, noematch) cin_parametric csubsetD csubsetI rel_cset_iff rel_funE rel_funI) (> 1.0 s, timed out)
0.sledgehammer goal.unfolding 40340ms HOL-Library.Countable_Set_Type 513:23924  some Preplay: (smt (cvc5, fmf) cin_parametric csubsetD csubsetI rel_cset_iff rel_funE rel_funI) (> 1.0 s, timed out)
0.sledgehammer goal.unfolding 40340ms HOL-Library.Countable_Set_Type 513:23924  some Preplay: (smt (cvc5, no_simp) cin_parametric csubsetD csubsetI rel_cset_iff rel_funE rel_funI) (> 1.0 s, timed out)
0.sledgehammer goal.unfolding 40340ms HOL-Library.Countable_Set_Type 513:23924  some Preplay: (smt (cvc5, trigger_max) cin_parametric csubsetD csubsetI rel_cset_iff rel_funE rel_funI) (failed)
0.sledgehammer goal.using     73695ms HOL-Library.Countable_Set_Type 514:23946  some (SH 73695ms, ATP 390ms): Try this: by (smt (cvc5) csubsetD csubsetD csubsetI csubsetI eq_transfer rel_cset_iff rel_fun_def rel_fun_def)
0.sledgehammer goal.using     73695ms HOL-Library.Countable_Set_Type 514:23946  some Preplay: (smt (cvc5, noematch) csubsetD csubsetI eq_transfer rel_cset_iff rel_fun_def) (> 1.0 s, timed out)
0.sledgehammer goal.using     73695ms HOL-Library.Countable_Set_Type 514:23946  some Preplay: (smt (cvc5, fmf) csubsetD csubsetI eq_transfer rel_cset_iff rel_fun_def) (> 1.0 s, timed out)
0.sledgehammer goal.using     73695ms HOL-Library.Countable_Set_Type 514:23946  some Preplay: (smt (cvc5, best) csubsetD csubsetI eq_transfer rel_cset_iff rel_fun_def) (failed)
0.sledgehammer goal.using     73695ms HOL-Library.Countable_Set_Type 514:23946  some Preplay: (smt (cvc5, trigger_last) csubsetD csubsetI eq_transfer rel_cset_iff rel_fun_def) (failed)
0.sledgehammer goal.using     73695ms HOL-Library.Countable_Set_Type 514:23946  some Preplay: (smt (cvc5, quant_saturate) csubsetD csubsetI eq_transfer rel_cset_iff rel_fun_def) (failed)
0.sledgehammer goal.using     73695ms HOL-Library.Countable_Set_Type 514:23946  some Preplay: (smt (cvc5, trigger_max) csubsetD csubsetI eq_transfer rel_cset_iff rel_fun_def) (failed)
0.sledgehammer goal.using     73695ms HOL-Library.Countable_Set_Type 514:23946  some Preplay: (smt (cvc5, trigger_relev) csubsetD csubsetI eq_transfer rel_cset_iff rel_fun_def) (failed)
0.sledgehammer goal.using     73695ms HOL-Library.Countable_Set_Type 514:23946  some Preplay: (smt (cvc5, term_relev) csubsetD csubsetI eq_transfer rel_cset_iff rel_fun_def) (failed)
0.sledgehammer goal.using     73695ms HOL-Library.Countable_Set_Type 514:23946  some Preplay: (smt (cvc5, no_simp) csubsetD csubsetI eq_transfer rel_cset_iff rel_fun_def) (failed)
0.sledgehammer goal.proof     13725ms HOL-Library.Countable_Set_Type 530:24309  timeout (SH 13725ms): Timed out
0.sledgehammer goal.using     14344ms HOL-Library.Countable_Set_Type 535:24510  timeout (SH 14344ms): Timed out
0.sledgehammer goal.unfolding 14093ms HOL-Library.Countable_Set_Type 536:24588  timeout (SH 14093ms): Timed out
0.sledgehammer goal.proof     21514ms HOL-Library.Countable_Set_Type 541:24737  timeout (SH 21513ms): Timed out
0.sledgehammer goal.using     13596ms HOL-Library.Countable_Set_Type 552:24983  timeout (SH 13596ms): Timed out
0.sledgehammer goal.by        13688ms HOL-Library.Countable_Set_Type 552:25038  timeout (SH 13688ms): Timed out
0.sledgehammer goal.by        21709ms HOL-Library.Countable_Set_Type 556:25141  some (SH 21709ms, ATP 258ms): Try this: by (smt (cvc5, best) acset_inverse inj_onI mem_Collect_eq rcset_inject the_inv_f_f) (501 ms)
0.sledgehammer goal.by        21709ms HOL-Library.Countable_Set_Type 556:25141  some Preplay: (smt (cvc5, best) acset_inverse inj_onI mem_Collect_eq rcset_inject the_inv_f_f) (501 ms)
0.sledgehammer goal.by        21709ms HOL-Library.Countable_Set_Type 556:25141  some Preplay: (smt (cvc5, trigger_last) acset_inverse inj_onI mem_Collect_eq rcset_inject the_inv_f_f) (542 ms)
0.sledgehammer goal.by        21709ms HOL-Library.Countable_Set_Type 556:25141  some Preplay: (smt (cvc5, term_relev) acset_inverse inj_onI mem_Collect_eq rcset_inject the_inv_f_f) (613 ms)
0.sledgehammer goal.by        21709ms HOL-Library.Countable_Set_Type 556:25141  some Preplay: (smt (cvc5, quant_saturate) acset_inverse inj_onI mem_Collect_eq rcset_inject the_inv_f_f) (628 ms)
0.sledgehammer goal.by        21709ms HOL-Library.Countable_Set_Type 556:25141  some Preplay: (smt (cvc5, trigger_max) acset_inverse inj_onI mem_Collect_eq rcset_inject the_inv_f_f) (714 ms)
0.sledgehammer goal.by        21709ms HOL-Library.Countable_Set_Type 556:25141  some Preplay: (smt (cvc5, noematch) acset_inverse inj_onI mem_Collect_eq rcset_inject the_inv_f_f) (735 ms)
0.sledgehammer goal.by        21709ms HOL-Library.Countable_Set_Type 556:25141  some Preplay: (smt (cvc5, fmf) acset_inverse inj_onI mem_Collect_eq rcset_inject the_inv_f_f) (782 ms)
0.sledgehammer goal.by        21709ms HOL-Library.Countable_Set_Type 556:25141  some Preplay: (smt (cvc5, trigger_relev) acset_inverse inj_onI mem_Collect_eq rcset_inject the_inv_f_f) (793 ms)
0.sledgehammer goal.by        21709ms HOL-Library.Countable_Set_Type 556:25141  some Preplay: (smt (cvc5, no_simp) acset_inverse inj_onI mem_Collect_eq rcset_inject the_inv_f_f) (884 ms)
0.sledgehammer goal.proof     14069ms HOL-Library.Countable_Set_Type 567:25576  timeout (SH 14069ms): Timed out
0.sledgehammer goal.unfolding 13912ms HOL-Library.Countable_Set_Type 573:25827  timeout (SH 13912ms): Timed out
0.sledgehammer goal.proof     13421ms HOL-Library.Countable_Set_Type 574:25901  timeout (SH 13420ms): Timed out
0.sledgehammer goal.by        13010ms HOL-Library.Countable_Set_Type 575:26024  timeout (SH 13010ms): Timed out
0.sledgehammer goal.by        13611ms HOL-Library.Countable_Set_Type 576:26118  timeout (SH 13611ms): Timed out
0.sledgehammer goal.unfolding 13639ms HOL-Library.Countable_Set_Type 579:26211  timeout (SH 13639ms): Timed out
0.sledgehammer goal.by        13696ms HOL-Library.Countable_Set_Type 580:26264  timeout (SH 13696ms): Timed out
0.sledgehammer goal.proof     15181ms HOL-Library.Countable_Set_Type 593:26516  timeout (SH 15181ms): Timed out
0.sledgehammer goal.by        13206ms HOL-Library.Countable_Set_Type 594:26548  timeout (SH 13206ms): Timed out
0.sledgehammer goal.by        13361ms HOL-Library.Countable_Set_Type 596:26615  timeout (SH 13361ms): Timed out
0.sledgehammer goal.by        25427ms HOL-Library.Countable_Set_Type 601:26836  timeout (SH 25427ms): Timed out
0.sledgehammer goal.unfolding 52045ms HOL-Library.Countable_Set_Type 618:27494  some (SH 52045ms, ATP 267ms): Try this: by (smt (cvc5, best) predicate2I rel_cset_alt_def relcomppE relcomppI) (1.4 s)
0.sledgehammer goal.unfolding 52045ms HOL-Library.Countable_Set_Type 618:27494  some Preplay: (smt (cvc5, best) predicate2I rel_cset_alt_def relcomppE relcomppI) (1.4 s)
0.sledgehammer goal.unfolding 52045ms HOL-Library.Countable_Set_Type 618:27494  some Preplay: (smt (cvc5, trigger_last) predicate2I rel_cset_alt_def relcomppE relcomppI) (1.7 s)
0.sledgehammer goal.unfolding 52045ms HOL-Library.Countable_Set_Type 618:27494  some Preplay: (smt (cvc5, quant_saturate) predicate2I rel_cset_alt_def relcomppE relcomppI) (1.8 s)
0.sledgehammer goal.unfolding 52045ms HOL-Library.Countable_Set_Type 618:27494  some Preplay: (smt (cvc5, term_relev) predicate2I rel_cset_alt_def relcomppE relcomppI) (1.8 s)
0.sledgehammer goal.unfolding 52045ms HOL-Library.Countable_Set_Type 618:27494  some Preplay: (smt (cvc5, trigger_relev) predicate2I rel_cset_alt_def relcomppE relcomppI) (2.0 s)
0.sledgehammer goal.unfolding 52045ms HOL-Library.Countable_Set_Type 618:27494  some Preplay: (smt (cvc5, trigger_max) predicate2I rel_cset_alt_def relcomppE relcomppI) (2.4 s)
0.sledgehammer goal.unfolding 52045ms HOL-Library.Countable_Set_Type 618:27494  some Preplay: (smt (cvc5, no_simp) predicate2I rel_cset_alt_def relcomppE relcomppI) (2.6 s)
0.sledgehammer goal.unfolding 52045ms HOL-Library.Countable_Set_Type 618:27494  some Preplay: (smt (cvc5, noematch) predicate2I rel_cset_alt_def relcomppE relcomppI) (> 1.0 s, timed out)
0.sledgehammer goal.unfolding 52045ms HOL-Library.Countable_Set_Type 618:27494  some Preplay: (smt (cvc5, fmf) predicate2I rel_cset_alt_def relcomppE relcomppI) (> 1.0 s, timed out)
0.sledgehammer goal.by        38077ms HOL-Library.Countable_Set_Type 618:27530  some (SH 38076ms, ATP 1458ms): Try this: by (smt (cvc5) pick_middlep predicate2I relcomppI)
0.sledgehammer goal.by        38077ms HOL-Library.Countable_Set_Type 618:27530  some Preplay: (smt (cvc5, best) pick_middlep predicate2I relcomppI) (> 1.0 s, timed out)
0.sledgehammer goal.by        38077ms HOL-Library.Countable_Set_Type 618:27530  some Preplay: (smt (cvc5, trigger_last) pick_middlep predicate2I relcomppI) (> 1.0 s, timed out)
0.sledgehammer goal.by        38077ms HOL-Library.Countable_Set_Type 618:27530  some Preplay: (smt (cvc5, quant_saturate) pick_middlep predicate2I relcomppI) (> 1.0 s, timed out)
0.sledgehammer goal.by        38077ms HOL-Library.Countable_Set_Type 618:27530  some Preplay: (smt (cvc5, trigger_max) pick_middlep predicate2I relcomppI) (> 1.0 s, timed out)
0.sledgehammer goal.by        38077ms HOL-Library.Countable_Set_Type 618:27530  some Preplay: (smt (cvc5, trigger_relev) pick_middlep predicate2I relcomppI) (> 1.0 s, timed out)
0.sledgehammer goal.by        38077ms HOL-Library.Countable_Set_Type 618:27530  some Preplay: (smt (cvc5, term_relev) pick_middlep predicate2I relcomppI) (> 1.0 s, timed out)
0.sledgehammer goal.by        38077ms HOL-Library.Countable_Set_Type 618:27530  some Preplay: (smt (cvc5, noematch) pick_middlep predicate2I relcomppI) (> 1.0 s, timed out)
0.sledgehammer goal.by        38077ms HOL-Library.Countable_Set_Type 618:27530  some Preplay: (smt (cvc5, fmf) pick_middlep predicate2I relcomppI) (> 1.0 s, timed out)
0.sledgehammer goal.by        38077ms HOL-Library.Countable_Set_Type 618:27530  some Preplay: (smt (cvc5, no_simp) pick_middlep predicate2I relcomppI) (> 1.0 s, timed out)
0.sledgehammer goal.unfolding 15794ms HOL-Library.Countable_Set_Type 623:27657  timeout (SH 15794ms): Timed out
0.sledgehammer goal.by        17408ms HOL-Library.Countable_Set_Type 623:27727  timeout (SH 17407ms): Timed out
0.sledgehammer goal.by        18316ms HOL-Library.Equipollence 22:641  some (SH 18315ms, ATP 395ms): Try this: by (smt (cvc5) bij_betwI' bij_betw_imp_empty_iff empty_iff empty_iff eqpoll_def)
0.sledgehammer goal.by        18316ms HOL-Library.Equipollence 22:641  some Preplay: (smt (cvc5, best) bij_betwI'[of A undefined "{}"] bij_betw_imp_empty_iff[of _ A "{}"] empty_iff eqpoll_def[of A "{}"]) (> 1.0 s, timed out)
0.sledgehammer goal.by        18316ms HOL-Library.Equipollence 22:641  some Preplay: (smt (cvc5, trigger_last) bij_betwI'[of A undefined "{}"] bij_betw_imp_empty_iff[of _ A "{}"] empty_iff eqpoll_def[of A "{}"]) (> 1.0 s, timed out)
0.sledgehammer goal.by        18316ms HOL-Library.Equipollence 22:641  some Preplay: (smt (cvc5, quant_saturate) bij_betwI'[of A undefined "{}"] bij_betw_imp_empty_iff[of _ A "{}"] empty_iff eqpoll_def[of A "{}"]) (> 1.0 s, timed out)
0.sledgehammer goal.by        18316ms HOL-Library.Equipollence 22:641  some Preplay: (smt (cvc5, trigger_max) bij_betwI'[of A undefined "{}"] bij_betw_imp_empty_iff[of _ A "{}"] empty_iff eqpoll_def[of A "{}"]) (> 1.0 s, timed out)
0.sledgehammer goal.by        18316ms HOL-Library.Equipollence 22:641  some Preplay: (smt (cvc5, trigger_relev) bij_betwI'[of A undefined "{}"] bij_betw_imp_empty_iff[of _ A "{}"] empty_iff eqpoll_def[of A "{}"]) (> 1.0 s, timed out)
0.sledgehammer goal.by        18316ms HOL-Library.Equipollence 22:641  some Preplay: (smt (cvc5, term_relev) bij_betwI'[of A undefined "{}"] bij_betw_imp_empty_iff[of _ A "{}"] empty_iff eqpoll_def[of A "{}"]) (> 1.0 s, timed out)
0.sledgehammer goal.by        18316ms HOL-Library.Equipollence 22:641  some Preplay: (smt (cvc5, noematch) bij_betwI'[of A undefined "{}"] bij_betw_imp_empty_iff[of _ A "{}"] empty_iff eqpoll_def[of A "{}"]) (> 1.0 s, timed out)
0.sledgehammer goal.by        18316ms HOL-Library.Equipollence 22:641  some Preplay: (smt (cvc5, fmf) bij_betwI'[of A undefined "{}"] bij_betw_imp_empty_iff[of _ A "{}"] empty_iff eqpoll_def[of A "{}"]) (> 1.0 s, timed out)
0.sledgehammer goal.by        18316ms HOL-Library.Equipollence 22:641  some Preplay: (smt (cvc5, no_simp) bij_betwI'[of A undefined "{}"] bij_betw_imp_empty_iff[of _ A "{}"] empty_iff eqpoll_def[of A "{}"]) (> 1.0 s, timed out)
0.sledgehammer goal.proof     15662ms HOL-Library.Equipollence 35:1041  timeout (SH 15662ms): Timed out
0.sledgehammer goal.using     13741ms HOL-Library.Equipollence 37:1107  timeout (SH 13741ms): Timed out
0.sledgehammer goal.by        14415ms HOL-Library.Equipollence 37:1119  timeout (SH 14414ms): Timed out
0.sledgehammer goal.using     17979ms HOL-Library.Equipollence 56:1640  timeout (SH 17979ms): Timed out
0.sledgehammer goal.proof     15599ms HOL-Library.Equipollence 62:1924  timeout (SH 15599ms): Timed out
0.sledgehammer goal.by        48364ms HOL-Library.Equipollence 69:2058  some (SH 48364ms, ATP 1490ms): Try this: by (smt (cvc5) card.empty card.empty card.insert card.insert card_Suc_eq card_Suc_eq empty_not_insert empty_not_insert eqpoll_finite_iff eqpoll_iff_card finite.intros(1,1) finite_insert finite_insert insertCI insertCI insert_absorb insert_absorb singletonD singletonD)
0.sledgehammer goal.by        48364ms HOL-Library.Equipollence 69:2058  some Preplay: (smt (cvc5, best) card.empty card.insert card_Suc_eq empty_not_insert eqpoll_finite_iff eqpoll_iff_card finite.intros(1) finite_insert insertCI insert_absorb singletonD) (> 1.0 s, timed out)
0.sledgehammer goal.by        48364ms HOL-Library.Equipollence 69:2058  some Preplay: (smt (cvc5, trigger_last) card.empty card.insert card_Suc_eq empty_not_insert eqpoll_finite_iff eqpoll_iff_card finite.intros(1) finite_insert insertCI insert_absorb singletonD) (> 1.0 s, timed out)
0.sledgehammer goal.by        48364ms HOL-Library.Equipollence 69:2058  some Preplay: (smt (cvc5, quant_saturate) card.empty card.insert card_Suc_eq empty_not_insert eqpoll_finite_iff eqpoll_iff_card finite.intros(1) finite_insert insertCI insert_absorb singletonD) (> 1.0 s, timed out)
0.sledgehammer goal.by        48364ms HOL-Library.Equipollence 69:2058  some Preplay: (smt (cvc5, trigger_max) card.empty card.insert card_Suc_eq empty_not_insert eqpoll_finite_iff eqpoll_iff_card finite.intros(1) finite_insert insertCI insert_absorb singletonD) (> 1.0 s, timed out)
0.sledgehammer goal.by        48364ms HOL-Library.Equipollence 69:2058  some Preplay: (smt (cvc5, trigger_relev) card.empty card.insert card_Suc_eq empty_not_insert eqpoll_finite_iff eqpoll_iff_card finite.intros(1) finite_insert insertCI insert_absorb singletonD) (> 1.0 s, timed out)
0.sledgehammer goal.by        48364ms HOL-Library.Equipollence 69:2058  some Preplay: (smt (cvc5, term_relev) card.empty card.insert card_Suc_eq empty_not_insert eqpoll_finite_iff eqpoll_iff_card finite.intros(1) finite_insert insertCI insert_absorb singletonD) (> 1.0 s, timed out)
0.sledgehammer goal.by        48364ms HOL-Library.Equipollence 69:2058  some Preplay: (smt (cvc5, noematch) card.empty card.insert card_Suc_eq empty_not_insert eqpoll_finite_iff eqpoll_iff_card finite.intros(1) finite_insert insertCI insert_absorb singletonD) (> 1.0 s, timed out)
0.sledgehammer goal.by        48364ms HOL-Library.Equipollence 69:2058  some Preplay: (smt (cvc5, fmf) card.empty card.insert card_Suc_eq empty_not_insert eqpoll_finite_iff eqpoll_iff_card finite.intros(1) finite_insert insertCI insert_absorb singletonD) (> 1.0 s, timed out)
0.sledgehammer goal.by        48364ms HOL-Library.Equipollence 69:2058  some Preplay: (smt (cvc5, no_simp) card.empty card.insert card_Suc_eq empty_not_insert eqpoll_finite_iff eqpoll_iff_card finite.intros(1) finite_insert insertCI insert_absorb singletonD) (> 1.0 s, timed out)
0.sledgehammer goal.proof     15698ms HOL-Library.Equipollence 79:2416  timeout (SH 15698ms): Timed out
0.sledgehammer goal.unfolding 46777ms HOL-Library.Equipollence 85:2601  some (SH 46776ms, ATP 1755ms): Try this: by (smt (cvc5) Pi_iff Pi_iff \<open>g \<in> B \<rightarrow> C\<close> assms(1) comp_apply comp_inj_on funcsetI image_subset_iff_funcset inj_on_subset lepoll_def lepoll_def')
0.sledgehammer goal.unfolding 46777ms HOL-Library.Equipollence 85:2601  some Preplay: (smt (cvc5, best) Pi_iff Pi_iff \<open>g \<in> B \<rightarrow> C\<close> assms(1) comp_apply comp_inj_on funcsetI image_subset_iff_funcset inj_on_subset lepoll_def lepoll_def') (> 1.0 s, timed out)
0.sledgehammer goal.unfolding 46777ms HOL-Library.Equipollence 85:2601  some Preplay: (smt (cvc5, trigger_last) Pi_iff Pi_iff \<open>g \<in> B \<rightarrow> C\<close> assms(1) comp_apply comp_inj_on funcsetI image_subset_iff_funcset inj_on_subset lepoll_def lepoll_def') (> 1.0 s, timed out)
0.sledgehammer goal.unfolding 46777ms HOL-Library.Equipollence 85:2601  some Preplay: (smt (cvc5, quant_saturate) Pi_iff Pi_iff \<open>g \<in> B \<rightarrow> C\<close> assms(1) comp_apply comp_inj_on funcsetI image_subset_iff_funcset inj_on_subset lepoll_def lepoll_def') (> 1.0 s, timed out)
0.sledgehammer goal.unfolding 46777ms HOL-Library.Equipollence 85:2601  some Preplay: (smt (cvc5, trigger_max) Pi_iff Pi_iff \<open>g \<in> B \<rightarrow> C\<close> assms(1) comp_apply comp_inj_on funcsetI image_subset_iff_funcset inj_on_subset lepoll_def lepoll_def') (> 1.0 s, timed out)
0.sledgehammer goal.unfolding 46777ms HOL-Library.Equipollence 85:2601  some Preplay: (smt (cvc5, trigger_relev) Pi_iff Pi_iff \<open>g \<in> B \<rightarrow> C\<close> assms(1) comp_apply comp_inj_on funcsetI image_subset_iff_funcset inj_on_subset lepoll_def lepoll_def') (> 1.0 s, timed out)
0.sledgehammer goal.unfolding 46777ms HOL-Library.Equipollence 85:2601  some Preplay: (smt (cvc5, term_relev) Pi_iff Pi_iff \<open>g \<in> B \<rightarrow> C\<close> assms(1) comp_apply comp_inj_on funcsetI image_subset_iff_funcset inj_on_subset lepoll_def lepoll_def') (> 1.0 s, timed out)
0.sledgehammer goal.unfolding 46777ms HOL-Library.Equipollence 85:2601  some Preplay: (smt (cvc5, noematch) Pi_iff Pi_iff \<open>g \<in> B \<rightarrow> C\<close> assms(1) comp_apply comp_inj_on funcsetI image_subset_iff_funcset inj_on_subset lepoll_def lepoll_def') (> 1.0 s, timed out)
0.sledgehammer goal.unfolding 46777ms HOL-Library.Equipollence 85:2601  some Preplay: (smt (cvc5, fmf) Pi_iff Pi_iff \<open>g \<in> B \<rightarrow> C\<close> assms(1) comp_apply comp_inj_on funcsetI image_subset_iff_funcset inj_on_subset lepoll_def lepoll_def') (> 1.0 s, timed out)
0.sledgehammer goal.unfolding 46777ms HOL-Library.Equipollence 85:2601  some Preplay: (smt (cvc5, no_simp) Pi_iff Pi_iff \<open>g \<in> B \<rightarrow> C\<close> assms(1) comp_apply comp_inj_on funcsetI image_subset_iff_funcset inj_on_subset lepoll_def lepoll_def') (> 1.0 s, timed out)
0.sledgehammer goal.by        15700ms HOL-Library.Equipollence 86:2626  timeout (SH 15700ms): Timed out
0.sledgehammer goal.unfolding 15673ms HOL-Library.Equipollence 132:4071  timeout (SH 15673ms): Timed out
0.sledgehammer goal.proof     14030ms HOL-Library.Equipollence 133:4102  timeout (SH 14030ms): Timed out
0.sledgehammer goal.by        13548ms HOL-Library.Equipollence 140:4317  timeout (SH 13548ms): Timed out
0.sledgehammer goal.proof     13722ms HOL-Library.Equipollence 144:4483  timeout (SH 13722ms): Timed out
0.sledgehammer goal.apply     13859ms HOL-Library.Equipollence 147:4656  timeout (SH 13859ms): Timed out
0.sledgehammer goal.using     13343ms HOL-Library.Equipollence 148:4721  timeout (SH 13343ms): Timed out
0.sledgehammer goal.by        13405ms HOL-Library.Equipollence 148:4732  timeout (SH 13405ms): Timed out
0.sledgehammer goal.apply     13619ms HOL-Library.Equipollence 150:4786  timeout (SH 13619ms): Timed out
0.sledgehammer goal.by        39385ms HOL-Library.Equipollence 155:4972  some (SH 39384ms, ATP 1610ms): Try this: by (smt (cvc5) bot_set_def bot_set_def card.empty card.empty card.insert card.insert empty_iff empty_iff eqpoll_iff_card eqpoll_imp_lepoll finite.emptyI finite.emptyI finite_insert finite_insert insertCI lepoll_relational_full lepoll_trans singleton_iff)
0.sledgehammer goal.by        39385ms HOL-Library.Equipollence 155:4972  some Preplay: (smt (cvc5, best) bot_set_def bot_set_def card.empty card.empty card.insert card.insert empty_iff empty_iff eqpoll_iff_card eqpoll_imp_lepoll finite.emptyI finite.emptyI finite_insert finite_insert insertCI lepoll_relational_full lepoll_trans singleton_iff) (> 1.0 s, timed out)
0.sledgehammer goal.by        39385ms HOL-Library.Equipollence 155:4972  some Preplay: (smt (cvc5, trigger_last) bot_set_def bot_set_def card.empty card.empty card.insert card.insert empty_iff empty_iff eqpoll_iff_card eqpoll_imp_lepoll finite.emptyI finite.emptyI finite_insert finite_insert insertCI lepoll_relational_full lepoll_trans singleton_iff) (> 1.0 s, timed out)
0.sledgehammer goal.by        39385ms HOL-Library.Equipollence 155:4972  some Preplay: (smt (cvc5, quant_saturate) bot_set_def bot_set_def card.empty card.empty card.insert card.insert empty_iff empty_iff eqpoll_iff_card eqpoll_imp_lepoll finite.emptyI finite.emptyI finite_insert finite_insert insertCI lepoll_relational_full lepoll_trans singleton_iff) (> 1.0 s, timed out)
0.sledgehammer goal.by        39385ms HOL-Library.Equipollence 155:4972  some Preplay: (smt (cvc5, trigger_max) bot_set_def bot_set_def card.empty card.empty card.insert card.insert empty_iff empty_iff eqpoll_iff_card eqpoll_imp_lepoll finite.emptyI finite.emptyI finite_insert finite_insert insertCI lepoll_relational_full lepoll_trans singleton_iff) (> 1.0 s, timed out)
0.sledgehammer goal.by        39385ms HOL-Library.Equipollence 155:4972  some Preplay: (smt (cvc5, trigger_relev) bot_set_def bot_set_def card.empty card.empty card.insert card.insert empty_iff empty_iff eqpoll_iff_card eqpoll_imp_lepoll finite.emptyI finite.emptyI finite_insert finite_insert insertCI lepoll_relational_full lepoll_trans singleton_iff) (> 1.0 s, timed out)
0.sledgehammer goal.by        39385ms HOL-Library.Equipollence 155:4972  some Preplay: (smt (cvc5, term_relev) bot_set_def bot_set_def card.empty card.empty card.insert card.insert empty_iff empty_iff eqpoll_iff_card eqpoll_imp_lepoll finite.emptyI finite.emptyI finite_insert finite_insert insertCI lepoll_relational_full lepoll_trans singleton_iff) (> 1.0 s, timed out)
0.sledgehammer goal.by        39385ms HOL-Library.Equipollence 155:4972  some Preplay: (smt (cvc5, noematch) bot_set_def bot_set_def card.empty card.empty card.insert card.insert empty_iff empty_iff eqpoll_iff_card eqpoll_imp_lepoll finite.emptyI finite.emptyI finite_insert finite_insert insertCI lepoll_relational_full lepoll_trans singleton_iff) (> 1.0 s, timed out)
0.sledgehammer goal.by        39385ms HOL-Library.Equipollence 155:4972  some Preplay: (smt (cvc5, no_simp) bot_set_def bot_set_def card.empty card.empty card.insert card.insert empty_iff empty_iff eqpoll_iff_card eqpoll_imp_lepoll finite.emptyI finite.emptyI finite_insert finite_insert insertCI lepoll_relational_full lepoll_trans singleton_iff) (> 1.0 s, timed out)
0.sledgehammer goal.by        39385ms HOL-Library.Equipollence 155:4972  some Preplay: (smt (cvc5, fmf) bot_set_def bot_set_def card.empty card.empty card.insert card.insert empty_iff empty_iff eqpoll_iff_card eqpoll_imp_lepoll finite.emptyI finite.emptyI finite_insert finite_insert insertCI lepoll_relational_full lepoll_trans singleton_iff) (failed)
0.sledgehammer goal.by        61813ms HOL-Library.Equipollence 161:5171  timeout (SH 61813ms):
0.sledgehammer goal.proof     13334ms HOL-Library.Equipollence 165:5261  timeout (SH 13334ms): Timed out
0.sledgehammer goal.unfolding 13372ms HOL-Library.Equipollence 170:5484  timeout (SH 13372ms): Timed out
0.sledgehammer goal.proof     13191ms HOL-Library.Equipollence 171:5507  timeout (SH 13191ms): Timed out
0.sledgehammer goal.using     45533ms HOL-Library.Equipollence 173:5571  some (SH 45533ms, ATP 1531ms): Try this: by (smt (cvc5) Zero_not_Suc \<open>inj f\<close> inj_Suc inj_def inj_def inj_on_def inv_into_injective rangeI)
0.sledgehammer goal.using     45533ms HOL-Library.Equipollence 173:5571  some Preplay: (smt (cvc5, best) Zero_not_Suc \<open>inj f\<close> inj_Suc inj_def inj_on_def inv_into_injective rangeI) (> 1.0 s, timed out)
0.sledgehammer goal.using     45533ms HOL-Library.Equipollence 173:5571  some Preplay: (smt (cvc5, trigger_last) Zero_not_Suc \<open>inj f\<close> inj_Suc inj_def inj_on_def inv_into_injective rangeI) (> 1.0 s, timed out)
0.sledgehammer goal.using     45533ms HOL-Library.Equipollence 173:5571  some Preplay: (smt (cvc5, quant_saturate) Zero_not_Suc \<open>inj f\<close> inj_Suc inj_def inj_on_def inv_into_injective rangeI) (> 1.0 s, timed out)
0.sledgehammer goal.using     45533ms HOL-Library.Equipollence 173:5571  some Preplay: (smt (cvc5, trigger_max) Zero_not_Suc \<open>inj f\<close> inj_Suc inj_def inj_on_def inv_into_injective rangeI) (> 1.0 s, timed out)
0.sledgehammer goal.using     45533ms HOL-Library.Equipollence 173:5571  some Preplay: (smt (cvc5, trigger_relev) Zero_not_Suc \<open>inj f\<close> inj_Suc inj_def inj_on_def inv_into_injective rangeI) (> 1.0 s, timed out)
0.sledgehammer goal.using     45533ms HOL-Library.Equipollence 173:5571  some Preplay: (smt (cvc5, term_relev) Zero_not_Suc \<open>inj f\<close> inj_Suc inj_def inj_on_def inv_into_injective rangeI) (> 1.0 s, timed out)
0.sledgehammer goal.using     45533ms HOL-Library.Equipollence 173:5571  some Preplay: (smt (cvc5, noematch) Zero_not_Suc \<open>inj f\<close> inj_Suc inj_def inj_on_def inv_into_injective rangeI) (> 1.0 s, timed out)
0.sledgehammer goal.using     45533ms HOL-Library.Equipollence 173:5571  some Preplay: (smt (cvc5, fmf) Zero_not_Suc \<open>inj f\<close> inj_Suc inj_def inj_on_def inv_into_injective rangeI) (> 1.0 s, timed out)
0.sledgehammer goal.using     45533ms HOL-Library.Equipollence 173:5571  some Preplay: (smt (cvc5, no_simp) Zero_not_Suc \<open>inj f\<close> inj_Suc inj_def inj_on_def inv_into_injective rangeI) (> 1.0 s, timed out)
0.sledgehammer goal.by        47636ms HOL-Library.Equipollence 174:5610  some (SH 47636ms, ATP 888ms): Try this: by (smt (cvc5) \<open>inj f\<close> injD inj_on_def inv_into_injective nat.inject not_less_zero rangeI zero_less_Suc)
0.sledgehammer goal.by        47636ms HOL-Library.Equipollence 174:5610  some Preplay: (smt (cvc5, best) \<open>inj f\<close> injD inj_on_def inv_into_injective nat.inject not_less_zero rangeI zero_less_Suc) (> 1.0 s, timed out)
0.sledgehammer goal.by        47636ms HOL-Library.Equipollence 174:5610  some Preplay: (smt (cvc5, trigger_last) \<open>inj f\<close> injD inj_on_def inv_into_injective nat.inject not_less_zero rangeI zero_less_Suc) (> 1.0 s, timed out)
0.sledgehammer goal.by        47636ms HOL-Library.Equipollence 174:5610  some Preplay: (smt (cvc5, quant_saturate) \<open>inj f\<close> injD inj_on_def inv_into_injective nat.inject not_less_zero rangeI zero_less_Suc) (> 1.0 s, timed out)
0.sledgehammer goal.by        47636ms HOL-Library.Equipollence 174:5610  some Preplay: (smt (cvc5, trigger_max) \<open>inj f\<close> injD inj_on_def inv_into_injective nat.inject not_less_zero rangeI zero_less_Suc) (> 1.0 s, timed out)
0.sledgehammer goal.by        47636ms HOL-Library.Equipollence 174:5610  some Preplay: (smt (cvc5, trigger_relev) \<open>inj f\<close> injD inj_on_def inv_into_injective nat.inject not_less_zero rangeI zero_less_Suc) (> 1.0 s, timed out)
0.sledgehammer goal.by        47636ms HOL-Library.Equipollence 174:5610  some Preplay: (smt (cvc5, term_relev) \<open>inj f\<close> injD inj_on_def inv_into_injective nat.inject not_less_zero rangeI zero_less_Suc) (> 1.0 s, timed out)
0.sledgehammer goal.by        47636ms HOL-Library.Equipollence 174:5610  some Preplay: (smt (cvc5, noematch) \<open>inj f\<close> injD inj_on_def inv_into_injective nat.inject not_less_zero rangeI zero_less_Suc) (> 1.0 s, timed out)
0.sledgehammer goal.by        47636ms HOL-Library.Equipollence 174:5610  some Preplay: (smt (cvc5, fmf) \<open>inj f\<close> injD inj_on_def inv_into_injective nat.inject not_less_zero rangeI zero_less_Suc) (> 1.0 s, timed out)
0.sledgehammer goal.by        47636ms HOL-Library.Equipollence 174:5610  some Preplay: (smt (cvc5, no_simp) \<open>inj f\<close> injD inj_on_def inv_into_injective nat.inject not_less_zero rangeI zero_less_Suc) (> 1.0 s, timed out)
0.sledgehammer goal.proof     15301ms HOL-Library.Equipollence 185:5928  timeout (SH 15301ms): Timed out
0.sledgehammer goal.using      8886ms HOL-Library.Equipollence 188:5994  some (SH 8886ms, ATP 178ms): Try this: by (smt (cvc5, quant_saturate) assms(2) finite_imp_inj_to_nat_seg top_greatest) (158 ms)
0.sledgehammer goal.using      8886ms HOL-Library.Equipollence 188:5994  some Preplay: (smt (cvc5, quant_saturate) assms(2) finite_imp_inj_to_nat_seg top_greatest) (158 ms)
0.sledgehammer goal.using      8886ms HOL-Library.Equipollence 188:5994  some Preplay: (smt (cvc5, best) assms(2) finite_imp_inj_to_nat_seg top_greatest) (514 ms)
0.sledgehammer goal.using      8886ms HOL-Library.Equipollence 188:5994  some Preplay: (smt (cvc5, trigger_last) assms(2) finite_imp_inj_to_nat_seg top_greatest) (838 ms)
0.sledgehammer goal.using      8886ms HOL-Library.Equipollence 188:5994  some Preplay: (smt (cvc5, trigger_max) assms(2) finite_imp_inj_to_nat_seg top_greatest) (> 158 ms, timed out)
0.sledgehammer goal.using      8886ms HOL-Library.Equipollence 188:5994  some Preplay: (smt (cvc5, trigger_relev) assms(2) finite_imp_inj_to_nat_seg top_greatest) (> 158 ms, timed out)
0.sledgehammer goal.using      8886ms HOL-Library.Equipollence 188:5994  some Preplay: (smt (cvc5, term_relev) assms(2) finite_imp_inj_to_nat_seg top_greatest) (> 158 ms, timed out)
0.sledgehammer goal.using      8886ms HOL-Library.Equipollence 188:5994  some Preplay: (smt (cvc5, noematch) assms(2) finite_imp_inj_to_nat_seg top_greatest) (> 158 ms, timed out)
0.sledgehammer goal.using      8886ms HOL-Library.Equipollence 188:5994  some Preplay: (smt (cvc5, fmf) assms(2) finite_imp_inj_to_nat_seg top_greatest) (> 158 ms, timed out)
0.sledgehammer goal.using      8886ms HOL-Library.Equipollence 188:5994  some Preplay: (smt (cvc5, no_simp) assms(2) finite_imp_inj_to_nat_seg top_greatest) (> 158 ms, timed out)
0.sledgehammer goal.by        13081ms HOL-Library.Equipollence 211:6728  timeout (SH 13081ms): Timed out
0.sledgehammer goal.by        13370ms HOL-Library.Equipollence 217:7000  timeout (SH 13370ms): Timed out
0.sledgehammer goal.unfolding 13373ms HOL-Library.Equipollence 226:7341  timeout (SH 13373ms): Timed out
0.sledgehammer goal.by        13460ms HOL-Library.Equipollence 240:7896  timeout (SH 13460ms): Timed out
0.sledgehammer goal.by        13351ms HOL-Library.Equipollence 243:8054  timeout (SH 13351ms): Timed out
0.sledgehammer goal.proof     13359ms HOL-Library.Equipollence 281:9482  timeout (SH 13359ms): Timed out
0.sledgehammer goal.unfolding 13348ms HOL-Library.Equipollence 285:9628  timeout (SH 13348ms): Timed out
0.sledgehammer goal.proof     16018ms HOL-Library.Equipollence 286:9651  timeout (SH 16018ms): Timed out
0.sledgehammer goal.using     53142ms HOL-Library.Equipollence 289:9754  timeout (SH 53142ms):
0.sledgehammer goal.by        44625ms HOL-Library.Equipollence 289:9772  some (SH 44625ms, ATP 2334ms): Try this: by (smt (cvc5) inj_on_def inj_on_image_mem_iff inj_on_insert insert_Diff_single insert_eq_iff restrict_def subset_iff subset_insertI)
0.sledgehammer goal.by        44625ms HOL-Library.Equipollence 289:9772  some Preplay: (smt (cvc5, best) inj_on_def inj_on_image_mem_iff inj_on_insert insert_Diff_single insert_eq_iff restrict_def subset_iff subset_insertI) (> 1.0 s, timed out)
0.sledgehammer goal.by        44625ms HOL-Library.Equipollence 289:9772  some Preplay: (smt (cvc5, trigger_last) inj_on_def inj_on_image_mem_iff inj_on_insert insert_Diff_single insert_eq_iff restrict_def subset_iff subset_insertI) (> 1.0 s, timed out)
0.sledgehammer goal.by        44625ms HOL-Library.Equipollence 289:9772  some Preplay: (smt (cvc5, quant_saturate) inj_on_def inj_on_image_mem_iff inj_on_insert insert_Diff_single insert_eq_iff restrict_def subset_iff subset_insertI) (> 1.0 s, timed out)
0.sledgehammer goal.by        44625ms HOL-Library.Equipollence 289:9772  some Preplay: (smt (cvc5, trigger_max) inj_on_def inj_on_image_mem_iff inj_on_insert insert_Diff_single insert_eq_iff restrict_def subset_iff subset_insertI) (> 1.0 s, timed out)
0.sledgehammer goal.by        44625ms HOL-Library.Equipollence 289:9772  some Preplay: (smt (cvc5, trigger_relev) inj_on_def inj_on_image_mem_iff inj_on_insert insert_Diff_single insert_eq_iff restrict_def subset_iff subset_insertI) (> 1.0 s, timed out)
0.sledgehammer goal.by        44625ms HOL-Library.Equipollence 289:9772  some Preplay: (smt (cvc5, term_relev) inj_on_def inj_on_image_mem_iff inj_on_insert insert_Diff_single insert_eq_iff restrict_def subset_iff subset_insertI) (> 1.0 s, timed out)
0.sledgehammer goal.by        44625ms HOL-Library.Equipollence 289:9772  some Preplay: (smt (cvc5, noematch) inj_on_def inj_on_image_mem_iff inj_on_insert insert_Diff_single insert_eq_iff restrict_def subset_iff subset_insertI) (> 1.0 s, timed out)
0.sledgehammer goal.by        44625ms HOL-Library.Equipollence 289:9772  some Preplay: (smt (cvc5, fmf) inj_on_def inj_on_image_mem_iff inj_on_insert insert_Diff_single insert_eq_iff restrict_def subset_iff subset_insertI) (> 1.0 s, timed out)
0.sledgehammer goal.by        44625ms HOL-Library.Equipollence 289:9772  some Preplay: (smt (cvc5, no_simp) inj_on_def inj_on_image_mem_iff inj_on_insert insert_Diff_single insert_eq_iff restrict_def subset_iff subset_insertI) (> 1.0 s, timed out)
0.sledgehammer goal.proof     112224ms HOL-Library.Equipollence 300:10154  some (SH 112223ms, ATP 1044ms): Try this: by (smt (cvc5, no_simp) assms(1,2) card.insert finite_insert finite_lepoll_infinite infinite_insert_lepoll insert_absorb lepoll_def lepoll_iff_card_le lepoll_trans not_less_eq_eq subset_insertI2) (600 ms)
0.sledgehammer goal.proof     112224ms HOL-Library.Equipollence 300:10154  some Preplay: (smt (cvc5, no_simp) assms(1,2) card.insert finite_insert finite_lepoll_infinite infinite_insert_lepoll insert_absorb lepoll_def lepoll_iff_card_le lepoll_trans not_less_eq_eq subset_insertI2) (600 ms)
0.sledgehammer goal.proof     112224ms HOL-Library.Equipollence 300:10154  some Preplay: (smt (cvc5, best) assms(1,2) card.insert finite_insert finite_lepoll_infinite infinite_insert_lepoll insert_absorb lepoll_def lepoll_iff_card_le lepoll_trans not_less_eq_eq subset_insertI2) (601 ms)
0.sledgehammer goal.proof     112224ms HOL-Library.Equipollence 300:10154  some Preplay: (smt (cvc5, trigger_max) assms(1,2) card.insert finite_insert finite_lepoll_infinite infinite_insert_lepoll insert_absorb lepoll_def lepoll_iff_card_le lepoll_trans not_less_eq_eq subset_insertI2) (806 ms)
0.sledgehammer goal.proof     112224ms HOL-Library.Equipollence 300:10154  some Preplay: (smt (cvc5, trigger_last) assms(1,2) card.insert finite_insert finite_lepoll_infinite infinite_insert_lepoll insert_absorb lepoll_def lepoll_iff_card_le lepoll_trans not_less_eq_eq subset_insertI2) (890 ms)
0.sledgehammer goal.proof     112224ms HOL-Library.Equipollence 300:10154  some Preplay: (smt (cvc5, trigger_relev) assms(1,2) card.insert finite_insert finite_lepoll_infinite infinite_insert_lepoll insert_absorb lepoll_def lepoll_iff_card_le lepoll_trans not_less_eq_eq subset_insertI2) (1.9 s)
0.sledgehammer goal.proof     112224ms HOL-Library.Equipollence 300:10154  some Preplay: (smt (cvc5, term_relev) assms(1,2) card.insert finite_insert finite_lepoll_infinite infinite_insert_lepoll insert_absorb lepoll_def lepoll_iff_card_le lepoll_trans not_less_eq_eq subset_insertI2) (1.9 s)
0.sledgehammer goal.proof     112224ms HOL-Library.Equipollence 300:10154  some Preplay: (smt (cvc5, quant_saturate) assms(1,2) card.insert finite_insert finite_lepoll_infinite infinite_insert_lepoll insert_absorb lepoll_def lepoll_iff_card_le lepoll_trans not_less_eq_eq subset_insertI2) (> 601 ms, timed out)
0.sledgehammer goal.proof     112224ms HOL-Library.Equipollence 300:10154  some Preplay: (smt (cvc5, fmf) assms(1,2) card.insert finite_insert finite_lepoll_infinite infinite_insert_lepoll insert_absorb lepoll_def lepoll_iff_card_le lepoll_trans not_less_eq_eq subset_insertI2) (> 601 ms, timed out)
0.sledgehammer goal.proof     112224ms HOL-Library.Equipollence 300:10154  some Preplay: (smt (cvc5, noematch) assms(1,2) card.insert finite_insert finite_lepoll_infinite infinite_insert_lepoll insert_absorb lepoll_def lepoll_iff_card_le lepoll_trans not_less_eq_eq subset_insertI2) (failed)
0.sledgehammer goal.unfolding 213037ms HOL-Library.Equipollence 305:10311  some (SH 213036ms, ATP 891ms): Try this: by (smt (cvc5, noematch) assms(2) card.insert f(1,2) finite_insert finite_lepoll_infinite infinite_insert_lepoll insert_absorb lepoll_def lepoll_iff_card_le lepoll_trans not_less_eq_eq subset_insertI2) (555 ms)
0.sledgehammer goal.unfolding 213037ms HOL-Library.Equipollence 305:10311  some Preplay: (smt (cvc5, noematch) assms(2) card.insert f(1,2) finite_insert finite_lepoll_infinite infinite_insert_lepoll insert_absorb lepoll_def lepoll_iff_card_le lepoll_trans not_less_eq_eq subset_insertI2) (555 ms)
0.sledgehammer goal.unfolding 213037ms HOL-Library.Equipollence 305:10311  some Preplay: (smt (cvc5, trigger_max) assms(2) card.insert f(1,2) finite_insert finite_lepoll_infinite infinite_insert_lepoll insert_absorb lepoll_def lepoll_iff_card_le lepoll_trans not_less_eq_eq subset_insertI2) (638 ms)
0.sledgehammer goal.unfolding 213037ms HOL-Library.Equipollence 305:10311  some Preplay: (smt (cvc5, best) assms(2) card.insert f(1,2) finite_insert finite_lepoll_infinite infinite_insert_lepoll insert_absorb lepoll_def lepoll_iff_card_le lepoll_trans not_less_eq_eq subset_insertI2) (677 ms)
0.sledgehammer goal.unfolding 213037ms HOL-Library.Equipollence 305:10311  some Preplay: (smt (cvc5, term_relev) assms(2) card.insert f(1,2) finite_insert finite_lepoll_infinite infinite_insert_lepoll insert_absorb lepoll_def lepoll_iff_card_le lepoll_trans not_less_eq_eq subset_insertI2) (722 ms)
0.sledgehammer goal.unfolding 213037ms HOL-Library.Equipollence 305:10311  some Preplay: (smt (cvc5, trigger_last) assms(2) card.insert f(1,2) finite_insert finite_lepoll_infinite infinite_insert_lepoll insert_absorb lepoll_def lepoll_iff_card_le lepoll_trans not_less_eq_eq subset_insertI2) (1.5 s)
0.sledgehammer goal.unfolding 213037ms HOL-Library.Equipollence 305:10311  some Preplay: (smt (cvc5, fmf) assms(2) card.insert f(1,2) finite_insert finite_lepoll_infinite infinite_insert_lepoll insert_absorb lepoll_def lepoll_iff_card_le lepoll_trans not_less_eq_eq subset_insertI2) (> 555 ms, timed out)
0.sledgehammer goal.unfolding 213037ms HOL-Library.Equipollence 305:10311  some Preplay: (smt (cvc5, no_simp) assms(2) card.insert f(1,2) finite_insert finite_lepoll_infinite infinite_insert_lepoll insert_absorb lepoll_def lepoll_iff_card_le lepoll_trans not_less_eq_eq subset_insertI2) (> 555 ms, timed out)
0.sledgehammer goal.unfolding 213037ms HOL-Library.Equipollence 305:10311  some Preplay: (smt (cvc5, trigger_relev) assms(2) card.insert f(1,2) finite_insert finite_lepoll_infinite infinite_insert_lepoll insert_absorb lepoll_def lepoll_iff_card_le lepoll_trans not_less_eq_eq subset_insertI2) (> 638 ms, timed out)
0.sledgehammer goal.unfolding 213037ms HOL-Library.Equipollence 305:10311  some Preplay: (smt (cvc5, quant_saturate) assms(2) card.insert f(1,2) finite_insert finite_lepoll_infinite infinite_insert_lepoll insert_absorb lepoll_def lepoll_iff_card_le lepoll_trans not_less_eq_eq subset_insertI2) (> 677 ms, timed out)
0.sledgehammer goal.using     39576ms HOL-Library.Equipollence 308:10398  some (SH 39576ms, ATP 1804ms): Try this: by (smt (cvc5) assms(2) f(1,2) image_iff inj_on_def inj_on_restrict_eq insert_iff subsetD)
0.sledgehammer goal.using     39576ms HOL-Library.Equipollence 308:10398  some Preplay: (smt (cvc5, best) assms(2) f(1,2) image_iff inj_on_def inj_on_restrict_eq insert_iff subsetD) (> 1.0 s, timed out)
0.sledgehammer goal.using     39576ms HOL-Library.Equipollence 308:10398  some Preplay: (smt (cvc5, trigger_last) assms(2) f(1,2) image_iff inj_on_def inj_on_restrict_eq insert_iff subsetD) (> 1.0 s, timed out)
0.sledgehammer goal.using     39576ms HOL-Library.Equipollence 308:10398  some Preplay: (smt (cvc5, quant_saturate) assms(2) f(1,2) image_iff inj_on_def inj_on_restrict_eq insert_iff subsetD) (> 1.0 s, timed out)
0.sledgehammer goal.using     39576ms HOL-Library.Equipollence 308:10398  some Preplay: (smt (cvc5, trigger_max) assms(2) f(1,2) image_iff inj_on_def inj_on_restrict_eq insert_iff subsetD) (> 1.0 s, timed out)
0.sledgehammer goal.using     39576ms HOL-Library.Equipollence 308:10398  some Preplay: (smt (cvc5, trigger_relev) assms(2) f(1,2) image_iff inj_on_def inj_on_restrict_eq insert_iff subsetD) (> 1.0 s, timed out)
0.sledgehammer goal.using     39576ms HOL-Library.Equipollence 308:10398  some Preplay: (smt (cvc5, term_relev) assms(2) f(1,2) image_iff inj_on_def inj_on_restrict_eq insert_iff subsetD) (> 1.0 s, timed out)
0.sledgehammer goal.using     39576ms HOL-Library.Equipollence 308:10398  some Preplay: (smt (cvc5, noematch) assms(2) f(1,2) image_iff inj_on_def inj_on_restrict_eq insert_iff subsetD) (> 1.0 s, timed out)
0.sledgehammer goal.using     39576ms HOL-Library.Equipollence 308:10398  some Preplay: (smt (cvc5, fmf) assms(2) f(1,2) image_iff inj_on_def inj_on_restrict_eq insert_iff subsetD) (> 1.0 s, timed out)
0.sledgehammer goal.using     39576ms HOL-Library.Equipollence 308:10398  some Preplay: (smt (cvc5, no_simp) assms(2) f(1,2) image_iff inj_on_def inj_on_restrict_eq insert_iff subsetD) (> 1.0 s, timed out)
0.sledgehammer goal.by        46183ms HOL-Library.Equipollence 308:10414  some (SH 46183ms, ATP 624ms): Try this: by (smt (cvc5) image_subset_iff inj_on_def insert_iff restrict_def)
0.sledgehammer goal.by        46183ms HOL-Library.Equipollence 308:10414  some Preplay: (smt (cvc5, best) image_subset_iff inj_on_def insert_iff restrict_def) (> 1.0 s, timed out)
0.sledgehammer goal.by        46183ms HOL-Library.Equipollence 308:10414  some Preplay: (smt (cvc5, trigger_last) image_subset_iff inj_on_def insert_iff restrict_def) (> 1.0 s, timed out)
0.sledgehammer goal.by        46183ms HOL-Library.Equipollence 308:10414  some Preplay: (smt (cvc5, quant_saturate) image_subset_iff inj_on_def insert_iff restrict_def) (> 1.0 s, timed out)
0.sledgehammer goal.by        46183ms HOL-Library.Equipollence 308:10414  some Preplay: (smt (cvc5, trigger_max) image_subset_iff inj_on_def insert_iff restrict_def) (> 1.0 s, timed out)
0.sledgehammer goal.by        46183ms HOL-Library.Equipollence 308:10414  some Preplay: (smt (cvc5, trigger_relev) image_subset_iff inj_on_def insert_iff restrict_def) (> 1.0 s, timed out)
0.sledgehammer goal.by        46183ms HOL-Library.Equipollence 308:10414  some Preplay: (smt (cvc5, term_relev) image_subset_iff inj_on_def insert_iff restrict_def) (> 1.0 s, timed out)
0.sledgehammer goal.by        46183ms HOL-Library.Equipollence 308:10414  some Preplay: (smt (cvc5, noematch) image_subset_iff inj_on_def insert_iff restrict_def) (> 1.0 s, timed out)
0.sledgehammer goal.by        46183ms HOL-Library.Equipollence 308:10414  some Preplay: (smt (cvc5, fmf) image_subset_iff inj_on_def insert_iff restrict_def) (> 1.0 s, timed out)
0.sledgehammer goal.by        46183ms HOL-Library.Equipollence 308:10414  some Preplay: (smt (cvc5, no_simp) image_subset_iff inj_on_def insert_iff restrict_def) (> 1.0 s, timed out)
0.sledgehammer goal.proof     56481ms HOL-Library.Equipollence 328:11044  timeout (SH 56480ms):
0.sledgehammer goal.proof     13374ms HOL-Library.Equipollence 335:11279  timeout (SH 13374ms): Timed out
0.sledgehammer goal.by        53136ms HOL-Library.Equipollence 337:11371  timeout (SH 53136ms):
0.sledgehammer goal.proof     13194ms HOL-Library.Equipollence 355:11869  timeout (SH 13194ms): Timed out
0.sledgehammer goal.using     36826ms HOL-Library.Equipollence 359:12052  some (SH 36826ms, ATP 1168ms): Try this: by (smt (cvc5) Un_iff assms(3) disjnt_iff fg(1,2) image_subset_iff inj(1,2) inj_on_def)
0.sledgehammer goal.using     36826ms HOL-Library.Equipollence 359:12052  some Preplay: (smt (cvc5, best) Un_iff assms(3) disjnt_iff fg(1,2) image_subset_iff inj(1,2) inj_on_def) (> 1.0 s, timed out)
0.sledgehammer goal.using     36826ms HOL-Library.Equipollence 359:12052  some Preplay: (smt (cvc5, trigger_last) Un_iff assms(3) disjnt_iff fg(1,2) image_subset_iff inj(1,2) inj_on_def) (> 1.0 s, timed out)
0.sledgehammer goal.using     36826ms HOL-Library.Equipollence 359:12052  some Preplay: (smt (cvc5, quant_saturate) Un_iff assms(3) disjnt_iff fg(1,2) image_subset_iff inj(1,2) inj_on_def) (> 1.0 s, timed out)
0.sledgehammer goal.using     36826ms HOL-Library.Equipollence 359:12052  some Preplay: (smt (cvc5, trigger_max) Un_iff assms(3) disjnt_iff fg(1,2) image_subset_iff inj(1,2) inj_on_def) (> 1.0 s, timed out)
0.sledgehammer goal.using     36826ms HOL-Library.Equipollence 359:12052  some Preplay: (smt (cvc5, trigger_relev) Un_iff assms(3) disjnt_iff fg(1,2) image_subset_iff inj(1,2) inj_on_def) (> 1.0 s, timed out)
0.sledgehammer goal.using     36826ms HOL-Library.Equipollence 359:12052  some Preplay: (smt (cvc5, term_relev) Un_iff assms(3) disjnt_iff fg(1,2) image_subset_iff inj(1,2) inj_on_def) (> 1.0 s, timed out)
0.sledgehammer goal.using     36826ms HOL-Library.Equipollence 359:12052  some Preplay: (smt (cvc5, noematch) Un_iff assms(3) disjnt_iff fg(1,2) image_subset_iff inj(1,2) inj_on_def) (> 1.0 s, timed out)
0.sledgehammer goal.using     36826ms HOL-Library.Equipollence 359:12052  some Preplay: (smt (cvc5, fmf) Un_iff assms(3) disjnt_iff fg(1,2) image_subset_iff inj(1,2) inj_on_def) (> 1.0 s, timed out)
0.sledgehammer goal.using     36826ms HOL-Library.Equipollence 359:12052  some Preplay: (smt (cvc5, no_simp) Un_iff assms(3) disjnt_iff fg(1,2) image_subset_iff inj(1,2) inj_on_def) (> 1.0 s, timed out)
0.sledgehammer goal.unfolding 38390ms HOL-Library.Equipollence 359:12078  some (SH 38390ms, ATP 1153ms): Try this: by (smt (cvc5) Un_iff disjnt_iff image_subset_iff inj_on_def)
0.sledgehammer goal.unfolding 38390ms HOL-Library.Equipollence 359:12078  some Preplay: (smt (cvc5, best) Un_iff disjnt_iff image_subset_iff inj_on_def) (> 1.0 s, timed out)
0.sledgehammer goal.unfolding 38390ms HOL-Library.Equipollence 359:12078  some Preplay: (smt (cvc5, trigger_last) Un_iff disjnt_iff image_subset_iff inj_on_def) (> 1.0 s, timed out)
0.sledgehammer goal.unfolding 38390ms HOL-Library.Equipollence 359:12078  some Preplay: (smt (cvc5, quant_saturate) Un_iff disjnt_iff image_subset_iff inj_on_def) (> 1.0 s, timed out)
0.sledgehammer goal.unfolding 38390ms HOL-Library.Equipollence 359:12078  some Preplay: (smt (cvc5, trigger_max) Un_iff disjnt_iff image_subset_iff inj_on_def) (> 1.0 s, timed out)
0.sledgehammer goal.unfolding 38390ms HOL-Library.Equipollence 359:12078  some Preplay: (smt (cvc5, trigger_relev) Un_iff disjnt_iff image_subset_iff inj_on_def) (> 1.0 s, timed out)
0.sledgehammer goal.unfolding 38390ms HOL-Library.Equipollence 359:12078  some Preplay: (smt (cvc5, term_relev) Un_iff disjnt_iff image_subset_iff inj_on_def) (> 1.0 s, timed out)
0.sledgehammer goal.unfolding 38390ms HOL-Library.Equipollence 359:12078  some Preplay: (smt (cvc5, noematch) Un_iff disjnt_iff image_subset_iff inj_on_def) (> 1.0 s, timed out)
0.sledgehammer goal.unfolding 38390ms HOL-Library.Equipollence 359:12078  some Preplay: (smt (cvc5, fmf) Un_iff disjnt_iff image_subset_iff inj_on_def) (> 1.0 s, timed out)
0.sledgehammer goal.unfolding 38390ms HOL-Library.Equipollence 359:12078  some Preplay: (smt (cvc5, no_simp) Un_iff disjnt_iff image_subset_iff inj_on_def) (> 1.0 s, timed out)
0.sledgehammer goal.by        38449ms HOL-Library.Equipollence 360:12103  some (SH 38449ms, ATP 774ms): Try this: by (smt (cvc5) Un_iff image_subset_iff inj_on_def)
0.sledgehammer goal.by        38449ms HOL-Library.Equipollence 360:12103  some Preplay: (smt (cvc5, best) Un_iff image_subset_iff inj_on_def) (> 1.0 s, timed out)
0.sledgehammer goal.by        38449ms HOL-Library.Equipollence 360:12103  some Preplay: (smt (cvc5, trigger_last) Un_iff image_subset_iff inj_on_def) (> 1.0 s, timed out)
0.sledgehammer goal.by        38449ms HOL-Library.Equipollence 360:12103  some Preplay: (smt (cvc5, quant_saturate) Un_iff image_subset_iff inj_on_def) (> 1.0 s, timed out)
0.sledgehammer goal.by        38449ms HOL-Library.Equipollence 360:12103  some Preplay: (smt (cvc5, trigger_max) Un_iff image_subset_iff inj_on_def) (> 1.0 s, timed out)
0.sledgehammer goal.by        38449ms HOL-Library.Equipollence 360:12103  some Preplay: (smt (cvc5, trigger_relev) Un_iff image_subset_iff inj_on_def) (> 1.0 s, timed out)
0.sledgehammer goal.by        38449ms HOL-Library.Equipollence 360:12103  some Preplay: (smt (cvc5, term_relev) Un_iff image_subset_iff inj_on_def) (> 1.0 s, timed out)
0.sledgehammer goal.by        38449ms HOL-Library.Equipollence 360:12103  some Preplay: (smt (cvc5, noematch) Un_iff image_subset_iff inj_on_def) (> 1.0 s, timed out)
0.sledgehammer goal.by        38449ms HOL-Library.Equipollence 360:12103  some Preplay: (smt (cvc5, fmf) Un_iff image_subset_iff inj_on_def) (> 1.0 s, timed out)
0.sledgehammer goal.by        38449ms HOL-Library.Equipollence 360:12103  some Preplay: (smt (cvc5, no_simp) Un_iff image_subset_iff inj_on_def) (> 1.0 s, timed out)
0.sledgehammer goal.proof     13349ms HOL-Library.Equipollence 371:12519  timeout (SH 13349ms): Timed out
0.sledgehammer goal.unfolding 13650ms HOL-Library.Equipollence 375:12652  timeout (SH 13650ms): Timed out
0.sledgehammer goal.by        58382ms HOL-Library.Equipollence 376:12677  timeout (SH 58382ms):
0.sledgehammer goal.unfolding 41528ms HOL-Library.Equipollence 385:12975  some (SH 41528ms, ATP 667ms): Try this: by (smt (cvc5, trigger_max) Sigma_cong fst_image_times order_refl subset_image_lepoll) (684 ms)
0.sledgehammer goal.unfolding 41528ms HOL-Library.Equipollence 385:12975  some Preplay: (smt (cvc5, trigger_max) Sigma_cong fst_image_times order_refl subset_image_lepoll) (684 ms)
0.sledgehammer goal.unfolding 41528ms HOL-Library.Equipollence 385:12975  some Preplay: (smt (cvc5, quant_saturate) Sigma_cong fst_image_times order_refl subset_image_lepoll) (691 ms)
0.sledgehammer goal.unfolding 41528ms HOL-Library.Equipollence 385:12975  some Preplay: (smt (cvc5, best) Sigma_cong fst_image_times order_refl subset_image_lepoll) (792 ms)
0.sledgehammer goal.unfolding 41528ms HOL-Library.Equipollence 385:12975  some Preplay: (smt (cvc5, trigger_relev) Sigma_cong fst_image_times order_refl subset_image_lepoll) (814 ms)
0.sledgehammer goal.unfolding 41528ms HOL-Library.Equipollence 385:12975  some Preplay: (smt (cvc5, trigger_last) Sigma_cong fst_image_times order_refl subset_image_lepoll) (856 ms)
0.sledgehammer goal.unfolding 41528ms HOL-Library.Equipollence 385:12975  some Preplay: (smt (cvc5, term_relev) Sigma_cong fst_image_times order_refl subset_image_lepoll) (892 ms)
0.sledgehammer goal.unfolding 41528ms HOL-Library.Equipollence 385:12975  some Preplay: (smt (cvc5, noematch) Sigma_cong fst_image_times order_refl subset_image_lepoll) (1.0 s)
0.sledgehammer goal.unfolding 41528ms HOL-Library.Equipollence 385:12975  some Preplay: (smt (cvc5, no_simp) Sigma_cong fst_image_times order_refl subset_image_lepoll) (1.4 s)
0.sledgehammer goal.unfolding 41528ms HOL-Library.Equipollence 385:12975  some Preplay: (smt (cvc5, fmf) Sigma_cong fst_image_times order_refl subset_image_lepoll) (failed)
0.sledgehammer goal.proof     13186ms HOL-Library.Equipollence 386:13004  timeout (SH 13186ms): Timed out
0.sledgehammer goal.unfolding 13721ms HOL-Library.Equipollence 392:13145  some (SH 13721ms, ATP 1329ms): Try this: by (smt (cvc5, trigger_relev) Sigma_cong card_of_Times_commute eqpoll_iff_card_of_ordIso) (704 ms)
0.sledgehammer goal.unfolding 13721ms HOL-Library.Equipollence 392:13145  some Preplay: (smt (cvc5, trigger_relev) Sigma_cong card_of_Times_commute eqpoll_iff_card_of_ordIso) (704 ms)
0.sledgehammer goal.unfolding 13721ms HOL-Library.Equipollence 392:13145  some Preplay: (smt (cvc5, trigger_last) Sigma_cong card_of_Times_commute eqpoll_iff_card_of_ordIso) (846 ms)
0.sledgehammer goal.unfolding 13721ms HOL-Library.Equipollence 392:13145  some Preplay: (smt (cvc5, trigger_max) Sigma_cong card_of_Times_commute eqpoll_iff_card_of_ordIso) (870 ms)
0.sledgehammer goal.unfolding 13721ms HOL-Library.Equipollence 392:13145  some Preplay: (smt (cvc5, quant_saturate) Sigma_cong card_of_Times_commute eqpoll_iff_card_of_ordIso) (1.1 s)
0.sledgehammer goal.unfolding 13721ms HOL-Library.Equipollence 392:13145  some Preplay: (smt (cvc5, best) Sigma_cong card_of_Times_commute eqpoll_iff_card_of_ordIso) (1.4 s)
0.sledgehammer goal.unfolding 13721ms HOL-Library.Equipollence 392:13145  some Preplay: (smt (cvc5, term_relev) Sigma_cong card_of_Times_commute eqpoll_iff_card_of_ordIso) (> 704 ms, timed out)
0.sledgehammer goal.unfolding 13721ms HOL-Library.Equipollence 392:13145  some Preplay: (smt (cvc5, noematch) Sigma_cong card_of_Times_commute eqpoll_iff_card_of_ordIso) (> 704 ms, timed out)
0.sledgehammer goal.unfolding 13721ms HOL-Library.Equipollence 392:13145  some Preplay: (smt (cvc5, no_simp) Sigma_cong card_of_Times_commute eqpoll_iff_card_of_ordIso) (> 704 ms, timed out)
0.sledgehammer goal.unfolding 13721ms HOL-Library.Equipollence 392:13145  some Preplay: (smt (cvc5, fmf) Sigma_cong card_of_Times_commute eqpoll_iff_card_of_ordIso) (failed)
0.sledgehammer goal.by        16517ms HOL-Library.Equipollence 393:13168  some (SH 16517ms, ATP 828ms): Try this: by (smt (cvc5, quant_saturate) Sigma_cong card_of_Times_commute card_of_ordIso) (913 ms)
0.sledgehammer goal.by        16517ms HOL-Library.Equipollence 393:13168  some Preplay: (smt (cvc5, quant_saturate) Sigma_cong card_of_Times_commute card_of_ordIso) (913 ms)
0.sledgehammer goal.by        16517ms HOL-Library.Equipollence 393:13168  some Preplay: (smt (cvc5, trigger_max) Sigma_cong card_of_Times_commute card_of_ordIso) (1.0 s)
0.sledgehammer goal.by        16517ms HOL-Library.Equipollence 393:13168  some Preplay: (smt (cvc5, best) Sigma_cong card_of_Times_commute card_of_ordIso) (1.1 s)
0.sledgehammer goal.by        16517ms HOL-Library.Equipollence 393:13168  some Preplay: (smt (cvc5, trigger_last) Sigma_cong card_of_Times_commute card_of_ordIso) (1.6 s)
0.sledgehammer goal.by        16517ms HOL-Library.Equipollence 393:13168  some Preplay: (smt (cvc5, trigger_relev) Sigma_cong card_of_Times_commute card_of_ordIso) (1.7 s)
0.sledgehammer goal.by        16517ms HOL-Library.Equipollence 393:13168  some Preplay: (smt (cvc5, term_relev) Sigma_cong card_of_Times_commute card_of_ordIso) (2.0 s)
0.sledgehammer goal.by        16517ms HOL-Library.Equipollence 393:13168  some Preplay: (smt (cvc5, no_simp) Sigma_cong card_of_Times_commute card_of_ordIso) (2.8 s)
0.sledgehammer goal.by        16517ms HOL-Library.Equipollence 393:13168  some Preplay: (smt (cvc5, noematch) Sigma_cong card_of_Times_commute card_of_ordIso) (> 913 ms, timed out)
0.sledgehammer goal.by        16517ms HOL-Library.Equipollence 393:13168  some Preplay: (smt (cvc5, fmf) Sigma_cong card_of_Times_commute card_of_ordIso) (> 913 ms, timed out)
0.sledgehammer goal.unfolding 13667ms HOL-Library.Equipollence 396:13315  timeout (SH 13667ms): Timed out
0.sledgehammer goal.by        13248ms HOL-Library.Equipollence 397:13338  timeout (SH 13248ms): Timed out
0.sledgehammer goal.proof     13580ms HOL-Library.Equipollence 400:13489  timeout (SH 13580ms): Timed out
0.sledgehammer goal.proof     11451ms HOL-Library.Equipollence 404:13569  some (SH 11451ms, ATP 180ms): Try this: by (smt (cvc5, trigger_max) inj_on_def inj_on_image_eqpoll_self prod.simps(1)) (262 ms)
0.sledgehammer goal.proof     11451ms HOL-Library.Equipollence 404:13569  some Preplay: (smt (cvc5, trigger_max) inj_on_def inj_on_image_eqpoll_self prod.simps(1)) (262 ms)
0.sledgehammer goal.proof     11451ms HOL-Library.Equipollence 404:13569  some Preplay: (smt (cvc5, noematch) inj_on_def inj_on_image_eqpoll_self prod.simps(1)) (294 ms)
0.sledgehammer goal.proof     11451ms HOL-Library.Equipollence 404:13569  some Preplay: (smt (cvc5, no_simp) inj_on_def inj_on_image_eqpoll_self prod.simps(1)) (300 ms)
0.sledgehammer goal.proof     11451ms HOL-Library.Equipollence 404:13569  some Preplay: (smt (cvc5, best) inj_on_def inj_on_image_eqpoll_self prod.simps(1)) (305 ms)
0.sledgehammer goal.proof     11451ms HOL-Library.Equipollence 404:13569  some Preplay: (smt (cvc5, term_relev) inj_on_def inj_on_image_eqpoll_self prod.simps(1)) (306 ms)
0.sledgehammer goal.proof     11451ms HOL-Library.Equipollence 404:13569  some Preplay: (smt (cvc5, fmf) inj_on_def inj_on_image_eqpoll_self prod.simps(1)) (314 ms)
0.sledgehammer goal.proof     11451ms HOL-Library.Equipollence 404:13569  some Preplay: (smt (cvc5, trigger_relev) inj_on_def inj_on_image_eqpoll_self prod.simps(1)) (325 ms)
0.sledgehammer goal.proof     11451ms HOL-Library.Equipollence 404:13569  some Preplay: (smt (cvc5, trigger_last) inj_on_def inj_on_image_eqpoll_self prod.simps(1)) (330 ms)
0.sledgehammer goal.proof     11451ms HOL-Library.Equipollence 404:13569  some Preplay: (smt (cvc5, quant_saturate) inj_on_def inj_on_image_eqpoll_self prod.simps(1)) (389 ms)
0.sledgehammer goal.proof     25488ms HOL-Library.Equipollence 413:13786  some (SH 25485ms, ATP 1067ms): Try this: by (smt (cvc5, trigger_max) assms(1,2) lepoll_iff[of B D] lepoll_iff[of A C] lepoll_iff[of "A \<times> B" "C \<times> D"] map_prod_surj_on[of _ C "_ ` C" _ D "_ ` D"] times_subset_iff[of A B "_ ` C" "_ ` D"]) (300 ms)
0.sledgehammer goal.proof     25488ms HOL-Library.Equipollence 413:13786  some Preplay: (smt (cvc5, trigger_max) assms(1,2) lepoll_iff[of B D] lepoll_iff[of A C] lepoll_iff[of "A \<times> B" "C \<times> D"] map_prod_surj_on[of _ C "_ ` C" _ D "_ ` D"] times_subset_iff[of A B "_ ` C" "_ ` D"]) (300 ms)
0.sledgehammer goal.proof     25488ms HOL-Library.Equipollence 413:13786  some Preplay: (smt (cvc5, fmf) assms(1,2) lepoll_iff[of B D] lepoll_iff[of A C] lepoll_iff[of "A \<times> B" "C \<times> D"] map_prod_surj_on[of _ C "_ ` C" _ D "_ ` D"] times_subset_iff[of A B "_ ` C" "_ ` D"]) (320 ms)
0.sledgehammer goal.proof     25488ms HOL-Library.Equipollence 413:13786  some Preplay: (smt (cvc5, noematch) assms(1,2) lepoll_iff[of B D] lepoll_iff[of A C] lepoll_iff[of "A \<times> B" "C \<times> D"] map_prod_surj_on[of _ C "_ ` C" _ D "_ ` D"] times_subset_iff[of A B "_ ` C" "_ ` D"]) (324 ms)
0.sledgehammer goal.proof     25488ms HOL-Library.Equipollence 413:13786  some Preplay: (smt (cvc5, trigger_last) assms(1,2) lepoll_iff[of B D] lepoll_iff[of A C] lepoll_iff[of "A \<times> B" "C \<times> D"] map_prod_surj_on[of _ C "_ ` C" _ D "_ ` D"] times_subset_iff[of A B "_ ` C" "_ ` D"]) (432 ms)
0.sledgehammer goal.proof     25488ms HOL-Library.Equipollence 413:13786  some Preplay: (smt (cvc5, no_simp) assms(1,2) lepoll_iff[of B D] lepoll_iff[of A C] lepoll_iff[of "A \<times> B" "C \<times> D"] map_prod_surj_on[of _ C "_ ` C" _ D "_ ` D"] times_subset_iff[of A B "_ ` C" "_ ` D"]) (436 ms)
0.sledgehammer goal.proof     25488ms HOL-Library.Equipollence 413:13786  some Preplay: (smt (cvc5, best) assms(1,2) lepoll_iff[of B D] lepoll_iff[of A C] lepoll_iff[of "A \<times> B" "C \<times> D"] map_prod_surj_on[of _ C "_ ` C" _ D "_ ` D"] times_subset_iff[of A B "_ ` C" "_ ` D"]) (474 ms)
0.sledgehammer goal.proof     25488ms HOL-Library.Equipollence 413:13786  some Preplay: (smt (cvc5, trigger_relev) assms(1,2) lepoll_iff[of B D] lepoll_iff[of A C] lepoll_iff[of "A \<times> B" "C \<times> D"] map_prod_surj_on[of _ C "_ ` C" _ D "_ ` D"] times_subset_iff[of A B "_ ` C" "_ ` D"]) (482 ms)
0.sledgehammer goal.proof     25488ms HOL-Library.Equipollence 413:13786  some Preplay: (smt (cvc5, quant_saturate) assms(1,2) lepoll_iff[of B D] lepoll_iff[of A C] lepoll_iff[of "A \<times> B" "C \<times> D"] map_prod_surj_on[of _ C "_ ` C" _ D "_ ` D"] times_subset_iff[of A B "_ ` C" "_ ` D"]) (501 ms)
0.sledgehammer goal.proof     25488ms HOL-Library.Equipollence 413:13786  some Preplay: (smt (cvc5, term_relev) assms(1,2) lepoll_iff[of B D] lepoll_iff[of A C] lepoll_iff[of "A \<times> B" "C \<times> D"] map_prod_surj_on[of _ C "_ ` C" _ D "_ ` D"] times_subset_iff[of A B "_ ` C" "_ ` D"]) (502 ms)
0.sledgehammer goal.unfolding 29369ms HOL-Library.Equipollence 417:13919  some (SH 29365ms, ATP 671ms): Try this: by (smt (cvc5, fmf) assms(1,2) lepoll_iff[of B D] lepoll_iff[of A C] lepoll_iff[of "A \<times> B" "C \<times> D"] map_prod_surj_on[of _ C "_ ` C" _ D "_ ` D"] times_subset_iff[of A B "_ ` C" "_ ` D"]) (423 ms)
0.sledgehammer goal.unfolding 29369ms HOL-Library.Equipollence 417:13919  some Preplay: (smt (cvc5, fmf) assms(1,2) lepoll_iff[of B D] lepoll_iff[of A C] lepoll_iff[of "A \<times> B" "C \<times> D"] map_prod_surj_on[of _ C "_ ` C" _ D "_ ` D"] times_subset_iff[of A B "_ ` C" "_ ` D"]) (423 ms)
0.sledgehammer goal.unfolding 29369ms HOL-Library.Equipollence 417:13919  some Preplay: (smt (cvc5, best) assms(1,2) lepoll_iff[of B D] lepoll_iff[of A C] lepoll_iff[of "A \<times> B" "C \<times> D"] map_prod_surj_on[of _ C "_ ` C" _ D "_ ` D"] times_subset_iff[of A B "_ ` C" "_ ` D"]) (468 ms)
0.sledgehammer goal.unfolding 29369ms HOL-Library.Equipollence 417:13919  some Preplay: (smt (cvc5, noematch) assms(1,2) lepoll_iff[of B D] lepoll_iff[of A C] lepoll_iff[of "A \<times> B" "C \<times> D"] map_prod_surj_on[of _ C "_ ` C" _ D "_ ` D"] times_subset_iff[of A B "_ ` C" "_ ` D"]) (490 ms)
0.sledgehammer goal.unfolding 29369ms HOL-Library.Equipollence 417:13919  some Preplay: (smt (cvc5, trigger_max) assms(1,2) lepoll_iff[of B D] lepoll_iff[of A C] lepoll_iff[of "A \<times> B" "C \<times> D"] map_prod_surj_on[of _ C "_ ` C" _ D "_ ` D"] times_subset_iff[of A B "_ ` C" "_ ` D"]) (541 ms)
0.sledgehammer goal.unfolding 29369ms HOL-Library.Equipollence 417:13919  some Preplay: (smt (cvc5, no_simp) assms(1,2) lepoll_iff[of B D] lepoll_iff[of A C] lepoll_iff[of "A \<times> B" "C \<times> D"] map_prod_surj_on[of _ C "_ ` C" _ D "_ ` D"] times_subset_iff[of A B "_ ` C" "_ ` D"]) (624 ms)
0.sledgehammer goal.unfolding 29369ms HOL-Library.Equipollence 417:13919  some Preplay: (smt (cvc5, trigger_relev) assms(1,2) lepoll_iff[of B D] lepoll_iff[of A C] lepoll_iff[of "A \<times> B" "C \<times> D"] map_prod_surj_on[of _ C "_ ` C" _ D "_ ` D"] times_subset_iff[of A B "_ ` C" "_ ` D"]) (758 ms)
0.sledgehammer goal.unfolding 29369ms HOL-Library.Equipollence 417:13919  some Preplay: (smt (cvc5, term_relev) assms(1,2) lepoll_iff[of B D] lepoll_iff[of A C] lepoll_iff[of "A \<times> B" "C \<times> D"] map_prod_surj_on[of _ C "_ ` C" _ D "_ ` D"] times_subset_iff[of A B "_ ` C" "_ ` D"]) (871 ms)
0.sledgehammer goal.unfolding 29369ms HOL-Library.Equipollence 417:13919  some Preplay: (smt (cvc5, quant_saturate) assms(1,2) lepoll_iff[of B D] lepoll_iff[of A C] lepoll_iff[of "A \<times> B" "C \<times> D"] map_prod_surj_on[of _ C "_ ` C" _ D "_ ` D"] times_subset_iff[of A B "_ ` C" "_ ` D"]) (941 ms)
0.sledgehammer goal.unfolding 29369ms HOL-Library.Equipollence 417:13919  some Preplay: (smt (cvc5, trigger_last) assms(1,2) lepoll_iff[of B D] lepoll_iff[of A C] lepoll_iff[of "A \<times> B" "C \<times> D"] map_prod_surj_on[of _ C "_ ` C" _ D "_ ` D"] times_subset_iff[of A B "_ ` C" "_ ` D"]) (948 ms)
0.sledgehammer goal.by        24795ms HOL-Library.Equipollence 418:13944  some (SH 24793ms, ATP 1044ms): Try this: by (smt (cvc5, best) map_prod_inj_on[of f A g B] map_prod_surj_on[of f A "f ` A" g B "g ` B"] times_subset_iff[of "f ` A" "g ` B" C D]) (116 ms)
0.sledgehammer goal.by        24795ms HOL-Library.Equipollence 418:13944  some Preplay: (smt (cvc5, best) map_prod_inj_on[of f A g B] map_prod_surj_on[of f A "f ` A" g B "g ` B"] times_subset_iff[of "f ` A" "g ` B" C D]) (116 ms)
0.sledgehammer goal.by        24795ms HOL-Library.Equipollence 418:13944  some Preplay: (smt (cvc5, fmf) Sigma_cong[of "f ` A" "f ` A" "\<lambda>Q. g ` B" "\<lambda>Q. g ` B"] map_prod_inj_on[of f A g B] map_prod_surj_on[of f A "f ` A" g B "g ` B"] times_subset_iff[of "f ` A" "g ` B" C D]) (116 ms)
0.sledgehammer goal.by        24795ms HOL-Library.Equipollence 418:13944  some Preplay: (smt (cvc5, noematch) Sigma_cong[of "f ` A" "f ` A" "\<lambda>Q. g ` B" "\<lambda>Q. g ` B"] map_prod_inj_on[of f A g B] map_prod_surj_on[of f A "f ` A" g B "g ` B"] times_subset_iff[of "f ` A" "g ` B" C D]) (118 ms)
0.sledgehammer goal.by        24795ms HOL-Library.Equipollence 418:13944  some Preplay: (smt (cvc5, trigger_relev) map_prod_inj_on[of f A g B] map_prod_surj_on[of f A "f ` A" g B "g ` B"] times_subset_iff[of "f ` A" "g ` B" C D]) (118 ms)
0.sledgehammer goal.by        24795ms HOL-Library.Equipollence 418:13944  some Preplay: (smt (cvc5, quant_saturate) map_prod_inj_on[of f A g B] map_prod_surj_on[of f A "f ` A" g B "g ` B"] times_subset_iff[of "f ` A" "g ` B" C D]) (119 ms)
0.sledgehammer goal.by        24795ms HOL-Library.Equipollence 418:13944  some Preplay: (smt (cvc5, trigger_max) map_prod_inj_on[of f A g B] map_prod_surj_on[of f A "f ` A" g B "g ` B"] times_subset_iff[of "f ` A" "g ` B" C D]) (120 ms)
0.sledgehammer goal.by        24795ms HOL-Library.Equipollence 418:13944  some Preplay: (smt (cvc5, no_simp) map_prod_inj_on[of f A g B] map_prod_surj_on[of f A "f ` A" g B "g ` B"] times_subset_iff[of "f ` A" "g ` B" C D]) (120 ms)
0.sledgehammer goal.by        24795ms HOL-Library.Equipollence 418:13944  some Preplay: (smt (cvc5, trigger_last) map_prod_inj_on[of f A g B] map_prod_surj_on[of f A "f ` A" g B "g ` B"] times_subset_iff[of "f ` A" "g ` B" C D]) (121 ms)
0.sledgehammer goal.by        24795ms HOL-Library.Equipollence 418:13944  some Preplay: (smt (cvc5, term_relev) map_prod_inj_on[of f A g B] map_prod_surj_on[of f A "f ` A" g B "g ` B"] times_subset_iff[of "f ` A" "g ` B" C D]) (123 ms)
0.sledgehammer goal.using     53751ms HOL-Library.Equipollence 426:14243  timeout (SH 53751ms):
0.sledgehammer goal.proof     13636ms HOL-Library.Equipollence 434:14489  timeout (SH 13636ms): Timed out
0.sledgehammer goal.by        13808ms HOL-Library.Equipollence 438:14673  timeout (SH 13808ms): Timed out
0.sledgehammer goal.unfolding 13679ms HOL-Library.Equipollence 440:14708  timeout (SH 13679ms): Timed out
0.sledgehammer goal.by        13730ms HOL-Library.Equipollence 441:14744  timeout (SH 13730ms): Timed out
0.sledgehammer goal.using     14048ms HOL-Library.Equipollence 446:14900  timeout (SH 14048ms): Timed out
0.sledgehammer goal.unfolding 13662ms HOL-Library.Equipollence 449:15023  timeout (SH 13662ms): Timed out
0.sledgehammer goal.proof     13483ms HOL-Library.Equipollence 450:15044  timeout (SH 13483ms): Timed out
0.sledgehammer goal.by        13352ms HOL-Library.Equipollence 452:15156  timeout (SH 13352ms): Timed out
0.sledgehammer goal.proof     13917ms HOL-Library.Equipollence 458:15386  timeout (SH 13917ms): Timed out
0.sledgehammer goal.by        14034ms HOL-Library.Equipollence 464:15690  timeout (SH 14034ms): Timed out
0.sledgehammer goal.unfolding 13758ms HOL-Library.Equipollence 469:15906  timeout (SH 13758ms): Timed out
0.sledgehammer goal.proof     13264ms HOL-Library.Equipollence 470:15929  timeout (SH 13264ms): Timed out
0.sledgehammer goal.by        13298ms HOL-Library.Equipollence 472:16031  timeout (SH 13298ms): Timed out
0.sledgehammer goal.proof     13811ms HOL-Library.Equipollence 480:16292  timeout (SH 13811ms): Timed out
0.sledgehammer goal.using     13324ms HOL-Library.Equipollence 482:16381  timeout (SH 13324ms): Timed out
0.sledgehammer goal.unfolding 13352ms HOL-Library.Equipollence 482:16389  timeout (SH 13352ms): Timed out
0.sledgehammer goal.by        13620ms HOL-Library.Equipollence 482:16410  timeout (SH 13620ms): Timed out
0.sledgehammer goal.unfolding 13835ms HOL-Library.Equipollence 484:16449  timeout (SH 13835ms): Timed out
0.sledgehammer goal.proof     13586ms HOL-Library.Equipollence 485:16472  timeout (SH 13585ms): Timed out
0.sledgehammer goal.unfolding 13480ms HOL-Library.Equipollence 488:16605  timeout (SH 13480ms): Timed out
0.sledgehammer goal.by        13395ms HOL-Library.Equipollence 489:16627  timeout (SH 13395ms): Timed out
0.sledgehammer goal.unfolding 59952ms HOL-Library.Equipollence 492:16772  timeout (SH 59952ms):
0.sledgehammer goal.unfolding 13680ms HOL-Library.Equipollence 498:16949  timeout (SH 13679ms): Timed out
0.sledgehammer goal.proof     13499ms HOL-Library.Equipollence 499:16972  timeout (SH 13499ms): Timed out
0.sledgehammer goal.unfolding 40864ms HOL-Library.Equipollence 504:17211  some (SH 40863ms, ATP 1079ms): Try this: by (smt (cvc5) SigmaE b bij_betw_imp_surj_on disj disjnt_iff inj_on_def inv_into_injective pairwiseD split_conv)
0.sledgehammer goal.unfolding 40864ms HOL-Library.Equipollence 504:17211  some Preplay: (smt (cvc5, best) SigmaE b bij_betw_imp_surj_on disj disjnt_iff inj_on_def inv_into_injective pairwiseD split_conv) (> 1.0 s, timed out)
0.sledgehammer goal.unfolding 40864ms HOL-Library.Equipollence 504:17211  some Preplay: (smt (cvc5, trigger_last) SigmaE b bij_betw_imp_surj_on disj disjnt_iff inj_on_def inv_into_injective pairwiseD split_conv) (> 1.0 s, timed out)
0.sledgehammer goal.unfolding 40864ms HOL-Library.Equipollence 504:17211  some Preplay: (smt (cvc5, quant_saturate) SigmaE b bij_betw_imp_surj_on disj disjnt_iff inj_on_def inv_into_injective pairwiseD split_conv) (> 1.0 s, timed out)
0.sledgehammer goal.unfolding 40864ms HOL-Library.Equipollence 504:17211  some Preplay: (smt (cvc5, trigger_max) SigmaE b bij_betw_imp_surj_on disj disjnt_iff inj_on_def inv_into_injective pairwiseD split_conv) (> 1.0 s, timed out)
0.sledgehammer goal.unfolding 40864ms HOL-Library.Equipollence 504:17211  some Preplay: (smt (cvc5, trigger_relev) SigmaE b bij_betw_imp_surj_on disj disjnt_iff inj_on_def inv_into_injective pairwiseD split_conv) (> 1.0 s, timed out)
0.sledgehammer goal.unfolding 40864ms HOL-Library.Equipollence 504:17211  some Preplay: (smt (cvc5, term_relev) SigmaE b bij_betw_imp_surj_on disj disjnt_iff inj_on_def inv_into_injective pairwiseD split_conv) (> 1.0 s, timed out)
0.sledgehammer goal.unfolding 40864ms HOL-Library.Equipollence 504:17211  some Preplay: (smt (cvc5, fmf) SigmaE b bij_betw_imp_surj_on disj disjnt_iff inj_on_def inv_into_injective pairwiseD split_conv) (> 1.0 s, timed out)
0.sledgehammer goal.unfolding 40864ms HOL-Library.Equipollence 504:17211  some Preplay: (smt (cvc5, no_simp) SigmaE b bij_betw_imp_surj_on disj disjnt_iff inj_on_def inv_into_injective pairwiseD split_conv) (> 1.0 s, timed out)
0.sledgehammer goal.unfolding 40864ms HOL-Library.Equipollence 504:17211  some Preplay: (smt (cvc5, noematch) SigmaE b bij_betw_imp_surj_on disj disjnt_iff inj_on_def inv_into_injective pairwiseD split_conv) (failed)
0.sledgehammer goal.by        46345ms HOL-Library.Equipollence 505:17238  some (SH 46345ms, ATP 458ms): Try this: by (smt (cvc5) SigmaE b bij_betw_imp_surj_on case_prod_conv disj disjnt_iff inv_into_injective pairwiseD)
0.sledgehammer goal.by        46345ms HOL-Library.Equipollence 505:17238  some Preplay: (smt (cvc5, best) SigmaE b bij_betw_imp_surj_on case_prod_conv disj disjnt_iff inv_into_injective pairwiseD) (> 1.0 s, timed out)
0.sledgehammer goal.by        46345ms HOL-Library.Equipollence 505:17238  some Preplay: (smt (cvc5, trigger_last) SigmaE b bij_betw_imp_surj_on case_prod_conv disj disjnt_iff inv_into_injective pairwiseD) (> 1.0 s, timed out)
0.sledgehammer goal.by        46345ms HOL-Library.Equipollence 505:17238  some Preplay: (smt (cvc5, quant_saturate) SigmaE b bij_betw_imp_surj_on case_prod_conv disj disjnt_iff inv_into_injective pairwiseD) (> 1.0 s, timed out)
0.sledgehammer goal.by        46345ms HOL-Library.Equipollence 505:17238  some Preplay: (smt (cvc5, trigger_max) SigmaE b bij_betw_imp_surj_on case_prod_conv disj disjnt_iff inv_into_injective pairwiseD) (> 1.0 s, timed out)
0.sledgehammer goal.by        46345ms HOL-Library.Equipollence 505:17238  some Preplay: (smt (cvc5, trigger_relev) SigmaE b bij_betw_imp_surj_on case_prod_conv disj disjnt_iff inv_into_injective pairwiseD) (> 1.0 s, timed out)
0.sledgehammer goal.by        46345ms HOL-Library.Equipollence 505:17238  some Preplay: (smt (cvc5, term_relev) SigmaE b bij_betw_imp_surj_on case_prod_conv disj disjnt_iff inv_into_injective pairwiseD) (> 1.0 s, timed out)
0.sledgehammer goal.by        46345ms HOL-Library.Equipollence 505:17238  some Preplay: (smt (cvc5, noematch) SigmaE b bij_betw_imp_surj_on case_prod_conv disj disjnt_iff inv_into_injective pairwiseD) (> 1.0 s, timed out)
0.sledgehammer goal.by        46345ms HOL-Library.Equipollence 505:17238  some Preplay: (smt (cvc5, fmf) SigmaE b bij_betw_imp_surj_on case_prod_conv disj disjnt_iff inv_into_injective pairwiseD) (> 1.0 s, timed out)
0.sledgehammer goal.by        46345ms HOL-Library.Equipollence 505:17238  some Preplay: (smt (cvc5, no_simp) SigmaE b bij_betw_imp_surj_on case_prod_conv disj disjnt_iff inv_into_injective pairwiseD) (> 1.0 s, timed out)
0.sledgehammer goal.by        13821ms HOL-Library.Equipollence 507:17373  timeout (SH 13821ms): Timed out
0.sledgehammer goal.proof     13525ms HOL-Library.Equipollence 515:17580  timeout (SH 13525ms): Timed out
0.sledgehammer goal.using     13204ms HOL-Library.Equipollence 517:17667  timeout (SH 13204ms): Timed out
0.sledgehammer goal.unfolding 13379ms HOL-Library.Equipollence 517:17675  timeout (SH 13379ms): Timed out
0.sledgehammer goal.by        13655ms HOL-Library.Equipollence 517:17696  timeout (SH 13655ms): Timed out
0.sledgehammer goal.unfolding 13538ms HOL-Library.Equipollence 519:17724  timeout (SH 13538ms): Timed out
0.sledgehammer goal.proof     13354ms HOL-Library.Equipollence 520:17747  timeout (SH 13353ms): Timed out
0.sledgehammer goal.using     13653ms HOL-Library.Equipollence 526:18022  timeout (SH 13653ms): Timed out
0.sledgehammer goal.unfolding 13682ms HOL-Library.Equipollence 526:18035  timeout (SH 13682ms): Timed out
0.sledgehammer goal.by        48227ms HOL-Library.Equipollence 527:18103  some (SH 48227ms, ATP 356ms): Try this: by (smt (cvc5, best) UN_iff \<chi>) (840 ms)
0.sledgehammer goal.by        48227ms HOL-Library.Equipollence 527:18103  some Preplay: (smt (cvc5, best) UN_iff \<chi>) (840 ms)
0.sledgehammer goal.by        48227ms HOL-Library.Equipollence 527:18103  some Preplay: (smt (cvc5, quant_saturate) UN_iff \<chi>) (1.1 s)
0.sledgehammer goal.by        48227ms HOL-Library.Equipollence 527:18103  some Preplay: (smt (cvc5, term_relev) UN_iff \<chi>) (1.6 s)
0.sledgehammer goal.by        48227ms HOL-Library.Equipollence 527:18103  some Preplay: (smt (cvc5, no_simp) UN_iff \<chi>) (1.7 s)
0.sledgehammer goal.by        48227ms HOL-Library.Equipollence 527:18103  some Preplay: (smt (cvc5, trigger_max) UN_iff \<chi>) (1.9 s)
0.sledgehammer goal.by        48227ms HOL-Library.Equipollence 527:18103  some Preplay: (smt (cvc5, trigger_relev) UN_iff \<chi>) (2.1 s)
0.sledgehammer goal.by        48227ms HOL-Library.Equipollence 527:18103  some Preplay: (smt (cvc5, trigger_last) UN_iff \<chi>) (> 840 ms, timed out)
0.sledgehammer goal.by        48227ms HOL-Library.Equipollence 527:18103  some Preplay: (smt (cvc5, noematch) UN_iff \<chi>) (> 840 ms, timed out)
0.sledgehammer goal.by        48227ms HOL-Library.Equipollence 527:18103  some Preplay: (smt (cvc5, fmf) UN_iff \<chi>) (> 840 ms, timed out)
0.sledgehammer goal.using     62007ms HOL-Library.Equipollence 529:18167  some (SH 62007ms, ATP 272ms): Try this: by (smt (cvc5, trigger_max) UN_iff \<chi> f image_subset_iff) (452 ms)
0.sledgehammer goal.using     62007ms HOL-Library.Equipollence 529:18167  some Preplay: (smt (cvc5, trigger_max) UN_iff \<chi> f image_subset_iff) (452 ms)
0.sledgehammer goal.using     62007ms HOL-Library.Equipollence 529:18167  some Preplay: (smt (cvc5, trigger_last) UN_iff \<chi> f image_subset_iff) (504 ms)
0.sledgehammer goal.using     62007ms HOL-Library.Equipollence 529:18167  some Preplay: (smt (cvc5, quant_saturate) UN_iff \<chi> f image_subset_iff) (547 ms)
0.sledgehammer goal.using     62007ms HOL-Library.Equipollence 529:18167  some Preplay: (smt (cvc5, best) UN_iff \<chi> f image_subset_iff) (890 ms)
0.sledgehammer goal.using     62007ms HOL-Library.Equipollence 529:18167  some Preplay: (smt (cvc5, trigger_relev) UN_iff \<chi> f image_subset_iff) (> 452 ms, timed out)
0.sledgehammer goal.using     62007ms HOL-Library.Equipollence 529:18167  some Preplay: (smt (cvc5, term_relev) UN_iff \<chi> f image_subset_iff) (> 452 ms, timed out)
0.sledgehammer goal.using     62007ms HOL-Library.Equipollence 529:18167  some Preplay: (smt (cvc5, noematch) UN_iff \<chi> f image_subset_iff) (> 452 ms, timed out)
0.sledgehammer goal.using     62007ms HOL-Library.Equipollence 529:18167  some Preplay: (smt (cvc5, fmf) UN_iff \<chi> f image_subset_iff) (> 452 ms, timed out)
0.sledgehammer goal.using     62007ms HOL-Library.Equipollence 529:18167  some Preplay: (smt (cvc5, no_simp) UN_iff \<chi> f image_subset_iff) (> 452 ms, timed out)
0.sledgehammer goal.unfolding 31015ms HOL-Library.Equipollence 529:18177  some (SH 31014ms, ATP 251ms): Try this: by (smt (cvc5, trigger_max) UN_iff image_subset_iff) (440 ms)
0.sledgehammer goal.unfolding 31015ms HOL-Library.Equipollence 529:18177  some Preplay: (smt (cvc5, trigger_max) UN_iff image_subset_iff) (440 ms)
0.sledgehammer goal.unfolding 31015ms HOL-Library.Equipollence 529:18177  some Preplay: (smt (cvc5, trigger_last) UN_iff image_subset_iff) (481 ms)
0.sledgehammer goal.unfolding 31015ms HOL-Library.Equipollence 529:18177  some Preplay: (smt (cvc5, best) UN_iff image_subset_iff) (768 ms)
0.sledgehammer goal.unfolding 31015ms HOL-Library.Equipollence 529:18177  some Preplay: (smt (cvc5, trigger_relev) UN_iff image_subset_iff) (> 440 ms, timed out)
0.sledgehammer goal.unfolding 31015ms HOL-Library.Equipollence 529:18177  some Preplay: (smt (cvc5, term_relev) UN_iff image_subset_iff) (> 440 ms, timed out)
0.sledgehammer goal.unfolding 31015ms HOL-Library.Equipollence 529:18177  some Preplay: (smt (cvc5, noematch) UN_iff image_subset_iff) (> 440 ms, timed out)
0.sledgehammer goal.unfolding 31015ms HOL-Library.Equipollence 529:18177  some Preplay: (smt (cvc5, fmf) UN_iff image_subset_iff) (> 440 ms, timed out)
0.sledgehammer goal.unfolding 31015ms HOL-Library.Equipollence 529:18177  some Preplay: (smt (cvc5, no_simp) UN_iff image_subset_iff) (> 440 ms, timed out)
0.sledgehammer goal.unfolding 31015ms HOL-Library.Equipollence 529:18177  some Preplay: (smt (cvc5, quant_saturate) UN_iff image_subset_iff) (> 481 ms, timed out)
0.sledgehammer goal.proof     38824ms HOL-Library.Equipollence 538:18419  some (SH 38823ms, ATP 1006ms): Try this: by (smt (cvc5, no_simp) A B C UN_lepoll_UN eqpoll_imp_lepoll eqpoll_sym lepoll_antisym pairwise_def) (628 ms)
0.sledgehammer goal.proof     38824ms HOL-Library.Equipollence 538:18419  some Preplay: (smt (cvc5, no_simp) A B C UN_lepoll_UN eqpoll_imp_lepoll eqpoll_sym lepoll_antisym pairwise_def) (628 ms)
0.sledgehammer goal.proof     38824ms HOL-Library.Equipollence 538:18419  some Preplay: (smt (cvc5, trigger_relev) A B C UN_lepoll_UN eqpoll_imp_lepoll eqpoll_sym lepoll_antisym pairwise_def) (1.8 s)
0.sledgehammer goal.proof     38824ms HOL-Library.Equipollence 538:18419  some Preplay: (smt (cvc5, term_relev) A B C UN_lepoll_UN eqpoll_imp_lepoll eqpoll_sym lepoll_antisym pairwise_def) (1.8 s)
0.sledgehammer goal.proof     38824ms HOL-Library.Equipollence 538:18419  some Preplay: (smt (cvc5, fmf) A B C UN_lepoll_UN eqpoll_imp_lepoll eqpoll_sym lepoll_antisym pairwise_def) (2.0 s)
0.sledgehammer goal.proof     38824ms HOL-Library.Equipollence 538:18419  some Preplay: (smt (cvc5, trigger_last) A B C UN_lepoll_UN eqpoll_imp_lepoll eqpoll_sym lepoll_antisym pairwise_def) (2.8 s)
0.sledgehammer goal.proof     38824ms HOL-Library.Equipollence 538:18419  some Preplay: (smt (cvc5, trigger_max) A B C UN_lepoll_UN eqpoll_imp_lepoll eqpoll_sym lepoll_antisym pairwise_def) (2.9 s)
0.sledgehammer goal.proof     38824ms HOL-Library.Equipollence 538:18419  some Preplay: (smt (cvc5, best) A B C UN_lepoll_UN eqpoll_imp_lepoll eqpoll_sym lepoll_antisym pairwise_def) (2.9 s)
0.sledgehammer goal.proof     38824ms HOL-Library.Equipollence 538:18419  some Preplay: (smt (cvc5, quant_saturate) A B C UN_lepoll_UN eqpoll_imp_lepoll eqpoll_sym lepoll_antisym pairwise_def) (2.9 s)
0.sledgehammer goal.proof     38824ms HOL-Library.Equipollence 538:18419  some Preplay: (smt (cvc5, noematch) A B C UN_lepoll_UN eqpoll_imp_lepoll eqpoll_sym lepoll_antisym pairwise_def) (> 1.0 s, timed out)
0.sledgehammer goal.by        20732ms HOL-Library.Equipollence 542:18563  some (SH 20731ms, ATP 1253ms): Try this: by (smt (cvc5, trigger_last) A B UN_lepoll_UN eqpoll_imp_lepoll eqpoll_sym pairwise_def) (350 ms)
0.sledgehammer goal.by        20732ms HOL-Library.Equipollence 542:18563  some Preplay: (smt (cvc5, trigger_last) A B UN_lepoll_UN eqpoll_imp_lepoll eqpoll_sym pairwise_def) (350 ms)
0.sledgehammer goal.by        20732ms HOL-Library.Equipollence 542:18563  some Preplay: (smt (cvc5, best) A B UN_lepoll_UN eqpoll_imp_lepoll eqpoll_sym pairwise_def) (369 ms)
0.sledgehammer goal.by        20732ms HOL-Library.Equipollence 542:18563  some Preplay: (smt (cvc5, quant_saturate) A B UN_lepoll_UN eqpoll_imp_lepoll eqpoll_sym pairwise_def) (> 350 ms, timed out)
0.sledgehammer goal.by        20732ms HOL-Library.Equipollence 542:18563  some Preplay: (smt (cvc5, trigger_max) A B UN_lepoll_UN eqpoll_imp_lepoll eqpoll_sym pairwise_def) (> 350 ms, timed out)
0.sledgehammer goal.by        20732ms HOL-Library.Equipollence 542:18563  some Preplay: (smt (cvc5, trigger_relev) A B UN_lepoll_UN eqpoll_imp_lepoll eqpoll_sym pairwise_def) (> 350 ms, timed out)
0.sledgehammer goal.by        20732ms HOL-Library.Equipollence 542:18563  some Preplay: (smt (cvc5, term_relev) A B UN_lepoll_UN eqpoll_imp_lepoll eqpoll_sym pairwise_def) (> 350 ms, timed out)
0.sledgehammer goal.by        20732ms HOL-Library.Equipollence 542:18563  some Preplay: (smt (cvc5, noematch) A B UN_lepoll_UN eqpoll_imp_lepoll eqpoll_sym pairwise_def) (> 350 ms, timed out)
0.sledgehammer goal.by        20732ms HOL-Library.Equipollence 542:18563  some Preplay: (smt (cvc5, fmf) A B UN_lepoll_UN eqpoll_imp_lepoll eqpoll_sym pairwise_def) (> 350 ms, timed out)
0.sledgehammer goal.by        20732ms HOL-Library.Equipollence 542:18563  some Preplay: (smt (cvc5, no_simp) A B UN_lepoll_UN eqpoll_imp_lepoll eqpoll_sym pairwise_def) (> 350 ms, timed out)
0.sledgehammer goal.proof     13740ms HOL-Library.Equipollence 548:18720  timeout (SH 13740ms): Timed out
0.sledgehammer goal.using     44825ms HOL-Library.Equipollence 553:18927  some (SH 44823ms, ATP 535ms): Try this: by (smt (cvc5) PiE_eq_empty_iff image_cong image_projection_PiE singleton_iff that)
0.sledgehammer goal.using     44825ms HOL-Library.Equipollence 553:18927  some Preplay: (smt (cvc5, best) PiE_eq_empty_iff[of "{a}" "\<lambda>uua. B"] PiE_eq_empty_iff[of "{undefined undefined}" "\<lambda>uua. {}"] image_projection_PiE[of a "{a}" "\<lambda>uua. B"] image_projection_PiE[of a "{undefined undefined}" "\<lambda>uua. {}"] singleton_iff[of a a] singleton_iff[of "undefined undefined" "undefined undefined"] that) (> 1.0 s, timed out)
0.sledgehammer goal.using     44825ms HOL-Library.Equipollence 553:18927  some Preplay: (smt (cvc5, trigger_last) PiE_eq_empty_iff[of "{a}" "\<lambda>uua. B"] PiE_eq_empty_iff[of "{undefined undefined}" "\<lambda>uua. {}"] image_projection_PiE[of a "{a}" "\<lambda>uua. B"] image_projection_PiE[of a "{undefined undefined}" "\<lambda>uua. {}"] singleton_iff[of a a] singleton_iff[of "undefined undefined" "undefined undefined"] that) (> 1.0 s, timed out)
0.sledgehammer goal.using     44825ms HOL-Library.Equipollence 553:18927  some Preplay: (smt (cvc5, quant_saturate) PiE_eq_empty_iff[of "{a}" "\<lambda>uua. B"] PiE_eq_empty_iff[of "{undefined undefined}" "\<lambda>uua. {}"] image_projection_PiE[of a "{a}" "\<lambda>uua. B"] image_projection_PiE[of a "{undefined undefined}" "\<lambda>uua. {}"] singleton_iff[of a a] singleton_iff[of "undefined undefined" "undefined undefined"] that) (> 1.0 s, timed out)
0.sledgehammer goal.using     44825ms HOL-Library.Equipollence 553:18927  some Preplay: (smt (cvc5, trigger_max) PiE_eq_empty_iff[of "{a}" "\<lambda>uua. B"] PiE_eq_empty_iff[of "{undefined undefined}" "\<lambda>uua. {}"] image_projection_PiE[of a "{a}" "\<lambda>uua. B"] image_projection_PiE[of a "{undefined undefined}" "\<lambda>uua. {}"] singleton_iff[of a a] singleton_iff[of "undefined undefined" "undefined undefined"] that) (> 1.0 s, timed out)
0.sledgehammer goal.using     44825ms HOL-Library.Equipollence 553:18927  some Preplay: (smt (cvc5, trigger_relev) PiE_eq_empty_iff[of "{a}" "\<lambda>uua. B"] PiE_eq_empty_iff[of "{undefined undefined}" "\<lambda>uua. {}"] image_projection_PiE[of a "{a}" "\<lambda>uua. B"] image_projection_PiE[of a "{undefined undefined}" "\<lambda>uua. {}"] singleton_iff[of a a] singleton_iff[of "undefined undefined" "undefined undefined"] that) (> 1.0 s, timed out)
0.sledgehammer goal.using     44825ms HOL-Library.Equipollence 553:18927  some Preplay: (smt (cvc5, term_relev) PiE_eq_empty_iff[of "{a}" "\<lambda>uua. B"] PiE_eq_empty_iff[of "{undefined undefined}" "\<lambda>uua. {}"] image_projection_PiE[of a "{a}" "\<lambda>uua. B"] image_projection_PiE[of a "{undefined undefined}" "\<lambda>uua. {}"] singleton_iff[of a a] singleton_iff[of "undefined undefined" "undefined undefined"] that) (> 1.0 s, timed out)
0.sledgehammer goal.using     44825ms HOL-Library.Equipollence 553:18927  some Preplay: (smt (cvc5, noematch) PiE_eq_empty_iff[of "{a}" "\<lambda>uua. B"] PiE_eq_empty_iff[of "{undefined undefined}" "\<lambda>uua. {}"] image_projection_PiE[of a "{a}" "\<lambda>uua. B"] image_projection_PiE[of a "{undefined undefined}" "\<lambda>uua. {}"] singleton_iff[of a a] singleton_iff[of "undefined undefined" "undefined undefined"] that) (> 1.0 s, timed out)
0.sledgehammer goal.using     44825ms HOL-Library.Equipollence 553:18927  some Preplay: (smt (cvc5, fmf) PiE_eq_empty_iff[of "{a}" "\<lambda>uua. B"] PiE_eq_empty_iff[of "{undefined undefined}" "\<lambda>uua. {}"] image_projection_PiE[of a "{a}" "\<lambda>uua. B"] image_projection_PiE[of a "{undefined undefined}" "\<lambda>uua. {}"] singleton_iff[of a a] singleton_iff[of "undefined undefined" "undefined undefined"] that) (> 1.0 s, timed out)
0.sledgehammer goal.using     44825ms HOL-Library.Equipollence 553:18927  some Preplay: (smt (cvc5, no_simp) PiE_eq_empty_iff[of "{a}" "\<lambda>uua. B"] PiE_eq_empty_iff[of "{undefined undefined}" "\<lambda>uua. {}"] image_projection_PiE[of a "{a}" "\<lambda>uua. B"] image_projection_PiE[of a "{undefined undefined}" "\<lambda>uua. {}"] singleton_iff[of a a] singleton_iff[of "undefined undefined" "undefined undefined"] that) (> 1.0 s, timed out)
0.sledgehammer goal.by        43692ms HOL-Library.Equipollence 553:18938  some (SH 43689ms, ATP 547ms): Try this: by (smt (cvc5) PiE_eq_empty_iff image_cong image_projection_PiE singleton_iff)
0.sledgehammer goal.by        43692ms HOL-Library.Equipollence 553:18938  some Preplay: (smt (cvc5, best) PiE_eq_empty_iff[of "{a}" "\<lambda>uua. B"] PiE_eq_empty_iff[of "{undefined undefined}" "\<lambda>uua. {}"] image_projection_PiE[of a "{a}" "\<lambda>uua. B"] image_projection_PiE[of a "{undefined undefined}" "\<lambda>uua. {}"] singleton_iff[of a a] singleton_iff[of "undefined undefined" "undefined undefined"]) (> 1.0 s, timed out)
0.sledgehammer goal.by        43692ms HOL-Library.Equipollence 553:18938  some Preplay: (smt (cvc5, trigger_last) PiE_eq_empty_iff[of "{a}" "\<lambda>uua. B"] PiE_eq_empty_iff[of "{undefined undefined}" "\<lambda>uua. {}"] image_projection_PiE[of a "{a}" "\<lambda>uua. B"] image_projection_PiE[of a "{undefined undefined}" "\<lambda>uua. {}"] singleton_iff[of a a] singleton_iff[of "undefined undefined" "undefined undefined"]) (> 1.0 s, timed out)
0.sledgehammer goal.by        43692ms HOL-Library.Equipollence 553:18938  some Preplay: (smt (cvc5, quant_saturate) PiE_eq_empty_iff[of "{a}" "\<lambda>uua. B"] PiE_eq_empty_iff[of "{undefined undefined}" "\<lambda>uua. {}"] image_projection_PiE[of a "{a}" "\<lambda>uua. B"] image_projection_PiE[of a "{undefined undefined}" "\<lambda>uua. {}"] singleton_iff[of a a] singleton_iff[of "undefined undefined" "undefined undefined"]) (> 1.0 s, timed out)
0.sledgehammer goal.by        43692ms HOL-Library.Equipollence 553:18938  some Preplay: (smt (cvc5, trigger_max) PiE_eq_empty_iff[of "{a}" "\<lambda>uua. B"] PiE_eq_empty_iff[of "{undefined undefined}" "\<lambda>uua. {}"] image_projection_PiE[of a "{a}" "\<lambda>uua. B"] image_projection_PiE[of a "{undefined undefined}" "\<lambda>uua. {}"] singleton_iff[of a a] singleton_iff[of "undefined undefined" "undefined undefined"]) (> 1.0 s, timed out)
0.sledgehammer goal.by        43692ms HOL-Library.Equipollence 553:18938  some Preplay: (smt (cvc5, trigger_relev) PiE_eq_empty_iff[of "{a}" "\<lambda>uua. B"] PiE_eq_empty_iff[of "{undefined undefined}" "\<lambda>uua. {}"] image_projection_PiE[of a "{a}" "\<lambda>uua. B"] image_projection_PiE[of a "{undefined undefined}" "\<lambda>uua. {}"] singleton_iff[of a a] singleton_iff[of "undefined undefined" "undefined undefined"]) (> 1.0 s, timed out)
0.sledgehammer goal.by        43692ms HOL-Library.Equipollence 553:18938  some Preplay: (smt (cvc5, term_relev) PiE_eq_empty_iff[of "{a}" "\<lambda>uua. B"] PiE_eq_empty_iff[of "{undefined undefined}" "\<lambda>uua. {}"] image_projection_PiE[of a "{a}" "\<lambda>uua. B"] image_projection_PiE[of a "{undefined undefined}" "\<lambda>uua. {}"] singleton_iff[of a a] singleton_iff[of "undefined undefined" "undefined undefined"]) (> 1.0 s, timed out)
0.sledgehammer goal.by        43692ms HOL-Library.Equipollence 553:18938  some Preplay: (smt (cvc5, noematch) PiE_eq_empty_iff[of "{a}" "\<lambda>uua. B"] PiE_eq_empty_iff[of "{undefined undefined}" "\<lambda>uua. {}"] image_projection_PiE[of a "{a}" "\<lambda>uua. B"] image_projection_PiE[of a "{undefined undefined}" "\<lambda>uua. {}"] singleton_iff[of a a] singleton_iff[of "undefined undefined" "undefined undefined"]) (> 1.0 s, timed out)
0.sledgehammer goal.by        43692ms HOL-Library.Equipollence 553:18938  some Preplay: (smt (cvc5, fmf) PiE_eq_empty_iff[of "{a}" "\<lambda>uua. B"] PiE_eq_empty_iff[of "{undefined undefined}" "\<lambda>uua. {}"] image_projection_PiE[of a "{a}" "\<lambda>uua. B"] image_projection_PiE[of a "{undefined undefined}" "\<lambda>uua. {}"] singleton_iff[of a a] singleton_iff[of "undefined undefined" "undefined undefined"]) (> 1.0 s, timed out)
0.sledgehammer goal.by        43692ms HOL-Library.Equipollence 553:18938  some Preplay: (smt (cvc5, no_simp) PiE_eq_empty_iff[of "{a}" "\<lambda>uua. B"] PiE_eq_empty_iff[of "{undefined undefined}" "\<lambda>uua. {}"] image_projection_PiE[of a "{a}" "\<lambda>uua. B"] image_projection_PiE[of a "{undefined undefined}" "\<lambda>uua. {}"] singleton_iff[of a a] singleton_iff[of "undefined undefined" "undefined undefined"]) (> 1.0 s, timed out)
0.sledgehammer goal.unfolding 42401ms HOL-Library.Equipollence 555:19001  some (SH 42400ms, ATP 385ms): Try this: by (smt (cvc5) "1" PiE_eq_empty_iff eqpoll_sym image_cong image_is_empty image_projection_PiE inj_on_def inj_on_image_eqpoll_self insertCI)
0.sledgehammer goal.unfolding 42401ms HOL-Library.Equipollence 555:19001  some Preplay: (smt (cvc5, quant_saturate) "1" PiE_eq_empty_iff eqpoll_sym image_cong image_is_empty image_projection_PiE inj_on_def inj_on_image_eqpoll_self insertCI) (> 1.0 s, timed out)
0.sledgehammer goal.unfolding 42401ms HOL-Library.Equipollence 555:19001  some Preplay: (smt (cvc5, noematch) "1" PiE_eq_empty_iff eqpoll_sym image_cong image_is_empty image_projection_PiE inj_on_def inj_on_image_eqpoll_self insertCI) (> 1.0 s, timed out)
0.sledgehammer goal.unfolding 42401ms HOL-Library.Equipollence 555:19001  some Preplay: (smt (cvc5, fmf) "1" PiE_eq_empty_iff eqpoll_sym image_cong image_is_empty image_projection_PiE inj_on_def inj_on_image_eqpoll_self insertCI) (> 1.0 s, timed out)
0.sledgehammer goal.unfolding 42401ms HOL-Library.Equipollence 555:19001  some Preplay: (smt (cvc5, best) "1" PiE_eq_empty_iff eqpoll_sym image_cong image_is_empty image_projection_PiE inj_on_def inj_on_image_eqpoll_self insertCI) (failed)
0.sledgehammer goal.unfolding 42401ms HOL-Library.Equipollence 555:19001  some Preplay: (smt (cvc5, trigger_last) "1" PiE_eq_empty_iff eqpoll_sym image_cong image_is_empty image_projection_PiE inj_on_def inj_on_image_eqpoll_self insertCI) (failed)
0.sledgehammer goal.unfolding 42401ms HOL-Library.Equipollence 555:19001  some Preplay: (smt (cvc5, trigger_max) "1" PiE_eq_empty_iff eqpoll_sym image_cong image_is_empty image_projection_PiE inj_on_def inj_on_image_eqpoll_self insertCI) (failed)
0.sledgehammer goal.unfolding 42401ms HOL-Library.Equipollence 555:19001  some Preplay: (smt (cvc5, trigger_relev) "1" PiE_eq_empty_iff eqpoll_sym image_cong image_is_empty image_projection_PiE inj_on_def inj_on_image_eqpoll_self insertCI) (failed)
0.sledgehammer goal.unfolding 42401ms HOL-Library.Equipollence 555:19001  some Preplay: (smt (cvc5, term_relev) "1" PiE_eq_empty_iff eqpoll_sym image_cong image_is_empty image_projection_PiE inj_on_def inj_on_image_eqpoll_self insertCI) (failed)
0.sledgehammer goal.unfolding 42401ms HOL-Library.Equipollence 555:19001  some Preplay: (smt (cvc5, no_simp) "1" PiE_eq_empty_iff eqpoll_sym image_cong image_is_empty image_projection_PiE inj_on_def inj_on_image_eqpoll_self insertCI) (failed)
0.sledgehammer goal.by        44944ms HOL-Library.Equipollence 556:19048  some (SH 44944ms, ATP 259ms): Try this: by (smt (cvc5) "1" PiE_eq_empty_iff image_projection_PiE singletonI)
0.sledgehammer goal.by        44944ms HOL-Library.Equipollence 556:19048  some Preplay: (smt (cvc5, best) "1" PiE_eq_empty_iff image_projection_PiE singletonI) (> 1.0 s, timed out)
0.sledgehammer goal.by        44944ms HOL-Library.Equipollence 556:19048  some Preplay: (smt (cvc5, trigger_last) "1" PiE_eq_empty_iff image_projection_PiE singletonI) (> 1.0 s, timed out)
0.sledgehammer goal.by        44944ms HOL-Library.Equipollence 556:19048  some Preplay: (smt (cvc5, quant_saturate) "1" PiE_eq_empty_iff image_projection_PiE singletonI) (> 1.0 s, timed out)
0.sledgehammer goal.by        44944ms HOL-Library.Equipollence 556:19048  some Preplay: (smt (cvc5, trigger_max) "1" PiE_eq_empty_iff image_projection_PiE singletonI) (> 1.0 s, timed out)
0.sledgehammer goal.by        44944ms HOL-Library.Equipollence 556:19048  some Preplay: (smt (cvc5, trigger_relev) "1" PiE_eq_empty_iff image_projection_PiE singletonI) (> 1.0 s, timed out)
0.sledgehammer goal.by        44944ms HOL-Library.Equipollence 556:19048  some Preplay: (smt (cvc5, term_relev) "1" PiE_eq_empty_iff image_projection_PiE singletonI) (> 1.0 s, timed out)
0.sledgehammer goal.by        44944ms HOL-Library.Equipollence 556:19048  some Preplay: (smt (cvc5, noematch) "1" PiE_eq_empty_iff image_projection_PiE singletonI) (> 1.0 s, timed out)
0.sledgehammer goal.by        44944ms HOL-Library.Equipollence 556:19048  some Preplay: (smt (cvc5, fmf) "1" PiE_eq_empty_iff image_projection_PiE singletonI) (> 1.0 s, timed out)
0.sledgehammer goal.by        44944ms HOL-Library.Equipollence 556:19048  some Preplay: (smt (cvc5, no_simp) "1" PiE_eq_empty_iff image_projection_PiE singletonI) (> 1.0 s, timed out)
0.sledgehammer goal.proof     13631ms HOL-Library.Equipollence 561:19149  timeout (SH 13631ms): Timed out
0.sledgehammer goal.using     54133ms HOL-Library.Equipollence 566:19300  timeout (SH 54133ms):
0.sledgehammer goal.by        59850ms HOL-Library.Equipollence 566:19308  timeout (SH 59850ms):
0.sledgehammer goal.using     55579ms HOL-Library.Equipollence 568:19424  timeout (SH 55579ms):
0.sledgehammer goal.proof     13726ms HOL-Library.Equipollence 576:19586  timeout (SH 13726ms): Timed out
0.sledgehammer goal.unfolding 13546ms HOL-Library.Equipollence 585:19905  timeout (SH 13546ms): Timed out
0.sledgehammer goal.proof     13330ms HOL-Library.Equipollence 586:19939  timeout (SH 13330ms): Timed out
0.sledgehammer goal.by         3450ms HOL-Library.Equipollence 590:20105  some (SH 3450ms, ATP 435ms): Try this: by (smt (cvc5, trigger_relev)) (51 ms)
0.sledgehammer goal.by         3450ms HOL-Library.Equipollence 590:20105  some Preplay: (smt (cvc5, trigger_relev)) (51 ms)
0.sledgehammer goal.by         3450ms HOL-Library.Equipollence 590:20105  some Preplay: (smt (cvc5, trigger_max)) (52 ms)
0.sledgehammer goal.by         3450ms HOL-Library.Equipollence 590:20105  some Preplay: (smt (cvc5, no_simp)) (57 ms)
0.sledgehammer goal.by         3450ms HOL-Library.Equipollence 590:20105  some Preplay: (smt (cvc5, quant_saturate)) (58 ms)
0.sledgehammer goal.by         3450ms HOL-Library.Equipollence 590:20105  some Preplay: (smt (cvc5, term_relev)) (63 ms)
0.sledgehammer goal.by         3450ms HOL-Library.Equipollence 590:20105  some Preplay: (smt (cvc5, fmf)) (74 ms)
0.sledgehammer goal.by         3450ms HOL-Library.Equipollence 590:20105  some Preplay: (smt (cvc5, noematch)) (78 ms)
0.sledgehammer goal.by         3450ms HOL-Library.Equipollence 590:20105  some Preplay: (smt (cvc5, best)) (117 ms)
0.sledgehammer goal.by         3450ms HOL-Library.Equipollence 590:20105  some Preplay: (smt (cvc5, trigger_last)) (125 ms)
0.sledgehammer goal.by        48285ms HOL-Library.Equipollence 592:20145  some (SH 48284ms, ATP 236ms): Try this: by (smt (cvc5) PiE_restrict fim h image_subset_iff k l restrict_apply restrict_apply)
0.sledgehammer goal.by        48285ms HOL-Library.Equipollence 592:20145  some Preplay: (smt (cvc5, best) PiE_restrict fim h image_subset_iff k l restrict_apply) (> 1.0 s, timed out)
0.sledgehammer goal.by        48285ms HOL-Library.Equipollence 592:20145  some Preplay: (smt (cvc5, trigger_last) PiE_restrict fim h image_subset_iff k l restrict_apply) (> 1.0 s, timed out)
0.sledgehammer goal.by        48285ms HOL-Library.Equipollence 592:20145  some Preplay: (smt (cvc5, quant_saturate) PiE_restrict fim h image_subset_iff k l restrict_apply) (> 1.0 s, timed out)
0.sledgehammer goal.by        48285ms HOL-Library.Equipollence 592:20145  some Preplay: (smt (cvc5, trigger_max) PiE_restrict fim h image_subset_iff k l restrict_apply) (> 1.0 s, timed out)
0.sledgehammer goal.by        48285ms HOL-Library.Equipollence 592:20145  some Preplay: (smt (cvc5, trigger_relev) PiE_restrict fim h image_subset_iff k l restrict_apply) (> 1.0 s, timed out)
0.sledgehammer goal.by        48285ms HOL-Library.Equipollence 592:20145  some Preplay: (smt (cvc5, term_relev) PiE_restrict fim h image_subset_iff k l restrict_apply) (> 1.0 s, timed out)
0.sledgehammer goal.by        48285ms HOL-Library.Equipollence 592:20145  some Preplay: (smt (cvc5, noematch) PiE_restrict fim h image_subset_iff k l restrict_apply) (> 1.0 s, timed out)
0.sledgehammer goal.by        48285ms HOL-Library.Equipollence 592:20145  some Preplay: (smt (cvc5, fmf) PiE_restrict fim h image_subset_iff k l restrict_apply) (> 1.0 s, timed out)
0.sledgehammer goal.by        48285ms HOL-Library.Equipollence 592:20145  some Preplay: (smt (cvc5, no_simp) PiE_restrict fim h image_subset_iff k l restrict_apply) (> 1.0 s, timed out)
0.sledgehammer goal.by        13773ms HOL-Library.Equipollence 601:20379  timeout (SH 13773ms): Timed out
0.sledgehammer goal.proof     13719ms HOL-Library.Equipollence 606:20534  timeout (SH 13719ms): Timed out
0.sledgehammer goal.using     13234ms HOL-Library.Equipollence 608:20619  timeout (SH 13234ms): Timed out
0.sledgehammer goal.unfolding 13339ms HOL-Library.Equipollence 608:20631  timeout (SH 13339ms): Timed out
0.sledgehammer goal.by        13582ms HOL-Library.Equipollence 608:20652  timeout (SH 13582ms): Timed out
0.sledgehammer goal.by        57072ms HOL-Library.Equipollence 611:20729  timeout (SH 57072ms):
0.sledgehammer goal.using     53474ms HOL-Library.Equipollence 613:20850  timeout (SH 53474ms):
0.sledgehammer goal.proof     13912ms HOL-Library.Equipollence 622:21022  timeout (SH 13912ms): Timed out
0.sledgehammer goal.proof     13677ms HOL-Library.Equipollence 629:21281  timeout (SH 13677ms): Timed out
0.sledgehammer goal.using     13440ms HOL-Library.Equipollence 631:21360  timeout (SH 13439ms): Timed out
0.sledgehammer goal.by        13418ms HOL-Library.Equipollence 632:21381  timeout (SH 13418ms): Timed out
0.sledgehammer goal.proof     13736ms HOL-Library.Equipollence 645:21762  timeout (SH 13736ms): Timed out
0.sledgehammer goal.proof     13909ms HOL-Library.Equipollence 649:21933  timeout (SH 13909ms): Timed out
0.sledgehammer goal.by        14194ms HOL-Library.Equipollence 653:21998  timeout (SH 14194ms): Timed out
0.sledgehammer goal.proof     13841ms HOL-Library.Equipollence 661:22249  timeout (SH 13841ms): Timed out
0.sledgehammer goal.proof     13872ms HOL-Library.Equipollence 665:22354  timeout (SH 13872ms): Timed out
0.sledgehammer goal.proof     13694ms HOL-Library.Equipollence 668:22430  timeout (SH 13694ms): Timed out
0.sledgehammer goal.proof     13147ms HOL-Library.Equipollence 670:22498  timeout (SH 13147ms): Timed out
0.sledgehammer goal.by        14069ms HOL-Library.Equipollence 674:22619  some (SH 14069ms, ATP 549ms): Try this: by (smt (cvc5, best) lepoll_def top_greatest) (67 ms)
0.sledgehammer goal.by        14069ms HOL-Library.Equipollence 674:22619  some Preplay: (smt (cvc5, best) lepoll_def top_greatest) (67 ms)
0.sledgehammer goal.by        14069ms HOL-Library.Equipollence 674:22619  some Preplay: (smt (cvc5, trigger_last) lepoll_def top_greatest) (> 67 ms, timed out)
0.sledgehammer goal.by        14069ms HOL-Library.Equipollence 674:22619  some Preplay: (smt (cvc5, quant_saturate) lepoll_def top_greatest) (> 67 ms, timed out)
0.sledgehammer goal.by        14069ms HOL-Library.Equipollence 674:22619  some Preplay: (smt (cvc5, trigger_max) lepoll_def top_greatest) (> 67 ms, timed out)
0.sledgehammer goal.by        14069ms HOL-Library.Equipollence 674:22619  some Preplay: (smt (cvc5, trigger_relev) lepoll_def top_greatest) (> 67 ms, timed out)
0.sledgehammer goal.by        14069ms HOL-Library.Equipollence 674:22619  some Preplay: (smt (cvc5, term_relev) lepoll_def top_greatest) (> 67 ms, timed out)
0.sledgehammer goal.by        14069ms HOL-Library.Equipollence 674:22619  some Preplay: (smt (cvc5, noematch) lepoll_def top_greatest) (> 67 ms, timed out)
0.sledgehammer goal.by        14069ms HOL-Library.Equipollence 674:22619  some Preplay: (smt (cvc5, fmf) lepoll_def top_greatest) (> 67 ms, timed out)
0.sledgehammer goal.by        14069ms HOL-Library.Equipollence 674:22619  some Preplay: (smt (cvc5, no_simp) lepoll_def top_greatest) (> 67 ms, timed out)
0.sledgehammer goal.by        52847ms HOL-Library.Equipollence 679:22830  timeout (SH 52847ms):
0.sledgehammer goal.proof     13819ms HOL-Library.Equipollence 681:22937  timeout (SH 13819ms): Timed out
0.sledgehammer goal.proof     13536ms HOL-Library.Equipollence 683:23036  timeout (SH 13535ms): Timed out
0.sledgehammer goal.by        100152ms HOL-Library.Equipollence 687:23194  some (SH 100152ms, ATP 888ms): Try this: by (smt (cvc5, term_relev) Set.set_insert UNIV_bool insert_lepoll_cong insert_subset singleton_insert_inj_eq singleton_lepoll subset_insert) (909 ms)
0.sledgehammer goal.by        100152ms HOL-Library.Equipollence 687:23194  some Preplay: (smt (cvc5, term_relev) Set.set_insert UNIV_bool insert_lepoll_cong insert_subset singleton_insert_inj_eq singleton_lepoll subset_insert) (909 ms)
0.sledgehammer goal.by        100152ms HOL-Library.Equipollence 687:23194  some Preplay: (smt (cvc5, quant_saturate) Set.set_insert UNIV_bool insert_lepoll_cong insert_subset singleton_insert_inj_eq singleton_lepoll subset_insert) (1.0 s)
0.sledgehammer goal.by        100152ms HOL-Library.Equipollence 687:23194  some Preplay: (smt (cvc5, trigger_relev) Set.set_insert UNIV_bool insert_lepoll_cong insert_subset singleton_insert_inj_eq singleton_lepoll subset_insert) (1.2 s)
0.sledgehammer goal.by        100152ms HOL-Library.Equipollence 687:23194  some Preplay: (smt (cvc5, trigger_max) Set.set_insert UNIV_bool insert_lepoll_cong insert_subset singleton_insert_inj_eq singleton_lepoll subset_insert) (1.5 s)
0.sledgehammer goal.by        100152ms HOL-Library.Equipollence 687:23194  some Preplay: (smt (cvc5, best) Set.set_insert UNIV_bool insert_lepoll_cong insert_subset singleton_insert_inj_eq singleton_lepoll subset_insert) (1.5 s)
0.sledgehammer goal.by        100152ms HOL-Library.Equipollence 687:23194  some Preplay: (smt (cvc5, trigger_last) Set.set_insert UNIV_bool insert_lepoll_cong insert_subset singleton_insert_inj_eq singleton_lepoll subset_insert) (1.5 s)
0.sledgehammer goal.by        100152ms HOL-Library.Equipollence 687:23194  some Preplay: (smt (cvc5, no_simp) Set.set_insert UNIV_bool insert_lepoll_cong insert_subset singleton_insert_inj_eq singleton_lepoll subset_insert) (1.8 s)
0.sledgehammer goal.by        100152ms HOL-Library.Equipollence 687:23194  some Preplay: (smt (cvc5, noematch) Set.set_insert UNIV_bool insert_lepoll_cong insert_subset singleton_insert_inj_eq singleton_lepoll subset_insert) (> 909 ms, timed out)
0.sledgehammer goal.by        100152ms HOL-Library.Equipollence 687:23194  some Preplay: (smt (cvc5, fmf) Set.set_insert UNIV_bool insert_lepoll_cong insert_subset singleton_insert_inj_eq singleton_lepoll subset_insert) (> 909 ms, timed out)
0.sledgehammer goal.proof     13339ms HOL-Library.Equipollence 699:23665  timeout (SH 13338ms): Timed out
0.sledgehammer goal.proof     74620ms HOL-Library.Equipollence 703:23805  some (SH 74619ms, ATP 278ms): Try this: by (smt (cvc5, fmf) False image_projection_PiE[of i I S] subsetI[of "S i" "S i"] that) (146 ms)
0.sledgehammer goal.proof     74620ms HOL-Library.Equipollence 703:23805  some Preplay: (smt (cvc5, fmf) False image_projection_PiE[of i I S] subsetI[of "S i" "S i"] that) (146 ms)
0.sledgehammer goal.proof     74620ms HOL-Library.Equipollence 703:23805  some Preplay: (smt (cvc5, trigger_max) False image_projection_PiE[of i I S] subsetI[of "S i" "S i"] that) (258 ms)
0.sledgehammer goal.proof     74620ms HOL-Library.Equipollence 703:23805  some Preplay: (smt (cvc5, quant_saturate) False image_projection_PiE[of i I S] subsetI[of "S i" "S i"] that) (426 ms)
0.sledgehammer goal.proof     74620ms HOL-Library.Equipollence 703:23805  some Preplay: (smt (cvc5, term_relev) False image_projection_PiE[of i I S] subsetI[of "S i" "S i"] that) (471 ms)
0.sledgehammer goal.proof     74620ms HOL-Library.Equipollence 703:23805  some Preplay: (smt (cvc5, trigger_last) False image_projection_PiE[of i I S] subsetI[of "S i" "S i"] that) (475 ms)
0.sledgehammer goal.proof     74620ms HOL-Library.Equipollence 703:23805  some Preplay: (smt (cvc5, noematch) False image_projection_PiE[of i I S] subsetI[of "S i" "S i"] that) (480 ms)
0.sledgehammer goal.proof     74620ms HOL-Library.Equipollence 703:23805  some Preplay: (smt (cvc5, trigger_relev) False image_projection_PiE[of i I S] subsetI[of "S i" "S i"] that) (481 ms)
0.sledgehammer goal.proof     74620ms HOL-Library.Equipollence 703:23805  some Preplay: (smt (cvc5, best) False image_projection_PiE[of i I S] subsetI[of "S i" "S i"] that) (490 ms)
0.sledgehammer goal.proof     74620ms HOL-Library.Equipollence 703:23805  some Preplay: (smt (cvc5, no_simp) False image_projection_PiE[of i I S] subsetI[of "S i" "S i"] that) (> 146 ms, timed out)
0.sledgehammer goal.using     20500ms HOL-Library.Equipollence 705:23880  some (SH 20499ms, ATP 1014ms): Try this: by (smt (cvc5, term_relev) False \<open>i \<in> I\<close> image_projection_PiE[of i I S] that) (383 ms)
0.sledgehammer goal.using     20500ms HOL-Library.Equipollence 705:23880  some Preplay: (smt (cvc5, term_relev) False \<open>i \<in> I\<close> image_projection_PiE[of i I S] that) (383 ms)
0.sledgehammer goal.using     20500ms HOL-Library.Equipollence 705:23880  some Preplay: (smt (cvc5, no_simp) False \<open>i \<in> I\<close> image_projection_PiE[of i I S] that) (418 ms)
0.sledgehammer goal.using     20500ms HOL-Library.Equipollence 705:23880  some Preplay: (smt (cvc5, noematch) False \<open>i \<in> I\<close> image_projection_PiE[of i I S] that) (452 ms)
0.sledgehammer goal.using     20500ms HOL-Library.Equipollence 705:23880  some Preplay: (smt (cvc5, fmf) False \<open>i \<in> I\<close> image_projection_PiE[of i I S] that) (465 ms)
0.sledgehammer goal.using     20500ms HOL-Library.Equipollence 705:23880  some Preplay: (smt (cvc5, quant_saturate) False \<open>i \<in> I\<close> image_projection_PiE[of i I S] that) (544 ms)
0.sledgehammer goal.using     20500ms HOL-Library.Equipollence 705:23880  some Preplay: (smt (cvc5, trigger_last) False \<open>i \<in> I\<close> image_projection_PiE[of i I S] that) (576 ms)
0.sledgehammer goal.using     20500ms HOL-Library.Equipollence 705:23880  some Preplay: (smt (cvc5, trigger_relev) False \<open>i \<in> I\<close> image_projection_PiE[of i I S] that) (588 ms)
0.sledgehammer goal.using     20500ms HOL-Library.Equipollence 705:23880  some Preplay: (smt (cvc5, trigger_max) False \<open>i \<in> I\<close> image_projection_PiE[of i I S] that) (590 ms)
0.sledgehammer goal.using     20500ms HOL-Library.Equipollence 705:23880  some Preplay: (smt (cvc5, best) False \<open>i \<in> I\<close> image_projection_PiE[of i I S] that) (610 ms)
0.sledgehammer goal.by        17927ms HOL-Library.Equipollence 706:23911  some (SH 17926ms, ATP 1437ms): Try this: by (smt (cvc5, trigger_last) False image_projection_PiE[of i I S]) (371 ms)
0.sledgehammer goal.by        17927ms HOL-Library.Equipollence 706:23911  some Preplay: (smt (cvc5, trigger_last) False image_projection_PiE[of i I S]) (371 ms)
0.sledgehammer goal.by        17927ms HOL-Library.Equipollence 706:23911  some Preplay: (smt (cvc5, trigger_relev) False image_projection_PiE[of i I S]) (376 ms)
0.sledgehammer goal.by        17927ms HOL-Library.Equipollence 706:23911  some Preplay: (smt (cvc5, trigger_max) False image_projection_PiE[of i I S]) (424 ms)
0.sledgehammer goal.by        17927ms HOL-Library.Equipollence 706:23911  some Preplay: (smt (cvc5, best) False image_projection_PiE[of i I S]) (442 ms)
0.sledgehammer goal.by        17927ms HOL-Library.Equipollence 706:23911  some Preplay: (smt (cvc5, term_relev) False image_projection_PiE[of i I S]) (471 ms)
0.sledgehammer goal.by        17927ms HOL-Library.Equipollence 706:23911  some Preplay: (smt (cvc5, fmf) False image_projection_PiE[of i I S]) (481 ms)
0.sledgehammer goal.by        17927ms HOL-Library.Equipollence 706:23911  some Preplay: (smt (cvc5, no_simp) False image_projection_PiE[of i I S]) (490 ms)
0.sledgehammer goal.by        17927ms HOL-Library.Equipollence 706:23911  some Preplay: (smt (cvc5, quant_saturate) False image_projection_PiE[of i I S]) (548 ms)
0.sledgehammer goal.by        17927ms HOL-Library.Equipollence 706:23911  some Preplay: (smt (cvc5, noematch) False image_projection_PiE[of i I S]) (572 ms)
0.sledgehammer goal.by        13641ms HOL-Library.Equipollence 720:24299  timeout (SH 13641ms): Timed out
0.sledgehammer goal.proof     13754ms HOL-Library.Equipollence 724:24483  timeout (SH 13754ms): Timed out
0.sledgehammer goal.by        53656ms HOL-Library.Equipollence 726:24589  timeout (SH 53656ms):
0.sledgehammer goal.by        41339ms HOL-Library.Equipollence 730:24779  some (SH 41339ms, ATP 860ms): Try this: by (smt (cvc5, no_simp) image_subset_iff mem_Collect_eq subsetI) (441 ms)
0.sledgehammer goal.by        41339ms HOL-Library.Equipollence 730:24779  some Preplay: (smt (cvc5, no_simp) image_subset_iff mem_Collect_eq subsetI) (441 ms)
0.sledgehammer goal.by        41339ms HOL-Library.Equipollence 730:24779  some Preplay: (smt (cvc5, quant_saturate) image_subset_iff mem_Collect_eq subsetI) (975 ms)
0.sledgehammer goal.by        41339ms HOL-Library.Equipollence 730:24779  some Preplay: (smt (cvc5, best) image_subset_iff mem_Collect_eq subsetI) (997 ms)
0.sledgehammer goal.by        41339ms HOL-Library.Equipollence 730:24779  some Preplay: (smt (cvc5, trigger_last) image_subset_iff mem_Collect_eq subsetI) (1.0 s)
0.sledgehammer goal.by        41339ms HOL-Library.Equipollence 730:24779  some Preplay: (smt (cvc5, term_relev) image_subset_iff mem_Collect_eq subsetI) (1.3 s)
0.sledgehammer goal.by        41339ms HOL-Library.Equipollence 730:24779  some Preplay: (smt (cvc5, trigger_max) image_subset_iff mem_Collect_eq subsetI) (1.5 s)
0.sledgehammer goal.by        41339ms HOL-Library.Equipollence 730:24779  some Preplay: (smt (cvc5, trigger_relev) image_subset_iff mem_Collect_eq subsetI) (1.7 s)
0.sledgehammer goal.by        41339ms HOL-Library.Equipollence 730:24779  some Preplay: (smt (cvc5, noematch) image_subset_iff mem_Collect_eq subsetI) (> 975 ms, timed out)
0.sledgehammer goal.by        41339ms HOL-Library.Equipollence 730:24779  some Preplay: (smt (cvc5, fmf) image_subset_iff mem_Collect_eq subsetI) (> 975 ms, timed out)
0.sledgehammer goal.proof     14200ms HOL-Library.Equipollence 732:24817  timeout (SH 14200ms): Timed out
0.sledgehammer goal.using      4678ms HOL-Library.Equipollence 738:24977  some (SH 4677ms, ATP 430ms): Try this: by (smt (cvc5, term_relev) "*" False J_def R) (111 ms)
0.sledgehammer goal.using      4678ms HOL-Library.Equipollence 738:24977  some Preplay: (smt (cvc5, term_relev) "*" False J_def R) (111 ms)
0.sledgehammer goal.using      4678ms HOL-Library.Equipollence 738:24977  some Preplay: (smt (cvc5, noematch) "*" False J_def R) (128 ms)
0.sledgehammer goal.using      4678ms HOL-Library.Equipollence 738:24977  some Preplay: (smt (cvc5, fmf) "*" False J_def R) (133 ms)
0.sledgehammer goal.using      4678ms HOL-Library.Equipollence 738:24977  some Preplay: (smt (cvc5, trigger_max) "*" False J_def R) (136 ms)
0.sledgehammer goal.using      4678ms HOL-Library.Equipollence 738:24977  some Preplay: (smt (cvc5, trigger_relev) "*" False J_def R) (162 ms)
0.sledgehammer goal.using      4678ms HOL-Library.Equipollence 738:24977  some Preplay: (smt (cvc5, best) "*" False J_def R) (175 ms)
0.sledgehammer goal.using      4678ms HOL-Library.Equipollence 738:24977  some Preplay: (smt (cvc5, quant_saturate) "*" False J_def R) (229 ms)
0.sledgehammer goal.using      4678ms HOL-Library.Equipollence 738:24977  some Preplay: (smt (cvc5, trigger_last) "*" False J_def R) (344 ms)
0.sledgehammer goal.using      4678ms HOL-Library.Equipollence 738:24977  some Preplay: (smt (cvc5, no_simp) "*" False J_def R) (> 111 ms, timed out)
0.sledgehammer goal.by        13945ms HOL-Library.Equipollence 745:25125  timeout (SH 13945ms): Timed out
0.sledgehammer goal.by        13282ms HOL-Library.Equipollence 756:25470  some (SH 13282ms, ATP 789ms): Try this: by (smt (cvc5, no_simp) in_lists_conv_set list.inj_map_strong) (1.5 s)
0.sledgehammer goal.by        13282ms HOL-Library.Equipollence 756:25470  some Preplay: (smt (cvc5, no_simp) in_lists_conv_set list.inj_map_strong) (1.5 s)
0.sledgehammer goal.by        13282ms HOL-Library.Equipollence 756:25470  some Preplay: (smt (cvc5, trigger_relev) in_lists_conv_set list.inj_map_strong) (1.9 s)
0.sledgehammer goal.by        13282ms HOL-Library.Equipollence 756:25470  some Preplay: (smt (cvc5, trigger_max) in_lists_conv_set list.inj_map_strong) (2.1 s)
0.sledgehammer goal.by        13282ms HOL-Library.Equipollence 756:25470  some Preplay: (smt (cvc5, noematch) in_lists_conv_set list.inj_map_strong) (2.1 s)
0.sledgehammer goal.by        13282ms HOL-Library.Equipollence 756:25470  some Preplay: (smt (cvc5, best) in_lists_conv_set list.inj_map_strong) (2.2 s)
0.sledgehammer goal.by        13282ms HOL-Library.Equipollence 756:25470  some Preplay: (smt (cvc5, trigger_last) in_lists_conv_set list.inj_map_strong) (2.2 s)
0.sledgehammer goal.by        13282ms HOL-Library.Equipollence 756:25470  some Preplay: (smt (cvc5, term_relev) in_lists_conv_set list.inj_map_strong) (2.5 s)
0.sledgehammer goal.by        13282ms HOL-Library.Equipollence 756:25470  some Preplay: (smt (cvc5, fmf) in_lists_conv_set list.inj_map_strong) (2.7 s)
0.sledgehammer goal.by        13282ms HOL-Library.Equipollence 756:25470  some Preplay: (smt (cvc5, quant_saturate) in_lists_conv_set list.inj_map_strong) (2.7 s)
0.sledgehammer goal.unfolding 13493ms HOL-Library.Equipollence 762:25611  timeout (SH 13493ms): Timed out
0.sledgehammer goal.by        13063ms HOL-Library.Equipollence 762:25643  timeout (SH 13063ms): Timed out
0.sledgehammer goal.proof     13580ms HOL-Library.Equipollence 767:25788  timeout (SH 13580ms): Timed out
0.sledgehammer goal.using     16088ms HOL-Library.Equipollence 775:26080  timeout (SH 16088ms): Timed out
0.sledgehammer goal.by        14198ms HOL-Library.Equipollence 775:26106  timeout (SH 14198ms): Timed out
0.sledgehammer goal.proof     13622ms HOL-Library.Equipollence 777:26183  timeout (SH 13622ms): Timed out
0.sledgehammer goal.proof     14122ms HOL-Library.Finite_Map 23:656  timeout (SH 14122ms): Timed out
0.sledgehammer goal.unfolding  7178ms HOL-Library.Finite_Map 31:844  some (SH 7178ms, ATP 902ms): Try this: by (smt (cvc5, quant_saturate) mem_Collect_eq ran_def) (152 ms)
0.sledgehammer goal.unfolding  7178ms HOL-Library.Finite_Map 31:844  some Preplay: (smt (cvc5, quant_saturate) mem_Collect_eq ran_def) (152 ms)
0.sledgehammer goal.unfolding  7178ms HOL-Library.Finite_Map 31:844  some Preplay: (smt (cvc5, no_simp) mem_Collect_eq ran_def) (161 ms)
0.sledgehammer goal.unfolding  7178ms HOL-Library.Finite_Map 31:844  some Preplay: (smt (cvc5, trigger_max) mem_Collect_eq ran_def) (223 ms)
0.sledgehammer goal.unfolding  7178ms HOL-Library.Finite_Map 31:844  some Preplay: (smt (cvc5, best) mem_Collect_eq ran_def) (226 ms)
0.sledgehammer goal.unfolding  7178ms HOL-Library.Finite_Map 31:844  some Preplay: (smt (cvc5, trigger_relev) mem_Collect_eq ran_def) (234 ms)
0.sledgehammer goal.unfolding  7178ms HOL-Library.Finite_Map 31:844  some Preplay: (smt (cvc5, trigger_last) mem_Collect_eq ran_def) (255 ms)
0.sledgehammer goal.unfolding  7178ms HOL-Library.Finite_Map 31:844  some Preplay: (smt (cvc5, term_relev) mem_Collect_eq ran_def) (318 ms)
0.sledgehammer goal.unfolding  7178ms HOL-Library.Finite_Map 31:844  some Preplay: (smt (cvc5, noematch) mem_Collect_eq ran_def) (> 152 ms, timed out)
0.sledgehammer goal.unfolding  7178ms HOL-Library.Finite_Map 31:844  some Preplay: (smt (cvc5, fmf) mem_Collect_eq ran_def) (> 152 ms, timed out)
0.sledgehammer goal.unfolding  7120ms HOL-Library.Finite_Map 45:1237  some (SH 7119ms, ATP 807ms): Try this: by (smt (cvc5, quant_saturate) mem_Collect_eq ran_def) (181 ms)
0.sledgehammer goal.unfolding  7120ms HOL-Library.Finite_Map 45:1237  some Preplay: (smt (cvc5, quant_saturate) mem_Collect_eq ran_def) (181 ms)
0.sledgehammer goal.unfolding  7120ms HOL-Library.Finite_Map 45:1237  some Preplay: (smt (cvc5, no_simp) mem_Collect_eq ran_def) (189 ms)
0.sledgehammer goal.unfolding  7120ms HOL-Library.Finite_Map 45:1237  some Preplay: (smt (cvc5, noematch) mem_Collect_eq ran_def) (205 ms)
0.sledgehammer goal.unfolding  7120ms HOL-Library.Finite_Map 45:1237  some Preplay: (smt (cvc5, term_relev) mem_Collect_eq ran_def) (216 ms)
0.sledgehammer goal.unfolding  7120ms HOL-Library.Finite_Map 45:1237  some Preplay: (smt (cvc5, trigger_max) mem_Collect_eq ran_def) (218 ms)
0.sledgehammer goal.unfolding  7120ms HOL-Library.Finite_Map 45:1237  some Preplay: (smt (cvc5, trigger_last) mem_Collect_eq ran_def) (244 ms)
0.sledgehammer goal.unfolding  7120ms HOL-Library.Finite_Map 45:1237  some Preplay: (smt (cvc5, fmf) mem_Collect_eq ran_def) (286 ms)
0.sledgehammer goal.unfolding  7120ms HOL-Library.Finite_Map 45:1237  some Preplay: (smt (cvc5, trigger_relev) mem_Collect_eq ran_def) (295 ms)
0.sledgehammer goal.unfolding  7120ms HOL-Library.Finite_Map 45:1237  some Preplay: (smt (cvc5, best) mem_Collect_eq ran_def) (622 ms)
0.sledgehammer goal.unfolding 16225ms HOL-Library.Finite_Map 59:1595  timeout (SH 16224ms): Timed out
0.sledgehammer goal.proof     13946ms HOL-Library.Finite_Map 74:2122  timeout (SH 13946ms): Timed out
0.sledgehammer goal.by        53443ms HOL-Library.Finite_Map 77:2204  timeout (SH 53443ms):
0.sledgehammer goal.by        14366ms HOL-Library.Finite_Map 85:2427  some (SH 14365ms, ATP 1127ms): Try this: by (smt (cvc5, trigger_last) domIff rev_finite_subset subsetI) (171 ms)
0.sledgehammer goal.by        14366ms HOL-Library.Finite_Map 85:2427  some Preplay: (smt (cvc5, trigger_last) domIff rev_finite_subset subsetI) (171 ms)
0.sledgehammer goal.by        14366ms HOL-Library.Finite_Map 85:2427  some Preplay: (smt (cvc5, best) domIff rev_finite_subset subsetI) (269 ms)
0.sledgehammer goal.by        14366ms HOL-Library.Finite_Map 85:2427  some Preplay: (smt (cvc5, quant_saturate) domIff rev_finite_subset subsetI) (> 171 ms, timed out)
0.sledgehammer goal.by        14366ms HOL-Library.Finite_Map 85:2427  some Preplay: (smt (cvc5, trigger_max) domIff rev_finite_subset subsetI) (> 171 ms, timed out)
0.sledgehammer goal.by        14366ms HOL-Library.Finite_Map 85:2427  some Preplay: (smt (cvc5, trigger_relev) domIff rev_finite_subset subsetI) (> 171 ms, timed out)
0.sledgehammer goal.by        14366ms HOL-Library.Finite_Map 85:2427  some Preplay: (smt (cvc5, term_relev) domIff rev_finite_subset subsetI) (> 171 ms, timed out)
0.sledgehammer goal.by        14366ms HOL-Library.Finite_Map 85:2427  some Preplay: (smt (cvc5, noematch) domIff rev_finite_subset subsetI) (> 171 ms, timed out)
0.sledgehammer goal.by        14366ms HOL-Library.Finite_Map 85:2427  some Preplay: (smt (cvc5, fmf) domIff rev_finite_subset subsetI) (> 171 ms, timed out)
0.sledgehammer goal.by        14366ms HOL-Library.Finite_Map 85:2427  some Preplay: (smt (cvc5, no_simp) domIff rev_finite_subset subsetI) (> 171 ms, timed out)
0.sledgehammer goal.by        39614ms HOL-Library.Finite_Map 87:2503  some (SH 39614ms, ATP 440ms): Try this: by (smt (cvc5, trigger_last) Finite_Map.map_filter_def domIff rev_finite_subset subsetI) (197 ms)
0.sledgehammer goal.by        39614ms HOL-Library.Finite_Map 87:2503  some Preplay: (smt (cvc5, trigger_last) Finite_Map.map_filter_def domIff rev_finite_subset subsetI) (197 ms)
0.sledgehammer goal.by        39614ms HOL-Library.Finite_Map 87:2503  some Preplay: (smt (cvc5, best) Finite_Map.map_filter_def domIff rev_finite_subset subsetI) (256 ms)
0.sledgehammer goal.by        39614ms HOL-Library.Finite_Map 87:2503  some Preplay: (smt (cvc5, quant_saturate) Finite_Map.map_filter_def domIff rev_finite_subset subsetI) (> 197 ms, timed out)
0.sledgehammer goal.by        39614ms HOL-Library.Finite_Map 87:2503  some Preplay: (smt (cvc5, trigger_max) Finite_Map.map_filter_def domIff rev_finite_subset subsetI) (> 197 ms, timed out)
0.sledgehammer goal.by        39614ms HOL-Library.Finite_Map 87:2503  some Preplay: (smt (cvc5, trigger_relev) Finite_Map.map_filter_def domIff rev_finite_subset subsetI) (> 197 ms, timed out)
0.sledgehammer goal.by        39614ms HOL-Library.Finite_Map 87:2503  some Preplay: (smt (cvc5, term_relev) Finite_Map.map_filter_def domIff rev_finite_subset subsetI) (> 197 ms, timed out)
0.sledgehammer goal.by        39614ms HOL-Library.Finite_Map 87:2503  some Preplay: (smt (cvc5, noematch) Finite_Map.map_filter_def domIff rev_finite_subset subsetI) (> 197 ms, timed out)
0.sledgehammer goal.by        39614ms HOL-Library.Finite_Map 87:2503  some Preplay: (smt (cvc5, fmf) Finite_Map.map_filter_def domIff rev_finite_subset subsetI) (> 197 ms, timed out)
0.sledgehammer goal.by        39614ms HOL-Library.Finite_Map 87:2503  some Preplay: (smt (cvc5, no_simp) Finite_Map.map_filter_def domIff rev_finite_subset subsetI) (> 197 ms, timed out)
0.sledgehammer goal.proof     13908ms HOL-Library.Finite_Map 125:3807  timeout (SH 13907ms): Timed out
0.sledgehammer goal.using     14101ms HOL-Library.Finite_Map 164:4713  timeout (SH 14101ms): Timed out
0.sledgehammer goal.by        13643ms HOL-Library.Finite_Map 165:4725  timeout (SH 13643ms): Timed out
0.sledgehammer goal.by        14150ms HOL-Library.Finite_Map 250:7261  timeout (SH 14150ms): Timed out
0.sledgehammer goal.using     37842ms HOL-Library.Finite_Map 258:7616  some (SH 37841ms, ATP 454ms): Try this: by (smt (cvc5) assms fmap_ext fmupd_lookup)
0.sledgehammer goal.using     37842ms HOL-Library.Finite_Map 258:7616  some Preplay: (smt (cvc5, best) assms fmap_ext fmupd_lookup) (> 1.0 s, timed out)
0.sledgehammer goal.using     37842ms HOL-Library.Finite_Map 258:7616  some Preplay: (smt (cvc5, trigger_last) assms fmap_ext fmupd_lookup) (> 1.0 s, timed out)
0.sledgehammer goal.using     37842ms HOL-Library.Finite_Map 258:7616  some Preplay: (smt (cvc5, quant_saturate) assms fmap_ext fmupd_lookup) (> 1.0 s, timed out)
0.sledgehammer goal.using     37842ms HOL-Library.Finite_Map 258:7616  some Preplay: (smt (cvc5, trigger_max) assms fmap_ext fmupd_lookup) (> 1.0 s, timed out)
0.sledgehammer goal.using     37842ms HOL-Library.Finite_Map 258:7616  some Preplay: (smt (cvc5, trigger_relev) assms fmap_ext fmupd_lookup) (> 1.0 s, timed out)
0.sledgehammer goal.using     37842ms HOL-Library.Finite_Map 258:7616  some Preplay: (smt (cvc5, term_relev) assms fmap_ext fmupd_lookup) (> 1.0 s, timed out)
0.sledgehammer goal.using     37842ms HOL-Library.Finite_Map 258:7616  some Preplay: (smt (cvc5, noematch) assms fmap_ext fmupd_lookup) (> 1.0 s, timed out)
0.sledgehammer goal.using     37842ms HOL-Library.Finite_Map 258:7616  some Preplay: (smt (cvc5, fmf) assms fmap_ext fmupd_lookup) (> 1.0 s, timed out)
0.sledgehammer goal.using     37842ms HOL-Library.Finite_Map 258:7616  some Preplay: (smt (cvc5, no_simp) assms fmap_ext fmupd_lookup) (> 1.0 s, timed out)
0.sledgehammer goal.by        37568ms HOL-Library.Finite_Map 259:7628  some (SH 37568ms, ATP 459ms): Try this: by (smt (cvc5) fmap_ext fmupd_lookup)
0.sledgehammer goal.by        37568ms HOL-Library.Finite_Map 259:7628  some Preplay: (smt (cvc5, best) fmap_ext fmupd_lookup) (> 1.0 s, timed out)
0.sledgehammer goal.by        37568ms HOL-Library.Finite_Map 259:7628  some Preplay: (smt (cvc5, trigger_last) fmap_ext fmupd_lookup) (> 1.0 s, timed out)
0.sledgehammer goal.by        37568ms HOL-Library.Finite_Map 259:7628  some Preplay: (smt (cvc5, quant_saturate) fmap_ext fmupd_lookup) (> 1.0 s, timed out)
0.sledgehammer goal.by        37568ms HOL-Library.Finite_Map 259:7628  some Preplay: (smt (cvc5, trigger_max) fmap_ext fmupd_lookup) (> 1.0 s, timed out)
0.sledgehammer goal.by        37568ms HOL-Library.Finite_Map 259:7628  some Preplay: (smt (cvc5, trigger_relev) fmap_ext fmupd_lookup) (> 1.0 s, timed out)
0.sledgehammer goal.by        37568ms HOL-Library.Finite_Map 259:7628  some Preplay: (smt (cvc5, term_relev) fmap_ext fmupd_lookup) (> 1.0 s, timed out)
0.sledgehammer goal.by        37568ms HOL-Library.Finite_Map 259:7628  some Preplay: (smt (cvc5, noematch) fmap_ext fmupd_lookup) (> 1.0 s, timed out)
0.sledgehammer goal.by        37568ms HOL-Library.Finite_Map 259:7628  some Preplay: (smt (cvc5, fmf) fmap_ext fmupd_lookup) (> 1.0 s, timed out)
0.sledgehammer goal.by        37568ms HOL-Library.Finite_Map 259:7628  some Preplay: (smt (cvc5, no_simp) fmap_ext fmupd_lookup) (> 1.0 s, timed out)
0.sledgehammer goal.by        14292ms HOL-Library.Finite_Map 270:7973  timeout (SH 14291ms): Timed out
0.sledgehammer goal.using     55669ms HOL-Library.Finite_Map 295:8792  some (SH 55667ms, ATP 423ms): Try this: by (smt (cvc5, trigger_relev) assms fmap_ext[of fmempty "fmfilter P m"] fmempty_lookup fmlookup_filter[of P m] not_Some_eq[of "fmlookup m _"]) (222 ms)
0.sledgehammer goal.using     55669ms HOL-Library.Finite_Map 295:8792  some Preplay: (smt (cvc5, trigger_relev) assms fmap_ext[of fmempty "fmfilter P m"] fmempty_lookup fmlookup_filter[of P m] not_Some_eq[of "fmlookup m _"]) (222 ms)
0.sledgehammer goal.using     55669ms HOL-Library.Finite_Map 295:8792  some Preplay: (smt (cvc5, trigger_last) assms fmap_ext[of fmempty "fmfilter P m"] fmempty_lookup fmlookup_filter[of P m] not_Some_eq[of "fmlookup m _"]) (232 ms)
0.sledgehammer goal.using     55669ms HOL-Library.Finite_Map 295:8792  some Preplay: (smt (cvc5, best) assms fmap_ext[of fmempty "fmfilter P m"] fmempty_lookup fmlookup_filter[of P m] not_Some_eq[of "fmlookup m _"]) (254 ms)
0.sledgehammer goal.using     55669ms HOL-Library.Finite_Map 295:8792  some Preplay: (smt (cvc5, quant_saturate) assms fmap_ext[of fmempty "fmfilter P m"] fmempty_lookup fmlookup_filter[of P m] not_Some_eq[of "fmlookup m _"]) (258 ms)
0.sledgehammer goal.using     55669ms HOL-Library.Finite_Map 295:8792  some Preplay: (smt (cvc5, no_simp) assms fmap_ext[of fmempty "fmfilter P m"] fmempty_lookup fmlookup_filter[of P m] not_Some_eq[of "fmlookup m _"]) (263 ms)
0.sledgehammer goal.using     55669ms HOL-Library.Finite_Map 295:8792  some Preplay: (smt (cvc5, term_relev) assms fmap_ext[of fmempty "fmfilter P m"] fmempty_lookup fmlookup_filter[of P m] not_Some_eq[of "fmlookup m _"]) (> 222 ms, timed out)
0.sledgehammer goal.using     55669ms HOL-Library.Finite_Map 295:8792  some Preplay: (smt (cvc5, noematch) assms fmap_ext[of fmempty "fmfilter P m"] fmempty_lookup fmlookup_filter[of P m] not_Some_eq[of "fmlookup m _"]) (> 222 ms, timed out)
0.sledgehammer goal.using     55669ms HOL-Library.Finite_Map 295:8792  some Preplay: (smt (cvc5, fmf) assms fmap_ext[of fmempty "fmfilter P m"] fmempty_lookup fmlookup_filter[of P m] not_Some_eq[of "fmlookup m _"]) (> 222 ms, timed out)
0.sledgehammer goal.using     55669ms HOL-Library.Finite_Map 295:8792  some Preplay: (smt (cvc5, trigger_max) assms fmap_ext[of fmempty "fmfilter P m"] fmempty_lookup fmlookup_filter[of P m] not_Some_eq[of "fmlookup m _"]) (> 232 ms, timed out)
0.sledgehammer goal.by        101866ms HOL-Library.Finite_Map 295:8804  some (SH 101865ms, ATP 862ms): Try this: by (smt (cvc5, quant_saturate) disjoint_iff dom_eq_empty_conv filter_fset fmdom.rep_eq fmdom_filter fmempty.abs_eq fmlookup_dom_iff fmlookup_inverse mem_Collect_eq) (636 ms)
0.sledgehammer goal.by        101866ms HOL-Library.Finite_Map 295:8804  some Preplay: (smt (cvc5, quant_saturate) disjoint_iff dom_eq_empty_conv filter_fset fmdom.rep_eq fmdom_filter fmempty.abs_eq fmlookup_dom_iff fmlookup_inverse mem_Collect_eq) (636 ms)
0.sledgehammer goal.by        101866ms HOL-Library.Finite_Map 295:8804  some Preplay: (smt (cvc5, best) disjoint_iff dom_eq_empty_conv filter_fset fmdom.rep_eq fmdom_filter fmempty.abs_eq fmlookup_dom_iff fmlookup_inverse mem_Collect_eq) (737 ms)
0.sledgehammer goal.by        101866ms HOL-Library.Finite_Map 295:8804  some Preplay: (smt (cvc5, no_simp) disjoint_iff dom_eq_empty_conv filter_fset fmdom.rep_eq fmdom_filter fmempty.abs_eq fmlookup_dom_iff fmlookup_inverse mem_Collect_eq) (747 ms)
0.sledgehammer goal.by        101866ms HOL-Library.Finite_Map 295:8804  some Preplay: (smt (cvc5, term_relev) disjoint_iff dom_eq_empty_conv filter_fset fmdom.rep_eq fmdom_filter fmempty.abs_eq fmlookup_dom_iff fmlookup_inverse mem_Collect_eq) (774 ms)
0.sledgehammer goal.by        101866ms HOL-Library.Finite_Map 295:8804  some Preplay: (smt (cvc5, trigger_max) disjoint_iff dom_eq_empty_conv filter_fset fmdom.rep_eq fmdom_filter fmempty.abs_eq fmlookup_dom_iff fmlookup_inverse mem_Collect_eq) (775 ms)
0.sledgehammer goal.by        101866ms HOL-Library.Finite_Map 295:8804  some Preplay: (smt (cvc5, noematch) disjoint_iff dom_eq_empty_conv filter_fset fmdom.rep_eq fmdom_filter fmempty.abs_eq fmlookup_dom_iff fmlookup_inverse mem_Collect_eq) (783 ms)
0.sledgehammer goal.by        101866ms HOL-Library.Finite_Map 295:8804  some Preplay: (smt (cvc5, trigger_relev) disjoint_iff dom_eq_empty_conv filter_fset fmdom.rep_eq fmdom_filter fmempty.abs_eq fmlookup_dom_iff fmlookup_inverse mem_Collect_eq) (826 ms)
0.sledgehammer goal.by        101866ms HOL-Library.Finite_Map 295:8804  some Preplay: (smt (cvc5, trigger_last) disjoint_iff dom_eq_empty_conv filter_fset fmdom.rep_eq fmdom_filter fmempty.abs_eq fmlookup_dom_iff fmlookup_inverse mem_Collect_eq) (845 ms)
0.sledgehammer goal.by        101866ms HOL-Library.Finite_Map 295:8804  some Preplay: (smt (cvc5, fmf) disjoint_iff dom_eq_empty_conv filter_fset fmdom.rep_eq fmdom_filter fmempty.abs_eq fmlookup_dom_iff fmlookup_inverse mem_Collect_eq) (> 636 ms, timed out)
0.sledgehammer goal.unfolding 13863ms HOL-Library.Finite_Map 301:9054  timeout (SH 13863ms): Timed out
0.sledgehammer goal.proof     26411ms HOL-Library.Finite_Map 306:9205  some (SH 26411ms, ATP 649ms): Try this: by (smt (cvc5, trigger_max) assms fmfilter_comm fmfilter_true fmlookup_filter option.distinct(1)) (2.2 s)
0.sledgehammer goal.proof     26411ms HOL-Library.Finite_Map 306:9205  some Preplay: (smt (cvc5, trigger_max) assms fmfilter_comm fmfilter_true fmlookup_filter option.distinct(1)) (2.2 s)
0.sledgehammer goal.proof     26411ms HOL-Library.Finite_Map 306:9205  some Preplay: (smt (cvc5, best) assms fmfilter_comm fmfilter_true fmlookup_filter option.distinct(1)) (> 1.0 s, timed out)
0.sledgehammer goal.proof     26411ms HOL-Library.Finite_Map 306:9205  some Preplay: (smt (cvc5, trigger_last) assms fmfilter_comm fmfilter_true fmlookup_filter option.distinct(1)) (> 1.0 s, timed out)
0.sledgehammer goal.proof     26411ms HOL-Library.Finite_Map 306:9205  some Preplay: (smt (cvc5, quant_saturate) assms fmfilter_comm fmfilter_true fmlookup_filter option.distinct(1)) (> 1.0 s, timed out)
0.sledgehammer goal.proof     26411ms HOL-Library.Finite_Map 306:9205  some Preplay: (smt (cvc5, trigger_relev) assms fmfilter_comm fmfilter_true fmlookup_filter option.distinct(1)) (> 1.0 s, timed out)
0.sledgehammer goal.proof     26411ms HOL-Library.Finite_Map 306:9205  some Preplay: (smt (cvc5, term_relev) assms fmfilter_comm fmfilter_true fmlookup_filter option.distinct(1)) (> 1.0 s, timed out)
0.sledgehammer goal.proof     26411ms HOL-Library.Finite_Map 306:9205  some Preplay: (smt (cvc5, noematch) assms fmfilter_comm fmfilter_true fmlookup_filter option.distinct(1)) (> 1.0 s, timed out)
0.sledgehammer goal.proof     26411ms HOL-Library.Finite_Map 306:9205  some Preplay: (smt (cvc5, fmf) assms fmfilter_comm fmfilter_true fmlookup_filter option.distinct(1)) (> 1.0 s, timed out)
0.sledgehammer goal.proof     26411ms HOL-Library.Finite_Map 306:9205  some Preplay: (smt (cvc5, no_simp) assms fmfilter_comm fmfilter_true fmlookup_filter option.distinct(1)) (> 1.0 s, timed out)
0.sledgehammer goal.by        13833ms HOL-Library.Finite_Map 322:9709  timeout (SH 13833ms): Timed out
0.sledgehammer goal.unfolding 11910ms HOL-Library.Finite_Map 327:9871  some (SH 11910ms, ATP 501ms): Try this: by (smt (cvc5, best) map_drop_def map_filter_finite) (119 ms)
0.sledgehammer goal.unfolding 11910ms HOL-Library.Finite_Map 327:9871  some Preplay: (smt (cvc5, best) map_drop_def map_filter_finite) (119 ms)
0.sledgehammer goal.unfolding 11910ms HOL-Library.Finite_Map 327:9871  some Preplay: (smt (cvc5, fmf) map_drop_def map_filter_finite) (175 ms)
0.sledgehammer goal.unfolding 11910ms HOL-Library.Finite_Map 327:9871  some Preplay: (smt (cvc5, no_simp) map_drop_def map_filter_finite) (197 ms)
0.sledgehammer goal.unfolding 11910ms HOL-Library.Finite_Map 327:9871  some Preplay: (smt (cvc5, trigger_last) map_drop_def map_filter_finite) (> 119 ms, timed out)
0.sledgehammer goal.unfolding 11910ms HOL-Library.Finite_Map 327:9871  some Preplay: (smt (cvc5, quant_saturate) map_drop_def map_filter_finite) (> 119 ms, timed out)
0.sledgehammer goal.unfolding 11910ms HOL-Library.Finite_Map 327:9871  some Preplay: (smt (cvc5, trigger_max) map_drop_def map_filter_finite) (> 119 ms, timed out)
0.sledgehammer goal.unfolding 11910ms HOL-Library.Finite_Map 327:9871  some Preplay: (smt (cvc5, trigger_relev) map_drop_def map_filter_finite) (> 119 ms, timed out)
0.sledgehammer goal.unfolding 11910ms HOL-Library.Finite_Map 327:9871  some Preplay: (smt (cvc5, term_relev) map_drop_def map_filter_finite) (> 119 ms, timed out)
0.sledgehammer goal.unfolding 11910ms HOL-Library.Finite_Map 327:9871  some Preplay: (smt (cvc5, noematch) map_drop_def map_filter_finite) (> 119 ms, timed out)
0.sledgehammer goal.by        27254ms HOL-Library.Finite_Map 330:9963  some (SH 27254ms, ATP 548ms): Try this: by (smt (cvc5, trigger_last) Finite_Map.map_filter_def fmdrop.rep_eq map_drop_def) (119 ms)
0.sledgehammer goal.by        27254ms HOL-Library.Finite_Map 330:9963  some Preplay: (smt (cvc5, trigger_last) Finite_Map.map_filter_def fmdrop.rep_eq map_drop_def) (119 ms)
0.sledgehammer goal.by        27254ms HOL-Library.Finite_Map 330:9963  some Preplay: (smt (cvc5, best) Finite_Map.map_filter_def fmdrop.rep_eq map_drop_def) (145 ms)
0.sledgehammer goal.by        27254ms HOL-Library.Finite_Map 330:9963  some Preplay: (smt (cvc5, quant_saturate) Finite_Map.map_filter_def fmdrop.rep_eq map_drop_def) (> 119 ms, timed out)
0.sledgehammer goal.by        27254ms HOL-Library.Finite_Map 330:9963  some Preplay: (smt (cvc5, trigger_max) Finite_Map.map_filter_def fmdrop.rep_eq map_drop_def) (> 119 ms, timed out)
0.sledgehammer goal.by        27254ms HOL-Library.Finite_Map 330:9963  some Preplay: (smt (cvc5, trigger_relev) Finite_Map.map_filter_def fmdrop.rep_eq map_drop_def) (> 119 ms, timed out)
0.sledgehammer goal.by        27254ms HOL-Library.Finite_Map 330:9963  some Preplay: (smt (cvc5, term_relev) Finite_Map.map_filter_def fmdrop.rep_eq map_drop_def) (> 119 ms, timed out)
0.sledgehammer goal.by        27254ms HOL-Library.Finite_Map 330:9963  some Preplay: (smt (cvc5, noematch) Finite_Map.map_filter_def fmdrop.rep_eq map_drop_def) (> 119 ms, timed out)
0.sledgehammer goal.by        27254ms HOL-Library.Finite_Map 330:9963  some Preplay: (smt (cvc5, fmf) Finite_Map.map_filter_def fmdrop.rep_eq map_drop_def) (> 119 ms, timed out)
0.sledgehammer goal.by        27254ms HOL-Library.Finite_Map 330:9963  some Preplay: (smt (cvc5, no_simp) Finite_Map.map_filter_def fmdrop.rep_eq map_drop_def) (> 119 ms, timed out)
0.sledgehammer goal.unfolding 13354ms HOL-Library.Finite_Map 335:10142  some (SH 13354ms, ATP 473ms): Try this: by (smt (cvc5, quant_saturate) map_drop_set_def map_filter_finite) (177 ms)
0.sledgehammer goal.unfolding 13354ms HOL-Library.Finite_Map 335:10142  some Preplay: (smt (cvc5, quant_saturate) map_drop_set_def map_filter_finite) (177 ms)
0.sledgehammer goal.unfolding 13354ms HOL-Library.Finite_Map 335:10142  some Preplay: (smt (cvc5, best) map_drop_set_def map_filter_finite) (191 ms)
0.sledgehammer goal.unfolding 13354ms HOL-Library.Finite_Map 335:10142  some Preplay: (smt (cvc5, trigger_last) map_drop_set_def map_filter_finite) (192 ms)
0.sledgehammer goal.unfolding 13354ms HOL-Library.Finite_Map 335:10142  some Preplay: (smt (cvc5, trigger_max) map_drop_set_def map_filter_finite) (206 ms)
0.sledgehammer goal.unfolding 13354ms HOL-Library.Finite_Map 335:10142  some Preplay: (smt (cvc5, no_simp) map_drop_set_def map_filter_finite) (212 ms)
0.sledgehammer goal.unfolding 13354ms HOL-Library.Finite_Map 335:10142  some Preplay: (smt (cvc5, fmf) map_drop_set_def map_filter_finite) (220 ms)
0.sledgehammer goal.unfolding 13354ms HOL-Library.Finite_Map 335:10142  some Preplay: (smt (cvc5, noematch) map_drop_set_def map_filter_finite) (247 ms)
0.sledgehammer goal.unfolding 13354ms HOL-Library.Finite_Map 335:10142  some Preplay: (smt (cvc5, trigger_relev) map_drop_set_def map_filter_finite) (269 ms)
0.sledgehammer goal.unfolding 13354ms HOL-Library.Finite_Map 335:10142  some Preplay: (smt (cvc5, term_relev) map_drop_set_def map_filter_finite) (516 ms)
0.sledgehammer goal.unfolding 13733ms HOL-Library.Finite_Map 340:10304  some (SH 13733ms, ATP 463ms): Try this: by (smt (cvc5, quant_saturate) map_drop_set_def map_filter_finite) (209 ms)
0.sledgehammer goal.unfolding 13733ms HOL-Library.Finite_Map 340:10304  some Preplay: (smt (cvc5, quant_saturate) map_drop_set_def map_filter_finite) (209 ms)
0.sledgehammer goal.unfolding 13733ms HOL-Library.Finite_Map 340:10304  some Preplay: (smt (cvc5, no_simp) map_drop_set_def map_filter_finite) (244 ms)
0.sledgehammer goal.unfolding 13733ms HOL-Library.Finite_Map 340:10304  some Preplay: (smt (cvc5, trigger_last) map_drop_set_def map_filter_finite) (251 ms)
0.sledgehammer goal.unfolding 13733ms HOL-Library.Finite_Map 340:10304  some Preplay: (smt (cvc5, fmf) map_drop_set_def map_filter_finite) (252 ms)
0.sledgehammer goal.unfolding 13733ms HOL-Library.Finite_Map 340:10304  some Preplay: (smt (cvc5, trigger_max) map_drop_set_def map_filter_finite) (264 ms)
0.sledgehammer goal.unfolding 13733ms HOL-Library.Finite_Map 340:10304  some Preplay: (smt (cvc5, best) map_drop_set_def map_filter_finite) (267 ms)
0.sledgehammer goal.unfolding 13733ms HOL-Library.Finite_Map 340:10304  some Preplay: (smt (cvc5, noematch) map_drop_set_def map_filter_finite) (278 ms)
0.sledgehammer goal.unfolding 13733ms HOL-Library.Finite_Map 340:10304  some Preplay: (smt (cvc5, term_relev) map_drop_set_def map_filter_finite) (391 ms)
0.sledgehammer goal.unfolding 13733ms HOL-Library.Finite_Map 340:10304  some Preplay: (smt (cvc5, trigger_relev) map_drop_set_def map_filter_finite) (707 ms)
0.sledgehammer goal.unfolding 13920ms HOL-Library.Finite_Map 350:10654  some (SH 13919ms, ATP 468ms): Try this: by (smt (cvc5, trigger_last) map_filter_finite map_restrict_set_def) (217 ms)
0.sledgehammer goal.unfolding 13920ms HOL-Library.Finite_Map 350:10654  some Preplay: (smt (cvc5, trigger_last) map_filter_finite map_restrict_set_def) (217 ms)
0.sledgehammer goal.unfolding 13920ms HOL-Library.Finite_Map 350:10654  some Preplay: (smt (cvc5, noematch) map_filter_finite map_restrict_set_def) (225 ms)
0.sledgehammer goal.unfolding 13920ms HOL-Library.Finite_Map 350:10654  some Preplay: (smt (cvc5, fmf) map_filter_finite map_restrict_set_def) (226 ms)
0.sledgehammer goal.unfolding 13920ms HOL-Library.Finite_Map 350:10654  some Preplay: (smt (cvc5, best) map_filter_finite map_restrict_set_def) (265 ms)
0.sledgehammer goal.unfolding 13920ms HOL-Library.Finite_Map 350:10654  some Preplay: (smt (cvc5, no_simp) map_filter_finite map_restrict_set_def) (269 ms)
0.sledgehammer goal.unfolding 13920ms HOL-Library.Finite_Map 350:10654  some Preplay: (smt (cvc5, quant_saturate) map_filter_finite map_restrict_set_def) (286 ms)
0.sledgehammer goal.unfolding 13920ms HOL-Library.Finite_Map 350:10654  some Preplay: (smt (cvc5, term_relev) map_filter_finite map_restrict_set_def) (289 ms)
0.sledgehammer goal.unfolding 13920ms HOL-Library.Finite_Map 350:10654  some Preplay: (smt (cvc5, trigger_max) map_filter_finite map_restrict_set_def) (528 ms)
0.sledgehammer goal.unfolding 13920ms HOL-Library.Finite_Map 350:10654  some Preplay: (smt (cvc5, trigger_relev) map_filter_finite map_restrict_set_def) (595 ms)
0.sledgehammer goal.by        13972ms HOL-Library.Finite_Map 358:10931  timeout (SH 13971ms): Timed out
0.sledgehammer goal.unfolding 13927ms HOL-Library.Finite_Map 360:11073  timeout (SH 13927ms): Timed out
0.sledgehammer goal.by        13318ms HOL-Library.Finite_Map 360:11101  timeout (SH 13318ms): Timed out
0.sledgehammer goal.unfolding 13699ms HOL-Library.Finite_Map 362:11279  timeout (SH 13699ms): Timed out
0.sledgehammer goal.unfolding 13889ms HOL-Library.Finite_Map 363:11384  timeout (SH 13888ms): Timed out
0.sledgehammer goal.unfolding 44337ms HOL-Library.Finite_Map 364:11481  some (SH 44337ms, ATP 827ms): Try this: by (smt (cvc5, trigger_last) Finite_Map.map_filter_def fmdom'_notI fmrestrict_set.rep_eq map_restrict_set_def subsetI) (183 ms)
0.sledgehammer goal.unfolding 44337ms HOL-Library.Finite_Map 364:11481  some Preplay: (smt (cvc5, trigger_last) Finite_Map.map_filter_def fmdom'_notI fmrestrict_set.rep_eq map_restrict_set_def subsetI) (183 ms)
0.sledgehammer goal.unfolding 44337ms HOL-Library.Finite_Map 364:11481  some Preplay: (smt (cvc5, best) Finite_Map.map_filter_def fmdom'_notI fmrestrict_set.rep_eq map_restrict_set_def subsetI) (208 ms)
0.sledgehammer goal.unfolding 44337ms HOL-Library.Finite_Map 364:11481  some Preplay: (smt (cvc5, quant_saturate) Finite_Map.map_filter_def fmdom'_notI fmrestrict_set.rep_eq map_restrict_set_def subsetI) (> 183 ms, timed out)
0.sledgehammer goal.unfolding 44337ms HOL-Library.Finite_Map 364:11481  some Preplay: (smt (cvc5, trigger_max) Finite_Map.map_filter_def fmdom'_notI fmrestrict_set.rep_eq map_restrict_set_def subsetI) (> 183 ms, timed out)
0.sledgehammer goal.unfolding 44337ms HOL-Library.Finite_Map 364:11481  some Preplay: (smt (cvc5, trigger_relev) Finite_Map.map_filter_def fmdom'_notI fmrestrict_set.rep_eq map_restrict_set_def subsetI) (> 183 ms, timed out)
0.sledgehammer goal.unfolding 44337ms HOL-Library.Finite_Map 364:11481  some Preplay: (smt (cvc5, term_relev) Finite_Map.map_filter_def fmdom'_notI fmrestrict_set.rep_eq map_restrict_set_def subsetI) (> 183 ms, timed out)
0.sledgehammer goal.unfolding 44337ms HOL-Library.Finite_Map 364:11481  some Preplay: (smt (cvc5, noematch) Finite_Map.map_filter_def fmdom'_notI fmrestrict_set.rep_eq map_restrict_set_def subsetI) (> 183 ms, timed out)
0.sledgehammer goal.unfolding 44337ms HOL-Library.Finite_Map 364:11481  some Preplay: (smt (cvc5, fmf) Finite_Map.map_filter_def fmdom'_notI fmrestrict_set.rep_eq map_restrict_set_def subsetI) (> 183 ms, timed out)
0.sledgehammer goal.unfolding 44337ms HOL-Library.Finite_Map 364:11481  some Preplay: (smt (cvc5, no_simp) Finite_Map.map_filter_def fmdom'_notI fmrestrict_set.rep_eq map_restrict_set_def subsetI) (> 183 ms, timed out)
0.sledgehammer goal.unfolding 42207ms HOL-Library.Finite_Map 365:11580  some (SH 42206ms, ATP 937ms): Try this: by (smt (cvc5, trigger_max) dom_fmlookup fmdom'_restrict_set fmdom.rep_eq fmrestrict_fset.rep_eq fmrestrict_set.rep_eq less_eq_fset.rep_eq) (64 ms)
0.sledgehammer goal.unfolding 42207ms HOL-Library.Finite_Map 365:11580  some Preplay: (smt (cvc5, trigger_max) dom_fmlookup fmdom'_restrict_set fmdom.rep_eq fmrestrict_fset.rep_eq fmrestrict_set.rep_eq less_eq_fset.rep_eq) (64 ms)
0.sledgehammer goal.unfolding 42207ms HOL-Library.Finite_Map 365:11580  some Preplay: (smt (cvc5, trigger_last) dom_fmlookup fmdom'_restrict_set fmdom.rep_eq fmrestrict_fset.rep_eq fmrestrict_set.rep_eq less_eq_fset.rep_eq) (132 ms)
0.sledgehammer goal.unfolding 42207ms HOL-Library.Finite_Map 365:11580  some Preplay: (smt (cvc5, best) dom_fmlookup fmdom'_restrict_set fmdom.rep_eq fmrestrict_fset.rep_eq fmrestrict_set.rep_eq less_eq_fset.rep_eq) (171 ms)
0.sledgehammer goal.unfolding 42207ms HOL-Library.Finite_Map 365:11580  some Preplay: (smt (cvc5, trigger_relev) dom_fmlookup fmdom'_restrict_set fmdom.rep_eq fmrestrict_fset.rep_eq fmrestrict_set.rep_eq less_eq_fset.rep_eq) (> 64 ms, timed out)
0.sledgehammer goal.unfolding 42207ms HOL-Library.Finite_Map 365:11580  some Preplay: (smt (cvc5, term_relev) dom_fmlookup fmdom'_restrict_set fmdom.rep_eq fmrestrict_fset.rep_eq fmrestrict_set.rep_eq less_eq_fset.rep_eq) (> 64 ms, timed out)
0.sledgehammer goal.unfolding 42207ms HOL-Library.Finite_Map 365:11580  some Preplay: (smt (cvc5, noematch) dom_fmlookup fmdom'_restrict_set fmdom.rep_eq fmrestrict_fset.rep_eq fmrestrict_set.rep_eq less_eq_fset.rep_eq) (> 64 ms, timed out)
0.sledgehammer goal.unfolding 42207ms HOL-Library.Finite_Map 365:11580  some Preplay: (smt (cvc5, fmf) dom_fmlookup fmdom'_restrict_set fmdom.rep_eq fmrestrict_fset.rep_eq fmrestrict_set.rep_eq less_eq_fset.rep_eq) (> 64 ms, timed out)
0.sledgehammer goal.unfolding 42207ms HOL-Library.Finite_Map 365:11580  some Preplay: (smt (cvc5, no_simp) dom_fmlookup fmdom'_restrict_set fmdom.rep_eq fmrestrict_fset.rep_eq fmrestrict_set.rep_eq less_eq_fset.rep_eq) (> 64 ms, timed out)
0.sledgehammer goal.unfolding 42207ms HOL-Library.Finite_Map 365:11580  some Preplay: (smt (cvc5, quant_saturate) dom_fmlookup fmdom'_restrict_set fmdom.rep_eq fmrestrict_fset.rep_eq fmrestrict_set.rep_eq less_eq_fset.rep_eq) (> 132 ms, timed out)
0.sledgehammer goal.by        53566ms HOL-Library.Finite_Map 371:11838  timeout (SH 53566ms):
0.sledgehammer goal.unfolding 40236ms HOL-Library.Finite_Map 380:12210  some (SH 40236ms, ATP 526ms): Try this: by (smt (cvc5, term_relev) Collect_mem_eq filter_fset fmdom'_alt_def fmdom_filter fmfilter_alt_defs(4) inf_commute) (53 ms)
0.sledgehammer goal.unfolding 40236ms HOL-Library.Finite_Map 380:12210  some Preplay: (smt (cvc5, term_relev) Collect_mem_eq filter_fset fmdom'_alt_def fmdom_filter fmfilter_alt_defs(4) inf_commute) (53 ms)
0.sledgehammer goal.unfolding 40236ms HOL-Library.Finite_Map 380:12210  some Preplay: (smt (cvc5, trigger_relev) Collect_mem_eq filter_fset fmdom'_alt_def fmdom_filter fmfilter_alt_defs(4) inf_commute) (76 ms)
0.sledgehammer goal.unfolding 40236ms HOL-Library.Finite_Map 380:12210  some Preplay: (smt (cvc5, quant_saturate) Collect_mem_eq filter_fset fmdom'_alt_def fmdom_filter fmfilter_alt_defs(4) inf_commute) (107 ms)
0.sledgehammer goal.unfolding 40236ms HOL-Library.Finite_Map 380:12210  some Preplay: (smt (cvc5, trigger_last) Collect_mem_eq filter_fset fmdom'_alt_def fmdom_filter fmfilter_alt_defs(4) inf_commute) (135 ms)
0.sledgehammer goal.unfolding 40236ms HOL-Library.Finite_Map 380:12210  some Preplay: (smt (cvc5, best) Collect_mem_eq filter_fset fmdom'_alt_def fmdom_filter fmfilter_alt_defs(4) inf_commute) (148 ms)
0.sledgehammer goal.unfolding 40236ms HOL-Library.Finite_Map 380:12210  some Preplay: (smt (cvc5, noematch) Collect_mem_eq filter_fset fmdom'_alt_def fmdom_filter fmfilter_alt_defs(4) inf_commute) (> 53 ms, timed out)
0.sledgehammer goal.unfolding 40236ms HOL-Library.Finite_Map 380:12210  some Preplay: (smt (cvc5, fmf) Collect_mem_eq filter_fset fmdom'_alt_def fmdom_filter fmfilter_alt_defs(4) inf_commute) (> 53 ms, timed out)
0.sledgehammer goal.unfolding 40236ms HOL-Library.Finite_Map 380:12210  some Preplay: (smt (cvc5, no_simp) Collect_mem_eq filter_fset fmdom'_alt_def fmdom_filter fmfilter_alt_defs(4) inf_commute) (> 53 ms, timed out)
0.sledgehammer goal.unfolding 40236ms HOL-Library.Finite_Map 380:12210  some Preplay: (smt (cvc5, trigger_max) Collect_mem_eq filter_fset fmdom'_alt_def fmdom_filter fmfilter_alt_defs(4) inf_commute) (> 107 ms, timed out)
0.sledgehammer goal.unfolding 91937ms HOL-Library.Finite_Map 383:12329  some (SH 91937ms, ATP 707ms): Try this: by (smt (cvc5, quant_saturate) dom_fmlookup fmdom'_restrict_set_precise fmdom.rep_eq fmrestrict_fset.rep_eq fmrestrict_set.rep_eq fset_cong inf_fset.rep_eq) (508 ms)
0.sledgehammer goal.unfolding 91937ms HOL-Library.Finite_Map 383:12329  some Preplay: (smt (cvc5, quant_saturate) dom_fmlookup fmdom'_restrict_set_precise fmdom.rep_eq fmrestrict_fset.rep_eq fmrestrict_set.rep_eq fset_cong inf_fset.rep_eq) (508 ms)
0.sledgehammer goal.unfolding 91937ms HOL-Library.Finite_Map 383:12329  some Preplay: (smt (cvc5, no_simp) dom_fmlookup fmdom'_restrict_set_precise fmdom.rep_eq fmrestrict_fset.rep_eq fmrestrict_set.rep_eq fset_cong inf_fset.rep_eq) (683 ms)
0.sledgehammer goal.unfolding 91937ms HOL-Library.Finite_Map 383:12329  some Preplay: (smt (cvc5, best) dom_fmlookup fmdom'_restrict_set_precise fmdom.rep_eq fmrestrict_fset.rep_eq fmrestrict_set.rep_eq fset_cong inf_fset.rep_eq) (696 ms)
0.sledgehammer goal.unfolding 91937ms HOL-Library.Finite_Map 383:12329  some Preplay: (smt (cvc5, noematch) dom_fmlookup fmdom'_restrict_set_precise fmdom.rep_eq fmrestrict_fset.rep_eq fmrestrict_set.rep_eq fset_cong inf_fset.rep_eq) (709 ms)
0.sledgehammer goal.unfolding 91937ms HOL-Library.Finite_Map 383:12329  some Preplay: (smt (cvc5, fmf) dom_fmlookup fmdom'_restrict_set_precise fmdom.rep_eq fmrestrict_fset.rep_eq fmrestrict_set.rep_eq fset_cong inf_fset.rep_eq) (721 ms)
0.sledgehammer goal.unfolding 91937ms HOL-Library.Finite_Map 383:12329  some Preplay: (smt (cvc5, term_relev) dom_fmlookup fmdom'_restrict_set_precise fmdom.rep_eq fmrestrict_fset.rep_eq fmrestrict_set.rep_eq fset_cong inf_fset.rep_eq) (731 ms)
0.sledgehammer goal.unfolding 91937ms HOL-Library.Finite_Map 383:12329  some Preplay: (smt (cvc5, trigger_max) dom_fmlookup fmdom'_restrict_set_precise fmdom.rep_eq fmrestrict_fset.rep_eq fmrestrict_set.rep_eq fset_cong inf_fset.rep_eq) (1.0 s)
0.sledgehammer goal.unfolding 91937ms HOL-Library.Finite_Map 383:12329  some Preplay: (smt (cvc5, trigger_last) dom_fmlookup fmdom'_restrict_set_precise fmdom.rep_eq fmrestrict_fset.rep_eq fmrestrict_set.rep_eq fset_cong inf_fset.rep_eq) (1.0 s)
0.sledgehammer goal.unfolding 91937ms HOL-Library.Finite_Map 383:12329  some Preplay: (smt (cvc5, trigger_relev) dom_fmlookup fmdom'_restrict_set_precise fmdom.rep_eq fmrestrict_fset.rep_eq fmrestrict_set.rep_eq fset_cong inf_fset.rep_eq) (1.2 s)
0.sledgehammer goal.unfolding 16389ms HOL-Library.Finite_Map 393:12764  some (SH 16389ms, ATP 579ms): Try this: by (smt (cvc5, quant_saturate) fmfilter_alt_defs(1) fmlookup_filter) (1.2 s)
0.sledgehammer goal.unfolding 16389ms HOL-Library.Finite_Map 393:12764  some Preplay: (smt (cvc5, quant_saturate) fmfilter_alt_defs(1) fmlookup_filter) (1.2 s)
0.sledgehammer goal.unfolding 16389ms HOL-Library.Finite_Map 393:12764  some Preplay: (smt (cvc5, fmf) fmfilter_alt_defs(1) fmlookup_filter) (1.6 s)
0.sledgehammer goal.unfolding 16389ms HOL-Library.Finite_Map 393:12764  some Preplay: (smt (cvc5, noematch) fmfilter_alt_defs(1) fmlookup_filter) (2.1 s)
0.sledgehammer goal.unfolding 16389ms HOL-Library.Finite_Map 393:12764  some Preplay: (smt (cvc5, best) fmfilter_alt_defs(1) fmlookup_filter) (failed)
0.sledgehammer goal.unfolding 16389ms HOL-Library.Finite_Map 393:12764  some Preplay: (smt (cvc5, trigger_last) fmfilter_alt_defs(1) fmlookup_filter) (failed)
0.sledgehammer goal.unfolding 16389ms HOL-Library.Finite_Map 393:12764  some Preplay: (smt (cvc5, trigger_max) fmfilter_alt_defs(1) fmlookup_filter) (failed)
0.sledgehammer goal.unfolding 16389ms HOL-Library.Finite_Map 393:12764  some Preplay: (smt (cvc5, trigger_relev) fmfilter_alt_defs(1) fmlookup_filter) (failed)
0.sledgehammer goal.unfolding 16389ms HOL-Library.Finite_Map 393:12764  some Preplay: (smt (cvc5, term_relev) fmfilter_alt_defs(1) fmlookup_filter) (failed)
0.sledgehammer goal.unfolding 16389ms HOL-Library.Finite_Map 393:12764  some Preplay: (smt (cvc5, no_simp) fmfilter_alt_defs(1) fmlookup_filter) (failed)
0.sledgehammer goal.unfolding 23703ms HOL-Library.Finite_Map 405:13199  some (SH 23703ms, ATP 634ms): Try this: by (smt (cvc5, best) fmfilter_alt_defs(4) fmlookup_filter) (730 ms)
0.sledgehammer goal.unfolding 23703ms HOL-Library.Finite_Map 405:13199  some Preplay: (smt (cvc5, best) fmfilter_alt_defs(4) fmlookup_filter) (730 ms)
0.sledgehammer goal.unfolding 23703ms HOL-Library.Finite_Map 405:13199  some Preplay: (smt (cvc5, trigger_last) fmfilter_alt_defs(4) fmlookup_filter) (867 ms)
0.sledgehammer goal.unfolding 23703ms HOL-Library.Finite_Map 405:13199  some Preplay: (smt (cvc5, no_simp) fmfilter_alt_defs(4) fmlookup_filter) (970 ms)
0.sledgehammer goal.unfolding 23703ms HOL-Library.Finite_Map 405:13199  some Preplay: (smt (cvc5, trigger_max) fmfilter_alt_defs(4) fmlookup_filter) (1.0 s)
0.sledgehammer goal.unfolding 23703ms HOL-Library.Finite_Map 405:13199  some Preplay: (smt (cvc5, quant_saturate) fmfilter_alt_defs(4) fmlookup_filter) (1.0 s)
0.sledgehammer goal.unfolding 23703ms HOL-Library.Finite_Map 405:13199  some Preplay: (smt (cvc5, term_relev) fmfilter_alt_defs(4) fmlookup_filter) (1.2 s)
0.sledgehammer goal.unfolding 23703ms HOL-Library.Finite_Map 405:13199  some Preplay: (smt (cvc5, noematch) fmfilter_alt_defs(4) fmlookup_filter) (1.3 s)
0.sledgehammer goal.unfolding 23703ms HOL-Library.Finite_Map 405:13199  some Preplay: (smt (cvc5, fmf) fmfilter_alt_defs(4) fmlookup_filter) (1.5 s)
0.sledgehammer goal.unfolding 23703ms HOL-Library.Finite_Map 405:13199  some Preplay: (smt (cvc5, trigger_relev) fmfilter_alt_defs(4) fmlookup_filter) (1.5 s)
0.sledgehammer goal.by        23051ms HOL-Library.Finite_Map 412:13455  some (SH 23051ms, ATP 602ms): Try this: by (smt (cvc5, trigger_max) fmdom'I fmfilter_alt_defs(4) fmfilter_true) (371 ms)
0.sledgehammer goal.by        23051ms HOL-Library.Finite_Map 412:13455  some Preplay: (smt (cvc5, trigger_max) fmdom'I fmfilter_alt_defs(4) fmfilter_true) (371 ms)
0.sledgehammer goal.by        23051ms HOL-Library.Finite_Map 412:13455  some Preplay: (smt (cvc5, best) fmdom'I fmfilter_alt_defs(4) fmfilter_true) (378 ms)
0.sledgehammer goal.by        23051ms HOL-Library.Finite_Map 412:13455  some Preplay: (smt (cvc5, noematch) fmdom'I fmfilter_alt_defs(4) fmfilter_true) (385 ms)
0.sledgehammer goal.by        23051ms HOL-Library.Finite_Map 412:13455  some Preplay: (smt (cvc5, quant_saturate) fmdom'I fmfilter_alt_defs(4) fmfilter_true) (388 ms)
0.sledgehammer goal.by        23051ms HOL-Library.Finite_Map 412:13455  some Preplay: (smt (cvc5, fmf) fmdom'I fmfilter_alt_defs(4) fmfilter_true) (394 ms)
0.sledgehammer goal.by        23051ms HOL-Library.Finite_Map 412:13455  some Preplay: (smt (cvc5, term_relev) fmdom'I fmfilter_alt_defs(4) fmfilter_true) (418 ms)
0.sledgehammer goal.by        23051ms HOL-Library.Finite_Map 412:13455  some Preplay: (smt (cvc5, no_simp) fmdom'I fmfilter_alt_defs(4) fmfilter_true) (424 ms)
0.sledgehammer goal.by        23051ms HOL-Library.Finite_Map 412:13455  some Preplay: (smt (cvc5, trigger_last) fmdom'I fmfilter_alt_defs(4) fmfilter_true) (434 ms)
0.sledgehammer goal.by        23051ms HOL-Library.Finite_Map 412:13455  some Preplay: (smt (cvc5, trigger_relev) fmdom'I fmfilter_alt_defs(4) fmfilter_true) (646 ms)
0.sledgehammer goal.by        87379ms HOL-Library.Finite_Map 427:13933  some (SH 87379ms, ATP 514ms): Try this: by (smt (cvc5, trigger_last) dom_eq_empty_conv dom_fmlookup fmdom'_alt_def fmdom'_empty fmdom_drop_fset fmdom_empty fminus_cancel fmlookup_inverse) (260 ms)
0.sledgehammer goal.by        87379ms HOL-Library.Finite_Map 427:13933  some Preplay: (smt (cvc5, trigger_last) dom_eq_empty_conv dom_fmlookup fmdom'_alt_def fmdom'_empty fmdom_drop_fset fmdom_empty fminus_cancel fmlookup_inverse) (260 ms)
0.sledgehammer goal.by        87379ms HOL-Library.Finite_Map 427:13933  some Preplay: (smt (cvc5, trigger_relev) dom_eq_empty_conv dom_fmlookup fmdom'_alt_def fmdom'_empty fmdom_drop_fset fmdom_empty fminus_cancel fmlookup_inverse) (270 ms)
0.sledgehammer goal.by        87379ms HOL-Library.Finite_Map 427:13933  some Preplay: (smt (cvc5, best) dom_eq_empty_conv dom_fmlookup fmdom'_alt_def fmdom'_empty fmdom_drop_fset fmdom_empty fminus_cancel fmlookup_inverse) (291 ms)
0.sledgehammer goal.by        87379ms HOL-Library.Finite_Map 427:13933  some Preplay: (smt (cvc5, term_relev) dom_eq_empty_conv dom_fmlookup fmdom'_alt_def fmdom'_empty fmdom_drop_fset fmdom_empty fminus_cancel fmlookup_inverse) (302 ms)
0.sledgehammer goal.by        87379ms HOL-Library.Finite_Map 427:13933  some Preplay: (smt (cvc5, no_simp) dom_eq_empty_conv dom_fmlookup fmdom'_alt_def fmdom'_empty fmdom_drop_fset fmdom_empty fmempty.abs_eq fminus_cancel fmlookup_inverse) (323 ms)
0.sledgehammer goal.by        87379ms HOL-Library.Finite_Map 427:13933  some Preplay: (smt (cvc5, fmf) dom_eq_empty_conv dom_fmlookup fmdom'_alt_def fmdom'_empty fmdom_drop_fset fmdom_empty fminus_cancel fmlookup_inverse) (378 ms)
0.sledgehammer goal.by        87379ms HOL-Library.Finite_Map 427:13933  some Preplay: (smt (cvc5, noematch) dom_eq_empty_conv dom_fmlookup fmdom'_alt_def fmdom'_empty fmdom_drop_fset fmdom_empty fminus_cancel fmlookup_inverse) (565 ms)
0.sledgehammer goal.by        87379ms HOL-Library.Finite_Map 427:13933  some Preplay: (smt (cvc5, quant_saturate) dom_eq_empty_conv dom_fmlookup fmdom'_alt_def fmdom'_empty fmdom_drop_fset fmdom_empty fminus_cancel fmlookup_inverse) (721 ms)
0.sledgehammer goal.by        87379ms HOL-Library.Finite_Map 427:13933  some Preplay: (smt (cvc5, trigger_max) dom_eq_empty_conv dom_fmlookup fmdom'_alt_def fmdom'_empty fmdom_drop_fset fmdom_empty fminus_cancel fmlookup_inverse) (839 ms)
0.sledgehammer goal.by        35672ms HOL-Library.Finite_Map 430:14058  some (SH 35671ms, ATP 580ms): Try this: by (smt (cvc5, trigger_last) Diff_cancel dom_eq_empty_conv dom_fmlookup fmdom'_drop_set fmempty.abs_eq fmlookup_inverse) (348 ms)
0.sledgehammer goal.by        35672ms HOL-Library.Finite_Map 430:14058  some Preplay: (smt (cvc5, trigger_last) Diff_cancel dom_eq_empty_conv dom_fmlookup fmdom'_drop_set fmempty.abs_eq fmlookup_inverse) (348 ms)
0.sledgehammer goal.by        35672ms HOL-Library.Finite_Map 430:14058  some Preplay: (smt (cvc5, quant_saturate) Diff_cancel dom_eq_empty_conv dom_fmlookup fmdom'_drop_set fmempty.abs_eq fmlookup_inverse) (379 ms)
0.sledgehammer goal.by        35672ms HOL-Library.Finite_Map 430:14058  some Preplay: (smt (cvc5, noematch) Diff_cancel dom_eq_empty_conv dom_fmlookup fmdom'_drop_set fmempty.abs_eq fmlookup_inverse) (411 ms)
0.sledgehammer goal.by        35672ms HOL-Library.Finite_Map 430:14058  some Preplay: (smt (cvc5, best) Diff_cancel dom_eq_empty_conv dom_fmlookup fmdom'_drop_set fmempty.abs_eq fmlookup_inverse) (415 ms)
0.sledgehammer goal.by        35672ms HOL-Library.Finite_Map 430:14058  some Preplay: (smt (cvc5, trigger_max) Diff_cancel dom_eq_empty_conv dom_fmlookup fmdom'_drop_set fmempty.abs_eq fmlookup_inverse) (526 ms)
0.sledgehammer goal.by        35672ms HOL-Library.Finite_Map 430:14058  some Preplay: (smt (cvc5, trigger_relev) Diff_cancel dom_eq_empty_conv dom_fmlookup fmdom'_drop_set fmempty.abs_eq fmlookup_inverse) (831 ms)
0.sledgehammer goal.by        35672ms HOL-Library.Finite_Map 430:14058  some Preplay: (smt (cvc5, term_relev) Diff_cancel dom_eq_empty_conv dom_fmlookup fmdom'_drop_set fmempty.abs_eq fmlookup_inverse) (854 ms)
0.sledgehammer goal.by        35672ms HOL-Library.Finite_Map 430:14058  some Preplay: (smt (cvc5, no_simp) Diff_cancel dom_eq_empty_conv dom_fmlookup fmdom'_drop_set fmempty.abs_eq fmlookup_inverse) (882 ms)
0.sledgehammer goal.by        35672ms HOL-Library.Finite_Map 430:14058  some Preplay: (smt (cvc5, fmf) Diff_cancel dom_eq_empty_conv dom_fmlookup fmdom'_drop_set fmempty.abs_eq fmlookup_inverse) (failed)
0.sledgehammer goal.unfolding  4786ms HOL-Library.Finite_Map 436:14298  some (SH 4786ms, ATP 506ms): Try this: by (smt (cvc5, best) fmfilter_alt_defs(5) fmfilter_empty) (41 ms)
0.sledgehammer goal.unfolding  4786ms HOL-Library.Finite_Map 436:14298  some Preplay: (smt (cvc5, best) fmfilter_alt_defs(5) fmfilter_empty) (41 ms)
0.sledgehammer goal.unfolding  4786ms HOL-Library.Finite_Map 436:14298  some Preplay: (smt (cvc5, trigger_last) fmfilter_alt_defs(5) fmfilter_empty) (> 41 ms, timed out)
0.sledgehammer goal.unfolding  4786ms HOL-Library.Finite_Map 436:14298  some Preplay: (smt (cvc5, quant_saturate) fmfilter_alt_defs(5) fmfilter_empty) (> 41 ms, timed out)
0.sledgehammer goal.unfolding  4786ms HOL-Library.Finite_Map 436:14298  some Preplay: (smt (cvc5, trigger_max) fmfilter_alt_defs(5) fmfilter_empty) (> 41 ms, timed out)
0.sledgehammer goal.unfolding  4786ms HOL-Library.Finite_Map 436:14298  some Preplay: (smt (cvc5, trigger_relev) fmfilter_alt_defs(5) fmfilter_empty) (> 41 ms, timed out)
0.sledgehammer goal.unfolding  4786ms HOL-Library.Finite_Map 436:14298  some Preplay: (smt (cvc5, term_relev) fmfilter_alt_defs(5) fmfilter_empty) (> 41 ms, timed out)
0.sledgehammer goal.unfolding  4786ms HOL-Library.Finite_Map 436:14298  some Preplay: (smt (cvc5, noematch) fmfilter_alt_defs(5) fmfilter_empty) (> 41 ms, timed out)
0.sledgehammer goal.unfolding  4786ms HOL-Library.Finite_Map 436:14298  some Preplay: (smt (cvc5, fmf) fmfilter_alt_defs(5) fmfilter_empty) (> 41 ms, timed out)
0.sledgehammer goal.unfolding  4786ms HOL-Library.Finite_Map 436:14298  some Preplay: (smt (cvc5, no_simp) fmfilter_alt_defs(5) fmfilter_empty) (> 41 ms, timed out)
0.sledgehammer goal.by        77903ms HOL-Library.Finite_Map 442:14466  some (SH 77903ms, ATP 677ms): Try this: by (smt (cvc5, no_simp) Int_iff filter_fset fmdom_empty fmdom_filter fmdrop_fset_empty fmfilter_alt_defs(3) fmfilter_true mem_Collect_eq) (206 ms)
0.sledgehammer goal.by        77903ms HOL-Library.Finite_Map 442:14466  some Preplay: (smt (cvc5, no_simp) Int_iff filter_fset fmdom_empty fmdom_filter fmdrop_fset_empty fmfilter_alt_defs(3) fmfilter_true mem_Collect_eq) (206 ms)
0.sledgehammer goal.by        77903ms HOL-Library.Finite_Map 442:14466  some Preplay: (smt (cvc5, noematch) Int_iff filter_fset fmdom_empty fmdom_filter fmdrop_fset_empty fmfilter_alt_defs(3) fmfilter_true mem_Collect_eq) (303 ms)
0.sledgehammer goal.by        77903ms HOL-Library.Finite_Map 442:14466  some Preplay: (smt (cvc5, trigger_max) Int_iff filter_fset fmdom_empty fmdom_filter fmdrop_fset_empty fmfilter_alt_defs(3) fmfilter_true mem_Collect_eq) (417 ms)
0.sledgehammer goal.by        77903ms HOL-Library.Finite_Map 442:14466  some Preplay: (smt (cvc5, quant_saturate) Int_iff filter_fset fmdom_empty fmdom_filter fmdrop_fset_empty fmfilter_alt_defs(3) fmfilter_true mem_Collect_eq) (419 ms)
0.sledgehammer goal.by        77903ms HOL-Library.Finite_Map 442:14466  some Preplay: (smt (cvc5, term_relev) Int_iff filter_fset fmdom_empty fmdom_filter fmdrop_fset_empty fmfilter_alt_defs(3) fmfilter_true mem_Collect_eq) (429 ms)
0.sledgehammer goal.by        77903ms HOL-Library.Finite_Map 442:14466  some Preplay: (smt (cvc5, trigger_relev) Int_iff filter_fset fmdom_empty fmdom_filter fmdrop_fset_empty fmfilter_alt_defs(3) fmfilter_true mem_Collect_eq) (431 ms)
0.sledgehammer goal.by        77903ms HOL-Library.Finite_Map 442:14466  some Preplay: (smt (cvc5, best) Int_iff filter_fset fmdom_empty fmdom_filter fmdrop_fset_empty fmfilter_alt_defs(3) fmfilter_true mem_Collect_eq) (473 ms)
0.sledgehammer goal.by        77903ms HOL-Library.Finite_Map 442:14466  some Preplay: (smt (cvc5, trigger_last) Int_iff filter_fset fmdom_empty fmdom_filter fmdrop_fset_empty fmfilter_alt_defs(3) fmfilter_true mem_Collect_eq) (518 ms)
0.sledgehammer goal.by        77903ms HOL-Library.Finite_Map 442:14466  some Preplay: (smt (cvc5, fmf) Int_iff filter_fset fmdom_empty fmdom_filter fmdrop_fset_empty fmfilter_alt_defs(3) fmfilter_true mem_Collect_eq) (> 417 ms, timed out)
0.sledgehammer goal.unfolding 61537ms HOL-Library.Finite_Map 445:14554  timeout (SH 61537ms):
0.sledgehammer goal.unfolding 53057ms HOL-Library.Finite_Map 448:14658  timeout (SH 53057ms):
0.sledgehammer goal.by        13815ms HOL-Library.Finite_Map 460:15110  timeout (SH 13815ms): Timed out
0.sledgehammer goal.by        59074ms HOL-Library.Finite_Map 463:15226  some (SH 59074ms, ATP 173ms): Try this: by (smt (cvc5, trigger_last) finsert.rep_eq fmdrop_fset.rep_eq fmdrop_set_insert fmfilter.rep_eq fmfilter_alt_defs(2) fmlookup_inverse map_drop_set_def) (92 ms)
0.sledgehammer goal.by        59074ms HOL-Library.Finite_Map 463:15226  some Preplay: (smt (cvc5, trigger_last) finsert.rep_eq fmdrop_fset.rep_eq fmdrop_set_insert fmfilter.rep_eq fmfilter_alt_defs(2) fmlookup_inverse map_drop_set_def) (92 ms)
0.sledgehammer goal.by        59074ms HOL-Library.Finite_Map 463:15226  some Preplay: (smt (cvc5, best) finsert.rep_eq fmdrop_fset.rep_eq fmdrop_set_insert fmfilter.rep_eq fmfilter_alt_defs(2) fmlookup_inverse map_drop_set_def) (424 ms)
0.sledgehammer goal.by        59074ms HOL-Library.Finite_Map 463:15226  some Preplay: (smt (cvc5, quant_saturate) finsert.rep_eq fmdrop_fset.rep_eq fmdrop_set_insert fmfilter.rep_eq fmfilter_alt_defs(2) fmlookup_inverse map_drop_set_def) (> 92 ms, timed out)
0.sledgehammer goal.by        59074ms HOL-Library.Finite_Map 463:15226  some Preplay: (smt (cvc5, trigger_max) finsert.rep_eq fmdrop_fset.rep_eq fmdrop_set_insert fmfilter.rep_eq fmfilter_alt_defs(2) fmlookup_inverse map_drop_set_def) (> 92 ms, timed out)
0.sledgehammer goal.by        59074ms HOL-Library.Finite_Map 463:15226  some Preplay: (smt (cvc5, trigger_relev) finsert.rep_eq fmdrop_fset.rep_eq fmdrop_set_insert fmfilter.rep_eq fmfilter_alt_defs(2) fmlookup_inverse map_drop_set_def) (> 92 ms, timed out)
0.sledgehammer goal.by        59074ms HOL-Library.Finite_Map 463:15226  some Preplay: (smt (cvc5, term_relev) finsert.rep_eq fmdrop_fset.rep_eq fmdrop_set_insert fmfilter.rep_eq fmfilter_alt_defs(2) fmlookup_inverse map_drop_set_def) (> 92 ms, timed out)
0.sledgehammer goal.by        59074ms HOL-Library.Finite_Map 463:15226  some Preplay: (smt (cvc5, noematch) finsert.rep_eq fmdrop_fset.rep_eq fmdrop_set_insert fmfilter.rep_eq fmfilter_alt_defs(2) fmlookup_inverse map_drop_set_def) (> 92 ms, timed out)
0.sledgehammer goal.by        59074ms HOL-Library.Finite_Map 463:15226  some Preplay: (smt (cvc5, fmf) finsert.rep_eq fmdrop_fset.rep_eq fmdrop_set_insert fmfilter.rep_eq fmfilter_alt_defs(2) fmlookup_inverse map_drop_set_def) (> 92 ms, timed out)
0.sledgehammer goal.by        59074ms HOL-Library.Finite_Map 463:15226  some Preplay: (smt (cvc5, no_simp) finsert.rep_eq fmdrop_fset.rep_eq fmdrop_set_insert fmfilter.rep_eq fmfilter_alt_defs(2) fmlookup_inverse map_drop_set_def) (> 92 ms, timed out)
0.sledgehammer goal.unfolding 13769ms HOL-Library.Finite_Map 466:15352  timeout (SH 13769ms): Timed out
0.sledgehammer goal.unfolding 13936ms HOL-Library.Finite_Map 469:15496  timeout (SH 13936ms): Timed out
0.sledgehammer goal.unfolding 13848ms HOL-Library.Finite_Map 472:15627  timeout (SH 13847ms): Timed out
0.sledgehammer goal.by        58063ms HOL-Library.Finite_Map 472:15655  timeout (SH 58063ms):
0.sledgehammer goal.by        33495ms HOL-Library.Finite_Map 478:15898  some (SH 33494ms, ATP 528ms): Try this: by (smt (cvc5, quant_saturate) fmfilter_alt_defs(1,4) fmfilter_comm fmrestrict_set_drop) (52 ms)
0.sledgehammer goal.by        33495ms HOL-Library.Finite_Map 478:15898  some Preplay: (smt (cvc5, quant_saturate) fmfilter_alt_defs(1,4) fmfilter_comm fmrestrict_set_drop) (52 ms)
0.sledgehammer goal.by        33495ms HOL-Library.Finite_Map 478:15898  some Preplay: (smt (cvc5, trigger_last) fmfilter_alt_defs(1,4) fmfilter_comm fmrestrict_set_drop) (85 ms)
0.sledgehammer goal.by        33495ms HOL-Library.Finite_Map 478:15898  some Preplay: (smt (cvc5, best) fmfilter_alt_defs(1,4) fmfilter_comm fmrestrict_set_drop) (121 ms)
0.sledgehammer goal.by        33495ms HOL-Library.Finite_Map 478:15898  some Preplay: (smt (cvc5, trigger_max) fmfilter_alt_defs(1,4) fmfilter_comm fmrestrict_set_drop) (> 52 ms, timed out)
0.sledgehammer goal.by        33495ms HOL-Library.Finite_Map 478:15898  some Preplay: (smt (cvc5, trigger_relev) fmfilter_alt_defs(1,4) fmfilter_comm fmrestrict_set_drop) (> 52 ms, timed out)
0.sledgehammer goal.by        33495ms HOL-Library.Finite_Map 478:15898  some Preplay: (smt (cvc5, term_relev) fmfilter_alt_defs(1,4) fmfilter_comm fmrestrict_set_drop) (> 52 ms, timed out)
0.sledgehammer goal.by        33495ms HOL-Library.Finite_Map 478:15898  some Preplay: (smt (cvc5, noematch) fmfilter_alt_defs(1,4) fmfilter_comm fmrestrict_set_drop) (> 52 ms, timed out)
0.sledgehammer goal.by        33495ms HOL-Library.Finite_Map 478:15898  some Preplay: (smt (cvc5, fmf) fmfilter_alt_defs(1,4) fmfilter_comm fmrestrict_set_drop) (> 52 ms, timed out)
0.sledgehammer goal.by        33495ms HOL-Library.Finite_Map 478:15898  some Preplay: (smt (cvc5, no_simp) fmfilter_alt_defs(1,4) fmfilter_comm fmrestrict_set_drop) (> 52 ms, timed out)
0.sledgehammer goal.by        42401ms HOL-Library.Finite_Map 481:16026  some (SH 42400ms, ATP 540ms): Try this: by (smt (cvc5, best) fmfilter_alt_defs(1,5) fmfilter_comm fmrestrict_fset_drop) (53 ms)
0.sledgehammer goal.by        42401ms HOL-Library.Finite_Map 481:16026  some Preplay: (smt (cvc5, best) fmfilter_alt_defs(1,5) fmfilter_comm fmrestrict_fset_drop) (53 ms)
0.sledgehammer goal.by        42401ms HOL-Library.Finite_Map 481:16026  some Preplay: (smt (cvc5, trigger_last) fmfilter_alt_defs(1,5) fmfilter_comm fmrestrict_fset_drop) (> 53 ms, timed out)
0.sledgehammer goal.by        42401ms HOL-Library.Finite_Map 481:16026  some Preplay: (smt (cvc5, quant_saturate) fmfilter_alt_defs(1,5) fmfilter_comm fmrestrict_fset_drop) (> 53 ms, timed out)
0.sledgehammer goal.by        42401ms HOL-Library.Finite_Map 481:16026  some Preplay: (smt (cvc5, trigger_max) fmfilter_alt_defs(1,5) fmfilter_comm fmrestrict_fset_drop) (> 53 ms, timed out)
0.sledgehammer goal.by        42401ms HOL-Library.Finite_Map 481:16026  some Preplay: (smt (cvc5, trigger_relev) fmfilter_alt_defs(1,5) fmfilter_comm fmrestrict_fset_drop) (> 53 ms, timed out)
0.sledgehammer goal.by        42401ms HOL-Library.Finite_Map 481:16026  some Preplay: (smt (cvc5, term_relev) fmfilter_alt_defs(1,5) fmfilter_comm fmrestrict_fset_drop) (> 53 ms, timed out)
0.sledgehammer goal.by        42401ms HOL-Library.Finite_Map 481:16026  some Preplay: (smt (cvc5, noematch) fmfilter_alt_defs(1,5) fmfilter_comm fmrestrict_fset_drop) (> 53 ms, timed out)
0.sledgehammer goal.by        42401ms HOL-Library.Finite_Map 481:16026  some Preplay: (smt (cvc5, fmf) fmfilter_alt_defs(1,5) fmfilter_comm fmrestrict_fset_drop) (> 53 ms, timed out)
0.sledgehammer goal.by        42401ms HOL-Library.Finite_Map 481:16026  some Preplay: (smt (cvc5, no_simp) fmfilter_alt_defs(1,5) fmfilter_comm fmrestrict_fset_drop) (> 53 ms, timed out)
0.sledgehammer goal.unfolding 59739ms HOL-Library.Finite_Map 487:16235  some (SH 59739ms, ATP 1351ms): Try this: by (smt (cvc5, no_simp) Un_iff fmfilter_alt_defs(2) fmfilter_comp fmfilter_cong') (477 ms)
0.sledgehammer goal.unfolding 59739ms HOL-Library.Finite_Map 487:16235  some Preplay: (smt (cvc5, no_simp) Un_iff fmfilter_alt_defs(2) fmfilter_comp fmfilter_cong') (477 ms)
0.sledgehammer goal.unfolding 59739ms HOL-Library.Finite_Map 487:16235  some Preplay: (smt (cvc5, best) Un_iff fmfilter_alt_defs(2) fmfilter_comp fmfilter_cong') (706 ms)
0.sledgehammer goal.unfolding 59739ms HOL-Library.Finite_Map 487:16235  some Preplay: (smt (cvc5, trigger_max) Un_iff fmfilter_alt_defs(2) fmfilter_comp fmfilter_cong') (735 ms)
0.sledgehammer goal.unfolding 59739ms HOL-Library.Finite_Map 487:16235  some Preplay: (smt (cvc5, term_relev) Un_iff fmfilter_alt_defs(2) fmfilter_comp fmfilter_cong') (828 ms)
0.sledgehammer goal.unfolding 59739ms HOL-Library.Finite_Map 487:16235  some Preplay: (smt (cvc5, trigger_relev) Un_iff fmfilter_alt_defs(2) fmfilter_comp fmfilter_cong') (860 ms)
0.sledgehammer goal.unfolding 59739ms HOL-Library.Finite_Map 487:16235  some Preplay: (smt (cvc5, trigger_last) Un_iff fmfilter_alt_defs(2) fmfilter_comp fmfilter_cong') (892 ms)
0.sledgehammer goal.unfolding 59739ms HOL-Library.Finite_Map 487:16235  some Preplay: (smt (cvc5, quant_saturate) Un_iff fmfilter_alt_defs(2) fmfilter_comp fmfilter_cong') (991 ms)
0.sledgehammer goal.unfolding 59739ms HOL-Library.Finite_Map 487:16235  some Preplay: (smt (cvc5, noematch) Un_iff fmfilter_alt_defs(2) fmfilter_comp fmfilter_cong') (> 706 ms, timed out)
0.sledgehammer goal.unfolding 59739ms HOL-Library.Finite_Map 487:16235  some Preplay: (smt (cvc5, fmf) Un_iff fmfilter_alt_defs(2) fmfilter_comp fmfilter_cong') (> 706 ms, timed out)
0.sledgehammer goal.unfolding 61746ms HOL-Library.Finite_Map 490:16363  timeout (SH 61746ms):
0.sledgehammer goal.by        16440ms HOL-Library.Finite_Map 493:16487  some (SH 16439ms, ATP 483ms): Try this: by (smt (cvc5, best) fmdrop_set_insert fmfilter_alt_defs(1,2) fmfilter_comm) (61 ms)
0.sledgehammer goal.by        16440ms HOL-Library.Finite_Map 493:16487  some Preplay: (smt (cvc5, best) fmdrop_set_insert fmfilter_alt_defs(1,2) fmfilter_comm) (61 ms)
0.sledgehammer goal.by        16440ms HOL-Library.Finite_Map 493:16487  some Preplay: (smt (cvc5, trigger_last) fmdrop_set_insert fmfilter_alt_defs(1,2) fmfilter_comm) (> 61 ms, timed out)
0.sledgehammer goal.by        16440ms HOL-Library.Finite_Map 493:16487  some Preplay: (smt (cvc5, quant_saturate) fmdrop_set_insert fmfilter_alt_defs(1,2) fmfilter_comm) (> 61 ms, timed out)
0.sledgehammer goal.by        16440ms HOL-Library.Finite_Map 493:16487  some Preplay: (smt (cvc5, trigger_max) fmdrop_set_insert fmfilter_alt_defs(1,2) fmfilter_comm) (> 61 ms, timed out)
0.sledgehammer goal.by        16440ms HOL-Library.Finite_Map 493:16487  some Preplay: (smt (cvc5, trigger_relev) fmdrop_set_insert fmfilter_alt_defs(1,2) fmfilter_comm) (> 61 ms, timed out)
0.sledgehammer goal.by        16440ms HOL-Library.Finite_Map 493:16487  some Preplay: (smt (cvc5, term_relev) fmdrop_set_insert fmfilter_alt_defs(1,2) fmfilter_comm) (> 61 ms, timed out)
0.sledgehammer goal.by        16440ms HOL-Library.Finite_Map 493:16487  some Preplay: (smt (cvc5, noematch) fmdrop_set_insert fmfilter_alt_defs(1,2) fmfilter_comm) (> 61 ms, timed out)
0.sledgehammer goal.by        16440ms HOL-Library.Finite_Map 493:16487  some Preplay: (smt (cvc5, fmf) fmdrop_set_insert fmfilter_alt_defs(1,2) fmfilter_comm) (> 61 ms, timed out)
0.sledgehammer goal.by        16440ms HOL-Library.Finite_Map 493:16487  some Preplay: (smt (cvc5, no_simp) fmdrop_set_insert fmfilter_alt_defs(1,2) fmfilter_comm) (> 61 ms, timed out)
0.sledgehammer goal.by        13932ms HOL-Library.Finite_Map 505:16886  timeout (SH 13932ms): Timed out
0.sledgehammer goal.by        13900ms HOL-Library.Finite_Map 511:17186  timeout (SH 13900ms): Timed out
0.sledgehammer goal.by        13759ms HOL-Library.Finite_Map 514:17288  timeout (SH 13759ms): Timed out
0.sledgehammer goal.by        13887ms HOL-Library.Finite_Map 517:17406  timeout (SH 13887ms): Timed out
0.sledgehammer goal.unfolding 13501ms HOL-Library.Finite_Map 520:17545  some (SH 13501ms, ATP 460ms): Try this: by (smt (cvc5, best) fmfilter_add_distrib fmfilter_alt_defs(1)) (45 ms)
0.sledgehammer goal.unfolding 13501ms HOL-Library.Finite_Map 520:17545  some Preplay: (smt (cvc5, best) fmfilter_add_distrib fmfilter_alt_defs(1)) (45 ms)
0.sledgehammer goal.unfolding 13501ms HOL-Library.Finite_Map 520:17545  some Preplay: (smt (cvc5, trigger_last) fmfilter_add_distrib fmfilter_alt_defs(1)) (> 45 ms, timed out)
0.sledgehammer goal.unfolding 13501ms HOL-Library.Finite_Map 520:17545  some Preplay: (smt (cvc5, quant_saturate) fmfilter_add_distrib fmfilter_alt_defs(1)) (> 45 ms, timed out)
0.sledgehammer goal.unfolding 13501ms HOL-Library.Finite_Map 520:17545  some Preplay: (smt (cvc5, trigger_max) fmfilter_add_distrib fmfilter_alt_defs(1)) (> 45 ms, timed out)
0.sledgehammer goal.unfolding 13501ms HOL-Library.Finite_Map 520:17545  some Preplay: (smt (cvc5, trigger_relev) fmfilter_add_distrib fmfilter_alt_defs(1)) (> 45 ms, timed out)
0.sledgehammer goal.unfolding 13501ms HOL-Library.Finite_Map 520:17545  some Preplay: (smt (cvc5, term_relev) fmfilter_add_distrib fmfilter_alt_defs(1)) (> 45 ms, timed out)
0.sledgehammer goal.unfolding 13501ms HOL-Library.Finite_Map 520:17545  some Preplay: (smt (cvc5, noematch) fmfilter_add_distrib fmfilter_alt_defs(1)) (> 45 ms, timed out)
0.sledgehammer goal.unfolding 13501ms HOL-Library.Finite_Map 520:17545  some Preplay: (smt (cvc5, fmf) fmfilter_add_distrib fmfilter_alt_defs(1)) (> 45 ms, timed out)
0.sledgehammer goal.unfolding 13501ms HOL-Library.Finite_Map 520:17545  some Preplay: (smt (cvc5, no_simp) fmfilter_add_distrib fmfilter_alt_defs(1)) (> 45 ms, timed out)
0.sledgehammer goal.unfolding 13530ms HOL-Library.Finite_Map 526:17825  some (SH 13529ms, ATP 490ms): Try this: by (smt (cvc5, best) fmfilter_add_distrib fmfilter_alt_defs(3)) (47 ms)
0.sledgehammer goal.unfolding 13530ms HOL-Library.Finite_Map 526:17825  some Preplay: (smt (cvc5, best) fmfilter_add_distrib fmfilter_alt_defs(3)) (47 ms)
0.sledgehammer goal.unfolding 13530ms HOL-Library.Finite_Map 526:17825  some Preplay: (smt (cvc5, trigger_last) fmfilter_add_distrib fmfilter_alt_defs(3)) (> 47 ms, timed out)
0.sledgehammer goal.unfolding 13530ms HOL-Library.Finite_Map 526:17825  some Preplay: (smt (cvc5, quant_saturate) fmfilter_add_distrib fmfilter_alt_defs(3)) (> 47 ms, timed out)
0.sledgehammer goal.unfolding 13530ms HOL-Library.Finite_Map 526:17825  some Preplay: (smt (cvc5, trigger_max) fmfilter_add_distrib fmfilter_alt_defs(3)) (> 47 ms, timed out)
0.sledgehammer goal.unfolding 13530ms HOL-Library.Finite_Map 526:17825  some Preplay: (smt (cvc5, trigger_relev) fmfilter_add_distrib fmfilter_alt_defs(3)) (> 47 ms, timed out)
0.sledgehammer goal.unfolding 13530ms HOL-Library.Finite_Map 526:17825  some Preplay: (smt (cvc5, term_relev) fmfilter_add_distrib fmfilter_alt_defs(3)) (> 47 ms, timed out)
0.sledgehammer goal.unfolding 13530ms HOL-Library.Finite_Map 526:17825  some Preplay: (smt (cvc5, noematch) fmfilter_add_distrib fmfilter_alt_defs(3)) (> 47 ms, timed out)
0.sledgehammer goal.unfolding 13530ms HOL-Library.Finite_Map 526:17825  some Preplay: (smt (cvc5, fmf) fmfilter_add_distrib fmfilter_alt_defs(3)) (> 47 ms, timed out)
0.sledgehammer goal.unfolding 13530ms HOL-Library.Finite_Map 526:17825  some Preplay: (smt (cvc5, no_simp) fmfilter_add_distrib fmfilter_alt_defs(3)) (> 47 ms, timed out)
0.sledgehammer goal.unfolding 12535ms HOL-Library.Finite_Map 530:17981  some (SH 12535ms, ATP 506ms): Try this: by (smt (cvc5, best) fmfilter_add_distrib fmfilter_alt_defs(4)) (45 ms)
0.sledgehammer goal.unfolding 12535ms HOL-Library.Finite_Map 530:17981  some Preplay: (smt (cvc5, best) fmfilter_add_distrib fmfilter_alt_defs(4)) (45 ms)
0.sledgehammer goal.unfolding 12535ms HOL-Library.Finite_Map 530:17981  some Preplay: (smt (cvc5, trigger_last) fmfilter_add_distrib fmfilter_alt_defs(4)) (> 45 ms, timed out)
0.sledgehammer goal.unfolding 12535ms HOL-Library.Finite_Map 530:17981  some Preplay: (smt (cvc5, quant_saturate) fmfilter_add_distrib fmfilter_alt_defs(4)) (> 45 ms, timed out)
0.sledgehammer goal.unfolding 12535ms HOL-Library.Finite_Map 530:17981  some Preplay: (smt (cvc5, trigger_max) fmfilter_add_distrib fmfilter_alt_defs(4)) (> 45 ms, timed out)
0.sledgehammer goal.unfolding 12535ms HOL-Library.Finite_Map 530:17981  some Preplay: (smt (cvc5, trigger_relev) fmfilter_add_distrib fmfilter_alt_defs(4)) (> 45 ms, timed out)
0.sledgehammer goal.unfolding 12535ms HOL-Library.Finite_Map 530:17981  some Preplay: (smt (cvc5, term_relev) fmfilter_add_distrib fmfilter_alt_defs(4)) (> 45 ms, timed out)
0.sledgehammer goal.unfolding 12535ms HOL-Library.Finite_Map 530:17981  some Preplay: (smt (cvc5, noematch) fmfilter_add_distrib fmfilter_alt_defs(4)) (> 45 ms, timed out)
0.sledgehammer goal.unfolding 12535ms HOL-Library.Finite_Map 530:17981  some Preplay: (smt (cvc5, fmf) fmfilter_add_distrib fmfilter_alt_defs(4)) (> 45 ms, timed out)
0.sledgehammer goal.unfolding 12535ms HOL-Library.Finite_Map 530:17981  some Preplay: (smt (cvc5, no_simp) fmfilter_add_distrib fmfilter_alt_defs(4)) (> 45 ms, timed out)
0.sledgehammer goal.by        13776ms HOL-Library.Finite_Map 543:18442  timeout (SH 13775ms): Timed out
0.sledgehammer goal.by        14090ms HOL-Library.Finite_Map 546:18532  timeout (SH 14090ms): Timed out
0.sledgehammer goal.using     13907ms HOL-Library.Finite_Map 556:18768  timeout (SH 13907ms): Timed out
0.sledgehammer goal.by        13394ms HOL-Library.Finite_Map 557:18782  timeout (SH 13393ms): Timed out
0.sledgehammer goal.by        16978ms HOL-Library.Finite_Map 560:18911  some (SH 16977ms, ATP 2170ms): Try this: by (smt (cvc5, no_simp) case_optionE fmdom'I fmdom'_notI fmpred.rep_eq map_pred_def option.sel) (722 ms)
0.sledgehammer goal.by        16978ms HOL-Library.Finite_Map 560:18911  some Preplay: (smt (cvc5, no_simp) case_optionE fmdom'I fmdom'_notI fmpred.rep_eq map_pred_def option.sel) (722 ms)
0.sledgehammer goal.by        16978ms HOL-Library.Finite_Map 560:18911  some Preplay: (smt (cvc5, trigger_last) case_optionE fmdom'I fmdom'_notI fmpred.rep_eq map_pred_def option.sel) (918 ms)
0.sledgehammer goal.by        16978ms HOL-Library.Finite_Map 560:18911  some Preplay: (smt (cvc5, best) case_optionE fmdom'I fmdom'_notI fmpred.rep_eq map_pred_def option.sel) (969 ms)
0.sledgehammer goal.by        16978ms HOL-Library.Finite_Map 560:18911  some Preplay: (smt (cvc5, quant_saturate) case_optionE fmdom'I fmdom'_notI fmpred.rep_eq map_pred_def option.sel) (1.0 s)
0.sledgehammer goal.by        16978ms HOL-Library.Finite_Map 560:18911  some Preplay: (smt (cvc5, trigger_relev) case_optionE fmdom'I fmdom'_notI fmpred.rep_eq map_pred_def option.sel) (1.0 s)
0.sledgehammer goal.by        16978ms HOL-Library.Finite_Map 560:18911  some Preplay: (smt (cvc5, trigger_max) case_optionE fmdom'I fmdom'_notI fmpred.rep_eq map_pred_def option.sel) (1.1 s)
0.sledgehammer goal.by        16978ms HOL-Library.Finite_Map 560:18911  some Preplay: (smt (cvc5, term_relev) case_optionE fmdom'I fmdom'_notI fmpred.rep_eq map_pred_def option.sel) (1.7 s)
0.sledgehammer goal.by        16978ms HOL-Library.Finite_Map 560:18911  some Preplay: (smt (cvc5, noematch) case_optionE fmdom'I fmdom'_notI fmpred.rep_eq map_pred_def option.sel) (2.0 s)
0.sledgehammer goal.by        16978ms HOL-Library.Finite_Map 560:18911  some Preplay: (smt (cvc5, fmf) case_optionE fmdom'I fmdom'_notI fmpred.rep_eq map_pred_def option.sel) (2.0 s)
0.sledgehammer goal.by         8979ms HOL-Library.Finite_Map 575:19408  some (SH 8979ms, ATP 710ms): Try this: by (smt (cvc5, best) fmpred_mono_strong predicate1I predicate2D) (717 ms)
0.sledgehammer goal.by         8979ms HOL-Library.Finite_Map 575:19408  some Preplay: (smt (cvc5, best) fmpred_mono_strong predicate1I predicate2D) (717 ms)
0.sledgehammer goal.by         8979ms HOL-Library.Finite_Map 575:19408  some Preplay: (smt (cvc5, fmf) fmpred_mono_strong predicate1I predicate2D) (1.1 s)
0.sledgehammer goal.by         8979ms HOL-Library.Finite_Map 575:19408  some Preplay: (smt (cvc5, no_simp) fmpred_mono_strong predicate1I predicate2D) (1.2 s)
0.sledgehammer goal.by         8979ms HOL-Library.Finite_Map 575:19408  some Preplay: (smt (cvc5, quant_saturate) fmpred_mono_strong predicate1I predicate2D) (1.2 s)
0.sledgehammer goal.by         8979ms HOL-Library.Finite_Map 575:19408  some Preplay: (smt (cvc5, trigger_last) fmpred_mono_strong predicate1I predicate2D) (1.2 s)
0.sledgehammer goal.by         8979ms HOL-Library.Finite_Map 575:19408  some Preplay: (smt (cvc5, term_relev) fmpred_mono_strong predicate1I predicate2D) (1.3 s)
0.sledgehammer goal.by         8979ms HOL-Library.Finite_Map 575:19408  some Preplay: (smt (cvc5, trigger_relev) fmpred_mono_strong predicate1I predicate2D) (1.3 s)
0.sledgehammer goal.by         8979ms HOL-Library.Finite_Map 575:19408  some Preplay: (smt (cvc5, trigger_max) fmpred_mono_strong predicate1I predicate2D) (1.4 s)
0.sledgehammer goal.by         8979ms HOL-Library.Finite_Map 575:19408  some Preplay: (smt (cvc5, noematch) fmpred_mono_strong predicate1I predicate2D) (2.2 s)
0.sledgehammer goal.by         7539ms HOL-Library.Finite_Map 578:19472  some (SH 7539ms, ATP 488ms): Try this: by (smt (cvc5, trigger_last) bot_fset.rep_eq empty_iff fmdom_empty fmpred_alt_def) (273 ms)
0.sledgehammer goal.by         7539ms HOL-Library.Finite_Map 578:19472  some Preplay: (smt (cvc5, trigger_last) bot_fset.rep_eq empty_iff fmdom_empty fmpred_alt_def) (273 ms)
0.sledgehammer goal.by         7539ms HOL-Library.Finite_Map 578:19472  some Preplay: (smt (cvc5, best) bot_fset.rep_eq empty_iff fmdom_empty fmpred_alt_def) (305 ms)
0.sledgehammer goal.by         7539ms HOL-Library.Finite_Map 578:19472  some Preplay: (smt (cvc5, no_simp) bot_fset.rep_eq empty_iff fmdom_empty fmpred_alt_def) (331 ms)
0.sledgehammer goal.by         7539ms HOL-Library.Finite_Map 578:19472  some Preplay: (smt (cvc5, quant_saturate) bot_fset.rep_eq empty_iff fmdom_empty fmpred_alt_def) (336 ms)
0.sledgehammer goal.by         7539ms HOL-Library.Finite_Map 578:19472  some Preplay: (smt (cvc5, fmf) bot_fset.rep_eq empty_iff fmdom_empty fmpred_alt_def) (353 ms)
0.sledgehammer goal.by         7539ms HOL-Library.Finite_Map 578:19472  some Preplay: (smt (cvc5, trigger_relev) bot_fset.rep_eq empty_iff fmdom_empty fmpred_alt_def) (396 ms)
0.sledgehammer goal.by         7539ms HOL-Library.Finite_Map 578:19472  some Preplay: (smt (cvc5, term_relev) bot_fset.rep_eq empty_iff fmdom_empty fmpred_alt_def) (411 ms)
0.sledgehammer goal.by         7539ms HOL-Library.Finite_Map 578:19472  some Preplay: (smt (cvc5, trigger_max) bot_fset.rep_eq empty_iff fmdom_empty fmpred_alt_def) (453 ms)
0.sledgehammer goal.by         7539ms HOL-Library.Finite_Map 578:19472  some Preplay: (smt (cvc5, noematch) bot_fset.rep_eq empty_iff fmdom_empty fmpred_alt_def) (640 ms)
0.sledgehammer goal.by         9336ms HOL-Library.Finite_Map 593:20012  some (SH 9336ms, ATP 537ms): Try this: by (smt (cvc5, trigger_max) fmfilter_alt_defs(1) fmpred_filter) (59 ms)
0.sledgehammer goal.by         9336ms HOL-Library.Finite_Map 593:20012  some Preplay: (smt (cvc5, trigger_max) fmfilter_alt_defs(1) fmpred_filter) (59 ms)
0.sledgehammer goal.by         9336ms HOL-Library.Finite_Map 593:20012  some Preplay: (smt (cvc5, quant_saturate) fmfilter_alt_defs(1) fmpred_filter) (97 ms)
0.sledgehammer goal.by         9336ms HOL-Library.Finite_Map 593:20012  some Preplay: (smt (cvc5, trigger_last) fmfilter_alt_defs(1) fmpred_filter) (122 ms)
0.sledgehammer goal.by         9336ms HOL-Library.Finite_Map 593:20012  some Preplay: (smt (cvc5, best) fmfilter_alt_defs(1) fmpred_filter) (413 ms)
0.sledgehammer goal.by         9336ms HOL-Library.Finite_Map 593:20012  some Preplay: (smt (cvc5, trigger_relev) fmfilter_alt_defs(1) fmpred_filter) (> 59 ms, timed out)
0.sledgehammer goal.by         9336ms HOL-Library.Finite_Map 593:20012  some Preplay: (smt (cvc5, term_relev) fmfilter_alt_defs(1) fmpred_filter) (> 59 ms, timed out)
0.sledgehammer goal.by         9336ms HOL-Library.Finite_Map 593:20012  some Preplay: (smt (cvc5, noematch) fmfilter_alt_defs(1) fmpred_filter) (> 59 ms, timed out)
0.sledgehammer goal.by         9336ms HOL-Library.Finite_Map 593:20012  some Preplay: (smt (cvc5, fmf) fmfilter_alt_defs(1) fmpred_filter) (> 59 ms, timed out)
0.sledgehammer goal.by         9336ms HOL-Library.Finite_Map 593:20012  some Preplay: (smt (cvc5, no_simp) fmfilter_alt_defs(1) fmpred_filter) (> 59 ms, timed out)
0.sledgehammer goal.by        14855ms HOL-Library.Finite_Map 599:20230  some (SH 14855ms, ATP 508ms): Try this: by (smt (cvc5, trigger_last) fmfilter_alt_defs(3) fmpred_filter) (59 ms)
0.sledgehammer goal.by        14855ms HOL-Library.Finite_Map 599:20230  some Preplay: (smt (cvc5, trigger_last) fmfilter_alt_defs(3) fmpred_filter) (59 ms)
0.sledgehammer goal.by        14855ms HOL-Library.Finite_Map 599:20230  some Preplay: (smt (cvc5, best) fmfilter_alt_defs(3) fmpred_filter) (139 ms)
0.sledgehammer goal.by        14855ms HOL-Library.Finite_Map 599:20230  some Preplay: (smt (cvc5, quant_saturate) fmfilter_alt_defs(3) fmpred_filter) (> 59 ms, timed out)
0.sledgehammer goal.by        14855ms HOL-Library.Finite_Map 599:20230  some Preplay: (smt (cvc5, trigger_max) fmfilter_alt_defs(3) fmpred_filter) (> 59 ms, timed out)
0.sledgehammer goal.by        14855ms HOL-Library.Finite_Map 599:20230  some Preplay: (smt (cvc5, trigger_relev) fmfilter_alt_defs(3) fmpred_filter) (> 59 ms, timed out)
0.sledgehammer goal.by        14855ms HOL-Library.Finite_Map 599:20230  some Preplay: (smt (cvc5, term_relev) fmfilter_alt_defs(3) fmpred_filter) (> 59 ms, timed out)
0.sledgehammer goal.by        14855ms HOL-Library.Finite_Map 599:20230  some Preplay: (smt (cvc5, noematch) fmfilter_alt_defs(3) fmpred_filter) (> 59 ms, timed out)
0.sledgehammer goal.by        14855ms HOL-Library.Finite_Map 599:20230  some Preplay: (smt (cvc5, fmf) fmfilter_alt_defs(3) fmpred_filter) (> 59 ms, timed out)
0.sledgehammer goal.by        14855ms HOL-Library.Finite_Map 599:20230  some Preplay: (smt (cvc5, no_simp) fmfilter_alt_defs(3) fmpred_filter) (> 59 ms, timed out)
0.sledgehammer goal.unfolding 13074ms HOL-Library.Finite_Map 620:20974  some (SH 13074ms, ATP 697ms): Try this: by (smt (cvc5, noematch) fmpred_iff fmsubset_alt_def) (378 ms)
0.sledgehammer goal.unfolding 13074ms HOL-Library.Finite_Map 620:20974  some Preplay: (smt (cvc5, noematch) fmpred_iff fmsubset_alt_def) (378 ms)
0.sledgehammer goal.unfolding 13074ms HOL-Library.Finite_Map 620:20974  some Preplay: (smt (cvc5, fmf) fmpred_iff fmsubset_alt_def) (393 ms)
0.sledgehammer goal.unfolding 13074ms HOL-Library.Finite_Map 620:20974  some Preplay: (smt (cvc5, no_simp) fmpred_iff fmsubset_alt_def) (484 ms)
0.sledgehammer goal.unfolding 13074ms HOL-Library.Finite_Map 620:20974  some Preplay: (smt (cvc5, trigger_last) fmpred_iff fmsubset_alt_def) (485 ms)
0.sledgehammer goal.unfolding 13074ms HOL-Library.Finite_Map 620:20974  some Preplay: (smt (cvc5, trigger_max) fmpred_iff fmsubset_alt_def) (533 ms)
0.sledgehammer goal.unfolding 13074ms HOL-Library.Finite_Map 620:20974  some Preplay: (smt (cvc5, term_relev) fmpred_iff fmsubset_alt_def) (560 ms)
0.sledgehammer goal.unfolding 13074ms HOL-Library.Finite_Map 620:20974  some Preplay: (smt (cvc5, trigger_relev) fmpred_iff fmsubset_alt_def) (595 ms)
0.sledgehammer goal.unfolding 13074ms HOL-Library.Finite_Map 620:20974  some Preplay: (smt (cvc5, best) fmpred_iff fmsubset_alt_def) (616 ms)
0.sledgehammer goal.unfolding 13074ms HOL-Library.Finite_Map 620:20974  some Preplay: (smt (cvc5, quant_saturate) fmpred_iff fmsubset_alt_def) (847 ms)
0.sledgehammer goal.unfolding 47621ms HOL-Library.Finite_Map 624:21091  some (SH 47621ms, ATP 837ms): Try this: by (smt (cvc5, best) domIff fmlookup_filter fmsubset.rep_eq map_le_def) (578 ms)
0.sledgehammer goal.unfolding 47621ms HOL-Library.Finite_Map 624:21091  some Preplay: (smt (cvc5, best) domIff fmlookup_filter fmsubset.rep_eq map_le_def) (578 ms)
0.sledgehammer goal.unfolding 47621ms HOL-Library.Finite_Map 624:21091  some Preplay: (smt (cvc5, no_simp) domIff fmlookup_filter fmsubset.rep_eq map_le_def) (595 ms)
0.sledgehammer goal.unfolding 47621ms HOL-Library.Finite_Map 624:21091  some Preplay: (smt (cvc5, trigger_last) domIff fmlookup_filter fmsubset.rep_eq map_le_def) (836 ms)
0.sledgehammer goal.unfolding 47621ms HOL-Library.Finite_Map 624:21091  some Preplay: (smt (cvc5, trigger_max) domIff fmlookup_filter fmsubset.rep_eq map_le_def) (951 ms)
0.sledgehammer goal.unfolding 47621ms HOL-Library.Finite_Map 624:21091  some Preplay: (smt (cvc5, noematch) domIff fmlookup_filter fmsubset.rep_eq map_le_def) (954 ms)
0.sledgehammer goal.unfolding 47621ms HOL-Library.Finite_Map 624:21091  some Preplay: (smt (cvc5, trigger_relev) domIff fmlookup_filter fmsubset.rep_eq map_le_def) (994 ms)
0.sledgehammer goal.unfolding 47621ms HOL-Library.Finite_Map 624:21091  some Preplay: (smt (cvc5, term_relev) domIff fmlookup_filter fmsubset.rep_eq map_le_def) (1.0 s)
0.sledgehammer goal.unfolding 47621ms HOL-Library.Finite_Map 624:21091  some Preplay: (smt (cvc5, quant_saturate) domIff fmlookup_filter fmsubset.rep_eq map_le_def) (1.2 s)
0.sledgehammer goal.unfolding 47621ms HOL-Library.Finite_Map 624:21091  some Preplay: (smt (cvc5, fmf) domIff fmlookup_filter fmsubset.rep_eq map_le_def) (> 578 ms, timed out)
0.sledgehammer goal.unfolding  9723ms HOL-Library.Finite_Map 628:21202  some (SH 9723ms, ATP 466ms): Try this: by (smt (cvc5, quant_saturate) fmfilter_alt_defs(1) fmsubset_filter_mono) (70 ms)
0.sledgehammer goal.unfolding  9723ms HOL-Library.Finite_Map 628:21202  some Preplay: (smt (cvc5, quant_saturate) fmfilter_alt_defs(1) fmsubset_filter_mono) (70 ms)
0.sledgehammer goal.unfolding  9723ms HOL-Library.Finite_Map 628:21202  some Preplay: (smt (cvc5, best) fmfilter_alt_defs(1) fmsubset_filter_mono) (129 ms)
0.sledgehammer goal.unfolding  9723ms HOL-Library.Finite_Map 628:21202  some Preplay: (smt (cvc5, trigger_max) fmfilter_alt_defs(1) fmsubset_filter_mono) (> 70 ms, timed out)
0.sledgehammer goal.unfolding  9723ms HOL-Library.Finite_Map 628:21202  some Preplay: (smt (cvc5, trigger_relev) fmfilter_alt_defs(1) fmsubset_filter_mono) (> 70 ms, timed out)
0.sledgehammer goal.unfolding  9723ms HOL-Library.Finite_Map 628:21202  some Preplay: (smt (cvc5, term_relev) fmfilter_alt_defs(1) fmsubset_filter_mono) (> 70 ms, timed out)
0.sledgehammer goal.unfolding  9723ms HOL-Library.Finite_Map 628:21202  some Preplay: (smt (cvc5, noematch) fmfilter_alt_defs(1) fmsubset_filter_mono) (> 70 ms, timed out)
0.sledgehammer goal.unfolding  9723ms HOL-Library.Finite_Map 628:21202  some Preplay: (smt (cvc5, fmf) fmfilter_alt_defs(1) fmsubset_filter_mono) (> 70 ms, timed out)
0.sledgehammer goal.unfolding  9723ms HOL-Library.Finite_Map 628:21202  some Preplay: (smt (cvc5, no_simp) fmfilter_alt_defs(1) fmsubset_filter_mono) (> 70 ms, timed out)
0.sledgehammer goal.unfolding  9723ms HOL-Library.Finite_Map 628:21202  some Preplay: (smt (cvc5, trigger_last) fmfilter_alt_defs(1) fmsubset_filter_mono) (> 129 ms, timed out)
0.sledgehammer goal.unfolding 10496ms HOL-Library.Finite_Map 631:21338  some (SH 10496ms, ATP 468ms): Try this: by (smt (cvc5, quant_saturate) fmfilter_alt_defs(2) fmsubset_filter_mono) (73 ms)
0.sledgehammer goal.unfolding 10496ms HOL-Library.Finite_Map 631:21338  some Preplay: (smt (cvc5, quant_saturate) fmfilter_alt_defs(2) fmsubset_filter_mono) (73 ms)
0.sledgehammer goal.unfolding 10496ms HOL-Library.Finite_Map 631:21338  some Preplay: (smt (cvc5, best) fmfilter_alt_defs(2) fmsubset_filter_mono) (152 ms)
0.sledgehammer goal.unfolding 10496ms HOL-Library.Finite_Map 631:21338  some Preplay: (smt (cvc5, trigger_last) fmfilter_alt_defs(2) fmsubset_filter_mono) (153 ms)
0.sledgehammer goal.unfolding 10496ms HOL-Library.Finite_Map 631:21338  some Preplay: (smt (cvc5, trigger_max) fmfilter_alt_defs(2) fmsubset_filter_mono) (> 73 ms, timed out)
0.sledgehammer goal.unfolding 10496ms HOL-Library.Finite_Map 631:21338  some Preplay: (smt (cvc5, trigger_relev) fmfilter_alt_defs(2) fmsubset_filter_mono) (> 73 ms, timed out)
0.sledgehammer goal.unfolding 10496ms HOL-Library.Finite_Map 631:21338  some Preplay: (smt (cvc5, term_relev) fmfilter_alt_defs(2) fmsubset_filter_mono) (> 73 ms, timed out)
0.sledgehammer goal.unfolding 10496ms HOL-Library.Finite_Map 631:21338  some Preplay: (smt (cvc5, noematch) fmfilter_alt_defs(2) fmsubset_filter_mono) (> 73 ms, timed out)
0.sledgehammer goal.unfolding 10496ms HOL-Library.Finite_Map 631:21338  some Preplay: (smt (cvc5, fmf) fmfilter_alt_defs(2) fmsubset_filter_mono) (> 73 ms, timed out)
0.sledgehammer goal.unfolding 10496ms HOL-Library.Finite_Map 631:21338  some Preplay: (smt (cvc5, no_simp) fmfilter_alt_defs(2) fmsubset_filter_mono) (> 73 ms, timed out)
0.sledgehammer goal.unfolding 14897ms HOL-Library.Finite_Map 634:21477  some (SH 14897ms, ATP 516ms): Try this: by (smt (cvc5, quant_saturate) fmfilter_alt_defs(3) fmsubset_filter_mono) (70 ms)
0.sledgehammer goal.unfolding 14897ms HOL-Library.Finite_Map 634:21477  some Preplay: (smt (cvc5, quant_saturate) fmfilter_alt_defs(3) fmsubset_filter_mono) (70 ms)
0.sledgehammer goal.unfolding 14897ms HOL-Library.Finite_Map 634:21477  some Preplay: (smt (cvc5, trigger_last) fmfilter_alt_defs(3) fmsubset_filter_mono) (145 ms)
0.sledgehammer goal.unfolding 14897ms HOL-Library.Finite_Map 634:21477  some Preplay: (smt (cvc5, best) fmfilter_alt_defs(3) fmsubset_filter_mono) (198 ms)
0.sledgehammer goal.unfolding 14897ms HOL-Library.Finite_Map 634:21477  some Preplay: (smt (cvc5, trigger_max) fmfilter_alt_defs(3) fmsubset_filter_mono) (> 70 ms, timed out)
0.sledgehammer goal.unfolding 14897ms HOL-Library.Finite_Map 634:21477  some Preplay: (smt (cvc5, trigger_relev) fmfilter_alt_defs(3) fmsubset_filter_mono) (> 70 ms, timed out)
0.sledgehammer goal.unfolding 14897ms HOL-Library.Finite_Map 634:21477  some Preplay: (smt (cvc5, term_relev) fmfilter_alt_defs(3) fmsubset_filter_mono) (> 70 ms, timed out)
0.sledgehammer goal.unfolding 14897ms HOL-Library.Finite_Map 634:21477  some Preplay: (smt (cvc5, noematch) fmfilter_alt_defs(3) fmsubset_filter_mono) (> 70 ms, timed out)
0.sledgehammer goal.unfolding 14897ms HOL-Library.Finite_Map 634:21477  some Preplay: (smt (cvc5, fmf) fmfilter_alt_defs(3) fmsubset_filter_mono) (> 70 ms, timed out)
0.sledgehammer goal.unfolding 14897ms HOL-Library.Finite_Map 634:21477  some Preplay: (smt (cvc5, no_simp) fmfilter_alt_defs(3) fmsubset_filter_mono) (> 70 ms, timed out)
0.sledgehammer goal.unfolding  9663ms HOL-Library.Finite_Map 637:21625  some (SH 9663ms, ATP 495ms): Try this: by (smt (cvc5, quant_saturate) fmfilter_alt_defs(4) fmsubset_filter_mono) (70 ms)
0.sledgehammer goal.unfolding  9663ms HOL-Library.Finite_Map 637:21625  some Preplay: (smt (cvc5, quant_saturate) fmfilter_alt_defs(4) fmsubset_filter_mono) (70 ms)
0.sledgehammer goal.unfolding  9663ms HOL-Library.Finite_Map 637:21625  some Preplay: (smt (cvc5, trigger_last) fmfilter_alt_defs(4) fmsubset_filter_mono) (125 ms)
0.sledgehammer goal.unfolding  9663ms HOL-Library.Finite_Map 637:21625  some Preplay: (smt (cvc5, noematch) fmfilter_alt_defs(4) fmsubset_filter_mono) (136 ms)
0.sledgehammer goal.unfolding  9663ms HOL-Library.Finite_Map 637:21625  some Preplay: (smt (cvc5, best) fmfilter_alt_defs(4) fmsubset_filter_mono) (141 ms)
0.sledgehammer goal.unfolding  9663ms HOL-Library.Finite_Map 637:21625  some Preplay: (smt (cvc5, trigger_max) fmfilter_alt_defs(4) fmsubset_filter_mono) (> 70 ms, timed out)
0.sledgehammer goal.unfolding  9663ms HOL-Library.Finite_Map 637:21625  some Preplay: (smt (cvc5, trigger_relev) fmfilter_alt_defs(4) fmsubset_filter_mono) (> 70 ms, timed out)
0.sledgehammer goal.unfolding  9663ms HOL-Library.Finite_Map 637:21625  some Preplay: (smt (cvc5, term_relev) fmfilter_alt_defs(4) fmsubset_filter_mono) (> 70 ms, timed out)
0.sledgehammer goal.unfolding  9663ms HOL-Library.Finite_Map 637:21625  some Preplay: (smt (cvc5, fmf) fmfilter_alt_defs(4) fmsubset_filter_mono) (> 70 ms, timed out)
0.sledgehammer goal.unfolding  9663ms HOL-Library.Finite_Map 637:21625  some Preplay: (smt (cvc5, no_simp) fmfilter_alt_defs(4) fmsubset_filter_mono) (> 70 ms, timed out)
0.sledgehammer goal.unfolding 11426ms HOL-Library.Finite_Map 646:21979  some (SH 11426ms, ATP 470ms): Try this: by (smt (cvc5, best) fmfilter_alt_defs(1) fmfilter_subset) (38 ms)
0.sledgehammer goal.unfolding 11426ms HOL-Library.Finite_Map 646:21979  some Preplay: (smt (cvc5, best) fmfilter_alt_defs(1) fmfilter_subset) (38 ms)
0.sledgehammer goal.unfolding 11426ms HOL-Library.Finite_Map 646:21979  some Preplay: (smt (cvc5, trigger_last) fmfilter_alt_defs(1) fmfilter_subset) (> 38 ms, timed out)
0.sledgehammer goal.unfolding 11426ms HOL-Library.Finite_Map 646:21979  some Preplay: (smt (cvc5, quant_saturate) fmfilter_alt_defs(1) fmfilter_subset) (> 38 ms, timed out)
0.sledgehammer goal.unfolding 11426ms HOL-Library.Finite_Map 646:21979  some Preplay: (smt (cvc5, trigger_max) fmfilter_alt_defs(1) fmfilter_subset) (> 38 ms, timed out)
0.sledgehammer goal.unfolding 11426ms HOL-Library.Finite_Map 646:21979  some Preplay: (smt (cvc5, trigger_relev) fmfilter_alt_defs(1) fmfilter_subset) (> 38 ms, timed out)
0.sledgehammer goal.unfolding 11426ms HOL-Library.Finite_Map 646:21979  some Preplay: (smt (cvc5, term_relev) fmfilter_alt_defs(1) fmfilter_subset) (> 38 ms, timed out)
0.sledgehammer goal.unfolding 11426ms HOL-Library.Finite_Map 646:21979  some Preplay: (smt (cvc5, noematch) fmfilter_alt_defs(1) fmfilter_subset) (> 38 ms, timed out)
0.sledgehammer goal.unfolding 11426ms HOL-Library.Finite_Map 646:21979  some Preplay: (smt (cvc5, fmf) fmfilter_alt_defs(1) fmfilter_subset) (> 38 ms, timed out)
0.sledgehammer goal.unfolding 11426ms HOL-Library.Finite_Map 646:21979  some Preplay: (smt (cvc5, no_simp) fmfilter_alt_defs(1) fmfilter_subset) (> 38 ms, timed out)
0.sledgehammer goal.unfolding 10571ms HOL-Library.Finite_Map 655:22316  some (SH 10571ms, ATP 442ms): Try this: by (smt (cvc5, best) fmfilter_alt_defs(4) fmfilter_subset) (40 ms)
0.sledgehammer goal.unfolding 10571ms HOL-Library.Finite_Map 655:22316  some Preplay: (smt (cvc5, best) fmfilter_alt_defs(4) fmfilter_subset) (40 ms)
0.sledgehammer goal.unfolding 10571ms HOL-Library.Finite_Map 655:22316  some Preplay: (smt (cvc5, trigger_last) fmfilter_alt_defs(4) fmfilter_subset) (> 40 ms, timed out)
0.sledgehammer goal.unfolding 10571ms HOL-Library.Finite_Map 655:22316  some Preplay: (smt (cvc5, quant_saturate) fmfilter_alt_defs(4) fmfilter_subset) (> 40 ms, timed out)
0.sledgehammer goal.unfolding 10571ms HOL-Library.Finite_Map 655:22316  some Preplay: (smt (cvc5, trigger_max) fmfilter_alt_defs(4) fmfilter_subset) (> 40 ms, timed out)
0.sledgehammer goal.unfolding 10571ms HOL-Library.Finite_Map 655:22316  some Preplay: (smt (cvc5, trigger_relev) fmfilter_alt_defs(4) fmfilter_subset) (> 40 ms, timed out)
0.sledgehammer goal.unfolding 10571ms HOL-Library.Finite_Map 655:22316  some Preplay: (smt (cvc5, term_relev) fmfilter_alt_defs(4) fmfilter_subset) (> 40 ms, timed out)
0.sledgehammer goal.unfolding 10571ms HOL-Library.Finite_Map 655:22316  some Preplay: (smt (cvc5, noematch) fmfilter_alt_defs(4) fmfilter_subset) (> 40 ms, timed out)
0.sledgehammer goal.unfolding 10571ms HOL-Library.Finite_Map 655:22316  some Preplay: (smt (cvc5, fmf) fmfilter_alt_defs(4) fmfilter_subset) (> 40 ms, timed out)
0.sledgehammer goal.unfolding 10571ms HOL-Library.Finite_Map 655:22316  some Preplay: (smt (cvc5, no_simp) fmfilter_alt_defs(4) fmfilter_subset) (> 40 ms, timed out)
0.sledgehammer goal.apply     13848ms HOL-Library.Finite_Map 664:22658  timeout (SH 13847ms): Timed out
0.sledgehammer goal.apply     13166ms HOL-Library.Finite_Map 665:22671  timeout (SH 13166ms): Timed out
0.sledgehammer goal.using     13765ms HOL-Library.Finite_Map 666:22689  timeout (SH 13765ms): Timed out
0.sledgehammer goal.by        59855ms HOL-Library.Finite_Map 669:22819  timeout (SH 59855ms):
0.sledgehammer goal.by        13589ms HOL-Library.Finite_Map 682:23216  some (SH 13589ms, ATP 969ms): Try this: apply (smt (cvc5, trigger_last) fmap_of_list.abs_eq fmempty.abs_eq map_of_eq_empty_iff) (103 ms)
0.sledgehammer goal.by        13589ms HOL-Library.Finite_Map 682:23216  some Preplay: (smt (cvc5, trigger_last) fmap_of_list.abs_eq fmempty.abs_eq map_of_eq_empty_iff) (103 ms)
0.sledgehammer goal.by        13589ms HOL-Library.Finite_Map 682:23216  some Preplay: (smt (cvc5, best) fmap_of_list.abs_eq fmempty.abs_eq map_of_eq_empty_iff) (135 ms)
0.sledgehammer goal.by        13589ms HOL-Library.Finite_Map 682:23216  some Preplay: (smt (cvc5, quant_saturate) fmap_of_list.abs_eq fmempty.abs_eq map_of_eq_empty_iff) (> 103 ms, timed out)
0.sledgehammer goal.by        13589ms HOL-Library.Finite_Map 682:23216  some Preplay: (smt (cvc5, trigger_max) fmap_of_list.abs_eq fmempty.abs_eq map_of_eq_empty_iff) (> 103 ms, timed out)
0.sledgehammer goal.by        13589ms HOL-Library.Finite_Map 682:23216  some Preplay: (smt (cvc5, trigger_relev) fmap_of_list.abs_eq fmempty.abs_eq map_of_eq_empty_iff) (> 103 ms, timed out)
0.sledgehammer goal.by        13589ms HOL-Library.Finite_Map 682:23216  some Preplay: (smt (cvc5, term_relev) fmap_of_list.abs_eq fmempty.abs_eq map_of_eq_empty_iff) (> 103 ms, timed out)
0.sledgehammer goal.by        13589ms HOL-Library.Finite_Map 682:23216  some Preplay: (smt (cvc5, noematch) fmap_of_list.abs_eq fmempty.abs_eq map_of_eq_empty_iff) (> 103 ms, timed out)
0.sledgehammer goal.by        13589ms HOL-Library.Finite_Map 682:23216  some Preplay: (smt (cvc5, fmf) fmap_of_list.abs_eq fmempty.abs_eq map_of_eq_empty_iff) (> 103 ms, timed out)
0.sledgehammer goal.by        13589ms HOL-Library.Finite_Map 682:23216  some Preplay: (smt (cvc5, no_simp) fmap_of_list.abs_eq fmempty.abs_eq map_of_eq_empty_iff) (> 103 ms, timed out)
0.sledgehammer goal.by        64732ms HOL-Library.Finite_Map 685:23351  some (SH 64731ms, ATP 1114ms): Try this: by (smt (cvc5, no_simp) eq_onp_same_args finite_dom_map_of fmadd.abs_eq fmap_of_list.abs_eq map_of_append) (157 ms)
0.sledgehammer goal.by        64732ms HOL-Library.Finite_Map 685:23351  some Preplay: (smt (cvc5, no_simp) eq_onp_same_args finite_dom_map_of fmadd.abs_eq fmap_of_list.abs_eq map_of_append) (157 ms)
0.sledgehammer goal.by        64732ms HOL-Library.Finite_Map 685:23351  some Preplay: (smt (cvc5, trigger_relev) eq_onp_same_args finite_dom_map_of fmadd.abs_eq fmap_of_list.abs_eq map_of_append) (173 ms)
0.sledgehammer goal.by        64732ms HOL-Library.Finite_Map 685:23351  some Preplay: (smt (cvc5, trigger_max) eq_onp_same_args finite_dom_map_of fmadd.abs_eq fmap_of_list.abs_eq map_of_append) (247 ms)
0.sledgehammer goal.by        64732ms HOL-Library.Finite_Map 685:23351  some Preplay: (smt (cvc5, quant_saturate) eq_onp_same_args finite_dom_map_of fmadd.abs_eq fmap_of_list.abs_eq map_of_append) (345 ms)
0.sledgehammer goal.by        64732ms HOL-Library.Finite_Map 685:23351  some Preplay: (smt (cvc5, trigger_last) eq_onp_same_args finite_dom_map_of fmadd.abs_eq fmap_of_list.abs_eq map_of_append) (399 ms)
0.sledgehammer goal.by        64732ms HOL-Library.Finite_Map 685:23351  some Preplay: (smt (cvc5, best) eq_onp_same_args finite_dom_map_of fmadd.abs_eq fmap_of_list.abs_eq map_of_append) (720 ms)
0.sledgehammer goal.by        64732ms HOL-Library.Finite_Map 685:23351  some Preplay: (smt (cvc5, term_relev) eq_onp_same_args finite_dom_map_of fmadd.abs_eq fmap_of_list.abs_eq map_of_append) (> 173 ms, timed out)
0.sledgehammer goal.by        64732ms HOL-Library.Finite_Map 685:23351  some Preplay: (smt (cvc5, noematch) eq_onp_same_args finite_dom_map_of fmadd.abs_eq fmap_of_list.abs_eq map_of_append) (> 173 ms, timed out)
0.sledgehammer goal.by        64732ms HOL-Library.Finite_Map 685:23351  some Preplay: (smt (cvc5, fmf) eq_onp_same_args finite_dom_map_of fmadd.abs_eq fmap_of_list.abs_eq map_of_append) (> 173 ms, timed out)
0.sledgehammer goal.using     14023ms HOL-Library.Finite_Map 693:23557  timeout (SH 14023ms): Timed out
0.sledgehammer goal.by        10100ms HOL-Library.Finite_Map 694:23571  some (SH 10100ms, ATP 637ms): Try this: by (smt (cvc5, best) fmap_of_list.rep_eq fmpred_iff map_of_SomeD) (173 ms)
0.sledgehammer goal.by        10100ms HOL-Library.Finite_Map 694:23571  some Preplay: (smt (cvc5, best) fmap_of_list.rep_eq fmpred_iff map_of_SomeD) (173 ms)
0.sledgehammer goal.by        10100ms HOL-Library.Finite_Map 694:23571  some Preplay: (smt (cvc5, trigger_last) fmap_of_list.rep_eq fmpred_iff map_of_SomeD) (> 173 ms, timed out)
0.sledgehammer goal.by        10100ms HOL-Library.Finite_Map 694:23571  some Preplay: (smt (cvc5, quant_saturate) fmap_of_list.rep_eq fmpred_iff map_of_SomeD) (> 173 ms, timed out)
0.sledgehammer goal.by        10100ms HOL-Library.Finite_Map 694:23571  some Preplay: (smt (cvc5, trigger_max) fmap_of_list.rep_eq fmpred_iff map_of_SomeD) (> 173 ms, timed out)
0.sledgehammer goal.by        10100ms HOL-Library.Finite_Map 694:23571  some Preplay: (smt (cvc5, trigger_relev) fmap_of_list.rep_eq fmpred_iff map_of_SomeD) (> 173 ms, timed out)
0.sledgehammer goal.by        10100ms HOL-Library.Finite_Map 694:23571  some Preplay: (smt (cvc5, term_relev) fmap_of_list.rep_eq fmpred_iff map_of_SomeD) (> 173 ms, timed out)
0.sledgehammer goal.by        10100ms HOL-Library.Finite_Map 694:23571  some Preplay: (smt (cvc5, noematch) fmap_of_list.rep_eq fmpred_iff map_of_SomeD) (> 173 ms, timed out)
0.sledgehammer goal.by        10100ms HOL-Library.Finite_Map 694:23571  some Preplay: (smt (cvc5, fmf) fmap_of_list.rep_eq fmpred_iff map_of_SomeD) (> 173 ms, timed out)
0.sledgehammer goal.by        10100ms HOL-Library.Finite_Map 694:23571  some Preplay: (smt (cvc5, no_simp) fmap_of_list.rep_eq fmpred_iff map_of_SomeD) (> 173 ms, timed out)
0.sledgehammer goal.by        68040ms HOL-Library.Finite_Map 700:23842  some (SH 68040ms, ATP 1189ms): Try this: by (smt (cvc5, best) dom_map_of_conv_image_fst eq_onp_same_args finite_dom_map_of fmap_of_list.abs_eq fmdom.abs_eq fset_of_list.abs_eq list.set_map) (96 ms)
0.sledgehammer goal.by        68040ms HOL-Library.Finite_Map 700:23842  some Preplay: (smt (cvc5, best) dom_map_of_conv_image_fst eq_onp_same_args finite_dom_map_of fmap_of_list.abs_eq fmdom.abs_eq fset_of_list.abs_eq list.set_map) (96 ms)
0.sledgehammer goal.by        68040ms HOL-Library.Finite_Map 700:23842  some Preplay: (smt (cvc5, trigger_last) dom_map_of_conv_image_fst eq_onp_same_args finite_dom_map_of fmap_of_list.abs_eq fmdom.abs_eq fset_of_list.abs_eq list.set_map) (> 96 ms, timed out)
0.sledgehammer goal.by        68040ms HOL-Library.Finite_Map 700:23842  some Preplay: (smt (cvc5, quant_saturate) dom_map_of_conv_image_fst eq_onp_same_args finite_dom_map_of fmap_of_list.abs_eq fmdom.abs_eq fset_of_list.abs_eq list.set_map) (> 96 ms, timed out)
0.sledgehammer goal.by        68040ms HOL-Library.Finite_Map 700:23842  some Preplay: (smt (cvc5, trigger_max) dom_map_of_conv_image_fst eq_onp_same_args finite_dom_map_of fmap_of_list.abs_eq fmdom.abs_eq fset_of_list.abs_eq list.set_map) (> 96 ms, timed out)
0.sledgehammer goal.by        68040ms HOL-Library.Finite_Map 700:23842  some Preplay: (smt (cvc5, trigger_relev) dom_map_of_conv_image_fst eq_onp_same_args finite_dom_map_of fmap_of_list.abs_eq fmdom.abs_eq fset_of_list.abs_eq list.set_map) (> 96 ms, timed out)
0.sledgehammer goal.by        68040ms HOL-Library.Finite_Map 700:23842  some Preplay: (smt (cvc5, term_relev) dom_map_of_conv_image_fst eq_onp_same_args finite_dom_map_of fmap_of_list.abs_eq fmdom.abs_eq fset_of_list.abs_eq list.set_map) (> 96 ms, timed out)
0.sledgehammer goal.by        68040ms HOL-Library.Finite_Map 700:23842  some Preplay: (smt (cvc5, noematch) dom_map_of_conv_image_fst eq_onp_same_args finite_dom_map_of fmap_of_list.abs_eq fmdom.abs_eq fset_of_list.abs_eq list.set_map) (> 96 ms, timed out)
0.sledgehammer goal.by        68040ms HOL-Library.Finite_Map 700:23842  some Preplay: (smt (cvc5, fmf) dom_map_of_conv_image_fst eq_onp_same_args finite_dom_map_of fmap_of_list.abs_eq fmdom.abs_eq fset_of_list.abs_eq list.set_map) (> 96 ms, timed out)
0.sledgehammer goal.by        68040ms HOL-Library.Finite_Map 700:23842  some Preplay: (smt (cvc5, no_simp) dom_map_of_conv_image_fst eq_onp_same_args finite_dom_map_of fmap_of_list.abs_eq fmdom.abs_eq fset_of_list.abs_eq list.set_map) (> 96 ms, timed out)
0.sledgehammer goal.by        14424ms HOL-Library.Finite_Map 707:24130  some (SH 14424ms, ATP 1696ms): Try this: by (smt (cvc5, quant_saturate) fmrel_on_fset.rep_eq rel_fun_eq_onp_rel rel_map_on_set_def) (366 ms)
0.sledgehammer goal.by        14424ms HOL-Library.Finite_Map 707:24130  some Preplay: (smt (cvc5, quant_saturate) fmrel_on_fset.rep_eq rel_fun_eq_onp_rel rel_map_on_set_def) (366 ms)
0.sledgehammer goal.by        14424ms HOL-Library.Finite_Map 707:24130  some Preplay: (smt (cvc5, trigger_relev) fmrel_on_fset.rep_eq rel_fun_eq_onp_rel rel_map_on_set_def) (424 ms)
0.sledgehammer goal.by        14424ms HOL-Library.Finite_Map 707:24130  some Preplay: (smt (cvc5, best) fmrel_on_fset.rep_eq rel_fun_eq_onp_rel rel_map_on_set_def) (424 ms)
0.sledgehammer goal.by        14424ms HOL-Library.Finite_Map 707:24130  some Preplay: (smt (cvc5, term_relev) fmrel_on_fset.rep_eq rel_fun_eq_onp_rel rel_map_on_set_def) (533 ms)
0.sledgehammer goal.by        14424ms HOL-Library.Finite_Map 707:24130  some Preplay: (smt (cvc5, trigger_last) fmrel_on_fset.rep_eq rel_fun_eq_onp_rel rel_map_on_set_def) (540 ms)
0.sledgehammer goal.by        14424ms HOL-Library.Finite_Map 707:24130  some Preplay: (smt (cvc5, trigger_max) fmrel_on_fset.rep_eq rel_fun_eq_onp_rel rel_map_on_set_def) (> 366 ms, timed out)
0.sledgehammer goal.by        14424ms HOL-Library.Finite_Map 707:24130  some Preplay: (smt (cvc5, noematch) fmrel_on_fset.rep_eq rel_fun_eq_onp_rel rel_map_on_set_def) (> 366 ms, timed out)
0.sledgehammer goal.by        14424ms HOL-Library.Finite_Map 707:24130  some Preplay: (smt (cvc5, fmf) fmrel_on_fset.rep_eq rel_fun_eq_onp_rel rel_map_on_set_def) (> 366 ms, timed out)
0.sledgehammer goal.by        14424ms HOL-Library.Finite_Map 707:24130  some Preplay: (smt (cvc5, no_simp) fmrel_on_fset.rep_eq rel_fun_eq_onp_rel rel_map_on_set_def) (> 366 ms, timed out)
0.sledgehammer goal.unfolding 14055ms HOL-Library.Finite_Map 715:24457  timeout (SH 14055ms): Timed out
0.sledgehammer goal.using     20237ms HOL-Library.Finite_Map 716:24500  some (SH 20237ms, ATP 181ms): Try this: by (smt (cvc5, trigger_last) option.rel_mono predicate2D predicate2I) (283 ms)
0.sledgehammer goal.using     20237ms HOL-Library.Finite_Map 716:24500  some Preplay: (smt (cvc5, trigger_last) option.rel_mono predicate2D predicate2I) (283 ms)
0.sledgehammer goal.using     20237ms HOL-Library.Finite_Map 716:24500  some Preplay: (smt (cvc5, best) option.rel_mono predicate2D predicate2I) (346 ms)
0.sledgehammer goal.using     20237ms HOL-Library.Finite_Map 716:24500  some Preplay: (smt (cvc5, quant_saturate) option.rel_mono predicate2D predicate2I) (> 283 ms, timed out)
0.sledgehammer goal.using     20237ms HOL-Library.Finite_Map 716:24500  some Preplay: (smt (cvc5, trigger_max) option.rel_mono predicate2D predicate2I) (> 283 ms, timed out)
0.sledgehammer goal.using     20237ms HOL-Library.Finite_Map 716:24500  some Preplay: (smt (cvc5, trigger_relev) option.rel_mono predicate2D predicate2I) (> 283 ms, timed out)
0.sledgehammer goal.using     20237ms HOL-Library.Finite_Map 716:24500  some Preplay: (smt (cvc5, term_relev) option.rel_mono predicate2D predicate2I) (> 283 ms, timed out)
0.sledgehammer goal.using     20237ms HOL-Library.Finite_Map 716:24500  some Preplay: (smt (cvc5, noematch) option.rel_mono predicate2D predicate2I) (> 283 ms, timed out)
0.sledgehammer goal.using     20237ms HOL-Library.Finite_Map 716:24500  some Preplay: (smt (cvc5, fmf) option.rel_mono predicate2D predicate2I) (> 283 ms, timed out)
0.sledgehammer goal.using     20237ms HOL-Library.Finite_Map 716:24500  some Preplay: (smt (cvc5, no_simp) option.rel_mono predicate2D predicate2I) (> 283 ms, timed out)
0.sledgehammer goal.by        11590ms HOL-Library.Finite_Map 716:24522  some (SH 11590ms, ATP 707ms): Try this: by (smt (cvc5, trigger_last) predicate2D predicate2I) (606 ms)
0.sledgehammer goal.by        11590ms HOL-Library.Finite_Map 716:24522  some Preplay: (smt (cvc5, trigger_last) predicate2D predicate2I) (606 ms)
0.sledgehammer goal.by        11590ms HOL-Library.Finite_Map 716:24522  some Preplay: (smt (cvc5, quant_saturate) predicate2D predicate2I) (724 ms)
0.sledgehammer goal.by        11590ms HOL-Library.Finite_Map 716:24522  some Preplay: (smt (cvc5, best) predicate2D predicate2I) (851 ms)
0.sledgehammer goal.by        11590ms HOL-Library.Finite_Map 716:24522  some Preplay: (smt (cvc5, trigger_max) predicate2D predicate2I) (910 ms)
0.sledgehammer goal.by        11590ms HOL-Library.Finite_Map 716:24522  some Preplay: (smt (cvc5, no_simp) predicate2D predicate2I) (1.0 s)
0.sledgehammer goal.by        11590ms HOL-Library.Finite_Map 716:24522  some Preplay: (smt (cvc5, term_relev) predicate2D predicate2I) (1.0 s)
0.sledgehammer goal.by        11590ms HOL-Library.Finite_Map 716:24522  some Preplay: (smt (cvc5, trigger_relev) predicate2D predicate2I) (1.0 s)
0.sledgehammer goal.by        11590ms HOL-Library.Finite_Map 716:24522  some Preplay: (smt (cvc5, fmf) predicate2D predicate2I) (1.2 s)
0.sledgehammer goal.by        11590ms HOL-Library.Finite_Map 716:24522  some Preplay: (smt (cvc5, noematch) predicate2D predicate2I) (1.4 s)
0.sledgehammer goal.unfolding 31045ms HOL-Library.Finite_Map 723:24762  some (SH 31045ms, ATP 654ms): Try this: by (smt (cvc5, best) fin_mono fmrel_on_fset_alt_def) (122 ms)
0.sledgehammer goal.unfolding 31045ms HOL-Library.Finite_Map 723:24762  some Preplay: (smt (cvc5, best) fin_mono fmrel_on_fset_alt_def) (122 ms)
0.sledgehammer goal.unfolding 31045ms HOL-Library.Finite_Map 723:24762  some Preplay: (smt (cvc5, no_simp) fin_mono fmrel_on_fset_alt_def) (197 ms)
0.sledgehammer goal.unfolding 31045ms HOL-Library.Finite_Map 723:24762  some Preplay: (smt (cvc5, trigger_last) fin_mono fmrel_on_fset_alt_def) (> 122 ms, timed out)
0.sledgehammer goal.unfolding 31045ms HOL-Library.Finite_Map 723:24762  some Preplay: (smt (cvc5, quant_saturate) fin_mono fmrel_on_fset_alt_def) (> 122 ms, timed out)
0.sledgehammer goal.unfolding 31045ms HOL-Library.Finite_Map 723:24762  some Preplay: (smt (cvc5, trigger_max) fin_mono fmrel_on_fset_alt_def) (> 122 ms, timed out)
0.sledgehammer goal.unfolding 31045ms HOL-Library.Finite_Map 723:24762  some Preplay: (smt (cvc5, trigger_relev) fin_mono fmrel_on_fset_alt_def) (> 122 ms, timed out)
0.sledgehammer goal.unfolding 31045ms HOL-Library.Finite_Map 723:24762  some Preplay: (smt (cvc5, term_relev) fin_mono fmrel_on_fset_alt_def) (> 122 ms, timed out)
0.sledgehammer goal.unfolding 31045ms HOL-Library.Finite_Map 723:24762  some Preplay: (smt (cvc5, noematch) fin_mono fmrel_on_fset_alt_def) (> 122 ms, timed out)
0.sledgehammer goal.unfolding 31045ms HOL-Library.Finite_Map 723:24762  some Preplay: (smt (cvc5, fmf) fin_mono fmrel_on_fset_alt_def) (> 122 ms, timed out)
0.sledgehammer goal.unfolding 15235ms HOL-Library.Finite_Map 728:24917  some (SH 15235ms, ATP 474ms): Try this: by (smt (cvc5, no_simp) fmrel_on_fset_alt_def funion_iff) (166 ms)
0.sledgehammer goal.unfolding 15235ms HOL-Library.Finite_Map 728:24917  some Preplay: (smt (cvc5, no_simp) fmrel_on_fset_alt_def funion_iff) (166 ms)
0.sledgehammer goal.unfolding 15235ms HOL-Library.Finite_Map 728:24917  some Preplay: (smt (cvc5, quant_saturate) fmrel_on_fset_alt_def funion_iff) (174 ms)
0.sledgehammer goal.unfolding 15235ms HOL-Library.Finite_Map 728:24917  some Preplay: (smt (cvc5, trigger_last) fmrel_on_fset_alt_def funion_iff) (177 ms)
0.sledgehammer goal.unfolding 15235ms HOL-Library.Finite_Map 728:24917  some Preplay: (smt (cvc5, term_relev) fmrel_on_fset_alt_def funion_iff) (218 ms)
0.sledgehammer goal.unfolding 15235ms HOL-Library.Finite_Map 728:24917  some Preplay: (smt (cvc5, best) fmrel_on_fset_alt_def funion_iff) (220 ms)
0.sledgehammer goal.unfolding 15235ms HOL-Library.Finite_Map 728:24917  some Preplay: (smt (cvc5, trigger_max) fmrel_on_fset_alt_def funion_iff) (282 ms)
0.sledgehammer goal.unfolding 15235ms HOL-Library.Finite_Map 728:24917  some Preplay: (smt (cvc5, trigger_relev) fmrel_on_fset_alt_def funion_iff) (314 ms)
0.sledgehammer goal.unfolding 15235ms HOL-Library.Finite_Map 728:24917  some Preplay: (smt (cvc5, noematch) fmrel_on_fset_alt_def funion_iff) (478 ms)
0.sledgehammer goal.unfolding 15235ms HOL-Library.Finite_Map 728:24917  some Preplay: (smt (cvc5, fmf) fmrel_on_fset_alt_def funion_iff) (> 174 ms, timed out)
0.sledgehammer goal.by        13372ms HOL-Library.Disjoint_FSets 19:318  timeout (SH 13372ms): Timed out
0.sledgehammer goal.unfolding 31043ms HOL-Library.Disjoint_FSets 34:854  some (SH 31043ms, ATP 577ms): Try this: by (smt (cvc5, best) fdisjnt_alt_def finter_funion_distrib2 sup.idem) (84 ms)
0.sledgehammer goal.unfolding 31043ms HOL-Library.Disjoint_FSets 34:854  some Preplay: (smt (cvc5, best) fdisjnt_alt_def finter_funion_distrib2 sup.idem) (84 ms)
0.sledgehammer goal.unfolding 31043ms HOL-Library.Disjoint_FSets 34:854  some Preplay: (smt (cvc5, term_relev) fdisjnt_alt_def finter_funion_distrib2 sup.idem) (104 ms)
0.sledgehammer goal.unfolding 31043ms HOL-Library.Disjoint_FSets 34:854  some Preplay: (smt (cvc5, trigger_last) fdisjnt_alt_def finter_funion_distrib2 sup.idem) (> 84 ms, timed out)
0.sledgehammer goal.unfolding 31043ms HOL-Library.Disjoint_FSets 34:854  some Preplay: (smt (cvc5, quant_saturate) fdisjnt_alt_def finter_funion_distrib2 sup.idem) (> 84 ms, timed out)
0.sledgehammer goal.unfolding 31043ms HOL-Library.Disjoint_FSets 34:854  some Preplay: (smt (cvc5, trigger_max) fdisjnt_alt_def finter_funion_distrib2 sup.idem) (> 84 ms, timed out)
0.sledgehammer goal.unfolding 31043ms HOL-Library.Disjoint_FSets 34:854  some Preplay: (smt (cvc5, trigger_relev) fdisjnt_alt_def finter_funion_distrib2 sup.idem) (> 84 ms, timed out)
0.sledgehammer goal.unfolding 31043ms HOL-Library.Disjoint_FSets 34:854  some Preplay: (smt (cvc5, noematch) fdisjnt_alt_def finter_funion_distrib2 sup.idem) (> 84 ms, timed out)
0.sledgehammer goal.unfolding 31043ms HOL-Library.Disjoint_FSets 34:854  some Preplay: (smt (cvc5, fmf) fdisjnt_alt_def finter_funion_distrib2 sup.idem) (> 84 ms, timed out)
0.sledgehammer goal.unfolding 31043ms HOL-Library.Disjoint_FSets 34:854  some Preplay: (smt (cvc5, no_simp) fdisjnt_alt_def finter_funion_distrib2 sup.idem) (> 84 ms, timed out)
0.sledgehammer goal.using     14509ms HOL-Library.Disjoint_FSets 42:1139  timeout (SH 14509ms): Timed out
0.sledgehammer goal.by        13934ms HOL-Library.Disjoint_FSets 43:1151  timeout (SH 13934ms): Timed out
0.sledgehammer goal.by        13966ms HOL-Library.Disjoint_FSets 52:1402  timeout (SH 13966ms): Timed out
0.sledgehammer goal.unfolding 13926ms HOL-Library.Disjoint_FSets 64:1785  timeout (SH 13926ms): Timed out
0.sledgehammer goal.apply     13269ms HOL-Library.Disjoint_FSets 66:1851  timeout (SH 13269ms): Timed out
