0.sledgehammer initialize Params for sledgehammer: {abduce = SOME 0, cache_dir = NONE, compress = NONE, debug = false, expect =
0.sledgehammer initialize  "", fact_filter = SOME "mepo", fact_thresholds = (0.45, 0.85), falsify =
0.sledgehammer initialize  SOME false, induction_rules = NONE, instantiate = NONE, isar_proofs = NONE,
0.sledgehammer initialize  lam_trans = NONE, learn = true, max_facts = NONE, max_mono_iters = NONE,
0.sledgehammer initialize  max_new_mono_instances = NONE, max_proofs = 4, minimize = true, overlord =
0.sledgehammer initialize  false, preplay_provers = [], preplay_timeout = 1.000, provers =
0.sledgehammer initialize  ["cvc5_proof"], slices = 96, smt_proofs = true, spy = false, strict =
0.sledgehammer initialize  false, timeout = 30.000, try0 = true, type_enc = NONE, uncurried_aliases =
0.sledgehammer initialize  NONE, verbose = false}
0.sledgehammer goal.using     14104ms Simplex.Simplex 62:2217  some (SH 14104ms, ATP 109ms): Try this: by (meson assms(1,2) in_mono) (12 ms)
0.sledgehammer goal.by        13073ms Simplex.Simplex 62:2229  some (SH 13073ms, ATP 100ms): Try this: by (meson in_mono) (5 ms)
0.sledgehammer goal.unfolding 12095ms Simplex.Simplex 71:2538  timeout (SH 12095ms): Timed out
0.sledgehammer goal.by         3979ms Simplex.Simplex 71:2569  some (SH 3979ms, ATP 447ms): Try this: by (simp add: eq_key_imp_eq_value) (10 ms)
0.sledgehammer goal.by         3762ms Simplex.Simplex 105:4368  some (SH 3762ms, ATP 466ms): Try this: by (simp add: Mapping.lookup.rep_eq update.rep_eq) (3 ms)
0.sledgehammer goal.by            0ms Simplex.Simplex 120:4802  
0.sledgehammer goal.by        116583ms Simplex.Simplex 143:5893  some (SH 116583ms, ATP 1671ms): Try this: by (smt (verit, best) Solve.intro simplex_sat0 simplex_unsat0 solve_def sum.case_eq_if sum.collapse(1) sum.discI(1,2) sum.sel(1,2) sum.split_sel) (852 ms)
0.sledgehammer goal.by        12225ms Simplex.Simplex 180:7872  timeout (SH 12225ms): Timed out
0.sledgehammer goal.using     13475ms Simplex.Simplex 214:9760  timeout (SH 13475ms): Timed out
0.sledgehammer goal.by        12705ms Simplex.Simplex 214:9793  timeout (SH 12704ms): Timed out
0.sledgehammer goal.by        12964ms Simplex.Simplex 247:11072  timeout (SH 12964ms): Timed out
0.sledgehammer goal.by            0ms Simplex.Simplex 276:12265  
0.sledgehammer goal.proof     12463ms Simplex.Simplex 318:14090  timeout (SH 12463ms): Timed out
0.sledgehammer goal.unfolding 12435ms Simplex.Simplex 322:14171  timeout (SH 12435ms): Timed out
0.sledgehammer goal.by        13346ms Simplex.Simplex 323:14195  some (SH 13346ms, ATP 549ms): Try this: by auto (4 ms)
0.sledgehammer goal.using     12160ms Simplex.Simplex 328:14296  timeout (SH 12160ms): Timed out
0.sledgehammer goal.unfolding 12300ms Simplex.Simplex 329:14312  timeout (SH 12300ms): Timed out
0.sledgehammer goal.by        12449ms Simplex.Simplex 330:14349  timeout (SH 12449ms): Timed out
0.sledgehammer goal.proof     12380ms Simplex.Simplex 336:14503  timeout (SH 12380ms): Timed out
0.sledgehammer goal.proof     13316ms Simplex.Simplex 340:14651  timeout (SH 13316ms): Timed out
0.sledgehammer goal.using     12639ms Simplex.Simplex 342:14736  timeout (SH 12639ms): Timed out
0.sledgehammer goal.unfolding 12847ms Simplex.Simplex 343:14754  timeout (SH 12847ms): Timed out
0.sledgehammer goal.by         9086ms Simplex.Simplex 344:14793  some (SH 9086ms, ATP 505ms): Try this: by auto (6 ms)
0.sledgehammer goal.unfolding 13045ms Simplex.Simplex 346:14828  timeout (SH 13045ms): Timed out
0.sledgehammer goal.proof     12519ms Simplex.Simplex 347:14881  timeout (SH 12519ms): Timed out
0.sledgehammer goal.by         7853ms Simplex.Simplex 350:14962  some (SH 7853ms, ATP 1599ms): Try this: using surjective_pairing by blast (1 ms)
0.sledgehammer goal.proof     13077ms Simplex.Simplex 352:15018  timeout (SH 13077ms): Timed out
0.sledgehammer goal.using      3251ms Simplex.Simplex 354:15073  some (SH 3251ms, ATP 553ms): Try this: using \<open>e \<in> set t\<close> e by force (1 ms)
0.sledgehammer goal.by         3143ms Simplex.Simplex 354:15093  some (SH 3143ms, ATP 533ms): Try this: by simp (2 ms)
0.sledgehammer goal.using     14952ms Simplex.Simplex 356:15150  some (SH 14952ms, ATP 290ms): Try this: by (simp add: \<open>e \<in> set t\<close> assms lvars_def normalized_tableau_unique_eq_for_lvar) (2 ms)
0.sledgehammer goal.using     12810ms Simplex.Simplex 357:15216  some (SH 12810ms, ATP 4173ms): Try this: using \<open>e \<in> set t\<close> lvars_def by auto (6 ms)
0.sledgehammer goal.unfolding 12890ms Simplex.Simplex 358:15244  some (SH 12890ms, ATP 4174ms): Try this: by (simp add: lvars_def) (5 ms)
0.sledgehammer goal.by        12616ms Simplex.Simplex 359:15274  timeout (SH 12616ms): Timed out
0.sledgehammer goal.apply     17845ms Simplex.Simplex 363:15373  some (SH 17845ms, ATP 316ms): Try this: using \<open>\<exists>!p. (lhs e, p) \<in> set t\<close> theI by fastforce (147 ms)
0.sledgehammer goal.using      3030ms Simplex.Simplex 364:15402  some (SH 3030ms, ATP 428ms): Try this: using \<open>\<exists>!p. (lhs e, p) \<in> set t\<close> by blast (0.4 ms)
0.sledgehammer goal.by         2937ms Simplex.Simplex 365:15444  some (SH 2937ms, ATP 495ms): Try this: by simp (0.9 ms)
0.sledgehammer goal.using      3420ms Simplex.Simplex 367:15493  some (SH 3419ms, ATP 628ms): Try this: using \<open>(lhs e, rhs e) \<in> set t\<close> \<open>\<exists>!p. (lhs e, p) \<in> set t\<close> by blast (3 ms)
0.sledgehammer goal.using      3322ms Simplex.Simplex 368:15534  some (SH 3322ms, ATP 566ms): Try this: using \<open>\<exists>!p. (lhs e, p) \<in> set t\<close> by blast (3 ms)
0.sledgehammer goal.by         3343ms Simplex.Simplex 369:15576  some (SH 3343ms, ATP 606ms): Try this: by blast (2 ms)
0.sledgehammer goal.using     13750ms Simplex.Simplex 372:15649  timeout (SH 13750ms): Timed out
0.sledgehammer goal.unfolding 13237ms Simplex.Simplex 373:15677  timeout (SH 13237ms): Timed out
0.sledgehammer goal.by        14925ms Simplex.Simplex 374:15707  some (SH 14925ms, ATP 979ms): Try this: by auto (2 ms)
0.sledgehammer goal.apply     13850ms Simplex.Simplex 377:15785  timeout (SH 13850ms): Timed out
0.sledgehammer goal.using     12542ms Simplex.Simplex 378:15823  timeout (SH 12542ms): Timed out
0.sledgehammer goal.unfolding 12642ms Simplex.Simplex 379:15857  timeout (SH 12642ms): Timed out
0.sledgehammer goal.by        13563ms Simplex.Simplex 380:15900  some (SH 13563ms, ATP 2052ms): Try this: using rvars_def by auto (11 ms)
0.sledgehammer goal.by         3762ms Simplex.Simplex 383:15990  some (SH 3762ms, ATP 526ms): Try this: by argo (2 ms)
0.sledgehammer goal.proof     12501ms Simplex.Simplex 393:16193  timeout (SH 12501ms): Timed out
0.sledgehammer goal.proof     12398ms Simplex.Simplex 399:16363  timeout (SH 12398ms): Timed out
0.sledgehammer goal.unfolding 47142ms Simplex.Simplex 403:16460  some (SH 47141ms, ATP 768ms): Try this: by (metis in_set_conv_nth length_map lhs.simps lvars_def nth_map) (71 ms)
0.sledgehammer goal.by        12878ms Simplex.Simplex 404:16488  some (SH 12878ms, ATP 580ms): Try this: by (metis image_eqI lhs.simps list.set_map) (42 ms)
0.sledgehammer goal.using      2609ms Simplex.Simplex 406:16536  some (SH 2609ms, ATP 541ms): Try this: by (simp add: \<open>lvars t1 = lvars t2\<close>) (0.8 ms)
0.sledgehammer goal.by         2667ms Simplex.Simplex 407:16572  some (SH 2667ms, ATP 564ms): Try this: by simp (2 ms)
0.sledgehammer goal.unfolding 12820ms Simplex.Simplex 409:16634  timeout (SH 12820ms): Timed out
0.sledgehammer goal.by        12811ms Simplex.Simplex 410:16662  timeout (SH 12811ms): Timed out
0.sledgehammer goal.proof     12126ms Simplex.Simplex 412:16766  timeout (SH 12126ms): Timed out
0.sledgehammer goal.using     12330ms Simplex.Simplex 415:16877  some (SH 12330ms, ATP 1752ms): Try this: using \<open>\<triangle> t1\<close> recalc_tableau_lvars by blast (43 ms)
0.sledgehammer goal.by        12288ms Simplex.Simplex 416:16928  some (SH 12288ms, ATP 313ms): Try this: by fastforce (13 ms)
0.sledgehammer goal.using      3137ms Simplex.Simplex 418:16971  some (SH 3137ms, ATP 544ms): Try this: using \<open>\<And>v. v \<Turnstile>\<^sub>t t1 = v \<Turnstile>\<^sub>t t2\<close> \<open>v' \<Turnstile>\<^sub>t t1\<close> by blast (1 ms)
0.sledgehammer goal.by         2919ms Simplex.Simplex 419:17026  some (SH 2919ms, ATP 465ms): Try this: by force (2 ms)
0.sledgehammer goal.using      8676ms Simplex.Simplex 421:17076  some (SH 8676ms, ATP 1074ms): Try this: by (metis \<open>(a, b') \<in> set t2\<close> \<open>(a, b) \<in> set t1\<close> \<open>v' \<Turnstile>\<^sub>t t1\<close> \<open>v' \<Turnstile>\<^sub>t t2\<close> satisfies_eq_iff satisfies_tableau_def) (14 ms)
0.sledgehammer goal.using      5662ms Simplex.Simplex 422:17122  some (SH 5662ms, ATP 1059ms): Try this: by (metis \<open>(a, b') \<in> set t2\<close> \<open>v' \<Turnstile>\<^sub>t t2\<close> satisfies_eq_iff satisfies_tableau_def) (66 ms)
0.sledgehammer goal.unfolding  7237ms Simplex.Simplex 423:17169  some (SH 7237ms, ATP 81ms): Try this: by (metis satisfies_eq_iff satisfies_tableau_def) (47 ms)
0.sledgehammer goal.by         5330ms Simplex.Simplex 424:17228  some (SH 5330ms, ATP 614ms): Try this: by fastforce (6 ms)
0.sledgehammer goal.using      4345ms Simplex.Simplex 426:17285  some (SH 4345ms, ATP 382ms): Try this: by (simp add: valuate_minus) (1 ms)
0.sledgehammer goal.by         3319ms Simplex.Simplex 427:17327  some (SH 3319ms, ATP 328ms): Try this: by simp (2 ms)
0.sledgehammer goal.using     12192ms Simplex.Simplex 430:17416  timeout (SH 12192ms): Timed out
0.sledgehammer goal.unfolding 12010ms Simplex.Simplex 431:17491  timeout (SH 12010ms): Timed out
0.sledgehammer goal.by        12694ms Simplex.Simplex 432:17521  timeout (SH 12694ms): Timed out
0.sledgehammer goal.using     78931ms Simplex.Simplex 434:17586  some (SH 78931ms, ATP 583ms): Try this: by (smt (z3) inf_sup_aci(6) le_iff_sup vars_minus) (63 ms)
0.sledgehammer goal.by        11197ms Simplex.Simplex 435:17622  some (SH 11197ms, ATP 396ms): Try this: by blast (1 ms)
0.sledgehammer goal.using      7619ms Simplex.Simplex 437:17690  some (SH 7619ms, ATP 488ms): Try this: by (simp add: \<open>\<forall>x\<in>rvars t1. v x = v' x\<close> subsetD) (3 ms)
0.sledgehammer goal.by         7351ms Simplex.Simplex 438:17735  some (SH 7351ms, ATP 384ms): Try this: by (metis subsetD) (8 ms)
0.sledgehammer goal.by         2717ms Simplex.Simplex 441:17845  some (SH 2717ms, ATP 504ms): Try this: by blast (2 ms)
0.sledgehammer goal.using     13085ms Simplex.Simplex 444:17896  some (SH 13085ms, ATP 286ms): Try this: by (metis all_val diff_eq_diff_eq diff_self) (84 ms)
0.sledgehammer goal.by         4834ms Simplex.Simplex 445:17931  some (SH 4834ms, ATP 448ms): Try this: by auto (9 ms)
0.sledgehammer goal.using      2669ms Simplex.Simplex 447:17981  some (SH 2669ms, ATP 315ms): Try this: using \<open>(a, b') \<in> set t2\<close> by blast (0.3 ms)
0.sledgehammer goal.by         2744ms Simplex.Simplex 448:18014  some (SH 2744ms, ATP 392ms): Try this: by meson (0.9 ms)
0.sledgehammer goal.using      9295ms Simplex.Simplex 453:18079  some (SH 9295ms, ATP 233ms): Try this: by (simp add: "*" assms(1,2,3,4,5) subset_antisym) (7 ms)
0.sledgehammer goal.using      4866ms Simplex.Simplex 454:18113  some (SH 4866ms, ATP 419ms): Try this: by (simp add: assms(1,2,3,4,5)) (9 ms)
0.sledgehammer goal.by         3081ms Simplex.Simplex 455:18129  some (SH 3081ms, ATP 413ms): Try this: by force (15 ms)
0.sledgehammer goal.using     12451ms Simplex.Simplex 458:18187  timeout (SH 12450ms): Timed out
0.sledgehammer goal.unfolding 12552ms Simplex.Simplex 459:18211  timeout (SH 12552ms): Timed out
0.sledgehammer goal.by        20959ms Simplex.Simplex 460:18248  some (SH 20959ms, ATP 3196ms): Try this: apply (metis (no_types, lifting) distinct_append image_eqI list.set_map list.simps(9) map_append not_distinct_conv_prefix) (901 ms)
0.sledgehammer goal.by         3131ms Simplex.Simplex 463:18313  some (SH 3131ms, ATP 358ms): Try this: by (simp add: set_eq_iff_mset_eq_distinct) (6 ms)
0.sledgehammer goal.by        140559ms Simplex.Simplex 491:19274  some (SH 140559ms, ATP 187ms): Try this: by (metis (no_types, lifting) atom.exhaust atom_const.simps(1,2) atom_var.simps(1,2) order_refl satisfies_atom'_def satisfies_atom.simps(1,2)) (827 ms)
0.sledgehammer goal.using      2981ms Simplex.Simplex 497:19538  some (SH 2980ms, ATP 562ms): Try this: by (simp add: satisfies_atom'_stronger satisfies_atom_set_def) (8 ms)
0.sledgehammer goal.unfolding  3287ms Simplex.Simplex 497:19569  some (SH 3287ms, ATP 480ms): Try this: by (metis satisfies_atom_set_def) (33 ms)
0.sledgehammer goal.by         2466ms Simplex.Simplex 497:19602  some (SH 2465ms, ATP 433ms): Try this: by blast (1 ms)
0.sledgehammer goal.using     12431ms Simplex.Simplex 510:20128  timeout (SH 12431ms): Timed out
0.sledgehammer goal.by        12129ms Simplex.Simplex 510:20178  timeout (SH 12128ms): Timed out
0.sledgehammer goal.unfolding 39433ms Simplex.Simplex 514:20339  some (SH 39433ms, ATP 1600ms): Try this: by (smt (z3) boolean_algebra.conj_zero_right disjoint_iff_not_equal image_iff inf_Int_eq inf_apply inf_right_idem mem_Sigma_iff satisfies_atom_set_def set_ConsD snd_conv) (809 ms)
0.sledgehammer goal.by        19106ms Simplex.Simplex 514:20372  some (SH 19106ms, ATP 621ms): Try this: by auto (45 ms)
0.sledgehammer goal.unfolding  4486ms Simplex.Simplex 517:20449  some (SH 4486ms, ATP 526ms): Try this: by (simp add: satisfies_tableau_def) (11 ms)
0.sledgehammer goal.by         3545ms Simplex.Simplex 517:20481  some (SH 3545ms, ATP 440ms): Try this: by simp (4 ms)
0.sledgehammer goal.using     12723ms Simplex.Simplex 545:22032  timeout (SH 12722ms): Timed out
0.sledgehammer goal.by        12750ms Simplex.Simplex 545:22084  timeout (SH 12750ms): Timed out
0.sledgehammer goal.using     12346ms Simplex.Simplex 557:22616  timeout (SH 12346ms): Timed out
0.sledgehammer goal.unfolding 12501ms Simplex.Simplex 557:22628  timeout (SH 12501ms): Timed out
0.sledgehammer goal.by         2599ms Simplex.Simplex 557:22672  some (SH 2599ms, ATP 311ms): Try this: apply meson (0.3 ms)
0.sledgehammer goal.proof     13123ms Simplex.Simplex 591:24117  timeout (SH 13123ms): Timed out
0.sledgehammer goal.by         3190ms Simplex.Simplex 592:24187  some (SH 3190ms, ATP 417ms): Try this: by blast (3 ms)
0.sledgehammer goal.by         3162ms Simplex.Simplex 593:24232  some (SH 3162ms, ATP 424ms): Try this: by blast (4 ms)
0.sledgehammer goal.unfolding 12405ms Simplex.Simplex 595:24298  timeout (SH 12405ms): Timed out
0.sledgehammer goal.using     13158ms Simplex.Simplex 595:24334  timeout (SH 13158ms): Timed out
0.sledgehammer goal.by        12383ms Simplex.Simplex 595:24343  timeout (SH 12383ms): Timed out
0.sledgehammer goal.proof     12275ms Simplex.Simplex 602:24582  timeout (SH 12275ms): Timed out
0.sledgehammer goal.by         4154ms Simplex.Simplex 605:24738  some (SH 4154ms, ATP 482ms): Try this: by meson (0.4 ms)
0.sledgehammer goal.by         3549ms Simplex.Simplex 607:24895  some (SH 3549ms, ATP 524ms): Try this: apply meson (0.4 ms)
0.sledgehammer goal.unfolding 12144ms Simplex.Simplex 608:24947  timeout (SH 12144ms): Timed out
0.sledgehammer goal.proof     12558ms Simplex.Simplex 609:24985  timeout (SH 12558ms): Timed out
0.sledgehammer goal.using     12507ms Simplex.Simplex 610:25048  some (SH 12507ms, ATP 642ms): Try this: using "1"(1) index by auto (18 ms)
0.sledgehammer goal.by         4549ms Simplex.Simplex 610:25062  some (SH 4548ms, ATP 432ms): Try this: by blast (5 ms)
0.sledgehammer goal.by         2816ms Simplex.Simplex 614:25220  some (SH 2816ms, ATP 305ms): Try this: apply blast (0.4 ms)
0.sledgehammer goal.by         2769ms Simplex.Simplex 616:25348  some (SH 2769ms, ATP 321ms): Try this: by blast (0.8 ms)
0.sledgehammer goal.unfolding 12704ms Simplex.Simplex 620:25532  timeout (SH 12704ms): Timed out
0.sledgehammer goal.by        12375ms Simplex.Simplex 621:25566  timeout (SH 12375ms): Timed out
0.sledgehammer goal.by         2959ms Simplex.Simplex 622:25662  some (SH 2959ms, ATP 584ms): Try this: apply meson (0.7 ms)
0.sledgehammer goal.by        11861ms Simplex.Simplex 624:25776  some (SH 11861ms, ATP 426ms): Try this: by blast (1 ms)
0.sledgehammer goal.by         2809ms Simplex.Simplex 625:25829  some (SH 2809ms, ATP 321ms): Try this: by blast (1 ms)
0.sledgehammer goal.proof     12717ms Simplex.Simplex 631:25907  timeout (SH 12717ms): Timed out
0.sledgehammer goal.by         8634ms Simplex.Simplex 633:25995  some (SH 8634ms, ATP 374ms): Try this: using prod_cases4 by blast (11 ms)
0.sledgehammer goal.by         2811ms Simplex.Simplex 636:26170  some (SH 2811ms, ATP 345ms): Try this: by blast (1 ms)
0.sledgehammer goal.by        13723ms Simplex.Simplex 642:26406  timeout (SH 13722ms): Timed out
0.sledgehammer goal.proof     12348ms Simplex.Simplex 648:26564  timeout (SH 12347ms): Timed out
0.sledgehammer goal.using     12153ms Simplex.Simplex 650:26630  timeout (SH 12153ms): Timed out
0.sledgehammer goal.by         6986ms Simplex.Simplex 650:26656  some (SH 6986ms, ATP 650ms): Try this: by simp (4 ms)
0.sledgehammer goal.by         7898ms Simplex.Simplex 651:26739  some (SH 7898ms, ATP 367ms): Try this: by auto (15 ms)
0.sledgehammer goal.by        19042ms Simplex.Simplex 655:26855  some (SH 19042ms, ATP 711ms): Try this: by (metis Inl_Inr_False case_sum_inject list.simps(4) sumE surjective_sum) (368 ms)
0.sledgehammer goal.by         4211ms Simplex.Simplex 659:27099  some (SH 4211ms, ATP 540ms): Try this: by auto (3 ms)
0.sledgehammer goal.by        12420ms Simplex.Simplex 750:30541  timeout (SH 12420ms): Timed out
0.sledgehammer goal.by        12054ms Simplex.Simplex 756:30697  timeout (SH 12054ms): Timed out
0.sledgehammer goal.by        11863ms Simplex.Simplex 763:31013  timeout (SH 11863ms): Timed out
0.sledgehammer goal.by        12069ms Simplex.Simplex 770:31386  timeout (SH 12069ms): Timed out
0.sledgehammer goal.by        11947ms Simplex.Simplex 777:31580  timeout (SH 11946ms): Timed out
0.sledgehammer goal.by        11863ms Simplex.Simplex 786:31874  timeout (SH 11863ms): Timed out
0.sledgehammer goal.by        11985ms Simplex.Simplex 795:32172  timeout (SH 11985ms): Timed out
0.sledgehammer goal.by        11996ms Simplex.Simplex 802:32472  timeout (SH 11996ms): Timed out
0.sledgehammer goal.by        12286ms Simplex.Simplex 814:32872  some (SH 12286ms, ATP 372ms): Try this: by (simp add: satisfies_bounds.simps) (7 ms)
0.sledgehammer goal.using      4757ms Simplex.Simplex 818:33006  some (SH 4757ms, ATP 451ms): Try this: by (metis bounds_compare_contradictory(2,6) in_bounds.simps neg_bounds_compare(2,7)) (64 ms)
0.sledgehammer goal.using      7320ms Simplex.Simplex 819:33046  some (SH 7320ms, ATP 402ms): Try this: by (metis bounds_compare_contradictory(2) in_bounds.simps neg_bounds_compare(2,7)) (60 ms)
0.sledgehammer goal.using      7784ms Simplex.Simplex 820:33086  some (SH 7784ms, ATP 407ms): Try this: by (metis in_bounds.simps neg_bounds_compare(3,7)) (63 ms)
0.sledgehammer goal.using      5412ms Simplex.Simplex 821:33133  some (SH 5412ms, ATP 384ms): Try this: by (metis in_bounds.simps neg_bounds_compare(3)) (63 ms)
0.sledgehammer goal.by         3615ms Simplex.Simplex 822:33180  some (SH 3615ms, ATP 406ms): Try this: by (metis in_bounds.simps) (45 ms)
0.sledgehammer goal.by            0ms Simplex.Simplex 830:33480  
0.sledgehammer goal.by        12243ms Simplex.Simplex 905:36891  timeout (SH 12243ms): Timed out
0.sledgehammer goal.unfolding  8923ms Simplex.Simplex 908:37015  some (SH 8923ms, ATP 229ms): Try this: by (meson atoms_imply_bounds_index.simps i_satisfies_atom_set_mono) (51 ms)
0.sledgehammer goal.using      2899ms Simplex.Simplex 908:37056  some (SH 2899ms, ATP 435ms): Try this: using i_satisfies_atom_set_mono by blast (7 ms)
0.sledgehammer goal.by         2942ms Simplex.Simplex 908:37088  some (SH 2942ms, ATP 441ms): Try this: by blast (15 ms)
0.sledgehammer goal.using     13407ms Simplex.Simplex 938:38587  some (SH 13407ms, ATP 576ms): Try this: by (metis assms distinct_indices_state_def) (3.8 s)
0.sledgehammer goal.unfolding  8551ms Simplex.Simplex 938:38599  some (SH 8551ms, ATP 716ms): Try this: by (metis distinct_indices_state_def) (3.9 s)
0.sledgehammer goal.by         3069ms Simplex.Simplex 938:38636  some (SH 3069ms, ATP 379ms): Try this: by blast (32 ms)
0.sledgehammer goal.unfolding 14109ms Simplex.Simplex 952:39313  timeout (SH 14109ms): Timed out
0.sledgehammer goal.proof     13302ms Simplex.Simplex 953:39357  timeout (SH 13302ms): Timed out
0.sledgehammer goal.by         2778ms Simplex.Simplex 955:39484  some (SH 2778ms, ATP 376ms): Try this: by meson (0.3 ms)
0.sledgehammer goal.by         8432ms Simplex.Simplex 956:39524  some (SH 8432ms, ATP 654ms): Try this: by (meson image_mono order_subst1) (304 ms)
0.sledgehammer goal.by         2621ms Simplex.Simplex 957:39585  some (SH 2621ms, ATP 320ms): Try this: by fastforce (0.4 ms)
0.sledgehammer goal.by         3028ms Simplex.Simplex 959:39678  some (SH 3028ms, ATP 472ms): Try this: by blast (0.8 ms)
0.sledgehammer goal.using     10306ms Simplex.Simplex 963:39804  some (SH 10306ms, ATP 590ms): Try this: by (meson distinct_indices_atoms_def sub subsetD) (284 ms)
0.sledgehammer goal.unfolding  8835ms Simplex.Simplex 963:39814  some (SH 8835ms, ATP 530ms): Try this: by (meson distinct_indices_atoms_def subsetD) (280 ms)
0.sledgehammer goal.by         3080ms Simplex.Simplex 963:39851  some (SH 3080ms, ATP 427ms): Try this: by blast (18 ms)
0.sledgehammer goal.by         4128ms Simplex.Simplex 964:39928  some (SH 4128ms, ATP 443ms): Try this: by meson (30 ms)
0.sledgehammer goal.unfolding 12406ms Simplex.Simplex 966:39970  timeout (SH 12405ms): Timed out
0.sledgehammer goal.proof     12748ms Simplex.Simplex 967:40010  timeout (SH 12748ms): Timed out
0.sledgehammer goal.by        15391ms Simplex.Simplex 971:40143  some (SH 15391ms, ATP 604ms): Try this: by fastforce (6 ms)
0.sledgehammer goal.by         7669ms Simplex.Simplex 972:40176  some (SH 7669ms, ATP 405ms): Try this: by blast (0.5 ms)
0.sledgehammer goal.by        12459ms Simplex.Simplex 973:40228  timeout (SH 12459ms): Timed out
0.sledgehammer goal.by         7108ms Simplex.Simplex 974:40273  some (SH 7108ms, ATP 414ms): Try this: by blast (0.5 ms)
0.sledgehammer goal.by         3017ms Simplex.Simplex 976:40428  some (SH 3017ms, ATP 407ms): Try this: apply linarith (1 ms)
0.sledgehammer goal.by        84031ms Simplex.Simplex 978:40515  some (SH 84031ms, ATP 1018ms): Try this: by (simp add: Int_def) (7 ms)
0.sledgehammer goal.using      4200ms Simplex.Simplex 979:40545  some (SH 4200ms, ATP 502ms): Try this: by (simp add: id(1,2) satisfies_atom'_def) (2 ms)
0.sledgehammer goal.unfolding  4139ms Simplex.Simplex 979:40554  some (SH 4139ms, ATP 493ms): Try this: by (simp add: satisfies_atom'_def) (2 ms)
0.sledgehammer goal.by         2973ms Simplex.Simplex 979:40584  some (SH 2973ms, ATP 433ms): Try this: by presburger (0.7 ms)
0.sledgehammer goal.by         2937ms Simplex.Simplex 981:40648  some (SH 2937ms, ATP 413ms): Try this: by blast (0.8 ms)
0.sledgehammer goal.unfolding 12792ms Simplex.Simplex 986:40735  timeout (SH 12791ms): Timed out
0.sledgehammer goal.proof     10518ms Simplex.Simplex 987:40802  some (SH 10518ms, ATP 292ms): Try this: by (metis assms bounds_compare_Some(1,5) satisfies_bounds_iff satisfies_state_def) (26 ms)
0.sledgehammer goal.by         2956ms Simplex.Simplex 990:40988  some (SH 2956ms, ATP 663ms): Try this: apply blast (0.3 ms)
0.sledgehammer goal.by         3017ms Simplex.Simplex 991:41015  some (SH 3017ms, ATP 702ms): Try this: using \<open>v \<Turnstile>\<^sub>t \<T> s\<close> by auto (0.6 ms)
0.sledgehammer goal.using      4151ms Simplex.Simplex 993:41077  some (SH 4151ms, ATP 428ms): Try this: using bnd(1) by force (4 ms)
0.sledgehammer goal.by         3945ms Simplex.Simplex 993:41090  some (SH 3944ms, ATP 428ms): Try this: by simp (4 ms)
0.sledgehammer goal.using      4150ms Simplex.Simplex 995:41152  some (SH 4150ms, ATP 425ms): Try this: using bnd(2) by force (4 ms)
0.sledgehammer goal.by         3913ms Simplex.Simplex 995:41165  some (SH 3913ms, ATP 390ms): Try this: by auto (2 ms)
0.sledgehammer goal.unfolding 12602ms Simplex.Simplex 999:41250  timeout (SH 12602ms): Timed out
0.sledgehammer goal.using      7351ms Simplex.Simplex 999:41281  some (SH 7351ms, ATP 138ms): Try this: using state_satisfies_index by blast (6 ms)
0.sledgehammer goal.by         7286ms Simplex.Simplex 999:41309  some (SH 7286ms, ATP 105ms): Try this: by blast (6 ms)
0.sledgehammer goal.unfolding 12130ms Simplex.Simplex 1010:41705  timeout (SH 12130ms): Timed out
0.sledgehammer goal.by        12905ms Simplex.Simplex 1010:41749  timeout (SH 12905ms): Timed out
0.sledgehammer goal.unfolding 12102ms Simplex.Simplex 1013:41833  timeout (SH 12102ms): Timed out
0.sledgehammer goal.by         7802ms Simplex.Simplex 1013:41859  some (SH 7802ms, ATP 551ms): Try this: by blast (2 ms)
0.sledgehammer goal.unfolding 50214ms Simplex.Simplex 1018:42004  some (SH 50214ms, ATP 679ms): Try this: by (smt (verit, best) assms(1,2) atom_const.simps(1,2) atom_var.simps(1,2) distinct_indices_atoms_def distinct_indices_state_def index_valid_def) (517 ms)
0.sledgehammer goal.proof     18523ms Simplex.Simplex 1019:42041  some (SH 18523ms, ATP 503ms): Try this: by (metis assms(1,2) atom_const.simps(1,2) atom_var.simps(1,2) distinct_indices_atoms_def index_valid_def) (586 ms)
0.sledgehammer goal.by         3011ms Simplex.Simplex 1022:42234  some (SH 3010ms, ATP 376ms): Try this: by meson (0.7 ms)
0.sledgehammer goal.by         8786ms Simplex.Simplex 1023:42316  some (SH 8786ms, ATP 561ms): Try this: by fastforce (10 ms)
0.sledgehammer goal.by         2947ms Simplex.Simplex 1024:42400  some (SH 2947ms, ATP 371ms): Try this: by meson (0.4 ms)
0.sledgehammer goal.by         9020ms Simplex.Simplex 1025:42487  some (SH 9020ms, ATP 651ms): Try this: by fastforce (12 ms)
0.sledgehammer goal.using      3255ms Simplex.Simplex 1027:42589  some (SH 3255ms, ATP 370ms): Try this: using a'(2,3) a(2,3) by force (0.9 ms)
0.sledgehammer goal.by         3189ms Simplex.Simplex 1027:42600  some (SH 3189ms, ATP 410ms): Try this: by meson (2 ms)
0.sledgehammer goal.by        19462ms Simplex.Simplex 1083:44691  some (SH 19462ms, ATP 625ms): Try this: apply (metis \<B>\<^sub>i\<^sub>u_update.simps state.collapse state.sel(3)) (77 ms)
0.sledgehammer goal.by        26648ms Simplex.Simplex 1098:45177  some (SH 26648ms, ATP 846ms): Try this: apply (metis set_unsat.simps state.collapse state.sel(2)) (48 ms)
0.sledgehammer goal.using     12796ms Simplex.Simplex 1219:50481  timeout (SH 12796ms): Timed out
0.sledgehammer goal.unfolding 13174ms Simplex.Simplex 1220:50501  timeout (SH 13174ms): Timed out
0.sledgehammer goal.by        12800ms Simplex.Simplex 1221:50571  timeout (SH 12800ms): Timed out
0.sledgehammer goal.using      9057ms Simplex.Simplex 1225:50651  some (SH 9057ms, ATP 782ms): Try this: by (simp add: curr_val_satisfies_state_def init_satisfies_bounds init_satisfies_tableau init_tableau_id satisfies_state_def) (0.9 ms)
0.sledgehammer goal.unfolding  4508ms Simplex.Simplex 1226:50720  some (SH 4508ms, ATP 831ms): Try this: by (simp add: curr_val_satisfies_state_def satisfies_state_def) (7 ms)
0.sledgehammer goal.by         3701ms Simplex.Simplex 1227:50781  some (SH 3701ms, ATP 599ms): Try this: by presburger (7 ms)
0.sledgehammer goal.using     13374ms Simplex.Simplex 1231:50843  timeout (SH 13374ms): Timed out
0.sledgehammer goal.unfolding 12554ms Simplex.Simplex 1232:50863  timeout (SH 12554ms): Timed out
0.sledgehammer goal.unfolding 12890ms Simplex.Simplex 1233:50962  timeout (SH 12890ms): Timed out
0.sledgehammer goal.by        12885ms Simplex.Simplex 1234:50993  timeout (SH 12885ms): Timed out
0.sledgehammer goal.using     12963ms Simplex.Simplex 1238:51118  timeout (SH 12963ms): Timed out
0.sledgehammer goal.unfolding 13113ms Simplex.Simplex 1239:51138  timeout (SH 13112ms): Timed out
0.sledgehammer goal.unfolding 12974ms Simplex.Simplex 1241:51280  timeout (SH 12974ms): Timed out
0.sledgehammer goal.by        13247ms Simplex.Simplex 1242:51311  timeout (SH 13247ms): Timed out
0.sledgehammer goal.using      3225ms Simplex.Simplex 1247:51433  some (SH 3224ms, ATP 569ms): Try this: using init_tableau_id by presburger (2 ms)
0.sledgehammer goal.by         3256ms Simplex.Simplex 1248:51457  some (SH 3256ms, ATP 497ms): Try this: by force (3 ms)
0.sledgehammer goal.using     12097ms Simplex.Simplex 1251:51518  timeout (SH 12097ms): Timed out
0.sledgehammer goal.unfolding 12203ms Simplex.Simplex 1251:51536  timeout (SH 12203ms): Timed out
0.sledgehammer goal.by         8301ms Simplex.Simplex 1251:51562  some (SH 8301ms, ATP 690ms): Try this: by simp (1 ms)
0.sledgehammer goal.unfolding 12347ms Simplex.Simplex 1254:51623  some (SH 12347ms, ATP 836ms): Try this: using index_valid_indices_state init_index_valid by auto (4 ms)
0.sledgehammer goal.by         7691ms Simplex.Simplex 1254:51663  some (SH 7690ms, ATP 629ms): Try this: by auto (0.9 ms)
0.sledgehammer goal.using     13570ms Simplex.Simplex 1259:51707  some (SH 13570ms, ATP 698ms): Try this: by (simp add: Init'_def init_atoms_equiv_bounds init_atoms_imply_bounds_index init_satisfies init_tableau_id init_unsat_flag) (7 ms)
0.sledgehammer goal.by         4330ms Simplex.Simplex 1260:51816  some (SH 4330ms, ATP 811ms): Try this: by (simp add: Init'.intro) (16 ms)
0.sledgehammer goal.by        12413ms Simplex.Simplex 1268:52006  timeout (SH 12413ms): Timed out
0.sledgehammer goal.using      4344ms Simplex.Simplex 1316:54517  some (SH 4344ms, ATP 571ms): Try this: by (metis assert_tableau) (41 ms)
0.sledgehammer goal.by         5690ms Simplex.Simplex 1317:54540  some (SH 5690ms, ATP 1897ms): Try this: by metis (80 ms)
0.sledgehammer goal.using      3916ms Simplex.Simplex 1320:54649  some (SH 3916ms, ATP 709ms): Try this: by (meson assert_tableau) (26 ms)
0.sledgehammer goal.by         3619ms Simplex.Simplex 1321:54672  some (SH 3619ms, ATP 598ms): Try this: by meson (35 ms)
0.sledgehammer goal.using      3602ms Simplex.Simplex 1324:54775  some (SH 3602ms, ATP 632ms): Try this: by (meson assert_tableau) (26 ms)
0.sledgehammer goal.by         3610ms Simplex.Simplex 1325:54798  some (SH 3610ms, ATP 675ms): Try this: by meson (50 ms)
0.sledgehammer goal.unfolding 13028ms Simplex.Simplex 1345:55370  timeout (SH 13028ms): Timed out
0.sledgehammer goal.using     13867ms Simplex.Simplex 1346:55419  timeout (SH 13867ms): Timed out
0.sledgehammer goal.using     13379ms Simplex.Simplex 1347:55483  timeout (SH 13379ms): Timed out
0.sledgehammer goal.by        12951ms Simplex.Simplex 1348:55574  timeout (SH 12951ms): Timed out
0.sledgehammer goal.proof     12959ms Simplex.Simplex 1357:55869  timeout (SH 12959ms): Timed out
0.sledgehammer goal.proof     14004ms Simplex.Simplex 1359:55970  timeout (SH 14004ms): Timed out
0.sledgehammer goal.unfolding 16142ms Simplex.Simplex 1362:56044  some (SH 16142ms, ATP 496ms): Try this: using assert_loop_def assms(2) init_index_valid by force (5 ms)
0.sledgehammer goal.using      9308ms Simplex.Simplex 1363:56097  some (SH 9308ms, ATP 351ms): Try this: using assms(2) init_index_valid by force (1 ms)
0.sledgehammer goal.by         6511ms Simplex.Simplex 1363:56129  some (SH 6511ms, ATP 342ms): Try this: by auto (2 ms)
0.sledgehammer goal.proof     12914ms Simplex.Simplex 1369:56277  timeout (SH 12914ms): Timed out
0.sledgehammer goal.by         7891ms Simplex.Simplex 1373:56477  some (SH 7891ms, ATP 465ms): Try this: by auto (11 ms)
0.sledgehammer goal.by         7877ms Simplex.Simplex 1375:56599  some (SH 7877ms, ATP 407ms): Try this: by auto (7 ms)
0.sledgehammer goal.using     13024ms Simplex.Simplex 1377:56634  timeout (SH 13024ms): Timed out
0.sledgehammer goal.unfolding 12961ms Simplex.Simplex 1378:56661  timeout (SH 12961ms): Timed out
0.sledgehammer goal.by        18799ms Simplex.Simplex 1379:56716  some (SH 18799ms, ATP 1140ms): Try this: by auto (5 ms)
0.sledgehammer goal.using     12989ms Simplex.Simplex 1383:56782  timeout (SH 12989ms): Timed out
0.sledgehammer goal.using     12935ms Simplex.Simplex 1384:56801  timeout (SH 12935ms): Timed out
0.sledgehammer goal.using     13149ms Simplex.Simplex 1385:56833  timeout (SH 13149ms): Timed out
0.sledgehammer goal.unfolding 12969ms Simplex.Simplex 1386:56890  timeout (SH 12969ms): Timed out
0.sledgehammer goal.by        13233ms Simplex.Simplex 1387:56945  timeout (SH 13233ms): Timed out
0.sledgehammer goal.by        22164ms Simplex.Simplex 1394:57084  some (SH 22164ms, ATP 542ms): Try this: by (metis AssertAllState'Induct assert_index_valid index_valid_mono init_index_valid) (1.1 s)
0.sledgehammer goal.using     13278ms Simplex.Simplex 1398:57313  timeout (SH 13278ms): Timed out
0.sledgehammer goal.using     13001ms Simplex.Simplex 1399:57345  timeout (SH 13001ms): Timed out
0.sledgehammer goal.unfolding 13405ms Simplex.Simplex 1400:57403  timeout (SH 13405ms): Timed out
0.sledgehammer goal.by        13432ms Simplex.Simplex 1401:57452  timeout (SH 13432ms): Timed out
0.sledgehammer goal.proof     13171ms Simplex.Simplex 1406:57604  timeout (SH 13171ms): Timed out
0.sledgehammer goal.using     15680ms Simplex.Simplex 1409:57672  some (SH 15679ms, ATP 689ms): Try this: using assert_loop_def assms init'_atoms_imply_bounds_index by auto (8 ms)
0.sledgehammer goal.unfolding 14202ms Simplex.Simplex 1410:57718  some (SH 14202ms, ATP 1992ms): Try this: using assert_loop_def by force (10 ms)
0.sledgehammer goal.by         7476ms Simplex.Simplex 1411:57769  some (SH 7476ms, ATP 586ms): Try this: by force (4 ms)
0.sledgehammer goal.proof     13140ms Simplex.Simplex 1416:57853  timeout (SH 13140ms): Timed out
0.sledgehammer goal.using     14193ms Simplex.Simplex 1419:57916  timeout (SH 14193ms): Timed out
0.sledgehammer goal.unfolding 13490ms Simplex.Simplex 1420:57995  timeout (SH 13490ms): Timed out
0.sledgehammer goal.by        16059ms Simplex.Simplex 1421:58048  some (SH 16059ms, ATP 980ms): Try this: by (simp add: subset_code(1)) (13 ms)
0.sledgehammer goal.unfolding 14206ms Simplex.Simplex 1425:58149  timeout (SH 14206ms): Timed out
0.sledgehammer goal.by        13357ms Simplex.Simplex 1425:58196  some (SH 13357ms, ATP 1900ms): Try this: by simp (2 ms)
0.sledgehammer goal.by         3487ms Simplex.Simplex 1426:58248  some (SH 3487ms, ATP 368ms): Try this: by force (0.8 ms)
0.sledgehammer goal.by         3972ms Simplex.Simplex 1428:58345  some (SH 3971ms, ATP 532ms): Try this: apply fastforce (2 ms)
0.sledgehammer goal.unfolding 17926ms Simplex.Simplex 1430:58436  some (SH 17926ms, ATP 536ms): Try this: using id by auto (10 ms)
0.sledgehammer goal.by        16125ms Simplex.Simplex 1430:58449  some (SH 16125ms, ATP 559ms): Try this: by auto (4 ms)
0.sledgehammer goal.proof     12376ms Simplex.Simplex 1440:58702  timeout (SH 12376ms): Timed out
0.sledgehammer goal.unfolding 12603ms Simplex.Simplex 1445:58859  timeout (SH 12603ms): Timed out
0.sledgehammer goal.using     12751ms Simplex.Simplex 1446:58879  timeout (SH 12751ms): Timed out
0.sledgehammer goal.by        12690ms Simplex.Simplex 1447:58941  timeout (SH 12690ms): Timed out
0.sledgehammer goal.unfolding  5775ms Simplex.Simplex 1449:59025  some (SH 5775ms, ATP 408ms): Try this: using "*" AssertAllState'_precond idsym by blast (6 ms)
0.sledgehammer goal.using      4051ms Simplex.Simplex 1450:59045  some (SH 4051ms, ATP 343ms): Try this: using "*" AssertAllState'_precond by blast (7 ms)
0.sledgehammer goal.by         4109ms Simplex.Simplex 1450:59075  some (SH 4109ms, ATP 355ms): Try this: using "*" by blast (6 ms)
0.sledgehammer goal.unfolding  7942ms Simplex.Simplex 1453:59137  some (SH 7942ms, ATP 478ms): Try this: using "*" AssertAllState'.AssertAllState'_sat_atoms_equiv_bounds AssertAllState'_axioms idsym by blast (2 ms)
0.sledgehammer goal.using      3754ms Simplex.Simplex 1454:59157  some (SH 3753ms, ATP 445ms): Try this: using "*" AssertAllState'_sat_atoms_equiv_bounds by blast (3 ms)
0.sledgehammer goal.by         3663ms Simplex.Simplex 1455:59169  some (SH 3663ms, ATP 437ms): Try this: using AssertAllState'_sat_atoms_equiv_bounds by blast (4 ms)
0.sledgehammer goal.using      7990ms Simplex.Simplex 1458:59256  some (SH 7990ms, ATP 487ms): Try this: using "*" AssertAllState'_unsat_atoms_implies_bounds idsym by blast (3 ms)
0.sledgehammer goal.unfolding  7896ms Simplex.Simplex 1458:59264  some (SH 7896ms, ATP 486ms): Try this: using AssertAllState'_unsat_atoms_implies_bounds idsym by blast (1 ms)
0.sledgehammer goal.by         3443ms Simplex.Simplex 1459:59284  some (SH 3443ms, ATP 481ms): Try this: using AssertAllState'_unsat_atoms_implies_bounds by blast (5 ms)
0.sledgehammer goal.using     12933ms Simplex.Simplex 1462:59386  timeout (SH 12933ms): Timed out
0.sledgehammer goal.unfolding 12543ms Simplex.Simplex 1462:59440  timeout (SH 12543ms): Timed out
0.sledgehammer goal.by        12517ms Simplex.Simplex 1463:59460  timeout (SH 12517ms): Timed out
0.sledgehammer goal.unfolding 12260ms Simplex.Simplex 1465:59562  timeout (SH 12260ms): Timed out
0.sledgehammer goal.using      4060ms Simplex.Simplex 1465:59578  some (SH 4060ms, ATP 477ms): Try this: using "*" AssertAllState_index_valid index_valid_indices_state by blast (14 ms)
0.sledgehammer goal.by         8159ms Simplex.Simplex 1466:59590  some (SH 8159ms, ATP 431ms): Try this: using AssertAllState_index_valid index_valid_indices_state by blast (3 ms)
0.sledgehammer goal.using      3718ms Simplex.Simplex 1469:59770  some (SH 3718ms, ATP 429ms): Try this: using "*" AssertAllState_index_valid idsym by presburger (3 ms)
0.sledgehammer goal.by         3781ms Simplex.Simplex 1469:59813  some (SH 3781ms, ATP 385ms): Try this: by blast (4 ms)
0.sledgehammer goal.by            0ms Simplex.Simplex 1505:61506  
0.sledgehammer goal.by        12189ms Simplex.Simplex 1512:61743  timeout (SH 12189ms): Timed out
0.sledgehammer goal.unfolding 12518ms Simplex.Simplex 1535:62715  timeout (SH 12518ms): Timed out
0.sledgehammer goal.by        28937ms Simplex.Simplex 1536:62807  some (SH 28937ms, ATP 707ms): Try this: by (smt (z3) Orderings.order_eq_iff option.case_eq_if order_less_imp_le order_less_trans) (372 ms)
0.sledgehammer goal.by        12092ms Simplex.Simplex 1540:62888  timeout (SH 12092ms): Timed out
0.sledgehammer goal.unfolding 12047ms Simplex.Simplex 1545:63074  timeout (SH 12047ms): Timed out
0.sledgehammer goal.by        11939ms Simplex.Simplex 1546:63108  timeout (SH 11939ms): Timed out
0.sledgehammer goal.unfolding 12581ms Simplex.Simplex 1552:63310  timeout (SH 12581ms): Timed out
0.sledgehammer goal.by        11867ms Simplex.Simplex 1553:63344  timeout (SH 11867ms): Timed out
0.sledgehammer goal.unfolding 13046ms Simplex.Simplex 1558:63539  timeout (SH 13046ms): Timed out
0.sledgehammer goal.by        11819ms Simplex.Simplex 1559:63573  timeout (SH 11819ms): Timed out
0.sledgehammer goal.unfolding  2380ms Simplex.Simplex 1564:63776  some (SH 2380ms, ATP 334ms): Try this: using bounds_consistent_gt_ub by blast (2 ms)
0.sledgehammer goal.by         4482ms Simplex.Simplex 1565:63810  some (SH 4482ms, ATP 447ms): Try this: using bounds_consistent_def bounds_consistent_gt_ub by blast (4 ms)
0.sledgehammer goal.using      4952ms Simplex.Simplex 1599:65471  some (SH 4952ms, ATP 416ms): Try this: using assert_bound_tableau by blast (7 ms)
0.sledgehammer goal.by         4815ms Simplex.Simplex 1599:65498  some (SH 4815ms, ATP 371ms): Try this: by blast (4 ms)
0.sledgehammer goal.using      4788ms Simplex.Simplex 1602:65599  some (SH 4788ms, ATP 393ms): Try this: using assert_bound_tableau by blast (7 ms)
0.sledgehammer goal.by         4726ms Simplex.Simplex 1602:65626  some (SH 4726ms, ATP 383ms): Try this: by blast (4 ms)
0.sledgehammer goal.by         7638ms Simplex.Simplex 1623:66827  timeout (SH 7638ms): Timed out
0.sledgehammer goal.using      4354ms Simplex.Simplex 1667:68729  some (SH 4354ms, ATP 403ms): Try this: by (metis check_tableau) (63 ms)
0.sledgehammer goal.by         4324ms Simplex.Simplex 1668:68751  some (SH 4324ms, ATP 456ms): Try this: by metis (66 ms)
0.sledgehammer goal.unfolding 12751ms Simplex.Simplex 1672:68919  timeout (SH 12751ms): Timed out
0.sledgehammer goal.using     12903ms Simplex.Simplex 1672:68945  some (SH 12903ms, ATP 666ms): Try this: using assms(1,2,3,4,5) check_bounds_id by auto (10 ms)
0.sledgehammer goal.by         4760ms Simplex.Simplex 1673:68979  some (SH 4760ms, ATP 561ms): Try this: by simp (9 ms)
0.sledgehammer goal.using      8105ms Simplex.Simplex 1677:69139  timeout (SH 8105ms): Timed out
0.sledgehammer goal.by         8103ms Simplex.Simplex 1678:69161  timeout (SH 8103ms): Timed out
0.sledgehammer goal.using      8389ms Simplex.Simplex 1682:69294  timeout (SH 8389ms): Timed out
0.sledgehammer goal.unfolding  7872ms Simplex.Simplex 1683:69338  timeout (SH 7872ms): Timed out
0.sledgehammer goal.by         5980ms Simplex.Simplex 1684:69405  some (SH 5980ms, ATP 469ms): Try this: by (metis prod.inject) (131 ms)
0.sledgehammer goal.using      8051ms Simplex.Simplex 1687:69519  timeout (SH 8051ms): Timed out
0.sledgehammer goal.by         7994ms Simplex.Simplex 1688:69541  timeout (SH 7993ms): Timed out
0.sledgehammer goal.using     12640ms Simplex.Simplex 1692:69725  timeout (SH 12640ms): Timed out
0.sledgehammer goal.unfolding 12717ms Simplex.Simplex 1693:69782  timeout (SH 12717ms): Timed out
0.sledgehammer goal.by         9896ms Simplex.Simplex 1693:69810  some (SH 9896ms, ATP 737ms): Try this: by force (410 ms)
0.sledgehammer goal.using     12992ms Simplex.Simplex 1697:70021  timeout (SH 12991ms): Timed out
0.sledgehammer goal.unfolding 12556ms Simplex.Simplex 1698:70078  timeout (SH 12556ms): Timed out
0.sledgehammer goal.by        27316ms Simplex.Simplex 1698:70115  some (SH 27316ms, ATP 2143ms): Try this: by (smt (z3) prod.inject) (1.7 s)
0.sledgehammer goal.using      4614ms Simplex.Simplex 1716:70672  some (SH 4614ms, ATP 407ms): Try this: apply (simp add: assert_bound_tableau_id assms(1,2,3,4)) (0.8 ms)
0.sledgehammer goal.using      4491ms Simplex.Simplex 1717:70686  some (SH 4491ms, ATP 447ms): Try this: apply (simp add: assert_bound_tableau_id) (2 ms)
0.sledgehammer goal.by         5365ms Simplex.Simplex 1718:70765  some (SH 5365ms, ATP 452ms): Try this: apply presburger (15 ms)
0.sledgehammer goal.proof     12878ms Simplex.Simplex 1723:70861  timeout (SH 12878ms): Timed out
0.sledgehammer goal.using     16957ms Simplex.Simplex 1727:71013  some (SH 16957ms, ATP 519ms): Try this: by (metis "*"(1,2,3,4) Assert'Precond(1) assert_bound_sat assert_bound_tableau_valuated assert_def check_tableau_normalized check_unsat_id) (111 ms)
0.sledgehammer goal.using     11542ms Simplex.Simplex 1728:71111  some (SH 11542ms, ATP 456ms): Try this: by (metis Assert'Precond(2) assert_bound_tableau assert_def) (171 ms)
0.sledgehammer goal.by         5937ms Simplex.Simplex 1729:71169  some (SH 5937ms, ATP 431ms): Try this: by (metis assert_def) (58 ms)
0.sledgehammer goal.using     21394ms Simplex.Simplex 1732:71258  some (SH 21394ms, ATP 547ms): Try this: by (metis "*"(1,2,3,4) Check.check_unsat_id Check_axioms assert_bound_sat assert_bound_tableau_id assert_bound_tableau_valuated assert_def check_tableau_equiv) (352 ms)
0.sledgehammer goal.using     13588ms Simplex.Simplex 1733:71315  some (SH 13588ms, ATP 521ms): Try this: by (metis assert_bound_sat assert_bound_tableau_id assert_bound_tableau_valuated assert_def check_unsat_id) (167 ms)
0.sledgehammer goal.by        12445ms Simplex.Simplex 1734:71363  some (SH 12445ms, ATP 609ms): Try this: by (metis assert_bound_sat assert_bound_tableau assert_def) (164 ms)
0.sledgehammer goal.using     16700ms Simplex.Simplex 1737:71490  some (SH 16700ms, ATP 457ms): Try this: by (metis "*"(1,2,3,4) Assert'Precond(1,2) assert_bound_tableau_valuated assert_def check_tableau_valuated check_unsat_id) (100 ms)
0.sledgehammer goal.using     12516ms Simplex.Simplex 1738:71540  some (SH 12515ms, ATP 476ms): Try this: by (metis Assert'Precond(1) assert_bound_sat assert_def check_tableau_valuated check_unsat_id) (96 ms)
0.sledgehammer goal.using     12576ms Simplex.Simplex 1739:71596  some (SH 12575ms, ATP 489ms): Try this: by (metis Assert'Precond(1,2) assert_def check_unsat_id) (100 ms)
0.sledgehammer goal.by         8854ms Simplex.Simplex 1740:71644  some (SH 8854ms, ATP 588ms): Try this: by (metis Assert'Precond(1,2) assert_def) (96 ms)
0.sledgehammer goal.by         3292ms Simplex.Simplex 1743:71813  some (SH 3292ms, ATP 304ms): Try this: by presburger (5 ms)
0.sledgehammer goal.unfolding 13476ms Simplex.Simplex 1748:71981  some (SH 13476ms, ATP 456ms): Try this: by (metis Assert'Precond(1) assert_bound_sat assert_bound_tableau_valuated assert_def check_sat check_unsat_id) (132 ms)
0.sledgehammer goal.using     10851ms Simplex.Simplex 1749:72006  some (SH 10850ms, ATP 477ms): Try this: by (metis Assert'Precond(1) assert_bound_sat assert_bound_tableau_valuated check_sat check_unsat_id) (256 ms)
0.sledgehammer goal.using      9680ms Simplex.Simplex 1750:72054  some (SH 9680ms, ATP 551ms): Try this: by (metis Assert'Precond(1) assert_bound_sat assert_bound_tableau_valuated check_sat) (303 ms)
0.sledgehammer goal.by         9605ms Simplex.Simplex 1751:72097  some (SH 9605ms, ATP 458ms): Try this: by (metis Assert'Precond(2) assert_bound_tableau) (156 ms)
0.sledgehammer goal.using     13012ms Simplex.Simplex 1756:72325  timeout (SH 13012ms): Timed out
0.sledgehammer goal.using     12824ms Simplex.Simplex 1757:72367  timeout (SH 12824ms): Timed out
0.sledgehammer goal.by        12969ms Simplex.Simplex 1758:72431  timeout (SH 12969ms): Timed out
0.sledgehammer goal.proof     20551ms Simplex.Simplex 1764:72758  some (SH 20551ms, ATP 616ms): Try this: by (metis "*"(1,2,3,4,5,6) Assert'Precond(1) assert_bound_sat assert_bound_tableau_valuated assert_bound_unsat assert_def check_unsat check_unsat_id) (132 ms)
0.sledgehammer goal.unfolding 13611ms Simplex.Simplex 1767:72837  some (SH 13611ms, ATP 441ms): Try this: using "*"(1,2,3,4,6) assert_bound_unsat assert_def check_unsat_id by auto (60 ms)
0.sledgehammer goal.using      6435ms Simplex.Simplex 1768:72864  some (SH 6435ms, ATP 407ms): Try this: using "*"(1,2,3,4,6) assert_bound_unsat check_unsat_id by auto (20 ms)
0.sledgehammer goal.using      7744ms Simplex.Simplex 1769:72956  some (SH 7744ms, ATP 616ms): Try this: by (simp add: check_unsat_id) (65 ms)
0.sledgehammer goal.by         5103ms Simplex.Simplex 1770:73006  some (SH 5103ms, ATP 539ms): Try this: by auto (92 ms)
0.sledgehammer goal.unfolding 15830ms Simplex.Simplex 1774:73119  some (SH 15830ms, ATP 503ms): Try this: by (metis "*"(1,2,3,4,5) Assert'Precond(1) assert_bound_sat assert_bound_tableau_valuated assert_def check_unsat) (104 ms)
0.sledgehammer goal.using     15572ms Simplex.Simplex 1775:73146  some (SH 15572ms, ATP 460ms): Try this: using "*"(1,2,3,4,5) Assert'Precond(1) assert_bound_sat assert_bound_tableau_valuated assert_def check_unsat by auto (80 ms)
0.sledgehammer goal.by         5183ms Simplex.Simplex 1776:73212  some (SH 5183ms, ATP 452ms): Try this: using assert_def by auto (39 ms)
0.sledgehammer goal.using      8922ms Simplex.Simplex 1784:73440  some (SH 8922ms, ATP 419ms): Try this: by (simp add: "*" "**"(1,2,3,4) assert_bound_index_valid) (4 ms)
0.sledgehammer goal.proof     27601ms Simplex.Simplex 1786:73533  some (SH 27601ms, ATP 539ms): Try this: by (metis "*" "**"(1,2,3,4) Assert'Precond(1,2) assert_bound_tableau_valuated assert_def check_tableau_index_valid check_unsat_id) (81 ms)
0.sledgehammer goal.unfolding  7923ms Simplex.Simplex 1788:73601  some (SH 7923ms, ATP 464ms): Try this: by (simp add: "*" True assert_def check_unsat_id) (4 ms)
0.sledgehammer goal.using      3417ms Simplex.Simplex 1788:73646  some (SH 3417ms, ATP 368ms): Try this: using "*" by blast (1 ms)
0.sledgehammer goal.unfolding 25613ms Simplex.Simplex 1791:73695  some (SH 25613ms, ATP 543ms): Try this: by (simp add: "*" "**"(1,2,3,4) Assert'Precond(1,2) False assert_bound_tableau_valuated assert_def check_tableau_index_valid) (14 ms)
0.sledgehammer goal.using     25773ms Simplex.Simplex 1791:73716  some (SH 25773ms, ATP 600ms): Try this: by (simp add: "*" "**"(1,2,3,4) Assert'Precond(1,2) False assert_bound_tableau_valuated check_tableau_index_valid) (14 ms)
0.sledgehammer goal.by         3563ms Simplex.Simplex 1792:73764  some (SH 3563ms, ATP 374ms): Try this: using check_tableau_index_valid by blast (4 ms)
0.sledgehammer goal.by         3158ms Simplex.Simplex 1799:74041  some (SH 3158ms, ATP 568ms): Try this: by fastforce (0.7 ms)
0.sledgehammer goal.proof     12892ms Simplex.Simplex 1801:74093  timeout (SH 12892ms): Timed out
0.sledgehammer goal.unfolding  3563ms Simplex.Simplex 1803:74177  some (SH 3563ms, ATP 663ms): Try this: using assert_def by presburger (7 ms)
0.sledgehammer goal.by         3357ms Simplex.Simplex 1803:74198  some (SH 3357ms, ATP 591ms): Try this: by presburger (3 ms)
0.sledgehammer goal.by         3169ms Simplex.Simplex 1807:74297  some (SH 3169ms, ATP 532ms): Try this: by presburger (6 ms)
0.sledgehammer goal.by         3377ms Simplex.Simplex 1811:74457  some (SH 3377ms, ATP 418ms): Try this: apply blast (0.4 ms)
0.sledgehammer goal.unfolding 12664ms Simplex.Simplex 1813:74530  timeout (SH 12664ms): Timed out
0.sledgehammer goal.by        13686ms Simplex.Simplex 1814:74557  timeout (SH 13686ms): Timed out
0.sledgehammer goal.using     12961ms Simplex.Simplex 1854:76249  timeout (SH 12961ms): Timed out
0.sledgehammer goal.using     13821ms Simplex.Simplex 1855:76263  timeout (SH 13821ms): Timed out
0.sledgehammer goal.by        12790ms Simplex.Simplex 1856:76360  timeout (SH 12790ms): Timed out
0.sledgehammer goal.using     11216ms Simplex.Simplex 1862:76604  some (SH 11216ms, ATP 542ms): Try this: by (simp add: AssertAllState''_precond' assms init_satisfies init_tableau_normalized init_tableau_valuated satisfies_consistent satisfies_satisfies_no_lhs) (19 ms)
0.sledgehammer goal.using      9583ms Simplex.Simplex 1863:76618  some (SH 9583ms, ATP 453ms): Try this: by (simp add: AssertAllState''_precond' init_satisfies init_tableau_normalized init_tableau_valuated satisfies_consistent satisfies_satisfies_no_lhs) (18 ms)
0.sledgehammer goal.by         7582ms Simplex.Simplex 1864:76669  some (SH 7582ms, ATP 485ms): Try this: using init_satisfies init_tableau_normalized init_tableau_valuated satisfies_consistent satisfies_satisfies_no_lhs by blast (15 ms)
0.sledgehammer goal.proof     12768ms Simplex.Simplex 1875:77149  timeout (SH 12768ms): Timed out
0.sledgehammer goal.proof     12637ms Simplex.Simplex 1877:77270  timeout (SH 12636ms): Timed out
0.sledgehammer goal.unfolding  8739ms Simplex.Simplex 1880:77345  some (SH 8739ms, ATP 581ms): Try this: using assert_bound_loop_def assms(2) init_index_valid by force (8 ms)
0.sledgehammer goal.using      8581ms Simplex.Simplex 1881:77383  some (SH 8581ms, ATP 375ms): Try this: using assms(2) init_index_valid by force (2 ms)
0.sledgehammer goal.by         7660ms Simplex.Simplex 1882:77421  some (SH 7659ms, ATP 393ms): Try this: by auto (4 ms)
0.sledgehammer goal.by         4354ms Simplex.Simplex 1888:77675  some (SH 4354ms, ATP 433ms): Try this: by auto (9 ms)
0.sledgehammer goal.by         4815ms Simplex.Simplex 1890:77801  some (SH 4814ms, ATP 522ms): Try this: by auto (17 ms)
0.sledgehammer goal.proof     12749ms Simplex.Simplex 1892:77828  timeout (SH 12749ms): Timed out
0.sledgehammer goal.using     13090ms Simplex.Simplex 1895:77897  timeout (SH 13090ms): Timed out
0.sledgehammer goal.unfolding 13170ms Simplex.Simplex 1896:77919  timeout (SH 13170ms): Timed out
0.sledgehammer goal.by        14976ms Simplex.Simplex 1897:77959  some (SH 14976ms, ATP 2733ms): Try this: by auto (6 ms)
0.sledgehammer goal.by        11053ms Simplex.Simplex 1900:78048  some (SH 11053ms, ATP 478ms): Try this: by simp (0.8 ms)
0.sledgehammer goal.using     13057ms Simplex.Simplex 1903:78178  some (SH 13057ms, ATP 2847ms): Try this: using AssertAllState''.assert_bound_loop_def AssertAllState''_axioms False by fastforce (18 ms)
0.sledgehammer goal.unfolding 13737ms Simplex.Simplex 1903:78190  some (SH 13736ms, ATP 2849ms): Try this: using AssertAllState''.assert_bound_loop_def AssertAllState''_axioms by fastforce (25 ms)
0.sledgehammer goal.by        13809ms Simplex.Simplex 1903:78222  some (SH 13809ms, ATP 199ms): Try this: by simp (2 ms)
0.sledgehammer goal.by         3280ms Simplex.Simplex 1904:78285  some (SH 3280ms, ATP 389ms): Try this: by blast (0.4 ms)
0.sledgehammer goal.unfolding 13676ms Simplex.Simplex 1905:78312  timeout (SH 13676ms): Timed out
0.sledgehammer goal.unfolding 13222ms Simplex.Simplex 1905:78325  timeout (SH 13222ms): Timed out
0.sledgehammer goal.using     12993ms Simplex.Simplex 1905:78339  timeout (SH 12993ms): Timed out
0.sledgehammer goal.by        13150ms Simplex.Simplex 1906:78402  timeout (SH 13150ms): Timed out
0.sledgehammer goal.by        13060ms Simplex.Simplex 1914:78656  timeout (SH 13060ms): Timed out
0.sledgehammer goal.by         8650ms Simplex.Simplex 1919:78918  some (SH 8650ms, ATP 473ms): Try this: by (meson AssertAllState''_precond) (8 ms)
0.sledgehammer goal.by        12351ms Simplex.Simplex 1923:79208  timeout (SH 12350ms): Timed out
0.sledgehammer goal.using     12801ms Simplex.Simplex 1928:79470  timeout (SH 12801ms): Timed out
0.sledgehammer goal.using     13029ms Simplex.Simplex 1929:79503  timeout (SH 13029ms): Timed out
0.sledgehammer goal.by        12722ms Simplex.Simplex 1930:79573  timeout (SH 12722ms): Timed out
0.sledgehammer goal.proof     12894ms Simplex.Simplex 1935:79777  timeout (SH 12894ms): Timed out
0.sledgehammer goal.unfolding 13736ms Simplex.Simplex 1938:79846  some (SH 13736ms, ATP 640ms): Try this: using assert_bound_loop_def init_atoms_imply_bounds_index by force (9 ms)
0.sledgehammer goal.using      8453ms Simplex.Simplex 1939:79882  some (SH 8453ms, ATP 609ms): Try this: using init_atoms_imply_bounds_index by force (6 ms)
0.sledgehammer goal.by         7422ms Simplex.Simplex 1940:79928  some (SH 7422ms, ATP 595ms): Try this: by fastforce (4 ms)
0.sledgehammer goal.proof     153383ms Simplex.Simplex 1945:80022  timeout (SH 153383ms):
0.sledgehammer goal.using     153345ms Simplex.Simplex 1948:80085  timeout (SH 153345ms):
0.sledgehammer goal.unfolding 21296ms Simplex.Simplex 1949:80166  some (SH 21295ms, ATP 1203ms): Try this: using AssertAllState''.assert_bound_loop_def AssertAllState''_axioms by fastforce (190 ms)
0.sledgehammer goal.by        15961ms Simplex.Simplex 1950:80204  some (SH 15961ms, ATP 931ms): Try this: by (simp add: subset_code(1)) (15 ms)
0.sledgehammer goal.unfolding 12399ms Simplex.Simplex 1954:80320  some (SH 12399ms, ATP 1443ms): Try this: using assert_bound_loop_def by auto (3 ms)
0.sledgehammer goal.by        13131ms Simplex.Simplex 1954:80352  some (SH 13131ms, ATP 3108ms): Try this: by simp (2 ms)
0.sledgehammer goal.by         3316ms Simplex.Simplex 1955:80405  some (SH 3316ms, ATP 449ms): Try this: by force (0.6 ms)
0.sledgehammer goal.by         3393ms Simplex.Simplex 1957:80546  some (SH 3393ms, ATP 390ms): Try this: apply blast (0.8 ms)
0.sledgehammer goal.unfolding 18393ms Simplex.Simplex 1958:80571  some (SH 18393ms, ATP 664ms): Try this: by (simp add: "*"(1,2,3,4) False assert_bound_nolhs_atoms_imply_bounds_index id snoc) (3 ms)
0.sledgehammer goal.using     18219ms Simplex.Simplex 1958:80584  some (SH 18219ms, ATP 636ms): Try this: by (simp add: "*"(1,2,3,4) False assert_bound_nolhs_atoms_imply_bounds_index snoc) (2 ms)
0.sledgehammer goal.by        14985ms Simplex.Simplex 1958:80656  some (SH 14985ms, ATP 564ms): Try this: by auto (2 ms)
0.sledgehammer goal.by        11795ms Simplex.Simplex 1964:80779  some (SH 11795ms, ATP 715ms): Try this: by (simp add: AssertAllState''Induct assert_bound_nolhs_index_valid index_valid_mono init_index_valid) (6 ms)
0.sledgehammer goal.proof     12425ms Simplex.Simplex 1969:80956  timeout (SH 12425ms): Timed out
0.sledgehammer goal.by         3235ms Simplex.Simplex 1972:81097  some (SH 3235ms, ATP 377ms): Try this: by blast (1 ms)
0.sledgehammer goal.unfolding 25802ms Simplex.Simplex 1975:81184  some (SH 25802ms, ATP 610ms): Try this: by (metis "*" AssertAllState''_precond AssertAllState''_tableau_id Check.check_unsat_id Check_axioms assert_all_state_def check_tableau_equiv init_tableau_id s') (632 ms)
0.sledgehammer goal.using     16925ms Simplex.Simplex 1976:81222  some (SH 16925ms, ATP 549ms): Try this: by (metis "*" AssertAllState''_precond AssertAllState''_tableau_id check_tableau_equiv check_unsat_id init_tableau_id) (68 ms)
0.sledgehammer goal.using     12351ms Simplex.Simplex 1977:81324  some (SH 12351ms, ATP 608ms): Try this: by (metis AssertAllState''_precond check_unsat_id) (159 ms)
0.sledgehammer goal.using      8410ms Simplex.Simplex 1978:81388  some (SH 8410ms, ATP 451ms): Try this: by (metis AssertAllState''_precond) (102 ms)
0.sledgehammer goal.by         3591ms Simplex.Simplex 1979:81433  some (SH 3591ms, ATP 556ms): Try this: by metis (86 ms)
0.sledgehammer goal.unfolding 16585ms Simplex.Simplex 1982:81470  some (SH 16585ms, ATP 617ms): Try this: by (metis "*" AssertAllState''_precond assert_all_state_def check_sat check_unsat_id s') (90 ms)
0.sledgehammer goal.using     15278ms Simplex.Simplex 1983:81508  some (SH 15277ms, ATP 664ms): Try this: by (metis "*" AssertAllState''_precond check_sat check_unsat_id) (56 ms)
0.sledgehammer goal.using     11719ms Simplex.Simplex 1984:81555  some (SH 11719ms, ATP 415ms): Try this: by (metis check_sat check_unsat_id) (84 ms)
0.sledgehammer goal.by         9700ms Simplex.Simplex 1985:81590  some (SH 9700ms, ATP 520ms): Try this: by metis (37 ms)
0.sledgehammer goal.using     17114ms Simplex.Simplex 1988:81668  some (SH 17113ms, ATP 642ms): Try this: by (metis "*" AssertAllState''_precond AssertAllState''_unsat assert_all_state_def check_unsat check_unsat_id s') (98 ms)
0.sledgehammer goal.using     14959ms Simplex.Simplex 1989:81731  some (SH 14959ms, ATP 551ms): Try this: by (metis AssertAllState''_precond AssertAllState''_unsat assert_all_state_def s') (546 ms)
0.sledgehammer goal.by        10749ms Simplex.Simplex 1990:81812  some (SH 10749ms, ATP 534ms): Try this: by (metis assert_all_state_def) (93 ms)
0.sledgehammer goal.unfolding 12919ms Simplex.Simplex 1993:81906  timeout (SH 12919ms): Timed out
0.sledgehammer goal.using     12643ms Simplex.Simplex 1994:81944  timeout (SH 12643ms): Timed out
0.sledgehammer goal.using     12683ms Simplex.Simplex 1995:81991  timeout (SH 12683ms): Timed out
0.sledgehammer goal.using     12906ms Simplex.Simplex 1996:82048  timeout (SH 12906ms): Timed out
0.sledgehammer goal.by        12891ms Simplex.Simplex 1997:82108  timeout (SH 12891ms): Timed out
0.sledgehammer goal.unfolding 12876ms Simplex.Simplex 2000:82228  timeout (SH 12876ms): Timed out
0.sledgehammer goal.using     12834ms Simplex.Simplex 2001:82266  timeout (SH 12834ms): Timed out
0.sledgehammer goal.unfolding 13806ms Simplex.Simplex 2002:82313  timeout (SH 13806ms): Timed out
0.sledgehammer goal.using     13181ms Simplex.Simplex 2003:82335  timeout (SH 13181ms): Timed out
0.sledgehammer goal.using     13045ms Simplex.Simplex 2004:82369  timeout (SH 13045ms): Timed out
0.sledgehammer goal.using     12972ms Simplex.Simplex 2005:82431  timeout (SH 12972ms): Timed out
0.sledgehammer goal.by        12949ms Simplex.Simplex 2006:82464  timeout (SH 12949ms): Timed out
0.sledgehammer goal.unfolding 12963ms Simplex.Simplex 2009:82599  some (SH 12963ms, ATP 575ms): Try this: by (metis "*" AssertAllState''.AssertAllState''_index_valid AssertAllState''_axioms AssertAllState''_precond assert_all_state_def check_tableau_index_valid check_unsat_id s') (67 ms)
0.sledgehammer goal.using     15323ms Simplex.Simplex 2010:82637  some (SH 15323ms, ATP 470ms): Try this: by (metis "*" AssertAllState''_index_valid AssertAllState''_precond check_tableau_index_valid check_unsat_id) (41 ms)
0.sledgehammer goal.unfolding  6806ms Simplex.Simplex 2011:82727  some (SH 6806ms, ATP 416ms): Try this: by (metis check_tableau_index_valid check_unsat_id) (72 ms)
0.sledgehammer goal.using      7516ms Simplex.Simplex 2012:82749  some (SH 7516ms, ATP 400ms): Try this: by (metis check_tableau_index_valid check_unsat_id) (77 ms)
0.sledgehammer goal.using      5416ms Simplex.Simplex 2013:82793  some (SH 5416ms, ATP 412ms): Try this: by (metis check_unsat_id) (87 ms)
0.sledgehammer goal.by         3125ms Simplex.Simplex 2014:82826  some (SH 3125ms, ATP 394ms): Try this: by metis (66 ms)
0.sledgehammer goal.by         7336ms Simplex.Simplex 2017:82898  some (SH 7336ms, ATP 411ms): Try this: by (simp add: \<open>index_valid (set ats) s'\<close> index_valid_indices_state) (3 ms)
0.sledgehammer goal.using      8324ms Simplex.Simplex 2061:84517  some (SH 8324ms, ATP 512ms): Try this: apply (meson assms(1,2,3) update_id) (32 ms)
0.sledgehammer goal.by         4541ms Simplex.Simplex 2062:84541  some (SH 4541ms, ATP 562ms): Try this: apply meson (44 ms)
0.sledgehammer goal.using     13024ms Simplex.Simplex 2067:84757  timeout (SH 13024ms): Timed out
0.sledgehammer goal.unfolding 12654ms Simplex.Simplex 2067:84790  timeout (SH 12654ms): Timed out
0.sledgehammer goal.by         6774ms Simplex.Simplex 2067:84818  some (SH 6774ms, ATP 894ms): Try this: by auto (20 ms)
0.sledgehammer goal.using      5253ms Simplex.Simplex 2070:84913  some (SH 5253ms, ATP 681ms): Try this: by (meson update_id) (32 ms)
0.sledgehammer goal.by         4996ms Simplex.Simplex 2071:84931  some (SH 4996ms, ATP 697ms): Try this: by meson (43 ms)
0.sledgehammer goal.using     10216ms Simplex.Simplex 2074:85044  some (SH 10216ms, ATP 680ms): Try this: by (metis update_id) (25 ms)
0.sledgehammer goal.by         4910ms Simplex.Simplex 2075:85062  some (SH 4909ms, ATP 639ms): Try this: by meson (100 ms)
0.sledgehammer goal.using      9385ms Simplex.Simplex 2078:85184  some (SH 9385ms, ATP 668ms): Try this: by (meson update_id) (16 ms)
0.sledgehammer goal.by         4648ms Simplex.Simplex 2079:85202  some (SH 4648ms, ATP 655ms): Try this: by meson (44 ms)
0.sledgehammer goal.proof     13542ms Simplex.Simplex 2108:86666  timeout (SH 13542ms): Timed out
0.sledgehammer goal.using      5060ms Simplex.Simplex 2111:86750  some (SH 5060ms, ATP 788ms): Try this: by (simp add: assms(1)) (1 ms)
0.sledgehammer goal.by         4274ms Simplex.Simplex 2112:86769  some (SH 4274ms, ATP 782ms): Try this: by fastforce (1 ms)
0.sledgehammer goal.proof     13573ms Simplex.Simplex 2116:86812  timeout (SH 13573ms): Timed out
0.sledgehammer goal.using      6144ms Simplex.Simplex 2119:86902  some (SH 6144ms, ATP 787ms): Try this: using False assms(2) by fastforce (3 ms)
0.sledgehammer goal.using      5041ms Simplex.Simplex 2120:86950  some (SH 5041ms, ATP 795ms): Try this: using assms(2) by fastforce (4 ms)
0.sledgehammer goal.by         4464ms Simplex.Simplex 2121:86971  some (SH 4464ms, ATP 890ms): Try this: by simp (3 ms)
0.sledgehammer goal.proof     13523ms Simplex.Simplex 2126:87068  timeout (SH 13523ms): Timed out
0.sledgehammer goal.using     12812ms Simplex.Simplex 2129:87172  timeout (SH 12812ms): Timed out
0.sledgehammer goal.using     13083ms Simplex.Simplex 2130:87258  timeout (SH 13083ms): Timed out
0.sledgehammer goal.by        13205ms Simplex.Simplex 2131:87290  timeout (SH 13205ms): Timed out
0.sledgehammer goal.by         6096ms Simplex.Simplex 2135:87394  some (SH 6096ms, ATP 836ms): Try this: by blast (0.9 ms)
0.sledgehammer goal.proof     13943ms Simplex.Simplex 2137:87432  timeout (SH 13943ms): Timed out
0.sledgehammer goal.using     12959ms Simplex.Simplex 2140:87508  timeout (SH 12959ms): Timed out
0.sledgehammer goal.using     12907ms Simplex.Simplex 2141:87596  timeout (SH 12907ms): Timed out
0.sledgehammer goal.by        13337ms Simplex.Simplex 2142:87630  timeout (SH 13337ms): Timed out
0.sledgehammer goal.using     34760ms Simplex.Simplex 2146:87725  some (SH 34760ms, ATP 1020ms): Try this: by (smt (z3) assert_bound'_def assms(1,2,5)) (168 ms)
0.sledgehammer goal.using      5091ms Simplex.Simplex 2147:87813  some (SH 5091ms, ATP 801ms): Try this: using assms(5) by fastforce (5 ms)
0.sledgehammer goal.by         4557ms Simplex.Simplex 2148:87847  some (SH 4556ms, ATP 788ms): Try this: using assert_bound'_def by presburger (4 ms)
0.sledgehammer goal.proof     12812ms Simplex.Simplex 2196:89791  timeout (SH 12812ms): Timed out
0.sledgehammer goal.apply     13305ms Simplex.Simplex 2199:89848  timeout (SH 13305ms): Timed out
0.sledgehammer goal.apply     12884ms Simplex.Simplex 2200:89888  timeout (SH 12884ms): Timed out
0.sledgehammer goal.using     12080ms Simplex.Simplex 2201:89935  timeout (SH 12080ms): Timed out
0.sledgehammer goal.using     13818ms Simplex.Simplex 2202:89971  timeout (SH 13818ms): Timed out
0.sledgehammer goal.using     13219ms Simplex.Simplex 2203:90007  timeout (SH 13219ms): Timed out
0.sledgehammer goal.using     13203ms Simplex.Simplex 2204:90043  timeout (SH 13203ms): Timed out
0.sledgehammer goal.using     13309ms Simplex.Simplex 2205:90079  timeout (SH 13309ms): Timed out
0.sledgehammer goal.using     13305ms Simplex.Simplex 2206:90115  timeout (SH 13305ms): Timed out
0.sledgehammer goal.by        28267ms Simplex.Simplex 2207:90134  some (SH 28266ms, ATP 905ms): Try this: apply force (119 ms)
0.sledgehammer goal.apply     13400ms Simplex.Simplex 2211:90188  timeout (SH 13400ms): Timed out
0.sledgehammer goal.apply     12914ms Simplex.Simplex 2212:90228  timeout (SH 12914ms): Timed out
0.sledgehammer goal.using     13215ms Simplex.Simplex 2213:90265  timeout (SH 13215ms): Timed out
0.sledgehammer goal.using     22847ms Simplex.Simplex 2214:90301  some (SH 22847ms, ATP 931ms): Try this: using assms(6) apply fastforce (168 ms)
0.sledgehammer goal.using     24922ms Simplex.Simplex 2215:90337  some (SH 24922ms, ATP 952ms): Try this: using assms(6) apply force (268 ms)
0.sledgehammer goal.using     28842ms Simplex.Simplex 2216:90373  some (SH 28842ms, ATP 804ms): Try this: apply (simp add: assms(6)) (416 ms)
0.sledgehammer goal.using     31502ms Simplex.Simplex 2217:90409  some (SH 31502ms, ATP 839ms): Try this: using assms(6) apply force (579 ms)
0.sledgehammer goal.using     35159ms Simplex.Simplex 2218:90445  some (SH 35159ms, ATP 922ms): Try this: using assms(6) apply force (1.1 s)
0.sledgehammer goal.by        33589ms Simplex.Simplex 2219:90464  some (SH 33589ms, ATP 828ms): Try this: apply auto[1] (764 ms)
0.sledgehammer goal.unfolding 12924ms Simplex.Simplex 2224:90536  timeout (SH 12924ms): Timed out
0.sledgehammer goal.by         4912ms Simplex.Simplex 2224:90570  some (SH 4912ms, ATP 547ms): Try this: by auto (2 ms)
0.sledgehammer goal.unfolding 13851ms Simplex.Simplex 2231:90785  timeout (SH 13851ms): Timed out
0.sledgehammer goal.proof     12767ms Simplex.Simplex 2232:90818  timeout (SH 12767ms): Timed out
0.sledgehammer goal.proof     12737ms Simplex.Simplex 2235:90865  timeout (SH 12737ms): Timed out
0.sledgehammer goal.using     13118ms Simplex.Simplex 2238:90931  timeout (SH 13118ms): Timed out
0.sledgehammer goal.unfolding 12689ms Simplex.Simplex 2239:90949  timeout (SH 12689ms): Timed out
0.sledgehammer goal.by        12678ms Simplex.Simplex 2240:90988  timeout (SH 12678ms): Timed out
0.sledgehammer goal.using     12836ms Simplex.Simplex 2244:91094  timeout (SH 12836ms): Timed out
0.sledgehammer goal.unfolding 12713ms Simplex.Simplex 2245:91112  timeout (SH 12713ms): Timed out
0.sledgehammer goal.using     12674ms Simplex.Simplex 2246:91151  timeout (SH 12674ms): Timed out
0.sledgehammer goal.by        12815ms Simplex.Simplex 2247:91166  timeout (SH 12815ms): Timed out
0.sledgehammer goal.unfolding 12140ms Simplex.Simplex 2257:91550  timeout (SH 12140ms): Timed out
0.sledgehammer goal.proof     12085ms Simplex.Simplex 2258:91585  timeout (SH 12085ms): Timed out
0.sledgehammer goal.proof     12008ms Simplex.Simplex 2262:91696  timeout (SH 12008ms): Timed out
0.sledgehammer goal.using      9161ms Simplex.Simplex 2265:91800  some (SH 9161ms, ATP 536ms): Try this: apply (simp add: satisfies_atom_set_def) (4 ms)
0.sledgehammer goal.unfolding  9016ms Simplex.Simplex 2266:91846  some (SH 9016ms, ATP 523ms): Try this: apply (simp add: satisfies_atom_set_def) (15 ms)
0.sledgehammer goal.by         7296ms Simplex.Simplex 2267:91885  some (SH 7296ms, ATP 396ms): Try this: apply blast (1 ms)
0.sledgehammer goal.unfolding 12568ms Simplex.Simplex 2269:91921  timeout (SH 12568ms): Timed out
0.sledgehammer goal.proof     12214ms Simplex.Simplex 2270:91958  timeout (SH 12214ms): Timed out
0.sledgehammer goal.using     12270ms Simplex.Simplex 2273:92020  timeout (SH 12270ms): Timed out
0.sledgehammer goal.using     13473ms Simplex.Simplex 2274:92082  timeout (SH 13473ms): Timed out
0.sledgehammer goal.unfolding 12345ms Simplex.Simplex 2275:92130  timeout (SH 12345ms): Timed out
0.sledgehammer goal.by        12382ms Simplex.Simplex 2276:92196  timeout (SH 12382ms): Timed out
0.sledgehammer goal.using     13760ms Simplex.Simplex 2281:92324  timeout (SH 13760ms): Timed out
0.sledgehammer goal.using     12849ms Simplex.Simplex 2282:92370  timeout (SH 12849ms): Timed out
0.sledgehammer goal.using     12855ms Simplex.Simplex 2283:92416  timeout (SH 12854ms): Timed out
0.sledgehammer goal.using     12877ms Simplex.Simplex 2284:92474  timeout (SH 12877ms): Timed out
0.sledgehammer goal.using     12700ms Simplex.Simplex 2285:92524  timeout (SH 12700ms): Timed out
0.sledgehammer goal.by        12470ms Simplex.Simplex 2286:92574  timeout (SH 12470ms): Timed out
0.sledgehammer goal.unfolding 12210ms Simplex.Simplex 2288:92737  timeout (SH 12210ms): Timed out
0.sledgehammer goal.proof     12213ms Simplex.Simplex 2289:92774  timeout (SH 12212ms): Timed out
0.sledgehammer goal.proof     12159ms Simplex.Simplex 2293:92862  timeout (SH 12159ms): Timed out
0.sledgehammer goal.using     12575ms Simplex.Simplex 2296:92938  timeout (SH 12575ms): Timed out
0.sledgehammer goal.using     12114ms Simplex.Simplex 2297:92967  timeout (SH 12114ms): Timed out
0.sledgehammer goal.unfolding 12024ms Simplex.Simplex 2298:93017  timeout (SH 12024ms): Timed out
0.sledgehammer goal.by        13155ms Simplex.Simplex 2299:93060  timeout (SH 13155ms): Timed out
0.sledgehammer goal.using     12516ms Simplex.Simplex 2303:93189  timeout (SH 12516ms): Timed out
0.sledgehammer goal.using      8335ms Simplex.Simplex 2304:93217  some (SH 8335ms, ATP 619ms): Try this: using \<open>v \<Turnstile>\<^sub>b \<B> s\<close> atoms_equiv_bounds_simps satisfies_atom_set_def by blast (32 ms)
0.sledgehammer goal.unfolding  7331ms Simplex.Simplex 2305:93245  some (SH 7330ms, ATP 582ms): Try this: by (metis atoms_equiv_bounds_simps satisfies_atom_set_def) (46 ms)
0.sledgehammer goal.by         2619ms Simplex.Simplex 2306:93313  some (SH 2619ms, ATP 435ms): Try this: by blast (1 ms)
0.sledgehammer goal.by        12849ms Simplex.Simplex 2316:93556  timeout (SH 12849ms): Timed out
0.sledgehammer goal.unfolding  7398ms Simplex.Simplex 2327:93981  some (SH 7398ms, ATP 533ms): Try this: by (simp add: eq_for_lvar_def eq_idx_for_lvar) (4 ms)
0.sledgehammer goal.using      5130ms Simplex.Simplex 2328:94009  some (SH 5130ms, ATP 447ms): Try this: by (simp add: eq_idx_for_lvar) (2 ms)
0.sledgehammer goal.by         4394ms Simplex.Simplex 2329:94033  some (SH 4394ms, ATP 531ms): Try this: using nth_mem by blast (5 ms)
0.sledgehammer goal.using     13542ms Simplex.Simplex 2337:94218  timeout (SH 13542ms): Timed out
0.sledgehammer goal.unfolding 12356ms Simplex.Simplex 2338:94252  timeout (SH 12356ms): Timed out
0.sledgehammer goal.by        11727ms Simplex.Simplex 2339:94274  some (SH 11727ms, ATP 551ms): Try this: by auto (2 ms)
0.sledgehammer goal.by        13082ms Simplex.Simplex 2366:95232  timeout (SH 13082ms): Timed out
0.sledgehammer goal.using     12975ms Simplex.Simplex 2371:95410  timeout (SH 12975ms): Timed out
0.sledgehammer goal.by        13657ms Simplex.Simplex 2372:95424  timeout (SH 13657ms): Timed out
0.sledgehammer goal.using     12773ms Simplex.Simplex 2378:95663  timeout (SH 12773ms): Timed out
0.sledgehammer goal.by        12931ms Simplex.Simplex 2379:95677  timeout (SH 12931ms): Timed out
0.sledgehammer goal.proof     13568ms Simplex.Simplex 2384:95879  timeout (SH 13568ms): Timed out
0.sledgehammer goal.using     12818ms Simplex.Simplex 2388:95981  timeout (SH 12818ms): Timed out
0.sledgehammer goal.by        12922ms Simplex.Simplex 2389:96017  timeout (SH 12922ms): Timed out
0.sledgehammer goal.using     13172ms Simplex.Simplex 2391:96129  timeout (SH 13171ms): Timed out
0.sledgehammer goal.by        13286ms Simplex.Simplex 2392:96172  timeout (SH 13286ms): Timed out
0.sledgehammer goal.proof     12056ms Simplex.Simplex 2399:96276  timeout (SH 12056ms): Timed out
0.sledgehammer goal.by        10464ms Simplex.Simplex 2402:96411  some (SH 10464ms, ATP 733ms): Try this: by (simp add: local.update_def) (4 ms)
0.sledgehammer goal.using     13040ms Simplex.Simplex 2407:96612  timeout (SH 13040ms): Timed out
0.sledgehammer goal.by        13029ms Simplex.Simplex 2408:96647  timeout (SH 13029ms): Timed out
0.sledgehammer goal.using     12848ms Simplex.Simplex 2415:96926  timeout (SH 12848ms): Timed out
0.sledgehammer goal.unfolding 21119ms Simplex.Simplex 2416:96970  some (SH 21119ms, ATP 728ms): Try this: by (metis (no_types, lifting) foldl_cong local.update_def lookup_update' update_simps(13)) (664 ms)
0.sledgehammer goal.by         7870ms Simplex.Simplex 2417:97013  some (SH 7870ms, ATP 544ms): Try this: by fastforce (15 ms)
0.sledgehammer goal.proof     12978ms Simplex.Simplex 2422:97193  timeout (SH 12978ms): Timed out
0.sledgehammer goal.by         3728ms Simplex.Simplex 2426:97286  some (SH 3728ms, ATP 691ms): Try this: using satisfies_tableau_def by blast (0.8 ms)
0.sledgehammer goal.using     15902ms Simplex.Simplex 2429:97351  some (SH 15902ms, ATP 1513ms): Try this: using \<open>e \<in> set (\<T> s)\<close> \<open>x \<notin> lvars (\<T> s)\<close> lvars_def by force (4 ms)
0.sledgehammer goal.by        12758ms Simplex.Simplex 2430:97397  some (SH 12758ms, ATP 1068ms): Try this: using lvars_def by force (4 ms)
0.sledgehammer goal.using     13069ms Simplex.Simplex 2432:97501  timeout (SH 13069ms): Timed out
0.sledgehammer goal.by        13615ms Simplex.Simplex 2433:97575  timeout (SH 13615ms): Timed out
0.sledgehammer goal.using     12951ms Simplex.Simplex 2435:97745  some (SH 12951ms, ATP 739ms): Try this: by (metis \<open>\<langle>\<V> s\<rangle> \<Turnstile>\<^sub>e e\<close> \<open>\<triangle> (\<T> s)\<close> \<open>e \<in> set (\<T> s)\<close> rhs_eq_val satisfies_eq_def update_valuate_rhs) (96 ms)
0.sledgehammer goal.using      8358ms Simplex.Simplex 2436:97815  some (SH 8358ms, ATP 770ms): Try this: by (simp add: rhs_eq_val satisfies_eq_def update_valuate_rhs) (49 ms)
0.sledgehammer goal.by         6796ms Simplex.Simplex 2437:97838  some (SH 6796ms, ATP 513ms): Try this: by (simp add: satisfies_eq_def update_valuate_rhs) (56 ms)
0.sledgehammer goal.by         3767ms Simplex.Simplex 2440:97956  some (SH 3767ms, ATP 792ms): Try this: using satisfies_tableau_def by blast (3 ms)
0.sledgehammer goal.using      6483ms Simplex.Simplex 2474:99555  some (SH 6483ms, ATP 531ms): Try this: by (meson pivot_id) (55 ms)
0.sledgehammer goal.by         5139ms Simplex.Simplex 2475:99572  some (SH 5139ms, ATP 733ms): Try this: by meson (51 ms)
0.sledgehammer goal.using     13168ms Simplex.Simplex 2479:99786  timeout (SH 13168ms): Timed out
0.sledgehammer goal.by        13519ms Simplex.Simplex 2480:99820  timeout (SH 13519ms): Timed out
0.sledgehammer goal.using      4605ms Simplex.Simplex 2483:100001  some (SH 4605ms, ATP 695ms): Try this: by (meson pivot_id) (35 ms)
0.sledgehammer goal.by         5905ms Simplex.Simplex 2484:100018  some (SH 5905ms, ATP 809ms): Try this: by meson (43 ms)
0.sledgehammer goal.using      5524ms Simplex.Simplex 2487:100156  some (SH 5524ms, ATP 727ms): Try this: by (metis pivot_id) (87 ms)
0.sledgehammer goal.by         4432ms Simplex.Simplex 2488:100173  some (SH 4432ms, ATP 610ms): Try this: by metis (68 ms)
0.sledgehammer goal.using      4214ms Simplex.Simplex 2491:100320  some (SH 4213ms, ATP 574ms): Try this: by (meson pivot_id) (35 ms)
0.sledgehammer goal.by         4282ms Simplex.Simplex 2492:100337  some (SH 4282ms, ATP 689ms): Try this: by meson (46 ms)
0.sledgehammer goal.using      4326ms Simplex.Simplex 2496:100514  some (SH 4326ms, ATP 558ms): Try this: by (metis pivot_tableau) (28 ms)
0.sledgehammer goal.by         4170ms Simplex.Simplex 2497:100536  some (SH 4170ms, ATP 625ms): Try this: by metis (47 ms)
0.sledgehammer goal.using      8615ms Simplex.Simplex 2500:100682  some (SH 8615ms, ATP 629ms): Try this: by (meson pivot_tableau) (7 ms)
0.sledgehammer goal.by         8287ms Simplex.Simplex 2501:100704  timeout (SH 8287ms): Timed out
0.sledgehammer goal.using      9193ms Simplex.Simplex 2504:100871  some (SH 9193ms, ATP 616ms): Try this: by (meson pivot_vars') (13 ms)
0.sledgehammer goal.by         4478ms Simplex.Simplex 2505:100891  some (SH 4478ms, ATP 533ms): Try this: by meson (34 ms)
0.sledgehammer goal.using      8753ms Simplex.Simplex 2508:101058  some (SH 8753ms, ATP 524ms): Try this: by (meson pivot_vars') (14 ms)
0.sledgehammer goal.by         5435ms Simplex.Simplex 2509:101078  some (SH 5435ms, ATP 542ms): Try this: by meson (36 ms)
0.sledgehammer goal.using     153152ms Simplex.Simplex 2513:101231  timeout (SH 153152ms):
0.sledgehammer goal.using     72671ms Simplex.Simplex 2514:101291  some (SH 72671ms, ATP 870ms): Try this: using rvars_of_lvar_rvars by fastforce (330 ms)
0.sledgehammer goal.by        13857ms Simplex.Simplex 2515:101333  some (SH 13857ms, ATP 1062ms): Try this: by blast (12 ms)
0.sledgehammer goal.using     12434ms Simplex.Simplex 2519:101465  some (SH 12434ms, ATP 617ms): Try this: by (simp add: pivot_valuation_id pivot_vars tableau_valuated_def) (9 ms)
0.sledgehammer goal.by        12935ms Simplex.Simplex 2520:101503  some (SH 12935ms, ATP 764ms): Try this: by (simp add: tableau_valuated_def) (16 ms)
0.sledgehammer goal.using     12776ms Simplex.Simplex 2565:104260  timeout (SH 12775ms): Timed out
0.sledgehammer goal.by        13690ms Simplex.Simplex 2566:104303  timeout (SH 13690ms): Timed out
0.sledgehammer goal.using     12739ms Simplex.Simplex 2569:104526  timeout (SH 12739ms): Timed out
0.sledgehammer goal.using     12571ms Simplex.Simplex 2570:104586  timeout (SH 12571ms): Timed out
0.sledgehammer goal.by        12631ms Simplex.Simplex 2571:104614  timeout (SH 12631ms): Timed out
0.sledgehammer goal.using     46661ms Simplex.Simplex 2574:104858  some (SH 46661ms, ATP 897ms): Try this: using pivotandupdate_valuation_nonlhs by auto (27 ms)
0.sledgehammer goal.by         9715ms Simplex.Simplex 2575:104916  some (SH 9715ms, ATP 682ms): Try this: by force (16 ms)
0.sledgehammer goal.using     12671ms Simplex.Simplex 2581:105141  timeout (SH 12671ms): Timed out
0.sledgehammer goal.using     12790ms Simplex.Simplex 2582:105198  timeout (SH 12790ms): Timed out
0.sledgehammer goal.using     12858ms Simplex.Simplex 2583:105253  timeout (SH 12858ms): Timed out
0.sledgehammer goal.using     12864ms Simplex.Simplex 2584:105305  timeout (SH 12864ms): Timed out
0.sledgehammer goal.using     12745ms Simplex.Simplex 2585:105368  timeout (SH 12745ms): Timed out
0.sledgehammer goal.by        12406ms Simplex.Simplex 2586:105413  timeout (SH 12406ms): Timed out
0.sledgehammer goal.using     12469ms Simplex.Simplex 2592:105777  timeout (SH 12469ms): Timed out
0.sledgehammer goal.by        13465ms Simplex.Simplex 2593:105833  timeout (SH 13465ms): Timed out
0.sledgehammer goal.proof      5660ms Simplex.Simplex 2608:106449  some (SH 5660ms, ATP 573ms): Try this: using assms(1,2,3) pivot_tableau_normalized apply blast (5 ms)
0.sledgehammer goal.using     12563ms Simplex.Simplex 2610:106490  timeout (SH 12562ms): Timed out
0.sledgehammer goal.by        12359ms Simplex.Simplex 2611:106534  timeout (SH 12359ms): Timed out
0.sledgehammer goal.using      5724ms Simplex.Simplex 2613:106655  some (SH 5724ms, ATP 639ms): Try this: apply (simp add: assms(1,2,3) pivot_tableau_normalized) (6 ms)
0.sledgehammer goal.using      3484ms Simplex.Simplex 2614:106671  some (SH 3484ms, ATP 568ms): Try this: using pivot_tableau_normalized apply blast (3 ms)
0.sledgehammer goal.using      3132ms Simplex.Simplex 2615:106720  some (SH 3132ms, ATP 520ms): Try this: apply fastforce (2 ms)
0.sledgehammer goal.by         3607ms Simplex.Simplex 2616:106756  some (SH 3607ms, ATP 534ms): Try this: apply fastforce (2 ms)
0.sledgehammer goal.using     12648ms Simplex.Simplex 2623:106849  timeout (SH 12648ms): Timed out
0.sledgehammer goal.using     12803ms Simplex.Simplex 2624:106878  timeout (SH 12803ms): Timed out
0.sledgehammer goal.by        13440ms Simplex.Simplex 2628:107230  timeout (SH 13440ms): Timed out
0.sledgehammer goal.by        12879ms Simplex.Simplex 2647:107933  timeout (SH 12879ms): Timed out
0.sledgehammer goal.by        12979ms Simplex.Simplex 2650:108028  timeout (SH 12979ms): Timed out
0.sledgehammer goal.unfolding 12198ms Simplex.Simplex 2654:108204  timeout (SH 12197ms): Timed out
0.sledgehammer goal.by        13104ms Simplex.Simplex 2655:108255  timeout (SH 13104ms): Timed out
0.sledgehammer goal.unfolding 12659ms Simplex.Simplex 2663:108614  timeout (SH 12659ms): Timed out
0.sledgehammer goal.proof     12782ms Simplex.Simplex 2664:108652  timeout (SH 12782ms): Timed out
0.sledgehammer goal.by         3517ms Simplex.Simplex 2666:108772  some (SH 3517ms, ATP 516ms): Try this: apply blast (0.2 ms)
0.sledgehammer goal.by         3206ms Simplex.Simplex 2667:108799  some (SH 3206ms, ATP 436ms): Try this: by (simp add: model(1)) (0.4 ms)
0.sledgehammer goal.by        15801ms Simplex.Simplex 2670:108905  some (SH 15801ms, ATP 690ms): Try this: by force (9 ms)
0.sledgehammer goal.by         7801ms Simplex.Simplex 2671:108949  some (SH 7801ms, ATP 539ms): Try this: by blast (0.5 ms)
0.sledgehammer goal.by         8502ms Simplex.Simplex 2673:109091  some (SH 8502ms, ATP 710ms): Try this: by blast (1 ms)
0.sledgehammer goal.by        14084ms Simplex.Simplex 2675:109206  some (SH 14083ms, ATP 217ms): Try this: by (meson atom_const.simps(1,2) atom_var.simps(1,2)) (16 ms)
0.sledgehammer goal.by         3427ms Simplex.Simplex 2677:109339  some (SH 3427ms, ATP 563ms): Try this: apply argo (2 ms)
0.sledgehammer goal.by        12679ms Simplex.Simplex 2679:109431  timeout (SH 12679ms): Timed out
0.sledgehammer goal.unfolding  4517ms Simplex.Simplex 2680:109512  some (SH 4517ms, ATP 540ms): Try this: by (simp add: a(1,2) satisfies_atom'_def) (3 ms)
0.sledgehammer goal.proof     13340ms Simplex.Simplex 2686:109689  timeout (SH 13340ms): Timed out
0.sledgehammer goal.unfolding 13227ms Simplex.Simplex 2690:109812  timeout (SH 13227ms): Timed out
0.sledgehammer goal.using     17836ms Simplex.Simplex 2691:109849  some (SH 17836ms, ATP 783ms): Try this: by (metis assert_all_state_sat assert_all_state_sat_atoms_equiv_bounds assert_all_state_tableau_equiv atoms_equiv_bounds_simps curr_val_satisfies_state_def old.sum.distinct(1) satisfies_state_def sum.inject(2)) (78 ms)
0.sledgehammer goal.using     16675ms Simplex.Simplex 2692:109901  some (SH 16674ms, ATP 715ms): Try this: by (metis assert_all_state_sat assert_all_state_sat_atoms_equiv_bounds atoms_equiv_bounds_simps curr_val_satisfies_state_def old.sum.distinct(1) satisfies_state_def sum.inject(2)) (81 ms)
0.sledgehammer goal.using     14659ms Simplex.Simplex 2693:109943  some (SH 14659ms, ATP 592ms): Try this: by (metis assert_all_state_sat_atoms_equiv_bounds atoms_equiv_bounds_simps curr_val_satisfies_state_def old.sum.distinct(1) satisfies_state_def sum.inject(2)) (79 ms)
0.sledgehammer goal.unfolding 12171ms Simplex.Simplex 2694:110011  some (SH 12171ms, ATP 445ms): Try this: by (metis atoms_equiv_bounds_simps curr_val_satisfies_state_def old.sum.distinct(1) satisfies_state_def sum.inject(2)) (37 ms)
0.sledgehammer goal.by         9436ms Simplex.Simplex 2695:110122  some (SH 9435ms, ATP 612ms): Try this: by (metis sum.distinct(1) sum.inject(2)) (89 ms)
0.sledgehammer goal.unfolding 16208ms Simplex.Simplex 2699:110288  some (SH 16208ms, ATP 913ms): Try this: apply (smt (z3) assert_all_def sum.distinct(1) sum.inject(1)) (61 ms)
0.sledgehammer goal.by         6047ms Simplex.Simplex 2699:110321  some (SH 6047ms, ATP 626ms): Try this: apply (metis sum.distinct(1) sum.inject(1)) (40 ms)
0.sledgehammer goal.by         3245ms Simplex.Simplex 2702:110607  some (SH 3245ms, ATP 352ms): Try this: by meson (1 ms)
0.sledgehammer goal.using      3451ms Simplex.Simplex 2703:110646  some (SH 3451ms, ATP 421ms): Try this: using D assert_all_state_indices by auto (14 ms)
0.sledgehammer goal.unfolding 15109ms Simplex.Simplex 2706:110802  timeout (SH 15109ms): Timed out
0.sledgehammer goal.proof     12786ms Simplex.Simplex 2707:110848  timeout (SH 12786ms): Timed out
0.sledgehammer goal.by         3678ms Simplex.Simplex 2710:111017  some (SH 3678ms, ATP 388ms): Try this: by blast (2 ms)
0.sledgehammer goal.by         3381ms Simplex.Simplex 2712:111124  some (SH 3381ms, ATP 485ms): Try this: by blast (0.4 ms)
0.sledgehammer goal.by         3363ms Simplex.Simplex 2714:111226  some (SH 3363ms, ATP 362ms): Try this: by blast (0.6 ms)
0.sledgehammer goal.using      3344ms Simplex.Simplex 2716:111288  some (SH 3344ms, ATP 464ms): Try this: using model(2) by blast (0.3 ms)
0.sledgehammer goal.by         4312ms Simplex.Simplex 2716:111303  some (SH 4312ms, ATP 1302ms): Try this: by blast (0.8 ms)
0.sledgehammer goal.unfolding 29827ms Simplex.Simplex 2718:111398  some (SH 29827ms, ATP 832ms): Try this: by (meson atoms_imply_bounds_index.elims(2) satisfies_state_index.simps) (20 ms)
0.sledgehammer goal.by         3639ms Simplex.Simplex 2718:111467  some (SH 3639ms, ATP 550ms): Try this: by blast (1 ms)
0.sledgehammer goal.by         2969ms Simplex.Simplex 2719:111504  some (SH 2969ms, ATP 362ms): Try this: by fastforce (0.8 ms)
0.sledgehammer goal.by         4165ms Simplex.Simplex 2724:111695  some (SH 4165ms, ATP 460ms): Try this: by auto (8 ms)
0.sledgehammer goal.by         6266ms Simplex.Simplex 2726:111852  some (SH 6266ms, ATP 390ms): Try this: by presburger (12 ms)
0.sledgehammer goal.using      8334ms Simplex.Simplex 2728:111913  some (SH 8334ms, ATP 451ms): Try this: using J' dist ivalid model satisfying_state_valuation_to_atom_tabl(1) apply blast (5 ms)
0.sledgehammer goal.by         3145ms Simplex.Simplex 2729:112033  some (SH 3145ms, ATP 337ms): Try this: apply meson (0.4 ms)
0.sledgehammer goal.by         3411ms Simplex.Simplex 2730:112102  some (SH 3411ms, ATP 462ms): Try this: by blast (0.5 ms)
0.sledgehammer goal.proof     12454ms Simplex.Simplex 2736:112296  timeout (SH 12453ms): Timed out
0.sledgehammer goal.by        12611ms Simplex.Simplex 2740:112411  timeout (SH 12611ms): Timed out
0.sledgehammer goal.by         8155ms Simplex.Simplex 2746:112728  some (SH 8154ms, ATP 602ms): Try this: by fastforce (4 ms)
0.sledgehammer goal.unfolding 12557ms Simplex.Simplex 2758:113751  timeout (SH 12557ms): Timed out
0.sledgehammer goal.proof     12720ms Simplex.Simplex 2759:113766  timeout (SH 12719ms): Timed out
0.sledgehammer goal.by         2712ms Simplex.Simplex 2761:113929  some (SH 2712ms, ATP 381ms): Try this: using nless_le apply blast (5 ms)
0.sledgehammer goal.by        24205ms Simplex.Simplex 2763:114076  some (SH 24205ms, ATP 721ms): Try this: by (smt (cvc5))
0.sledgehammer goal.unfolding 12428ms Simplex.Simplex 2767:114407  timeout (SH 12428ms): Timed out
0.sledgehammer goal.unfolding 17871ms Simplex.Simplex 2770:114656  some (SH 17871ms, ATP 1497ms): Try this: by (smt (cvc5) Orderings.order_eq_iff order_le_imp_less_or_eq order_less_imp_le)
0.sledgehammer goal.by         3822ms Simplex.Simplex 2771:114697  some (SH 3822ms, ATP 455ms): Try this: by presburger (43 ms)
0.sledgehammer goal.unfolding 30442ms Simplex.Simplex 2774:115054  some (SH 30442ms, ATP 682ms): Try this: by (smt (cvc5))
0.sledgehammer goal.by        13016ms Simplex.Simplex 2779:115275  timeout (SH 13016ms): Timed out
0.sledgehammer goal.by        13066ms Simplex.Simplex 2782:115519  timeout (SH 13066ms): Timed out
0.sledgehammer goal.proof     13470ms Simplex.Simplex 2786:115826  timeout (SH 13470ms): Timed out
0.sledgehammer goal.using     15571ms Simplex.Simplex 2788:115898  timeout (SH 15571ms): Timed out
0.sledgehammer goal.by        14014ms Simplex.Simplex 2788:115923  timeout (SH 14013ms): Timed out
0.sledgehammer goal.by        14152ms Simplex.Simplex 2795:116235  timeout (SH 14152ms): Timed out
0.sledgehammer goal.by        13897ms Simplex.Simplex 2796:116376  timeout (SH 13897ms): Timed out
0.sledgehammer goal.by        13621ms Simplex.Simplex 2797:116459  timeout (SH 13621ms): Timed out
0.sledgehammer goal.by        14425ms Simplex.Simplex 2798:116570  timeout (SH 14425ms): Timed out
0.sledgehammer goal.by        14149ms Simplex.Simplex 2800:116681  timeout (SH 14149ms): Timed out
0.sledgehammer goal.by        14633ms Simplex.Simplex 2802:116744  some (SH 14633ms, ATP 851ms): Try this: by blast (32 ms)
0.sledgehammer goal.by        12567ms Simplex.Simplex 2805:116818  timeout (SH 12567ms): Timed out
0.sledgehammer goal.unfolding 13797ms Simplex.Simplex 2806:116898  some (SH 13797ms, ATP 856ms): Try this: by (simp add: distinct_indices_state_def) (169 ms)
0.sledgehammer goal.by         7438ms Simplex.Simplex 2806:116935  some (SH 7438ms, ATP 824ms): Try this: by simp (188 ms)
0.sledgehammer goal.using     13878ms Simplex.Simplex 2811:117195  some (SH 13878ms, ATP 1567ms): Try this: apply (metis Direction.sel(5) Negative_def Positive_def dir prod.inject set_unsat_bounds_id) (52 ms)
0.sledgehammer goal.by        14186ms Simplex.Simplex 2811:117205  some (SH 14186ms, ATP 1683ms): Try this: apply (metis Direction.sel(5) Negative_def Positive_def prod.inject set_unsat_bounds_id) (52 ms)
0.sledgehammer goal.by         6041ms Simplex.Simplex 2812:117370  some (SH 6041ms, ATP 433ms): Try this: by blast (2 ms)
0.sledgehammer goal.using     12070ms Simplex.Simplex 2815:117606  timeout (SH 12070ms): Timed out
0.sledgehammer goal.by        12302ms Simplex.Simplex 2815:117616  timeout (SH 12302ms): Timed out
0.sledgehammer goal.proof     13609ms Simplex.Simplex 2821:117934  timeout (SH 13609ms): Timed out
0.sledgehammer goal.unfolding 13293ms Simplex.Simplex 2823:118073  timeout (SH 13293ms): Timed out
0.sledgehammer goal.using     14140ms Simplex.Simplex 2823:118090  timeout (SH 14140ms): Timed out
0.sledgehammer goal.unfolding 13562ms Simplex.Simplex 2823:118107  timeout (SH 13562ms): Timed out
0.sledgehammer goal.by         4097ms Simplex.Simplex 2824:118158  some (SH 4096ms, ATP 591ms): Try this: by blast (12 ms)
0.sledgehammer goal.unfolding 13511ms Simplex.Simplex 2827:118273  timeout (SH 13511ms): Timed out
0.sledgehammer goal.by         3106ms Simplex.Simplex 2827:118313  some (SH 3106ms, ATP 505ms): Try this: by linarith (1 ms)
0.sledgehammer goal.by         3715ms Simplex.Simplex 2829:118468  some (SH 3715ms, ATP 533ms): Try this: by blast (5 ms)
0.sledgehammer goal.using     26251ms Simplex.Simplex 2831:118617  some (SH 26251ms, ATP 971ms): Try this: by (metis Direction.sel(2,3) Negative_def Positive_def dir dist distinct_indices_stateD ss) (1.3 s)
0.sledgehammer goal.using     14793ms Simplex.Simplex 2831:118675  some (SH 14793ms, ATP 968ms): Try this: by (metis Direction.sel(2,3) Negative_def Positive_def dir ss) (384 ms)
0.sledgehammer goal.unfolding 14848ms Simplex.Simplex 2832:118695  some (SH 14848ms, ATP 1082ms): Try this: by (metis Direction.sel(2,3) Negative_def Positive_def ss) (370 ms)
0.sledgehammer goal.by        16838ms Simplex.Simplex 2833:118730  some (SH 16838ms, ATP 901ms): Try this: by (metis Direction.sel(2,3) Negative_def Positive_def) (278 ms)
0.sledgehammer goal.proof     12568ms Simplex.Simplex 2835:118840  timeout (SH 12568ms): Timed out
0.sledgehammer goal.proof     12446ms Simplex.Simplex 2839:118967  timeout (SH 12446ms): Timed out
0.sledgehammer goal.by         3304ms Simplex.Simplex 2841:119094  some (SH 3304ms, ATP 512ms): Try this: by blast (2 ms)
0.sledgehammer goal.by        12680ms Simplex.Simplex 2843:119202  timeout (SH 12680ms): Timed out
0.sledgehammer goal.by         3330ms Simplex.Simplex 2848:119385  some (SH 3330ms, ATP 484ms): Try this: by linarith (1 ms)
0.sledgehammer goal.by         2542ms Simplex.Simplex 2849:119432  some (SH 2542ms, ATP 293ms): Try this: by (simp add: pivot) (0.5 ms)
0.sledgehammer goal.by         3262ms Simplex.Simplex 2852:119611  some (SH 3262ms, ATP 407ms): Try this: apply fastforce (0.5 ms)
0.sledgehammer goal.by         7869ms Simplex.Simplex 2853:119663  some (SH 7869ms, ATP 433ms): Try this: by force (6 ms)
0.sledgehammer goal.by         3295ms Simplex.Simplex 2855:119720  some (SH 3295ms, ATP 467ms): Try this: using vars_empty_zero by auto (4 ms)
0.sledgehammer goal.by         9877ms Simplex.Simplex 2856:119803  some (SH 9877ms, ATP 1170ms): Try this: by blast (1 ms)
0.sledgehammer goal.unfolding 13165ms Simplex.Simplex 2861:120021  timeout (SH 13165ms): Timed out
0.sledgehammer goal.by         5830ms Simplex.Simplex 2861:120044  some (SH 5830ms, ATP 846ms): Try this: by simp (1 ms)
0.sledgehammer goal.proof     14412ms Simplex.Simplex 2863:120085  some (SH 14412ms, ATP 659ms): Try this: using "*"(2,3) PivotAndUpdate.pivotandupdate_satisfies_tableau PivotAndUpdate_axioms True val vv z by blast (8 ms)
0.sledgehammer goal.using     13554ms Simplex.Simplex 2864:120153  some (SH 13554ms, ATP 527ms): Try this: using "*"(2,3) True pivotandupdate_satisfies_tableau val z by blast (2 ms)
0.sledgehammer goal.by         3731ms Simplex.Simplex 2864:120214  some (SH 3731ms, ATP 486ms): Try this: by blast (4 ms)
0.sledgehammer goal.unfolding 13189ms Simplex.Simplex 2867:120269  timeout (SH 13189ms): Timed out
0.sledgehammer goal.using      4534ms Simplex.Simplex 2867:120300  some (SH 4534ms, ATP 697ms): Try this: by (metis id3) (111 ms)
0.sledgehammer goal.by         4744ms Simplex.Simplex 2867:120310  some (SH 4744ms, ATP 668ms): Try this: by metis (113 ms)
0.sledgehammer goal.unfolding 54051ms Simplex.Simplex 2869:120346  some (SH 54051ms, ATP 1285ms): Try this: using id1(1,2,3,4,5) by presburger (23 ms)
0.sledgehammer goal.using     13123ms Simplex.Simplex 2878:120776  timeout (SH 13123ms): Timed out
0.sledgehammer goal.by        13926ms Simplex.Simplex 2879:120793  timeout (SH 13926ms): Timed out
0.sledgehammer goal.by         3613ms Simplex.Simplex 2881:120974  some (SH 3613ms, ATP 644ms): Try this: using minimal_unsat_state_core_def by blast (3 ms)
0.sledgehammer goal.by         7949ms Simplex.Simplex 2886:121198  some (SH 7949ms, ATP 598ms): Try this: by fastforce (5 ms)
0.sledgehammer goal.proof     12717ms Simplex.Simplex 2888:121268  timeout (SH 12717ms): Timed out
0.sledgehammer goal.unfolding 13586ms Simplex.Simplex 2890:121363  timeout (SH 13586ms): Timed out
0.sledgehammer goal.proof     12635ms Simplex.Simplex 2891:121380  timeout (SH 12635ms): Timed out
0.sledgehammer goal.using     13897ms Simplex.Simplex 2897:121683  timeout (SH 13897ms): Timed out
0.sledgehammer goal.using     14017ms Simplex.Simplex 2898:121699  timeout (SH 14017ms): Timed out
0.sledgehammer goal.by        12919ms Simplex.Simplex 2899:121768  timeout (SH 12919ms): Timed out
0.sledgehammer goal.proof     12978ms Simplex.Simplex 2904:122072  timeout (SH 12978ms): Timed out
0.sledgehammer goal.unfolding  9896ms Simplex.Simplex 2911:122538  some (SH 9896ms, ATP 938ms): Try this: apply (simp add: ge_lbound_def le_ubound_def satisfies_bounds_set_iff) (7 ms)
0.sledgehammer goal.by         2895ms Simplex.Simplex 2912:122616  some (SH 2895ms, ATP 400ms): Try this: apply blast (0.6 ms)
0.sledgehammer goal.unfolding 12249ms Simplex.Simplex 2914:122664  timeout (SH 12249ms): Timed out
0.sledgehammer goal.proof     12356ms Simplex.Simplex 2915:122681  timeout (SH 12356ms): Timed out
0.sledgehammer goal.using     24288ms Simplex.Simplex 2919:122846  some (SH 24288ms, ATP 1373ms): Try this: using "*"(2) curr_val_satisfies_no_lhs_def x by fastforce (300 ms)
0.sledgehammer goal.by        13629ms Simplex.Simplex 2920:122894  some (SH 13629ms, ATP 1156ms): Try this: by (metis Direction.sel(1,4,5) Negative_def Positive_def curr_val_satisfies_no_lhs_def) (232 ms)
0.sledgehammer goal.using     12659ms Simplex.Simplex 2926:123145  timeout (SH 12659ms): Timed out
0.sledgehammer goal.by        12736ms Simplex.Simplex 2927:123175  timeout (SH 12736ms): Timed out
0.sledgehammer goal.using     13068ms Simplex.Simplex 2930:123349  timeout (SH 13068ms): Timed out
0.sledgehammer goal.by        12741ms Simplex.Simplex 2931:123418  timeout (SH 12741ms): Timed out
0.sledgehammer goal.using     12868ms Simplex.Simplex 2937:123638  timeout (SH 12868ms): Timed out
0.sledgehammer goal.by        12827ms Simplex.Simplex 2938:123668  timeout (SH 12827ms): Timed out
0.sledgehammer goal.proof     13236ms Simplex.Simplex 2947:124110  timeout (SH 13236ms): Timed out
0.sledgehammer goal.proof     12644ms Simplex.Simplex 2951:124310  timeout (SH 12644ms): Timed out
0.sledgehammer goal.using     12488ms Simplex.Simplex 2954:124392  timeout (SH 12488ms): Timed out
0.sledgehammer goal.using     12498ms Simplex.Simplex 2955:124428  timeout (SH 12498ms): Timed out
0.sledgehammer goal.using     12489ms Simplex.Simplex 2956:124468  timeout (SH 12489ms): Timed out
0.sledgehammer goal.using     12451ms Simplex.Simplex 2957:124520  timeout (SH 12451ms): Timed out
0.sledgehammer goal.using     13306ms Simplex.Simplex 2958:124572  timeout (SH 13306ms): Timed out
0.sledgehammer goal.using     13247ms Simplex.Simplex 2959:124634  timeout (SH 13247ms): Timed out
0.sledgehammer goal.by        13369ms Simplex.Simplex 2960:124654  timeout (SH 13369ms): Timed out
0.sledgehammer goal.using     12872ms Simplex.Simplex 2964:124915  timeout (SH 12872ms): Timed out
0.sledgehammer goal.using     12715ms Simplex.Simplex 2965:124973  timeout (SH 12715ms): Timed out
0.sledgehammer goal.by        13759ms Simplex.Simplex 2966:125027  timeout (SH 13759ms): Timed out
0.sledgehammer goal.proof     12732ms Simplex.Simplex 2974:125407  timeout (SH 12732ms): Timed out
0.sledgehammer goal.unfolding  8485ms Simplex.Simplex 2983:125932  some (SH 8485ms, ATP 543ms): Try this: apply (metis Orderings.order_eq_iff bounds_consistent_def nless_le) (98 ms)
0.sledgehammer goal.by         6390ms Simplex.Simplex 2984:125970  some (SH 6389ms, ATP 456ms): Try this: apply (metis Orderings.order_eq_iff nless_le) (91 ms)
0.sledgehammer goal.unfolding 12546ms Simplex.Simplex 2986:125996  timeout (SH 12546ms): Timed out
0.sledgehammer goal.proof     12921ms Simplex.Simplex 2987:126013  timeout (SH 12920ms): Timed out
0.sledgehammer goal.using     12812ms Simplex.Simplex 2991:126178  timeout (SH 12812ms): Timed out
0.sledgehammer goal.by        12934ms Simplex.Simplex 2992:126198  timeout (SH 12934ms): Timed out
0.sledgehammer goal.using     13183ms Simplex.Simplex 2999:126567  timeout (SH 13183ms): Timed out
0.sledgehammer goal.unfolding 13272ms Simplex.Simplex 3000:126589  timeout (SH 13272ms): Timed out
0.sledgehammer goal.by        14033ms Simplex.Simplex 3001:126629  timeout (SH 14033ms): Timed out
0.sledgehammer goal.using     13159ms Simplex.Simplex 3009:127063  timeout (SH 13159ms): Timed out
0.sledgehammer goal.unfolding 13248ms Simplex.Simplex 3010:127083  timeout (SH 13248ms): Timed out
0.sledgehammer goal.by        13049ms Simplex.Simplex 3011:127123  timeout (SH 13049ms): Timed out
0.sledgehammer goal.by         3832ms Simplex.Simplex 3014:127304  some (SH 3831ms, ATP 791ms): Try this: apply force (1 ms)
0.sledgehammer goal.using      8572ms Simplex.Simplex 3021:127436  some (SH 8572ms, ATP 557ms): Try this: using "**" curr_val_satisfies_no_lhs_def by blast (6 ms)
0.sledgehammer goal.unfolding  7469ms Simplex.Simplex 3022:127453  some (SH 7469ms, ATP 575ms): Try this: using curr_val_satisfies_no_lhs_def by blast (2 ms)
0.sledgehammer goal.by         3021ms Simplex.Simplex 3023:127497  some (SH 3021ms, ATP 529ms): Try this: by meson (3 ms)
0.sledgehammer goal.by        13419ms Simplex.Simplex 3027:127657  some (SH 13419ms, ATP 88ms): Try this: using old.prod.exhaust by blast (2 ms)
0.sledgehammer goal.unfolding 12370ms Simplex.Simplex 3033:127971  timeout (SH 12370ms): Timed out
0.sledgehammer goal.proof     12195ms Simplex.Simplex 3034:127988  timeout (SH 12195ms): Timed out
0.sledgehammer goal.unfolding 13453ms Simplex.Simplex 3038:128204  timeout (SH 13453ms): Timed out
0.sledgehammer goal.by        12397ms Simplex.Simplex 3039:128293  timeout (SH 12397ms): Timed out
0.sledgehammer goal.unfolding 14243ms Simplex.Simplex 3045:128623  some (SH 14243ms, ATP 541ms): Try this: by (metis atoms_equiv_bounds_extend set_unsat_bounds_id) (218 ms)
0.sledgehammer goal.using      8381ms Simplex.Simplex 3046:128661  some (SH 8381ms, ATP 496ms): Try this: by (meson atoms_equiv_bounds_extend) (53 ms)
0.sledgehammer goal.by         3117ms Simplex.Simplex 3047:128721  some (SH 3117ms, ATP 388ms): Try this: by fastforce (2 ms)
0.sledgehammer goal.using      8340ms Simplex.Simplex 3053:128965  some (SH 8340ms, ATP 480ms): Try this: by (meson atoms_equiv_bounds_extend) (48 ms)
0.sledgehammer goal.by         3232ms Simplex.Simplex 3054:129025  some (SH 3232ms, ATP 375ms): Try this: by fastforce (1 ms)
0.sledgehammer goal.by         3522ms Simplex.Simplex 3056:129075  some (SH 3522ms, ATP 384ms): Try this: apply blast (0.6 ms)
0.sledgehammer goal.using     13158ms Simplex.Simplex 3063:129403  timeout (SH 13158ms): Timed out
0.sledgehammer goal.by        13710ms Simplex.Simplex 3064:129449  timeout (SH 13710ms): Timed out
0.sledgehammer goal.by         3886ms Simplex.Simplex 3066:129559  some (SH 3886ms, ATP 582ms): Try this: by fastforce (0.8 ms)
0.sledgehammer goal.unfolding  4227ms Simplex.Simplex 3067:129603  some (SH 4227ms, ATP 567ms): Try this: using \<open>\<B>\<^sub>l (update x c (update\<B>\<I> (UBI_upd dir) i x c s)) = \<B>\<^sub>l (update\<B>\<I> (UBI_upd dir) i x c s)\<close> \<open>\<B>\<^sub>u (update x c (update\<B>\<I> (UBI_upd dir) i x c s)) = \<B>\<^sub>u (update\<B>\<I> (UBI_upd dir) i x c s)\<close> by force (1 ms)
0.sledgehammer goal.by         4512ms Simplex.Simplex 3067:129637  some (SH 4512ms, ATP 621ms): Try this: by simp (3 ms)
0.sledgehammer goal.unfolding 27975ms Simplex.Simplex 3068:129665  some (SH 27975ms, ATP 581ms): Try this: by (metis "*"(1,2,3) \<open>\<B>\<^sub>l (update x c (update\<B>\<I> (UBI_upd dir) i x c s)) = \<B>\<^sub>l (update\<B>\<I> (UBI_upd dir) i x c s)\<close> \<open>\<B>\<^sub>u (update x c (update\<B>\<I> (UBI_upd dir) i x c s)) = \<B>\<^sub>u (update\<B>\<I> (UBI_upd dir) i x c s)\<close> atoms_equiv_bounds_extend) (246 ms)
0.sledgehammer goal.by        13114ms Simplex.Simplex 3069:129703  some (SH 13114ms, ATP 621ms): Try this: by (metis "*"(1,3) atoms_equiv_bounds_extend) (162 ms)
0.sledgehammer goal.unfolding 14287ms Simplex.Simplex 3072:129859  some (SH 14287ms, ATP 455ms): Try this: by (simp add: ia) (5 ms)
0.sledgehammer goal.by        12648ms Simplex.Simplex 3072:129872  some (SH 12648ms, ATP 478ms): Try this: by simp (5 ms)
0.sledgehammer goal.by        13413ms Simplex.Simplex 3075:129983  some (SH 13413ms, ATP 112ms): Try this: using old.prod.exhaust by blast (3 ms)
0.sledgehammer goal.by        12425ms Simplex.Simplex 3080:130190  timeout (SH 12425ms): Timed out
0.sledgehammer goal.proof     13317ms Simplex.Simplex 3083:130295  timeout (SH 13317ms): Timed out
0.sledgehammer goal.unfolding 13478ms Simplex.Simplex 3086:130507  timeout (SH 13478ms): Timed out
0.sledgehammer goal.proof     13506ms Simplex.Simplex 3087:130524  timeout (SH 13506ms): Timed out
0.sledgehammer goal.using      5567ms Simplex.Simplex 3092:130741  some (SH 5567ms, ATP 887ms): Try this: using "*"(1) \<open>\<nabla> s\<close> by blast (6 ms)
0.sledgehammer goal.by         3377ms Simplex.Simplex 3093:130780  some (SH 3377ms, ATP 529ms): Try this: by fastforce (3 ms)
0.sledgehammer goal.using      3070ms Simplex.Simplex 3095:130852  some (SH 3070ms, ATP 473ms): Try this: by (simp add: "*"(2)) (3 ms)
0.sledgehammer goal.by         3145ms Simplex.Simplex 3095:130863  some (SH 3145ms, ATP 536ms): Try this: by blast (4 ms)
0.sledgehammer goal.using     13445ms Simplex.Simplex 3102:131107  timeout (SH 13445ms): Timed out
0.sledgehammer goal.using     12604ms Simplex.Simplex 3103:131137  timeout (SH 12604ms): Timed out
0.sledgehammer goal.by        12632ms Simplex.Simplex 3104:131186  timeout (SH 12632ms): Timed out
0.sledgehammer goal.by        12598ms Simplex.Simplex 3109:131369  some (SH 12598ms, ATP 110ms): Try this: using old.prod.exhaust by blast (1 ms)
0.sledgehammer goal.by        12427ms Simplex.Simplex 3115:131613  timeout (SH 12427ms): Timed out
0.sledgehammer goal.unfolding  5737ms Simplex.Simplex 3118:131775  some (SH 5737ms, ATP 415ms): Try this: by (simp add: I_def subset_insertI) (2 ms)
0.sledgehammer goal.by         4858ms Simplex.Simplex 3118:131791  some (SH 4858ms, ATP 421ms): Try this: by (simp add: subset_insertI) (5 ms)
0.sledgehammer goal.unfolding  4541ms Simplex.Simplex 3119:131821  some (SH 4541ms, ATP 509ms): Try this: using I_def by blast (0.4 ms)
0.sledgehammer goal.by         3590ms Simplex.Simplex 3119:131837  some (SH 3590ms, ATP 412ms): Try this: by force (0.3 ms)
0.sledgehammer goal.unfolding 12881ms Simplex.Simplex 3134:132768  timeout (SH 12881ms): Timed out
0.sledgehammer goal.by         3313ms Simplex.Simplex 3135:132866  some (SH 3313ms, ATP 430ms): Try this: apply blast (11 ms)
0.sledgehammer goal.using     12610ms Simplex.Simplex 3137:133030  timeout (SH 12610ms): Timed out
0.sledgehammer goal.by        27768ms Simplex.Simplex 3137:133053  some (SH 27768ms, ATP 882ms): Try this: by fastforce (180 ms)
0.sledgehammer goal.unfolding 12681ms Simplex.Simplex 3139:133165  timeout (SH 12681ms): Timed out
0.sledgehammer goal.by        12582ms Simplex.Simplex 3139:133181  timeout (SH 12582ms): Timed out
0.sledgehammer goal.unfolding 12975ms Simplex.Simplex 3142:133390  timeout (SH 12975ms): Timed out
0.sledgehammer goal.using     12743ms Simplex.Simplex 3142:133406  timeout (SH 12743ms): Timed out
0.sledgehammer goal.by        12872ms Simplex.Simplex 3142:133414  timeout (SH 12872ms): Timed out
0.sledgehammer goal.unfolding 12189ms Simplex.Simplex 3143:133555  timeout (SH 12189ms): Timed out
0.sledgehammer goal.proof     12624ms Simplex.Simplex 3144:133587  timeout (SH 12624ms): Timed out
0.sledgehammer goal.using     13663ms Simplex.Simplex 3151:133905  timeout (SH 13663ms): Timed out
0.sledgehammer goal.by        12879ms Simplex.Simplex 3151:133916  timeout (SH 12879ms): Timed out
0.sledgehammer goal.using      5996ms Simplex.Simplex 3152:133943  some (SH 5996ms, ATP 737ms): Try this: using "*"(4) "**"(1) id(1) by blast (7 ms)
0.sledgehammer goal.by         3997ms Simplex.Simplex 3152:133966  some (SH 3997ms, ATP 630ms): Try this: by blast (13 ms)
0.sledgehammer goal.using     13617ms Simplex.Simplex 3153:134005  timeout (SH 13617ms): Timed out
0.sledgehammer goal.by        13017ms Simplex.Simplex 3153:134028  timeout (SH 13017ms): Timed out
0.sledgehammer goal.using      5826ms Simplex.Simplex 3154:134059  some (SH 5826ms, ATP 788ms): Try this: using "**"(1,2) P'' updateIB by blast (26 ms)
0.sledgehammer goal.by         5819ms Simplex.Simplex 3154:134068  some (SH 5819ms, ATP 680ms): Try this: using P'' updateIB by blast (12 ms)
0.sledgehammer goal.unfolding 13442ms Simplex.Simplex 3158:134332  timeout (SH 13442ms): Timed out
0.sledgehammer goal.by        13434ms Simplex.Simplex 3158:134366  timeout (SH 13434ms): Timed out
0.sledgehammer goal.by        12642ms Simplex.Simplex 3163:134575  some (SH 12642ms, ATP 99ms): Try this: using old.prod.exhaust by blast (1 ms)
0.sledgehammer goal.by        13111ms Simplex.Simplex 3167:134731  timeout (SH 13111ms): Timed out
0.sledgehammer goal.by         2851ms Simplex.Simplex 3169:134861  some (SH 2851ms, ATP 323ms): Try this: using nless_le apply blast (5 ms)
0.sledgehammer goal.unfolding 13206ms Simplex.Simplex 3187:135761  timeout (SH 13206ms): Timed out
0.sledgehammer goal.by        76901ms Simplex.Simplex 3189:135896  some (SH 76901ms, ATP 610ms): Try this: apply (simp add: idlt(1) satisfies_bounds_index.simps) (25 ms)
0.sledgehammer goal.using      3678ms Simplex.Simplex 3193:136249  some (SH 3678ms, ATP 560ms): Try this: apply (simp add: equiv(1)) (3 ms)
0.sledgehammer goal.by         3922ms Simplex.Simplex 3193:136261  some (SH 3922ms, ATP 569ms): Try this: apply blast (8 ms)
0.sledgehammer goal.by         3806ms Simplex.Simplex 3198:136450  some (SH 3805ms, ATP 467ms): Try this: apply blast (0.8 ms)
0.sledgehammer goal.unfolding 49023ms Simplex.Simplex 3201:136708  some (SH 49023ms, ATP 1298ms): Try this: by (smt (z3) Direction.sel(1,10,2,3,4,5,6,7,8,9) Negative_def Positive_def \<B>\<I>_set_unsat equiv(1,2)) (939 ms)
0.sledgehammer goal.by        12995ms Simplex.Simplex 3202:136728  timeout (SH 12995ms): Timed out
0.sledgehammer goal.using      5466ms Simplex.Simplex 3205:137015  some (SH 5465ms, ATP 1452ms): Try this: using P_upd by blast (15 ms)
0.sledgehammer goal.by         3818ms Simplex.Simplex 3205:137035  some (SH 3818ms, ATP 799ms): Try this: by blast (6 ms)
0.sledgehammer goal.unfolding  4652ms Simplex.Simplex 3206:137070  some (SH 4652ms, ATP 416ms): Try this: by (simp add: A_def subset_insertI) (0.8 ms)
0.sledgehammer goal.by         3464ms Simplex.Simplex 3206:137086  some (SH 3464ms, ATP 328ms): Try this: by (simp add: subset_insertI) (0.7 ms)
0.sledgehammer goal.by        32973ms Simplex.Simplex 3213:137369  some (SH 32973ms, ATP 931ms): Try this: by force (113 ms)
0.sledgehammer goal.unfolding 12605ms Simplex.Simplex 3215:137436  timeout (SH 12605ms): Timed out
0.sledgehammer goal.proof     13182ms Simplex.Simplex 3216:137456  timeout (SH 13182ms): Timed out
0.sledgehammer goal.by         3121ms Simplex.Simplex 3220:137627  some (SH 3121ms, ATP 415ms): Try this: by meson (0.2 ms)
0.sledgehammer goal.by         3429ms Simplex.Simplex 3224:137865  some (SH 3429ms, ATP 528ms): Try this: apply blast (3 ms)
0.sledgehammer goal.by        15441ms Simplex.Simplex 3226:138009  some (SH 15441ms, ATP 1031ms): Try this: by simp (4 ms)
0.sledgehammer goal.by        13705ms Simplex.Simplex 3228:138086  timeout (SH 13705ms): Timed out
0.sledgehammer goal.proof     12967ms Simplex.Simplex 3232:138305  timeout (SH 12967ms): Timed out
0.sledgehammer goal.by         3792ms Simplex.Simplex 3236:138478  some (SH 3792ms, ATP 600ms): Try this: by argo (3 ms)
0.sledgehammer goal.proof     13131ms Simplex.Simplex 3238:138519  timeout (SH 13131ms): Timed out
0.sledgehammer goal.using     13768ms Simplex.Simplex 3240:138580  timeout (SH 13768ms): Timed out
0.sledgehammer goal.by        13030ms Simplex.Simplex 3240:138605  timeout (SH 13030ms): Timed out
0.sledgehammer goal.using     13088ms Simplex.Simplex 3243:138734  timeout (SH 13088ms): Timed out
0.sledgehammer goal.by        13022ms Simplex.Simplex 3243:138759  timeout (SH 13022ms): Timed out
0.sledgehammer goal.unfolding 12802ms Simplex.Simplex 3247:138919  timeout (SH 12801ms): Timed out
0.sledgehammer goal.using     13048ms Simplex.Simplex 3247:138934  timeout (SH 13048ms): Timed out
0.sledgehammer goal.by        13003ms Simplex.Simplex 3248:138966  timeout (SH 13003ms): Timed out
0.sledgehammer goal.using     12522ms Simplex.Simplex 3254:139149  timeout (SH 12522ms): Timed out
0.sledgehammer goal.unfolding 97306ms Simplex.Simplex 3254:139161  some (SH 97306ms, ATP 989ms): Try this: by (smt (z3) Direction.sel(1,10,2,3,4,5,6,7,8,9) Negative_def Positive_def atoms_imply_bounds_index_mono ats ats_sub x xx) (391 ms)
0.sledgehammer goal.using     13656ms Simplex.Simplex 3254:139177  timeout (SH 13656ms): Timed out
0.sledgehammer goal.by        12987ms Simplex.Simplex 3254:139221  timeout (SH 12987ms): Timed out
0.sledgehammer goal.proof     13570ms Simplex.Simplex 3256:139271  timeout (SH 13570ms): Timed out
0.sledgehammer goal.unfolding  4421ms Simplex.Simplex 3263:139609  some (SH 4421ms, ATP 550ms): Try this: using s'_def by force (2 ms)
0.sledgehammer goal.using     12896ms Simplex.Simplex 3264:139651  timeout (SH 12896ms): Timed out
0.sledgehammer goal.by        12755ms Simplex.Simplex 3264:139662  timeout (SH 12755ms): Timed out
0.sledgehammer goal.using      6484ms Simplex.Simplex 3265:139689  some (SH 6484ms, ATP 842ms): Try this: using "*"(4) "**"(1) id(1) by blast (12 ms)
0.sledgehammer goal.by         5910ms Simplex.Simplex 3265:139712  some (SH 5910ms, ATP 2533ms): Try this: by blast (13 ms)
0.sledgehammer goal.using     12655ms Simplex.Simplex 3266:139751  timeout (SH 12655ms): Timed out
0.sledgehammer goal.by        12736ms Simplex.Simplex 3266:139774  timeout (SH 12736ms): Timed out
0.sledgehammer goal.using     13013ms Simplex.Simplex 3267:139828  some (SH 13013ms, ATP 871ms): Try this: using "1" s'_def apply blast (0.8 ms)
0.sledgehammer goal.unfolding  3913ms Simplex.Simplex 3267:139840  some (SH 3913ms, ATP 732ms): Try this: using s'_def apply blast (0.6 ms)
0.sledgehammer goal.by         3152ms Simplex.Simplex 3267:139857  some (SH 3152ms, ATP 464ms): Try this: apply blast (0.8 ms)
0.sledgehammer goal.unfolding 13122ms Simplex.Simplex 3270:139968  timeout (SH 13122ms): Timed out
0.sledgehammer goal.by        14779ms Simplex.Simplex 3271:139990  timeout (SH 14779ms): Timed out
0.sledgehammer goal.unfolding  4658ms Simplex.Simplex 3273:140124  some (SH 4658ms, ATP 735ms): Try this: using s'_def by blast (5 ms)
0.sledgehammer goal.by         3721ms Simplex.Simplex 3273:140141  some (SH 3721ms, ATP 505ms): Try this: by meson (3 ms)
0.sledgehammer goal.unfolding  4401ms Simplex.Simplex 3275:140216  some (SH 4400ms, ATP 767ms): Try this: using A_def ia by force (2 ms)
0.sledgehammer goal.by         3289ms Simplex.Simplex 3275:140235  some (SH 3289ms, ATP 464ms): Try this: by meson (0.7 ms)
0.sledgehammer goal.using      4269ms Simplex.Simplex 3302:141023  some (SH 4269ms, ATP 387ms): Try this: by (meson vars_pivot_eq) (18 ms)
0.sledgehammer goal.by         4111ms Simplex.Simplex 3303:141045  some (SH 4111ms, ATP 355ms): Try this: by meson (21 ms)
0.sledgehammer goal.using      8577ms Simplex.Simplex 3307:141204  some (SH 8577ms, ATP 308ms): Try this: by (meson vars_pivot_eq) (11 ms)
0.sledgehammer goal.by         4913ms Simplex.Simplex 3308:141226  some (SH 4913ms, ATP 430ms): Try this: by meson (23 ms)
0.sledgehammer goal.using      2494ms Simplex.Simplex 3338:142062  some (SH 2494ms, ATP 329ms): Try this: using vars_subst_var' by presburger (5 ms)
0.sledgehammer goal.by         2588ms Simplex.Simplex 3339:142086  some (SH 2588ms, ATP 354ms): Try this: by presburger (1 ms)
0.sledgehammer goal.using      2729ms Simplex.Simplex 3343:142189  some (SH 2729ms, ATP 347ms): Try this: using vars_subst_var' by presburger (4 ms)
0.sledgehammer goal.by         2678ms Simplex.Simplex 3344:142213  some (SH 2678ms, ATP 364ms): Try this: by blast (1 ms)
0.sledgehammer goal.unfolding 11994ms Simplex.Simplex 3351:142458  some (SH 11994ms, ATP 425ms): Try this: by (simp add: subst_var_eq_def vars_subst_var) (1 ms)
0.sledgehammer goal.by         4000ms Simplex.Simplex 3352:142487  some (SH 4000ms, ATP 394ms): Try this: by (simp add: vars_subst_var) (2 ms)
0.sledgehammer goal.unfolding 12274ms Simplex.Simplex 3356:142635  some (SH 12273ms, ATP 463ms): Try this: by (simp add: subst_var_eq_def vars_subst_var_supset) (1 ms)
0.sledgehammer goal.by         4876ms Simplex.Simplex 3357:142664  some (SH 4876ms, ATP 419ms): Try this: by (simp add: vars_subst_var_supset) (4 ms)
0.sledgehammer goal.using     10970ms Simplex.Simplex 3362:142826  some (SH 10970ms, ATP 484ms): Try this: by (metis assms equiv_subst_var satisfies_eq_def satisfies_eq_iff subst_var_eq_def) (101 ms)
0.sledgehammer goal.unfolding 26367ms Simplex.Simplex 3363:142840  some (SH 26367ms, ATP 422ms): Try this: by (metis equiv_subst_var lhs.simps rhs.simps satisfies_eq_def subst_var_eq_def) (2.7 s)
0.sledgehammer goal.unfolding  9302ms Simplex.Simplex 3364:142869  some (SH 9302ms, ATP 442ms): Try this: by (metis equiv_subst_var satisfies_eq_def satisfies_eq_iff) (79 ms)
0.sledgehammer goal.using      9237ms Simplex.Simplex 3365:142898  some (SH 9237ms, ATP 384ms): Try this: by (metis equiv_subst_var lhs.simps rhs.simps) (96 ms)
0.sledgehammer goal.by         3124ms Simplex.Simplex 3366:142945  some (SH 3124ms, ATP 384ms): Try this: by force (5 ms)
0.sledgehammer goal.proof     12901ms Simplex.Simplex 3395:144083  timeout (SH 12900ms): Timed out
0.sledgehammer goal.proof     13703ms Simplex.Simplex 3400:144479  timeout (SH 13703ms): Timed out
0.sledgehammer goal.by         2661ms Simplex.Simplex 3404:144578  some (SH 2660ms, ATP 362ms): Try this: using nth_mem apply blast (0.8 ms)
0.sledgehammer goal.using      8145ms Simplex.Simplex 3407:144685  some (SH 8145ms, ATP 615ms): Try this: using assms(2) eq_idx_for_lvar apply auto[1] (9 ms)
0.sledgehammer goal.by         2642ms Simplex.Simplex 3408:144761  some (SH 2642ms, ATP 315ms): Try this: using nth_mem apply blast (3 ms)
0.sledgehammer goal.using     20603ms Simplex.Simplex 3411:144926  some (SH 20603ms, ATP 1022ms): Try this: apply (metis assms(1,2) eq_idx_for_lvar lhs.simps normalized_tableau_unique_eq_for_lvar surj_pair) (600 ms)
0.sledgehammer goal.unfolding 17181ms Simplex.Simplex 3412:144944  some (SH 17181ms, ATP 1024ms): Try this: apply (metis assms(2) eq_idx_for_lvar lhs.simps normalized_tableau_unique_eq_for_lvar surj_pair) (262 ms)
0.sledgehammer goal.by        13139ms Simplex.Simplex 3413:144983  some (SH 13139ms, ATP 444ms): Try this: apply (metis length_map nth_eq_iff_index_eq nth_map) (324 ms)
0.sledgehammer goal.using      3348ms Simplex.Simplex 3415:145123  some (SH 3348ms, ATP 558ms): Try this: using \<open>eq_idx_for_lvar t x\<^sub>i < length t\<close> \<open>i < length t\<close> nth_eq_iff_index_eq by blast (11 ms)
0.sledgehammer goal.by         5192ms Simplex.Simplex 3416:145185  some (SH 5192ms, ATP 447ms): Try this: using nth_eq_iff_index_eq by blast (2 ms)
0.sledgehammer goal.by         3378ms Simplex.Simplex 3418:145264  some (SH 3378ms, ATP 364ms): Try this: using eq_for_lvar_def by presburger (9 ms)
0.sledgehammer goal.unfolding 65715ms Simplex.Simplex 3421:145375  some (SH 65715ms, ATP 788ms): Try this: by (smt (z3) map_reindex pivot_tableau'_def pivot_tableau_def) (227 ms)
0.sledgehammer goal.unfolding 43448ms Simplex.Simplex 3422:145426  some (SH 43448ms, ATP 689ms): Try this: by (smt (z3) map_reindex) (195 ms)
0.sledgehammer goal.by         5861ms Simplex.Simplex 3423:145448  some (SH 5861ms, ATP 676ms): Try this: by (simp add: map_reindex) (28 ms)
0.sledgehammer goal.using      8540ms Simplex.Simplex 3429:145622  some (SH 8540ms, ATP 424ms): Try this: by (simp add: assms(1,2) pivot'_def pivot_def pivot_tableau'pivot_tableau) (11 ms)
0.sledgehammer goal.unfolding  5242ms Simplex.Simplex 3430:145668  some (SH 5242ms, ATP 600ms): Try this: by (simp add: pivot'_def pivot_def) (8 ms)
0.sledgehammer goal.by         2732ms Simplex.Simplex 3430:145699  some (SH 2732ms, ATP 645ms): Try this: by presburger (3 ms)
0.sledgehammer goal.proof     12209ms Simplex.Simplex 3435:145760  timeout (SH 12209ms): Timed out
0.sledgehammer goal.unfolding  9859ms Simplex.Simplex 3440:146008  some (SH 9859ms, ATP 653ms): Try this: by (simp add: pivot_def) (4 ms)
0.sledgehammer goal.by         8675ms Simplex.Simplex 3441:146032  some (SH 8675ms, ATP 550ms): Try this: by fastforce (3 ms)
0.sledgehammer goal.using      4414ms Simplex.Simplex 3449:146279  some (SH 4414ms, ATP 402ms): Try this: using \<open>x\<^sub>i \<in> lvars (\<T> s)\<close> eq_idx_for_lvar apply presburger (4 ms)
0.sledgehammer goal.using      3393ms Simplex.Simplex 3450:146306  some (SH 3393ms, ATP 413ms): Try this: using eq_idx_for_lvar apply blast (3 ms)
0.sledgehammer goal.by         3159ms Simplex.Simplex 3451:146332  some (SH 3158ms, ATP 440ms): Try this: apply blast (2 ms)
0.sledgehammer goal.using     12559ms Simplex.Simplex 3454:146376  timeout (SH 12559ms): Timed out
0.sledgehammer goal.unfolding 12560ms Simplex.Simplex 3455:146393  timeout (SH 12560ms): Timed out
0.sledgehammer goal.by         2934ms Simplex.Simplex 3456:146430  some (SH 2934ms, ATP 320ms): Try this: by meson (0.2 ms)
0.sledgehammer goal.using      4087ms Simplex.Simplex 3459:146471  some (SH 4087ms, ATP 380ms): Try this: using \<open>x\<^sub>j \<in> rvars_of_lvar (\<T> s) x\<^sub>i\<close> eq_for_lvar_def by force (3 ms)
0.sledgehammer goal.unfolding  3025ms Simplex.Simplex 3460:146522  some (SH 3025ms, ATP 393ms): Try this: by (simp add: eq_for_lvar_def) (4 ms)
0.sledgehammer goal.by         3140ms Simplex.Simplex 3461:146552  some (SH 3140ms, ATP 459ms): Try this: by simp (0.9 ms)
0.sledgehammer goal.using     13259ms Simplex.Simplex 3463:146593  some (SH 13259ms, ATP 462ms): Try this: using \<open>x\<^sub>i \<in> lvars (\<T> s)\<close> eq_for_lvar_def rvars_of_lvar_rvars by fastforce (24 ms)
0.sledgehammer goal.using     12395ms Simplex.Simplex 3464:146622  some (SH 12395ms, ATP 528ms): Try this: by (metis \<open>x\<^sub>i \<in> lvars (\<T> s)\<close> eq_for_lvar_def in_mono rvars_of_lvar_rvars) (33 ms)
0.sledgehammer goal.by        12482ms Simplex.Simplex 3465:146659  some (SH 12482ms, ATP 540ms): Try this: by (metis \<open>x\<^sub>i \<in> lvars (\<T> s)\<close> eq_for_lvar_def in_mono rvars_of_lvar_rvars) (41 ms)
0.sledgehammer goal.using     12615ms Simplex.Simplex 3467:146722  timeout (SH 12615ms): Timed out
0.sledgehammer goal.unfolding 12793ms Simplex.Simplex 3468:146739  timeout (SH 12793ms): Timed out
0.sledgehammer goal.by         7632ms Simplex.Simplex 3469:146776  some (SH 7632ms, ATP 457ms): Try this: by blast (0.7 ms)
0.sledgehammer goal.using     12631ms Simplex.Simplex 3472:146813  timeout (SH 12631ms): Timed out
0.sledgehammer goal.unfolding 12641ms Simplex.Simplex 3473:146847  timeout (SH 12641ms): Timed out
0.sledgehammer goal.by         8430ms Simplex.Simplex 3474:146894  some (SH 8430ms, ATP 557ms): Try this: by blast (1 ms)
0.sledgehammer goal.unfolding 15479ms Simplex.Simplex 3476:146939  some (SH 15479ms, ATP 476ms): Try this: using \<open>x\<^sub>i \<in> lvars (\<T> s)\<close> eq_for_lvar_def rvars_of_lvar_rvars by fastforce (30 ms)
0.sledgehammer goal.using     10878ms Simplex.Simplex 3477:146963  some (SH 10878ms, ATP 550ms): Try this: by (metis \<open>x\<^sub>i \<in> lvars (\<T> s)\<close> \<open>x\<^sub>i \<notin> rvars (\<T> s)\<close> eq_for_lvar_def in_mono rvars_of_lvar_rvars) (84 ms)
0.sledgehammer goal.using     15189ms Simplex.Simplex 3478:146992  some (SH 15189ms, ATP 498ms): Try this: by auto (22 ms)
0.sledgehammer goal.by        15493ms Simplex.Simplex 3479:147029  some (SH 15493ms, ATP 506ms): Try this: by auto (40 ms)
0.sledgehammer goal.using      3127ms Simplex.Simplex 3482:147061  some (SH 3127ms, ATP 364ms): Try this: using \<open>x\<^sub>i \<in> lvars (\<T> s)\<close> \<open>x\<^sub>j \<notin> lvars (\<T> s)\<close> by blast (0.4 ms)
0.sledgehammer goal.by         3251ms Simplex.Simplex 3483:147114  some (SH 3251ms, ATP 402ms): Try this: by meson (1 ms)
0.sledgehammer goal.using     17949ms Simplex.Simplex 3486:147159  some (SH 17949ms, ATP 266ms): Try this: by (metis \<open>lhs (\<T> s ! eq_idx_for_lvar (\<T> s) x\<^sub>i) = x\<^sub>i\<close> \<open>x\<^sub>i \<notin> rvars_eq (\<T> s ! eq_idx_for_lvar (\<T> s) x\<^sub>i)\<close> \<open>x\<^sub>j \<in> rvars_eq (\<T> s ! eq_idx_for_lvar (\<T> s) x\<^sub>i)\<close> lhs.simps lhs_pivot_eq rhs.simps surj_pair) (167 ms)
0.sledgehammer goal.using     13747ms Simplex.Simplex 3487:147194  some (SH 13747ms, ATP 89ms): Try this: by (metis \<open>lhs (\<T> s ! eq_idx_for_lvar (\<T> s) x\<^sub>i) = x\<^sub>i\<close> \<open>x\<^sub>i \<notin> rvars_eq (\<T> s ! eq_idx_for_lvar (\<T> s) x\<^sub>i)\<close> \<open>x\<^sub>j \<in> rvars_eq (\<T> s ! eq_idx_for_lvar (\<T> s) x\<^sub>i)\<close> lhs.simps old.prod.exhaust rhs.simps) (189 ms)
0.sledgehammer goal.by        14531ms Simplex.Simplex 3488:147290  some (SH 14531ms, ATP 72ms): Try this: by (metis \<open>x\<^sub>j \<in> rvars_eq (\<T> s ! eq_idx_for_lvar (\<T> s) x\<^sub>i)\<close> lhs.simps old.prod.exhaust rhs.simps) (128 ms)
0.sledgehammer goal.using      4636ms Simplex.Simplex 3493:147461  some (SH 4636ms, ATP 563ms): Try this: using \<open>eq_idx_for_lvar (\<T> s) x\<^sub>i < length (\<T> s)\<close> interval_3split by presburger (4 ms)
0.sledgehammer goal.by         8837ms Simplex.Simplex 3494:147490  some (SH 8837ms, ATP 1507ms): Try this: using interval_3split by blast (5 ms)
0.sledgehammer goal.using     13354ms Simplex.Simplex 3498:147663  timeout (SH 13354ms): Timed out
0.sledgehammer goal.by        13729ms Simplex.Simplex 3499:147759  timeout (SH 13728ms): Timed out
0.sledgehammer goal.proof     13367ms Simplex.Simplex 3503:147955  timeout (SH 13367ms): Timed out
0.sledgehammer goal.using     12775ms Simplex.Simplex 3506:148079  timeout (SH 12775ms): Timed out
0.sledgehammer goal.by        12894ms Simplex.Simplex 3507:148135  timeout (SH 12894ms): Timed out
0.sledgehammer goal.using     12774ms Simplex.Simplex 3509:148333  timeout (SH 12774ms): Timed out
0.sledgehammer goal.by        12943ms Simplex.Simplex 3510:148388  timeout (SH 12943ms): Timed out
0.sledgehammer goal.using     13063ms Simplex.Simplex 3512:148489  timeout (SH 13063ms): Timed out
0.sledgehammer goal.by        12741ms Simplex.Simplex 3513:148525  timeout (SH 12741ms): Timed out
0.sledgehammer goal.by         5553ms Simplex.Simplex 3516:148692  some (SH 5553ms, ATP 542ms): Try this: by (simp add: lvars_def) (16 ms)
0.sledgehammer goal.proof     12528ms Simplex.Simplex 3521:148825  timeout (SH 12528ms): Timed out
0.sledgehammer goal.using      7997ms Simplex.Simplex 3523:148896  some (SH 7997ms, ATP 567ms): Try this: using \<open>lhs (\<T> s ! eq_idx_for_lvar (\<T> s) x\<^sub>i) = x\<^sub>i\<close> \<open>x\<^sub>i \<notin> rvars_eq (\<T> s ! eq_idx_for_lvar (\<T> s) x\<^sub>i)\<close> \<open>x\<^sub>j \<in> rvars_eq (\<T> s ! eq_idx_for_lvar (\<T> s) x\<^sub>i)\<close> rvars_pivot_eq by presburger (2 ms)
0.sledgehammer goal.using      3849ms Simplex.Simplex 3524:148935  some (SH 3849ms, ATP 497ms): Try this: using \<open>lhs (\<T> s ! eq_idx_for_lvar (\<T> s) x\<^sub>i) = x\<^sub>i\<close> \<open>x\<^sub>i \<notin> rvars_eq (\<T> s ! eq_idx_for_lvar (\<T> s) x\<^sub>i)\<close> \<open>x\<^sub>j \<in> rvars_eq (\<T> s ! eq_idx_for_lvar (\<T> s) x\<^sub>i)\<close> by presburger (5 ms)
0.sledgehammer goal.using      3600ms Simplex.Simplex 3525:148971  some (SH 3600ms, ATP 430ms): Try this: using \<open>x\<^sub>i \<notin> rvars_eq (\<T> s ! eq_idx_for_lvar (\<T> s) x\<^sub>i)\<close> \<open>x\<^sub>j \<in> rvars_eq (\<T> s ! eq_idx_for_lvar (\<T> s) x\<^sub>i)\<close> by argo (3 ms)
0.sledgehammer goal.by         3093ms Simplex.Simplex 3526:149025  some (SH 3093ms, ATP 451ms): Try this: by argo (2 ms)
0.sledgehammer goal.unfolding 12974ms Simplex.Simplex 3533:149240  timeout (SH 12974ms): Timed out
0.sledgehammer goal.using     13001ms Simplex.Simplex 3534:149296  timeout (SH 13001ms): Timed out
0.sledgehammer goal.by        13005ms Simplex.Simplex 3535:149327  timeout (SH 13005ms): Timed out
0.sledgehammer goal.proof     12949ms Simplex.Simplex 3537:149449  timeout (SH 12949ms): Timed out
0.sledgehammer goal.proof     13143ms Simplex.Simplex 3539:149491  timeout (SH 13143ms): Timed out
0.sledgehammer goal.using     47110ms Simplex.Simplex 3541:149534  some (SH 47110ms, ATP 667ms): Try this: using \<open>rvars_eq (pivot_eq (\<T> s ! eq_idx_for_lvar (\<T> s) x\<^sub>i) x\<^sub>j) = {x\<^sub>i} \<union> (rvars_eq (\<T> s ! eq_idx_for_lvar (\<T> s) x\<^sub>i) - {x\<^sub>j})\<close> \<open>x\<^sub>i \<in> lvars (\<T> s)\<close> eq_for_lvar_def rvars_of_lvar_rvars by fastforce (141 ms)
0.sledgehammer goal.unfolding 45435ms Simplex.Simplex 3542:149569  some (SH 45434ms, ATP 572ms): Try this: using \<open>rvars_eq (pivot_eq (\<T> s ! eq_idx_for_lvar (\<T> s) x\<^sub>i) x\<^sub>j) = {x\<^sub>i} \<union> (rvars_eq (\<T> s ! eq_idx_for_lvar (\<T> s) x\<^sub>i) - {x\<^sub>j})\<close> \<open>x\<^sub>i \<in> lvars (\<T> s)\<close> eq_for_lvar_def rvars_of_lvar_rvars by fastforce (244 ms)
0.sledgehammer goal.using     30127ms Simplex.Simplex 3543:149599  some (SH 30127ms, ATP 621ms): Try this: using \<open>rvars_eq (pivot_eq (\<T> s ! eq_idx_for_lvar (\<T> s) x\<^sub>i) x\<^sub>j) = {x\<^sub>i} \<union> (rvars_eq (\<T> s ! eq_idx_for_lvar (\<T> s) x\<^sub>i) - {x\<^sub>j})\<close> by force (80 ms)
0.sledgehammer goal.by        27315ms Simplex.Simplex 3544:149664  some (SH 27315ms, ATP 541ms): Try this: by force (82 ms)
0.sledgehammer goal.proof     12714ms Simplex.Simplex 3547:149752  timeout (SH 12713ms): Timed out
0.sledgehammer goal.apply     14546ms Simplex.Simplex 3549:149864  some (SH 14546ms, ATP 1256ms): Try this: by (meson Diff_subset UN_mono rvars_eq_subst_var_eq) (21 ms)
0.sledgehammer goal.using      4097ms Simplex.Simplex 3550:149897  some (SH 4097ms, ATP 334ms): Try this: apply blast (0.6 ms)
0.sledgehammer goal.by         4453ms Simplex.Simplex 3551:149937  some (SH 4453ms, ATP 279ms): Try this: apply force (1 ms)
0.sledgehammer goal.by        15221ms Simplex.Simplex 3553:150053  some (SH 15221ms, ATP 976ms): Try this: by blast (1 ms)
0.sledgehammer goal.unfolding 13778ms Simplex.Simplex 3555:150136  timeout (SH 13777ms): Timed out
0.sledgehammer goal.by        13771ms Simplex.Simplex 3556:150168  timeout (SH 13771ms): Timed out
0.sledgehammer goal.using     15977ms Simplex.Simplex 3558:150248  some (SH 15976ms, ATP 621ms): Try this: using Un_mono \<open>rvars_eq (pivot_eq (\<T> s ! eq_idx_for_lvar (\<T> s) x\<^sub>i) x\<^sub>j) \<subseteq> {x\<^sub>i} \<union> (rvars (\<T> s) - {x\<^sub>j})\<close> by blast (42 ms)
0.sledgehammer goal.unfolding 18568ms Simplex.Simplex 3559:150315  some (SH 18568ms, ATP 583ms): Try this: using \<open>rvars_eq (pivot_eq (\<T> s ! eq_idx_for_lvar (\<T> s) x\<^sub>i) x\<^sub>j) \<subseteq> {x\<^sub>i} \<union> (rvars (\<T> s) - {x\<^sub>j})\<close> by auto (50 ms)
0.sledgehammer goal.using     83128ms Simplex.Simplex 3560:150347  some (SH 83128ms, ATP 1321ms): Try this: using \<open>rvars_eq (pivot_eq (\<T> s ! eq_idx_for_lvar (\<T> s) x\<^sub>i) x\<^sub>j) \<subseteq> {x\<^sub>i} \<union> (rvars (\<T> s) - {x\<^sub>j})\<close> rvars_def by auto (190 ms)
0.sledgehammer goal.by        91888ms Simplex.Simplex 3561:150384  some (SH 91887ms, ATP 1088ms): Try this: by (smt (verit) Un_mono Un_upper2 \<open>rvars_eq (pivot_eq (\<T> s ! eq_idx_for_lvar (\<T> s) x\<^sub>i) x\<^sub>j) \<subseteq> {x\<^sub>i} \<union> (rvars (\<T> s) - {x\<^sub>j})\<close> psubsetE psubsetI rvars_def subset_Un_eq) (624 ms)
0.sledgehammer goal.by        12991ms Simplex.Simplex 3565:150454  some (SH 12991ms, ATP 413ms): Try this: by (meson Un_least) (10 ms)
0.sledgehammer goal.proof     13767ms Simplex.Simplex 3569:150517  timeout (SH 13767ms): Timed out
0.sledgehammer goal.proof     12862ms Simplex.Simplex 3573:150600  timeout (SH 12861ms): Timed out
0.sledgehammer goal.by         9192ms Simplex.Simplex 3576:150694  some (SH 9191ms, ATP 421ms): Try this: by blast (0.5 ms)
0.sledgehammer goal.using     12802ms Simplex.Simplex 3582:150901  timeout (SH 12802ms): Timed out
0.sledgehammer goal.using     12813ms Simplex.Simplex 3583:150936  timeout (SH 12813ms): Timed out
0.sledgehammer goal.unfolding 12976ms Simplex.Simplex 3584:151003  timeout (SH 12976ms): Timed out
0.sledgehammer goal.by        12852ms Simplex.Simplex 3585:151035  timeout (SH 12852ms): Timed out
0.sledgehammer goal.apply     13277ms Simplex.Simplex 3588:151131  some (SH 13277ms, ATP 1742ms): Try this: by (meson SUP_mono' rvars_eq_subst_var_eq_supset) (9 ms)
0.sledgehammer goal.using      3196ms Simplex.Simplex 3589:151164  some (SH 3196ms, ATP 390ms): Try this: apply force (0.4 ms)
0.sledgehammer goal.by         4150ms Simplex.Simplex 3590:151233  some (SH 4150ms, ATP 337ms): Try this: apply blast (0.9 ms)
0.sledgehammer goal.by        13713ms Simplex.Simplex 3593:151297  some (SH 13713ms, ATP 503ms): Try this: by blast (12 ms)
0.sledgehammer goal.by         8723ms Simplex.Simplex 3599:151373  some (SH 8723ms, ATP 430ms): Try this: by (metis Un_commute) (21 ms)
0.sledgehammer goal.using      8772ms Simplex.Simplex 3603:151529  some (SH 8772ms, ATP 421ms): Try this: by (simp add: \<open>\<triangle> (\<T> s)\<close> \<open>x\<^sub>i \<in> lvars (\<T> s)\<close> pivot'pivot) (45 ms)
0.sledgehammer goal.using      7039ms Simplex.Simplex 3604:151567  some (SH 7039ms, ATP 373ms): Try this: by (simp add: \<open>\<triangle> (\<T> s)\<close> \<open>x\<^sub>i \<in> lvars (\<T> s)\<close>) (51 ms)
0.sledgehammer goal.by         4522ms Simplex.Simplex 3605:151607  some (SH 4522ms, ATP 374ms): Try this: by force (20 ms)
0.sledgehammer goal.unfolding 12804ms Simplex.Simplex 3607:151668  timeout (SH 12803ms): Timed out
0.sledgehammer goal.proof     13535ms Simplex.Simplex 3608:151703  timeout (SH 13535ms): Timed out
0.sledgehammer goal.using     42825ms Simplex.Simplex 3610:151800  some (SH 42825ms, ATP 2372ms): Try this: using Int_insert_right \<open>\<triangle> (\<T> s)\<close> \<open>x\<^sub>i \<notin> rvars_eq (\<T> s ! eq_idx_for_lvar (\<T> s) x\<^sub>i)\<close> \<open>x\<^sub>j \<in> rvars_eq (\<T> s ! eq_idx_for_lvar (\<T> s) x\<^sub>i)\<close> lvars_pivot normalized_tableau_def rvars_pivot by auto (106 ms)
0.sledgehammer goal.unfolding 34560ms Simplex.Simplex 3611:151822  some (SH 34560ms, ATP 3055ms): Try this: using Int_insert_right \<open>x\<^sub>i \<in> lvars (\<T> s)\<close> \<open>x\<^sub>j \<in> rvars (\<T> s)\<close> lvars_pivot normalized_tableau_def rvars_pivot by auto (137 ms)
0.sledgehammer goal.using     85490ms Simplex.Simplex 3612:151861  some (SH 85489ms, ATP 1125ms): Try this: using Int_insert_right_if0 \<open>x\<^sub>i \<in> lvars (\<T> s)\<close> \<open>x\<^sub>j \<in> rvars (\<T> s)\<close> lvars_pivot rvars_pivot by auto (103 ms)
0.sledgehammer goal.using     64831ms Simplex.Simplex 3613:151897  some (SH 64831ms, ATP 2367ms): Try this: using \<open>x\<^sub>i \<in> lvars (\<T> s)\<close> \<open>x\<^sub>j \<in> rvars (\<T> s)\<close> by blast (16 ms)
0.sledgehammer goal.by        39553ms Simplex.Simplex 3614:151921  some (SH 39553ms, ATP 1968ms): Try this: by blast (14 ms)
0.sledgehammer goal.proof     12624ms Simplex.Simplex 3617:152000  timeout (SH 12624ms): Timed out
0.sledgehammer goal.by         2864ms Simplex.Simplex 3620:152148  some (SH 2864ms, ATP 393ms): Try this: apply linarith (1 ms)
0.sledgehammer goal.using      6705ms Simplex.Simplex 3621:152192  some (SH 6705ms, ATP 1948ms): Try this: using \<open>x\<^sub>i \<notin> rvars_eq (\<T> s ! eq_idx_for_lvar (\<T> s) x\<^sub>i)\<close> eq_for_lvar_def var by presburger (4 ms)
0.sledgehammer goal.using      6020ms Simplex.Simplex 3622:152234  some (SH 6019ms, ATP 488ms): Try this: using \<open>x\<^sub>i \<notin> rvars_eq (\<T> s ! eq_idx_for_lvar (\<T> s) x\<^sub>i)\<close> eq_for_lvar_def var by presburger (6 ms)
0.sledgehammer goal.by         3409ms Simplex.Simplex 3622:152311  some (SH 3409ms, ATP 441ms): Try this: by presburger (4 ms)
0.sledgehammer goal.unfolding  3151ms Simplex.Simplex 3625:152544  some (SH 3151ms, ATP 341ms): Try this: apply meson (14 ms)
0.sledgehammer goal.by         3513ms Simplex.Simplex 3625:152562  some (SH 3513ms, ATP 471ms): Try this: apply meson (0.5 ms)
0.sledgehammer goal.using     10599ms Simplex.Simplex 3626:152641  some (SH 10598ms, ATP 526ms): Try this: using vars_zero by fastforce (2 ms)
0.sledgehammer goal.by         7190ms Simplex.Simplex 3626:152657  some (SH 7190ms, ATP 424ms): Try this: by force (2 ms)
0.sledgehammer goal.by         3003ms Simplex.Simplex 3629:152857  some (SH 3003ms, ATP 355ms): Try this: by simp (3 ms)
0.sledgehammer goal.by        13293ms Simplex.Simplex 3632:153082  some (SH 13293ms, ATP 1506ms): Try this: using vars_zero by auto (143 ms)
0.sledgehammer goal.by         7355ms Simplex.Simplex 3634:153234  some (SH 7355ms, ATP 357ms): Try this: by force (2 ms)
0.sledgehammer goal.proof     12619ms Simplex.Simplex 3636:153266  timeout (SH 12619ms): Timed out
0.sledgehammer goal.by         3403ms Simplex.Simplex 3639:153406  some (SH 3403ms, ATP 303ms): Try this: by blast (0.9 ms)
0.sledgehammer goal.using      3050ms Simplex.Simplex 3640:153440  some (SH 3050ms, ATP 401ms): Try this: by (simp add: vars_empty_zero) (1 ms)
0.sledgehammer goal.by         2980ms Simplex.Simplex 3640:153473  some (SH 2980ms, ATP 422ms): Try this: by auto (3 ms)
0.sledgehammer goal.unfolding 13152ms Simplex.Simplex 3641:153531  timeout (SH 13151ms): Timed out
0.sledgehammer goal.by         7207ms Simplex.Simplex 3641:153564  some (SH 7207ms, ATP 363ms): Try this: by auto (12 ms)
0.sledgehammer goal.unfolding 13080ms Simplex.Simplex 3644:153662  timeout (SH 13080ms): Timed out
0.sledgehammer goal.by        12709ms Simplex.Simplex 3644:153682  some (SH 12709ms, ATP 908ms): Try this: by auto (3 ms)
0.sledgehammer goal.unfolding 15446ms Simplex.Simplex 3646:153766  some (SH 15446ms, ATP 485ms): Try this: using \<open>x\<^sub>i \<notin> rvars (\<T> s)\<close> var vars_pivot(2) by auto (5 ms)
0.sledgehammer goal.using      9304ms Simplex.Simplex 3647:153805  some (SH 9303ms, ATP 451ms): Try this: using \<open>x\<^sub>i \<notin> rvars (\<T> s)\<close> by blast (0.6 ms)
0.sledgehammer goal.by         9556ms Simplex.Simplex 3647:153874  some (SH 9556ms, ATP 428ms): Try this: by blast (3 ms)
0.sledgehammer goal.by         7454ms Simplex.Simplex 3649:153957  some (SH 7454ms, ATP 310ms): Try this: using empty by blast (0.7 ms)
0.sledgehammer goal.using     12905ms Simplex.Simplex 3656:154103  timeout (SH 12905ms): Timed out
0.sledgehammer goal.using     13745ms Simplex.Simplex 3657:154146  timeout (SH 13745ms): Timed out
0.sledgehammer goal.using     12909ms Simplex.Simplex 3658:154172  timeout (SH 12909ms): Timed out
0.sledgehammer goal.using     13081ms Simplex.Simplex 3659:154208  timeout (SH 13081ms): Timed out
0.sledgehammer goal.using     13037ms Simplex.Simplex 3660:154276  timeout (SH 13036ms): Timed out
0.sledgehammer goal.unfolding 12870ms Simplex.Simplex 3661:154305  timeout (SH 12870ms): Timed out
0.sledgehammer goal.by        13037ms Simplex.Simplex 3662:154331  timeout (SH 13037ms): Timed out
0.sledgehammer goal.unfolding 12624ms Simplex.Simplex 3666:154407  timeout (SH 12624ms): Timed out
0.sledgehammer goal.proof     12757ms Simplex.Simplex 3667:154441  timeout (SH 12757ms): Timed out
0.sledgehammer goal.proof     12734ms Simplex.Simplex 3670:154535  timeout (SH 12734ms): Timed out
0.sledgehammer goal.using     11494ms Simplex.Simplex 3672:154574  some (SH 11494ms, ATP 527ms): Try this: by (simp add: \<open>\<forall>e\<in>set (\<T> s). v \<Turnstile>\<^sub>e e\<close> \<open>eq_idx_for_lvar (\<T> s) x\<^sub>i < length (\<T> s)\<close> \<open>lhs (\<T> s ! eq_idx_for_lvar (\<T> s) x\<^sub>i) = x\<^sub>i\<close> \<open>x\<^sub>i \<notin> rvars_eq (\<T> s ! eq_idx_for_lvar (\<T> s) x\<^sub>i)\<close> \<open>x\<^sub>j \<in> rvars_eq (\<T> s ! eq_idx_for_lvar (\<T> s) x\<^sub>i)\<close> equiv_pivot_eq) (5 ms)
0.sledgehammer goal.using     10372ms Simplex.Simplex 3673:154609  some (SH 10372ms, ATP 489ms): Try this: by (simp add: \<open>\<forall>e\<in>set (\<T> s). v \<Turnstile>\<^sub>e e\<close> \<open>eq_idx_for_lvar (\<T> s) x\<^sub>i < length (\<T> s)\<close> \<open>lhs (\<T> s ! eq_idx_for_lvar (\<T> s) x\<^sub>i) = x\<^sub>i\<close> \<open>x\<^sub>j \<in> rvars_eq (\<T> s ! eq_idx_for_lvar (\<T> s) x\<^sub>i)\<close> equiv_pivot_eq) (6 ms)
0.sledgehammer goal.using     10261ms Simplex.Simplex 3674:154665  some (SH 10261ms, ATP 473ms): Try this: by (simp add: \<open>lhs (\<T> s ! eq_idx_for_lvar (\<T> s) x\<^sub>i) = x\<^sub>i\<close> \<open>x\<^sub>j \<in> rvars_eq (\<T> s ! eq_idx_for_lvar (\<T> s) x\<^sub>i)\<close> equiv_pivot_eq) (7 ms)
0.sledgehammer goal.by         6827ms Simplex.Simplex 3675:154717  some (SH 6826ms, ATP 467ms): Try this: by (simp add: \<open>lhs (\<T> s ! eq_idx_for_lvar (\<T> s) x\<^sub>i) = x\<^sub>i\<close> equiv_pivot_eq) (52 ms)
0.sledgehammer goal.using     13834ms Simplex.Simplex 3682:154919  some (SH 13834ms, ATP 458ms): Try this: by (metis \<open>\<forall>e\<in>set (\<T> s). v \<Turnstile>\<^sub>e e\<close> \<open>idx < length (\<T> s)\<close> \<open>pivot_eq (\<T> s ! eq_idx_for_lvar (\<T> s) x\<^sub>i) x\<^sub>j = (x\<^sub>j, rhs (pivot_eq (\<T> s ! eq_idx_for_lvar (\<T> s) x\<^sub>i) x\<^sub>j))\<close> calculation equiv_subst_var_eq nth_mem) (51 ms)
0.sledgehammer goal.using      8829ms Simplex.Simplex 3683:154960  some (SH 8829ms, ATP 503ms): Try this: by (metis \<open>\<forall>e\<in>set (\<T> s). v \<Turnstile>\<^sub>e e\<close> \<open>idx < length (\<T> s)\<close> calculation equiv_subst_var_eq nth_mem) (67 ms)
0.sledgehammer goal.using      6616ms Simplex.Simplex 3684:155030  some (SH 6616ms, ATP 465ms): Try this: by (metis equiv_subst_var_eq nth_mem) (76 ms)
0.sledgehammer goal.by         7852ms Simplex.Simplex 3685:155097  some (SH 7852ms, ATP 488ms): Try this: by force (21 ms)
0.sledgehammer goal.by        13514ms Simplex.Simplex 3689:155157  timeout (SH 13514ms): Timed out
0.sledgehammer goal.using     12659ms Simplex.Simplex 3695:155408  timeout (SH 12659ms): Timed out
0.sledgehammer goal.unfolding 12531ms Simplex.Simplex 3696:155439  timeout (SH 12531ms): Timed out
0.sledgehammer goal.by        160381ms Simplex.Simplex 3697:155485  timeout (SH 160381ms):
0.sledgehammer goal.proof     26189ms Simplex.Simplex 3700:155551  some (SH 26189ms, ATP 719ms): Try this: by (metis \<open>\<And>idx. \<lbrakk>idx < length (\<T> s); idx \<noteq> eq_idx_for_lvar (\<T> s) x\<^sub>i\<rbrakk> \<Longrightarrow> v \<Turnstile>\<^sub>e subst_var_eq x\<^sub>j (rhs (pivot_eq (\<T> s ! eq_idx_for_lvar (\<T> s) x\<^sub>i) x\<^sub>j)) (\<T> s ! idx)\<close> \<open>lhs (\<T> s ! eq_idx_for_lvar (\<T> s) x\<^sub>i) = x\<^sub>i\<close> \<open>pivot_eq (\<T> s ! eq_idx_for_lvar (\<T> s) x\<^sub>i) x\<^sub>j = (x\<^sub>j, rhs (pivot_eq (\<T> s ! eq_idx_for_lvar (\<T> s) x\<^sub>i) x\<^sub>j))\<close> \<open>v \<Turnstile>\<^sub>e pivot_eq (\<T> s ! eq_idx_for_lvar (\<T> s) x\<^sub>i) x\<^sub>j\<close> \<open>x\<^sub>i \<notin> rvars_eq (\<T> s ! eq_idx_for_lvar (\<T> s) x\<^sub>i)\<close> \<open>x\<^sub>j \<in> rvars_eq (\<T> s ! eq_idx_for_lvar (\<T> s) x\<^sub>i)\<close> equiv_pivot_eq equiv_subst_var_eq in_set_conv_nth) (101 ms)
0.sledgehammer goal.proof     16240ms Simplex.Simplex 3705:155655  some (SH 16240ms, ATP 560ms): Try this: by (metis \<open>\<And>idx. \<lbrakk>idx < length (\<T> s); idx \<noteq> eq_idx_for_lvar (\<T> s) x\<^sub>i\<rbrakk> \<Longrightarrow> v \<Turnstile>\<^sub>e subst_var_eq x\<^sub>j (rhs (pivot_eq (\<T> s ! eq_idx_for_lvar (\<T> s) x\<^sub>i) x\<^sub>j)) (\<T> s ! idx)\<close> \<open>idx < length (\<T> s)\<close> \<open>lhs (\<T> s ! eq_idx_for_lvar (\<T> s) x\<^sub>i) = x\<^sub>i\<close> \<open>pivot_eq (\<T> s ! eq_idx_for_lvar (\<T> s) x\<^sub>i) x\<^sub>j = (x\<^sub>j, rhs (pivot_eq (\<T> s ! eq_idx_for_lvar (\<T> s) x\<^sub>i) x\<^sub>j))\<close> \<open>v \<Turnstile>\<^sub>e pivot_eq (\<T> s ! eq_idx_for_lvar (\<T> s) x\<^sub>i) x\<^sub>j\<close> \<open>x\<^sub>i \<notin> rvars_eq (\<T> s ! eq_idx_for_lvar (\<T> s) x\<^sub>i)\<close> \<open>x\<^sub>j \<in> rvars_eq (\<T> s ! eq_idx_for_lvar (\<T> s) x\<^sub>i)\<close> equiv_pivot_eq equiv_subst_var_eq) (143 ms)
0.sledgehammer goal.using      7528ms Simplex.Simplex 3708:155742  some (SH 7528ms, ATP 357ms): Try this: using \<open>lhs (\<T> s ! eq_idx_for_lvar (\<T> s) x\<^sub>i) = x\<^sub>i\<close> \<open>v \<Turnstile>\<^sub>e pivot_eq (\<T> s ! eq_idx_for_lvar (\<T> s) x\<^sub>i) x\<^sub>j\<close> \<open>x\<^sub>i \<notin> rvars_eq (\<T> s ! eq_idx_for_lvar (\<T> s) x\<^sub>i)\<close> \<open>x\<^sub>j \<in> rvars_eq (\<T> s ! eq_idx_for_lvar (\<T> s) x\<^sub>i)\<close> equiv_pivot_eq by auto (20 ms)
0.sledgehammer goal.using     10546ms Simplex.Simplex 3709:155773  some (SH 10546ms, ATP 353ms): Try this: by (simp add: \<open>lhs (\<T> s ! eq_idx_for_lvar (\<T> s) x\<^sub>i) = x\<^sub>i\<close> \<open>x\<^sub>i \<notin> rvars_eq (\<T> s ! eq_idx_for_lvar (\<T> s) x\<^sub>i)\<close> \<open>x\<^sub>j \<in> rvars_eq (\<T> s ! eq_idx_for_lvar (\<T> s) x\<^sub>i)\<close> equiv_pivot_eq) (1 ms)
0.sledgehammer goal.by         5157ms Simplex.Simplex 3710:155850  some (SH 5157ms, ATP 369ms): Try this: by (simp add: \<open>lhs (\<T> s ! eq_idx_for_lvar (\<T> s) x\<^sub>i) = x\<^sub>i\<close> equiv_pivot_eq) (14 ms)
0.sledgehammer goal.using      8293ms Simplex.Simplex 3714:155970  some (SH 8293ms, ATP 469ms): Try this: by (metis \<open>\<And>idx. \<lbrakk>idx < length (\<T> s); idx \<noteq> eq_idx_for_lvar (\<T> s) x\<^sub>i\<rbrakk> \<Longrightarrow> v \<Turnstile>\<^sub>e subst_var_eq x\<^sub>j (rhs (pivot_eq (\<T> s ! eq_idx_for_lvar (\<T> s) x\<^sub>i) x\<^sub>j)) (\<T> s ! idx)\<close> \<open>idx < length (\<T> s)\<close> \<open>pivot_eq (\<T> s ! eq_idx_for_lvar (\<T> s) x\<^sub>i) x\<^sub>j = (x\<^sub>j, rhs (pivot_eq (\<T> s ! eq_idx_for_lvar (\<T> s) x\<^sub>i) x\<^sub>j))\<close> \<open>v \<Turnstile>\<^sub>e pivot_eq (\<T> s ! eq_idx_for_lvar (\<T> s) x\<^sub>i) x\<^sub>j\<close> equiv_subst_var_eq) (52 ms)
0.sledgehammer goal.using      6626ms Simplex.Simplex 3715:156006  some (SH 6626ms, ATP 591ms): Try this: by (metis \<open>\<And>idx. \<lbrakk>idx < length (\<T> s); idx \<noteq> eq_idx_for_lvar (\<T> s) x\<^sub>i\<rbrakk> \<Longrightarrow> v \<Turnstile>\<^sub>e subst_var_eq x\<^sub>j (rhs (pivot_eq (\<T> s ! eq_idx_for_lvar (\<T> s) x\<^sub>i) x\<^sub>j)) (\<T> s ! idx)\<close> \<open>pivot_eq (\<T> s ! eq_idx_for_lvar (\<T> s) x\<^sub>i) x\<^sub>j = (x\<^sub>j, rhs (pivot_eq (\<T> s ! eq_idx_for_lvar (\<T> s) x\<^sub>i) x\<^sub>j))\<close> \<open>v \<Turnstile>\<^sub>e pivot_eq (\<T> s ! eq_idx_for_lvar (\<T> s) x\<^sub>i) x\<^sub>j\<close> equiv_subst_var_eq) (54 ms)
0.sledgehammer goal.using      5409ms Simplex.Simplex 3716:156104  some (SH 5409ms, ATP 478ms): Try this: by (metis \<open>pivot_eq (\<T> s ! eq_idx_for_lvar (\<T> s) x\<^sub>i) x\<^sub>j = (x\<^sub>j, rhs (pivot_eq (\<T> s ! eq_idx_for_lvar (\<T> s) x\<^sub>i) x\<^sub>j))\<close> \<open>v \<Turnstile>\<^sub>e pivot_eq (\<T> s ! eq_idx_for_lvar (\<T> s) x\<^sub>i) x\<^sub>j\<close> equiv_subst_var_eq) (60 ms)
0.sledgehammer goal.using      3632ms Simplex.Simplex 3717:156160  some (SH 3632ms, ATP 381ms): Try this: by (metis equiv_subst_var_eq) (49 ms)
0.sledgehammer goal.by         3073ms Simplex.Simplex 3718:156229  some (SH 3073ms, ATP 368ms): Try this: by presburger (6 ms)
0.sledgehammer goal.by         6756ms Simplex.Simplex 3722:156289  some (SH 6756ms, ATP 491ms): Try this: by (metis all_nth_imp_all_set) (44 ms)
0.sledgehammer goal.using      6366ms Simplex.Simplex 3727:156428  some (SH 6366ms, ATP 544ms): Try this: by (simp add: \<open>\<triangle> (\<T> s)\<close> \<open>x\<^sub>i \<in> lvars (\<T> s)\<close> pivot'pivot) (17 ms)
0.sledgehammer goal.using      6444ms Simplex.Simplex 3728:156466  some (SH 6444ms, ATP 406ms): Try this: by (simp add: \<open>\<triangle> (\<T> s)\<close> \<open>x\<^sub>i \<in> lvars (\<T> s)\<close>) (16 ms)
0.sledgehammer goal.by         3861ms Simplex.Simplex 3729:156506  some (SH 3861ms, ATP 421ms): Try this: by force (16 ms)
0.sledgehammer goal.unfolding  9042ms Simplex.Simplex 3763:158236  some (SH 9042ms, ATP 681ms): Try this: by (meson min_lvar_not_in_bounds_None satisfies_bounds_set.simps) (15 ms)
0.sledgehammer goal.by         4062ms Simplex.Simplex 3764:158275  some (SH 4062ms, ATP 755ms): Try this: using min_lvar_not_in_bounds_None by blast (3 ms)
0.sledgehammer goal.using     12335ms Simplex.Simplex 3767:158409  timeout (SH 12335ms): Timed out
0.sledgehammer goal.by         3983ms Simplex.Simplex 3768:158446  some (SH 3983ms, ATP 633ms): Try this: by blast (3 ms)
0.sledgehammer goal.using      3929ms Simplex.Simplex 3771:158560  some (SH 3929ms, ATP 654ms): Try this: using min_lvar_not_in_bounds_Some' by blast (3 ms)
0.sledgehammer goal.by         3969ms Simplex.Simplex 3772:158597  some (SH 3969ms, ATP 659ms): Try this: by blast (3 ms)
0.sledgehammer goal.using      3791ms Simplex.Simplex 3776:158744  some (SH 3791ms, ATP 651ms): Try this: using min_lvar_not_in_bounds_Some' by blast (6 ms)
0.sledgehammer goal.by         3755ms Simplex.Simplex 3777:158781  some (SH 3755ms, ATP 680ms): Try this: by blast (3 ms)
0.sledgehammer goal.proof     13197ms Simplex.Simplex 3809:160129  timeout (SH 13197ms): Timed out
0.sledgehammer goal.using     12237ms Simplex.Simplex 3811:160195  timeout (SH 12236ms): Timed out
0.sledgehammer goal.using     12304ms Simplex.Simplex 3812:160209  timeout (SH 12304ms): Timed out
0.sledgehammer goal.by         3622ms Simplex.Simplex 3813:160243  some (SH 3622ms, ATP 531ms): Try this: by presburger (27 ms)
0.sledgehammer goal.proof     12292ms Simplex.Simplex 3816:160394  timeout (SH 12292ms): Timed out
0.sledgehammer goal.using      2578ms Simplex.Simplex 3820:160556  some (SH 2578ms, ATP 356ms): Try this: using \<open>\<forall>x\<in>rvars_eq eq. \<not> (0 < coeff (rhs eq) x \<and> \<lhd>\<^sub>u\<^sub>b (lt dir) (\<langle>\<V> s\<rangle> x) (UB dir s x) \<or> coeff (rhs eq) x < 0 \<and> \<rhd>\<^sub>l\<^sub>b (lt dir) (\<langle>\<V> s\<rangle> x) (LB dir s x))\<close> by blast (0.7 ms)
0.sledgehammer goal.by         2815ms Simplex.Simplex 3821:160615  some (SH 2815ms, ATP 353ms): Try this: by blast (4 ms)
0.sledgehammer goal.using     12199ms Simplex.Simplex 3823:160683  timeout (SH 12199ms): Timed out
0.sledgehammer goal.by        12395ms Simplex.Simplex 3824:160697  timeout (SH 12395ms): Timed out
0.sledgehammer goal.by        10505ms Simplex.Simplex 3826:160839  some (SH 10505ms, ATP 747ms): Try this: by blast (8 ms)
0.sledgehammer goal.unfolding 13159ms Simplex.Simplex 3829:160917  timeout (SH 13159ms): Timed out
0.sledgehammer goal.by        13320ms Simplex.Simplex 3830:160962  timeout (SH 13320ms): Timed out
0.sledgehammer goal.using     12205ms Simplex.Simplex 3834:161145  timeout (SH 12205ms): Timed out
0.sledgehammer goal.by        12213ms Simplex.Simplex 3835:161159  timeout (SH 12212ms): Timed out
0.sledgehammer goal.using     12272ms Simplex.Simplex 3837:161266  timeout (SH 12271ms): Timed out
0.sledgehammer goal.using     12363ms Simplex.Simplex 3838:161300  timeout (SH 12363ms): Timed out
0.sledgehammer goal.by        12246ms Simplex.Simplex 3839:161370  timeout (SH 12246ms): Timed out
0.sledgehammer goal.using      2756ms Simplex.Simplex 3844:161564  some (SH 2756ms, ATP 387ms): Try this: using \<open>\<forall>x\<in>rvars_eq eq. \<not> (0 < coeff (rhs eq) x \<and> \<lhd>\<^sub>u\<^sub>b (lt dir) (\<langle>\<V> s\<rangle> x) (UB dir s x) \<or> coeff (rhs eq) x < 0 \<and> \<rhd>\<^sub>l\<^sub>b (lt dir) (\<langle>\<V> s\<rangle> x) (LB dir s x))\<close> by blast (2 ms)
0.sledgehammer goal.by         2774ms Simplex.Simplex 3845:161623  some (SH 2774ms, ATP 335ms): Try this: by blast (0.9 ms)
0.sledgehammer goal.using     12216ms Simplex.Simplex 3847:161691  timeout (SH 12216ms): Timed out
0.sledgehammer goal.by        12220ms Simplex.Simplex 3848:161705  timeout (SH 12220ms): Timed out
0.sledgehammer goal.by        12872ms Simplex.Simplex 3850:161847  some (SH 12871ms, ATP 3313ms): Try this: by blast (13 ms)
0.sledgehammer goal.unfolding 13077ms Simplex.Simplex 3853:161925  timeout (SH 13077ms): Timed out
0.sledgehammer goal.by        12453ms Simplex.Simplex 3854:161970  timeout (SH 12453ms): Timed out
0.sledgehammer goal.using     12323ms Simplex.Simplex 3859:162154  timeout (SH 12323ms): Timed out
0.sledgehammer goal.by        12164ms Simplex.Simplex 3860:162168  timeout (SH 12164ms): Timed out
0.sledgehammer goal.using     13167ms Simplex.Simplex 3862:162275  timeout (SH 13167ms): Timed out
0.sledgehammer goal.using     12372ms Simplex.Simplex 3863:162309  timeout (SH 12372ms): Timed out
0.sledgehammer goal.by        12268ms Simplex.Simplex 3864:162379  timeout (SH 12268ms): Timed out
0.sledgehammer goal.using     12644ms Simplex.Simplex 3867:162486  timeout (SH 12644ms): Timed out
0.sledgehammer goal.apply     12559ms Simplex.Simplex 3868:162498  timeout (SH 12559ms): Timed out
0.sledgehammer goal.using     24405ms Simplex.Simplex 3869:162513  some (SH 24404ms, ATP 598ms): Try this: apply (metis (no_types, lifting) Direction.sel(1) \<open>\<forall>x\<in>rvars_eq eq. (0 < coeff (rhs eq) x \<longrightarrow> lt dir 0 (\<langle>\<V> s\<rangle> x - v x) \<or> 0 = \<langle>\<V> s\<rangle> x - v x) \<and> (coeff (rhs eq) x < 0 \<longrightarrow> lt dir (\<langle>\<V> s\<rangle> x - v x) 0 \<or> \<langle>\<V> s\<rangle> x - v x = 0)\<close> order.order_iff_strict valuate_nonneg) (267 ms)
0.sledgehammer goal.apply     16236ms Simplex.Simplex 3870:162572  some (SH 16236ms, ATP 451ms): Try this: apply (metis (lifting) eq_iff_diff_eq_0 order.order_iff_strict) (123 ms)
0.sledgehammer goal.using     24343ms Simplex.Simplex 3871:162618  some (SH 24343ms, ATP 636ms): Try this: by (metis (no_types, lifting) eq_iff_diff_eq_0 nless_le order_class.order_eq_iff valuate_nonpos) (379 ms)
0.sledgehammer goal.apply     23065ms Simplex.Simplex 3872:162676  some (SH 23065ms, ATP 453ms): Try this: by (metis (lifting) antisym_conv2 eq_iff_diff_eq_0 linorder_not_le order.strict_implies_order) (116 ms)
0.sledgehammer goal.using     12334ms Simplex.Simplex 3875:162787  timeout (SH 12334ms): Timed out
0.sledgehammer goal.using     12581ms Simplex.Simplex 3876:162831  timeout (SH 12581ms): Timed out
0.sledgehammer goal.by        12479ms Simplex.Simplex 3877:162888  timeout (SH 12479ms): Timed out
0.sledgehammer goal.using     92645ms Simplex.Simplex 3920:164552  some (SH 92645ms, ATP 936ms): Try this: by (smt (z3) assms(1,2) check'_def isl_def old.sum.simps(5) sum.case_eq_if sum.split_sel) (745 ms)
0.sledgehammer goal.unfolding 52182ms Simplex.Simplex 3921:164566  some (SH 52182ms, ATP 233ms): Try this: by (smt (z3) check'_def old.sum.simps(5,6) sumE) (786 ms)
0.sledgehammer goal.by        54737ms Simplex.Simplex 3922:164589  some (SH 54736ms, ATP 858ms): Try this: by (smt (z3) isl_def old.sum.simps(5) sum.case_eq_if sum.split_sel_asm) (395 ms)
0.sledgehammer goal.proof     13173ms Simplex.Simplex 3977:166779  timeout (SH 13173ms): Timed out
0.sledgehammer goal.using     12841ms Simplex.Simplex 3979:166843  timeout (SH 12841ms): Timed out
0.sledgehammer goal.using     12982ms Simplex.Simplex 3980:166947  timeout (SH 12982ms): Timed out
0.sledgehammer goal.using     14522ms Simplex.Simplex 3981:167033  timeout (SH 14522ms): Timed out
0.sledgehammer goal.by        14121ms Simplex.Simplex 3982:167049  timeout (SH 14121ms): Timed out
0.sledgehammer goal.using     19614ms Simplex.Simplex 3984:167185  some (SH 19614ms, ATP 1809ms): Try this: by (metis MinLVarNotInBounds.min_lvar_not_in_bounds_lvars MinLVarNotInBounds_axioms assms(2,3,5,6,7,8) min_rvar_incdec_eq_Some_rvars pivotandupdate_bounds_consistent pivotandupdate_nolhs pivotandupdate_tableau_normalized pivotandupdate_tableau_valuated) (215 ms)
0.sledgehammer goal.using     26887ms Simplex.Simplex 3985:167201  some (SH 26887ms, ATP 871ms): Try this: by (metis MinLVarNotInBounds.min_lvar_not_in_bounds_lvars MinLVarNotInBounds_axioms min_rvar_incdec_eq_Some_rvars pivotandupdate_bounds_consistent pivotandupdate_nolhs pivotandupdate_tableau_normalized pivotandupdate_tableau_valuated) (165 ms)
0.sledgehammer goal.using     18184ms Simplex.Simplex 3986:167263  some (SH 18184ms, ATP 868ms): Try this: using min_lvar_not_in_bounds_lvars min_rvar_incdec_eq_Some_rvars pivotandupdate_bounds_consistent pivotandupdate_nolhs pivotandupdate_tableau_valuated by presburger (161 ms)
0.sledgehammer goal.using     15376ms Simplex.Simplex 3987:167312  some (SH 15376ms, ATP 793ms): Try this: using min_lvar_not_in_bounds_lvars min_rvar_incdec_eq_Some_rvars pivotandupdate_bounds_consistent pivotandupdate_tableau_valuated by presburger (207 ms)
0.sledgehammer goal.using     13278ms Simplex.Simplex 3988:167373  some (SH 13278ms, ATP 690ms): Try this: using min_lvar_not_in_bounds_lvars min_rvar_incdec_eq_Some_rvars pivotandupdate_tableau_valuated by presburger (109 ms)
0.sledgehammer goal.by         8651ms Simplex.Simplex 3989:167433  some (SH 8651ms, ATP 776ms): Try this: using min_lvar_not_in_bounds_lvars min_rvar_incdec_eq_Some_rvars by presburger (83 ms)
0.sledgehammer goal.proof     12473ms Simplex.Simplex 4029:168914  timeout (SH 12473ms): Timed out
0.sledgehammer goal.unfolding 30970ms Simplex.Simplex 4037:169170  some (SH 30970ms, ATP 2591ms): Try this: by (smt (z3) gt_state_def) (1.4 s)
0.sledgehammer goal.by         5666ms Simplex.Simplex 4038:169197  some (SH 5666ms, ATP 1330ms): Try this: by metis (1.2 s)
0.sledgehammer goal.using      3544ms Simplex.Simplex 4044:169408  some (SH 3544ms, ATP 459ms): Try this: using min_lvar_not_in_bounds_lvars apply blast (6 ms)
0.sledgehammer goal.using      3460ms Simplex.Simplex 4045:169457  some (SH 3460ms, ATP 433ms): Try this: apply meson (1 ms)
0.sledgehammer goal.using      3507ms Simplex.Simplex 4046:169540  some (SH 3507ms, ATP 607ms): Try this: apply meson (0.4 ms)
0.sledgehammer goal.using      3495ms Simplex.Simplex 4047:169623  some (SH 3495ms, ATP 600ms): Try this: apply meson (0.6 ms)
0.sledgehammer goal.using      3193ms Simplex.Simplex 4048:169668  some (SH 3193ms, ATP 417ms): Try this: apply force (0.5 ms)
0.sledgehammer goal.by         3277ms Simplex.Simplex 4049:169713  some (SH 3277ms, ATP 452ms): Try this: apply meson (1 ms)
0.sledgehammer goal.using     13143ms Simplex.Simplex 4052:169763  some (SH 13143ms, ATP 550ms): Try this: using calculation(1,2) rvars_of_lvar_rvars by fastforce (15 ms)
0.sledgehammer goal.using     12292ms Simplex.Simplex 4053:169793  some (SH 12292ms, ATP 615ms): Try this: using calculation(2) rvars_of_lvar_rvars by force (12 ms)
0.sledgehammer goal.using     12278ms Simplex.Simplex 4054:169844  some (SH 12278ms, ATP 622ms): Try this: using rvars_of_lvar_rvars by fastforce (17 ms)
0.sledgehammer goal.unfolding 12265ms Simplex.Simplex 4055:169880  some (SH 12264ms, ATP 595ms): Try this: using rvars_of_lvar_rvars by fastforce (17 ms)
0.sledgehammer goal.by         8157ms Simplex.Simplex 4056:169904  some (SH 8157ms, ATP 614ms): Try this: by auto (8 ms)
0.sledgehammer goal.by         3111ms Simplex.Simplex 4063:170114  some (SH 3111ms, ATP 422ms): Try this: apply blast (0.4 ms)
0.sledgehammer goal.using     12265ms Simplex.Simplex 4072:170269  timeout (SH 12265ms): Timed out
0.sledgehammer goal.by        73513ms Simplex.Simplex 4073:170283  some (SH 73513ms, ATP 1508ms): Try this: by (smt (verit, ccfv_threshold) Un_insert_left Un_insert_right insert_Diff succ_vars sup_bot_right) (1.3 s)
0.sledgehammer goal.proof     39184ms Simplex.Simplex 4079:170443  some (SH 39184ms, ATP 2363ms): Try this: apply (smt (verit, best) PivotUpdateMinVars.gt_state_def PivotUpdateMinVars.pivotandupdate_check_precond PivotUpdateMinVars_axioms assms) (1.2 s)
0.sledgehammer goal.unfolding 19994ms Simplex.Simplex 4086:170703  some (SH 19993ms, ATP 1240ms): Try this: by (smt (z3) gt_state_def) (1.2 s)
0.sledgehammer goal.by         4989ms Simplex.Simplex 4087:170730  some (SH 4989ms, ATP 1078ms): Try this: by metis (1.1 s)
0.sledgehammer goal.using     10795ms Simplex.Simplex 4090:170865  some (SH 10795ms, ATP 903ms): Try this: using MinLVarNotInBounds.min_lvar_not_in_bounds_lvars MinLVarNotInBounds_axioms min_rvar_incdec_eq_Some_rvars pivotandupdate_tableau_normalized apply blast (8 ms)
0.sledgehammer goal.using      9359ms Simplex.Simplex 4091:170914  some (SH 9359ms, ATP 1029ms): Try this: using min_rvar_incdec_eq_Some_rvars pivotandupdate_tableau_normalized apply blast (5 ms)
0.sledgehammer goal.using      5399ms Simplex.Simplex 4092:170997  some (SH 5399ms, ATP 890ms): Try this: using min_rvar_incdec_eq_Some_rvars pivotandupdate_tableau_normalized apply blast (27 ms)
0.sledgehammer goal.using      5770ms Simplex.Simplex 4093:171080  some (SH 5770ms, ATP 1015ms): Try this: using pivotandupdate_tableau_normalized apply blast (20 ms)
0.sledgehammer goal.using      4341ms Simplex.Simplex 4094:171140  some (SH 4341ms, ATP 806ms): Try this: apply fastforce (6 ms)
0.sledgehammer goal.using      3912ms Simplex.Simplex 4095:171199  some (SH 3912ms, ATP 608ms): Try this: apply argo (5 ms)
0.sledgehammer goal.using      3506ms Simplex.Simplex 4096:171250  some (SH 3506ms, ATP 527ms): Try this: apply fastforce (5 ms)
0.sledgehammer goal.using      3556ms Simplex.Simplex 4097:171289  some (SH 3556ms, ATP 465ms): Try this: apply fastforce (8 ms)
0.sledgehammer goal.by         3536ms Simplex.Simplex 4098:171331  some (SH 3536ms, ATP 478ms): Try this: apply argo (9 ms)
0.sledgehammer goal.proof     12339ms Simplex.Simplex 4104:171459  timeout (SH 12339ms): Timed out
0.sledgehammer goal.unfolding 18837ms Simplex.Simplex 4111:171719  some (SH 18837ms, ATP 1166ms): Try this: by (smt (z3) gt_state_def) (1.1 s)
0.sledgehammer goal.by         6201ms Simplex.Simplex 4112:171746  some (SH 6201ms, ATP 1106ms): Try this: by metis (1.2 s)
0.sledgehammer goal.using     13101ms Simplex.Simplex 4114:171797  timeout (SH 13101ms): Timed out
0.sledgehammer goal.using     12415ms Simplex.Simplex 4115:171846  timeout (SH 12415ms): Timed out
0.sledgehammer goal.using     12812ms Simplex.Simplex 4116:171929  timeout (SH 12812ms): Timed out
0.sledgehammer goal.using     12416ms Simplex.Simplex 4117:172012  timeout (SH 12416ms): Timed out
0.sledgehammer goal.using     12290ms Simplex.Simplex 4118:172059  timeout (SH 12290ms): Timed out
0.sledgehammer goal.using     13487ms Simplex.Simplex 4119:172106  timeout (SH 13487ms): Timed out
0.sledgehammer goal.using     12425ms Simplex.Simplex 4120:172160  timeout (SH 12425ms): Timed out
0.sledgehammer goal.by        12496ms Simplex.Simplex 4121:172225  timeout (SH 12496ms): Timed out
0.sledgehammer goal.proof     13001ms Simplex.Simplex 4129:172482  timeout (SH 13001ms): Timed out
0.sledgehammer goal.unfolding 19980ms Simplex.Simplex 4136:172742  some (SH 19980ms, ATP 1164ms): Try this: by (smt (verit) gt_state_def) (1.5 s)
0.sledgehammer goal.by         5725ms Simplex.Simplex 4137:172769  some (SH 5725ms, ATP 1375ms): Try this: by metis (1.2 s)
0.sledgehammer goal.using     12993ms Simplex.Simplex 4139:172823  timeout (SH 12993ms): Timed out
0.sledgehammer goal.using     12440ms Simplex.Simplex 4140:172872  timeout (SH 12440ms): Timed out
0.sledgehammer goal.using     13076ms Simplex.Simplex 4141:172955  timeout (SH 13076ms): Timed out
0.sledgehammer goal.using     12575ms Simplex.Simplex 4142:173038  timeout (SH 12575ms): Timed out
0.sledgehammer goal.using     12716ms Simplex.Simplex 4143:173087  timeout (SH 12716ms): Timed out
0.sledgehammer goal.by        12770ms Simplex.Simplex 4144:173118  timeout (SH 12770ms): Timed out
0.sledgehammer goal.using      5370ms Simplex.Simplex 4147:173268  some (SH 5370ms, ATP 939ms): Try this: using "*"(4) min_lvar_not_in_bounds_Some apply blast (2 ms)
0.sledgehammer goal.using      3763ms Simplex.Simplex 4148:173316  some (SH 3763ms, ATP 667ms): Try this: using min_lvar_not_in_bounds_Some apply presburger (3 ms)
0.sledgehammer goal.by         4197ms Simplex.Simplex 4149:173386  some (SH 4197ms, ATP 889ms): Try this: apply blast (6 ms)
0.sledgehammer goal.proof     12370ms Simplex.Simplex 4161:173762  timeout (SH 12370ms): Timed out
0.sledgehammer goal.by        10851ms Simplex.Simplex 4165:173945  some (SH 10851ms, ATP 1065ms): Try this: by (metis gt_state_def) (2.5 s)
0.sledgehammer goal.by         3799ms Simplex.Simplex 4172:174277  some (SH 3799ms, ATP 657ms): Try this: apply blast (0.6 ms)
0.sledgehammer goal.using     14063ms Simplex.Simplex 4175:174343  timeout (SH 14063ms): Timed out
0.sledgehammer goal.using     13098ms Simplex.Simplex 4176:174392  timeout (SH 13098ms): Timed out
0.sledgehammer goal.using     12901ms Simplex.Simplex 4177:174475  timeout (SH 12901ms): Timed out
0.sledgehammer goal.using     12861ms Simplex.Simplex 4178:174558  timeout (SH 12861ms): Timed out
0.sledgehammer goal.using     12893ms Simplex.Simplex 4179:174607  timeout (SH 12893ms): Timed out
0.sledgehammer goal.using     13050ms Simplex.Simplex 4180:174656  timeout (SH 13050ms): Timed out
0.sledgehammer goal.by        12700ms Simplex.Simplex 4181:174708  timeout (SH 12700ms): Timed out
0.sledgehammer goal.proof     12645ms Simplex.Simplex 4184:174903  timeout (SH 12645ms): Timed out
0.sledgehammer goal.using     12488ms Simplex.Simplex 4187:175026  timeout (SH 12488ms): Timed out
0.sledgehammer goal.by        12177ms Simplex.Simplex 4188:175042  timeout (SH 12177ms): Timed out
0.sledgehammer goal.using     36811ms Simplex.Simplex 4191:175182  some (SH 36810ms, ATP 1935ms): Try this: by (metis Direction.sel(1,4,5) Negative_def Positive_def \<open>\<And>thesis. (\<And>x\<^sub>i x\<^sub>j c. \<lbrakk>\<triangle> (\<T> s) \<and> \<nabla> s \<and> \<diamond> s \<and> \<Turnstile>\<^sub>n\<^sub>o\<^sub>l\<^sub>h\<^sub>s s; gt_state' (if \<langle>\<V> s\<rangle> x\<^sub>i <\<^sub>l\<^sub>b \<B>\<^sub>l s x\<^sub>i then Positive else Negative) s s' x\<^sub>i x\<^sub>j c\<rbrakk> \<Longrightarrow> thesis) \<Longrightarrow> thesis\<close> bounds_consistent_lt_lb dir gt_ubound_def lt_lbound_def opposite_dir(5,8)) (1.4 s)
0.sledgehammer goal.using     12856ms Simplex.Simplex 4192:175204  timeout (SH 12856ms): Timed out
0.sledgehammer goal.by        18654ms Simplex.Simplex 4193:175264  some (SH 18654ms, ATP 1668ms): Try this: by (metis Direction.sel(1,4,5) Negative_def Positive_def gt_ubound_def lt_lbound_def opposite_dir(5,8)) (279 ms)
0.sledgehammer goal.using     12880ms Simplex.Simplex 4196:175373  timeout (SH 12880ms): Timed out
0.sledgehammer goal.by        13575ms Simplex.Simplex 4197:175413  timeout (SH 13575ms): Timed out
0.sledgehammer goal.using      4918ms Simplex.Simplex 4199:175559  some (SH 4918ms, ATP 580ms): Try this: using assms(6) min_rvar_incdec_eq_Some_incdec min_rvar_incdec_eq_Some_min by presburger (26 ms)
0.sledgehammer goal.using      4579ms Simplex.Simplex 4200:175599  some (SH 4579ms, ATP 520ms): Try this: using min_rvar_incdec_eq_Some_incdec min_rvar_incdec_eq_Some_min by presburger (23 ms)
0.sledgehammer goal.using      3998ms Simplex.Simplex 4201:175655  some (SH 3998ms, ATP 453ms): Try this: using min_rvar_incdec_eq_Some_incdec by presburger (10 ms)
0.sledgehammer goal.by         3507ms Simplex.Simplex 4202:175714  some (SH 3507ms, ATP 430ms): Try this: by fastforce (6 ms)
0.sledgehammer goal.proof     13548ms Simplex.Simplex 4213:176027  timeout (SH 13548ms): Timed out
0.sledgehammer goal.by        11065ms Simplex.Simplex 4217:176214  some (SH 11065ms, ATP 1095ms): Try this: by (metis gt_state_def) (2.7 s)
0.sledgehammer goal.by         3243ms Simplex.Simplex 4224:176600  some (SH 3243ms, ATP 817ms): Try this: apply meson (0.6 ms)
0.sledgehammer goal.using     13605ms Simplex.Simplex 4227:176723  timeout (SH 13605ms): Timed out
0.sledgehammer goal.using     13365ms Simplex.Simplex 4228:176773  timeout (SH 13365ms): Timed out
0.sledgehammer goal.using     13748ms Simplex.Simplex 4229:176857  some (SH 13747ms, ATP 1633ms): Try this: apply (meson MinLVarNotInBounds.min_lvar_not_in_bounds_Some MinLVarNotInBounds_axioms assms(1,2,3) linorder_less_linear min_lvar_not_in_bounds_Some_min succ_min_lvar_not_in_bounds(1,2)) (70 ms)
0.sledgehammer goal.using     13679ms Simplex.Simplex 4230:176941  some (SH 13679ms, ATP 1650ms): Try this: apply (meson MinLVarNotInBounds.min_lvar_not_in_bounds_Some MinLVarNotInBounds_axioms assms(1,2,3) linorder_less_linear min_lvar_not_in_bounds_Some_min succ_min_lvar_not_in_bounds(1,2)) (76 ms)
0.sledgehammer goal.using     13911ms Simplex.Simplex 4231:176992  some (SH 13911ms, ATP 1672ms): Try this: apply (metis MinLVarNotInBounds.min_lvar_not_in_bounds_Some MinLVarNotInBounds_axioms assms(1) linorder_less_linear min_lvar_not_in_bounds_Some_min succ_min_lvar_not_in_bounds(1,2)) (315 ms)
0.sledgehammer goal.by        26520ms Simplex.Simplex 4232:177023  some (SH 26520ms, ATP 1922ms): Try this: apply (metis MinLVarNotInBounds.min_lvar_not_in_bounds_Some MinLVarNotInBounds_axioms assms(1) linorder_cases min_lvar_not_in_bounds_Some_min succ_min_lvar_not_in_bounds(1,2)) (1.6 s)
0.sledgehammer goal.proof     13085ms Simplex.Simplex 4234:177155  timeout (SH 13084ms): Timed out
0.sledgehammer goal.using     12227ms Simplex.Simplex 4237:177282  timeout (SH 12227ms): Timed out
0.sledgehammer goal.by        12695ms Simplex.Simplex 4238:177298  timeout (SH 12695ms): Timed out
0.sledgehammer goal.using     37806ms Simplex.Simplex 4241:177439  some (SH 37806ms, ATP 1303ms): Try this: by (metis Direction.sel(1,4,5) Negative_def Positive_def \<open>\<And>thesis. (\<And>x\<^sub>i' x\<^sub>j c. \<lbrakk>\<triangle> (\<T> s) \<and> \<nabla> s \<and> \<diamond> s \<and> \<Turnstile>\<^sub>n\<^sub>o\<^sub>l\<^sub>h\<^sub>s s; gt_state' (if \<langle>\<V> s\<rangle> x\<^sub>i' <\<^sub>l\<^sub>b \<B>\<^sub>l s x\<^sub>i' then Positive else Negative) s s' x\<^sub>i' x\<^sub>j c\<rbrakk> \<Longrightarrow> thesis) \<Longrightarrow> thesis\<close> bounds_consistent_lt_lb dir gt_ubound_def lt_lbound_def opposite_dir(5,8)) (1.5 s)
0.sledgehammer goal.using     20512ms Simplex.Simplex 4242:177461  some (SH 20512ms, ATP 1836ms): Try this: using bounds_consistent_gt_ub gt_ubound_def lt_lbound_def by fastforce (65 ms)
0.sledgehammer goal.by        13168ms Simplex.Simplex 4243:177521  timeout (SH 13168ms): Timed out
0.sledgehammer goal.using     13473ms Simplex.Simplex 4246:177627  timeout (SH 13473ms): Timed out
0.sledgehammer goal.using     13642ms Simplex.Simplex 4247:177691  timeout (SH 13642ms): Timed out
0.sledgehammer goal.using     12803ms Simplex.Simplex 4249:177790  timeout (SH 12803ms): Timed out
0.sledgehammer goal.by        12961ms Simplex.Simplex 4250:177850  timeout (SH 12960ms): Timed out
0.sledgehammer goal.using     10741ms Simplex.Simplex 4254:178035  some (SH 10741ms, ATP 733ms): Try this: by (meson MinLVarNotInBounds.min_lvar_not_in_bounds_Some MinLVarNotInBounds_axioms \<open>min_lvar_not_in_bounds s = Some x\<^sub>i'\<close> not_in_bounds) (48 ms)
0.sledgehammer goal.using      6568ms Simplex.Simplex 4255:178084  some (SH 6568ms, ATP 711ms): Try this: by (meson MinLVarNotInBounds.min_lvar_not_in_bounds_Some MinLVarNotInBounds_axioms in_bounds.simps neg_bounds_compare(3,7)) (68 ms)
0.sledgehammer goal.using      5272ms Simplex.Simplex 4256:178133  some (SH 5272ms, ATP 689ms): Try this: by (meson not_in_bounds) (25 ms)
0.sledgehammer goal.by         3781ms Simplex.Simplex 4257:178190  some (SH 3781ms, ATP 559ms): Try this: by meson (0.7 ms)
0.sledgehammer goal.using     13273ms Simplex.Simplex 4259:178276  timeout (SH 13273ms): Timed out
0.sledgehammer goal.using     12887ms Simplex.Simplex 4261:178371  timeout (SH 12887ms): Timed out
0.sledgehammer goal.using     13018ms Simplex.Simplex 4262:178431  timeout (SH 13018ms): Timed out
0.sledgehammer goal.using     13085ms Simplex.Simplex 4263:178485  timeout (SH 13085ms): Timed out
0.sledgehammer goal.by        13155ms Simplex.Simplex 4264:178497  timeout (SH 13155ms): Timed out
0.sledgehammer goal.proof     13000ms Simplex.Simplex 4272:178762  timeout (SH 13000ms): Timed out
0.sledgehammer goal.unfolding 13853ms Simplex.Simplex 4280:179051  timeout (SH 13853ms): Timed out
0.sledgehammer goal.by        13387ms Simplex.Simplex 4281:179078  timeout (SH 13387ms): Timed out
0.sledgehammer goal.using      3447ms Simplex.Simplex 4286:179284  some (SH 3447ms, ATP 590ms): Try this: using min_lvar_not_in_bounds_lvars apply presburger (6 ms)
0.sledgehammer goal.using      3102ms Simplex.Simplex 4287:179333  some (SH 3102ms, ATP 411ms): Try this: apply meson (0.3 ms)
0.sledgehammer goal.using      3634ms Simplex.Simplex 4288:179416  some (SH 3634ms, ATP 546ms): Try this: apply fastforce (0.6 ms)
0.sledgehammer goal.using      3431ms Simplex.Simplex 4289:179499  some (SH 3431ms, ATP 466ms): Try this: apply meson (0.3 ms)
0.sledgehammer goal.by         3528ms Simplex.Simplex 4290:179539  some (SH 3528ms, ATP 512ms): Try this: apply meson (0.8 ms)
0.sledgehammer goal.using     12811ms Simplex.Simplex 4294:179717  some (SH 12810ms, ATP 528ms): Try this: using PivotAndUpdate.pivotandupdate_rvars PivotAndUpdate_axioms \<open>\<nabla> s\<close> \<open>\<triangle> (\<T> s)\<close> \<open>s' = pivot_and_update x\<^sub>i x\<^sub>j b s\<close> apply blast (42 ms)
0.sledgehammer goal.using     13179ms Simplex.Simplex 4295:179746  some (SH 13179ms, ATP 505ms): Try this: using PivotAndUpdate.pivotandupdate_rvars PivotAndUpdate_axioms \<open>\<nabla> s\<close> \<open>\<triangle> (\<T> s)\<close> \<open>s' = pivot_and_update x\<^sub>i x\<^sub>j b s\<close> apply blast (54 ms)
0.sledgehammer goal.using      8235ms Simplex.Simplex 4296:179791  some (SH 8235ms, ATP 542ms): Try this: using \<open>\<nabla> s\<close> \<open>\<triangle> (\<T> s)\<close> \<open>s' = pivot_and_update x\<^sub>i x\<^sub>j b s\<close> apply presburger (15 ms)
0.sledgehammer goal.by         8938ms Simplex.Simplex 4297:179853  some (SH 8938ms, ATP 667ms): Try this: apply presburger (6 ms)
0.sledgehammer goal.using     12756ms Simplex.Simplex 4299:179920  timeout (SH 12756ms): Timed out
0.sledgehammer goal.using     12605ms Simplex.Simplex 4300:179974  timeout (SH 12605ms): Timed out
0.sledgehammer goal.using     12728ms Simplex.Simplex 4301:180039  timeout (SH 12727ms): Timed out
0.sledgehammer goal.using     13530ms Simplex.Simplex 4302:180110  timeout (SH 13530ms): Timed out
0.sledgehammer goal.by        12662ms Simplex.Simplex 4303:180216  timeout (SH 12661ms): Timed out
0.sledgehammer goal.proof     12491ms Simplex.Simplex 4310:180364  timeout (SH 12491ms): Timed out
0.sledgehammer goal.unfolding 12980ms Simplex.Simplex 4318:180653  timeout (SH 12979ms): Timed out
0.sledgehammer goal.by        14381ms Simplex.Simplex 4319:180680  timeout (SH 14380ms): Timed out
0.sledgehammer goal.using      4165ms Simplex.Simplex 4324:180886  some (SH 4164ms, ATP 775ms): Try this: using min_lvar_not_in_bounds_lvars apply presburger (6 ms)
0.sledgehammer goal.using      3302ms Simplex.Simplex 4325:180935  some (SH 3302ms, ATP 548ms): Try this: apply meson (1 ms)
0.sledgehammer goal.using      3934ms Simplex.Simplex 4326:181018  some (SH 3934ms, ATP 767ms): Try this: apply fastforce (1 ms)
0.sledgehammer goal.using      3073ms Simplex.Simplex 4327:181101  some (SH 3072ms, ATP 407ms): Try this: apply meson (0.4 ms)
0.sledgehammer goal.by         3219ms Simplex.Simplex 4328:181141  some (SH 3219ms, ATP 413ms): Try this: apply meson (0.5 ms)
0.sledgehammer goal.using     18731ms Simplex.Simplex 4330:181208  some (SH 18731ms, ATP 721ms): Try this: by (metis UnI1 \<open>s' = pivot_and_update x\<^sub>i x\<^sub>j b s\<close> assms(1,2) pivotandupdate_lvars pivotandupdate_valuation_nonlhs succ_vars_id) (122 ms)
0.sledgehammer goal.using     21043ms Simplex.Simplex 4331:181273  some (SH 21043ms, ATP 736ms): Try this: by (metis UnI1 \<open>s' = pivot_and_update x\<^sub>i x\<^sub>j b s\<close> assms(1,2) pivotandupdate_lvars pivotandupdate_valuation_nonlhs succ_vars_id) (164 ms)
0.sledgehammer goal.using     20460ms Simplex.Simplex 4332:181335  some (SH 20460ms, ATP 687ms): Try this: by (metis UnI1 assms(1,2) pivotandupdate_lvars pivotandupdate_valuation_nonlhs succ_vars_id) (219 ms)
0.sledgehammer goal.using     18865ms Simplex.Simplex 4333:181364  some (SH 18865ms, ATP 779ms): Try this: by (metis UnI1 assms(1) pivotandupdate_lvars pivotandupdate_valuation_nonlhs succ_vars_id) (138 ms)
0.sledgehammer goal.using     17131ms Simplex.Simplex 4334:181409  some (SH 17131ms, ATP 764ms): Try this: by (metis UnCI assms(1) succ_vars_id) (128 ms)
0.sledgehammer goal.by        12751ms Simplex.Simplex 4335:181454  some (SH 12751ms, ATP 810ms): Try this: by blast (19 ms)
0.sledgehammer goal.proof     12805ms Simplex.Simplex 4341:181584  timeout (SH 12805ms): Timed out
0.sledgehammer goal.unfolding 13018ms Simplex.Simplex 4349:181876  timeout (SH 13018ms): Timed out
0.sledgehammer goal.by        13282ms Simplex.Simplex 4350:181903  timeout (SH 13282ms): Timed out
0.sledgehammer goal.using      3930ms Simplex.Simplex 4354:182024  some (SH 3929ms, ATP 839ms): Try this: using min_lvar_not_in_bounds_lvars apply presburger (9 ms)
0.sledgehammer goal.using      3553ms Simplex.Simplex 4355:182073  some (SH 3553ms, ATP 714ms): Try this: apply meson (0.4 ms)
0.sledgehammer goal.using      3709ms Simplex.Simplex 4356:182156  some (SH 3709ms, ATP 701ms): Try this: apply force (0.5 ms)
0.sledgehammer goal.by         3845ms Simplex.Simplex 4357:182249  some (SH 3845ms, ATP 703ms): Try this: apply meson (1 ms)
0.sledgehammer goal.using     14850ms Simplex.Simplex 4359:182316  some (SH 14850ms, ATP 955ms): Try this: by (metis \<open>\<And>thesis. (\<And>x\<^sub>i x\<^sub>j b. \<lbrakk>\<triangle> (\<T> s); \<nabla> s; min_lvar_not_in_bounds s = Some x\<^sub>i; min_rvar_incdec Positive s x\<^sub>i = Inr x\<^sub>j \<or> min_rvar_incdec Negative s x\<^sub>i = Inr x\<^sub>j; b = the (\<B>\<^sub>l s x\<^sub>i) \<or> b = the (\<B>\<^sub>u s x\<^sub>i); s' = pivot_and_update x\<^sub>i x\<^sub>j b s\<rbrakk> \<Longrightarrow> thesis) \<Longrightarrow> thesis\<close> \<open>s' = pivot_and_update x\<^sub>i x\<^sub>j b s\<close> assms(2) pivotandupdate_satisfies_tableau pivotandupdate_tableau_equiv) (679 ms)
0.sledgehammer goal.using     10670ms Simplex.Simplex 4360:182375  some (SH 10669ms, ATP 432ms): Try this: using \<open>\<nabla> s\<close> \<open>\<triangle> (\<T> s)\<close> \<open>s' = pivot_and_update x\<^sub>i x\<^sub>j b s\<close> assms(2) pivotandupdate_tableau_equiv by blast (8 ms)
0.sledgehammer goal.using      4882ms Simplex.Simplex 4361:182429  some (SH 4882ms, ATP 429ms): Try this: using \<open>\<nabla> s\<close> \<open>\<triangle> (\<T> s)\<close> \<open>s' = pivot_and_update x\<^sub>i x\<^sub>j b s\<close> assms(2) by blast (5 ms)
0.sledgehammer goal.by         3647ms Simplex.Simplex 4362:182507  some (SH 3647ms, ATP 439ms): Try this: by blast (8 ms)
0.sledgehammer goal.using     12795ms Simplex.Simplex 4368:182591  timeout (SH 12795ms): Timed out
0.sledgehammer goal.by         3242ms Simplex.Simplex 4368:182615  some (SH 3242ms, ATP 602ms): Try this: by blast (3 ms)
0.sledgehammer goal.using     12424ms Simplex.Simplex 4380:183024  timeout (SH 12424ms): Timed out
0.sledgehammer goal.proof     12763ms Simplex.Simplex 4381:183032  timeout (SH 12763ms): Timed out
0.sledgehammer goal.by         8719ms Simplex.Simplex 4384:183099  some (SH 8719ms, ATP 335ms): Try this: using base by auto (26 ms)
0.sledgehammer goal.using     12021ms Simplex.Simplex 4388:183164  timeout (SH 12021ms): Timed out
0.sledgehammer goal.by        12173ms Simplex.Simplex 4389:183221  timeout (SH 12173ms): Timed out
0.sledgehammer goal.proof     12298ms Simplex.Simplex 4392:183263  timeout (SH 12298ms): Timed out
0.sledgehammer goal.using     13068ms Simplex.Simplex 4394:183320  timeout (SH 13068ms): Timed out
0.sledgehammer goal.unfolding 13310ms Simplex.Simplex 4395:183353  timeout (SH 13310ms): Timed out
0.sledgehammer goal.by        13429ms Simplex.Simplex 4396:183383  timeout (SH 13429ms): Timed out
0.sledgehammer goal.using     19391ms Simplex.Simplex 4400:183427  some (SH 19391ms, ATP 503ms): Try this: by (metis Suc.hyps(2) Suc.prems(2) le_add1 le_add_diff_inverse less_add_one local.trans nat_add_left_cancel_le plus_1_eq_Suc) (99 ms)
0.sledgehammer goal.by        15627ms Simplex.Simplex 4401:183466  some (SH 15627ms, ATP 385ms): Try this: by linarith (30 ms)
0.sledgehammer goal.using     12569ms Simplex.Simplex 4407:183593  timeout (SH 12568ms): Timed out
0.sledgehammer goal.proof     12716ms Simplex.Simplex 4408:183605  timeout (SH 12715ms): Timed out
0.sledgehammer goal.by         3636ms Simplex.Simplex 4412:183727  some (SH 3636ms, ATP 426ms): Try this: by argo (7 ms)
0.sledgehammer goal.using     12171ms Simplex.Simplex 4419:183937  timeout (SH 12171ms): Timed out
0.sledgehammer goal.proof     13164ms Simplex.Simplex 4420:183949  timeout (SH 13164ms): Timed out
0.sledgehammer goal.by         3961ms Simplex.Simplex 4424:184083  some (SH 3961ms, ATP 514ms): Try this: using succ_vars_id by presburger (15 ms)
0.sledgehammer goal.proof     12166ms Simplex.Simplex 4431:184298  timeout (SH 12166ms): Timed out
0.sledgehammer goal.using     12228ms Simplex.Simplex 4434:184356  timeout (SH 12228ms): Timed out
0.sledgehammer goal.by        12299ms Simplex.Simplex 4435:184402  timeout (SH 12299ms): Timed out
0.sledgehammer goal.by         2536ms Simplex.Simplex 4439:184452  some (SH 2536ms, ATP 378ms): Try this: using nat_le_linear by blast (2 ms)
0.sledgehammer goal.using     12296ms Simplex.Simplex 4441:184484  timeout (SH 12296ms): Timed out
0.sledgehammer goal.by        12369ms Simplex.Simplex 4442:184530  timeout (SH 12369ms): Timed out
0.sledgehammer goal.using     12353ms Simplex.Simplex 4448:184686  timeout (SH 12353ms): Timed out
0.sledgehammer goal.proof     13102ms Simplex.Simplex 4449:184698  timeout (SH 13102ms): Timed out
0.sledgehammer goal.by         3967ms Simplex.Simplex 4453:184828  some (SH 3967ms, ATP 437ms): Try this: using succ_inv(5) by blast (12 ms)
0.sledgehammer goal.proof     12271ms Simplex.Simplex 4459:185012  timeout (SH 12271ms): Timed out
0.sledgehammer goal.using     12352ms Simplex.Simplex 4462:185070  timeout (SH 12352ms): Timed out
0.sledgehammer goal.by         3736ms Simplex.Simplex 4463:185124  some (SH 3736ms, ATP 449ms): Try this: by fastforce (2 ms)
0.sledgehammer goal.by         2505ms Simplex.Simplex 4467:185174  some (SH 2505ms, ATP 349ms): Try this: using nat_le_linear by blast (1 ms)
0.sledgehammer goal.using     12322ms Simplex.Simplex 4469:185206  timeout (SH 12322ms): Timed out
0.sledgehammer goal.by         3771ms Simplex.Simplex 4470:185260  some (SH 3771ms, ATP 435ms): Try this: by fastforce (3 ms)
0.sledgehammer goal.using     12189ms Simplex.Simplex 4476:185453  timeout (SH 12189ms): Timed out
0.sledgehammer goal.proof     13731ms Simplex.Simplex 4477:185465  timeout (SH 13731ms): Timed out
0.sledgehammer goal.by        10565ms Simplex.Simplex 4480:185532  some (SH 10564ms, ATP 564ms): Try this: by simp (21 ms)
0.sledgehammer goal.using     12573ms Simplex.Simplex 4484:185586  timeout (SH 12573ms): Timed out
0.sledgehammer goal.by        12791ms Simplex.Simplex 4485:185643  timeout (SH 12791ms): Timed out
0.sledgehammer goal.proof     12544ms Simplex.Simplex 4488:185686  timeout (SH 12544ms): Timed out
0.sledgehammer goal.using     12925ms Simplex.Simplex 4490:185768  timeout (SH 12925ms): Timed out
0.sledgehammer goal.unfolding 13322ms Simplex.Simplex 4491:185801  timeout (SH 13322ms): Timed out
0.sledgehammer goal.by        13342ms Simplex.Simplex 4492:185831  timeout (SH 13342ms): Timed out
0.sledgehammer goal.proof     12419ms Simplex.Simplex 4496:185911  timeout (SH 12419ms): Timed out
0.sledgehammer goal.using     14317ms Simplex.Simplex 4498:185976  timeout (SH 14317ms): Timed out
0.sledgehammer goal.unfolding 13538ms Simplex.Simplex 4499:186009  timeout (SH 13538ms): Timed out
0.sledgehammer goal.by        13859ms Simplex.Simplex 4500:186039  timeout (SH 13859ms): Timed out
0.sledgehammer goal.by         4543ms Simplex.Simplex 4504:186083  some (SH 4543ms, ATP 446ms): Try this: by presburger (6 ms)
0.sledgehammer goal.using     12141ms Simplex.Simplex 4513:186337  timeout (SH 12141ms): Timed out
0.sledgehammer goal.proof     13450ms Simplex.Simplex 4514:186349  timeout (SH 13450ms): Timed out
0.sledgehammer goal.by        10142ms Simplex.Simplex 4517:186416  some (SH 10142ms, ATP 610ms): Try this: by simp (10 ms)
0.sledgehammer goal.using     11595ms Simplex.Simplex 4521:186526  some (SH 11595ms, ATP 373ms): Try this: apply (metis One_nat_def Suc.hyps(2) diff_Suc_1' diff_commute) (11 ms)
0.sledgehammer goal.by         6031ms Simplex.Simplex 4522:186564  some (SH 6031ms, ATP 425ms): Try this: apply (metis diff_Suc_1 diff_commute) (57 ms)
0.sledgehammer goal.using     12196ms Simplex.Simplex 4524:186607  timeout (SH 12196ms): Timed out
0.sledgehammer goal.by        12397ms Simplex.Simplex 4525:186624  timeout (SH 12397ms): Timed out
0.sledgehammer goal.using     12786ms Simplex.Simplex 4528:186668  timeout (SH 12786ms): Timed out
0.sledgehammer goal.unfolding 12712ms Simplex.Simplex 4529:186708  timeout (SH 12712ms): Timed out
0.sledgehammer goal.by        13167ms Simplex.Simplex 4530:186736  timeout (SH 13167ms): Timed out
0.sledgehammer goal.using      3708ms Simplex.Simplex 4534:186814  some (SH 3708ms, ATP 502ms): Try this: using succ_rvar_valuation by blast (6 ms)
0.sledgehammer goal.by         3756ms Simplex.Simplex 4535:186844  some (SH 3756ms, ATP 447ms): Try this: by blast (12 ms)
0.sledgehammer goal.using     12459ms Simplex.Simplex 4540:187020  timeout (SH 12459ms): Timed out
0.sledgehammer goal.by        12716ms Simplex.Simplex 4541:187054  timeout (SH 12716ms): Timed out
0.sledgehammer goal.using     12564ms Simplex.Simplex 4546:187236  timeout (SH 12564ms): Timed out
0.sledgehammer goal.using     12746ms Simplex.Simplex 4547:187261  timeout (SH 12746ms): Timed out
0.sledgehammer goal.using     12560ms Simplex.Simplex 4548:187349  timeout (SH 12560ms): Timed out
0.sledgehammer goal.by        12593ms Simplex.Simplex 4549:187421  timeout (SH 12593ms): Timed out
0.sledgehammer goal.proof     12568ms Simplex.Simplex 4551:187498  timeout (SH 12567ms): Timed out
0.sledgehammer goal.using     18108ms Simplex.Simplex 4555:187619  some (SH 18108ms, ATP 2264ms): Try this: using vars(3) by auto (11 ms)
0.sledgehammer goal.by        14450ms Simplex.Simplex 4556:187636  some (SH 14450ms, ATP 2272ms): Try this: by blast (1 ms)
0.sledgehammer goal.proof     12647ms Simplex.Simplex 4560:187790  timeout (SH 12647ms): Timed out
0.sledgehammer goal.using      6360ms Simplex.Simplex 4563:187881  some (SH 6360ms, ATP 496ms): Try this: by (metis \<open>x \<in> rvars (\<T> (l ! j))\<close> bounds(1,3) ji jj) (172 ms)
0.sledgehammer goal.using      5793ms Simplex.Simplex 4564:187925  some (SH 5793ms, ATP 392ms): Try this: by (metis bounds(1,3)) (124 ms)
0.sledgehammer goal.by         4490ms Simplex.Simplex 4565:187946  some (SH 4490ms, ATP 388ms): Try this: by metis (336 ms)
0.sledgehammer goal.using     12579ms Simplex.Simplex 4569:188019  timeout (SH 12579ms): Timed out
0.sledgehammer goal.using     10734ms Simplex.Simplex 4570:188108  some (SH 10734ms, ATP 572ms): Try this: by (metis \<open>x \<in> rvars (\<T> (l ! j))\<close> bounds(1,3) vars(1)) (170 ms)
0.sledgehammer goal.by        13446ms Simplex.Simplex 4571:188134  some (SH 13446ms, ATP 324ms): Try this: by (metis \<open>x \<in> rvars (\<T> (l ! j))\<close>) (108 ms)
0.sledgehammer goal.using     12109ms Simplex.Simplex 4579:188314  timeout (SH 12109ms): Timed out
0.sledgehammer goal.proof     12818ms Simplex.Simplex 4580:188326  timeout (SH 12818ms): Timed out
0.sledgehammer goal.using      3977ms Simplex.Simplex 4584:188482  some (SH 3977ms, ATP 513ms): Try this: using succ_valuation_satisfies by blast (6 ms)
0.sledgehammer goal.by         4030ms Simplex.Simplex 4585:188517  some (SH 4030ms, ATP 493ms): Try this: by blast (11 ms)
0.sledgehammer goal.using     12159ms Simplex.Simplex 4591:188657  timeout (SH 12159ms): Timed out
0.sledgehammer goal.proof     12428ms Simplex.Simplex 4592:188669  timeout (SH 12428ms): Timed out
0.sledgehammer goal.using      5669ms Simplex.Simplex 4596:188786  some (SH 5669ms, ATP 1873ms): Try this: using succ_inv(2) by blast (9 ms)
0.sledgehammer goal.by         4046ms Simplex.Simplex 4597:188818  some (SH 4046ms, ATP 598ms): Try this: by blast (9 ms)
0.sledgehammer goal.using     12454ms Simplex.Simplex 4612:189336  timeout (SH 12454ms): Timed out
0.sledgehammer goal.proof     12529ms Simplex.Simplex 4613:189348  timeout (SH 12529ms): Timed out
0.sledgehammer goal.using     13749ms Simplex.Simplex 4617:189451  some (SH 13749ms, ATP 623ms): Try this: by (simp add: succ_rvar_valuation_id) (18 ms)
0.sledgehammer goal.by        13941ms Simplex.Simplex 4618:189484  some (SH 13940ms, ATP 572ms): Try this: by simp (39 ms)
0.sledgehammer goal.using     12138ms Simplex.Simplex 4625:189686  timeout (SH 12138ms): Timed out
0.sledgehammer goal.proof     13220ms Simplex.Simplex 4626:189698  timeout (SH 13220ms): Timed out
0.sledgehammer goal.by        35109ms Simplex.Simplex 4629:189765  some (SH 35108ms, ATP 286ms): Try this: by linarith (15 ms)
0.sledgehammer goal.using     13097ms Simplex.Simplex 4633:189828  timeout (SH 13097ms): Timed out
0.sledgehammer goal.unfolding 13377ms Simplex.Simplex 4634:189859  timeout (SH 13377ms): Timed out
0.sledgehammer goal.by        13613ms Simplex.Simplex 4635:189887  timeout (SH 13613ms): Timed out
0.sledgehammer goal.by         3883ms Simplex.Simplex 4637:189933  some (SH 3883ms, ATP 451ms): Try this: using succ_inv(1) by blast (5 ms)
0.sledgehammer goal.proof     12029ms Simplex.Simplex 4640:189968  timeout (SH 12029ms): Timed out
0.sledgehammer goal.using     12370ms Simplex.Simplex 4643:190058  timeout (SH 12370ms): Timed out
0.sledgehammer goal.by        12176ms Simplex.Simplex 4644:190099  timeout (SH 12176ms): Timed out
0.sledgehammer goal.using     12338ms Simplex.Simplex 4646:190173  some (SH 12338ms, ATP 1508ms): Try this: using Suc.hyps(2) by linarith (55 ms)
0.sledgehammer goal.by        10126ms Simplex.Simplex 4647:190192  some (SH 10126ms, ATP 472ms): Try this: by linarith (54 ms)
0.sledgehammer goal.using     12415ms Simplex.Simplex 4649:190266  timeout (SH 12415ms): Timed out
0.sledgehammer goal.using     12453ms Simplex.Simplex 4650:190320  timeout (SH 12453ms): Timed out
0.sledgehammer goal.by        12656ms Simplex.Simplex 4651:190393  timeout (SH 12656ms): Timed out
0.sledgehammer goal.by        36921ms Simplex.Simplex 4653:190429  some (SH 36921ms, ATP 487ms): Try this: using add_leD1 by blast (6 ms)
0.sledgehammer goal.using     12787ms Simplex.Simplex 4657:190533  timeout (SH 12787ms): Timed out
0.sledgehammer goal.using     12454ms Simplex.Simplex 4658:190552  timeout (SH 12454ms): Timed out
0.sledgehammer goal.by        12625ms Simplex.Simplex 4659:190601  some (SH 12625ms, ATP 2601ms): Try this: by blast (3 ms)
0.sledgehammer goal.using     22636ms Simplex.Simplex 4661:190637  some (SH 22636ms, ATP 732ms): Try this: using Suc.prems(2,4) assms(3) by fastforce (68 ms)
0.sledgehammer goal.by        17020ms Simplex.Simplex 4662:190670  some (SH 17020ms, ATP 438ms): Try this: by fastforce (101 ms)
0.sledgehammer goal.using     12208ms Simplex.Simplex 4670:190870  timeout (SH 12208ms): Timed out
0.sledgehammer goal.proof     12258ms Simplex.Simplex 4671:190882  timeout (SH 12258ms): Timed out
0.sledgehammer goal.by        34913ms Simplex.Simplex 4674:190949  some (SH 34913ms, ATP 279ms): Try this: by linarith (7 ms)
0.sledgehammer goal.using     12904ms Simplex.Simplex 4678:191012  timeout (SH 12904ms): Timed out
0.sledgehammer goal.unfolding 13707ms Simplex.Simplex 4679:191043  timeout (SH 13707ms): Timed out
0.sledgehammer goal.by        13174ms Simplex.Simplex 4680:191071  timeout (SH 13174ms): Timed out
0.sledgehammer goal.by         3846ms Simplex.Simplex 4682:191117  some (SH 3846ms, ATP 532ms): Try this: using succ_inv(1) by blast (5 ms)
0.sledgehammer goal.proof     13415ms Simplex.Simplex 4685:191152  timeout (SH 13415ms): Timed out
0.sledgehammer goal.using     12740ms Simplex.Simplex 4688:191242  timeout (SH 12740ms): Timed out
0.sledgehammer goal.by        13745ms Simplex.Simplex 4689:191283  timeout (SH 13745ms): Timed out
0.sledgehammer goal.using     11446ms Simplex.Simplex 4691:191357  some (SH 11446ms, ATP 420ms): Try this: using Suc.hyps(2) by linarith (78 ms)
0.sledgehammer goal.by         9755ms Simplex.Simplex 4692:191376  some (SH 9755ms, ATP 355ms): Try this: by linarith (28 ms)
0.sledgehammer goal.using     12155ms Simplex.Simplex 4694:191450  timeout (SH 12155ms): Timed out
0.sledgehammer goal.using     12452ms Simplex.Simplex 4695:191504  timeout (SH 12452ms): Timed out
0.sledgehammer goal.by        12876ms Simplex.Simplex 4696:191577  timeout (SH 12876ms): Timed out
0.sledgehammer goal.by        36826ms Simplex.Simplex 4698:191613  some (SH 36826ms, ATP 480ms): Try this: using add_leD1 by blast (6 ms)
0.sledgehammer goal.using     12370ms Simplex.Simplex 4702:191717  timeout (SH 12370ms): Timed out
0.sledgehammer goal.using     12399ms Simplex.Simplex 4703:191736  timeout (SH 12399ms): Timed out
0.sledgehammer goal.by        12846ms Simplex.Simplex 4704:191785  some (SH 12846ms, ATP 2554ms): Try this: by blast (3 ms)
0.sledgehammer goal.using     22546ms Simplex.Simplex 4706:191821  some (SH 22545ms, ATP 714ms): Try this: using Suc.prems(2,4) assms(3) by fastforce (75 ms)
0.sledgehammer goal.by        17175ms Simplex.Simplex 4707:191854  some (SH 17174ms, ATP 434ms): Try this: by fastforce (102 ms)
0.sledgehammer goal.proof     12620ms Simplex.Simplex 4715:192105  timeout (SH 12620ms): Timed out
0.sledgehammer goal.by         3902ms Simplex.Simplex 4718:192163  some (SH 3902ms, ATP 410ms): Try this: by (simp add: True) (2 ms)
0.sledgehammer goal.by         3371ms Simplex.Simplex 4722:192235  some (SH 3371ms, ATP 462ms): Try this: by blast (7 ms)
0.sledgehammer goal.using     16761ms Simplex.Simplex 4725:192298  some (SH 16761ms, ATP 209ms): Try this: by (metis (mono_tags, lifting) Collect_empty_eq False alethe_sko_ex' mem_Collect_eq) (276 ms)
0.sledgehammer goal.by        10318ms Simplex.Simplex 4726:192325  some (SH 10318ms, ATP 147ms): Try this: by (simp add: alethe_sko_ex') (12 ms)
0.sledgehammer goal.proof     12436ms Simplex.Simplex 4728:192385  timeout (SH 12436ms): Timed out
0.sledgehammer goal.apply     27018ms Simplex.Simplex 4732:192458  some (SH 27018ms, ATP 291ms): Try this: by (smt (verit) \<open>(SOME t. t \<in> {t. lvars t = L \<and> rvars t = V - L \<and> \<triangle> t \<and> (\<forall>v. v \<Turnstile>\<^sub>t t = v \<Turnstile>\<^sub>t t0)}) \<in> {t. lvars t = L \<and> rvars t = V - L \<and> \<triangle> t \<and> (\<forall>v. v \<Turnstile>\<^sub>t t = v \<Turnstile>\<^sub>t t0)}\<close> \<open>x \<in> {t. lvars t = L \<and> rvars t = V - L \<and> \<triangle> t \<and> (\<forall>v. v \<Turnstile>\<^sub>t t = v \<Turnstile>\<^sub>t t0)}\<close> mem_Collect_eq tableau_perm) (1.0 s)
0.sledgehammer goal.using      8184ms Simplex.Simplex 4733:192490  some (SH 8184ms, ATP 454ms): Try this: using \<open>(SOME t. t \<in> {t. lvars t = L \<and> rvars t = V - L \<and> \<triangle> t \<and> (\<forall>v. v \<Turnstile>\<^sub>t t = v \<Turnstile>\<^sub>t t0)}) \<in> {t. lvars t = L \<and> rvars t = V - L \<and> \<triangle> t \<and> (\<forall>v. v \<Turnstile>\<^sub>t t = v \<Turnstile>\<^sub>t t0)}\<close> \<open>x \<in> {t. lvars t = L \<and> rvars t = V - L \<and> \<triangle> t \<and> (\<forall>v. v \<Turnstile>\<^sub>t t = v \<Turnstile>\<^sub>t t0)}\<close> apply auto[1] (29 ms)
0.sledgehammer goal.by         7670ms Simplex.Simplex 4734:192527  some (SH 7670ms, ATP 522ms): Try this: apply simp (10 ms)
0.sledgehammer goal.by         7180ms Simplex.Simplex 4736:192583  some (SH 7180ms, ATP 390ms): Try this: by blast (0.4 ms)
0.sledgehammer goal.by        13478ms Simplex.Simplex 4740:192650  timeout (SH 13477ms): Timed out
0.sledgehammer goal.by         7782ms Simplex.Simplex 4743:192707  some (SH 7782ms, ATP 408ms): Try this: using rev_finite_subset by blast (8 ms)
0.sledgehammer goal.proof     12473ms Simplex.Simplex 4749:192879  timeout (SH 12473ms): Timed out
0.sledgehammer goal.by        12485ms Simplex.Simplex 4752:193027  timeout (SH 12485ms): Timed out
0.sledgehammer goal.using     12532ms Simplex.Simplex 4754:193094  timeout (SH 12532ms): Timed out
0.sledgehammer goal.using     13527ms Simplex.Simplex 4755:193115  timeout (SH 13527ms): Timed out
0.sledgehammer goal.by        12651ms Simplex.Simplex 4756:193145  timeout (SH 12650ms): Timed out
0.sledgehammer goal.proof     13259ms Simplex.Simplex 4761:193230  timeout (SH 13259ms): Timed out
0.sledgehammer goal.by        12957ms Simplex.Simplex 4763:193288  timeout (SH 12957ms): Timed out
0.sledgehammer goal.proof     13267ms Simplex.Simplex 4766:193396  timeout (SH 13267ms): Timed out
0.sledgehammer goal.proof     12865ms Simplex.Simplex 4769:193518  timeout (SH 12865ms): Timed out
0.sledgehammer goal.by        12798ms Simplex.Simplex 4773:193615  some (SH 12798ms, ATP 807ms): Try this: by blast (2 ms)
0.sledgehammer goal.using      5813ms Simplex.Simplex 4775:193724  some (SH 5813ms, ATP 536ms): Try this: by (meson trancl_rel_chain) (62 ms)
0.sledgehammer goal.by         3756ms Simplex.Simplex 4776:193773  some (SH 3755ms, ATP 431ms): Try this: by blast (27 ms)
0.sledgehammer goal.proof     12685ms Simplex.Simplex 4778:193807  timeout (SH 12685ms): Timed out
0.sledgehammer goal.using     12353ms Simplex.Simplex 4780:193866  timeout (SH 12353ms): Timed out
0.sledgehammer goal.using     12784ms Simplex.Simplex 4781:193924  timeout (SH 12784ms): Timed out
0.sledgehammer goal.by        13077ms Simplex.Simplex 4782:193980  timeout (SH 13077ms): Timed out
0.sledgehammer goal.using     13184ms Simplex.Simplex 4785:194039  timeout (SH 13184ms): Timed out
0.sledgehammer goal.using     12538ms Simplex.Simplex 4786:194066  timeout (SH 12538ms): Timed out
0.sledgehammer goal.by        14130ms Simplex.Simplex 4787:194103  timeout (SH 14130ms): Timed out
0.sledgehammer goal.using     12409ms Simplex.Simplex 4790:194211  timeout (SH 12409ms): Timed out
0.sledgehammer goal.using     24348ms Simplex.Simplex 4791:194275  some (SH 24348ms, ATP 641ms): Try this: using "*"(1,3,4,5) hd_conv_nth last_conv_nth by fastforce (210 ms)
0.sledgehammer goal.by        12539ms Simplex.Simplex 4792:194331  some (SH 12539ms, ATP 526ms): Try this: by auto (167 ms)
0.sledgehammer goal.using      8081ms Simplex.Simplex 4795:194389  some (SH 8081ms, ATP 621ms): Try this: using \<open>t = \<T> s'\<close> by fastforce (0.8 ms)
0.sledgehammer goal.by         7649ms Simplex.Simplex 4796:194416  some (SH 7649ms, ATP 503ms): Try this: by fastforce (0.8 ms)
0.sledgehammer goal.by        12784ms Simplex.Simplex 4801:194493  timeout (SH 12784ms): Timed out
0.sledgehammer goal.using     13127ms Simplex.Simplex 4804:194583  timeout (SH 13127ms): Timed out
0.sledgehammer goal.by         5276ms Simplex.Simplex 4805:194635  some (SH 5276ms, ATP 503ms): Try this: by (meson rev_finite_subset) (28 ms)
0.sledgehammer goal.by        12685ms Simplex.Simplex 4809:194707  some (SH 12684ms, ATP 541ms): Try this: by auto (34 ms)
0.sledgehammer goal.proof     12700ms Simplex.Simplex 4821:195122  timeout (SH 12699ms): Timed out
0.sledgehammer goal.using     11055ms Simplex.Simplex 4826:195395  some (SH 11055ms, ATP 677ms): Try this: using assms by blast (1 ms)
0.sledgehammer goal.by        10256ms Simplex.Simplex 4827:195416  some (SH 10256ms, ATP 662ms): Try this: by blast (0.3 ms)
0.sledgehammer goal.using     13519ms Simplex.Simplex 4829:195465  timeout (SH 13519ms): Timed out
0.sledgehammer goal.by        12776ms Simplex.Simplex 4830:195495  timeout (SH 12775ms): Timed out
0.sledgehammer goal.proof     12640ms Simplex.Simplex 4832:195557  timeout (SH 12640ms): Timed out
0.sledgehammer goal.by         4302ms Simplex.Simplex 4836:195706  some (SH 4302ms, ATP 410ms): Try this: by auto (2 ms)
0.sledgehammer goal.unfolding 12555ms Simplex.Simplex 4841:195804  timeout (SH 12555ms): Timed out
0.sledgehammer goal.proof     12860ms Simplex.Simplex 4842:195829  timeout (SH 12860ms): Timed out
0.sledgehammer goal.proof      3354ms Simplex.Simplex 4847:196053  some (SH 3354ms, ATP 458ms): Try this: by (meson \<open>(\<lambda>x. if x \<in> rvars t then v1 x else 0) = (\<lambda>x. if x \<in> rvars t then v2 x else 0)\<close>) (14 ms)
0.sledgehammer goal.using      5025ms Simplex.Simplex 4851:196144  some (SH 5025ms, ATP 631ms): Try this: by (meson \<open>(\<lambda>x. if x \<in> rvars t then v1 x else 0) = (\<lambda>x. if x \<in> rvars t then v2 x else 0)\<close>) (19 ms)
0.sledgehammer goal.by         3676ms Simplex.Simplex 4852:196195  some (SH 3676ms, ATP 583ms): Try this: by argo (2 ms)
0.sledgehammer goal.proof     12645ms Simplex.Simplex 4857:196342  timeout (SH 12645ms): Timed out
0.sledgehammer goal.using     15346ms Simplex.Simplex 4860:196425  some (SH 15346ms, ATP 460ms): Try this: by (metis "*"(3,4) Un_iff \<open>\<forall>x\<in>rvars t. v1 x = v2 x\<close> \<open>rvars t \<union> lvars t = V\<close>) (47 ms)
0.sledgehammer goal.by         5638ms Simplex.Simplex 4861:196493  some (SH 5638ms, ATP 522ms): Try this: by (metis Un_iff) (60 ms)
0.sledgehammer goal.using      5343ms Simplex.Simplex 4866:196617  some (SH 5343ms, ATP 488ms): Try this: using True eq_for_lvar by force (2 ms)
0.sledgehammer goal.by         3488ms Simplex.Simplex 4867:196659  some (SH 3488ms, ATP 393ms): Try this: by blast (3 ms)
0.sledgehammer goal.using      7449ms Simplex.Simplex 4869:196743  some (SH 7449ms, ATP 1007ms): Try this: apply (metis "*"(1) satisfies_eq_def satisfies_tableau_def) (60 ms)
0.sledgehammer goal.unfolding  5767ms Simplex.Simplex 4870:196781  some (SH 5767ms, ATP 451ms): Try this: apply (metis satisfies_eq_def satisfies_tableau_def) (70 ms)
0.sledgehammer goal.by         3289ms Simplex.Simplex 4871:196840  some (SH 3289ms, ATP 439ms): Try this: apply fastforce (9 ms)
0.sledgehammer goal.apply     30883ms Simplex.Simplex 4874:196922  some (SH 30883ms, ATP 603ms): Try this: by (meson True \<open>\<forall>x\<in>rvars t. v1 x = v2 x\<close> rvars_of_lvar_rvars subset_iff valuate_depend) (11 ms)
0.sledgehammer goal.using     18235ms Simplex.Simplex 4875:196960  some (SH 18234ms, ATP 419ms): Try this: using True \<open>\<forall>x\<in>rvars t. v1 x = v2 x\<close> rvars_of_lvar_rvars by blast (1 ms)
0.sledgehammer goal.unfolding 10298ms Simplex.Simplex 4876:197030  some (SH 10298ms, ATP 564ms): Try this: using True rvars_of_lvar_rvars by blast (1 ms)
0.sledgehammer goal.by         9511ms Simplex.Simplex 4877:197060  some (SH 9511ms, ATP 441ms): Try this: using True \<open>\<forall>x\<in>rvars t. v1 x = v2 x\<close> rvars_of_lvar_rvars by blast (3 ms)
0.sledgehammer goal.by         3030ms Simplex.Simplex 4880:197118  some (SH 3030ms, ATP 358ms): Try this: by argo (1 ms)
0.sledgehammer goal.by        12511ms Simplex.Simplex 4886:197278  some (SH 12511ms, ATP 347ms): Try this: by (simp add: image_Collect_subsetI) (9 ms)
0.sledgehammer goal.proof     12710ms Simplex.Simplex 4889:197324  timeout (SH 12710ms): Timed out
0.sledgehammer goal.using      4746ms Simplex.Simplex 4891:197369  some (SH 4746ms, ATP 299ms): Try this: using \<open>rvars t \<union> lvars t = V\<close> assms by blast (0.5 ms)
0.sledgehammer goal.using      2630ms Simplex.Simplex 4892:197418  some (SH 2630ms, ATP 302ms): Try this: by blast (0.6 ms)
0.sledgehammer goal.by         2509ms Simplex.Simplex 4893:197463  some (SH 2509ms, ATP 356ms): Try this: by blast (0.8 ms)
0.sledgehammer goal.by        17920ms Simplex.Simplex 4897:197604  some (SH 17920ms, ATP 4782ms): Try this: by auto (5 ms)
0.sledgehammer goal.using     13557ms Simplex.Simplex 4900:197656  timeout (SH 13557ms): Timed out
0.sledgehammer goal.by         5638ms Simplex.Simplex 4901:197738  some (SH 5638ms, ATP 561ms): Try this: by fastforce (9 ms)
0.sledgehammer goal.by         4486ms Simplex.Simplex 4905:197808  some (SH 4486ms, ATP 427ms): Try this: using rev_finite_subset by blast (21 ms)
0.sledgehammer goal.using     12942ms Simplex.Simplex 4907:197874  timeout (SH 12942ms): Timed out
0.sledgehammer goal.by        12793ms Simplex.Simplex 4908:197906  timeout (SH 12792ms): Timed out
0.sledgehammer goal.by        12261ms Simplex.Simplex 4912:198016  timeout (SH 12261ms): Timed out
0.sledgehammer goal.proof     12478ms Simplex.Simplex 4915:198118  timeout (SH 12478ms): Timed out
0.sledgehammer goal.using     12388ms Simplex.Simplex 4917:198205  timeout (SH 12388ms): Timed out
0.sledgehammer goal.by        13139ms Simplex.Simplex 4918:198267  timeout (SH 13139ms): Timed out
0.sledgehammer goal.by        12492ms Simplex.Simplex 4923:198408  timeout (SH 12492ms): Timed out
0.sledgehammer goal.using     12340ms Simplex.Simplex 4925:198448  timeout (SH 12340ms): Timed out
0.sledgehammer goal.by        12544ms Simplex.Simplex 4926:198505  timeout (SH 12544ms): Timed out
0.sledgehammer goal.by         2930ms Simplex.Simplex 4930:198552  some (SH 2930ms, ATP 488ms): Try this: by argo (4 ms)
0.sledgehammer goal.proof     13093ms Simplex.Simplex 4936:198640  timeout (SH 13093ms): Timed out
0.sledgehammer goal.by        13927ms Simplex.Simplex 4938:198698  timeout (SH 13927ms): Timed out
0.sledgehammer goal.proof     13297ms Simplex.Simplex 4941:198806  timeout (SH 13297ms): Timed out
0.sledgehammer goal.by        12832ms Simplex.Simplex 4952:199332  timeout (SH 12832ms): Timed out
0.sledgehammer goal.using     13402ms Simplex.Simplex 4954:199423  timeout (SH 13402ms): Timed out
0.sledgehammer goal.by         4026ms Simplex.Simplex 4955:199527  some (SH 4026ms, ATP 641ms): Try this: by fastforce (3 ms)
0.sledgehammer goal.by        13300ms Simplex.Simplex 4958:199598  timeout (SH 13300ms): Timed out
0.sledgehammer goal.by         6335ms Simplex.Simplex 4961:199692  some (SH 6335ms, ATP 519ms): Try this: by (meson rev_finite_subset) (35 ms)
0.sledgehammer goal.unfolding 12614ms Simplex.Simplex 4964:199782  timeout (SH 12614ms): Timed out
0.sledgehammer goal.proof     13314ms Simplex.Simplex 4965:199807  timeout (SH 13314ms): Timed out
0.sledgehammer goal.proof     12374ms Simplex.Simplex 4973:200138  timeout (SH 12374ms): Timed out
0.sledgehammer goal.using      3546ms Simplex.Simplex 4976:200216  some (SH 3546ms, ATP 813ms): Try this: by (simp add: \<open>\<langle>x\<rangle> = \<langle>y\<rangle>\<close>) (1 ms)
0.sledgehammer goal.by         3783ms Simplex.Simplex 4977:200244  some (SH 3783ms, ATP 954ms): Try this: by presburger (2 ms)
0.sledgehammer goal.using     12381ms Simplex.Simplex 4979:200302  timeout (SH 12380ms): Timed out
0.sledgehammer goal.by        12547ms Simplex.Simplex 4980:200320  timeout (SH 12547ms): Timed out
0.sledgehammer goal.by        12738ms Simplex.Simplex 4985:200467  some (SH 12738ms, ATP 525ms): Try this: using \<open>finite {v. check_valuation v \<langle>\<V> s\<rangle> (\<lambda>x. the (\<B>\<^sub>l s x)) (\<lambda>x. the (\<B>\<^sub>u s x)) (\<T> s) (tvars (\<T> s))}\<close> \<open>map2fun ` {v. \<exists>t. tvars t = tvars (\<T> s) \<and> \<triangle> t \<and> (\<forall>v. v \<Turnstile>\<^sub>t t = v \<Turnstile>\<^sub>t \<T> s) \<and> \<langle>v\<rangle> \<Turnstile>\<^sub>t t \<and> (\<forall>x\<in>rvars t. \<langle>v\<rangle> x = \<langle>\<V> s\<rangle> x \<or> \<langle>v\<rangle> x = the (\<B>\<^sub>l s x) \<or> \<langle>v\<rangle> x = the (\<B>\<^sub>u s x)) \<and> (\<forall>x. x \<notin> tvars (\<T> s) \<longrightarrow> Mapping.lookup v x = Mapping.lookup (\<V> s) x) \<and> (\<forall>x. x \<in> tvars (\<T> s) \<longrightarrow> Mapping.lookup v x \<noteq> None)} \<subseteq> {v. check_valuation v \<langle>\<V> s\<rangle> (\<lambda>x. the (\<B>\<^sub>l s x)) (\<lambda>x. the (\<B>\<^sub>u s x)) (\<T> s) (tvars (\<T> s))}\<close> inj_on_finite by fastforce (1.2 s)
0.sledgehammer goal.proof     12771ms Simplex.Simplex 4988:200535  timeout (SH 12771ms): Timed out
0.sledgehammer goal.using      7291ms Simplex.Simplex 4992:200686  some (SH 7291ms, ATP 1780ms): Try this: by (meson trancl_rel_chain) (63 ms)
0.sledgehammer goal.by         3900ms Simplex.Simplex 4993:200735  some (SH 3900ms, ATP 489ms): Try this: by blast (7 ms)
0.sledgehammer goal.proof     13495ms Simplex.Simplex 4995:200773  timeout (SH 13495ms): Timed out
0.sledgehammer goal.using     12216ms Simplex.Simplex 4997:200835  timeout (SH 12216ms): Timed out
0.sledgehammer goal.using     13682ms Simplex.Simplex 4998:200862  timeout (SH 13682ms): Timed out
0.sledgehammer goal.by        11906ms Simplex.Simplex 4999:200904  some (SH 11905ms, ATP 1155ms): Try this: apply fastforce (1 ms)
0.sledgehammer goal.using     12177ms Simplex.Simplex 5001:201006  timeout (SH 12177ms): Timed out
0.sledgehammer goal.using     27646ms Simplex.Simplex 5002:201064  some (SH 27646ms, ATP 868ms): Try this: using "*"(1,3,4,5) hd_conv_nth last_conv_nth by fastforce (649 ms)
0.sledgehammer goal.by        12937ms Simplex.Simplex 5003:201120  some (SH 12937ms, ATP 448ms): Try this: by (metis diff_less length_greater_0_conv less_numeral_extra(1)) (96 ms)
0.sledgehammer goal.using     12617ms Simplex.Simplex 5006:201178  timeout (SH 12617ms): Timed out
0.sledgehammer goal.using     14365ms Simplex.Simplex 5007:201205  timeout (SH 14365ms): Timed out
0.sledgehammer goal.by        56215ms Simplex.Simplex 5008:201242  some (SH 56215ms, ATP 643ms): Try this: by (smt (z3) case_prodE mem_Collect_eq prod.inject tranclD2) (562 ms)
0.sledgehammer goal.using     13679ms Simplex.Simplex 5011:201350  timeout (SH 13679ms): Timed out
0.sledgehammer goal.using     25217ms Simplex.Simplex 5012:201414  some (SH 25217ms, ATP 578ms): Try this: using "*"(1,3,4,5) hd_conv_nth last_conv_nth by fastforce (199 ms)
0.sledgehammer goal.by        14308ms Simplex.Simplex 5013:201470  some (SH 14308ms, ATP 440ms): Try this: by (metis diff_less length_greater_0_conv less_numeral_extra(1)) (102 ms)
0.sledgehammer goal.using     14349ms Simplex.Simplex 5016:201536  timeout (SH 14349ms): Timed out
0.sledgehammer goal.using     34595ms Simplex.Simplex 5017:201606  some (SH 34595ms, ATP 584ms): Try this: using "*"(1,3,4,5) \<open>\<langle>\<V> s\<rangle> \<Turnstile>\<^sub>t \<T> s\<close> hd_conv_nth last_conv_nth by fastforce (247 ms)
0.sledgehammer goal.by        12578ms Simplex.Simplex 5018:201678  timeout (SH 12578ms): Timed out
0.sledgehammer goal.using     12314ms Simplex.Simplex 5021:201818  timeout (SH 12313ms): Timed out
0.sledgehammer goal.using     30668ms Simplex.Simplex 5022:201883  some (SH 30667ms, ATP 768ms): Try this: using "*"(1,3,4,5) hd_conv_nth last_conv_nth by fastforce (354 ms)
0.sledgehammer goal.by        14116ms Simplex.Simplex 5023:201939  some (SH 14115ms, ATP 647ms): Try this: by simp (240 ms)
0.sledgehammer goal.using     12853ms Simplex.Simplex 5026:202040  timeout (SH 12853ms): Timed out
0.sledgehammer goal.using     20861ms Simplex.Simplex 5027:202108  some (SH 20861ms, ATP 598ms): Try this: using "*"(1,3,4,5) hd_conv_nth last_conv_nth by fastforce (302 ms)
0.sledgehammer goal.by        13407ms Simplex.Simplex 5028:202164  some (SH 13407ms, ATP 600ms): Try this: by simp (174 ms)
0.sledgehammer goal.using     12647ms Simplex.Simplex 5031:202266  timeout (SH 12647ms): Timed out
0.sledgehammer goal.using     62191ms Simplex.Simplex 5032:202333  some (SH 62191ms, ATP 832ms): Try this: using "*"(1,3,4,5) \<open>\<nabla> s\<close> hd_conv_nth last_conv_nth tableau_valuated_def by fastforce (1.0 s)
0.sledgehammer goal.using     15825ms Simplex.Simplex 5033:202389  some (SH 15825ms, ATP 3702ms): Try this: using \<open>\<nabla> s\<close> tableau_valuated_def by auto (60 ms)
0.sledgehammer goal.by        13993ms Simplex.Simplex 5034:202440  some (SH 13993ms, ATP 3683ms): Try this: using tableau_valuated_def by auto (65 ms)
0.sledgehammer goal.by         4236ms Simplex.Simplex 5037:202531  some (SH 4236ms, ATP 739ms): Try this: by auto (83 ms)
0.sledgehammer goal.by        10050ms Simplex.Simplex 5042:202622  some (SH 10050ms, ATP 553ms): Try this: by (meson rev_finite_subset) (15 ms)
0.sledgehammer goal.by        13956ms Simplex.Simplex 5046:202694  some (SH 13956ms, ATP 574ms): Try this: by auto (68 ms)
0.sledgehammer goal.proof     13408ms Simplex.Simplex 5051:202773  timeout (SH 13408ms): Timed out
0.sledgehammer goal.by        13450ms Simplex.Simplex 5053:202827  timeout (SH 13450ms): Timed out
0.sledgehammer goal.by        13313ms Simplex.Simplex 5054:202891  timeout (SH 13313ms): Timed out
0.sledgehammer goal.proof     14209ms Simplex.Simplex 5059:202975  timeout (SH 14209ms): Timed out
0.sledgehammer goal.by        13219ms Simplex.Simplex 5061:203029  timeout (SH 13219ms): Timed out
0.sledgehammer goal.by        14130ms Simplex.Simplex 5062:203093  timeout (SH 14129ms): Timed out
0.sledgehammer goal.by         4161ms Simplex.Simplex 5070:203244  some (SH 4161ms, ATP 705ms): Try this: by (simp add: state.expand) (13 ms)
0.sledgehammer goal.proof     13174ms Simplex.Simplex 5074:203355  timeout (SH 13174ms): Timed out
0.sledgehammer goal.using     13582ms Simplex.Simplex 5079:203482  timeout (SH 13582ms): Timed out
0.sledgehammer goal.by        13602ms Simplex.Simplex 5080:203548  timeout (SH 13602ms): Timed out
0.sledgehammer goal.using     52351ms Simplex.Simplex 5084:203641  some (SH 52351ms, ATP 727ms): Try this: by (smt (cvc5) accessible_bounds accessible_unsat_core image_iff image_iff image_iff image_iff image_iff insertCI insert_iff mem_Collect_eq mem_Sigma_iff mem_Sigma_iff mem_Sigma_iff mem_Sigma_iff subsetI)
0.sledgehammer goal.by        14399ms Simplex.Simplex 5085:203703  some (SH 14399ms, ATP 766ms): Try this: by blast (25 ms)
0.sledgehammer goal.unfolding 14039ms Simplex.Simplex 5088:203748  timeout (SH 14039ms): Timed out
0.sledgehammer goal.by        16531ms Simplex.Simplex 5088:203769  some (SH 16530ms, ATP 361ms): Try this: by (simp add: state_eqI) (17 ms)
0.sledgehammer goal.using     13416ms Simplex.Simplex 5091:203828  timeout (SH 13416ms): Timed out
0.sledgehammer goal.using     13356ms Simplex.Simplex 5092:203863  some (SH 13356ms, ATP 694ms): Try this: using finite_subset by blast (9 ms)
0.sledgehammer goal.by         9067ms Simplex.Simplex 5093:203887  some (SH 9067ms, ATP 558ms): Try this: by blast (7 ms)
0.sledgehammer goal.proof     13072ms Simplex.Simplex 5098:204023  timeout (SH 13072ms): Timed out
0.sledgehammer goal.proof     13356ms Simplex.Simplex 5101:204095  timeout (SH 13356ms): Timed out
0.sledgehammer goal.using      6047ms Simplex.Simplex 5105:204221  some (SH 6046ms, ATP 625ms): Try this: by (meson trancl_rel_chain) (59 ms)
0.sledgehammer goal.by         3761ms Simplex.Simplex 5106:204267  some (SH 3761ms, ATP 521ms): Try this: by blast (6 ms)
0.sledgehammer goal.using      4662ms Simplex.Simplex 5109:204303  some (SH 4662ms, ATP 303ms): Try this: using \<open>hd l = s\<close> \<open>l \<noteq> []\<close> hd_conv_nth by fastforce (27 ms)
0.sledgehammer goal.by         4633ms Simplex.Simplex 5110:204335  some (SH 4633ms, ATP 1148ms): Try this: by (simp add: hd_conv_nth) (9 ms)
0.sledgehammer goal.using     13046ms Simplex.Simplex 5112:204396  timeout (SH 13046ms): Timed out
0.sledgehammer goal.unfolding 13011ms Simplex.Simplex 5113:204423  timeout (SH 13011ms): Timed out
0.sledgehammer goal.using     13234ms Simplex.Simplex 5114:204453  timeout (SH 13234ms): Timed out
0.sledgehammer goal.by        13063ms Simplex.Simplex 5115:204480  timeout (SH 13063ms): Timed out
0.sledgehammer goal.by         3221ms Simplex.Simplex 5117:204518  some (SH 3221ms, ATP 473ms): Try this: by blast (1 ms)
0.sledgehammer goal.proof     12884ms Simplex.Simplex 5123:204620  timeout (SH 12884ms): Timed out
0.sledgehammer goal.by        12641ms Simplex.Simplex 5126:204738  timeout (SH 12641ms): Timed out
0.sledgehammer goal.by        12729ms Simplex.Simplex 5129:204851  timeout (SH 12729ms): Timed out
0.sledgehammer goal.by         8955ms Simplex.Simplex 5132:204904  some (SH 8955ms, ATP 374ms): Try this: using rev_finite_subset by blast (2 ms)
0.sledgehammer goal.proof     12722ms Simplex.Simplex 5137:205009  timeout (SH 12722ms): Timed out
0.sledgehammer goal.proof     12995ms Simplex.Simplex 5139:205066  timeout (SH 12995ms): Timed out
0.sledgehammer goal.by        12800ms Simplex.Simplex 5143:205202  timeout (SH 12800ms): Timed out
0.sledgehammer goal.using     21819ms Simplex.Simplex 5145:205276  some (SH 21819ms, ATP 1490ms): Try this: by (metis (no_types, lifting) One_nat_def \<open>1 < length l\<close> \<open>l ! 0 = s\<close> add.commute mem_Collect_eq plus_1_eq_Suc) (374 ms)
0.sledgehammer goal.by        19205ms Simplex.Simplex 5146:205327  some (SH 19205ms, ATP 1833ms): Try this: by (metis (no_types, lifting) One_nat_def \<open>l ! 0 = s\<close> add.commute mem_Collect_eq plus_1_eq_Suc) (428 ms)
0.sledgehammer goal.by         4889ms Simplex.Simplex 5148:205395  some (SH 4889ms, ATP 445ms): Try this: by blast (1 ms)
0.sledgehammer goal.using      4298ms Simplex.Simplex 5152:205463  some (SH 4298ms, ATP 362ms): Try this: using \<open>finite {x. \<exists>sl. sl + 1 < length l \<and> x \<in> lvars (\<T> (l ! sl)) \<and> x \<in> rvars (\<T> (l ! (sl + 1)))}\<close> by fastforce (0.6 ms)
0.sledgehammer goal.by         9396ms Simplex.Simplex 5157:205578  some (SH 9396ms, ATP 646ms): Try this: by blast (1 ms)
0.sledgehammer goal.by         2855ms Simplex.Simplex 5159:205626  some (SH 2855ms, ATP 234ms): Try this: by meson (0.9 ms)
0.sledgehammer goal.using     13105ms Simplex.Simplex 5162:205678  timeout (SH 13105ms): Timed out
0.sledgehammer goal.unfolding 13133ms Simplex.Simplex 5163:205725  timeout (SH 13133ms): Timed out
0.sledgehammer goal.by        18322ms Simplex.Simplex 5164:205755  some (SH 18322ms, ATP 283ms): Try this: by auto (181 ms)
0.sledgehammer goal.proof     12053ms Simplex.Simplex 5168:205793  timeout (SH 12053ms): Timed out
0.sledgehammer goal.by         8662ms Simplex.Simplex 5172:205898  some (SH 8662ms, ATP 286ms): Try this: by linarith (8 ms)
0.sledgehammer goal.by        12126ms Simplex.Simplex 5174:205947  timeout (SH 12126ms): Timed out
0.sledgehammer goal.using     12314ms Simplex.Simplex 5176:206079  some (SH 12314ms, ATP 1210ms): Try this: using \<open>l ! 0 = s\<close> \<open>length l = 2\<close> \<open>sl + 1 < length l \<and> xr \<in> lvars (\<T> (l ! sl)) \<and> xr \<in> rvars (\<T> (l ! (sl + 1)))\<close> apply auto[1] (3 ms)
0.sledgehammer goal.using     12094ms Simplex.Simplex 5177:206108  some (SH 12094ms, ATP 326ms): Try this: using \<open>l ! 0 = s\<close> \<open>sl + 1 < length l \<and> xr \<in> lvars (\<T> (l ! sl)) \<and> xr \<in> rvars (\<T> (l ! (sl + 1)))\<close> apply auto[1] (8 ms)
0.sledgehammer goal.using      9516ms Simplex.Simplex 5178:206140  some (SH 9515ms, ATP 359ms): Try this: using \<open>l ! 0 = s\<close> apply auto[1] (7 ms)
0.sledgehammer goal.by        10802ms Simplex.Simplex 5179:206187  some (SH 10802ms, ATP 306ms): Try this: using \<open>l ! 0 = s\<close> apply fastforce (12 ms)
0.sledgehammer goal.using     12138ms Simplex.Simplex 5181:206249  timeout (SH 12138ms): Timed out
0.sledgehammer goal.unfolding 12169ms Simplex.Simplex 5182:206273  timeout (SH 12169ms): Timed out
0.sledgehammer goal.by         8728ms Simplex.Simplex 5183:206314  some (SH 8727ms, ATP 634ms): Try this: by blast (2 ms)
0.sledgehammer goal.using     13197ms Simplex.Simplex 5190:206569  timeout (SH 13197ms): Timed out
0.sledgehammer goal.using     15848ms Simplex.Simplex 5191:206655  some (SH 15848ms, ATP 1937ms): Try this: by (meson reorder_cyclic_list) (648 ms)
0.sledgehammer goal.by         7259ms Simplex.Simplex 5192:206698  some (SH 7259ms, ATP 1504ms): Try this: by blast (417 ms)
0.sledgehammer goal.using      5356ms Simplex.Simplex 5195:206807  some (SH 5356ms, ATP 373ms): Try this: using \<open>sl + 1 < length l \<and> xr \<in> lvars (\<T> (l ! sl)) \<and> xr \<in> rvars (\<T> (l ! (sl + 1)))\<close> apply argo (2 ms)
0.sledgehammer goal.by         3105ms Simplex.Simplex 5196:206852  some (SH 3105ms, ATP 285ms): Try this: apply argo (5 ms)
0.sledgehammer goal.using     13319ms Simplex.Simplex 5199:206906  timeout (SH 13319ms): Timed out
0.sledgehammer goal.using     13416ms Simplex.Simplex 5200:206934  timeout (SH 13416ms): Timed out
0.sledgehammer goal.by        12632ms Simplex.Simplex 5201:207000  timeout (SH 12631ms): Timed out
0.sledgehammer goal.by        13090ms Simplex.Simplex 5203:207133  timeout (SH 13090ms): Timed out
0.sledgehammer goal.by         2607ms Simplex.Simplex 5206:207251  some (SH 2607ms, ATP 340ms): Try this: by blast (4 ms)
0.sledgehammer goal.by         2714ms Simplex.Simplex 5208:207301  some (SH 2714ms, ATP 287ms): Try this: by blast (0.4 ms)
0.sledgehammer goal.proof     12219ms Simplex.Simplex 5211:207360  timeout (SH 12219ms): Timed out
0.sledgehammer goal.using     13603ms Simplex.Simplex 5213:207408  timeout (SH 13603ms): Timed out
0.sledgehammer goal.proof     12930ms Simplex.Simplex 5215:207516  timeout (SH 12930ms): Timed out
0.sledgehammer goal.by         4750ms Simplex.Simplex 5218:207587  some (SH 4750ms, ATP 1076ms): Try this: using \<open>l' \<noteq> []\<close> by blast (0.8 ms)
0.sledgehammer goal.using      4724ms Simplex.Simplex 5220:207629  some (SH 4724ms, ATP 323ms): Try this: using "0.prems"(1) hd_conv_nth by fastforce (18 ms)
0.sledgehammer goal.by         3258ms Simplex.Simplex 5221:207650  some (SH 3257ms, ATP 321ms): Try this: by (simp add: hd_conv_nth) (2 ms)
0.sledgehammer goal.proof     12112ms Simplex.Simplex 5225:207743  timeout (SH 12112ms): Timed out
0.sledgehammer goal.proof     12224ms Simplex.Simplex 5229:207854  timeout (SH 12224ms): Timed out
0.sledgehammer goal.using     46081ms Simplex.Simplex 5232:207949  some (SH 46081ms, ATP 2609ms): Try this: by (metis One_nat_def Suc.hyps Suc.prems(1,2,3) \<open>k \<le> Suc sp'\<close> add_Suc_shift add_cancel_right_right le_Suc_eq le_zero_eq less_Suc_eq nat_le_linear not_less_eq) (1.9 s)
0.sledgehammer goal.by        12453ms Simplex.Simplex 5233:207987  timeout (SH 12453ms): Timed out
0.sledgehammer goal.using     12195ms Simplex.Simplex 5237:208100  timeout (SH 12194ms): Timed out
0.sledgehammer goal.by        55968ms Simplex.Simplex 5238:208124  some (SH 55968ms, ATP 4571ms): Try this: by (metis (no_types, lifting) One_nat_def Suc_n_not_le_n add.commute add_diff_cancel_right' add_lessD1 le_add2 less_diff_conv not_less_eq_eq plus_1_eq_Suc) (808 ms)
0.sledgehammer goal.using     24847ms Simplex.Simplex 5241:208215  some (SH 24847ms, ATP 480ms): Try this: by (metis Suc.prems(2,3) Suc_eq_plus1 True add_diff_cancel_right' add_lessD1 lessI) (113 ms)
0.sledgehammer goal.by        20664ms Simplex.Simplex 5242:208254  some (SH 20664ms, ATP 488ms): Try this: by (metis Suc_eq_plus1 add_lessD1 diff_add_inverse2 lessI) (68 ms)
0.sledgehammer goal.using     12983ms Simplex.Simplex 5245:208342  timeout (SH 12983ms): Timed out
0.sledgehammer goal.using     12947ms Simplex.Simplex 5246:208378  timeout (SH 12947ms): Timed out
0.sledgehammer goal.by        13970ms Simplex.Simplex 5247:208410  timeout (SH 13970ms): Timed out
0.sledgehammer goal.using     13028ms Simplex.Simplex 5250:208501  timeout (SH 13028ms): Timed out
0.sledgehammer goal.by        12636ms Simplex.Simplex 5251:208562  timeout (SH 12636ms): Timed out
0.sledgehammer goal.using     12323ms Simplex.Simplex 5256:208638  timeout (SH 12323ms): Timed out
0.sledgehammer goal.using     12608ms Simplex.Simplex 5257:208673  timeout (SH 12608ms): Timed out
0.sledgehammer goal.using     12737ms Simplex.Simplex 5258:208703  timeout (SH 12737ms): Timed out
0.sledgehammer goal.by        12849ms Simplex.Simplex 5259:208750  timeout (SH 12849ms): Timed out
0.sledgehammer goal.using     13724ms Simplex.Simplex 5263:208810  timeout (SH 13724ms): Timed out
0.sledgehammer goal.unfolding 13318ms Simplex.Simplex 5264:208859  timeout (SH 13318ms): Timed out
0.sledgehammer goal.by        13401ms Simplex.Simplex 5265:208889  timeout (SH 13401ms): Timed out
0.sledgehammer goal.apply     13187ms Simplex.Simplex 5270:209030  timeout (SH 13187ms): Timed out
0.sledgehammer goal.using      7632ms Simplex.Simplex 5271:209059  some (SH 7632ms, ATP 460ms): Try this: using \<open>sp + 1 < length l' \<and> xr \<in> rvars (\<T> (l' ! sp)) \<and> xr \<in> lvars (\<T> (l' ! (sp + 1)))\<close> by blast (12 ms)
0.sledgehammer goal.by         6402ms Simplex.Simplex 5272:209111  some (SH 6402ms, ATP 418ms): Try this: by blast (6 ms)
0.sledgehammer goal.using     12450ms Simplex.Simplex 5274:209149  timeout (SH 12450ms): Timed out
0.sledgehammer goal.by        12204ms Simplex.Simplex 5275:209189  timeout (SH 12203ms): Timed out
0.sledgehammer goal.using      5320ms Simplex.Simplex 5280:209345  some (SH 5320ms, ATP 449ms): Try this: using \<open>sp + 1 < length l'\<close> l'_l by blast (11 ms)
0.sledgehammer goal.by         3104ms Simplex.Simplex 5281:209383  some (SH 3103ms, ATP 383ms): Try this: by blast (8 ms)
0.sledgehammer goal.using     16598ms Simplex.Simplex 5284:209427  some (SH 16598ms, ATP 1487ms): Try this: using \<open>l' ! (sp + 1) = l ! (sp' + 1)\<close> \<open>l' ! sp = l ! sp'\<close> \<open>sp + 1 < length l' \<and> xs \<in> lvars (\<T> (l' ! sp)) \<and> xs \<in> rvars (\<T> (l' ! (sp + 1)))\<close> \<open>sp' + 1 < length l\<close> by auto (13 ms)
0.sledgehammer goal.by         9154ms Simplex.Simplex 5285:209463  some (SH 9154ms, ATP 1485ms): Try this: by fastforce (174 ms)
0.sledgehammer goal.proof     12054ms Simplex.Simplex 5288:209496  timeout (SH 12054ms): Timed out
0.sledgehammer goal.using     11643ms Simplex.Simplex 5290:209533  some (SH 11643ms, ATP 524ms): Try this: using Max_ge \<open>finite {x. \<exists>sl. sl + 1 < length l \<and> x \<in> lvars (\<T> (l ! sl)) \<and> x \<in> rvars (\<T> (l ! (sl + 1)))}\<close> \<open>xs \<in> {x. \<exists>sl. sl + 1 < length l \<and> x \<in> lvars (\<T> (l ! sl)) \<and> x \<in> rvars (\<T> (l ! (sl + 1)))}\<close> by blast (9 ms)
0.sledgehammer goal.by         9022ms Simplex.Simplex 5291:209589  some (SH 9021ms, ATP 407ms): Try this: using Max_ge by blast (4 ms)
0.sledgehammer goal.using     11809ms Simplex.Simplex 5293:209638  some (SH 11809ms, ATP 442ms): Try this: using \<open>xr = Max {x. \<exists>sl. sl + 1 < length l \<and> x \<in> lvars (\<T> (l ! sl)) \<and> x \<in> rvars (\<T> (l ! (sl + 1)))}\<close> \<open>xs \<noteq> xr\<close> le_neq_implies_less by blast (3 ms)
0.sledgehammer goal.by         9309ms Simplex.Simplex 5294:209673  some (SH 9309ms, ATP 360ms): Try this: using le_neq_implies_less by presburger (2 ms)
0.sledgehammer goal.using     12485ms Simplex.Simplex 5304:209872  timeout (SH 12485ms): Timed out
0.sledgehammer goal.using      3226ms Simplex.Simplex 5305:209910  some (SH 3226ms, ATP 394ms): Try this: apply meson (0.7 ms)
0.sledgehammer goal.by         3275ms Simplex.Simplex 5306:209949  some (SH 3275ms, ATP 418ms): Try this: apply meson (0.6 ms)
0.sledgehammer goal.proof     12561ms Simplex.Simplex 5309:209995  timeout (SH 12561ms): Timed out
0.sledgehammer goal.using     12535ms Simplex.Simplex 5311:210066  timeout (SH 12535ms): Timed out
0.sledgehammer goal.using     15993ms Simplex.Simplex 5312:210117  some (SH 15993ms, ATP 2808ms): Try this: using succ_chain_bounds_id by auto (125 ms)
0.sledgehammer goal.by        29866ms Simplex.Simplex 5313:210152  some (SH 29866ms, ATP 4837ms): Try this: by (metis (no_types, lifting) \<open>\<triangle> (\<T> (l ! sl)) \<and> \<diamond> (l ! sl) \<and> \<Turnstile>\<^sub>n\<^sub>o\<^sub>l\<^sub>h\<^sub>s (l ! sl) \<and> \<nabla> (l ! sl) \<and> l ! sl \<succ>\<^sub>x (l ! (sl + 1)) \<and> \<B>\<^sub>i (l ! (sl + 1)) = \<B>\<^sub>i (l ! sl) \<and> \<U>\<^sub>c (l ! (sl + 1)) = \<U>\<^sub>c (l ! sl)\<close> \<open>hd l' = l ! (sl + 1)\<close> \<open>l' \<noteq> []\<close> \<open>last l' = l ! sl\<close> add_lessD1 hd_conv_nth last_conv_nth le_add2 le_add_same_cancel2) (283 ms)
0.sledgehammer goal.using      4416ms Simplex.Simplex 5315:210216  some (SH 4416ms, ATP 411ms): Try this: by (simp add: \<open>l' \<noteq> []\<close> last_conv_nth) (46 ms)
0.sledgehammer goal.by         4468ms Simplex.Simplex 5316:210240  some (SH 4468ms, ATP 461ms): Try this: by (simp add: last_conv_nth) (33 ms)
0.sledgehammer goal.using      4705ms Simplex.Simplex 5318:210301  some (SH 4705ms, ATP 395ms): Try this: using \<open>last l' = l ! sl\<close> by argo (8 ms)
0.sledgehammer goal.by         4832ms Simplex.Simplex 5319:210334  some (SH 4831ms, ATP 433ms): Try this: by argo (7 ms)
0.sledgehammer goal.proof     12753ms Simplex.Simplex 5323:210449  timeout (SH 12753ms): Timed out
0.sledgehammer goal.using     12412ms Simplex.Simplex 5325:210491  timeout (SH 12412ms): Timed out
0.sledgehammer goal.using     13395ms Simplex.Simplex 5326:210523  timeout (SH 13395ms): Timed out
0.sledgehammer goal.using     12619ms Simplex.Simplex 5327:210564  timeout (SH 12619ms): Timed out
0.sledgehammer goal.unfolding 12509ms Simplex.Simplex 5328:210605  timeout (SH 12509ms): Timed out
0.sledgehammer goal.by         3215ms Simplex.Simplex 5329:210675  some (SH 3215ms, ATP 448ms): Try this: by fastforce (6 ms)
0.sledgehammer goal.proof     12386ms Simplex.Simplex 5332:210731  timeout (SH 12386ms): Timed out
0.sledgehammer goal.using     12699ms Simplex.Simplex 5334:210792  timeout (SH 12699ms): Timed out
0.sledgehammer goal.using     13614ms Simplex.Simplex 5335:210869  timeout (SH 13614ms): Timed out
0.sledgehammer goal.using     24433ms Simplex.Simplex 5336:210900  some (SH 24433ms, ATP 2144ms): Try this: by (metis (lifting) \<open>\<triangle> (\<T> (l ! sl)) \<and> \<diamond> (l ! sl) \<and> \<Turnstile>\<^sub>n\<^sub>o\<^sub>l\<^sub>h\<^sub>s (l ! sl) \<and> \<nabla> (l ! sl) \<and> l ! sl \<succ>\<^sub>x (l ! (sl + 1)) \<and> \<B>\<^sub>i (l ! (sl + 1)) = \<B>\<^sub>i (l ! sl) \<and> \<U>\<^sub>c (l ! (sl + 1)) = \<U>\<^sub>c (l ! sl)\<close> \<open>\<triangle> (\<T> (l' ! sp)) \<and> \<diamond> (l' ! sp) \<and> \<Turnstile>\<^sub>n\<^sub>o\<^sub>l\<^sub>h\<^sub>s (l' ! sp) \<and> \<nabla> (l' ! sp) \<and> l' ! sp \<succ>\<^sub>x (l' ! (sp + 1)) \<and> \<B>\<^sub>i (l' ! (sp + 1)) = \<B>\<^sub>i (l' ! sp) \<and> \<U>\<^sub>c (l' ! (sp + 1)) = \<U>\<^sub>c (l' ! sp)\<close> \<open>l' ! (sp + 1) = l ! (sp' + 1)\<close> curr_val_satisfies_no_lhs_def succ_chain_tableau_equiv succ_inv(5)) (384 ms)
0.sledgehammer goal.using     14028ms Simplex.Simplex 5337:210954  some (SH 14028ms, ATP 1111ms): Try this: by (metis \<open>\<Turnstile>\<^sub>n\<^sub>o\<^sub>l\<^sub>h\<^sub>s (l ! sl)\<close> add_lessD1 curr_val_satisfies_no_lhs_def) (55 ms)
0.sledgehammer goal.unfolding 13108ms Simplex.Simplex 5338:210988  some (SH 13108ms, ATP 1210ms): Try this: by (metis add_lessD1 curr_val_satisfies_no_lhs_def) (110 ms)
0.sledgehammer goal.by        16534ms Simplex.Simplex 5339:211038  some (SH 16534ms, ATP 439ms): Try this: by (metis add_lessD1) (1.4 s)
0.sledgehammer goal.unfolding 12484ms Simplex.Simplex 5341:211082  some (SH 12484ms, ATP 845ms): Try this: using \<open>xs \<in> lvars (\<T> (l' ! sp))\<close> eq_for_lvar satisfies_tableau_def by blast (5 ms)
0.sledgehammer goal.using      5068ms Simplex.Simplex 5342:211124  some (SH 5068ms, ATP 1561ms): Try this: using \<open>xs \<in> lvars (\<T> (l' ! sp))\<close> eq_for_lvar by blast (7 ms)
0.sledgehammer goal.using      4868ms Simplex.Simplex 5343:211152  some (SH 4868ms, ATP 1430ms): Try this: using \<open>xs \<in> lvars (\<T> (l' ! sp))\<close> by blast (11 ms)
0.sledgehammer goal.by         7785ms Simplex.Simplex 5344:211195  some (SH 7785ms, ATP 1417ms): Try this: by blast (4 ms)
0.sledgehammer goal.using      4852ms Simplex.Simplex 5348:211262  some (SH 4852ms, ATP 1378ms): Try this: by (simp add: \<open>xs \<in> lvars (\<T> (l' ! sp))\<close> eq_for_lvar) (4 ms)
0.sledgehammer goal.using      3702ms Simplex.Simplex 5349:211303  some (SH 3702ms, ATP 1373ms): Try this: using eq_for_lvar by presburger (4 ms)
0.sledgehammer goal.by         3466ms Simplex.Simplex 5350:211329  some (SH 3466ms, ATP 1287ms): Try this: by presburger (3 ms)
0.sledgehammer goal.unfolding  4848ms Simplex.Simplex 5353:211381  some (SH 4847ms, ATP 427ms): Try this: by (simp add: satisfies_eq_def) (24 ms)
0.sledgehammer goal.by         3498ms Simplex.Simplex 5354:211416  some (SH 3498ms, ATP 330ms): Try this: by argo (5 ms)
0.sledgehammer goal.using     12711ms Simplex.Simplex 5358:211479  timeout (SH 12711ms): Timed out
0.sledgehammer goal.using      8524ms Simplex.Simplex 5359:211536  some (SH 8524ms, ATP 457ms): Try this: using succ_min_lvar_not_in_bounds(1) by blast (6 ms)
0.sledgehammer goal.by         8330ms Simplex.Simplex 5360:211605  some (SH 8330ms, ATP 399ms): Try this: by blast (2 ms)
0.sledgehammer goal.proof     12859ms Simplex.Simplex 5363:211669  timeout (SH 12859ms): Timed out
0.sledgehammer goal.proof     12805ms Simplex.Simplex 5367:211761  timeout (SH 12804ms): Timed out
0.sledgehammer goal.using     13150ms Simplex.Simplex 5370:211849  timeout (SH 13150ms): Timed out
0.sledgehammer goal.using      9988ms Simplex.Simplex 5371:211922  some (SH 9987ms, ATP 481ms): Try this: using \<open>\<triangle> (\<T> (l ! sl)) \<and> \<diamond> (l ! sl) \<and> \<Turnstile>\<^sub>n\<^sub>o\<^sub>l\<^sub>h\<^sub>s (l ! sl) \<and> \<nabla> (l ! sl) \<and> l ! sl \<succ>\<^sub>x (l ! (sl + 1)) \<and> \<B>\<^sub>i (l ! (sl + 1)) = \<B>\<^sub>i (l ! sl) \<and> \<U>\<^sub>c (l ! (sl + 1)) = \<U>\<^sub>c (l ! sl)\<close> \<open>sl + 1 < length l \<and> xr \<in> lvars (\<T> (l ! sl)) \<and> xr \<in> rvars (\<T> (l ! (sl + 1)))\<close> \<open>x < xr\<close> by fastforce (6 ms)
0.sledgehammer goal.by         8190ms Simplex.Simplex 5372:211992  some (SH 8190ms, ATP 450ms): Try this: by fastforce (2 ms)
0.sledgehammer goal.using     12808ms Simplex.Simplex 5376:212066  timeout (SH 12808ms): Timed out
0.sledgehammer goal.unfolding 12690ms Simplex.Simplex 5377:212100  timeout (SH 12690ms): Timed out
0.sledgehammer goal.by         8906ms Simplex.Simplex 5378:212150  some (SH 8906ms, ATP 1105ms): Try this: by (simp add: satisfies_bounds_set.simps) (9 ms)
0.sledgehammer goal.using      3325ms Simplex.Simplex 5383:212260  some (SH 3325ms, ATP 492ms): Try this: using \<open>xs < xr\<close> by blast (0.8 ms)
0.sledgehammer goal.by         3136ms Simplex.Simplex 5384:212282  some (SH 3136ms, ATP 461ms): Try this: by blast (4 ms)
0.sledgehammer goal.using     12764ms Simplex.Simplex 5387:212337  timeout (SH 12764ms): Timed out
0.sledgehammer goal.using     12724ms Simplex.Simplex 5388:212397  some (SH 12724ms, ATP 430ms): Try this: using succ_min_lvar_not_in_bounds(1) by blast (3 ms)
0.sledgehammer goal.by         8169ms Simplex.Simplex 5389:212467  some (SH 8169ms, ATP 341ms): Try this: by fastforce (2 ms)
0.sledgehammer goal.proof     12907ms Simplex.Simplex 5392:212538  timeout (SH 12907ms): Timed out
0.sledgehammer goal.proof     13535ms Simplex.Simplex 5396:212660  timeout (SH 13535ms): Timed out
0.sledgehammer goal.using     44754ms Simplex.Simplex 5400:212826  some (SH 44754ms, ATP 2703ms): Try this: by (metis \<open>1 < length l'\<close> \<open>hd l' = l ! (sl + 1)\<close> \<open>k \<le> length l' - 1\<close> \<open>sl + 1 < length l\<close> hd_conv_nth interval_class.less_eq_dec_imp_less l'_l le_add_diff_inverse2 less_add_same_cancel2 less_inc_imp_less_eq list.size(3) not_gr_zero) (97 ms)
0.sledgehammer goal.apply     44647ms Simplex.Simplex 5401:212883  some (SH 44647ms, ATP 2781ms): Try this: by (metis \<open>hd l' = l ! (sl + 1)\<close> \<open>sl + 1 < length l\<close> hd_conv_nth interval_class.less_eq_dec_imp_less le_add_diff_inverse2 less_add_same_cancel2 less_inc_imp_less_eq list.size(3) not_gr_zero) (86 ms)
0.sledgehammer goal.apply     39042ms Simplex.Simplex 5402:212916  some (SH 39042ms, ATP 2241ms): Try this: apply (smt (z3) cancel_ab_semigroup_add_class.diff_right_commute cancel_comm_monoid_add_class.diff_cancel le_add_diff_inverse le_add_diff_inverse2 less_add_same_cancel2 less_one nat_le_linear not_gr_zero zero_diff zero_less_diff) (333 ms)
0.sledgehammer goal.apply     49931ms Simplex.Simplex 5403:212963  some (SH 49931ms, ATP 640ms): Try this: apply (metis diff_is_0_eq le_add_diff_inverse2 less_eq_iff_succ_less less_iff_succ_less_eq less_or_eq_imp_le) (395 ms)
0.sledgehammer goal.by        20406ms Simplex.Simplex 5404:212990  some (SH 20406ms, ATP 364ms): Try this: apply linarith (45 ms)
0.sledgehammer goal.proof     12894ms Simplex.Simplex 5409:213133  timeout (SH 12894ms): Timed out
0.sledgehammer goal.using     13925ms Simplex.Simplex 5413:213295  some (SH 13925ms, ATP 2471ms): Try this: by (metis \<open>l' ! sp = l ! sp'\<close> \<open>xs \<in> lvars (\<T> (l' ! sp))\<close> in_mono rvars_of_lvar_rvars) (45 ms)
0.sledgehammer goal.using     13980ms Simplex.Simplex 5414:213346  some (SH 13980ms, ATP 2237ms): Try this: by (metis \<open>l' ! sp = l ! sp'\<close> \<open>xs \<in> lvars (\<T> (l' ! sp))\<close> rvars_of_lvar_rvars subsetD) (26 ms)
0.sledgehammer goal.by        13197ms Simplex.Simplex 5415:213403  some (SH 13196ms, ATP 2195ms): Try this: by (metis rvars_of_lvar_rvars subsetD) (26 ms)
0.sledgehammer goal.proof     13436ms Simplex.Simplex 5417:213500  timeout (SH 13436ms): Timed out
0.sledgehammer goal.using     12367ms Simplex.Simplex 5421:213657  timeout (SH 12367ms): Timed out
0.sledgehammer goal.using     12256ms Simplex.Simplex 5422:213703  timeout (SH 12256ms): Timed out
0.sledgehammer goal.using     12690ms Simplex.Simplex 5423:213744  timeout (SH 12690ms): Timed out
0.sledgehammer goal.using     95903ms Simplex.Simplex 5424:213779  some (SH 95902ms, ATP 3679ms): Try this: by (smt (verit, best) Un_iff add_lessD1 canonically_ordered_monoid_add_class.lessE succ_chain_vars_id) (169 ms)
0.sledgehammer goal.by        16959ms Simplex.Simplex 5425:213830  some (SH 16959ms, ATP 4124ms): Try this: by (metis (no_types, lifting) Un_iff add_lessD1 canonically_ordered_monoid_add_class.lessE) (675 ms)
0.sledgehammer goal.using     12285ms Simplex.Simplex 5427:213897  timeout (SH 12285ms): Timed out
0.sledgehammer goal.using     12348ms Simplex.Simplex 5428:213941  timeout (SH 12348ms): Timed out
0.sledgehammer goal.using     12609ms Simplex.Simplex 5429:213987  timeout (SH 12609ms): Timed out
0.sledgehammer goal.using     15445ms Simplex.Simplex 5430:214038  timeout (SH 15445ms): Timed out
0.sledgehammer goal.using     13997ms Simplex.Simplex 5431:214073  some (SH 13997ms, ATP 1424ms): Try this: using add_lessD1 succ_chain_swap_lr_exists by blast (301 ms)
0.sledgehammer goal.by        13951ms Simplex.Simplex 5432:214133  some (SH 13951ms, ATP 736ms): Try this: using add_lessD1 by blast (3 ms)
0.sledgehammer goal.by        10822ms Simplex.Simplex 5434:214196  some (SH 10821ms, ATP 117ms): Try this: by blast (0.7 ms)
0.sledgehammer goal.using     12531ms Simplex.Simplex 5436:214250  some (SH 12531ms, ATP 409ms): Try this: using Max.coboundedI \<open>finite {x. \<exists>sl. sl + 1 < length l \<and> x \<in> lvars (\<T> (l ! sl)) \<and> x \<in> rvars (\<T> (l ! (sl + 1)))}\<close> by blast (4 ms)
0.sledgehammer goal.using     13850ms Simplex.Simplex 5437:214292  some (SH 13850ms, ATP 560ms): Try this: using Max.coboundedI by blast (5 ms)
0.sledgehammer goal.by         3767ms Simplex.Simplex 5438:214338  some (SH 3767ms, ATP 352ms): Try this: by fastforce (2 ms)
0.sledgehammer goal.using     12492ms Simplex.Simplex 5440:214388  some (SH 12492ms, ATP 469ms): Try this: using \<open>xr < x\<close> \<open>xr = Max {x. \<exists>sl. sl + 1 < length l \<and> x \<in> lvars (\<T> (l ! sl)) \<and> x \<in> rvars (\<T> (l ! (sl + 1)))}\<close> linorder_not_less by blast (2 ms)
0.sledgehammer goal.using     11539ms Simplex.Simplex 5441:214417  some (SH 11539ms, ATP 633ms): Try this: using \<open>xr = Max {x. \<exists>sl. sl + 1 < length l \<and> x \<in> lvars (\<T> (l ! sl)) \<and> x \<in> rvars (\<T> (l ! (sl + 1)))}\<close> linorder_not_less by blast (2 ms)
0.sledgehammer goal.by         9520ms Simplex.Simplex 5442:214448  some (SH 9520ms, ATP 489ms): Try this: using linorder_not_less by blast (1 ms)
0.sledgehammer goal.using      8815ms Simplex.Simplex 5446:214528  some (SH 8814ms, ATP 491ms): Try this: using \<open>l ! 0 = s\<close> \<open>last l = s\<close> \<open>x \<in> rvars (\<T> (l ! sp'))\<close> by auto (10 ms)
0.sledgehammer goal.using      4834ms Simplex.Simplex 5447:214579  some (SH 4834ms, ATP 391ms): Try this: using \<open>l ! 0 = s\<close> \<open>x \<in> rvars (\<T> (l ! sp'))\<close> by fastforce (66 ms)
0.sledgehammer goal.by         4385ms Simplex.Simplex 5448:214623  some (SH 4385ms, ATP 393ms): Try this: using \<open>l ! 0 = s\<close> by fastforce (51 ms)
0.sledgehammer goal.proof     12262ms Simplex.Simplex 5451:214705  timeout (SH 12262ms): Timed out
0.sledgehammer goal.using      5550ms Simplex.Simplex 5454:214804  some (SH 5550ms, ATP 314ms): Try this: by (metis \<open>l \<noteq> []\<close> \<open>x \<in> rvars (\<T> (last l))\<close> last_conv_nth) (48 ms)
0.sledgehammer goal.using      5075ms Simplex.Simplex 5455:214849  some (SH 5075ms, ATP 263ms): Try this: by (metis \<open>l \<noteq> []\<close> last_conv_nth) (36 ms)
0.sledgehammer goal.by         4813ms Simplex.Simplex 5456:214878  some (SH 4813ms, ATP 249ms): Try this: by (metis last_conv_nth) (49 ms)
0.sledgehammer goal.using      8192ms Simplex.Simplex 5460:215000  some (SH 8192ms, ATP 324ms): Try this: using \<open>k \<le> length l - 1\<close> le_neq_implies_less by presburger (2 ms)
0.sledgehammer goal.by         9949ms Simplex.Simplex 5461:215039  some (SH 9949ms, ATP 278ms): Try this: using le_neq_implies_less by blast (1 ms)
0.sledgehammer goal.using     15299ms Simplex.Simplex 5463:215098  some (SH 15299ms, ATP 226ms): Try this: using \<open>1 < length l\<close> \<open>k \<le> length l - 1\<close> interval_class.less_eq_dec_imp_less by blast (3 ms)
0.sledgehammer goal.by        15613ms Simplex.Simplex 5464:215133  some (SH 15613ms, ATP 229ms): Try this: using \<open>k \<le> length l - 1\<close> interval_class.less_eq_dec_imp_less by blast (3 ms)
0.sledgehammer goal.proof     12162ms Simplex.Simplex 5466:215178  timeout (SH 12162ms): Timed out
0.sledgehammer goal.using     12543ms Simplex.Simplex 5469:215295  timeout (SH 12543ms): Timed out
0.sledgehammer goal.using     12216ms Simplex.Simplex 5470:215343  timeout (SH 12216ms): Timed out
0.sledgehammer goal.using     12396ms Simplex.Simplex 5471:215401  timeout (SH 12396ms): Timed out
0.sledgehammer goal.using     13229ms Simplex.Simplex 5472:215454  timeout (SH 13229ms): Timed out
0.sledgehammer goal.by        13732ms Simplex.Simplex 5473:215500  timeout (SH 13732ms): Timed out
0.sledgehammer goal.using     12326ms Simplex.Simplex 5475:215571  timeout (SH 12326ms): Timed out
0.sledgehammer goal.using     12751ms Simplex.Simplex 5476:215608  timeout (SH 12751ms): Timed out
0.sledgehammer goal.using     13136ms Simplex.Simplex 5477:215654  timeout (SH 13136ms): Timed out
0.sledgehammer goal.using     12808ms Simplex.Simplex 5478:215701  timeout (SH 12807ms): Timed out
0.sledgehammer goal.using     19996ms Simplex.Simplex 5479:215751  some (SH 19996ms, ATP 1315ms): Try this: by (metis (no_types, lifting) diff_less last_conv_nth length_greater_0_conv succ_chain_swap_lr_exists zero_less_one) (376 ms)
0.sledgehammer goal.by        15866ms Simplex.Simplex 5480:215824  some (SH 15866ms, ATP 1225ms): Try this: using last_conv_nth length_greater_0_conv zero_less_one by force (560 ms)
0.sledgehammer goal.by        11399ms Simplex.Simplex 5482:215917  some (SH 11399ms, ATP 4768ms): Try this: by blast (0.8 ms)
0.sledgehammer goal.using     12418ms Simplex.Simplex 5484:215975  some (SH 12418ms, ATP 681ms): Try this: using Max.coboundedI \<open>finite {x. \<exists>sl. sl + 1 < length l \<and> x \<in> lvars (\<T> (l ! sl)) \<and> x \<in> rvars (\<T> (l ! (sl + 1)))}\<close> by blast (5 ms)
0.sledgehammer goal.using     12756ms Simplex.Simplex 5485:216019  some (SH 12756ms, ATP 520ms): Try this: using Max.coboundedI by blast (4 ms)
0.sledgehammer goal.by         3162ms Simplex.Simplex 5486:216067  some (SH 3162ms, ATP 449ms): Try this: by fastforce (2 ms)
0.sledgehammer goal.using     12639ms Simplex.Simplex 5488:216121  some (SH 12639ms, ATP 647ms): Try this: using \<open>xr < x\<close> \<open>xr = Max {x. \<exists>sl. sl + 1 < length l \<and> x \<in> lvars (\<T> (l ! sl)) \<and> x \<in> rvars (\<T> (l ! (sl + 1)))}\<close> by linarith (20 ms)
0.sledgehammer goal.using     11929ms Simplex.Simplex 5489:216152  some (SH 11929ms, ATP 758ms): Try this: using \<open>xr = Max {x. \<exists>sl. sl + 1 < length l \<and> x \<in> lvars (\<T> (l ! sl)) \<and> x \<in> rvars (\<T> (l ! (sl + 1)))}\<close> by linarith (4 ms)
0.sledgehammer goal.by        10705ms Simplex.Simplex 5490:216185  some (SH 10705ms, ATP 686ms): Try this: by linarith (3 ms)
0.sledgehammer goal.using     15164ms Simplex.Simplex 5495:216288  some (SH 15164ms, ATP 522ms): Try this: by (metis \<open>k' < length l\<close> \<open>l' ! sp = l ! sp'\<close> \<open>x \<in> rvars_of_lvar (\<T> (l' ! sp)) xs\<close> \<open>xr < x\<close> interval_class.less_imp_less_eq_dec le0) (54 ms)
0.sledgehammer goal.using     12438ms Simplex.Simplex 5496:216348  some (SH 12438ms, ATP 562ms): Try this: by (metis \<open>l' ! sp = l ! sp'\<close> interval_class.less_imp_less_eq_dec le0) (40 ms)
0.sledgehammer goal.by        11537ms Simplex.Simplex 5497:216384  some (SH 11537ms, ATP 540ms): Try this: by (metis interval_class.less_imp_less_eq_dec le0) (46 ms)
0.sledgehammer goal.using      2830ms Simplex.Simplex 5500:216446  some (SH 2830ms, ATP 279ms): Try this: using \<open>l ! k' = l' ! k\<close> by argo (3 ms)
0.sledgehammer goal.by         2683ms Simplex.Simplex 5501:216480  some (SH 2683ms, ATP 279ms): Try this: by argo (2 ms)
0.sledgehammer goal.using     12323ms Simplex.Simplex 5504:216563  timeout (SH 12323ms): Timed out
0.sledgehammer goal.by        14219ms Simplex.Simplex 5505:216614  timeout (SH 14218ms): Timed out
0.sledgehammer goal.using      8283ms Simplex.Simplex 5507:216730  some (SH 8283ms, ATP 361ms): Try this: by (metis \<open>l' \<noteq> []\<close> last_conv_nth) (30 ms)
0.sledgehammer goal.by         7342ms Simplex.Simplex 5508:216754  some (SH 7342ms, ATP 451ms): Try this: by (metis last_conv_nth) (37 ms)
0.sledgehammer goal.using      3465ms Simplex.Simplex 5510:216827  some (SH 3465ms, ATP 282ms): Try this: using \<open>last l' = l ! sl\<close> by argo (3 ms)
0.sledgehammer goal.by         3108ms Simplex.Simplex 5511:216860  some (SH 3108ms, ATP 287ms): Try this: by argo (3 ms)
0.sledgehammer goal.using     11212ms Simplex.Simplex 5515:216927  some (SH 11212ms, ATP 1137ms): Try this: using \<open>\<langle>\<V> (l' ! 0)\<rangle> xr = \<langle>\<V> (l' ! sp)\<rangle> xr\<close> \<open>hd l' = l ! (sl + 1)\<close> \<open>l' \<noteq> []\<close> hd_conv_nth by force (22 ms)
0.sledgehammer goal.using     10032ms Simplex.Simplex 5516:216976  some (SH 10032ms, ATP 1043ms): Try this: using \<open>hd l' = l ! (sl + 1)\<close> \<open>l' \<noteq> []\<close> hd_conv_nth by fastforce (22 ms)
0.sledgehammer goal.by         8013ms Simplex.Simplex 5517:217021  some (SH 8013ms, ATP 1028ms): Try this: by (simp add: hd_conv_nth) (7 ms)
0.sledgehammer goal.using     12835ms Simplex.Simplex 5523:217255  timeout (SH 12835ms): Timed out
0.sledgehammer goal.using     12938ms Simplex.Simplex 5524:217300  timeout (SH 12938ms): Timed out
0.sledgehammer goal.by        13051ms Simplex.Simplex 5525:217358  timeout (SH 13051ms): Timed out
0.sledgehammer goal.using     12738ms Simplex.Simplex 5527:217471  timeout (SH 12738ms): Timed out
0.sledgehammer goal.unfolding 13032ms Simplex.Simplex 5528:217576  timeout (SH 13032ms): Timed out
0.sledgehammer goal.by        12828ms Simplex.Simplex 5529:217615  timeout (SH 12828ms): Timed out
0.sledgehammer goal.using     12731ms Simplex.Simplex 5531:217672  timeout (SH 12731ms): Timed out
0.sledgehammer goal.by        12800ms Simplex.Simplex 5532:217732  timeout (SH 12800ms): Timed out
0.sledgehammer goal.using     12866ms Simplex.Simplex 5536:217955  timeout (SH 12866ms): Timed out
0.sledgehammer goal.using     13571ms Simplex.Simplex 5537:218000  timeout (SH 13571ms): Timed out
0.sledgehammer goal.by        12718ms Simplex.Simplex 5538:218058  timeout (SH 12718ms): Timed out
0.sledgehammer goal.using     12656ms Simplex.Simplex 5540:218171  timeout (SH 12656ms): Timed out
0.sledgehammer goal.unfolding 12586ms Simplex.Simplex 5541:218276  timeout (SH 12586ms): Timed out
0.sledgehammer goal.by        12719ms Simplex.Simplex 5542:218315  timeout (SH 12719ms): Timed out
0.sledgehammer goal.using     13624ms Simplex.Simplex 5544:218414  timeout (SH 13623ms): Timed out
0.sledgehammer goal.using     29071ms Simplex.Simplex 5545:218476  some (SH 29071ms, ATP 1176ms): Try this: by (metis \<open>\<triangle> (\<T> (l' ! sp)) \<and> \<diamond> (l' ! sp) \<and> \<Turnstile>\<^sub>n\<^sub>o\<^sub>l\<^sub>h\<^sub>s (l' ! sp) \<and> \<nabla> (l' ! sp) \<and> l' ! sp \<succ>\<^sub>x (l' ! (sp + 1)) \<and> \<B>\<^sub>i (l' ! (sp + 1)) = \<B>\<^sub>i (l' ! sp) \<and> \<U>\<^sub>c (l' ! (sp + 1)) = \<U>\<^sub>c (l' ! sp)\<close> \<open>sp + 1 < length l' \<and> xr \<in> rvars (\<T> (l' ! sp)) \<and> xr \<in> lvars (\<T> (l' ! (sp + 1)))\<close> \<open>sp + 1 < length l' \<and> xs \<in> lvars (\<T> (l' ! sp)) \<and> xs \<in> rvars (\<T> (l' ! (sp + 1)))\<close> dir2) (579 ms)
0.sledgehammer goal.using     15051ms Simplex.Simplex 5546:218518  some (SH 15051ms, ATP 860ms): Try this: by (metis \<open>sp + 1 < length l' \<and> xr \<in> rvars (\<T> (l' ! sp)) \<and> xr \<in> lvars (\<T> (l' ! (sp + 1)))\<close> \<open>sp + 1 < length l' \<and> xs \<in> lvars (\<T> (l' ! sp)) \<and> xs \<in> rvars (\<T> (l' ! (sp + 1)))\<close> dir2) (190 ms)
0.sledgehammer goal.unfolding 15868ms Simplex.Simplex 5547:218575  some (SH 15868ms, ATP 1027ms): Try this: by metis (582 ms)
0.sledgehammer goal.by        17523ms Simplex.Simplex 5548:218614  some (SH 17523ms, ATP 1023ms): Try this: by metis (922 ms)
0.sledgehammer goal.using     12591ms Simplex.Simplex 5551:218666  timeout (SH 12591ms): Timed out
0.sledgehammer goal.by        12731ms Simplex.Simplex 5552:218726  timeout (SH 12731ms): Timed out
0.sledgehammer goal.proof     12917ms Simplex.Simplex 5557:219000  timeout (SH 12917ms): Timed out
0.sledgehammer goal.using      4033ms Simplex.Simplex 5561:219168  some (SH 4033ms, ATP 350ms): Try this: using \<open>\<forall>x\<in>rvars_of_lvar (\<T> (l' ! sp)) xs. x < xr \<longrightarrow> \<not> (0 < coeff (rhs (eq_for_lvar (\<T> (l' ! sp)) xs)) x \<and> \<lhd>\<^sub>u\<^sub>b (lt dir2) (\<langle>\<V> (l' ! sp)\<rangle> x) (UB dir2 (l' ! sp) x) \<or> coeff (rhs (eq_for_lvar (\<T> (l' ! sp)) xs)) x < 0 \<and> \<rhd>\<^sub>l\<^sub>b (lt dir2) (\<langle>\<V> (l' ! sp)\<rangle> x) (LB dir2 (l' ! sp) x))\<close> by blast (3 ms)
0.sledgehammer goal.by         3607ms Simplex.Simplex 5562:219245  some (SH 3607ms, ATP 313ms): Try this: by blast (4 ms)
0.sledgehammer goal.using     13372ms Simplex.Simplex 5564:219325  timeout (SH 13372ms): Timed out
0.sledgehammer goal.unfolding 12602ms Simplex.Simplex 5565:219390  timeout (SH 12602ms): Timed out
0.sledgehammer goal.by        12627ms Simplex.Simplex 5566:219431  timeout (SH 12627ms): Timed out
0.sledgehammer goal.using      3780ms Simplex.Simplex 5571:219606  some (SH 3780ms, ATP 313ms): Try this: using \<open>\<forall>x\<in>rvars_of_lvar (\<T> (l' ! sp)) xs. x < xr \<longrightarrow> \<not> (0 < coeff (rhs (eq_for_lvar (\<T> (l' ! sp)) xs)) x \<and> \<lhd>\<^sub>u\<^sub>b (lt dir2) (\<langle>\<V> (l' ! sp)\<rangle> x) (UB dir2 (l' ! sp) x) \<or> coeff (rhs (eq_for_lvar (\<T> (l' ! sp)) xs)) x < 0 \<and> \<rhd>\<^sub>l\<^sub>b (lt dir2) (\<langle>\<V> (l' ! sp)\<rangle> x) (LB dir2 (l' ! sp) x))\<close> by blast (2 ms)
0.sledgehammer goal.by         3530ms Simplex.Simplex 5572:219683  some (SH 3530ms, ATP 309ms): Try this: by blast (4 ms)
0.sledgehammer goal.using     13347ms Simplex.Simplex 5574:219763  timeout (SH 13347ms): Timed out
0.sledgehammer goal.unfolding 12605ms Simplex.Simplex 5575:219833  timeout (SH 12605ms): Timed out
0.sledgehammer goal.by        12759ms Simplex.Simplex 5576:219874  timeout (SH 12759ms): Timed out
0.sledgehammer goal.using     13373ms Simplex.Simplex 5580:219947  timeout (SH 13373ms): Timed out
0.sledgehammer goal.using     12625ms Simplex.Simplex 5581:220007  timeout (SH 12625ms): Timed out
0.sledgehammer goal.using     12663ms Simplex.Simplex 5582:220046  timeout (SH 12662ms): Timed out
0.sledgehammer goal.by        13269ms Simplex.Simplex 5583:220089  timeout (SH 13269ms): Timed out
0.sledgehammer goal.using     12725ms Simplex.Simplex 5586:220254  timeout (SH 12725ms): Timed out
0.sledgehammer goal.by        12744ms Simplex.Simplex 5587:220273  timeout (SH 12744ms): Timed out
0.sledgehammer goal.proof     13332ms Simplex.Simplex 5592:220426  timeout (SH 13332ms): Timed out
0.sledgehammer goal.proof     13022ms Simplex.Simplex 5595:220620  timeout (SH 13022ms): Timed out
0.sledgehammer goal.proof     12834ms Simplex.Simplex 5600:220845  timeout (SH 12834ms): Timed out
0.sledgehammer goal.using      3374ms Simplex.Simplex 5603:220954  some (SH 3374ms, ATP 592ms): Try this: using \<open>\<forall>x<xr. in_bounds x \<langle>\<V> (l ! sl)\<rangle> (\<B> (l ! sl))\<close> by blast (2 ms)
0.sledgehammer goal.by         3134ms Simplex.Simplex 5604:221016  some (SH 3134ms, ATP 489ms): Try this: by blast (2 ms)
0.sledgehammer goal.proof     12833ms Simplex.Simplex 5606:221061  timeout (SH 12833ms): Timed out
0.sledgehammer goal.using      4312ms Simplex.Simplex 5609:221241  some (SH 4312ms, ATP 341ms): Try this: using "*" True \<open>x \<in> rvars_of_lvar (\<T> (l' ! sp)) xs\<close> by blast (2 ms)
0.sledgehammer goal.by         3676ms Simplex.Simplex 5610:221293  some (SH 3676ms, ATP 301ms): Try this: by fastforce (2 ms)
0.sledgehammer goal.using     12676ms Simplex.Simplex 5612:221376  timeout (SH 12676ms): Timed out
0.sledgehammer goal.apply     12830ms Simplex.Simplex 5613:221451  timeout (SH 12829ms): Timed out
0.sledgehammer goal.using     13488ms Simplex.Simplex 5614:221511  timeout (SH 13488ms): Timed out
0.sledgehammer goal.using     13091ms Simplex.Simplex 5615:221587  timeout (SH 13091ms): Timed out
0.sledgehammer goal.unfolding 12909ms Simplex.Simplex 5616:221663  timeout (SH 12909ms): Timed out
0.sledgehammer goal.by        12942ms Simplex.Simplex 5617:221710  timeout (SH 12942ms): Timed out
0.sledgehammer goal.using     12658ms Simplex.Simplex 5619:221844  timeout (SH 12658ms): Timed out
0.sledgehammer goal.using     12631ms Simplex.Simplex 5620:221890  timeout (SH 12631ms): Timed out
0.sledgehammer goal.by        12668ms Simplex.Simplex 5621:221983  timeout (SH 12668ms): Timed out
0.sledgehammer goal.using      8155ms Simplex.Simplex 5625:222206  some (SH 8155ms, ATP 327ms): Try this: using "*" True \<open>x \<in> rvars_of_lvar (\<T> (l' ! sp)) xs\<close> by fastforce (2 ms)
0.sledgehammer goal.by         3629ms Simplex.Simplex 5626:222258  some (SH 3629ms, ATP 362ms): Try this: by fastforce (2 ms)
0.sledgehammer goal.using     12804ms Simplex.Simplex 5628:222341  timeout (SH 12804ms): Timed out
0.sledgehammer goal.apply     13203ms Simplex.Simplex 5629:222416  timeout (SH 13203ms): Timed out
0.sledgehammer goal.using     13109ms Simplex.Simplex 5630:222476  timeout (SH 13109ms): Timed out
0.sledgehammer goal.using     13054ms Simplex.Simplex 5631:222552  timeout (SH 13054ms): Timed out
0.sledgehammer goal.unfolding 13074ms Simplex.Simplex 5632:222628  timeout (SH 13073ms): Timed out
0.sledgehammer goal.by        13008ms Simplex.Simplex 5633:222675  timeout (SH 13008ms): Timed out
0.sledgehammer goal.using     12712ms Simplex.Simplex 5635:222809  timeout (SH 12712ms): Timed out
0.sledgehammer goal.using     12864ms Simplex.Simplex 5636:222855  timeout (SH 12864ms): Timed out
0.sledgehammer goal.by        12410ms Simplex.Simplex 5637:222948  timeout (SH 12410ms): Timed out
0.sledgehammer goal.proof     13803ms Simplex.Simplex 5642:223077  timeout (SH 13803ms): Timed out
0.sledgehammer goal.using     12632ms Simplex.Simplex 5645:223206  timeout (SH 12632ms): Timed out
0.sledgehammer goal.using     14690ms Simplex.Simplex 5646:223254  some (SH 14690ms, ATP 514ms): Try this: using \<open>\<not> \<unrhd>\<^sub>l\<^sub>b (lt dir1) (\<langle>\<V> (l ! sl)\<rangle> xr) (LB dir1 (l ! sl) xr)\<close> \<open>sl + 1 < length l \<and> xr \<in> lvars (\<T> (l ! sl)) \<and> xr \<in> rvars (\<T> (l ! (sl + 1)))\<close> dir1 succ_set_on_bound(1) by auto (82 ms)
0.sledgehammer goal.using     10883ms Simplex.Simplex 5647:223294  some (SH 10882ms, ATP 535ms): Try this: by (metis \<open>\<not> \<unrhd>\<^sub>l\<^sub>b (lt dir1) (\<langle>\<V> (l ! sl)\<rangle> xr) (LB dir1 (l ! sl) xr)\<close> dir1 succ_set_on_bound(1)) (215 ms)
0.sledgehammer goal.using     10422ms Simplex.Simplex 5648:223368  some (SH 10422ms, ATP 557ms): Try this: by (meson \<open>\<not> \<unrhd>\<^sub>l\<^sub>b (lt dir1) (\<langle>\<V> (l ! sl)\<rangle> xr) (LB dir1 (l ! sl) xr)\<close> dir1) (33 ms)
0.sledgehammer goal.unfolding  9841ms Simplex.Simplex 5649:223443  some (SH 9841ms, ATP 608ms): Try this: by auto (170 ms)
0.sledgehammer goal.by         9973ms Simplex.Simplex 5650:223490  some (SH 9973ms, ATP 574ms): Try this: by metis (74 ms)
0.sledgehammer goal.using      3503ms Simplex.Simplex 5652:223572  some (SH 3503ms, ATP 1027ms): Try this: using \<open>\<langle>\<V> (l' ! sp)\<rangle> xr = \<langle>\<V> (l ! (sl + 1))\<rangle> xr\<close> by order (2 ms)
0.sledgehammer goal.by         3507ms Simplex.Simplex 5653:223629  some (SH 3507ms, ATP 1010ms): Try this: by presburger (8 ms)
0.sledgehammer goal.using     12569ms Simplex.Simplex 5655:223709  timeout (SH 12569ms): Timed out
0.sledgehammer goal.using     12732ms Simplex.Simplex 5656:223755  timeout (SH 12732ms): Timed out
0.sledgehammer goal.by        12811ms Simplex.Simplex 5657:223828  timeout (SH 12811ms): Timed out
0.sledgehammer goal.using     19727ms Simplex.Simplex 5662:223958  some (SH 19727ms, ATP 1549ms): Try this: by (smt (z3) \<open>\<not> \<unrhd>\<^sub>l\<^sub>b (lt dir2) (\<langle>\<V> (l' ! sp)\<rangle> xs) (LB dir2 (l' ! sp) xs)\<close> \<open>\<triangle> (\<T> (l' ! sp)) \<and> \<diamond> (l' ! sp) \<and> \<Turnstile>\<^sub>n\<^sub>o\<^sub>l\<^sub>h\<^sub>s (l' ! sp) \<and> \<nabla> (l' ! sp) \<and> l' ! sp \<succ>\<^sub>x (l' ! (sp + 1)) \<and> \<B>\<^sub>i (l' ! (sp + 1)) = \<B>\<^sub>i (l' ! sp) \<and> \<U>\<^sub>c (l' ! (sp + 1)) = \<U>\<^sub>c (l' ! sp)\<close> \<open>sp + 1 < length l' \<and> xr \<in> rvars (\<T> (l' ! sp)) \<and> xr \<in> lvars (\<T> (l' ! (sp + 1)))\<close> \<open>sp + 1 < length l' \<and> xs \<in> lvars (\<T> (l' ! sp)) \<and> xs \<in> rvars (\<T> (l' ! (sp + 1)))\<close> dir2 succ_min_rvar) (489 ms)
0.sledgehammer goal.using     19567ms Simplex.Simplex 5663:224028  some (SH 19567ms, ATP 1642ms): Try this: by (smt (z3) \<open>\<triangle> (\<T> (l' ! sp)) \<and> \<diamond> (l' ! sp) \<and> \<Turnstile>\<^sub>n\<^sub>o\<^sub>l\<^sub>h\<^sub>s (l' ! sp) \<and> \<nabla> (l' ! sp) \<and> l' ! sp \<succ>\<^sub>x (l' ! (sp + 1)) \<and> \<B>\<^sub>i (l' ! (sp + 1)) = \<B>\<^sub>i (l' ! sp) \<and> \<U>\<^sub>c (l' ! (sp + 1)) = \<U>\<^sub>c (l' ! sp)\<close> \<open>sp + 1 < length l' \<and> xr \<in> rvars (\<T> (l' ! sp)) \<and> xr \<in> lvars (\<T> (l' ! (sp + 1)))\<close> \<open>sp + 1 < length l' \<and> xs \<in> lvars (\<T> (l' ! sp)) \<and> xs \<in> rvars (\<T> (l' ! (sp + 1)))\<close> dir2 succ_min_rvar) (509 ms)
0.sledgehammer goal.using     22659ms Simplex.Simplex 5664:224078  some (SH 22659ms, ATP 1770ms): Try this: by (smt (z3) \<open>sp + 1 < length l' \<and> xr \<in> rvars (\<T> (l' ! sp)) \<and> xr \<in> lvars (\<T> (l' ! (sp + 1)))\<close> \<open>sp + 1 < length l' \<and> xs \<in> lvars (\<T> (l' ! sp)) \<and> xs \<in> rvars (\<T> (l' ! (sp + 1)))\<close> dir2 succ_min_rvar) (499 ms)
0.sledgehammer goal.using     22069ms Simplex.Simplex 5665:224138  some (SH 22069ms, ATP 1756ms): Try this: by (smt (z3) dir2 succ_min_rvar) (487 ms)
0.sledgehammer goal.unfolding 17090ms Simplex.Simplex 5666:224218  some (SH 17090ms, ATP 865ms): Try this: by metis (623 ms)
0.sledgehammer goal.by        15120ms Simplex.Simplex 5667:224265  some (SH 15120ms, ATP 904ms): Try this: by metis (606 ms)
0.sledgehammer goal.using     12612ms Simplex.Simplex 5670:224387  timeout (SH 12612ms): Timed out
0.sledgehammer goal.using     12701ms Simplex.Simplex 5671:224443  timeout (SH 12701ms): Timed out
0.sledgehammer goal.using     12791ms Simplex.Simplex 5672:224500  timeout (SH 12791ms): Timed out
0.sledgehammer goal.by        13029ms Simplex.Simplex 5673:224556  timeout (SH 13028ms): Timed out
0.sledgehammer goal.using      9818ms Simplex.Simplex 5677:224808  some (SH 9818ms, ATP 1510ms): Try this: using dir1 apply presburger (1 ms)
0.sledgehammer goal.by         3346ms Simplex.Simplex 5678:224840  some (SH 3346ms, ATP 1028ms): Try this: apply argo (4 ms)
0.sledgehammer goal.using     13777ms Simplex.Simplex 5681:224916  timeout (SH 13777ms): Timed out
0.sledgehammer goal.using     12783ms Simplex.Simplex 5682:224947  timeout (SH 12783ms): Timed out
0.sledgehammer goal.by        12696ms Simplex.Simplex 5683:225039  timeout (SH 12696ms): Timed out
0.sledgehammer goal.using     12039ms Simplex.Simplex 5687:225185  timeout (SH 12039ms): Timed out
0.sledgehammer goal.by         2619ms Simplex.Simplex 5688:225218  some (SH 2619ms, ATP 357ms): Try this: using nat_neq_iff by blast (5 ms)
0.sledgehammer goal.using     12670ms Simplex.Simplex 5690:225286  timeout (SH 12670ms): Timed out
0.sledgehammer goal.using      3630ms Simplex.Simplex 5691:225357  some (SH 3630ms, ATP 319ms): Try this: using \<open>x \<in> rvars_of_lvar (\<T> (l' ! sp)) xs\<close> by fastforce (3 ms)
0.sledgehammer goal.by         3544ms Simplex.Simplex 5692:225398  some (SH 3544ms, ATP 276ms): Try this: by blast (3 ms)
0.sledgehammer goal.by         4647ms Simplex.Simplex 5694:225454  some (SH 4647ms, ATP 315ms): Try this: by simp (15 ms)
0.sledgehammer goal.using     13194ms Simplex.Simplex 5699:225586  timeout (SH 13194ms): Timed out
0.sledgehammer goal.apply     13347ms Simplex.Simplex 5700:225607  timeout (SH 13347ms): Timed out
0.sledgehammer goal.using     14205ms Simplex.Simplex 5701:225628  timeout (SH 14205ms): Timed out
0.sledgehammer goal.apply     13232ms Simplex.Simplex 5702:225699  timeout (SH 13232ms): Timed out
0.sledgehammer goal.using     13142ms Simplex.Simplex 5703:225751  timeout (SH 13141ms): Timed out
0.sledgehammer goal.apply     13445ms Simplex.Simplex 5704:225821  timeout (SH 13445ms): Timed out
0.sledgehammer goal.by        13134ms Simplex.Simplex 5707:225967  timeout (SH 13134ms): Timed out
0.sledgehammer goal.using     13144ms Simplex.Simplex 5709:226084  timeout (SH 13144ms): Timed out
0.sledgehammer goal.by        12978ms Simplex.Simplex 5710:226162  timeout (SH 12978ms): Timed out
0.sledgehammer goal.using     13130ms Simplex.Simplex 5712:226236  timeout (SH 13130ms): Timed out
0.sledgehammer goal.using     13125ms Simplex.Simplex 5713:226257  timeout (SH 13125ms): Timed out
0.sledgehammer goal.using     13165ms Simplex.Simplex 5714:226330  timeout (SH 13165ms): Timed out
0.sledgehammer goal.by        13148ms Simplex.Simplex 5715:226403  timeout (SH 13148ms): Timed out
0.sledgehammer goal.using     13530ms Simplex.Simplex 5719:226493  timeout (SH 13530ms): Timed out
0.sledgehammer goal.by        12788ms Simplex.Simplex 5720:226526  timeout (SH 12788ms): Timed out
0.sledgehammer goal.by         3000ms Simplex.Simplex 5723:226613  some (SH 3000ms, ATP 366ms): Try this: by blast (6 ms)
0.sledgehammer goal.by        13116ms Simplex.Simplex 5732:226784  some (SH 13116ms, ATP 862ms): Try this: using assms check_dom.step by blast (2 ms)
0.sledgehammer goal.proof     13352ms Simplex.Simplex 5744:227343  timeout (SH 13352ms): Timed out
0.sledgehammer goal.using      7417ms Simplex.Simplex 5747:227420  some (SH 7417ms, ATP 756ms): Try this: by (simp add: check_unsat_terminates) (2 ms)
0.sledgehammer goal.by         9153ms Simplex.Simplex 5747:227449  some (SH 9153ms, ATP 755ms): Try this: by auto (2 ms)
0.sledgehammer goal.using      3518ms Simplex.Simplex 5751:227531  some (SH 3518ms, ATP 440ms): Try this: using min_rvar_incdec_eq_Some_rvars by blast (3 ms)
0.sledgehammer goal.using      3362ms Simplex.Simplex 5752:227607  some (SH 3362ms, ATP 432ms): Try this: by force (3 ms)
0.sledgehammer goal.by         3808ms Simplex.Simplex 5753:227621  some (SH 3808ms, ATP 634ms): Try this: by blast (3 ms)
0.sledgehammer goal.proof     153788ms Simplex.Simplex 5756:227716  timeout (SH 153788ms):
0.sledgehammer goal.using      9743ms Simplex.Simplex 5758:227797  some (SH 9742ms, ATP 1537ms): Try this: using Inr assms(3,4,5,6,8) dir pivotandupdate_check_precond apply blast (12 ms)
0.sledgehammer goal.using      7210ms Simplex.Simplex 5759:227852  some (SH 7210ms, ATP 1447ms): Try this: using assms(3,4,5,6) dir pivotandupdate_check_precond apply blast (13 ms)
0.sledgehammer goal.using      7037ms Simplex.Simplex 5760:227908  some (SH 7037ms, ATP 1331ms): Try this: using pivotandupdate_check_precond apply blast (7 ms)
0.sledgehammer goal.by         5185ms Simplex.Simplex 5761:227949  some (SH 5185ms, ATP 1337ms): Try this: apply blast (11 ms)
0.sledgehammer goal.using      3506ms Simplex.Simplex 5763:227996  some (SH 3506ms, ATP 610ms): Try this: using MinLVarNotInBounds.min_lvar_not_in_bounds_lvars MinLVarNotInBounds_axioms assms(8) by blast (3 ms)
0.sledgehammer goal.by         3249ms Simplex.Simplex 5763:228040  some (SH 3249ms, ATP 603ms): Try this: by blast (4 ms)
0.sledgehammer goal.unfolding 32279ms Simplex.Simplex 5765:228074  some (SH 32278ms, ATP 1163ms): Try this: using Inr assms(3,4,5,6,8) dir gt_state_def pivotandupdate_bounds_id pivotandupdate_unsat_core_id xi xj by auto (1.2 s)
0.sledgehammer goal.using     59852ms Simplex.Simplex 5766:228103  some (SH 59852ms, ATP 858ms): Try this: using Inr assms(3,4,5,6,8) dir pivotandupdate_bounds_id pivotandupdate_unsat_core_id xi xj by auto (587 ms)
0.sledgehammer goal.using     21584ms Simplex.Simplex 5767:228153  some (SH 21584ms, ATP 780ms): Try this: using Inr assms(8) dir pivotandupdate_bounds_id pivotandupdate_unsat_core_id xi xj by auto (315 ms)
0.sledgehammer goal.by        17428ms Simplex.Simplex 5769:228263  some (SH 17428ms, ATP 864ms): Try this: using pivotandupdate_bounds_id pivotandupdate_unsat_core_id xi xj by auto (352 ms)
0.sledgehammer goal.using     10147ms Simplex.Simplex 5772:228390  some (SH 10147ms, ATP 1854ms): Try this: using Inr by fastforce (3 ms)
0.sledgehammer goal.by         9523ms Simplex.Simplex 5772:228400  some (SH 9523ms, ATP 1118ms): Try this: by simp (1 ms)
0.sledgehammer goal.using     13669ms Simplex.Simplex 5778:228526  timeout (SH 13669ms): Timed out
0.sledgehammer goal.proof     14068ms Simplex.Simplex 5779:228538  timeout (SH 14068ms): Timed out
0.sledgehammer goal.proof     14298ms Simplex.Simplex 5781:228647  timeout (SH 14298ms): Timed out
0.sledgehammer goal.proof     15169ms Simplex.Simplex 5785:228781  timeout (SH 15169ms): Timed out
0.sledgehammer goal.using     14039ms Simplex.Simplex 5789:228871  timeout (SH 14039ms): Timed out
0.sledgehammer goal.by        19450ms Simplex.Simplex 5790:228939  some (SH 19449ms, ATP 2744ms): Try this: apply (simp add: case_prod_beta) (29 ms)
0.sledgehammer goal.using     18754ms Simplex.Simplex 5792:228985  some (SH 18754ms, ATP 700ms): Try this: by (metis (no_types, lifting) SigmaI surjective_pairing) (200 ms)
0.sledgehammer goal.by         9354ms Simplex.Simplex 5793:229033  some (SH 9354ms, ATP 608ms): Try this: by force (10 ms)
0.sledgehammer goal.using     13281ms Simplex.Simplex 5796:229081  timeout (SH 13281ms): Timed out
0.sledgehammer goal.using     11501ms Simplex.Simplex 5797:229126  some (SH 11501ms, ATP 488ms): Try this: by (meson finite_SigmaI rev_finite_subset) (10 ms)
0.sledgehammer goal.by         8394ms Simplex.Simplex 5798:229169  some (SH 8394ms, ATP 146ms): Try this: by blast (4 ms)
0.sledgehammer goal.proof     13620ms Simplex.Simplex 5801:229204  timeout (SH 13620ms): Timed out
0.sledgehammer goal.by        13245ms Simplex.Simplex 5803:229247  some (SH 13245ms, ATP 899ms): Try this: by force (2 ms)
0.sledgehammer goal.using     15510ms Simplex.Simplex 5805:229287  some (SH 15510ms, ATP 596ms): Try this: using acyclic_subset acyclic_suc_rel by force (993 ms)
0.sledgehammer goal.using      9866ms Simplex.Simplex 5806:229333  some (SH 9866ms, ATP 596ms): Try this: using acyclic_suc_rel by force (1.0 s)
0.sledgehammer goal.by         7437ms Simplex.Simplex 5807:229363  some (SH 7437ms, ATP 544ms): Try this: by force (1.0 s)
0.sledgehammer goal.using     13050ms Simplex.Simplex 5815:229668  timeout (SH 13050ms): Timed out
0.sledgehammer goal.using     25692ms Simplex.Simplex 5816:229718  some (SH 25692ms, ATP 1657ms): Try this: by (metis (mono_tags, lifting) case_prodI mem_Collect_eq r_into_rtrancl trancl_rtrancl_absorb) (2.2 s)
0.sledgehammer goal.by        11644ms Simplex.Simplex 5817:229767  some (SH 11643ms, ATP 251ms): Try this: by blast (6 ms)
0.sledgehammer goal.proof     13206ms Simplex.Simplex 5819:229798  timeout (SH 13206ms): Timed out
0.sledgehammer goal.by        12699ms Simplex.Simplex 5823:230062  timeout (SH 12699ms): Timed out
0.sledgehammer goal.apply     13552ms Simplex.Simplex 5828:230257  timeout (SH 13552ms): Timed out
0.sledgehammer goal.apply     13891ms Simplex.Simplex 5829:230309  timeout (SH 13891ms): Timed out
0.sledgehammer goal.using      3452ms Simplex.Simplex 5830:230373  some (SH 3451ms, ATP 609ms): Try this: using \<open>\<langle>\<V> s\<rangle> x\<^sub>i <\<^sub>l\<^sub>b \<B>\<^sub>l s x\<^sub>i\<close> apply presburger (2 ms)
0.sledgehammer goal.using      4015ms Simplex.Simplex 5831:230426  some (SH 4015ms, ATP 664ms): Try this: using \<open>\<langle>\<V> s\<rangle> x\<^sub>i <\<^sub>l\<^sub>b \<B>\<^sub>l s x\<^sub>i\<close> apply argo (12 ms)
0.sledgehammer goal.by         3800ms Simplex.Simplex 5832:230512  some (SH 3800ms, ATP 644ms): Try this: apply argo (3 ms)
0.sledgehammer goal.using      5543ms Simplex.Simplex 5837:230706  some (SH 5543ms, ATP 640ms): Try this: by (metis MinLVarNotInBounds.min_lvar_not_in_bounds_Some MinLVarNotInBounds_axioms in_bounds.simps neg_bounds_compare(3,6)) (91 ms)
0.sledgehammer goal.using      4734ms Simplex.Simplex 5838:230756  some (SH 4734ms, ATP 655ms): Try this: by (metis not_in_bounds) (52 ms)
0.sledgehammer goal.by         5020ms Simplex.Simplex 5839:230812  some (SH 5020ms, ATP 558ms): Try this: by auto (13 ms)
0.sledgehammer goal.by        14724ms Simplex.Simplex 5841:230867  timeout (SH 14723ms): Timed out
0.sledgehammer goal.apply     13749ms Simplex.Simplex 5846:231062  timeout (SH 13749ms): Timed out
0.sledgehammer goal.apply     14018ms Simplex.Simplex 5847:231114  timeout (SH 14018ms): Timed out
0.sledgehammer goal.using      3871ms Simplex.Simplex 5848:231159  some (SH 3871ms, ATP 674ms): Try this: using \<open>\<not> \<langle>\<V> s\<rangle> x\<^sub>i <\<^sub>l\<^sub>b \<B>\<^sub>l s x\<^sub>i\<close> apply presburger (0.5 ms)
0.sledgehammer goal.using      4071ms Simplex.Simplex 5849:231212  some (SH 4071ms, ATP 714ms): Try this: using \<open>\<not> \<langle>\<V> s\<rangle> x\<^sub>i <\<^sub>l\<^sub>b \<B>\<^sub>l s x\<^sub>i\<close> apply argo (4 ms)
0.sledgehammer goal.by         3838ms Simplex.Simplex 5850:231328  some (SH 3838ms, ATP 602ms): Try this: apply argo (5 ms)
0.sledgehammer goal.using     13782ms Simplex.Simplex 5857:231479  timeout (SH 13782ms): Timed out
0.sledgehammer goal.using     13583ms Simplex.Simplex 5858:231493  timeout (SH 13583ms): Timed out
0.sledgehammer goal.by        13719ms Simplex.Simplex 5859:231531  some (SH 13719ms, ATP 1502ms): Try this: by blast (1 ms)
0.sledgehammer goal.proof     13179ms Simplex.Simplex 5881:232314  timeout (SH 13179ms): Timed out
0.sledgehammer goal.using     13514ms Simplex.Simplex 5884:232370  some (SH 13514ms, ATP 1586ms): Try this: by (simp add: assms(1) check.simps) (2 ms)
0.sledgehammer goal.using     13110ms Simplex.Simplex 5885:232389  some (SH 13110ms, ATP 1247ms): Try this: by (simp add: check.simps) (2 ms)
0.sledgehammer goal.by         3727ms Simplex.Simplex 5886:232417  some (SH 3727ms, ATP 647ms): Try this: by argo (3 ms)
0.sledgehammer goal.proof     13096ms Simplex.Simplex 5890:232460  timeout (SH 13096ms): Timed out
0.sledgehammer goal.using     12945ms Simplex.Simplex 5893:232543  timeout (SH 12945ms): Timed out
0.sledgehammer goal.using     13119ms Simplex.Simplex 5894:232563  timeout (SH 13119ms): Timed out
0.sledgehammer goal.using      9930ms Simplex.Simplex 5895:232616  some (SH 9929ms, ATP 788ms): Try this: by (simp add: check.simps) (4 ms)
0.sledgehammer goal.by         8473ms Simplex.Simplex 5896:232646  some (SH 8473ms, ATP 657ms): Try this: by auto (4 ms)
0.sledgehammer goal.using     12865ms Simplex.Simplex 5902:232875  timeout (SH 12865ms): Timed out
0.sledgehammer goal.using     12951ms Simplex.Simplex 5903:232925  timeout (SH 12951ms): Timed out
0.sledgehammer goal.using     13211ms Simplex.Simplex 5904:232975  timeout (SH 13211ms): Timed out
0.sledgehammer goal.by        12977ms Simplex.Simplex 5905:233033  timeout (SH 12977ms): Timed out
0.sledgehammer goal.apply     58912ms Simplex.Simplex 5908:233123  some (SH 58911ms, ATP 1781ms): Try this: by (smt (cvc5) False Some \<open>\<lhd>\<^sub>l\<^sub>b (lt (if \<langle>\<V> s\<rangle> x\<^sub>i <\<^sub>l\<^sub>b \<B>\<^sub>l s x\<^sub>i then Positive else Negative)) (\<langle>\<V> s\<rangle> x\<^sub>i) (LB (if \<langle>\<V> s\<rangle> x\<^sub>i <\<^sub>l\<^sub>b \<B>\<^sub>l s x\<^sub>i then Positive else Negative) s x\<^sub>i)\<close> assms(3,4) check'_cases check.simps set_unsat_simps(5))
0.sledgehammer goal.using     154326ms Simplex.Simplex 5909:233155  timeout (SH 154326ms):
0.sledgehammer goal.using     101237ms Simplex.Simplex 5910:233260  some (SH 101237ms, ATP 943ms): Try this: apply (smt (z3) assms(3) check.simps set_unsat_simps(5)) (162 ms)
0.sledgehammer goal.using      9124ms Simplex.Simplex 5911:233294  some (SH 9124ms, ATP 880ms): Try this: apply (simp add: check.simps) (168 ms)
0.sledgehammer goal.using     11232ms Simplex.Simplex 5912:233328  some (SH 11232ms, ATP 811ms): Try this: using check.simps apply force (227 ms)
0.sledgehammer goal.using      6221ms Simplex.Simplex 5913:233385  some (SH 6221ms, ATP 771ms): Try this: apply force (160 ms)
0.sledgehammer goal.by         7823ms Simplex.Simplex 5914:233429  some (SH 7823ms, ATP 1493ms): Try this: apply force (255 ms)
0.sledgehammer goal.using     27811ms Simplex.Simplex 5916:233531  some (SH 27811ms, ATP 1334ms): Try this: by (metis (lifting) False Some check.simps option.simps(5)) (111 ms)
0.sledgehammer goal.using     19057ms Simplex.Simplex 5917:233589  some (SH 19057ms, ATP 1094ms): Try this: by (metis (lifting) check.simps option.simps(5)) (75 ms)
0.sledgehammer goal.using      8286ms Simplex.Simplex 5918:233619  some (SH 8286ms, ATP 892ms): Try this: by simp (5 ms)
0.sledgehammer goal.by         8355ms Simplex.Simplex 5919:233663  some (SH 8355ms, ATP 928ms): Try this: by auto (8 ms)
0.sledgehammer goal.proof     13080ms Simplex.Simplex 5936:234324  timeout (SH 13080ms): Timed out
0.sledgehammer goal.using      4591ms Simplex.Simplex 5938:234356  some (SH 4591ms, ATP 547ms): Try this: using assms(1,2,3,4) check_sat_terminates by blast (3 ms)
0.sledgehammer goal.by         3646ms Simplex.Simplex 5939:234368  some (SH 3646ms, ATP 656ms): Try this: by (simp add: check_sat_terminates) (5 ms)
0.sledgehammer goal.using     13270ms Simplex.Simplex 5941:234428  timeout (SH 13270ms): Timed out
0.sledgehammer goal.proof     13542ms Simplex.Simplex 5942:234438  timeout (SH 13542ms): Timed out
0.sledgehammer goal.proof     71167ms Simplex.Simplex 5945:234516  some (SH 71167ms, ATP 6536ms): Try this: by (smt (cvc5) assms(5,6,7) check_cases min_lvar_not_in_bounds_lvars min_rvar_incdec_eq_Some_rvars pivotandupdate_check_precond step' step.hyps(2,4) step.prems(1,2,3,4) trans')
0.sledgehammer goal.using      8296ms Simplex.Simplex 5953:234955  some (SH 8296ms, ATP 1240ms): Try this: apply (simp add: pivotandupdate_check_precond step.prems(1,2,3,4)) (49 ms)
0.sledgehammer goal.using     11790ms Simplex.Simplex 5954:235011  some (SH 11790ms, ATP 1240ms): Try this: using pivotandupdate_check_precond apply force (96 ms)
0.sledgehammer goal.using     10675ms Simplex.Simplex 5955:235065  some (SH 10675ms, ATP 1303ms): Try this: using pivotandupdate_check_precond apply force (75 ms)
0.sledgehammer goal.by         4805ms Simplex.Simplex 5956:235131  some (SH 4805ms, ATP 588ms): Try this: apply auto[1] (148 ms)
0.sledgehammer goal.using     10377ms Simplex.Simplex 5959:235227  some (SH 10377ms, ATP 1084ms): Try this: using step.hyps(2,4) by presburger (106 ms)
0.sledgehammer goal.by         6683ms Simplex.Simplex 5960:235291  some (SH 6683ms, ATP 760ms): Try this: by presburger (105 ms)
0.sledgehammer goal.using     154427ms Simplex.Simplex 5962:235372  timeout (SH 154427ms):
0.sledgehammer goal.using     121098ms Simplex.Simplex 5963:235444  some (SH 121098ms, ATP 747ms): Try this: by (smt (z3) MinLVarNotInBounds.min_lvar_not_in_bounds_lvars MinLVarNotInBounds_axioms \<open>min_lvar_not_in_bounds s' = Some x\<^sub>i\<close> \<open>min_rvar_incdec dir s' x\<^sub>i = Inr x\<^sub>j\<close> min_rvar_incdec_eq_Some_rvars step' trans') (292 ms)
0.sledgehammer goal.using     84967ms Simplex.Simplex 5964:235536  some (SH 84967ms, ATP 803ms): Try this: by (smt (z3) MinLVarNotInBounds.min_lvar_not_in_bounds_lvars MinLVarNotInBounds_axioms min_rvar_incdec_eq_Some_rvars step' trans') (232 ms)
0.sledgehammer goal.using     15412ms Simplex.Simplex 5965:235575  some (SH 15412ms, ATP 843ms): Try this: by (metis min_lvar_not_in_bounds_lvars min_rvar_incdec_eq_Some_rvars trans') (3.1 s)
0.sledgehammer goal.by         4656ms Simplex.Simplex 5966:235619  some (SH 4656ms, ATP 827ms): Try this: by (simp add: min_lvar_not_in_bounds_lvars min_rvar_incdec_eq_Some_rvars) (79 ms)
0.sledgehammer goal.proof     13230ms Simplex.Simplex 5980:236274  timeout (SH 13230ms): Timed out
0.sledgehammer goal.by        13111ms Simplex.Simplex 5982:236312  timeout (SH 13111ms): Timed out
0.sledgehammer goal.using      3932ms Simplex.Simplex 5984:236381  some (SH 3932ms, ATP 470ms): Try this: using assms(7) by force (0.8 ms)
0.sledgehammer goal.by         3949ms Simplex.Simplex 5985:236397  some (SH 3949ms, ATP 560ms): Try this: by blast (1 ms)
0.sledgehammer goal.proof     13043ms Simplex.Simplex 5999:236902  timeout (SH 13043ms): Timed out
0.sledgehammer goal.using     14341ms Simplex.Simplex 6002:236958  some (SH 14341ms, ATP 1967ms): Try this: using assms(2,3,4,5) check_cases by blast (10 ms)
0.sledgehammer goal.by        14162ms Simplex.Simplex 6003:236980  some (SH 14162ms, ATP 1968ms): Try this: using assms(2,3,4) check_cases by blast (10 ms)
0.sledgehammer goal.using      4377ms Simplex.Simplex 6007:237050  some (SH 4377ms, ATP 486ms): Try this: by (simp add: assms(1,2,3,4) check_sat_terminates) (2 ms)
0.sledgehammer goal.by         3347ms Simplex.Simplex 6008:237062  some (SH 3347ms, ATP 587ms): Try this: using check_sat_terminates by blast (4 ms)
0.sledgehammer goal.using     13077ms Simplex.Simplex 6010:237122  timeout (SH 13077ms): Timed out
0.sledgehammer goal.proof     12643ms Simplex.Simplex 6011:237138  timeout (SH 12643ms): Timed out
0.sledgehammer goal.proof     66387ms Simplex.Simplex 6014:237216  some (SH 66387ms, ATP 3814ms): Try this: by (smt (cvc5) assms(6,7) check_cases min_lvar_not_in_bounds_lvars min_rvar_incdec_eq_Some_rvars pivotandupdate_check_precond pivotandupdate_unsat_id step.hyps(2,4) step.prems(1,2,3,4,5))
0.sledgehammer goal.using     10433ms Simplex.Simplex 6022:237665  some (SH 10432ms, ATP 1301ms): Try this: apply (simp add: pivotandupdate_check_precond step.prems(1,2,3,4)) (49 ms)
0.sledgehammer goal.using     10394ms Simplex.Simplex 6023:237721  some (SH 10394ms, ATP 1334ms): Try this: apply (simp add: pivotandupdate_check_precond) (49 ms)
0.sledgehammer goal.using     10791ms Simplex.Simplex 6024:237775  some (SH 10791ms, ATP 1452ms): Try this: apply (simp add: pivotandupdate_check_precond) (58 ms)
0.sledgehammer goal.using      4566ms Simplex.Simplex 6025:237841  some (SH 4565ms, ATP 730ms): Try this: apply fastforce (91 ms)
0.sledgehammer goal.by         4442ms Simplex.Simplex 6026:237898  some (SH 4442ms, ATP 736ms): Try this: apply metis (183 ms)
0.sledgehammer goal.using     11146ms Simplex.Simplex 6029:238046  some (SH 11146ms, ATP 870ms): Try this: using step.hyps(2,4) by presburger (116 ms)
0.sledgehammer goal.by         6900ms Simplex.Simplex 6030:238110  some (SH 6900ms, ATP 789ms): Try this: by presburger (54 ms)
0.sledgehammer goal.using      3574ms Simplex.Simplex 6032:238188  some (SH 3574ms, ATP 748ms): Try this: using \<open>check' dir x\<^sub>i s' = pivot_and_update x\<^sub>i x\<^sub>j l\<^sub>i s'\<close> by force (4 ms)
0.sledgehammer goal.by         3490ms Simplex.Simplex 6033:238242  some (SH 3489ms, ATP 756ms): Try this: by argo (9 ms)
0.sledgehammer goal.proof     60592ms Simplex.Simplex 6043:238444  some (SH 60592ms, ATP 962ms): Try this: by (smt (verit, best) fun_upd_other fun_upd_same valuate_update_x) (147 ms)
0.sledgehammer goal.by         2856ms Simplex.Simplex 6045:238534  some (SH 2855ms, ATP 350ms): Try this: by meson (0.3 ms)
0.sledgehammer goal.by        87012ms Simplex.Simplex 6049:238769  some (SH 87012ms, ATP 426ms): Try this: by (metis (no_types, lifting) Int_Diff Int_UNIV_right fin sum.Int_Diff) (174 ms)
0.sledgehammer goal.by        12833ms Simplex.Simplex 6050:238889  timeout (SH 12833ms): Timed out
0.sledgehammer goal.by         4078ms Simplex.Simplex 6051:238924  some (SH 4078ms, ATP 390ms): Try this: by auto (2 ms)
0.sledgehammer goal.by        23429ms Simplex.Simplex 6052:239010  some (SH 23429ms, ATP 979ms): Try this: by force (26 ms)
0.sledgehammer goal.by         2905ms Simplex.Simplex 6055:239211  some (SH 2905ms, ATP 404ms): Try this: using r_def by fastforce (0.4 ms)
0.sledgehammer goal.by        28378ms Simplex.Simplex 6058:239347  some (SH 28378ms, ATP 395ms): Try this: by (metis (no_types, lifting) Int_Diff Int_UNIV_right fin sum.Int_Diff) (138 ms)
0.sledgehammer goal.by        57401ms Simplex.Simplex 6059:239469  some (SH 57401ms, ATP 3689ms): Try this: by fastforce (10 ms)
0.sledgehammer goal.by         4256ms Simplex.Simplex 6060:239506  some (SH 4256ms, ATP 373ms): Try this: by auto (1 ms)
0.sledgehammer goal.by        10500ms Simplex.Simplex 6061:239572  some (SH 10500ms, ATP 410ms): Try this: by fastforce (16 ms)
0.sledgehammer goal.unfolding  6558ms Simplex.Simplex 6062:239637  some (SH 6558ms, ATP 496ms): Try this: by (metis diff_add_cancel scaleRat_right_distrib) (34 ms)
0.sledgehammer goal.by         4255ms Simplex.Simplex 6062:239681  some (SH 4255ms, ATP 339ms): Try this: by simp (0.6 ms)
0.sledgehammer goal.unfolding  9594ms Simplex.Simplex 6064:239743  some (SH 9594ms, ATP 399ms): Try this: using l r r_def by argo (1 ms)
0.sledgehammer goal.unfolding 13624ms Simplex.Simplex 6068:239841  some (SH 13624ms, ATP 737ms): Try this: by (metis bounds_consistent_def prod.inject set_unsat_bounds_id) (82 ms)
0.sledgehammer goal.by         3025ms Simplex.Simplex 6068:239913  some (SH 3024ms, ATP 458ms): Try this: by blast (0.8 ms)
0.sledgehammer goal.unfolding 12990ms Simplex.Simplex 6071:240024  some (SH 12990ms, ATP 848ms): Try this: by (simp add: curr_val_satisfies_no_lhs_def set_unsat_bounds_id) (1 ms)
0.sledgehammer goal.by         2791ms Simplex.Simplex 6071:240104  some (SH 2791ms, ATP 431ms): Try this: by force (1 ms)
0.sledgehammer goal.proof     13122ms Simplex.Simplex 6085:240442  timeout (SH 13122ms): Timed out
0.sledgehammer goal.by        12708ms Simplex.Simplex 6097:240940  timeout (SH 12708ms): Timed out
0.sledgehammer goal.using     14708ms Simplex.Simplex 6100:241042  some (SH 14708ms, ATP 1183ms): Try this: by (metis case_optionE lt ltlb_def) (71 ms)
0.sledgehammer goal.by        13710ms Simplex.Simplex 6100:241051  some (SH 13710ms, ATP 936ms): Try this: by (metis case_optionE ltlb_def) (70 ms)
0.sledgehammer goal.by        12578ms Simplex.Simplex 6103:241225  timeout (SH 12578ms): Timed out
0.sledgehammer goal.by         9057ms Simplex.Simplex 6111:241734  some (SH 9056ms, ATP 317ms): Try this: apply meson (0.5 ms)
0.sledgehammer goal.by         6981ms Simplex.Simplex 6113:241788  some (SH 6981ms, ATP 469ms): Try this: using MinLVarNotInBounds.min_lvar_not_in_bounds_lvars MinLVarNotInBounds_axioms eq_for_lvar min_lvar by blast (10 ms)
0.sledgehammer goal.unfolding 11656ms Simplex.Simplex 6114:241911  some (SH 11656ms, ATP 501ms): Try this: using LI by blast (0.8 ms)
0.sledgehammer goal.by         6382ms Simplex.Simplex 6114:241924  some (SH 6382ms, ATP 399ms): Try this: by blast (0.9 ms)
0.sledgehammer goal.using     12601ms Simplex.Simplex 6116:242006  timeout (SH 12600ms): Timed out
0.sledgehammer goal.unfolding 12544ms Simplex.Simplex 6117:242023  timeout (SH 12543ms): Timed out
0.sledgehammer goal.using     14911ms Simplex.Simplex 6117:242051  timeout (SH 14911ms): Timed out
0.sledgehammer goal.by        14948ms Simplex.Simplex 6117:242061  timeout (SH 14948ms): Timed out
0.sledgehammer goal.using      4278ms Simplex.Simplex 6122:242177  some (SH 4278ms, ATP 860ms): Try this: by (simp add: min_lvar min_lvar_not_in_bounds_lvars) (3 ms)
0.sledgehammer goal.by         3628ms Simplex.Simplex 6123:242196  some (SH 3628ms, ATP 426ms): Try this: by (simp add: min_lvar_not_in_bounds_lvars) (1 ms)
0.sledgehammer goal.by         3696ms Simplex.Simplex 6125:242295  some (SH 3696ms, ATP 418ms): Try this: using eq_for_lvar apply blast (3 ms)
0.sledgehammer goal.using      5258ms Simplex.Simplex 6128:242385  some (SH 5258ms, ATP 419ms): Try this: by (simp add: Is' indices_state_set_unsat) (3 ms)
0.sledgehammer goal.unfolding  4983ms Simplex.Simplex 6128:242397  some (SH 4983ms, ATP 485ms): Try this: by (simp add: indices_state_set_unsat) (11 ms)
0.sledgehammer goal.by         8713ms Simplex.Simplex 6128:242425  some (SH 8713ms, ATP 820ms): Try this: by auto (9 ms)
0.sledgehammer goal.using      8422ms Simplex.Simplex 6131:242506  some (SH 8422ms, ATP 653ms): Try this: using curr_val_satisfies_no_lhs_def nolhs apply blast (2 ms)
0.sledgehammer goal.by         2785ms Simplex.Simplex 6131:242558  some (SH 2785ms, ATP 485ms): Try this: apply blast (0.4 ms)
0.sledgehammer goal.by         3016ms Simplex.Simplex 6133:242666  some (SH 3016ms, ATP 419ms): Try this: by meson (0.5 ms)
0.sledgehammer goal.by        13645ms Simplex.Simplex 6135:242748  some (SH 13645ms, ATP 597ms): Try this: by (meson Compl_iff b disjoint_iff_not_equal satisfies_bounds_set.simps) (57 ms)
0.sledgehammer goal.unfolding 13262ms Simplex.Simplex 6138:242931  timeout (SH 13262ms): Timed out
0.sledgehammer goal.by         7296ms Simplex.Simplex 6138:242968  some (SH 7296ms, ATP 612ms): Try this: by simp (122 ms)
0.sledgehammer goal.by         3575ms Simplex.Simplex 6147:243465  some (SH 3575ms, ATP 651ms): Try this: by force (0.9 ms)
0.sledgehammer goal.using     12633ms Simplex.Simplex 6148:243528  timeout (SH 12633ms): Timed out
0.sledgehammer goal.by        12702ms Simplex.Simplex 6148:243538  timeout (SH 12701ms): Timed out
0.sledgehammer goal.using     13522ms Simplex.Simplex 6149:243650  timeout (SH 13521ms): Timed out
0.sledgehammer goal.by        13995ms Simplex.Simplex 6149:243660  timeout (SH 13995ms): Timed out
0.sledgehammer goal.unfolding 13595ms Simplex.Simplex 6150:243752  timeout (SH 13595ms): Timed out
0.sledgehammer goal.using     13005ms Simplex.Simplex 6150:243764  timeout (SH 13005ms): Timed out
0.sledgehammer goal.by        13053ms Simplex.Simplex 6151:243784  timeout (SH 13052ms): Timed out
0.sledgehammer goal.by        13468ms Simplex.Simplex 6153:243917  timeout (SH 13468ms): Timed out
0.sledgehammer goal.using      9936ms Simplex.Simplex 6154:243977  some (SH 9936ms, ATP 447ms): Try this: by (meson \<open>x\<^sub>i \<in> lvars (\<T> s')\<close> in_mono rvars_of_lvar_rvars) (17 ms)
0.sledgehammer goal.unfolding 10012ms Simplex.Simplex 6154:243989  some (SH 10011ms, ATP 427ms): Try this: by (meson \<open>x\<^sub>i \<in> lvars (\<T> s')\<close> in_mono rvars_of_lvar_rvars) (18 ms)
0.sledgehammer goal.by         8700ms Simplex.Simplex 6154:244009  some (SH 8700ms, ATP 550ms): Try this: by auto (7 ms)
0.sledgehammer goal.unfolding 12724ms Simplex.Simplex 6155:244083  timeout (SH 12724ms): Timed out
0.sledgehammer goal.using     12960ms Simplex.Simplex 6155:244096  timeout (SH 12960ms): Timed out
0.sledgehammer goal.by        13530ms Simplex.Simplex 6156:244117  timeout (SH 13530ms): Timed out
0.sledgehammer goal.by         3286ms Simplex.Simplex 6162:244375  some (SH 3286ms, ATP 572ms): Try this: by force (1 ms)
0.sledgehammer goal.using     13443ms Simplex.Simplex 6163:244438  timeout (SH 13443ms): Timed out
0.sledgehammer goal.by        12415ms Simplex.Simplex 6163:244448  timeout (SH 12415ms): Timed out
0.sledgehammer goal.using     13175ms Simplex.Simplex 6164:244560  timeout (SH 13175ms): Timed out
0.sledgehammer goal.by        12911ms Simplex.Simplex 6164:244570  timeout (SH 12911ms): Timed out
0.sledgehammer goal.unfolding 12978ms Simplex.Simplex 6165:244662  timeout (SH 12978ms): Timed out
0.sledgehammer goal.using     13038ms Simplex.Simplex 6165:244674  timeout (SH 13038ms): Timed out
0.sledgehammer goal.by        13010ms Simplex.Simplex 6166:244694  timeout (SH 13010ms): Timed out
0.sledgehammer goal.by        13993ms Simplex.Simplex 6168:244827  timeout (SH 13993ms): Timed out
0.sledgehammer goal.using      8635ms Simplex.Simplex 6169:244887  some (SH 8635ms, ATP 495ms): Try this: by (meson \<open>x\<^sub>i \<in> lvars (\<T> s')\<close> in_mono rvars_of_lvar_rvars) (11 ms)
0.sledgehammer goal.unfolding  9993ms Simplex.Simplex 6169:244899  some (SH 9993ms, ATP 439ms): Try this: by (meson \<open>x\<^sub>i \<in> lvars (\<T> s')\<close> in_mono rvars_of_lvar_rvars) (13 ms)
0.sledgehammer goal.by         9569ms Simplex.Simplex 6169:244919  some (SH 9569ms, ATP 508ms): Try this: by auto (8 ms)
0.sledgehammer goal.unfolding 12904ms Simplex.Simplex 6170:244993  timeout (SH 12903ms): Timed out
0.sledgehammer goal.using     12922ms Simplex.Simplex 6170:245006  timeout (SH 12922ms): Timed out
0.sledgehammer goal.by        13558ms Simplex.Simplex 6171:245027  timeout (SH 13558ms): Timed out
0.sledgehammer goal.using      3930ms Simplex.Simplex 6174:245142  some (SH 3930ms, ATP 693ms): Try this: using coeff apply fastforce (3 ms)
0.sledgehammer goal.by         3531ms Simplex.Simplex 6174:245154  some (SH 3531ms, ATP 590ms): Try this: apply fastforce (0.9 ms)
0.sledgehammer goal.by        13779ms Simplex.Simplex 6181:245484  some (SH 13779ms, ATP 3829ms): Try this: by blast (4 ms)
0.sledgehammer goal.using      3070ms Simplex.Simplex 6183:245564  some (SH 3069ms, ATP 677ms): Try this: apply force (0.6 ms)
0.sledgehammer goal.by         3860ms Simplex.Simplex 6183:245576  some (SH 3859ms, ATP 739ms): Try this: apply blast (1 ms)
0.sledgehammer goal.using      4001ms Simplex.Simplex 6184:245657  some (SH 4001ms, ATP 776ms): Try this: apply force (0.7 ms)
0.sledgehammer goal.unfolding  4182ms Simplex.Simplex 6184:245669  some (SH 4182ms, ATP 819ms): Try this: apply meson (2 ms)
0.sledgehammer goal.by         3872ms Simplex.Simplex 6184:245689  some (SH 3872ms, ATP 774ms): Try this: apply force (1 ms)
0.sledgehammer goal.unfolding 13029ms Simplex.Simplex 6188:245788  timeout (SH 13029ms): Timed out
0.sledgehammer goal.proof     14666ms Simplex.Simplex 6189:245831  timeout (SH 14666ms): Timed out
0.sledgehammer goal.by         3502ms Simplex.Simplex 6190:245880  some (SH 3501ms, ATP 660ms): Try this: using \<open>\<langle>\<V> s'\<rangle> \<Turnstile>\<^sub>t \<T> s'\<close> by blast (0.2 ms)
0.sledgehammer goal.unfolding 14737ms Simplex.Simplex 6192:245944  timeout (SH 14737ms): Timed out
0.sledgehammer goal.proof     13035ms Simplex.Simplex 6193:245991  timeout (SH 13034ms): Timed out
0.sledgehammer goal.unfolding 12861ms Simplex.Simplex 6196:246171  timeout (SH 12861ms): Timed out
0.sledgehammer goal.by         8918ms Simplex.Simplex 6196:246204  some (SH 8918ms, ATP 771ms): Try this: by force (3 ms)
0.sledgehammer goal.by         3782ms Simplex.Simplex 6197:246265  some (SH 3782ms, ATP 518ms): Try this: by blast (9 ms)
0.sledgehammer goal.unfolding 12814ms Simplex.Simplex 6201:246434  timeout (SH 12814ms): Timed out
0.sledgehammer goal.by         8593ms Simplex.Simplex 6201:246467  some (SH 8593ms, ATP 775ms): Try this: by force (3 ms)
0.sledgehammer goal.by         5574ms Simplex.Simplex 6202:246527  some (SH 5574ms, ATP 738ms): Try this: by blast (19 ms)
0.sledgehammer goal.by         3596ms Simplex.Simplex 6208:246672  some (SH 3596ms, ATP 428ms): Try this: apply simp (0.5 ms)
0.sledgehammer goal.unfolding 13308ms Simplex.Simplex 6210:246809  timeout (SH 13308ms): Timed out
0.sledgehammer goal.proof     13445ms Simplex.Simplex 6211:246848  timeout (SH 13445ms): Timed out
0.sledgehammer goal.proof     12807ms Simplex.Simplex 6215:246957  timeout (SH 12807ms): Timed out
0.sledgehammer goal.unfolding 13948ms Simplex.Simplex 6218:247064  timeout (SH 13948ms): Timed out
0.sledgehammer goal.by        13956ms Simplex.Simplex 6218:247133  some (SH 13956ms, ATP 725ms): Try this: by (meson in_mono) (48 ms)
0.sledgehammer goal.by         3116ms Simplex.Simplex 6219:247163  some (SH 3116ms, ATP 465ms): Try this: by blast (0.5 ms)
0.sledgehammer goal.unfolding 28908ms Simplex.Simplex 6222:247273  some (SH 28908ms, ATP 1267ms): Try this: using setI by auto (826 ms)
0.sledgehammer goal.by        19247ms Simplex.Simplex 6222:247288  some (SH 19247ms, ATP 4781ms): Try this: by blast (346 ms)
0.sledgehammer goal.by         9024ms Simplex.Simplex 6224:247457  some (SH 9024ms, ATP 2412ms): Try this: by blast (2 ms)
0.sledgehammer goal.by         3767ms Simplex.Simplex 6225:247508  some (SH 3767ms, ATP 721ms): Try this: by force (2 ms)
0.sledgehammer goal.unfolding  9392ms Simplex.Simplex 6226:247573  some (SH 9392ms, ATP 432ms): Try this: by (meson \<open>x\<^sub>i \<in> lvars (\<T> s')\<close> in_mono rvars_of_lvar_rvars) (20 ms)
0.sledgehammer goal.by         9225ms Simplex.Simplex 6226:247593  some (SH 9225ms, ATP 531ms): Try this: by auto (10 ms)
0.sledgehammer goal.using      5404ms Simplex.Simplex 6227:247645  some (SH 5404ms, ATP 416ms): Try this: using lvars_rvars by blast (0.6 ms)
0.sledgehammer goal.by         7543ms Simplex.Simplex 6227:247663  some (SH 7543ms, ATP 419ms): Try this: by blast (1 ms)
0.sledgehammer goal.by         2274ms Simplex.Simplex 6228:247715  some (SH 2274ms, ATP 311ms): Try this: by (simp add: \<open>RhsEqVal rhs_eq_val\<close>) (0.8 ms)
0.sledgehammer goal.using      4852ms Simplex.Simplex 6232:247964  some (SH 4852ms, ATP 581ms): Try this: using minus_gt apply blast (12 ms)
0.sledgehammer goal.by         3578ms Simplex.Simplex 6232:247979  some (SH 3577ms, ATP 462ms): Try this: apply blast (12 ms)
0.sledgehammer goal.by        12821ms Simplex.Simplex 6233:248061  timeout (SH 12821ms): Timed out
0.sledgehammer goal.unfolding 12677ms Simplex.Simplex 6236:248272  timeout (SH 12677ms): Timed out
0.sledgehammer goal.proof     13050ms Simplex.Simplex 6237:248319  timeout (SH 13050ms): Timed out
0.sledgehammer goal.unfolding 13284ms Simplex.Simplex 6238:248379  some (SH 13284ms, ATP 394ms): Try this: by (simp add: Update.update_satisfies_tableau \<open>\<langle>\<V> s'\<rangle> \<Turnstile>\<^sub>t \<T> s'\<close> norm rev.Update_axioms v_def valuated yl) (2 ms)
0.sledgehammer goal.using      7697ms Simplex.Simplex 6239:248408  some (SH 7696ms, ATP 391ms): Try this: using \<open>\<langle>\<V> s'\<rangle> \<Turnstile>\<^sub>t \<T> s'\<close> norm rev.update_satisfies_tableau valuated yl by blast (5 ms)
0.sledgehammer goal.by         3357ms Simplex.Simplex 6239:248482  some (SH 3357ms, ATP 412ms): Try this: by blast (0.8 ms)
0.sledgehammer goal.unfolding  3187ms Simplex.Simplex 6240:248528  some (SH 3187ms, ATP 414ms): Try this: using satisfies_tableau_def by blast (3 ms)
0.sledgehammer goal.by         3241ms Simplex.Simplex 6240:248560  some (SH 3241ms, ATP 414ms): Try this: by fastforce (0.6 ms)
0.sledgehammer goal.unfolding  3609ms Simplex.Simplex 6243:248730  some (SH 3609ms, ATP 398ms): Try this: using satisfies_tableau_def by blast (3 ms)
0.sledgehammer goal.by         3190ms Simplex.Simplex 6243:248762  some (SH 3190ms, ATP 405ms): Try this: by fastforce (0.7 ms)
0.sledgehammer goal.unfolding  7768ms Simplex.Simplex 6244:248828  some (SH 7768ms, ATP 453ms): Try this: by (simp add: id satisfies_eq_def) (6 ms)
0.sledgehammer goal.unfolding 14973ms Simplex.Simplex 6246:248935  some (SH 14972ms, ATP 908ms): Try this: by (metis "**"(1) V_xi add_diff_cancel_left' norm poly_eval_update rev.update_valuate_rhs v_def v_xi) (165 ms)
0.sledgehammer goal.unfolding 15028ms Simplex.Simplex 6246:248950  some (SH 15028ms, ATP 453ms): Try this: by (simp add: "**"(1) V_xi norm poly_eval_update rev.update_valuate_rhs v_def) (2 ms)
0.sledgehammer goal.by         4268ms Simplex.Simplex 6246:249026  some (SH 4268ms, ATP 375ms): Try this: by simp (2 ms)
0.sledgehammer goal.unfolding 12528ms Simplex.Simplex 6247:249064  timeout (SH 12528ms): Timed out
0.sledgehammer goal.using     157908ms Simplex.Simplex 6247:249108  timeout (SH 157908ms):
0.sledgehammer goal.by        12375ms Simplex.Simplex 6247:249118  timeout (SH 12374ms): Timed out
0.sledgehammer goal.by        13099ms Simplex.Simplex 6255:249510  timeout (SH 13099ms): Timed out
0.sledgehammer goal.by        13116ms Simplex.Simplex 6258:249846  some (SH 13116ms, ATP 602ms): Try this: by blast (2 ms)
0.sledgehammer goal.by         3557ms Simplex.Simplex 6261:250065  some (SH 3557ms, ATP 495ms): Try this: apply meson (0.7 ms)
0.sledgehammer goal.by        13021ms Simplex.Simplex 6265:250207  timeout (SH 13021ms): Timed out
0.sledgehammer goal.by        13164ms Simplex.Simplex 6266:250318  timeout (SH 13164ms): Timed out
0.sledgehammer goal.by         3296ms Simplex.Simplex 6268:250392  some (SH 3296ms, ATP 369ms): Try this: by fastforce (0.9 ms)
0.sledgehammer goal.by        12657ms Simplex.Simplex 6271:250570  timeout (SH 12657ms): Timed out
0.sledgehammer goal.by        12997ms Simplex.Simplex 6274:250930  some (SH 12997ms, ATP 165ms): Try this: by blast (1 ms)
0.sledgehammer goal.by         3511ms Simplex.Simplex 6277:251149  some (SH 3511ms, ATP 477ms): Try this: apply blast (0.7 ms)
0.sledgehammer goal.by        12973ms Simplex.Simplex 6281:251291  timeout (SH 12973ms): Timed out
0.sledgehammer goal.by        13099ms Simplex.Simplex 6282:251402  timeout (SH 13099ms): Timed out
0.sledgehammer goal.by         3196ms Simplex.Simplex 6284:251476  some (SH 3196ms, ATP 365ms): Try this: by blast (0.5 ms)
0.sledgehammer goal.by         8959ms Simplex.Simplex 6285:251540  some (SH 8959ms, ATP 446ms): Try this: by (metis order.asym) (29 ms)
0.sledgehammer goal.by         3194ms Simplex.Simplex 6286:251586  some (SH 3194ms, ATP 402ms): Try this: by meson (2 ms)
0.sledgehammer goal.unfolding 13212ms Simplex.Simplex 6288:251669  timeout (SH 13212ms): Timed out
0.sledgehammer goal.proof     12975ms Simplex.Simplex 6289:251719  timeout (SH 12975ms): Timed out
0.sledgehammer goal.by         3697ms Simplex.Simplex 6292:251873  some (SH 3697ms, ATP 340ms): Try this: by meson (0.6 ms)
0.sledgehammer goal.unfolding 13932ms Simplex.Simplex 6293:251950  timeout (SH 13932ms): Timed out
0.sledgehammer goal.by        10447ms Simplex.Simplex 6293:251983  some (SH 10447ms, ATP 175ms): Try this: by auto (4 ms)
0.sledgehammer goal.proof     13009ms Simplex.Simplex 6295:252031  timeout (SH 13009ms): Timed out
0.sledgehammer goal.using     133609ms Simplex.Simplex 6297:252134  some (SH 133609ms, ATP 818ms): Try this: by (metis (mono_tags, lifting) LI UnE UnI1 UnI2 insertE insert_is_Un psubsetD setI sub x(2)) (3.8 s)
0.sledgehammer goal.unfolding 46558ms Simplex.Simplex 6297:252146  some (SH 46557ms, ATP 515ms): Try this: by (metis (no_types, lifting) LI Un_insert_left insert_iff insert_is_Un psubsetD setI) (1.6 s)
0.sledgehammer goal.by        16192ms Simplex.Simplex 6297:252164  some (SH 16192ms, ATP 744ms): Try this: by blast (18 ms)
0.sledgehammer goal.by         4742ms Simplex.Simplex 6298:252271  some (SH 4741ms, ATP 633ms): Try this: apply blast (10 ms)
0.sledgehammer goal.by         7920ms Simplex.Simplex 6299:252338  some (SH 7920ms, ATP 472ms): Try this: by blast (0.7 ms)
0.sledgehammer goal.proof     12937ms Simplex.Simplex 6301:252387  timeout (SH 12937ms): Timed out
0.sledgehammer goal.using     13254ms Simplex.Simplex 6303:252465  timeout (SH 13254ms): Timed out
0.sledgehammer goal.unfolding 13412ms Simplex.Simplex 6303:252475  timeout (SH 13412ms): Timed out
0.sledgehammer goal.using      4846ms Simplex.Simplex 6303:252518  some (SH 4846ms, ATP 739ms): Try this: by presburger (6 ms)
0.sledgehammer goal.by         4462ms Simplex.Simplex 6303:252528  some (SH 4462ms, ATP 758ms): Try this: by presburger (7 ms)
0.sledgehammer goal.by        13610ms Simplex.Simplex 6307:252693  timeout (SH 13610ms): Timed out
0.sledgehammer goal.unfolding  3862ms Simplex.Simplex 6310:252874  some (SH 3861ms, ATP 308ms): Try this: apply meson (4 ms)
0.sledgehammer goal.by         3624ms Simplex.Simplex 6310:252892  some (SH 3624ms, ATP 404ms): Try this: apply meson (5 ms)
0.sledgehammer goal.using      3339ms Simplex.Simplex 6311:252939  some (SH 3339ms, ATP 344ms): Try this: using True x(1) by blast (0.8 ms)
0.sledgehammer goal.by         3204ms Simplex.Simplex 6311:252952  some (SH 3204ms, ATP 399ms): Try this: by fastforce (4 ms)
0.sledgehammer goal.by         2850ms Simplex.Simplex 6313:253065  some (SH 2850ms, ATP 391ms): Try this: by fastforce (3 ms)
0.sledgehammer goal.by        12979ms Simplex.Simplex 6315:253229  timeout (SH 12979ms): Timed out
0.sledgehammer goal.by        12652ms Simplex.Simplex 6316:253330  timeout (SH 12652ms): Timed out
0.sledgehammer goal.by         3517ms Simplex.Simplex 6318:253405  some (SH 3517ms, ATP 703ms): Try this: by argo (3 ms)
0.sledgehammer goal.by        12785ms Simplex.Simplex 6325:253690  timeout (SH 12785ms): Timed out
0.sledgehammer goal.unfolding  3470ms Simplex.Simplex 6326:253734  some (SH 3470ms, ATP 614ms): Try this: using v_xi_l xxi by fastforce (3 ms)
0.sledgehammer goal.unfolding  3591ms Simplex.Simplex 6327:253785  some (SH 3590ms, ATP 729ms): Try this: using c by fastforce (2 ms)
0.sledgehammer goal.by         3443ms Simplex.Simplex 6327:253797  some (SH 3443ms, ATP 565ms): Try this: by simp (1 ms)
0.sledgehammer goal.by         3529ms Simplex.Simplex 6332:253960  some (SH 3529ms, ATP 350ms): Try this: by meson (0.7 ms)
0.sledgehammer goal.unfolding 12917ms Simplex.Simplex 6333:254037  timeout (SH 12917ms): Timed out
0.sledgehammer goal.by        10249ms Simplex.Simplex 6333:254070  some (SH 10249ms, ATP 176ms): Try this: by auto (4 ms)
0.sledgehammer goal.proof     13085ms Simplex.Simplex 6335:254118  timeout (SH 13085ms): Timed out
0.sledgehammer goal.using     86822ms Simplex.Simplex 6337:254221  some (SH 86822ms, ATP 800ms): Try this: by (metis (mono_tags, lifting) LI UnE UnI1 UnI2 insertE insert_is_Un psubsetD setI sub x(2)) (3.9 s)
0.sledgehammer goal.unfolding 27866ms Simplex.Simplex 6337:254233  some (SH 27866ms, ATP 456ms): Try this: using LI setI by auto (376 ms)
0.sledgehammer goal.by        15643ms Simplex.Simplex 6337:254251  some (SH 15642ms, ATP 705ms): Try this: by blast (18 ms)
0.sledgehammer goal.by         4351ms Simplex.Simplex 6338:254358  some (SH 4351ms, ATP 616ms): Try this: apply blast (6 ms)
0.sledgehammer goal.by         8679ms Simplex.Simplex 6339:254425  some (SH 8679ms, ATP 471ms): Try this: by blast (0.7 ms)
0.sledgehammer goal.proof     12794ms Simplex.Simplex 6341:254474  timeout (SH 12794ms): Timed out
0.sledgehammer goal.using     13509ms Simplex.Simplex 6343:254552  timeout (SH 13508ms): Timed out
0.sledgehammer goal.unfolding 12909ms Simplex.Simplex 6343:254562  timeout (SH 12909ms): Timed out
0.sledgehammer goal.using      3999ms Simplex.Simplex 6343:254605  some (SH 3999ms, ATP 568ms): Try this: by presburger (4 ms)
0.sledgehammer goal.by         4237ms Simplex.Simplex 6343:254615  some (SH 4237ms, ATP 622ms): Try this: by presburger (4 ms)
0.sledgehammer goal.by        14311ms Simplex.Simplex 6347:254780  timeout (SH 14311ms): Timed out
0.sledgehammer goal.unfolding  4804ms Simplex.Simplex 6350:254961  some (SH 4803ms, ATP 326ms): Try this: using iR12 apply argo (3 ms)
0.sledgehammer goal.by         5279ms Simplex.Simplex 6350:254979  some (SH 5279ms, ATP 484ms): Try this: using iR12 apply argo (7 ms)
0.sledgehammer goal.using      2912ms Simplex.Simplex 6351:255026  some (SH 2912ms, ATP 370ms): Try this: using True x(1) by blast (0.7 ms)
0.sledgehammer goal.by         2941ms Simplex.Simplex 6351:255039  some (SH 2940ms, ATP 365ms): Try this: by force (5 ms)
0.sledgehammer goal.by         2808ms Simplex.Simplex 6353:255152  some (SH 2807ms, ATP 379ms): Try this: by blast (2 ms)
0.sledgehammer goal.by        12796ms Simplex.Simplex 6355:255316  timeout (SH 12796ms): Timed out
0.sledgehammer goal.by        12609ms Simplex.Simplex 6356:255417  timeout (SH 12609ms): Timed out
0.sledgehammer goal.by         3422ms Simplex.Simplex 6358:255492  some (SH 3422ms, ATP 703ms): Try this: by force (1 ms)
0.sledgehammer goal.by        12495ms Simplex.Simplex 6365:255777  timeout (SH 12495ms): Timed out
0.sledgehammer goal.unfolding  3784ms Simplex.Simplex 6366:255821  some (SH 3784ms, ATP 669ms): Try this: using v_xi_l xxi by force (1 ms)
0.sledgehammer goal.unfolding  3496ms Simplex.Simplex 6367:255872  some (SH 3496ms, ATP 623ms): Try this: using c by argo (2 ms)
0.sledgehammer goal.by         3619ms Simplex.Simplex 6367:255884  some (SH 3619ms, ATP 679ms): Try this: by blast (0.6 ms)
0.sledgehammer goal.unfolding 12528ms Simplex.Simplex 6376:256042  timeout (SH 12528ms): Timed out
0.sledgehammer goal.proof     13344ms Simplex.Simplex 6377:256086  timeout (SH 13344ms): Timed out
0.sledgehammer goal.unfolding 13061ms Simplex.Simplex 6381:256225  timeout (SH 13061ms): Timed out
0.sledgehammer goal.by         6069ms Simplex.Simplex 6382:256269  some (SH 6069ms, ATP 668ms): Try this: by (simp add: \<B>\<I>_set_unsat) (3 ms)
0.sledgehammer goal.unfolding 12955ms Simplex.Simplex 6384:256404  timeout (SH 12955ms): Timed out
0.sledgehammer goal.by         3269ms Simplex.Simplex 6384:256442  some (SH 3269ms, ATP 544ms): Try this: apply blast (1 ms)
0.sledgehammer goal.by         2630ms Simplex.Simplex 6386:256511  some (SH 2630ms, ATP 361ms): Try this: using nless_le by blast (4 ms)
0.sledgehammer goal.unfolding 13893ms Simplex.Simplex 6389:256634  timeout (SH 13893ms): Timed out
0.sledgehammer goal.by        12908ms Simplex.Simplex 6390:256679  timeout (SH 12908ms): Timed out
0.sledgehammer goal.using      4082ms Simplex.Simplex 6395:256846  some (SH 4081ms, ATP 711ms): Try this: using "**"(1) \<open>\<langle>\<V> s'\<rangle> \<Turnstile>\<^sub>t \<T> s'\<close> satisfies_tableau_def by blast (3 ms)
0.sledgehammer goal.unfolding  3745ms Simplex.Simplex 6396:256883  some (SH 3745ms, ATP 778ms): Try this: using \<open>\<langle>\<V> s'\<rangle> \<Turnstile>\<^sub>t \<T> s'\<close> satisfies_tableau_def by blast (2 ms)
0.sledgehammer goal.by         3273ms Simplex.Simplex 6397:256929  some (SH 3272ms, ATP 517ms): Try this: using satisfies_tableau_def by blast (1 ms)
0.sledgehammer goal.using      5000ms Simplex.Simplex 6399:257022  some (SH 5000ms, ATP 716ms): Try this: by (simp add: id satisfies_eq_def) (4 ms)
0.sledgehammer goal.by         4711ms Simplex.Simplex 6400:257050  some (SH 4711ms, ATP 749ms): Try this: by (simp add: satisfies_eq_def) (5 ms)
0.sledgehammer goal.using      7834ms Simplex.Simplex 6405:257124  some (SH 7834ms, ATP 901ms): Try this: using "**"(1) satisfies_tableau_def vt by blast (2 ms)
0.sledgehammer goal.by         3793ms Simplex.Simplex 6406:257158  some (SH 3793ms, ATP 766ms): Try this: using satisfies_tableau_def by blast (4 ms)
0.sledgehammer goal.using      7220ms Simplex.Simplex 6408:257261  some (SH 7219ms, ATP 899ms): Try this: by (simp add: id satisfies_eq_def) (2 ms)
0.sledgehammer goal.by         4567ms Simplex.Simplex 6409:257289  some (SH 4567ms, ATP 845ms): Try this: by (simp add: satisfies_eq_def) (13 ms)
0.sledgehammer goal.using     13150ms Simplex.Simplex 6414:257392  timeout (SH 13150ms): Timed out
0.sledgehammer goal.unfolding 12877ms Simplex.Simplex 6414:257407  timeout (SH 12877ms): Timed out
0.sledgehammer goal.by        12913ms Simplex.Simplex 6414:257425  timeout (SH 12912ms): Timed out
0.sledgehammer goal.using     12809ms Simplex.Simplex 6424:257650  timeout (SH 12809ms): Timed out
0.sledgehammer goal.by        12737ms Simplex.Simplex 6425:257677  timeout (SH 12737ms): Timed out
0.sledgehammer goal.using      3649ms Simplex.Simplex 6428:257795  some (SH 3649ms, ATP 566ms): Try this: using minimal_core minimal_unsat_state_core_def by blast (1 ms)
0.sledgehammer goal.by         3269ms Simplex.Simplex 6429:257818  some (SH 3268ms, ATP 470ms): Try this: using minimal_unsat_state_core_def by blast (2 ms)
0.sledgehammer goal.proof     12830ms Simplex.Simplex 6433:257921  timeout (SH 12830ms): Timed out
0.sledgehammer goal.by        12827ms Simplex.Simplex 6437:257999  some (SH 12827ms, ATP 1370ms): Try this: by (simp add: check.simps) (1 ms)
0.sledgehammer goal.by        15902ms Simplex.Simplex 6442:258180  timeout (SH 15902ms): Timed out
0.sledgehammer goal.by        13362ms Simplex.Simplex 6445:258287  timeout (SH 13362ms): Timed out
0.sledgehammer goal.by        13649ms Simplex.Simplex 6448:258398  some (SH 13649ms, ATP 1455ms): Try this: by (simp add: "*"(1,2,3,4) check_induct'') (2 ms)
0.sledgehammer goal.by        13574ms Simplex.Simplex 6451:258554  some (SH 13574ms, ATP 1445ms): Try this: by (simp add: "*"(1,2,3,4) check_induct'') (2 ms)
0.sledgehammer goal.proof     10700ms Simplex.Simplex 6454:258631  timeout (SH 10700ms): Timed out
0.sledgehammer goal.by        12411ms Simplex.Simplex 6457:258760  some (SH 12411ms, ATP 633ms): Try this: by (simp add: tableau_valuated_def) (3 ms)
0.sledgehammer goal.by         3792ms Simplex.Simplex 6461:258913  some (SH 3791ms, ATP 462ms): Try this: by presburger (12 ms)
0.sledgehammer goal.by        12501ms Simplex.Simplex 6466:259060  timeout (SH 12501ms): Timed out
0.sledgehammer goal.proof     13469ms Simplex.Simplex 6471:259252  timeout (SH 13469ms): Timed out
0.sledgehammer goal.using     13127ms Simplex.Simplex 6475:259403  timeout (SH 13127ms): Timed out
0.sledgehammer goal.unfolding 13120ms Simplex.Simplex 6476:259449  timeout (SH 13120ms): Timed out
0.sledgehammer goal.unfolding 14579ms Simplex.Simplex 6477:259514  some (SH 14579ms, ATP 762ms): Try this: by (meson Compl_iff curr_val_satisfies_no_lhs_def satisfies_bounds.elims(3) satisfies_bounds_set.simps) (73 ms)
0.sledgehammer goal.by        10370ms Simplex.Simplex 6478:259560  some (SH 10370ms, ATP 659ms): Try this: by (meson ComplI satisfies_bounds.elims(3) satisfies_bounds_set.simps) (14 ms)
0.sledgehammer goal.by         2912ms Simplex.Simplex 6480:259678  some (SH 2912ms, ATP 476ms): Try this: by force (1 ms)
0.sledgehammer goal.by         4341ms Simplex.Simplex 6485:259839  some (SH 4341ms, ATP 614ms): Try this: using "*"(1,2,3,4,5) check_minimal_unsat_state_core by blast (3 ms)
0.sledgehammer goal.by         3726ms Simplex.Simplex 6486:259949  some (SH 3726ms, ATP 466ms): Try this: by meson (0.6 ms)
0.sledgehammer goal.proof     12520ms Simplex.Simplex 6537:262317  timeout (SH 12520ms): Timed out
0.sledgehammer goal.unfolding 12756ms Simplex.Simplex 6541:262405  timeout (SH 12756ms): Timed out
0.sledgehammer goal.proof     13049ms Simplex.Simplex 6542:262456  timeout (SH 13049ms): Timed out
0.sledgehammer goal.by        13979ms Simplex.Simplex 6546:262582  timeout (SH 13979ms): Timed out
0.sledgehammer goal.by        16044ms Simplex.Simplex 6547:262695  some (SH 16044ms, ATP 594ms): Try this: using \<open>(l, r) \<in> set t\<close> by fastforce (50 ms)
0.sledgehammer goal.using     12777ms Simplex.Simplex 6549:262764  timeout (SH 12777ms): Timed out
0.sledgehammer goal.unfolding 13636ms Simplex.Simplex 6550:262800  timeout (SH 13636ms): Timed out
0.sledgehammer goal.by        13274ms Simplex.Simplex 6550:262825  timeout (SH 13274ms): Timed out
0.sledgehammer goal.using     12245ms Simplex.Simplex 6552:262919  timeout (SH 12245ms): Timed out
0.sledgehammer goal.proof     13158ms Simplex.Simplex 6553:262931  timeout (SH 13157ms): Timed out
0.sledgehammer goal.using     12976ms Simplex.Simplex 6559:263100  timeout (SH 12976ms): Timed out
0.sledgehammer goal.unfolding 12718ms Simplex.Simplex 6560:263118  timeout (SH 12718ms): Timed out
0.sledgehammer goal.by        13751ms Simplex.Simplex 6561:263153  timeout (SH 13751ms): Timed out
0.sledgehammer goal.by         8330ms Simplex.Simplex 6563:263301  some (SH 8330ms, ATP 723ms): Try this: by auto (2 ms)
0.sledgehammer goal.by         3933ms Simplex.Simplex 6567:263399  some (SH 3933ms, ATP 572ms): Try this: by simp (2 ms)
0.sledgehammer goal.unfolding  7950ms Simplex.Simplex 6572:263456  timeout (SH 7950ms): Timed out
0.sledgehammer goal.by        12594ms Simplex.Simplex 6573:263485  timeout (SH 12594ms): Timed out
0.sledgehammer goal.proof      7512ms Simplex.Simplex 6585:264187  timeout (SH 7512ms): Timed out
0.sledgehammer goal.unfolding 13069ms Simplex.Simplex 6589:264317  timeout (SH 13069ms): Timed out
0.sledgehammer goal.using      8828ms Simplex.Simplex 6590:264368  some (SH 8827ms, ATP 725ms): Try this: using min_satisfying_None by blast (8 ms)
0.sledgehammer goal.by         8873ms Simplex.Simplex 6591:264398  some (SH 8873ms, ATP 695ms): Try this: by blast (3 ms)
0.sledgehammer goal.unfolding 12854ms Simplex.Simplex 6598:264614  timeout (SH 12854ms): Timed out
0.sledgehammer goal.using      5068ms Simplex.Simplex 6599:264665  some (SH 5068ms, ATP 582ms): Try this: using min_satisfying_Some by blast (12 ms)
0.sledgehammer goal.by         4464ms Simplex.Simplex 6600:264695  some (SH 4464ms, ATP 533ms): Try this: by blast (9 ms)
0.sledgehammer goal.proof      7701ms Simplex.Simplex 6615:265505  timeout (SH 7701ms): Timed out
0.sledgehammer goal.by        12254ms Simplex.Simplex 6622:265914  timeout (SH 12254ms): Timed out
0.sledgehammer goal.by         4865ms Simplex.Simplex 6624:266048  some (SH 4865ms, ATP 534ms): Try this: by blast (15 ms)
0.sledgehammer goal.by        12506ms Simplex.Simplex 6632:266471  timeout (SH 12506ms): Timed out
0.sledgehammer goal.proof     12545ms Simplex.Simplex 6634:266562  timeout (SH 12545ms): Timed out
0.sledgehammer goal.unfolding  2789ms Simplex.Simplex 6636:266612  some (SH 2789ms, ATP 369ms): Try this: using lhs lhs_eq by blast (0.7 ms)
0.sledgehammer goal.using      3134ms Simplex.Simplex 6636:266626  some (SH 3134ms, ATP 418ms): Try this: using lhs_eq by blast (0.3 ms)
0.sledgehammer goal.by         3052ms Simplex.Simplex 6636:266639  some (SH 3052ms, ATP 345ms): Try this: by simp (0.8 ms)
0.sledgehammer goal.by         2996ms Simplex.Simplex 6640:266774  some (SH 2996ms, ATP 323ms): Try this: by blast (1 ms)
0.sledgehammer goal.unfolding 13598ms Simplex.Simplex 6641:266808  timeout (SH 13597ms): Timed out
0.sledgehammer goal.unfolding 12681ms Simplex.Simplex 6641:266828  timeout (SH 12681ms): Timed out
0.sledgehammer goal.using     13621ms Simplex.Simplex 6641:266856  timeout (SH 13621ms): Timed out
0.sledgehammer goal.by        13602ms Simplex.Simplex 6642:266876  timeout (SH 13602ms): Timed out
0.sledgehammer goal.by         2649ms Simplex.Simplex 6647:267110  some (SH 2648ms, ATP 308ms): Try this: by (simp add: coeff_zero) (1 ms)
0.sledgehammer goal.by         3470ms Simplex.Simplex 6648:267187  some (SH 3469ms, ATP 294ms): Try this: by order (0.7 ms)
0.sledgehammer goal.by         2986ms Simplex.Simplex 6649:267278  some (SH 2986ms, ATP 282ms): Try this: by blast (0.7 ms)
0.sledgehammer goal.unfolding 12689ms Simplex.Simplex 6650:267312  timeout (SH 12689ms): Timed out
0.sledgehammer goal.unfolding 13043ms Simplex.Simplex 6650:267332  timeout (SH 13043ms): Timed out
0.sledgehammer goal.using     13866ms Simplex.Simplex 6650:267360  timeout (SH 13866ms): Timed out
0.sledgehammer goal.by        13528ms Simplex.Simplex 6651:267380  timeout (SH 13528ms): Timed out
0.sledgehammer goal.by         2985ms Simplex.Simplex 6656:267660  some (SH 2985ms, ATP 418ms): Try this: by blast (1 ms)
0.sledgehammer goal.proof     12690ms Simplex.Simplex 6662:268007  timeout (SH 12690ms): Timed out
0.sledgehammer goal.unfolding 12496ms Simplex.Simplex 6665:268222  timeout (SH 12496ms): Timed out
0.sledgehammer goal.by        13019ms Simplex.Simplex 6666:268269  timeout (SH 13019ms): Timed out
0.sledgehammer goal.proof     12574ms Simplex.Simplex 6669:268475  timeout (SH 12574ms): Timed out
0.sledgehammer goal.by         2441ms Simplex.Simplex 6675:268692  some (SH 2441ms, ATP 317ms): Try this: using coeff_zero by presburger (2 ms)
0.sledgehammer goal.by         2530ms Simplex.Simplex 6676:268784  some (SH 2530ms, ATP 344ms): Try this: by linarith (3 ms)
0.sledgehammer goal.using      2470ms Simplex.Simplex 6678:268874  some (SH 2470ms, ATP 268ms): Try this: using or by blast (1 ms)
0.sledgehammer goal.by         2175ms Simplex.Simplex 6678:268883  some (SH 2175ms, ATP 290ms): Try this: by blast (0.4 ms)
0.sledgehammer goal.by        152577ms Simplex.Simplex 6680:268939  timeout (SH 152577ms):
0.sledgehammer goal.by        12600ms Simplex.Simplex 6684:269142  timeout (SH 12600ms): Timed out
0.sledgehammer goal.by        12541ms Simplex.Simplex 6690:269316  timeout (SH 12540ms): Timed out
0.sledgehammer goal.using     12760ms Simplex.Simplex 6693:269468  timeout (SH 12760ms): Timed out
0.sledgehammer goal.by         3587ms Simplex.Simplex 6693:269508  some (SH 3587ms, ATP 367ms): Try this: apply blast (14 ms)
0.sledgehammer goal.using     12489ms Simplex.Simplex 6712:270176  timeout (SH 12489ms): Timed out
0.sledgehammer goal.proof     13684ms Simplex.Simplex 6713:270188  timeout (SH 13684ms): Timed out
0.sledgehammer goal.by        12832ms Simplex.Simplex 6716:270251  timeout (SH 12832ms): Timed out
0.sledgehammer goal.using     13070ms Simplex.Simplex 6720:270317  timeout (SH 13070ms): Timed out
0.sledgehammer goal.by        12750ms Simplex.Simplex 6721:270353  timeout (SH 12750ms): Timed out
0.sledgehammer goal.proof     12166ms Simplex.Simplex 6726:270551  timeout (SH 12166ms): Timed out
0.sledgehammer goal.using     12269ms Simplex.Simplex 6731:270702  timeout (SH 12269ms): Timed out
0.sledgehammer goal.by         6257ms Simplex.Simplex 6732:270742  some (SH 6257ms, ATP 393ms): Try this: by (metis eq_idx_for_lvar_def minus_nat.diff_0 plus_nat.add_0) (132 ms)
0.sledgehammer goal.using     12300ms Simplex.Simplex 6746:271240  timeout (SH 12300ms): Timed out
0.sledgehammer goal.using     12515ms Simplex.Simplex 6747:271254  timeout (SH 12515ms): Timed out
0.sledgehammer goal.using     12156ms Simplex.Simplex 6748:271351  timeout (SH 12156ms): Timed out
0.sledgehammer goal.unfolding 12375ms Simplex.Simplex 6749:271431  timeout (SH 12375ms): Timed out
0.sledgehammer goal.by        12170ms Simplex.Simplex 6750:271462  timeout (SH 12170ms): Timed out
0.sledgehammer goal.proof     12475ms Simplex.Simplex 6756:271804  timeout (SH 12475ms): Timed out
0.sledgehammer goal.using     26535ms Simplex.Simplex 6758:271895  some (SH 26535ms, ATP 2521ms): Try this: using coeff_zero by force (8 ms)
0.sledgehammer goal.by        25081ms Simplex.Simplex 6759:271916  some (SH 25081ms, ATP 2516ms): Try this: by force (9 ms)
0.sledgehammer goal.using     12282ms Simplex.Simplex 6761:271949  timeout (SH 12282ms): Timed out
0.sledgehammer goal.using     12170ms Simplex.Simplex 6762:271986  timeout (SH 12170ms): Timed out
0.sledgehammer goal.by        12187ms Simplex.Simplex 6763:272112  timeout (SH 12187ms): Timed out
0.sledgehammer goal.using     12122ms Simplex.Simplex 6765:272191  timeout (SH 12122ms): Timed out
0.sledgehammer goal.using     60863ms Simplex.Simplex 6766:272207  some (SH 60863ms, ATP 3834ms): Try this: by (smt (verit) add_eq_0_iff alethe_minus_simplify(3) coeff_Var2 coeff_plus coeff_zero diff_add_cancel minus_add_distrib minus_divide_left pivot_eq_def rhs.simps vars_scaleRat zero_eq_1_divide_iff) (391 ms)
0.sledgehammer goal.using     203375ms Simplex.Simplex 6767:272333  some (SH 203375ms, ATP 2496ms): Try this: by (smt (z3) Un_iff coeff_Var2 coeff_zero divide_eq_0_iff in_mono lrv_class.zero_neq_one pivot_eq_def rhs.simps vars_minus vars_scaleRat zero_neq_neg_one) (128 ms)
0.sledgehammer goal.by        216808ms Simplex.Simplex 6768:272393  some (SH 216808ms, ATP 2588ms): Try this: by (smt (z3) Un_iff coeff_Var2 coeff_zero divide_eq_0_iff in_mono lrv_class.zero_neq_one pivot_eq_def rhs.simps vars_scaleRat zero_neq_neg_one) (93 ms)
0.sledgehammer goal.proof     12096ms Simplex.Simplex 6772:272485  timeout (SH 12096ms): Timed out
0.sledgehammer goal.unfolding  9233ms Simplex.Simplex 6776:272597  some (SH 9233ms, ATP 408ms): Try this: by (metis lhs.simps pivot_eq_def) (14 ms)
0.sledgehammer goal.by         2838ms Simplex.Simplex 6777:272624  some (SH 2838ms, ATP 317ms): Try this: by (meson lhs.simps) (6 ms)
0.sledgehammer goal.proof     12823ms Simplex.Simplex 6781:272741  timeout (SH 12823ms): Timed out
0.sledgehammer goal.proof     12483ms Simplex.Simplex 6783:272824  timeout (SH 12483ms): Timed out
0.sledgehammer goal.using     12329ms Simplex.Simplex 6787:272950  timeout (SH 12329ms): Timed out
0.sledgehammer goal.using     12383ms Simplex.Simplex 6788:273007  timeout (SH 12383ms): Timed out
0.sledgehammer goal.by        12304ms Simplex.Simplex 6789:273049  timeout (SH 12304ms): Timed out
0.sledgehammer goal.using      2937ms Simplex.Simplex 6791:273134  some (SH 2937ms, ATP 374ms): Try this: using \<open>x\<^sub>j \<in> rvars_eq eq\<close> coeff_zero by presburger (1 ms)
0.sledgehammer goal.using      2824ms Simplex.Simplex 6792:273168  some (SH 2824ms, ATP 433ms): Try this: using coeff_zero by blast (2 ms)
0.sledgehammer goal.by         2728ms Simplex.Simplex 6793:273193  some (SH 2728ms, ATP 435ms): Try this: by presburger (2 ms)
0.sledgehammer goal.using     24640ms Simplex.Simplex 6795:273287  some (SH 24640ms, ATP 589ms): Try this: by (metis "*" UnI1 UnI2 \<open>lhs eq \<notin> rvars_eq eq\<close> \<open>x \<in> rvars_eq (pivot_eq eq x\<^sub>j)\<close> coeff_zero insertE insert_Diff pivot_eq_rvars singletonI) (87 ms)
0.sledgehammer goal.using     25458ms Simplex.Simplex 6796:273329  some (SH 25458ms, ATP 456ms): Try this: by (metis "*" UnI1 UnI2 \<open>lhs eq \<notin> rvars_eq eq\<close> \<open>x \<in> rvars_eq (pivot_eq eq x\<^sub>j)\<close> coeff_zero insertCI insertE insert_Diff) (84 ms)
0.sledgehammer goal.using     19951ms Simplex.Simplex 6797:273419  some (SH 19951ms, ATP 457ms): Try this: by (metis "*" UnI1 UnI2 coeff_zero insertCI insertE insert_Diff) (63 ms)
0.sledgehammer goal.by         9627ms Simplex.Simplex 6798:273446  some (SH 9627ms, ATP 485ms): Try this: by blast (6 ms)
0.sledgehammer goal.proof     12323ms Simplex.Simplex 6801:273539  timeout (SH 12323ms): Timed out
0.sledgehammer goal.using      2671ms Simplex.Simplex 6805:273661  some (SH 2671ms, ATP 334ms): Try this: using \<open>lhs eq \<notin> rvars_eq eq\<close> coeff_zero by blast (2 ms)
0.sledgehammer goal.using      2557ms Simplex.Simplex 6806:273686  some (SH 2557ms, ATP 320ms): Try this: using \<open>lhs eq \<notin> rvars_eq eq\<close> by blast (3 ms)
0.sledgehammer goal.by         3890ms Simplex.Simplex 6807:273723  some (SH 3890ms, ATP 438ms): Try this: by blast (7 ms)
0.sledgehammer goal.using      3193ms Simplex.Simplex 6809:273779  some (SH 3193ms, ATP 411ms): Try this: by (simp add: \<open>x\<^sub>j \<in> rvars_eq eq\<close> coeff_zero) (2 ms)
0.sledgehammer goal.by         2524ms Simplex.Simplex 6810:273813  some (SH 2524ms, ATP 289ms): Try this: using coeff_zero by blast (3 ms)
0.sledgehammer goal.using      4944ms Simplex.Simplex 6812:273910  some (SH 4944ms, ATP 526ms): Try this: by (metis \<open>lhs eq \<notin> rvars_eq eq\<close> coeff_Var2) (47 ms)
0.sledgehammer goal.using      4760ms Simplex.Simplex 6813:273947  some (SH 4760ms, ATP 325ms): Try this: by (metis coeff_Var2) (28 ms)
0.sledgehammer goal.by         2559ms Simplex.Simplex 6814:273987  some (SH 2559ms, ATP 276ms): Try this: by fastforce (2 ms)
0.sledgehammer goal.using      4723ms Simplex.Simplex 6816:274045  some (SH 4723ms, ATP 360ms): Try this: by (metis "*" "**" coeff_Var2) (36 ms)
0.sledgehammer goal.using      4549ms Simplex.Simplex 6817:274102  some (SH 4548ms, ATP 312ms): Try this: by (metis coeff_Var2) (35 ms)
0.sledgehammer goal.by         2378ms Simplex.Simplex 6818:274144  some (SH 2378ms, ATP 230ms): Try this: by fastforce (1 ms)
0.sledgehammer goal.using     12056ms Simplex.Simplex 6820:274214  timeout (SH 12056ms): Timed out
0.sledgehammer goal.using     13207ms Simplex.Simplex 6821:274276  timeout (SH 13207ms): Timed out
0.sledgehammer goal.by        12144ms Simplex.Simplex 6822:274316  timeout (SH 12144ms): Timed out
0.sledgehammer goal.by         7866ms Simplex.Simplex 6824:274425  some (SH 7865ms, ATP 354ms): Try this: using coeff_zero by blast (1 ms)
0.sledgehammer goal.by         3216ms Simplex.Simplex 6829:274584  some (SH 3216ms, ATP 333ms): Try this: by presburger (5 ms)
0.sledgehammer goal.using      2606ms Simplex.Simplex 6834:274707  some (SH 2606ms, ATP 349ms): Try this: using pivot_eq_satisfies_eq by blast (1 ms)
0.sledgehammer goal.by         2646ms Simplex.Simplex 6835:274739  some (SH 2646ms, ATP 311ms): Try this: by blast (2 ms)
0.sledgehammer goal.proof     12850ms Simplex.Simplex 6849:275268  timeout (SH 12849ms): Timed out
0.sledgehammer goal.proof     11979ms Simplex.Simplex 6852:275418  timeout (SH 11979ms): Timed out
0.sledgehammer goal.using      6982ms Simplex.Simplex 6856:275597  some (SH 6982ms, ATP 333ms): Try this: using coeff_zero by blast (2 ms)
0.sledgehammer goal.by         2510ms Simplex.Simplex 6857:275620  some (SH 2509ms, ATP 371ms): Try this: by blast (2 ms)
0.sledgehammer goal.using      2523ms Simplex.Simplex 6860:275693  some (SH 2523ms, ATP 327ms): Try this: using coeff_zero by blast (0.8 ms)
0.sledgehammer goal.by         2375ms Simplex.Simplex 6861:275716  some (SH 2375ms, ATP 277ms): Try this: by blast (2 ms)
0.sledgehammer goal.proof     154066ms Simplex.Simplex 6863:275751  timeout (SH 154066ms):
0.sledgehammer goal.using      2590ms Simplex.Simplex 6866:275838  some (SH 2590ms, ATP 322ms): Try this: using coeff_zero by blast (0.6 ms)
0.sledgehammer goal.by         2353ms Simplex.Simplex 6867:275863  some (SH 2353ms, ATP 292ms): Try this: by blast (5 ms)
0.sledgehammer goal.using     153290ms Simplex.Simplex 6869:275901  timeout (SH 153290ms):
0.sledgehammer goal.using     119365ms Simplex.Simplex 6870:275982  some (SH 119365ms, ATP 2721ms): Try this: by (metis (no_types, lifting) \<open>coeff lp' x = 0\<close> coeff_Var2 coeff_minus coeff_plus coeff_scaleRat diff_add_cancel eq_iff_diff_eq_0 rational_vector.scale_cancel_left) (3.9 s)
0.sledgehammer goal.by        102654ms Simplex.Simplex 6871:276014  some (SH 102654ms, ATP 1007ms): Try this: by (smt (z3) add_diff_cancel coeff_Var2 coeff_minus coeff_scaleRat rational_vector.scale_eq_0_iff) (62 ms)
0.sledgehammer goal.unfolding 12010ms Simplex.Simplex 6875:276149  timeout (SH 12010ms): Timed out
0.sledgehammer goal.using     12032ms Simplex.Simplex 6876:276177  timeout (SH 12032ms): Timed out
0.sledgehammer goal.using     12239ms Simplex.Simplex 6877:276259  timeout (SH 12239ms): Timed out
0.sledgehammer goal.using     20272ms Simplex.Simplex 6878:276292  some (SH 20272ms, ATP 2231ms): Try this: using "*" by force (5 ms)
0.sledgehammer goal.by        18714ms Simplex.Simplex 6879:276304  some (SH 18714ms, ATP 2231ms): Try this: by force (5 ms)
0.sledgehammer goal.proof     46237ms Simplex.Simplex 6882:276439  some (SH 46237ms, ATP 2523ms): Try this: by (smt (z3) Diff_iff add_diff_cancel coeff_minus coeff_zero insertE insert_Diff rational_vector.scale_cancel_left vars_Var vars_scaleRat) (230 ms)
0.sledgehammer goal.using      2456ms Simplex.Simplex 6886:276551  some (SH 2456ms, ATP 374ms): Try this: using coeff_zero apply presburger (3 ms)
0.sledgehammer goal.by         2305ms Simplex.Simplex 6887:276574  some (SH 2305ms, ATP 335ms): Try this: apply blast (4 ms)
0.sledgehammer goal.using      7058ms Simplex.Simplex 6890:276744  some (SH 7058ms, ATP 377ms): Try this: using coeff_zero by blast (0.8 ms)
0.sledgehammer goal.by         2444ms Simplex.Simplex 6891:276767  some (SH 2444ms, ATP 265ms): Try this: by blast (4 ms)
0.sledgehammer goal.using     36387ms Simplex.Simplex 6893:276806  some (SH 36387ms, ATP 1851ms): Try this: by (metis \<open>coeff lp x \<noteq> 0\<close> \<open>coeff lp' x = 0\<close> coeff_Var2 coeff_minus coeff_scaleRat diff_eq_eq) (1.7 s)
0.sledgehammer goal.by        22111ms Simplex.Simplex 6894:276853  some (SH 22111ms, ATP 1841ms): Try this: by (metis coeff_Var2 coeff_minus coeff_scaleRat diff_eq_eq) (1.6 s)
0.sledgehammer goal.by        17941ms Simplex.Simplex 6897:276983  some (SH 17941ms, ATP 743ms): Try this: using subst_var_def by auto (4 ms)
0.sledgehammer goal.by         2548ms Simplex.Simplex 6900:277136  some (SH 2548ms, ATP 296ms): Try this: by blast (1 ms)
0.sledgehammer goal.unfolding 19174ms Simplex.Simplex 6904:277241  some (SH 19174ms, ATP 2065ms): Try this: by (metis add_diff_cancel_right' subst_var_def valuate_Var valuate_minus valuate_scaleRat) (438 ms)
0.sledgehammer goal.using     10575ms Simplex.Simplex 6905:277269  some (SH 10575ms, ATP 533ms): Try this: by (metis add_diff_cancel valuate_Var valuate_minus valuate_scaleRat) (216 ms)
0.sledgehammer goal.using      7511ms Simplex.Simplex 6906:277352  some (SH 7510ms, ATP 319ms): Try this: by (simp add: valuate_Var valuate_add valuate_scaleRat) (2 ms)
0.sledgehammer goal.using      6625ms Simplex.Simplex 6907:277405  some (SH 6625ms, ATP 372ms): Try this: by (simp add: valuate_Var valuate_scaleRat) (12 ms)
0.sledgehammer goal.using      4648ms Simplex.Simplex 6908:277505  some (SH 4648ms, ATP 357ms): Try this: by (simp add: valuate_Var) (12 ms)
0.sledgehammer goal.by         3350ms Simplex.Simplex 6909:277537  some (SH 3349ms, ATP 277ms): Try this: by force (8 ms)
0.sledgehammer goal.using      2529ms Simplex.Simplex 6913:277623  some (SH 2529ms, ATP 324ms): Try this: using coeff_zero by blast (2 ms)
0.sledgehammer goal.by         2506ms Simplex.Simplex 6913:277640  some (SH 2506ms, ATP 332ms): Try this: by blast (1 ms)
0.sledgehammer goal.unfolding 11948ms Simplex.Simplex 6915:277689  some (SH 11948ms, ATP 482ms): Try this: by (simp add: "0" subst_var_def) (0.7 ms)
0.sledgehammer goal.by         4645ms Simplex.Simplex 6915:277715  some (SH 4645ms, ATP 366ms): Try this: by auto (1 ms)
0.sledgehammer goal.using      2816ms Simplex.Simplex 6920:277894  some (SH 2816ms, ATP 343ms): Try this: apply blast (0.4 ms)
0.sledgehammer goal.by         2532ms Simplex.Simplex 6920:277911  some (SH 2532ms, ATP 318ms): Try this: apply blast (0.5 ms)
0.sledgehammer goal.using      3550ms Simplex.Simplex 6921:277963  some (SH 3550ms, ATP 355ms): Try this: using coeff_Var2 by presburger (6 ms)
0.sledgehammer goal.by         3523ms Simplex.Simplex 6921:277980  some (SH 3523ms, ATP 321ms): Try this: by presburger (2 ms)
0.sledgehammer goal.unfolding 159552ms Simplex.Simplex 6923:278034  timeout (SH 159552ms):
0.sledgehammer goal.by        19827ms Simplex.Simplex 6924:278084  some (SH 19827ms, ATP 940ms): Try this: by (simp add: "0" "00" no0(1,2)) (1 ms)
0.sledgehammer goal.proof      8194ms Simplex.Simplex 6944:278907  some (SH 8194ms, ATP 1375ms): Try this: apply (simp add: RhsEqVal_def poly_eval_update rhs_eq_val_def satisfies_eq_def) (17 ms)
0.sledgehammer goal.unfolding 12722ms Simplex.Simplex 6948:279024  timeout (SH 12722ms): Timed out
0.sledgehammer goal.using     71635ms Simplex.Simplex 6949:279061  some (SH 71635ms, ATP 698ms): Try this: by (smt (verit, ccfv_threshold) fun_upd_other fun_upd_same satisfies_eq_def valuate_update_x) (166 ms)
0.sledgehammer goal.by         5747ms Simplex.Simplex 6950:279122  some (SH 5747ms, ATP 378ms): Try this: by (simp add: satisfies_eq_def) (19 ms)
0.sledgehammer goal.proof      3674ms Simplex.Simplex 6954:279281  some (SH 3674ms, ATP 667ms): Try this: using Check_check RhsEqValDefault'.RhsEqVal_axioms by blast (4 ms)
0.sledgehammer goal.by         3149ms Simplex.Simplex 6966:279816  some (SH 3149ms, ATP 382ms): Try this: apply (simp add: EqForLVarDefault.EqForLVar_axioms Pivot'_def PivotEq_axioms SubstVar_axioms) (1 ms)
0.sledgehammer goal.by         2942ms Simplex.Simplex 6973:280187  some (SH 2942ms, ATP 440ms): Try this: apply (simp add: Pivot'Default.Pivot_axioms PivotUpdate_def RhsEqValDefault'.Update_axioms) (4 ms)
0.sledgehammer goal.proof      7773ms Simplex.Simplex 6976:280295  some (SH 7773ms, ATP 570ms): Try this: using Pivot'Default.Pivot_axioms update_to_assert_bound_no_lhs by blast (0.9 ms)
0.sledgehammer goal.by         7101ms Simplex.Simplex 6987:281022  some (SH 7101ms, ATP 97ms): Try this: apply (simp add: EqForLVarDefault.EqForLVar_axioms MinLVarNotInBounds_axioms MinRVars.intro MinRVarsEq_axioms MinVars.intro PivotUpdateDefault.PivotAndUpdate_axioms PivotUpdateMinVars.intro) (1 ms)
0.sledgehammer goal.by         3695ms Simplex.Simplex 6995:281315  some (SH 3695ms, ATP 900ms): Try this: apply (simp add: Assert'.intro PivotUpdateMinVarsDefault.Check_axioms RhsEqValDefault'.AssertBound_axioms) (4 ms)
0.sledgehammer goal.by         3418ms Simplex.Simplex 7006:282029  some (SH 3418ms, ATP 608ms): Try this: apply (simp add: AssertAllState''_def Init_axioms PivotUpdateMinVarsDefault.Check_axioms RhsEqValDefault'.AssertBoundNoLhs_axioms) (0.5 ms)
0.sledgehammer goal.by        20246ms Simplex.Simplex 7049:283989  some (SH 20246ms, ATP 194ms): Try this: by (metis ns_constraint.exhaust poly.simps(1,2) satisfiable_ns_constraint.simps(1,2) valuate_zero zero_satisfies.simps(1,2)) (105 ms)
0.sledgehammer goal.by        20158ms Simplex.Simplex 7052:284105  some (SH 20158ms, ATP 128ms): Try this: by (metis ns_constraint.exhaust poly.simps(1,2) satisfiable_ns_constraint.simps(1,2) valuate_zero zero_satisfies.simps(1,2)) (113 ms)
0.sledgehammer goal.by        13650ms Simplex.Simplex 7089:286158  timeout (SH 13650ms): Timed out
0.sledgehammer goal.proof     12810ms Simplex.Simplex 7110:287425  timeout (SH 12810ms): Timed out
0.sledgehammer goal.by         2655ms Simplex.Simplex 7112:287539  some (SH 2655ms, ATP 319ms): Try this: using linorder_less_linear by blast (3 ms)
0.sledgehammer goal.proof     12026ms Simplex.Simplex 7114:287568  timeout (SH 12026ms): Timed out
0.sledgehammer goal.by        12097ms Simplex.Simplex 7116:287608  timeout (SH 12097ms): Timed out
0.sledgehammer goal.using     22180ms Simplex.Simplex 7120:287720  some (SH 22180ms, ATP 466ms): Try this: by (metis inverse_positive_iff_positive linorder_not_less nless_le scaleRat_less1) (47 ms)
0.sledgehammer goal.by        13030ms Simplex.Simplex 7120:287740  some (SH 13030ms, ATP 465ms): Try this: by (metis Orderings.order_eq_iff inverse_positive_iff_positive linorder_linear linorder_neq_iff rational_vector.scale_left_imp_eq) (120 ms)
0.sledgehammer goal.using     12362ms Simplex.Simplex 7121:287770  timeout (SH 12362ms): Timed out
0.sledgehammer goal.by        12307ms Simplex.Simplex 7121:287783  timeout (SH 12307ms): Timed out
0.sledgehammer goal.using     150916ms Simplex.Simplex 7125:287929  some (SH 150916ms, ATP 506ms): Try this: by (metis inverse_negative_iff_negative linorder_not_less nless_le scaleRat_less2) (75 ms)
0.sledgehammer goal.by         9470ms Simplex.Simplex 7125:287949  some (SH 9470ms, ATP 486ms): Try this: by fastforce (96 ms)
0.sledgehammer goal.using     12451ms Simplex.Simplex 7126:287979  timeout (SH 12451ms): Timed out
0.sledgehammer goal.by        11951ms Simplex.Simplex 7126:287992  timeout (SH 11951ms): Timed out
0.sledgehammer goal.by        13085ms Simplex.Simplex 7134:288239  timeout (SH 13084ms): Timed out
0.sledgehammer goal.by         3726ms Simplex.Simplex 7152:288897  some (SH 3726ms, ATP 419ms): Try this: by simp (0.6 ms)
0.sledgehammer goal.by         4099ms Simplex.Simplex 7156:289005  some (SH 4099ms, ATP 579ms): Try this: by simp (0.6 ms)
0.sledgehammer goal.by        11974ms Simplex.Simplex 7160:289095  timeout (SH 11974ms): Timed out
0.sledgehammer goal.using     12580ms Simplex.Simplex 7167:289364  timeout (SH 12580ms): Timed out
0.sledgehammer goal.by        12363ms Simplex.Simplex 7168:289384  timeout (SH 12363ms): Timed out
0.sledgehammer goal.by        12231ms Simplex.Simplex 7172:289547  timeout (SH 12231ms): Timed out
0.sledgehammer goal.by        12011ms Simplex.Simplex 7176:289746  timeout (SH 12011ms): Timed out
0.sledgehammer goal.by        12339ms Simplex.Simplex 7180:289953  timeout (SH 12339ms): Timed out
0.sledgehammer goal.by        12230ms Simplex.Simplex 7184:290215  timeout (SH 12230ms): Timed out
0.sledgehammer goal.using     34968ms Simplex.Simplex 7189:290499  some (SH 34968ms, ATP 700ms): Try this: by (metis (no_types, lifting) assms(1,2,3) lhs_linear_poly_to_eq linear_poly_to_eq.elims normalize_ns_constraint.cases poly.simps(1,2) qdelta_constraint_to_atom.simps(1,2) rhs.simps satisfiable_ns_constraint.simps(1,2) satisfies_atom.simps(1,2) satisfies_eq_def) (863 ms)
0.sledgehammer goal.by        12727ms Simplex.Simplex 7190:290513  timeout (SH 12727ms): Timed out
0.sledgehammer goal.proof     13211ms Simplex.Simplex 7195:290707  timeout (SH 13211ms): Timed out
0.sledgehammer goal.using     12926ms Simplex.Simplex 7198:290767  timeout (SH 12926ms): Timed out
0.sledgehammer goal.using     15131ms Simplex.Simplex 7199:290783  timeout (SH 15131ms): Timed out
0.sledgehammer goal.apply     12457ms Simplex.Simplex 7200:290815  timeout (SH 12457ms): Timed out
0.sledgehammer goal.using     14586ms Simplex.Simplex 7201:290830  some (SH 14586ms, ATP 680ms): Try this: apply (metis divide_gt1 inverse_eq_divide leD leI) (17 ms)
0.sledgehammer goal.using     11785ms Simplex.Simplex 7202:290913  some (SH 11785ms, ATP 499ms): Try this: apply (metis is_monom_monom_coeff_not_zero right_inverse scaleRat_one scaleRat_scaleRat) (40 ms)
0.sledgehammer goal.apply     15229ms Simplex.Simplex 7203:290978  some (SH 15229ms, ATP 471ms): Try this: apply (metis is_monom_monom_coeff_not_zero right_inverse scaleRat_one scaleRat_scaleRat) (22 ms)
0.sledgehammer goal.using     22797ms Simplex.Simplex 7204:291022  some (SH 22797ms, ATP 459ms): Try this: apply (metis antisym_conv3 divide_gt inverse_eq_divide is_monom_monom_coeff_not_zero leD leI) (63 ms)
0.sledgehammer goal.using     22429ms Simplex.Simplex 7205:291105  some (SH 22429ms, ATP 449ms): Try this: using is_monom_monom_coeff_not_zero apply fastforce (85 ms)
0.sledgehammer goal.using     13450ms Simplex.Simplex 7206:291151  some (SH 13450ms, ATP 433ms): Try this: apply (metis antisym_conv3 right_inverse scaleRat_one scaleRat_scaleRat) (46 ms)
0.sledgehammer goal.using     21514ms Simplex.Simplex 7207:291212  some (SH 21514ms, ATP 530ms): Try this: apply force (162 ms)
0.sledgehammer goal.by        27389ms Simplex.Simplex 7208:291258  some (SH 27388ms, ATP 464ms): Try this: apply simp (195 ms)
0.sledgehammer goal.using     13759ms Simplex.Simplex 7212:291341  timeout (SH 13759ms): Timed out
0.sledgehammer goal.using     12419ms Simplex.Simplex 7213:291357  timeout (SH 12419ms): Timed out
0.sledgehammer goal.apply     13327ms Simplex.Simplex 7214:291389  timeout (SH 13327ms): Timed out
0.sledgehammer goal.using     13467ms Simplex.Simplex 7215:291404  some (SH 13467ms, ATP 598ms): Try this: apply (metis divide_lt1 inverse_eq_divide leD leI) (17 ms)
0.sledgehammer goal.using     11919ms Simplex.Simplex 7216:291487  some (SH 11919ms, ATP 498ms): Try this: apply auto[1] (44 ms)
0.sledgehammer goal.apply     14872ms Simplex.Simplex 7217:291552  some (SH 14872ms, ATP 531ms): Try this: apply (metis is_monom_monom_coeff_not_zero right_inverse scaleRat_one scaleRat_scaleRat) (21 ms)
0.sledgehammer goal.using     23371ms Simplex.Simplex 7218:291596  some (SH 23371ms, ATP 519ms): Try this: apply (metis antisym_conv3 divide_lt inverse_eq_divide is_monom_monom_coeff_not_zero leD leI) (65 ms)
0.sledgehammer goal.using     15005ms Simplex.Simplex 7219:291679  some (SH 15005ms, ATP 440ms): Try this: apply (metis is_monom_monom_coeff_not_zero linorder_cases right_inverse scaleRat_one scaleRat_scaleRat) (46 ms)
0.sledgehammer goal.using     13827ms Simplex.Simplex 7220:291725  some (SH 13827ms, ATP 519ms): Try this: apply (metis antisym_conv3 right_inverse scaleRat_one scaleRat_scaleRat) (72 ms)
0.sledgehammer goal.using     25005ms Simplex.Simplex 7221:291786  some (SH 25005ms, ATP 505ms): Try this: apply force (168 ms)
0.sledgehammer goal.by        28255ms Simplex.Simplex 7222:291832  some (SH 28255ms, ATP 462ms): Try this: apply simp (62 ms)
0.sledgehammer goal.by        13544ms Simplex.Simplex 7227:292032  timeout (SH 13544ms): Timed out
0.sledgehammer goal.by        14108ms Simplex.Simplex 7231:292293  timeout (SH 14108ms): Timed out
0.sledgehammer goal.by        12828ms Simplex.Simplex 7235:292608  timeout (SH 12828ms): Timed out
0.sledgehammer goal.by        11903ms Simplex.Simplex 7237:292760  timeout (SH 11902ms): Timed out
0.sledgehammer goal.using      2529ms Simplex.Simplex 7240:292853  some (SH 2529ms, ATP 359ms): Try this: using not_one_le_zero_qdelta by order (0.4 ms)
0.sledgehammer goal.by         2130ms Simplex.Simplex 7240:292904  some (SH 2130ms, ATP 269ms): Try this: by fastforce (0.5 ms)
0.sledgehammer goal.using     12612ms Simplex.Simplex 7246:293128  timeout (SH 12612ms): Timed out
0.sledgehammer goal.by        13427ms Simplex.Simplex 7247:293142  timeout (SH 13426ms): Timed out
0.sledgehammer goal.using     13121ms Simplex.Simplex 7255:293645  timeout (SH 13121ms): Timed out
0.sledgehammer goal.by        14103ms Simplex.Simplex 7255:293694  timeout (SH 14103ms): Timed out
0.sledgehammer goal.using     19277ms Simplex.Simplex 7260:293822  some (SH 19277ms, ATP 291ms): Try this: by (metis assms normalize_ns_constraint.cases poly.simps(1,2) satisfiable_ns_constraint.simps(1,2) valuate_depend) (262 ms)
0.sledgehammer goal.using     21151ms Simplex.Simplex 7261:293836  some (SH 21151ms, ATP 302ms): Try this: by (metis normalize_ns_constraint.cases poly.simps(1,2) satisfiable_ns_constraint.simps(1,2) valuate_depend) (255 ms)
0.sledgehammer goal.by        12588ms Simplex.Simplex 7262:293859  timeout (SH 12588ms): Timed out
0.sledgehammer goal.using     12364ms Simplex.Simplex 7267:294084  timeout (SH 12364ms): Timed out
0.sledgehammer goal.proof     13026ms Simplex.Simplex 7268:294096  timeout (SH 13026ms): Timed out
0.sledgehammer goal.by        12588ms Simplex.Simplex 7270:294183  some (SH 12587ms, ATP 357ms): Try this: using surjective_pairing by blast (2 ms)
0.sledgehammer goal.proof     12884ms Simplex.Simplex 7273:294240  timeout (SH 12884ms): Timed out
0.sledgehammer goal.using     14317ms Simplex.Simplex 7276:294323  timeout (SH 14317ms): Timed out
0.sledgehammer goal.by        13678ms Simplex.Simplex 7277:294360  timeout (SH 13678ms): Timed out
0.sledgehammer goal.by         7520ms Simplex.Simplex 7283:294710  some (SH 7520ms, ATP 137ms): Try this: by blast (2 ms)
0.sledgehammer goal.proof     12224ms Simplex.Simplex 7285:294744  timeout (SH 12224ms): Timed out
0.sledgehammer goal.by        117848ms Simplex.Simplex 7288:294859  some (SH 117848ms, ATP 1099ms): Try this: by simp (41 ms)
0.sledgehammer goal.using     12756ms Simplex.Simplex 7290:294983  timeout (SH 12756ms): Timed out
0.sledgehammer goal.by        12913ms Simplex.Simplex 7290:295006  timeout (SH 12913ms): Timed out
0.sledgehammer goal.using     12575ms Simplex.Simplex 7292:295068  timeout (SH 12575ms): Timed out
0.sledgehammer goal.by        13537ms Simplex.Simplex 7293:295121  timeout (SH 13537ms): Timed out
0.sledgehammer goal.using     12962ms Simplex.Simplex 7297:295292  timeout (SH 12962ms): Timed out
0.sledgehammer goal.by        13119ms Simplex.Simplex 7297:295322  timeout (SH 13119ms): Timed out
0.sledgehammer goal.using     12545ms Simplex.Simplex 7298:295370  timeout (SH 12545ms): Timed out
0.sledgehammer goal.by        12453ms Simplex.Simplex 7299:295394  timeout (SH 12453ms): Timed out
0.sledgehammer goal.by         3873ms Simplex.Simplex 7304:295641  some (SH 3873ms, ATP 538ms): Try this: by blast (3 ms)
0.sledgehammer goal.by        13222ms Simplex.Simplex 7306:295750  timeout (SH 13222ms): Timed out
0.sledgehammer goal.using     12833ms Simplex.Simplex 7308:295827  timeout (SH 12832ms): Timed out
0.sledgehammer goal.by        13134ms Simplex.Simplex 7308:295854  timeout (SH 13134ms): Timed out
0.sledgehammer goal.using     14263ms Simplex.Simplex 7309:295916  some (SH 14263ms, ATP 1330ms): Try this: by (metis atom_var.simps(1,2) ns_constraint.exhaust old(1) poly.simps(1,2) qdelta_constraint_to_atom.simps(1,2)) (362 ms)
0.sledgehammer goal.by        13383ms Simplex.Simplex 7309:295926  timeout (SH 13383ms): Timed out
0.sledgehammer goal.unfolding 12881ms Simplex.Simplex 7310:295987  timeout (SH 12881ms): Timed out
0.sledgehammer goal.by        12792ms Simplex.Simplex 7310:296002  timeout (SH 12792ms): Timed out
0.sledgehammer goal.using     12898ms Simplex.Simplex 7313:296088  timeout (SH 12898ms): Timed out
0.sledgehammer goal.by        13191ms Simplex.Simplex 7313:296110  timeout (SH 13191ms): Timed out
0.sledgehammer goal.using      4257ms Simplex.Simplex 7321:296295  some (SH 4256ms, ATP 421ms): Try this: using assms(1,2) satisfies_tableau_cong by blast (16 ms)
0.sledgehammer goal.using      4200ms Simplex.Simplex 7322:296309  some (SH 4200ms, ATP 357ms): Try this: using satisfies_tableau_cong by blast (16 ms)
0.sledgehammer goal.by         4533ms Simplex.Simplex 7323:296344  some (SH 4533ms, ATP 459ms): Try this: using satisfies_tableau_cong by blast (28 ms)
0.sledgehammer goal.using     12578ms Simplex.Simplex 7328:296555  timeout (SH 12578ms): Timed out
0.sledgehammer goal.proof     12749ms Simplex.Simplex 7329:296567  timeout (SH 12749ms): Timed out
0.sledgehammer goal.by        13182ms Simplex.Simplex 7331:296652  timeout (SH 13182ms): Timed out
0.sledgehammer goal.using     14119ms Simplex.Simplex 7339:297008  timeout (SH 14119ms): Timed out
0.sledgehammer goal.proof     13421ms Simplex.Simplex 7340:297020  timeout (SH 13421ms): Timed out
0.sledgehammer goal.by        14319ms Simplex.Simplex 7343:297064  timeout (SH 14319ms): Timed out
0.sledgehammer goal.by        12675ms Simplex.Simplex 7346:297189  some (SH 12675ms, ATP 347ms): Try this: using surjective_pairing by blast (1 ms)
0.sledgehammer goal.by        13487ms Simplex.Simplex 7352:297441  timeout (SH 13487ms): Timed out
0.sledgehammer goal.by        13643ms Simplex.Simplex 7354:297507  timeout (SH 13643ms): Timed out
0.sledgehammer goal.using     13971ms Simplex.Simplex 7356:297566  timeout (SH 13971ms): Timed out
0.sledgehammer goal.by        14532ms Simplex.Simplex 7357:297614  some (SH 14532ms, ATP 645ms): Try this: by (simp add: subset_eq) (49 ms)
0.sledgehammer goal.by         3453ms Simplex.Simplex 7359:297671  some (SH 3453ms, ATP 412ms): Try this: using sat_constraint_valuation by blast (3 ms)
0.sledgehammer goal.proof     13321ms Simplex.Simplex 7361:297721  timeout (SH 13321ms): Timed out
0.sledgehammer goal.by         2853ms Simplex.Simplex 7363:297813  some (SH 2853ms, ATP 256ms): Try this: by auto (0.7 ms)
0.sledgehammer goal.unfolding 13412ms Simplex.Simplex 7365:297844  timeout (SH 13412ms): Timed out
0.sledgehammer goal.proof     18115ms Simplex.Simplex 7366:297922  some (SH 18115ms, ATP 550ms): Try this: by (metis True i qdelta_constraint_to_atom_monom satisifies_atom_restrict_to_Cons v'_as v'_t var vh_v'h) (242 ms)
0.sledgehammer goal.unfolding  4669ms Simplex.Simplex 7370:298160  some (SH 4669ms, ATP 629ms): Try this: using True qdelta_constraint_to_atom_monom by presburger (7 ms)
0.sledgehammer goal.by         4230ms Simplex.Simplex 7370:298211  some (SH 4230ms, ATP 434ms): Try this: by blast (0.3 ms)
0.sledgehammer goal.by         2870ms Simplex.Simplex 7374:298295  some (SH 2870ms, ATP 315ms): Try this: by simp (0.5 ms)
0.sledgehammer goal.proof     13432ms Simplex.Simplex 7378:298396  timeout (SH 13432ms): Timed out
0.sledgehammer goal.by         2738ms Simplex.Simplex 7380:298486  some (SH 2738ms, ATP 294ms): Try this: by blast (0.7 ms)
0.sledgehammer goal.proof     13310ms Simplex.Simplex 7383:298566  timeout (SH 13310ms): Timed out
0.sledgehammer goal.unfolding 14406ms Simplex.Simplex 7387:298688  timeout (SH 14406ms): Timed out
0.sledgehammer goal.proof     13558ms Simplex.Simplex 7388:298793  timeout (SH 13558ms): Timed out
0.sledgehammer goal.using     18927ms Simplex.Simplex 7390:298951  some (SH 18927ms, ATP 439ms): Try this: by (metis assms(3) fresh_var_monoinc fun_upd_apply leD var) (47 ms)
0.sledgehammer goal.using     17004ms Simplex.Simplex 7391:298996  some (SH 17004ms, ATP 461ms): Try this: by (metis assms(3) fresh_var_monoinc fun_upd_apply leD) (45 ms)
0.sledgehammer goal.using      8548ms Simplex.Simplex 7392:299044  some (SH 8548ms, ATP 403ms): Try this: using assms(3) by fastforce (35 ms)
0.sledgehammer goal.by         6698ms Simplex.Simplex 7393:299070  some (SH 6698ms, ATP 367ms): Try this: by (metis fun_upd_apply linorder_not_less) (33 ms)
0.sledgehammer goal.by        13468ms Simplex.Simplex 7398:299270  timeout (SH 13468ms): Timed out
0.sledgehammer goal.unfolding 13611ms Simplex.Simplex 7402:299422  timeout (SH 13611ms): Timed out
0.sledgehammer goal.proof     13619ms Simplex.Simplex 7403:299465  timeout (SH 13618ms): Timed out
0.sledgehammer goal.using      6416ms Simplex.Simplex 7407:299568  some (SH 6416ms, ATP 483ms): Try this: by (metis satisfies_atom_set_def v'_as) (139 ms)
0.sledgehammer goal.by         6411ms Simplex.Simplex 7407:299595  some (SH 6411ms, ATP 363ms): Try this: by (meson satisfies_atom_set_def) (25 ms)
0.sledgehammer goal.using     13886ms Simplex.Simplex 7409:299687  timeout (SH 13886ms): Timed out
0.sledgehammer goal.using     13692ms Simplex.Simplex 7410:299749  timeout (SH 13692ms): Timed out
0.sledgehammer goal.by        13443ms Simplex.Simplex 7411:299785  timeout (SH 13443ms): Timed out
0.sledgehammer goal.using     13661ms Simplex.Simplex 7414:299924  timeout (SH 13661ms): Timed out
0.sledgehammer goal.using     153734ms Simplex.Simplex 7415:299958  timeout (SH 153734ms):
0.sledgehammer goal.using     120441ms Simplex.Simplex 7416:300073  some (SH 120441ms, ATP 688ms): Try this: by (metis UnionI \<open>\<And>thesis. (\<And>v'. \<lbrakk>\<forall>var\<in>V. v var = v' var; v' \<Turnstile>\<^sub>a\<^sub>s (snd ` (set (Atoms (preprocess' t start)) \<inter> I \<times> UNIV)); v' \<Turnstile>\<^sub>t Tableau (preprocess' t start); vars_constraints [h] \<subseteq> V\<rbrakk> \<Longrightarrow> thesis) \<Longrightarrow> thesis\<close> \<open>\<forall>var\<in>vars (poly h). v var = v' var\<close> fun_upd_same linear_poly_to_eq.elims list.set_intros(1) list.simps(9) satisfies_eq_iff subset_iff vars') (1.6 s)
0.sledgehammer goal.by        46338ms Simplex.Simplex 7417:300124  some (SH 46338ms, ATP 818ms): Try this: by (metis UnionI \<open>\<And>thesis. (\<And>v'. \<lbrakk>\<forall>var\<in>V. v var = v' var; v' \<Turnstile>\<^sub>a\<^sub>s (snd ` (set (Atoms (preprocess' t start)) \<inter> I \<times> UNIV)); v' \<Turnstile>\<^sub>t Tableau (preprocess' t start); vars_constraints [h] \<subseteq> V\<rbrakk> \<Longrightarrow> thesis) \<Longrightarrow> thesis\<close> \<open>\<forall>var\<in>vars (poly h). v var = v' var\<close> fun_upd_same linear_poly_to_eq.elims list.set_intros(1) list.simps(9) satisfies_eq_iff subset_eq vars') (2.5 s)
0.sledgehammer goal.using     12843ms Simplex.Simplex 7419:300283  timeout (SH 12843ms): Timed out
0.sledgehammer goal.using     13877ms Simplex.Simplex 7420:300347  timeout (SH 13877ms): Timed out
0.sledgehammer goal.using     13479ms Simplex.Simplex 7421:300381  timeout (SH 13479ms): Timed out
0.sledgehammer goal.using     141350ms Simplex.Simplex 7422:300441  some (SH 141350ms, ATP 3465ms): Try this: by (smt (z3) Sup_subset_mono Un_iff fresh_var_monoinc linorder_not_less list.simps(9) set_subset_Cons sup.order_iff sup.strict_order_iff) (205 ms)
0.sledgehammer goal.by        142809ms Simplex.Simplex 7423:300489  some (SH 142809ms, ATP 3311ms): Try this: by (smt (z3) Sup_le_iff Un_iff in_mono linorder_not_less list.set_intros(2) list.simps(9) order_less_imp_not_eq2) (371 ms)
0.sledgehammer goal.using      6661ms Simplex.Simplex 7425:300570  some (SH 6661ms, ATP 416ms): Try this: by (metis fun_upd_other satisfies_tableau_satisfies_tableau v'_t) (223 ms)
0.sledgehammer goal.using      4953ms Simplex.Simplex 7426:300627  some (SH 4953ms, ATP 368ms): Try this: by (simp add: satisfies_tableau_satisfies_tableau) (182 ms)
0.sledgehammer goal.by         4402ms Simplex.Simplex 7427:300724  some (SH 4402ms, ATP 289ms): Try this: by (metis fun_upd_other) (43 ms)
0.sledgehammer goal.by         3760ms Simplex.Simplex 7432:300904  some (SH 3760ms, ATP 249ms): Try this: by meson (0.3 ms)
0.sledgehammer goal.by         3605ms Simplex.Simplex 7434:301025  some (SH 3605ms, ATP 336ms): Try this: by blast (3 ms)
0.sledgehammer goal.unfolding 13300ms Simplex.Simplex 7435:301054  timeout (SH 13300ms): Timed out
0.sledgehammer goal.proof     13830ms Simplex.Simplex 7436:301159  timeout (SH 13829ms): Timed out
0.sledgehammer goal.by        13509ms Simplex.Simplex 7440:301404  timeout (SH 13509ms): Timed out
0.sledgehammer goal.by         2834ms Simplex.Simplex 7445:301538  some (SH 2834ms, ATP 274ms): Try this: by blast (0.7 ms)
0.sledgehammer goal.proof     13414ms Simplex.Simplex 7447:301571  timeout (SH 13414ms): Timed out
0.sledgehammer goal.by         2774ms Simplex.Simplex 7449:301669  some (SH 2774ms, ATP 293ms): Try this: by auto (1 ms)
0.sledgehammer goal.unfolding 13429ms Simplex.Simplex 7451:301708  timeout (SH 13429ms): Timed out
0.sledgehammer goal.by         5875ms Simplex.Simplex 7452:301810  some (SH 5875ms, ATP 479ms): Try this: using v'_as v'_t var by blast (1 ms)
0.sledgehammer goal.by         2694ms Simplex.Simplex 7455:301932  some (SH 2694ms, ATP 265ms): Try this: by auto (0.6 ms)
0.sledgehammer goal.by         3880ms Simplex.Simplex 7458:302047  some (SH 3879ms, ATP 366ms): Try this: by blast (0.9 ms)
0.sledgehammer goal.unfolding 13285ms Simplex.Simplex 7461:302113  timeout (SH 13285ms): Timed out
0.sledgehammer goal.proof      5862ms Simplex.Simplex 7462:302213  some (SH 5861ms, ATP 476ms): Try this: using v'_as v'_t var by blast (1 ms)
0.sledgehammer goal.using     12426ms Simplex.Simplex 7463:302291  timeout (SH 12426ms): Timed out
0.sledgehammer goal.by        12945ms Simplex.Simplex 7463:302305  timeout (SH 12945ms): Timed out
0.sledgehammer goal.using     13168ms Simplex.Simplex 7464:302363  some (SH 13168ms, ATP 1389ms): Try this: using Cons.prems(2) by auto (3 ms)
0.sledgehammer goal.by        12315ms Simplex.Simplex 7464:302377  some (SH 12315ms, ATP 911ms): Try this: by simp (2 ms)
0.sledgehammer goal.using     12394ms Simplex.Simplex 7473:302507  timeout (SH 12393ms): Timed out
0.sledgehammer goal.by        12560ms Simplex.Simplex 7474:302565  timeout (SH 12560ms): Timed out
0.sledgehammer goal.proof     13328ms Simplex.Simplex 7477:302739  timeout (SH 13328ms): Timed out
0.sledgehammer goal.using     12236ms Simplex.Simplex 7480:302803  timeout (SH 12236ms): Timed out
0.sledgehammer goal.using     12186ms Simplex.Simplex 7481:302838  timeout (SH 12186ms): Timed out
0.sledgehammer goal.using     12510ms Simplex.Simplex 7482:302881  timeout (SH 12510ms): Timed out
0.sledgehammer goal.using     86500ms Simplex.Simplex 7483:302931  some (SH 86500ms, ATP 4694ms): Try this: by (smt (verit, best) disjoint_iff_not_equal linorder_not_less normalized_tableau_def rhs_no_zero_tableau_start start_fresh_variable_fresh subset_iff) (455 ms)
0.sledgehammer goal.unfolding 64744ms Simplex.Simplex 7484:302976  some (SH 64744ms, ATP 3571ms): Try this: by (smt (verit, best) disjoint_iff_not_equal linorder_not_le normalized_tableau_def rhs_no_zero_tableau_start subset_iff) (509 ms)
0.sledgehammer goal.by        54262ms Simplex.Simplex 7485:303021  some (SH 54262ms, ATP 924ms): Try this: by (smt (verit, ccfv_threshold) disjoint_iff_not_equal in_mono nat_less_le nle_le rhs_no_zero_tableau_start) (263 ms)
0.sledgehammer goal.proof     13543ms Simplex.Simplex 7500:303744  timeout (SH 13543ms): Timed out
0.sledgehammer goal.unfolding 13757ms Simplex.Simplex 7501:303795  timeout (SH 13757ms): Timed out
0.sledgehammer goal.by        12594ms Simplex.Simplex 7501:303821  timeout (SH 12594ms): Timed out
0.sledgehammer goal.unfolding 13579ms Simplex.Simplex 7503:303855  timeout (SH 13578ms): Timed out
0.sledgehammer goal.by        12854ms Simplex.Simplex 7503:303893  timeout (SH 12854ms): Timed out
0.sledgehammer goal.unfolding 13048ms Simplex.Simplex 7504:303957  timeout (SH 13048ms): Timed out
0.sledgehammer goal.by        14102ms Simplex.Simplex 7504:303994  timeout (SH 14102ms): Timed out
0.sledgehammer goal.unfolding 12782ms Simplex.Simplex 7506:304077  timeout (SH 12782ms): Timed out
0.sledgehammer goal.by         2971ms Simplex.Simplex 7506:304110  some (SH 2971ms, ATP 326ms): Try this: apply blast (0.2 ms)
0.sledgehammer goal.by        11178ms Simplex.Simplex 7507:304184  some (SH 11178ms, ATP 888ms): Try this: by blast (1 ms)
0.sledgehammer goal.unfolding 14618ms Simplex.Simplex 7508:304254  timeout (SH 14618ms): Timed out
0.sledgehammer goal.proof     12591ms Simplex.Simplex 7510:304322  timeout (SH 12591ms): Timed out
0.sledgehammer goal.by         7720ms Simplex.Simplex 7513:304444  some (SH 7719ms, ATP 398ms): Try this: by blast (1 ms)
0.sledgehammer goal.unfolding 86476ms Simplex.Simplex 7514:304493  some (SH 86476ms, ATP 333ms): Try this: by (smt (z3) atom.exhaust atom_var.simps(1,2) fun_upd_apply satisfies_atom.simps(1,2) tv) (667 ms)
0.sledgehammer goal.by        13285ms Simplex.Simplex 7515:304512  timeout (SH 13285ms): Timed out
0.sledgehammer goal.by         3570ms Simplex.Simplex 7517:304604  some (SH 3570ms, ATP 529ms): Try this: by blast (0.4 ms)
0.sledgehammer goal.unfolding 13816ms Simplex.Simplex 7520:304691  timeout (SH 13816ms): Timed out
0.sledgehammer goal.by        50254ms Simplex.Simplex 7520:304721  some (SH 50253ms, ATP 991ms): Try this: by force (14 ms)
0.sledgehammer goal.unfolding  5018ms Simplex.Simplex 7524:304811  some (SH 5018ms, ATP 410ms): Try this: by (simp add: t') (3 ms)
0.sledgehammer goal.by         3808ms Simplex.Simplex 7524:304824  some (SH 3808ms, ATP 481ms): Try this: by simp (0.7 ms)
0.sledgehammer goal.unfolding  3420ms Simplex.Simplex 7525:304864  some (SH 3420ms, ATP 466ms): Try this: using satisfies_tableau_def by blast (1 ms)
0.sledgehammer goal.by         3273ms Simplex.Simplex 7525:304896  some (SH 3273ms, ATP 434ms): Try this: by blast (1 ms)
0.sledgehammer goal.by         8564ms Simplex.Simplex 7526:304942  some (SH 8564ms, ATP 753ms): Try this: using old.prod.exhaust by blast (1 ms)
0.sledgehammer goal.by        13270ms Simplex.Simplex 7527:305014  timeout (SH 13270ms): Timed out
0.sledgehammer goal.unfolding 13211ms Simplex.Simplex 7529:305097  timeout (SH 13211ms): Timed out
0.sledgehammer goal.by        24117ms Simplex.Simplex 7529:305127  some (SH 24117ms, ATP 1922ms): Try this: by force (64 ms)
0.sledgehammer goal.unfolding 18998ms Simplex.Simplex 7530:305167  some (SH 18998ms, ATP 939ms): Try this: by (metis eq fun_upd_other satisfies_eq_iff tv valuate_depend xq xy) (138 ms)
0.sledgehammer goal.using      8448ms Simplex.Simplex 7530:305200  some (SH 8448ms, ATP 542ms): Try this: by (metis fun_upd_other valuate_depend xq xy) (128 ms)
0.sledgehammer goal.by         5861ms Simplex.Simplex 7531:305218  some (SH 5861ms, ATP 539ms): Try this: by (simp add: valuate_depend) (22 ms)
0.sledgehammer goal.unfolding 12516ms Simplex.Simplex 7534:305292  some (SH 12516ms, ATP 559ms): Try this: by (simp add: satisfies_eq_iff tv valuate_depend xp) (11 ms)
0.sledgehammer goal.using      8210ms Simplex.Simplex 7534:305322  some (SH 8210ms, ATP 539ms): Try this: by (simp add: valuate_depend xp) (32 ms)
0.sledgehammer goal.by         6946ms Simplex.Simplex 7535:305335  some (SH 6945ms, ATP 528ms): Try this: by (simp add: valuate_depend) (29 ms)
0.sledgehammer goal.unfolding 13111ms Simplex.Simplex 7537:305403  some (SH 13111ms, ATP 859ms): Try this: by (simp add: satisfies_tableau_def t) (14 ms)
0.sledgehammer goal.by         9712ms Simplex.Simplex 7537:305437  some (SH 9712ms, ATP 717ms): Try this: by auto (4 ms)
0.sledgehammer goal.proof     13156ms Simplex.Simplex 7547:305918  timeout (SH 13156ms): Timed out
0.sledgehammer goal.unfolding 10285ms Simplex.Simplex 7550:306048  some (SH 10285ms, ATP 831ms): Try this: using lvars_def t(1) by auto (10 ms)
0.sledgehammer goal.by         8379ms Simplex.Simplex 7550:306070  some (SH 8379ms, ATP 742ms): Try this: by fastforce (6 ms)
0.sledgehammer goal.unfolding 14171ms Simplex.Simplex 7552:306138  timeout (SH 14171ms): Timed out
0.sledgehammer goal.by        32593ms Simplex.Simplex 7552:306183  some (SH 32593ms, ATP 1012ms): Try this: by auto (16 ms)
0.sledgehammer goal.by        185857ms Simplex.Simplex 7554:306235  some (SH 185856ms, ATP 604ms): Try this: by (metis (no_types, lifting) EqForLVarDefault.eq_for_lvar Un_iff eq_t12 image_iff set_ConsD set_append t(1) yl) (809 ms)
0.sledgehammer goal.by         6280ms Simplex.Simplex 7557:306443  some (SH 6280ms, ATP 592ms): Try this: by (metis image_iff lhs.simps) (58 ms)
0.sledgehammer goal.unfolding 12598ms Simplex.Simplex 7559:306525  timeout (SH 12598ms): Timed out
0.sledgehammer goal.using     13255ms Simplex.Simplex 7559:306578  timeout (SH 13255ms): Timed out
0.sledgehammer goal.unfolding 13469ms Simplex.Simplex 7560:306603  timeout (SH 13469ms): Timed out
0.sledgehammer goal.using     13429ms Simplex.Simplex 7560:306644  timeout (SH 13429ms): Timed out
0.sledgehammer goal.by        14520ms Simplex.Simplex 7560:306657  timeout (SH 14520ms): Timed out
0.sledgehammer goal.by         3880ms Simplex.Simplex 7564:306935  some (SH 3880ms, ATP 493ms): Try this: apply blast (1 ms)
0.sledgehammer goal.using     12643ms Simplex.Simplex 7565:306964  timeout (SH 12643ms): Timed out
0.sledgehammer goal.unfolding 13180ms Simplex.Simplex 7566:306989  timeout (SH 13180ms): Timed out
0.sledgehammer goal.by         7819ms Simplex.Simplex 7566:307043  some (SH 7819ms, ATP 400ms): Try this: using lhs.simps by blast (2 ms)
0.sledgehammer goal.by        13086ms Simplex.Simplex 7577:307620  timeout (SH 13086ms): Timed out
0.sledgehammer goal.by        12152ms Simplex.Simplex 7579:307658  timeout (SH 12152ms): Timed out
0.sledgehammer goal.using     12516ms Simplex.Simplex 7587:308038  timeout (SH 12516ms): Timed out
0.sledgehammer goal.proof     12821ms Simplex.Simplex 7588:308050  timeout (SH 12821ms): Timed out
0.sledgehammer goal.by        13606ms Simplex.Simplex 7590:308173  timeout (SH 13606ms): Timed out
0.sledgehammer goal.by         3812ms Simplex.Simplex 7597:308388  some (SH 3812ms, ATP 553ms): Try this: by (simp add: "2.prems"(3)) (1 ms)
0.sledgehammer goal.by         3590ms Simplex.Simplex 7598:308433  some (SH 3590ms, ATP 559ms): Try this: using "2.prems"(4) by blast (0.2 ms)
0.sledgehammer goal.proof     13685ms Simplex.Simplex 7600:308456  timeout (SH 13685ms): Timed out
0.sledgehammer goal.by        13883ms Simplex.Simplex 7604:308635  timeout (SH 13883ms): Timed out
0.sledgehammer goal.unfolding 11318ms Simplex.Simplex 7608:308884  some (SH 11318ms, ATP 733ms): Try this: by (simp add: tv) (50 ms)
0.sledgehammer goal.by         4828ms Simplex.Simplex 7609:308909  some (SH 4828ms, ATP 621ms): Try this: by blast (7 ms)
0.sledgehammer goal.by         3760ms Simplex.Simplex 7612:308962  some (SH 3760ms, ATP 549ms): Try this: by blast (1 ms)
0.sledgehammer goal.proof     13607ms Simplex.Simplex 7615:309022  timeout (SH 13607ms): Timed out
0.sledgehammer goal.by        13404ms Simplex.Simplex 7617:309183  timeout (SH 13404ms): Timed out
0.sledgehammer goal.by        10646ms Simplex.Simplex 7618:309241  some (SH 10646ms, ATP 2215ms): Try this: by auto (2 ms)
0.sledgehammer goal.unfolding  3729ms Simplex.Simplex 7624:309452  some (SH 3729ms, ATP 530ms): Try this: apply blast (0.8 ms)
0.sledgehammer goal.by         3116ms Simplex.Simplex 7624:309475  some (SH 3116ms, ATP 464ms): Try this: apply blast (0.6 ms)
0.sledgehammer goal.by         4919ms Simplex.Simplex 7625:309524  some (SH 4919ms, ATP 699ms): Try this: by (simp add: set_vars_list) (0.6 ms)
0.sledgehammer goal.by        13909ms Simplex.Simplex 7627:309651  some (SH 13909ms, ATP 2598ms): Try this: by (metis surj_pair) (87 ms)
0.sledgehammer goal.unfolding 59568ms Simplex.Simplex 7629:309798  some (SH 59568ms, ATP 752ms): Try this: by (smt (z3) Pair_inject pivot_tableau_eq_def rev_map) (121 ms)
0.sledgehammer goal.by        13854ms Simplex.Simplex 7629:309837  some (SH 13854ms, ATP 618ms): Try this: by (metis (no_types, lifting) prod.inject rev_map) (134 ms)
0.sledgehammer goal.by         4279ms Simplex.Simplex 7631:309949  some (SH 4279ms, ATP 552ms): Try this: by simp (4 ms)
0.sledgehammer goal.by        15149ms Simplex.Simplex 7639:310359  timeout (SH 15149ms): Timed out
0.sledgehammer goal.unfolding 12832ms Simplex.Simplex 7642:310576  some (SH 12832ms, ATP 888ms): Try this: by (simp add: eq(2) tv) (49 ms)
0.sledgehammer goal.by         4251ms Simplex.Simplex 7642:310601  some (SH 4251ms, ATP 713ms): Try this: by blast (6 ms)
0.sledgehammer goal.using     13807ms Simplex.Simplex 7654:310963  timeout (SH 13807ms): Timed out
0.sledgehammer goal.by         4595ms Simplex.Simplex 7654:311043  some (SH 4595ms, ATP 593ms): Try this: apply blast (2 ms)
0.sledgehammer goal.proof     13138ms Simplex.Simplex 7669:311750  timeout (SH 13138ms): Timed out
0.sledgehammer goal.unfolding 13112ms Simplex.Simplex 7672:311929  timeout (SH 13112ms): Timed out
0.sledgehammer goal.by        12706ms Simplex.Simplex 7672:311947  timeout (SH 12706ms): Timed out
0.sledgehammer goal.unfolding 13136ms Simplex.Simplex 7674:312035  timeout (SH 13136ms): Timed out
0.sledgehammer goal.by        13630ms Simplex.Simplex 7674:312060  timeout (SH 13630ms): Timed out
0.sledgehammer goal.by        12956ms Simplex.Simplex 7677:312229  timeout (SH 12956ms): Timed out
0.sledgehammer goal.using     13429ms Simplex.Simplex 7678:312278  timeout (SH 13429ms): Timed out
0.sledgehammer goal.by        11279ms Simplex.Simplex 7679:312325  some (SH 11279ms, ATP 540ms): Try this: by (metis fst_eqD preprocess_part_1_def) (34 ms)
0.sledgehammer goal.by         4304ms Simplex.Simplex 7681:312434  some (SH 4304ms, ATP 458ms): Try this: by (simp add: part_2(1)) (0.5 ms)
0.sledgehammer goal.using     17050ms Simplex.Simplex 7683:312551  some (SH 17050ms, ATP 697ms): Try this: by (metis i_preprocess'_sat old.prod.inject part1 preprocess_part_1_def) (650 ms)
0.sledgehammer goal.by         4005ms Simplex.Simplex 7683:312639  some (SH 4005ms, ATP 422ms): Try this: by blast (6 ms)
0.sledgehammer goal.by         6454ms Simplex.Simplex 7685:312767  some (SH 6454ms, ATP 1562ms): Try this: using ncs(2) by blast (10 ms)
0.sledgehammer goal.by         9122ms Simplex.Simplex 7687:312950  some (SH 9122ms, ATP 613ms): Try this: by blast (3 ms)
0.sledgehammer goal.unfolding 13048ms Simplex.Simplex 7692:313298  timeout (SH 13048ms): Timed out
0.sledgehammer goal.proof     13902ms Simplex.Simplex 7693:313316  timeout (SH 13902ms): Timed out
0.sledgehammer goal.by         4585ms Simplex.Simplex 7695:313491  some (SH 4585ms, ATP 380ms): Try this: by meson (1 ms)
0.sledgehammer goal.proof     13120ms Simplex.Simplex 7697:313519  timeout (SH 13120ms): Timed out
0.sledgehammer goal.using     13305ms Simplex.Simplex 7699:313703  timeout (SH 13305ms): Timed out
0.sledgehammer goal.by        13731ms Simplex.Simplex 7699:313713  timeout (SH 13731ms): Timed out
0.sledgehammer goal.unfolding 11853ms Simplex.Simplex 7702:313834  some (SH 11853ms, ATP 660ms): Try this: by (meson distinct_indices_ns_def set_subset_Cons subset_code(1)) (255 ms)
0.sledgehammer goal.by         6131ms Simplex.Simplex 7702:313864  some (SH 6131ms, ATP 540ms): Try this: by blast (12 ms)
0.sledgehammer goal.proof     13881ms Simplex.Simplex 7705:313952  timeout (SH 13881ms): Timed out
0.sledgehammer goal.by        13871ms Simplex.Simplex 7708:314074  timeout (SH 13871ms): Timed out
0.sledgehammer goal.by        13818ms Simplex.Simplex 7711:314200  timeout (SH 13818ms): Timed out
0.sledgehammer goal.proof     13942ms Simplex.Simplex 7713:314285  timeout (SH 13942ms): Timed out
0.sledgehammer goal.using     13961ms Simplex.Simplex 7715:314362  timeout (SH 13960ms): Timed out
0.sledgehammer goal.by        14108ms Simplex.Simplex 7715:314377  timeout (SH 14108ms): Timed out
0.sledgehammer goal.using     14173ms Simplex.Simplex 7718:314489  timeout (SH 14173ms): Timed out
0.sledgehammer goal.by        13927ms Simplex.Simplex 7718:314504  timeout (SH 13926ms): Timed out
0.sledgehammer goal.by         4185ms Simplex.Simplex 7723:314689  some (SH 4185ms, ATP 390ms): Try this: using ncs(1) by argo (2 ms)
0.sledgehammer goal.unfolding 13035ms Simplex.Simplex 7726:314809  timeout (SH 13035ms): Timed out
0.sledgehammer goal.proof     13483ms Simplex.Simplex 7727:314847  timeout (SH 13482ms): Timed out
0.sledgehammer goal.unfolding 11680ms Simplex.Simplex 7730:315011  some (SH 11680ms, ATP 839ms): Try this: using ncs_def by auto (18 ms)
0.sledgehammer goal.by        13923ms Simplex.Simplex 7730:315029  some (SH 13923ms, ATP 721ms): Try this: by force (10 ms)
0.sledgehammer goal.unfolding 11271ms Simplex.Simplex 7732:315142  some (SH 11270ms, ATP 605ms): Try this: using ncs_def by force (23 ms)
0.sledgehammer goal.by        13924ms Simplex.Simplex 7732:315160  some (SH 13924ms, ATP 1057ms): Try this: by force (9 ms)
0.sledgehammer goal.unfolding 12807ms Simplex.Simplex 7734:315258  timeout (SH 12807ms): Timed out
0.sledgehammer goal.by        13712ms Simplex.Simplex 7735:315283  timeout (SH 13712ms): Timed out
0.sledgehammer goal.unfolding 12853ms Simplex.Simplex 7739:315473  timeout (SH 12853ms): Timed out
0.sledgehammer goal.proof     12773ms Simplex.Simplex 7740:315514  timeout (SH 12773ms): Timed out
0.sledgehammer goal.by         3865ms Simplex.Simplex 7745:315804  some (SH 3864ms, ATP 383ms): Try this: by blast (6 ms)
0.sledgehammer goal.by         3478ms Simplex.Simplex 7748:316003  some (SH 3478ms, ATP 348ms): Try this: by blast (6 ms)
0.sledgehammer goal.by         3408ms Simplex.Simplex 7750:316170  some (SH 3407ms, ATP 316ms): Try this: apply blast (0.3 ms)
0.sledgehammer goal.proof     13317ms Simplex.Simplex 7752:316252  timeout (SH 13317ms): Timed out
0.sledgehammer goal.unfolding 13478ms Simplex.Simplex 7754:316325  timeout (SH 13478ms): Timed out
0.sledgehammer goal.using     13860ms Simplex.Simplex 7754:316347  timeout (SH 13860ms): Timed out
0.sledgehammer goal.by        13828ms Simplex.Simplex 7754:316355  timeout (SH 13828ms): Timed out
0.sledgehammer goal.unfolding 14720ms Simplex.Simplex 7757:316434  timeout (SH 14720ms): Timed out
0.sledgehammer goal.using     13868ms Simplex.Simplex 7757:316456  timeout (SH 13868ms): Timed out
0.sledgehammer goal.by        12955ms Simplex.Simplex 7757:316476  timeout (SH 12954ms): Timed out
0.sledgehammer goal.using      6559ms Simplex.Simplex 7762:316585  some (SH 6559ms, ATP 507ms): Try this: by (metis ncs(2) preprocess'_unsat_indices ui) (44 ms)
0.sledgehammer goal.unfolding  4032ms Simplex.Simplex 7762:316633  some (SH 4032ms, ATP 496ms): Try this: using ncs(2) ui by blast (6 ms)
0.sledgehammer goal.by         4488ms Simplex.Simplex 7763:316678  some (SH 4488ms, ATP 418ms): Try this: using ncs(2) by blast (5 ms)
0.sledgehammer goal.by         3396ms Simplex.Simplex 7765:316785  some (SH 3396ms, ATP 294ms): Try this: by blast (0.7 ms)
0.sledgehammer goal.unfolding  3704ms Simplex.Simplex 7766:316828  some (SH 3704ms, ATP 369ms): Try this: using ncs(2) by blast (2 ms)
0.sledgehammer goal.using     13369ms Simplex.Simplex 7769:316968  some (SH 13369ms, ATP 524ms): Try this: using \<open>(Tableau (preprocess' ncs (start_fresh_variable ncs)), Atoms (preprocess' ncs (start_fresh_variable ncs)), UnsatIndices (preprocess' ncs (start_fresh_variable ncs))) = (t1, as, ui)\<close> i_satisfies_atom_set.simps by blast (5 ms)
0.sledgehammer goal.unfolding 13364ms Simplex.Simplex 7770:316984  timeout (SH 13364ms): Timed out
0.sledgehammer goal.by        13455ms Simplex.Simplex 7770:317024  some (SH 13455ms, ATP 517ms): Try this: using i_satisfies_atom_set.simps by blast (4 ms)
0.sledgehammer goal.using      4115ms Simplex.Simplex 7772:317088  some (SH 4115ms, ATP 475ms): Try this: using part_2(4) by blast (2 ms)
0.sledgehammer goal.by         4173ms Simplex.Simplex 7772:317104  some (SH 4173ms, ATP 456ms): Try this: by blast (3 ms)
0.sledgehammer goal.by         7993ms Simplex.Simplex 7776:317175  timeout (SH 7993ms): Timed out
0.sledgehammer goal.by         2699ms Simplex.Simplex 7780:317375  some (SH 2698ms, ATP 349ms): Try this: by (simp add: AssertAllStateDefault.AssertAll_axioms PreprocessDefault.Preprocess_axioms Solve_exec_ns'.intro) (0.7 ms)
0.sledgehammer goal.proof     13652ms Simplex.Simplex 7823:319351  timeout (SH 13652ms): Timed out
0.sledgehammer goal.unfolding 13247ms Simplex.Simplex 7831:319755  timeout (SH 13247ms): Timed out
0.sledgehammer goal.proof     13482ms Simplex.Simplex 7832:319790  timeout (SH 13482ms): Timed out
0.sledgehammer goal.by         3751ms Simplex.Simplex 7840:320256  some (SH 3751ms, ATP 461ms): Try this: by force (2 ms)
0.sledgehammer goal.by         4356ms Simplex.Simplex 7841:320317  some (SH 4356ms, ATP 426ms): Try this: by blast (4 ms)
0.sledgehammer goal.unfolding 12544ms Simplex.Simplex 7842:320372  timeout (SH 12544ms): Timed out
0.sledgehammer goal.by        13561ms Simplex.Simplex 7844:320478  timeout (SH 13561ms): Timed out
0.sledgehammer goal.proof     13795ms Simplex.Simplex 7846:320572  timeout (SH 13795ms): Timed out
0.sledgehammer goal.using     13844ms Simplex.Simplex 7850:320679  timeout (SH 13844ms): Timed out
0.sledgehammer goal.unfolding 13462ms Simplex.Simplex 7850:320689  timeout (SH 13462ms): Timed out
0.sledgehammer goal.proof     13294ms Simplex.Simplex 7851:320714  timeout (SH 13294ms): Timed out
0.sledgehammer goal.by        14113ms Simplex.Simplex 7854:320789  timeout (SH 14113ms): Timed out
0.sledgehammer goal.by        12769ms Simplex.Simplex 7857:320891  some (SH 12769ms, ATP 434ms): Try this: using surjective_pairing by blast (0.9 ms)
0.sledgehammer goal.unfolding 13515ms Simplex.Simplex 7860:321049  timeout (SH 13515ms): Timed out
0.sledgehammer goal.by        14591ms Simplex.Simplex 7860:321086  timeout (SH 14591ms): Timed out
0.sledgehammer goal.proof     13884ms Simplex.Simplex 7862:321135  timeout (SH 13884ms): Timed out
0.sledgehammer goal.unfolding 14905ms Simplex.Simplex 7864:321221  timeout (SH 14905ms): Timed out
0.sledgehammer goal.by        13709ms Simplex.Simplex 7864:321241  timeout (SH 13709ms): Timed out
0.sledgehammer goal.by        25294ms Simplex.Simplex 7868:321382  some (SH 25294ms, ATP 489ms): Try this: using filter_empty_conv by fastforce (234 ms)
0.sledgehammer goal.unfolding 14888ms Simplex.Simplex 7871:321554  timeout (SH 14888ms): Timed out
0.sledgehammer goal.unfolding 13239ms Simplex.Simplex 7871:321597  timeout (SH 13239ms): Timed out
0.sledgehammer goal.by        13712ms Simplex.Simplex 7871:321623  timeout (SH 13711ms): Timed out
0.sledgehammer goal.by        14075ms Simplex.Simplex 7872:321665  timeout (SH 14075ms): Timed out
0.sledgehammer goal.unfolding  9393ms Simplex.Simplex 7877:321859  some (SH 9392ms, ATP 245ms): Try this: using delta_min by blast (4 ms)
0.sledgehammer goal.by         7883ms Simplex.Simplex 7878:321884  some (SH 7883ms, ATP 191ms): Try this: using delta_min by presburger (7 ms)
0.sledgehammer goal.unfolding  9545ms Simplex.Simplex 7879:321974  some (SH 9545ms, ATP 398ms): Try this: using delta_min_mono f_list i_list if_list by presburger (4 ms)
0.sledgehammer goal.by         3505ms Simplex.Simplex 7880:322006  some (SH 3505ms, ATP 388ms): Try this: using delta_min_mono if_list by blast (3 ms)
0.sledgehammer goal.unfolding  4379ms Simplex.Simplex 7883:322188  some (SH 4378ms, ATP 458ms): Try this: using f_list by force (3 ms)
0.sledgehammer goal.unfolding 13472ms Simplex.Simplex 7884:322275  timeout (SH 13471ms): Timed out
0.sledgehammer goal.proof     14573ms Simplex.Simplex 7885:322309  timeout (SH 14572ms): Timed out
0.sledgehammer goal.by        13593ms Simplex.Simplex 7888:322373  timeout (SH 13593ms): Timed out
0.sledgehammer goal.by        14225ms Simplex.Simplex 7892:322467  timeout (SH 14225ms): Timed out
0.sledgehammer goal.by        13553ms Simplex.Simplex 7895:322671  timeout (SH 13553ms): Timed out
0.sledgehammer goal.by        13745ms Simplex.Simplex 7898:322822  some (SH 13745ms, ATP 375ms): Try this: by force (4 ms)
0.sledgehammer goal.proof     13472ms Simplex.Simplex 7900:322885  timeout (SH 13472ms): Timed out
0.sledgehammer goal.using     13250ms Simplex.Simplex 7902:322998  timeout (SH 13250ms): Timed out
0.sledgehammer goal.unfolding 13064ms Simplex.Simplex 7902:323006  timeout (SH 13064ms): Timed out
0.sledgehammer goal.by        13061ms Simplex.Simplex 7903:323033  timeout (SH 13061ms): Timed out
0.sledgehammer goal.using      5857ms Simplex.Simplex 7905:323167  some (SH 5857ms, ATP 535ms): Try this: using l1 by blast (1 ms)
0.sledgehammer goal.by         3999ms Simplex.Simplex 7906:323186  some (SH 3999ms, ATP 429ms): Try this: by blast (1 ms)
0.sledgehammer goal.proof     12792ms Simplex.Simplex 7910:323315  timeout (SH 12792ms): Timed out
0.sledgehammer goal.using     13334ms Simplex.Simplex 7914:323484  timeout (SH 13333ms): Timed out
0.sledgehammer goal.using     13408ms Simplex.Simplex 7915:323505  timeout (SH 13408ms): Timed out
0.sledgehammer goal.by        12790ms Simplex.Simplex 7916:323526  timeout (SH 12789ms): Timed out
0.sledgehammer goal.by        13199ms Simplex.Simplex 7920:323755  timeout (SH 13199ms): Timed out
0.sledgehammer goal.using     12874ms Simplex.Simplex 7922:323829  timeout (SH 12874ms): Timed out
0.sledgehammer goal.by        14634ms Simplex.Simplex 7923:323870  timeout (SH 14633ms): Timed out
0.sledgehammer goal.using     13998ms Simplex.Simplex 7926:323997  timeout (SH 13998ms): Timed out
0.sledgehammer goal.unfolding 13453ms Simplex.Simplex 7926:324005  timeout (SH 13453ms): Timed out
0.sledgehammer goal.by        14649ms Simplex.Simplex 7927:324032  timeout (SH 14648ms): Timed out
0.sledgehammer goal.using      3860ms Simplex.Simplex 7929:324163  some (SH 3860ms, ATP 381ms): Try this: using l1 by blast (2 ms)
0.sledgehammer goal.by         3379ms Simplex.Simplex 7930:324182  some (SH 3379ms, ATP 389ms): Try this: by blast (3 ms)
0.sledgehammer goal.proof     12997ms Simplex.Simplex 7934:324311  timeout (SH 12997ms): Timed out
0.sledgehammer goal.using     13716ms Simplex.Simplex 7938:324480  timeout (SH 13716ms): Timed out
0.sledgehammer goal.using     13632ms Simplex.Simplex 7939:324501  timeout (SH 13632ms): Timed out
0.sledgehammer goal.by        13055ms Simplex.Simplex 7940:324522  timeout (SH 13054ms): Timed out
0.sledgehammer goal.using     13007ms Simplex.Simplex 7944:324746  timeout (SH 13007ms): Timed out
0.sledgehammer goal.by        13087ms Simplex.Simplex 7945:324765  timeout (SH 13087ms): Timed out
0.sledgehammer goal.using     13100ms Simplex.Simplex 7947:324834  timeout (SH 13099ms): Timed out
0.sledgehammer goal.by        13441ms Simplex.Simplex 7948:324875  timeout (SH 13441ms): Timed out
0.sledgehammer goal.using     12790ms Simplex.Simplex 7951:325004  timeout (SH 12790ms): Timed out
0.sledgehammer goal.unfolding 12999ms Simplex.Simplex 7951:325012  timeout (SH 12999ms): Timed out
0.sledgehammer goal.by        13505ms Simplex.Simplex 7952:325039  timeout (SH 13504ms): Timed out
0.sledgehammer goal.using      4080ms Simplex.Simplex 7954:325170  some (SH 4080ms, ATP 422ms): Try this: using l1 by blast (0.8 ms)
0.sledgehammer goal.by         4002ms Simplex.Simplex 7955:325189  some (SH 4002ms, ATP 390ms): Try this: by blast (1 ms)
0.sledgehammer goal.proof     13170ms Simplex.Simplex 7959:325318  timeout (SH 13170ms): Timed out
0.sledgehammer goal.using     13748ms Simplex.Simplex 7963:325487  timeout (SH 13748ms): Timed out
0.sledgehammer goal.using     13678ms Simplex.Simplex 7964:325508  timeout (SH 13678ms): Timed out
0.sledgehammer goal.by        13867ms Simplex.Simplex 7965:325530  timeout (SH 13867ms): Timed out
0.sledgehammer goal.using     13259ms Simplex.Simplex 7969:325754  timeout (SH 13259ms): Timed out
0.sledgehammer goal.by        12898ms Simplex.Simplex 7970:325773  timeout (SH 12898ms): Timed out
0.sledgehammer goal.by        12845ms Simplex.Simplex 7972:325842  timeout (SH 12845ms): Timed out
0.sledgehammer goal.using     13710ms Simplex.Simplex 7975:325970  timeout (SH 13710ms): Timed out
0.sledgehammer goal.unfolding 12841ms Simplex.Simplex 7975:325978  timeout (SH 12841ms): Timed out
0.sledgehammer goal.by        13528ms Simplex.Simplex 7976:326005  timeout (SH 13528ms): Timed out
0.sledgehammer goal.using      4100ms Simplex.Simplex 7978:326136  some (SH 4100ms, ATP 345ms): Try this: using l1 by blast (3 ms)
0.sledgehammer goal.by         3990ms Simplex.Simplex 7979:326155  some (SH 3990ms, ATP 396ms): Try this: by blast (2 ms)
0.sledgehammer goal.proof     13947ms Simplex.Simplex 7983:326284  timeout (SH 13947ms): Timed out
0.sledgehammer goal.using     13566ms Simplex.Simplex 7987:326453  timeout (SH 13565ms): Timed out
0.sledgehammer goal.using     13780ms Simplex.Simplex 7988:326474  timeout (SH 13780ms): Timed out
0.sledgehammer goal.by        13278ms Simplex.Simplex 7989:326496  timeout (SH 13278ms): Timed out
0.sledgehammer goal.using     12851ms Simplex.Simplex 7993:326720  timeout (SH 12851ms): Timed out
0.sledgehammer goal.by        12955ms Simplex.Simplex 7994:326739  timeout (SH 12955ms): Timed out
0.sledgehammer goal.by        12929ms Simplex.Simplex 7996:326808  timeout (SH 12929ms): Timed out
0.sledgehammer goal.using     12875ms Simplex.Simplex 8000:326999  timeout (SH 12875ms): Timed out
0.sledgehammer goal.unfolding 12904ms Simplex.Simplex 8000:327007  timeout (SH 12904ms): Timed out
0.sledgehammer goal.by        13438ms Simplex.Simplex 8001:327034  timeout (SH 13438ms): Timed out
0.sledgehammer goal.using      3370ms Simplex.Simplex 8004:327256  some (SH 3370ms, ATP 405ms): Try this: using \<open>\<forall>qd1 qd2. (qd1, qd2) \<in> set (map (\<lambda>C. case C of LEQ_ns l r \<Rightarrow> (l \<lbrace> \<langle>v'\<rangle> \<rbrace>, r) | GEQ_ns l r \<Rightarrow> (r, l \<lbrace> \<langle>v'\<rangle> \<rbrace>)) (to_ns' cs)) \<longrightarrow> val qd1 (\<delta>_min (map (\<lambda>C. case C of LEQ_ns l r \<Rightarrow> (l \<lbrace> \<langle>v'\<rangle> \<rbrace>, r) | GEQ_ns l r \<Rightarrow> (r, l \<lbrace> \<langle>v'\<rangle> \<rbrace>)) (map snd (to_ns ics)))) \<le> val qd2 (\<delta>_min (map (\<lambda>C. case C of LEQ_ns l r \<Rightarrow> (l \<lbrace> \<langle>v'\<rangle> \<rbrace>, r) | GEQ_ns l r \<Rightarrow> (r, l \<lbrace> \<langle>v'\<rangle> \<rbrace>)) (map snd (to_ns ics))))\<close> f_list apply blast (3 ms)
0.sledgehammer goal.by         3406ms Simplex.Simplex 8005:327275  some (SH 3406ms, ATP 368ms): Try this: apply blast (3 ms)
0.sledgehammer goal.proof     12827ms Simplex.Simplex 8009:327408  timeout (SH 12827ms): Timed out
0.sledgehammer goal.using     13848ms Simplex.Simplex 8013:327577  timeout (SH 13848ms): Timed out
0.sledgehammer goal.using     13704ms Simplex.Simplex 8014:327598  timeout (SH 13704ms): Timed out
0.sledgehammer goal.by        13924ms Simplex.Simplex 8015:327619  timeout (SH 13923ms): Timed out
0.sledgehammer goal.using     12986ms Simplex.Simplex 8020:327928  timeout (SH 12985ms): Timed out
0.sledgehammer goal.by        13041ms Simplex.Simplex 8021:327947  timeout (SH 13041ms): Timed out
0.sledgehammer goal.by        13717ms Simplex.Simplex 8023:328021  timeout (SH 13717ms): Timed out
0.sledgehammer goal.unfolding 13368ms Simplex.Simplex 8029:328241  timeout (SH 13368ms): Timed out
0.sledgehammer goal.by        13304ms Simplex.Simplex 8029:328261  timeout (SH 13303ms): Timed out
0.sledgehammer goal.proof     12645ms Simplex.Simplex 8031:328326  timeout (SH 12645ms): Timed out
0.sledgehammer goal.unfolding 12418ms Simplex.Simplex 8033:328387  timeout (SH 12418ms): Timed out
0.sledgehammer goal.by        57701ms Simplex.Simplex 8033:328407  some (SH 57701ms, ATP 968ms): Try this: by (smt (verit, best) fst_conv image_Collect_subsetI image_iff) (309 ms)
0.sledgehammer goal.by        10316ms Simplex.Simplex 8037:328510  some (SH 10316ms, ATP 607ms): Try this: by force (4 ms)
0.sledgehammer goal.unfolding 12878ms Simplex.Simplex 8038:328558  timeout (SH 12878ms): Timed out
0.sledgehammer goal.by        13501ms Simplex.Simplex 8038:328578  timeout (SH 13501ms): Timed out
0.sledgehammer goal.by         3095ms Simplex.Simplex 8040:328651  some (SH 3095ms, ATP 524ms): Try this: by blast (2 ms)
0.sledgehammer goal.unfolding 13211ms Simplex.Simplex 8044:328758  timeout (SH 13211ms): Timed out
0.sledgehammer goal.proof     12990ms Simplex.Simplex 8045:328796  timeout (SH 12990ms): Timed out
0.sledgehammer goal.unfolding  7141ms Simplex.Simplex 8050:329106  some (SH 7141ms, ATP 775ms): Try this: using set_to_ns by auto (25 ms)
0.sledgehammer goal.by         9977ms Simplex.Simplex 8050:329126  some (SH 9977ms, ATP 993ms): Try this: by blast (3 ms)
0.sledgehammer goal.unfolding  3760ms Simplex.Simplex 8052:329186  some (SH 3760ms, ATP 548ms): Try this: using distinct_indices_def by blast (2 ms)
0.sledgehammer goal.by         3713ms Simplex.Simplex 8052:329217  some (SH 3713ms, ATP 520ms): Try this: by auto (0.8 ms)
0.sledgehammer goal.by         4584ms Simplex.Simplex 8053:329258  some (SH 4584ms, ATP 446ms): Try this: by (meson dist distinct_indicesD) (26 ms)
0.sledgehammer goal.using     13492ms Simplex.Simplex 8055:329352  timeout (SH 13492ms): Timed out
0.sledgehammer goal.by        12748ms Simplex.Simplex 8055:329360  timeout (SH 12748ms): Timed out
0.sledgehammer goal.using     13415ms Simplex.Simplex 8056:329441  timeout (SH 13415ms): Timed out
0.sledgehammer goal.by        13310ms Simplex.Simplex 8056:329449  timeout (SH 13310ms): Timed out
0.sledgehammer goal.by         3625ms Simplex.Simplex 8062:329671  some (SH 3625ms, ATP 353ms): Try this: by meson (0.3 ms)
0.sledgehammer goal.unfolding 13368ms Simplex.Simplex 8064:329716  timeout (SH 13367ms): Timed out
0.sledgehammer goal.proof     13543ms Simplex.Simplex 8065:329751  timeout (SH 13543ms): Timed out
0.sledgehammer goal.using     13254ms Simplex.Simplex 8069:329935  timeout (SH 13254ms): Timed out
0.sledgehammer goal.proof     12972ms Simplex.Simplex 8070:329947  timeout (SH 12972ms): Timed out
0.sledgehammer goal.by        12714ms Simplex.Simplex 8072:330028  some (SH 12714ms, ATP 343ms): Try this: using surjective_pairing by blast (0.9 ms)
0.sledgehammer goal.by        13095ms Simplex.Simplex 8074:330124  timeout (SH 13095ms): Timed out
0.sledgehammer goal.unfolding 13564ms Simplex.Simplex 8079:330293  timeout (SH 13564ms): Timed out
0.sledgehammer goal.by        13894ms Simplex.Simplex 8079:330313  timeout (SH 13893ms): Timed out
0.sledgehammer goal.by        13762ms Simplex.Simplex 8081:330429  timeout (SH 13762ms): Timed out
0.sledgehammer goal.by         4550ms Simplex.Simplex 8082:330477  some (SH 4550ms, ATP 462ms): Try this: by blast (0.3 ms)
0.sledgehammer goal.by        13401ms Simplex.Simplex 8084:330539  timeout (SH 13401ms): Timed out
0.sledgehammer goal.unfolding 13298ms Simplex.Simplex 8087:330762  timeout (SH 13298ms): Timed out
0.sledgehammer goal.proof     13503ms Simplex.Simplex 8088:330811  timeout (SH 13503ms): Timed out
0.sledgehammer goal.unfolding 14158ms Simplex.Simplex 8093:331044  timeout (SH 14158ms): Timed out
0.sledgehammer goal.by        13767ms Simplex.Simplex 8093:331067  timeout (SH 13767ms): Timed out
0.sledgehammer goal.proof     13713ms Simplex.Simplex 8095:331114  timeout (SH 13713ms): Timed out
0.sledgehammer goal.using      8354ms Simplex.Simplex 8097:331171  some (SH 8354ms, ATP 434ms): Try this: using IH i_satisfies_ns_constraints.simps by blast (3 ms)
0.sledgehammer goal.by         9640ms Simplex.Simplex 8097:331180  some (SH 9640ms, ATP 442ms): Try this: using i_satisfies_ns_constraints.simps by blast (6 ms)
0.sledgehammer goal.by         8981ms Simplex.Simplex 8101:331319  some (SH 8981ms, ATP 277ms): Try this: by blast (3 ms)
0.sledgehammer goal.unfolding 14111ms Simplex.Simplex 8102:331367  timeout (SH 14111ms): Timed out
0.sledgehammer goal.by        14118ms Simplex.Simplex 8102:331387  timeout (SH 14118ms): Timed out
0.sledgehammer goal.unfolding  8542ms Simplex.Simplex 8106:331473  some (SH 8542ms, ATP 495ms): Try this: by presburger (1 ms)
0.sledgehammer goal.by         8068ms Simplex.Simplex 8106:331509  some (SH 8068ms, ATP 350ms): Try this: by presburger (1 ms)
0.sledgehammer goal.using      3894ms Simplex.Simplex 8111:331641  some (SH 3894ms, ATP 331ms): Try this: using mini by fastforce (0.3 ms)
0.sledgehammer goal.by         3678ms Simplex.Simplex 8111:331652  some (SH 3678ms, ATP 349ms): Try this: by blast (0.5 ms)
0.sledgehammer goal.by         8489ms Simplex.Simplex 8112:331734  some (SH 8489ms, ATP 657ms): Try this: by presburger (16 ms)
0.sledgehammer goal.unfolding 13815ms Simplex.Simplex 8114:331821  timeout (SH 13815ms): Timed out
0.sledgehammer goal.by        12366ms Simplex.Simplex 8115:331855  timeout (SH 12366ms): Timed out
0.sledgehammer goal.by         3528ms Simplex.Simplex 8116:331950  some (SH 3528ms, ATP 472ms): Try this: by meson (0.4 ms)
0.sledgehammer goal.by         3861ms Simplex.Simplex 8118:332018  some (SH 3861ms, ATP 516ms): Try this: by blast (0.4 ms)
0.sledgehammer goal.proof     11889ms Simplex.Simplex 8142:332860  some (SH 11888ms, ATP 437ms): Try this: apply (metis SolveExec'Default.simplex_unsat0 minimal_unsat_core_def simplex_index_def) (81 ms)
0.sledgehammer goal.by         2769ms Simplex.Simplex 8145:333027  some (SH 2769ms, ATP 363ms): Try this: by simp (0.6 ms)
0.sledgehammer goal.unfolding  4335ms Simplex.Simplex 8148:333179  some (SH 4335ms, ATP 425ms): Try this: by (metis minimal_unsat_core_def) (38 ms)
0.sledgehammer goal.by         3501ms Simplex.Simplex 8148:333212  some (SH 3501ms, ATP 290ms): Try this: by blast (0.9 ms)
0.sledgehammer goal.proof     13404ms Simplex.Simplex 8164:333820  timeout (SH 13404ms): Timed out
0.sledgehammer goal.by        13357ms Simplex.Simplex 8171:334173  timeout (SH 13357ms): Timed out
0.sledgehammer goal.unfolding 12250ms Simplex.Simplex 8174:334278  timeout (SH 12250ms): Timed out
0.sledgehammer goal.by        13236ms Simplex.Simplex 8174:334317  some (SH 13236ms, ATP 1363ms): Try this: by force (2 ms)
0.sledgehammer goal.using     13690ms Simplex.Simplex 8176:334471  timeout (SH 13690ms): Timed out
0.sledgehammer goal.by        13697ms Simplex.Simplex 8177:334487  timeout (SH 13697ms): Timed out
0.sledgehammer goal.by        12443ms Simplex.Simplex 8181:334731  timeout (SH 12443ms): Timed out
0.sledgehammer goal.by        13336ms Simplex.Simplex 8184:334896  timeout (SH 13336ms): Timed out
0.sledgehammer goal.by        12631ms Simplex.Simplex 8188:335079  timeout (SH 12631ms): Timed out
0.sledgehammer goal.by        12206ms Simplex.Simplex 8195:335274  timeout (SH 12206ms): Timed out
0.sledgehammer goal.by        12820ms Simplex.Simplex 8207:335614  timeout (SH 12820ms): Timed out
0.sledgehammer finalize   Total number of sledgehammer calls: 2874
0.sledgehammer finalize   Number of successful sledgehammer calls: 1507
0.sledgehammer finalize   Number of sledgehammer lemmas: 7269
0.sledgehammer finalize   Max number of sledgehammer lemmas: 19
0.sledgehammer finalize   Success rate: 52.4%
0.sledgehammer finalize   Total number of nontrivial sledgehammer calls: 2874
0.sledgehammer finalize   Number of successful nontrivial sledgehammer calls: 1507
0.sledgehammer finalize   Total time for sledgehammer calls (Isabelle): 37818.971
0.sledgehammer finalize   Total time for successful sledgehammer calls (ATP): 1058.713
0.sledgehammer finalize   Average time for sledgehammer calls (Isabelle): 13.159
0.sledgehammer finalize   Average time for successful sledgehammer calls (ATP): 0.703
